id,type,name,params_len,argument_len,returns,start_line,start_column,end_line,end_column,file_name,file_is_index_or_test,new_id
1,Program,nan,-1,-1,-1,5,0,9,1,packages\bare-path\index.js,1,0
2,IfStatement,nan,-1,-1,-1,5,0,9,1,packages\bare-path\index.js,1,1
3,BlockStatement,nan,-1,-1,-1,5,31,7,1,packages\bare-path\index.js,1,2
6,MemberExpression,nan,-1,-1,-1,5,4,5,17,packages\bare-path\index.js,1,3
8,AssignmentExpression,nan,-1,-1,-1,6,2,6,41,packages\bare-path\index.js,1,4
9,MemberExpression,nan,-1,-1,-1,6,2,6,16,packages\bare-path\index.js,1,5
10,CallExpression,nan,1,-1,-1,6,19,6,41,packages\bare-path\index.js,1,6
12,Identifier,require,-1,-1,-1,6,19,6,26,packages\bare-path\index.js,1,7
13,Program,nan,-1,-1,-1,1,0,71,2,packages\bare-path\test.js,1,8
14,VariableDeclaration,nan,-1,-1,-1,1,0,1,31,packages\bare-path\test.js,1,9
15,VariableDeclaration,nan,-1,-1,-1,2,0,2,25,packages\bare-path\test.js,1,10
21,CallExpression,nan,2,-1,-1,4,0,15,2,packages\bare-path\test.js,1,11
22,CallExpression,nan,2,-1,-1,17,0,29,2,packages\bare-path\test.js,1,12
23,CallExpression,nan,2,-1,-1,31,0,42,2,packages\bare-path\test.js,1,13
24,CallExpression,nan,2,-1,-1,44,0,55,2,packages\bare-path\test.js,1,14
25,CallExpression,nan,2,-1,-1,57,0,71,2,packages\bare-path\test.js,1,15
27,ArrowFunctionExpression,nan,-1,1,0,4,24,15,1,packages\bare-path\test.js,1,16
28,Identifier,test,-1,-1,-1,4,0,4,4,packages\bare-path\test.js,1,17
30,ArrowFunctionExpression,nan,-1,1,0,17,24,29,1,packages\bare-path\test.js,1,18
31,Identifier,test,-1,-1,-1,17,0,17,4,packages\bare-path\test.js,1,19
33,ArrowFunctionExpression,nan,-1,1,0,31,22,42,1,packages\bare-path\test.js,1,20
34,Identifier,test,-1,-1,-1,31,0,31,4,packages\bare-path\test.js,1,21
36,ArrowFunctionExpression,nan,-1,1,0,44,22,55,1,packages\bare-path\test.js,1,22
37,Identifier,test,-1,-1,-1,44,0,44,4,packages\bare-path\test.js,1,23
39,ArrowFunctionExpression,nan,-1,1,0,57,22,71,1,packages\bare-path\test.js,1,24
40,Identifier,test,-1,-1,-1,57,0,57,4,packages\bare-path\test.js,1,25
41,Identifier,t,-1,-1,-1,4,25,4,26,packages\bare-path\test.js,1,26
43,BlockStatement,nan,-1,-1,-1,4,31,15,1,packages\bare-path\test.js,1,27
44,Identifier,t,-1,-1,-1,17,25,17,26,packages\bare-path\test.js,1,28
46,BlockStatement,nan,-1,-1,-1,17,31,29,1,packages\bare-path\test.js,1,29
47,Identifier,t,-1,-1,-1,31,23,31,24,packages\bare-path\test.js,1,30
49,BlockStatement,nan,-1,-1,-1,31,29,42,1,packages\bare-path\test.js,1,31
50,Identifier,t,-1,-1,-1,44,23,44,24,packages\bare-path\test.js,1,32
52,BlockStatement,nan,-1,-1,-1,44,29,55,1,packages\bare-path\test.js,1,33
53,Identifier,t,-1,-1,-1,57,23,57,24,packages\bare-path\test.js,1,34
55,BlockStatement,nan,-1,-1,-1,57,29,71,1,packages\bare-path\test.js,1,35
56,ForOfStatement,nan,-1,-1,-1,5,2,14,3,packages\bare-path\test.js,1,36
57,ForOfStatement,nan,-1,-1,-1,18,2,28,3,packages\bare-path\test.js,1,37
58,ForOfStatement,nan,-1,-1,-1,32,2,41,3,packages\bare-path\test.js,1,38
59,ForOfStatement,nan,-1,-1,-1,45,2,54,3,packages\bare-path\test.js,1,39
60,ForOfStatement,nan,-1,-1,-1,58,2,70,3,packages\bare-path\test.js,1,40
61,VariableDeclaration,nan,-1,-1,-1,5,7,5,38,packages\bare-path\test.js,1,41
62,ArrayExpression,nan,-1,-1,-1,5,42,12,3,packages\bare-path\test.js,1,42
63,BlockStatement,nan,-1,-1,-1,12,5,14,3,packages\bare-path\test.js,1,43
64,VariableDeclaration,nan,-1,-1,-1,18,7,18,38,packages\bare-path\test.js,1,44
65,ArrayExpression,nan,-1,-1,-1,18,42,26,3,packages\bare-path\test.js,1,45
66,BlockStatement,nan,-1,-1,-1,26,5,28,3,packages\bare-path\test.js,1,46
67,VariableDeclaration,nan,-1,-1,-1,32,7,32,35,packages\bare-path\test.js,1,47
68,ArrayExpression,nan,-1,-1,-1,32,39,39,3,packages\bare-path\test.js,1,48
69,BlockStatement,nan,-1,-1,-1,39,5,41,3,packages\bare-path\test.js,1,49
70,VariableDeclaration,nan,-1,-1,-1,45,7,45,35,packages\bare-path\test.js,1,50
71,ArrayExpression,nan,-1,-1,-1,45,39,52,3,packages\bare-path\test.js,1,51
72,BlockStatement,nan,-1,-1,-1,52,5,54,3,packages\bare-path\test.js,1,52
73,VariableDeclaration,nan,-1,-1,-1,58,7,58,35,packages\bare-path\test.js,1,53
74,ArrayExpression,nan,-1,-1,-1,58,39,68,3,packages\bare-path\test.js,1,54
75,BlockStatement,nan,-1,-1,-1,68,5,70,3,packages\bare-path\test.js,1,55
81,CallExpression,nan,3,-1,-1,13,4,13,54,packages\bare-path\test.js,1,56
82,CallExpression,nan,3,-1,-1,27,4,27,54,packages\bare-path\test.js,1,57
83,CallExpression,nan,3,-1,-1,40,4,40,52,packages\bare-path\test.js,1,58
84,CallExpression,nan,3,-1,-1,53,4,53,52,packages\bare-path\test.js,1,59
85,CallExpression,nan,3,-1,-1,69,4,69,52,packages\bare-path\test.js,1,60
86,CallExpression,nan,1,-1,-1,13,9,13,36,packages\bare-path\test.js,1,61
87,Identifier,expected,-1,-1,-1,13,38,13,46,packages\bare-path\test.js,1,62
88,Identifier,input,-1,-1,-1,13,48,13,53,packages\bare-path\test.js,1,63
89,MemberExpression,nan,-1,-1,-1,13,4,13,8,packages\bare-path\test.js,1,64
90,CallExpression,nan,1,-1,-1,27,9,27,36,packages\bare-path\test.js,1,65
91,Identifier,expected,-1,-1,-1,27,38,27,46,packages\bare-path\test.js,1,66
92,Identifier,input,-1,-1,-1,27,48,27,53,packages\bare-path\test.js,1,67
93,MemberExpression,nan,-1,-1,-1,27,4,27,8,packages\bare-path\test.js,1,68
94,CallExpression,nan,1,-1,-1,40,9,40,34,packages\bare-path\test.js,1,69
95,Identifier,expected,-1,-1,-1,40,36,40,44,packages\bare-path\test.js,1,70
96,Identifier,input,-1,-1,-1,40,46,40,51,packages\bare-path\test.js,1,71
97,MemberExpression,nan,-1,-1,-1,40,4,40,8,packages\bare-path\test.js,1,72
98,CallExpression,nan,1,-1,-1,53,9,53,34,packages\bare-path\test.js,1,73
99,Identifier,expected,-1,-1,-1,53,36,53,44,packages\bare-path\test.js,1,74
100,Identifier,input,-1,-1,-1,53,46,53,51,packages\bare-path\test.js,1,75
101,MemberExpression,nan,-1,-1,-1,53,4,53,8,packages\bare-path\test.js,1,76
102,CallExpression,nan,1,-1,-1,69,9,69,34,packages\bare-path\test.js,1,77
103,Identifier,expected,-1,-1,-1,69,36,69,44,packages\bare-path\test.js,1,78
104,Identifier,input,-1,-1,-1,69,46,69,51,packages\bare-path\test.js,1,79
105,MemberExpression,nan,-1,-1,-1,69,4,69,8,packages\bare-path\test.js,1,80
106,Identifier,input,-1,-1,-1,13,30,13,35,packages\bare-path\test.js,1,81
107,MemberExpression,nan,-1,-1,-1,13,9,13,29,packages\bare-path\test.js,1,82
108,Identifier,input,-1,-1,-1,27,30,27,35,packages\bare-path\test.js,1,83
109,MemberExpression,nan,-1,-1,-1,27,9,27,29,packages\bare-path\test.js,1,84
110,Identifier,input,-1,-1,-1,40,28,40,33,packages\bare-path\test.js,1,85
111,MemberExpression,nan,-1,-1,-1,40,9,40,27,packages\bare-path\test.js,1,86
112,Identifier,input,-1,-1,-1,53,28,53,33,packages\bare-path\test.js,1,87
113,MemberExpression,nan,-1,-1,-1,53,9,53,27,packages\bare-path\test.js,1,88
114,Identifier,input,-1,-1,-1,69,28,69,33,packages\bare-path\test.js,1,89
115,MemberExpression,nan,-1,-1,-1,69,9,69,27,packages\bare-path\test.js,1,90
116,Program,nan,-1,-1,-1,1,0,11,1,packages\bare-path\lib\constants.js,0,91
118,AssignmentExpression,nan,-1,-1,-1,1,0,11,1,packages\bare-path\lib\constants.js,0,92
119,MemberExpression,nan,-1,-1,-1,1,0,1,14,packages\bare-path\lib\constants.js,0,93
120,ObjectExpression,nan,-1,-1,-1,1,17,11,1,packages\bare-path\lib\constants.js,0,94
121,Program,nan,-1,-1,-1,1,0,246,1,packages\bare-path\lib\posix.js,0,95
122,VariableDeclaration,nan,-1,-1,-1,1,0,1,29,packages\bare-path\lib\posix.js,0,96
123,VariableDeclaration,nan,-1,-1,-1,3,0,3,47,packages\bare-path\lib\posix.js,0,97
124,VariableDeclaration,nan,-1,-1,-1,4,0,4,63,packages\bare-path\lib\posix.js,0,98
125,FunctionDeclaration,nan,-1,1,1,6,0,8,1,packages\bare-path\lib\posix.js,0,99
139,Identifier,isPosixPathSeparator,-1,-1,-1,6,9,6,29,packages\bare-path\lib\posix.js,0,100
140,Identifier,code,-1,-1,-1,6,30,6,34,packages\bare-path\lib\posix.js,0,101
142,BlockStatement,nan,-1,-1,-1,6,36,8,1,packages\bare-path\lib\posix.js,0,102
143,AssignmentExpression,nan,-1,-1,-1,10,0,10,34,packages\bare-path\lib\posix.js,0,103
144,AssignmentExpression,nan,-1,-1,-1,11,0,11,23,packages\bare-path\lib\posix.js,0,104
145,AssignmentExpression,nan,-1,-1,-1,13,0,13,17,packages\bare-path\lib\posix.js,0,105
146,AssignmentExpression,nan,-1,-1,-1,14,0,14,23,packages\bare-path\lib\posix.js,0,106
147,AssignmentExpression,nan,-1,-1,-1,16,0,38,1,packages\bare-path\lib\posix.js,0,107
148,AssignmentExpression,nan,-1,-1,-1,40,0,56,1,packages\bare-path\lib\posix.js,0,108
149,AssignmentExpression,nan,-1,-1,-1,58,0,60,1,packages\bare-path\lib\posix.js,0,109
150,AssignmentExpression,nan,-1,-1,-1,62,0,74,1,packages\bare-path\lib\posix.js,0,110
151,AssignmentExpression,nan,-1,-1,-1,76,0,126,1,packages\bare-path\lib\posix.js,0,111
152,AssignmentExpression,nan,-1,-1,-1,128,0,130,1,packages\bare-path\lib\posix.js,0,112
153,AssignmentExpression,nan,-1,-1,-1,132,0,151,1,packages\bare-path\lib\posix.js,0,113
154,AssignmentExpression,nan,-1,-1,-1,153,0,208,1,packages\bare-path\lib\posix.js,0,114
155,AssignmentExpression,nan,-1,-1,-1,210,0,246,1,packages\bare-path\lib\posix.js,0,115
156,ReturnStatement,nan,1,-1,-1,7,2,7,36,packages\bare-path\lib\posix.js,0,116
157,MemberExpression,nan,-1,-1,-1,10,0,10,13,packages\bare-path\lib\posix.js,0,117
158,CallExpression,nan,1,-1,-1,10,16,10,34,packages\bare-path\lib\posix.js,0,118
159,MemberExpression,nan,-1,-1,-1,11,0,11,13,packages\bare-path\lib\posix.js,0,119
160,Identifier,exports,-1,-1,-1,11,16,11,23,packages\bare-path\lib\posix.js,0,120
161,MemberExpression,nan,-1,-1,-1,13,0,13,11,packages\bare-path\lib\posix.js,0,121
163,MemberExpression,nan,-1,-1,-1,14,0,14,17,packages\bare-path\lib\posix.js,0,122
165,MemberExpression,nan,-1,-1,-1,16,0,16,15,packages\bare-path\lib\posix.js,0,123
166,FunctionExpression,nan,-1,1,1,16,18,38,1,packages\bare-path\lib\posix.js,0,124
167,MemberExpression,nan,-1,-1,-1,40,0,40,17,packages\bare-path\lib\posix.js,0,125
168,FunctionExpression,nan,-1,1,1,40,20,56,1,packages\bare-path\lib\posix.js,0,126
169,MemberExpression,nan,-1,-1,-1,58,0,58,18,packages\bare-path\lib\posix.js,0,127
170,FunctionExpression,nan,-1,1,1,58,21,60,1,packages\bare-path\lib\posix.js,0,128
171,MemberExpression,nan,-1,-1,-1,62,0,62,12,packages\bare-path\lib\posix.js,0,129
172,FunctionExpression,nan,-1,1,1,62,15,74,1,packages\bare-path\lib\posix.js,0,130
173,MemberExpression,nan,-1,-1,-1,76,0,76,16,packages\bare-path\lib\posix.js,0,131
174,FunctionExpression,nan,-1,2,1,76,19,126,1,packages\bare-path\lib\posix.js,0,132
175,MemberExpression,nan,-1,-1,-1,128,0,128,24,packages\bare-path\lib\posix.js,0,133
176,FunctionExpression,nan,-1,1,1,128,27,130,1,packages\bare-path\lib\posix.js,0,134
177,MemberExpression,nan,-1,-1,-1,132,0,132,15,packages\bare-path\lib\posix.js,0,135
178,FunctionExpression,nan,-1,1,1,132,18,151,1,packages\bare-path\lib\posix.js,0,136
179,MemberExpression,nan,-1,-1,-1,153,0,153,16,packages\bare-path\lib\posix.js,0,137
180,FunctionExpression,nan,-1,2,1,153,19,208,1,packages\bare-path\lib\posix.js,0,138
181,MemberExpression,nan,-1,-1,-1,210,0,210,15,packages\bare-path\lib\posix.js,0,139
182,FunctionExpression,nan,-1,1,1,210,18,246,1,packages\bare-path\lib\posix.js,0,140
185,Identifier,require,-1,-1,-1,10,16,10,23,packages\bare-path\lib\posix.js,0,141
186,Identifier,resolve,-1,-1,-1,16,27,16,34,packages\bare-path\lib\posix.js,0,142
187,RestElement,nan,1,-1,-1,16,35,16,42,packages\bare-path\lib\posix.js,0,143
189,BlockStatement,nan,-1,-1,-1,16,44,38,1,packages\bare-path\lib\posix.js,0,144
190,Identifier,normalize,-1,-1,-1,40,29,40,38,packages\bare-path\lib\posix.js,0,145
191,Identifier,path,-1,-1,-1,40,39,40,43,packages\bare-path\lib\posix.js,0,146
193,BlockStatement,nan,-1,-1,-1,40,45,56,1,packages\bare-path\lib\posix.js,0,147
194,Identifier,isAbsolute,-1,-1,-1,58,30,58,40,packages\bare-path\lib\posix.js,0,148
195,Identifier,path,-1,-1,-1,58,41,58,45,packages\bare-path\lib\posix.js,0,149
197,BlockStatement,nan,-1,-1,-1,58,47,60,1,packages\bare-path\lib\posix.js,0,150
198,Identifier,join,-1,-1,-1,62,24,62,28,packages\bare-path\lib\posix.js,0,151
199,RestElement,nan,1,-1,-1,62,29,62,36,packages\bare-path\lib\posix.js,0,152
201,BlockStatement,nan,-1,-1,-1,62,38,74,1,packages\bare-path\lib\posix.js,0,153
202,Identifier,relative,-1,-1,-1,76,28,76,36,packages\bare-path\lib\posix.js,0,154
203,Identifier,from,-1,-1,-1,76,37,76,41,packages\bare-path\lib\posix.js,0,155
204,Identifier,to,-1,-1,-1,76,43,76,45,packages\bare-path\lib\posix.js,0,156
206,BlockStatement,nan,-1,-1,-1,76,47,126,1,packages\bare-path\lib\posix.js,0,157
207,Identifier,toNamespacedPath,-1,-1,-1,128,36,128,52,packages\bare-path\lib\posix.js,0,158
208,Identifier,path,-1,-1,-1,128,53,128,57,packages\bare-path\lib\posix.js,0,159
210,BlockStatement,nan,-1,-1,-1,128,59,130,1,packages\bare-path\lib\posix.js,0,160
211,Identifier,dirname,-1,-1,-1,132,27,132,34,packages\bare-path\lib\posix.js,0,161
212,Identifier,path,-1,-1,-1,132,35,132,39,packages\bare-path\lib\posix.js,0,162
214,BlockStatement,nan,-1,-1,-1,132,41,151,1,packages\bare-path\lib\posix.js,0,163
215,Identifier,basename,-1,-1,-1,153,28,153,36,packages\bare-path\lib\posix.js,0,164
216,Identifier,path,-1,-1,-1,153,37,153,41,packages\bare-path\lib\posix.js,0,165
217,Identifier,suffix,-1,-1,-1,153,43,153,49,packages\bare-path\lib\posix.js,0,166
219,BlockStatement,nan,-1,-1,-1,153,51,208,1,packages\bare-path\lib\posix.js,0,167
220,Identifier,extname,-1,-1,-1,210,27,210,34,packages\bare-path\lib\posix.js,0,168
221,Identifier,path,-1,-1,-1,210,35,210,39,packages\bare-path\lib\posix.js,0,169
223,BlockStatement,nan,-1,-1,-1,210,41,246,1,packages\bare-path\lib\posix.js,0,170
224,Identifier,code,-1,-1,-1,7,9,7,13,packages\bare-path\lib\posix.js,0,171
225,Identifier,CHAR_FORWARD_SLASH,-1,-1,-1,7,18,7,36,packages\bare-path\lib\posix.js,0,172
226,Identifier,args,-1,-1,-1,16,38,16,42,packages\bare-path\lib\posix.js,0,173
227,VariableDeclaration,nan,-1,-1,-1,17,2,17,23,packages\bare-path\lib\posix.js,0,174
228,VariableDeclaration,nan,-1,-1,-1,18,2,18,30,packages\bare-path\lib\posix.js,0,175
229,ForStatement,nan,-1,-1,-1,20,2,29,3,packages\bare-path\lib\posix.js,0,176
231,IfStatement,nan,-1,-1,-1,33,2,35,3,packages\bare-path\lib\posix.js,0,177
232,ReturnStatement,nan,1,-1,-1,37,2,37,53,packages\bare-path\lib\posix.js,0,178
233,IfStatement,nan,-1,-1,-1,41,2,41,35,packages\bare-path\lib\posix.js,0,179
234,VariableDeclaration,nan,-1,-1,-1,43,2,43,62,packages\bare-path\lib\posix.js,0,180
235,VariableDeclaration,nan,-1,-1,-1,44,2,44,83,packages\bare-path\lib\posix.js,0,181
237,IfStatement,nan,-1,-1,-1,48,2,51,3,packages\bare-path\lib\posix.js,0,182
238,IfStatement,nan,-1,-1,-1,53,2,53,36,packages\bare-path\lib\posix.js,0,183
239,ReturnStatement,nan,1,-1,-1,55,2,55,39,packages\bare-path\lib\posix.js,0,184
240,ReturnStatement,nan,1,-1,-1,59,2,59,69,packages\bare-path\lib\posix.js,0,185
241,Identifier,args,-1,-1,-1,62,32,62,36,packages\bare-path\lib\posix.js,0,186
242,IfStatement,nan,-1,-1,-1,63,2,63,35,packages\bare-path\lib\posix.js,0,187
243,VariableDeclaration,nan,-1,-1,-1,64,2,64,12,packages\bare-path\lib\posix.js,0,188
244,ForStatement,nan,-1,-1,-1,65,2,71,3,packages\bare-path\lib\posix.js,0,189
245,IfStatement,nan,-1,-1,-1,72,2,72,38,packages\bare-path\lib\posix.js,0,190
246,ReturnStatement,nan,1,-1,-1,73,2,73,34,packages\bare-path\lib\posix.js,0,191
247,IfStatement,nan,-1,-1,-1,77,2,77,28,packages\bare-path\lib\posix.js,0,192
250,IfStatement,nan,-1,-1,-1,82,2,82,28,packages\bare-path\lib\posix.js,0,193
251,VariableDeclaration,nan,-1,-1,-1,84,2,84,21,packages\bare-path\lib\posix.js,0,194
252,VariableDeclaration,nan,-1,-1,-1,85,2,85,29,packages\bare-path\lib\posix.js,0,195
253,VariableDeclaration,nan,-1,-1,-1,86,2,86,37,packages\bare-path\lib\posix.js,0,196
254,VariableDeclaration,nan,-1,-1,-1,87,2,87,19,packages\bare-path\lib\posix.js,0,197
255,VariableDeclaration,nan,-1,-1,-1,88,2,88,35,packages\bare-path\lib\posix.js,0,198
256,VariableDeclaration,nan,-1,-1,-1,90,2,90,50,packages\bare-path\lib\posix.js,0,199
257,VariableDeclaration,nan,-1,-1,-1,91,2,91,24,packages\bare-path\lib\posix.js,0,200
258,VariableDeclaration,nan,-1,-1,-1,92,2,92,11,packages\bare-path\lib\posix.js,0,201
259,ForStatement,nan,-1,-1,-1,93,2,100,3,packages\bare-path\lib\posix.js,0,202
260,IfStatement,nan,-1,-1,-1,101,2,116,3,packages\bare-path\lib\posix.js,0,203
261,VariableDeclaration,nan,-1,-1,-1,118,2,118,14,packages\bare-path\lib\posix.js,0,204
262,ForStatement,nan,-1,-1,-1,119,2,123,3,packages\bare-path\lib\posix.js,0,205
263,ReturnStatement,nan,1,-1,-1,125,2,125,57,packages\bare-path\lib\posix.js,0,206
264,ReturnStatement,nan,1,-1,-1,129,2,129,13,packages\bare-path\lib\posix.js,0,207
265,IfStatement,nan,-1,-1,-1,133,2,133,35,packages\bare-path\lib\posix.js,0,208
266,VariableDeclaration,nan,-1,-1,-1,134,2,134,59,packages\bare-path\lib\posix.js,0,209
267,VariableDeclaration,nan,-1,-1,-1,135,2,135,14,packages\bare-path\lib\posix.js,0,210
268,VariableDeclaration,nan,-1,-1,-1,136,2,136,25,packages\bare-path\lib\posix.js,0,211
269,ForStatement,nan,-1,-1,-1,137,2,146,3,packages\bare-path\lib\posix.js,0,212
270,IfStatement,nan,-1,-1,-1,148,2,148,44,packages\bare-path\lib\posix.js,0,213
271,IfStatement,nan,-1,-1,-1,149,2,149,39,packages\bare-path\lib\posix.js,0,214
272,ReturnStatement,nan,1,-1,-1,150,2,150,31,packages\bare-path\lib\posix.js,0,215
273,VariableDeclaration,nan,-1,-1,-1,154,2,154,15,packages\bare-path\lib\posix.js,0,216
274,VariableDeclaration,nan,-1,-1,-1,155,2,155,14,packages\bare-path\lib\posix.js,0,217
275,VariableDeclaration,nan,-1,-1,-1,156,2,156,25,packages\bare-path\lib\posix.js,0,218
276,IfStatement,nan,-1,-1,-1,158,2,192,3,packages\bare-path\lib\posix.js,0,219
277,ForStatement,nan,-1,-1,-1,194,2,204,3,packages\bare-path\lib\posix.js,0,220
278,IfStatement,nan,-1,-1,-1,206,2,206,27,packages\bare-path\lib\posix.js,0,221
279,ReturnStatement,nan,1,-1,-1,207,2,207,35,packages\bare-path\lib\posix.js,0,222
280,VariableDeclaration,nan,-1,-1,-1,211,2,211,19,packages\bare-path\lib\posix.js,0,223
281,VariableDeclaration,nan,-1,-1,-1,212,2,212,19,packages\bare-path\lib\posix.js,0,224
282,VariableDeclaration,nan,-1,-1,-1,213,2,213,14,packages\bare-path\lib\posix.js,0,225
283,VariableDeclaration,nan,-1,-1,-1,214,2,214,25,packages\bare-path\lib\posix.js,0,226
284,VariableDeclaration,nan,-1,-1,-1,215,2,215,21,packages\bare-path\lib\posix.js,0,227
285,ForStatement,nan,-1,-1,-1,216,2,235,3,packages\bare-path\lib\posix.js,0,228
286,IfStatement,nan,-1,-1,-1,237,2,244,3,packages\bare-path\lib\posix.js,0,229
287,ReturnStatement,nan,1,-1,-1,245,2,245,38,packages\bare-path\lib\posix.js,0,230
288,LogicalExpression,nan,-1,-1,-1,20,32,20,60,packages\bare-path\lib\posix.js,0,231
289,BlockStatement,nan,-1,-1,-1,20,67,29,3,packages\bare-path\lib\posix.js,0,232
290,AssignmentExpression,nan,-1,-1,-1,31,2,31,92,packages\bare-path\lib\posix.js,0,233
291,BlockStatement,nan,-1,-1,-1,33,24,35,3,packages\bare-path\lib\posix.js,0,234
292,Identifier,resolvedAbsolute,-1,-1,-1,33,6,33,22,packages\bare-path\lib\posix.js,0,235
293,ConditionalExpression,nan,-1,-1,-1,37,9,37,53,packages\bare-path\lib\posix.js,0,236
294,ReturnStatement,nan,1,-1,-1,41,25,41,35,packages\bare-path\lib\posix.js,0,237
296,AssignmentExpression,nan,-1,-1,-1,46,2,46,70,packages\bare-path\lib\posix.js,0,238
297,BlockStatement,nan,-1,-1,-1,48,25,51,3,packages\bare-path\lib\posix.js,0,239
300,Identifier,trailingSeparator,-1,-1,-1,53,6,53,23,packages\bare-path\lib\posix.js,0,240
301,ConditionalExpression,nan,-1,-1,-1,55,9,55,39,packages\bare-path\lib\posix.js,0,241
302,LogicalExpression,nan,-1,-1,-1,59,9,59,69,packages\bare-path\lib\posix.js,0,242
303,ReturnStatement,nan,1,-1,-1,63,25,63,35,packages\bare-path\lib\posix.js,0,243
306,BlockStatement,nan,-1,-1,-1,65,40,71,3,packages\bare-path\lib\posix.js,0,244
307,ReturnStatement,nan,1,-1,-1,72,28,72,38,packages\bare-path\lib\posix.js,0,245
309,CallExpression,nan,1,-1,-1,73,9,73,34,packages\bare-path\lib\posix.js,0,246
310,ReturnStatement,nan,1,-1,-1,77,19,77,28,packages\bare-path\lib\posix.js,0,247
312,AssignmentExpression,nan,-1,-1,-1,79,2,79,30,packages\bare-path\lib\posix.js,0,248
313,AssignmentExpression,nan,-1,-1,-1,80,2,80,26,packages\bare-path\lib\posix.js,0,249
314,ReturnStatement,nan,1,-1,-1,82,19,82,28,packages\bare-path\lib\posix.js,0,250
317,BlockStatement,nan,-1,-1,-1,93,26,100,3,packages\bare-path\lib\posix.js,0,251
318,BlockStatement,nan,-1,-1,-1,101,20,116,3,packages\bare-path\lib\posix.js,0,252
321,BlockStatement,nan,-1,-1,-1,119,61,123,3,packages\bare-path\lib\posix.js,0,253
322,TemplateLiteral,nan,-1,-1,-1,125,9,125,57,packages\bare-path\lib\posix.js,0,254
323,Identifier,path,-1,-1,-1,129,9,129,13,packages\bare-path\lib\posix.js,0,255
324,ReturnStatement,nan,1,-1,-1,133,25,133,35,packages\bare-path\lib\posix.js,0,256
327,BlockStatement,nan,-1,-1,-1,137,45,146,3,packages\bare-path\lib\posix.js,0,257
328,ReturnStatement,nan,1,-1,-1,148,18,148,44,packages\bare-path\lib\posix.js,0,258
330,ReturnStatement,nan,1,-1,-1,149,28,149,39,packages\bare-path\lib\posix.js,0,259
331,LogicalExpression,nan,-1,-1,-1,149,6,149,26,packages\bare-path\lib\posix.js,0,260
332,CallExpression,nan,2,-1,-1,150,9,150,31,packages\bare-path\lib\posix.js,0,261
333,BlockStatement,nan,-1,-1,-1,158,81,192,3,packages\bare-path\lib\posix.js,0,262
334,LogicalExpression,nan,-1,-1,-1,158,6,158,79,packages\bare-path\lib\posix.js,0,263
336,BlockStatement,nan,-1,-1,-1,194,45,204,3,packages\bare-path\lib\posix.js,0,264
337,ReturnStatement,nan,1,-1,-1,206,18,206,27,packages\bare-path\lib\posix.js,0,265
339,CallExpression,nan,2,-1,-1,207,9,207,35,packages\bare-path\lib\posix.js,0,266
341,BlockStatement,nan,-1,-1,-1,216,45,235,3,packages\bare-path\lib\posix.js,0,267
342,BlockStatement,nan,-1,-1,-1,242,4,244,3,packages\bare-path\lib\posix.js,0,268
343,LogicalExpression,nan,-1,-1,-1,238,4,241,77,packages\bare-path\lib\posix.js,0,269
344,CallExpression,nan,2,-1,-1,245,9,245,38,packages\bare-path\lib\posix.js,0,270
346,UnaryExpression,nan,1,-1,-1,20,43,20,60,packages\bare-path\lib\posix.js,0,271
347,VariableDeclaration,nan,-1,-1,-1,21,4,21,44,packages\bare-path\lib\posix.js,0,272
348,IfStatement,nan,-1,-1,-1,23,4,25,5,packages\bare-path\lib\posix.js,0,273
351,Identifier,resolvedPath,-1,-1,-1,31,2,31,14,packages\bare-path\lib\posix.js,0,274
352,CallExpression,nan,4,-1,-1,31,17,31,92,packages\bare-path\lib\posix.js,0,275
353,ReturnStatement,nan,1,-1,-1,34,4,34,29,packages\bare-path\lib\posix.js,0,276
354,Identifier,resolvedPath,-1,-1,-1,37,35,37,47,packages\bare-path\lib\posix.js,0,277
357,MemberExpression,nan,-1,-1,-1,41,6,41,17,packages\bare-path\lib\posix.js,0,278
359,Identifier,path,-1,-1,-1,46,2,46,6,packages\bare-path\lib\posix.js,0,279
360,CallExpression,nan,4,-1,-1,46,9,46,70,packages\bare-path\lib\posix.js,0,280
361,IfStatement,nan,-1,-1,-1,49,4,49,30,packages\bare-path\lib\posix.js,0,281
362,ReturnStatement,nan,1,-1,-1,50,4,50,41,packages\bare-path\lib\posix.js,0,282
363,MemberExpression,nan,-1,-1,-1,48,6,48,17,packages\bare-path\lib\posix.js,0,283
365,AssignmentExpression,nan,-1,-1,-1,53,25,53,36,packages\bare-path\lib\posix.js,0,284
366,TemplateLiteral,nan,-1,-1,-1,55,22,55,32,packages\bare-path\lib\posix.js,0,285
367,Identifier,isAbsolute,-1,-1,-1,55,9,55,19,packages\bare-path\lib\posix.js,0,286
371,MemberExpression,nan,-1,-1,-1,63,6,63,17,packages\bare-path\lib\posix.js,0,287
373,Identifier,i,-1,-1,-1,65,18,65,19,packages\bare-path\lib\posix.js,0,288
374,MemberExpression,nan,-1,-1,-1,65,22,65,33,packages\bare-path\lib\posix.js,0,289
375,VariableDeclaration,nan,-1,-1,-1,66,4,66,23,packages\bare-path\lib\posix.js,0,290
376,IfStatement,nan,-1,-1,-1,67,4,70,5,packages\bare-path\lib\posix.js,0,291
378,Identifier,joined,-1,-1,-1,72,6,72,12,packages\bare-path\lib\posix.js,0,292
379,Identifier,undefined,-1,-1,-1,72,17,72,26,packages\bare-path\lib\posix.js,0,293
380,Identifier,joined,-1,-1,-1,73,27,73,33,packages\bare-path\lib\posix.js,0,294
381,MemberExpression,nan,-1,-1,-1,73,9,73,26,packages\bare-path\lib\posix.js,0,295
383,Identifier,from,-1,-1,-1,77,6,77,10,packages\bare-path\lib\posix.js,0,296
384,Identifier,to,-1,-1,-1,77,15,77,17,packages\bare-path\lib\posix.js,0,297
385,Identifier,from,-1,-1,-1,79,2,79,6,packages\bare-path\lib\posix.js,0,298
386,CallExpression,nan,1,-1,-1,79,9,79,30,packages\bare-path\lib\posix.js,0,299
387,Identifier,to,-1,-1,-1,80,2,80,4,packages\bare-path\lib\posix.js,0,300
388,CallExpression,nan,1,-1,-1,80,7,80,26,packages\bare-path\lib\posix.js,0,301
390,Identifier,from,-1,-1,-1,82,6,82,10,packages\bare-path\lib\posix.js,0,302
391,Identifier,to,-1,-1,-1,82,15,82,17,packages\bare-path\lib\posix.js,0,303
392,Identifier,i,-1,-1,-1,93,9,93,10,packages\bare-path\lib\posix.js,0,304
393,Identifier,length,-1,-1,-1,93,13,93,19,packages\bare-path\lib\posix.js,0,305
394,VariableDeclaration,nan,-1,-1,-1,94,4,94,51,packages\bare-path\lib\posix.js,0,306
395,IfStatement,nan,-1,-1,-1,95,4,99,5,packages\bare-path\lib\posix.js,0,307
396,IfStatement,nan,-1,-1,-1,102,4,115,5,packages\bare-path\lib\posix.js,0,308
397,Identifier,i,-1,-1,-1,101,6,101,7,packages\bare-path\lib\posix.js,0,309
398,Identifier,length,-1,-1,-1,101,12,101,18,packages\bare-path\lib\posix.js,0,310
399,Identifier,i,-1,-1,-1,119,42,119,43,packages\bare-path\lib\posix.js,0,311
400,Identifier,fromEnd,-1,-1,-1,119,47,119,54,packages\bare-path\lib\posix.js,0,312
401,IfStatement,nan,-1,-1,-1,120,4,122,5,packages\bare-path\lib\posix.js,0,313
403,MemberExpression,nan,-1,-1,-1,133,6,133,17,packages\bare-path\lib\posix.js,0,314
405,Identifier,i,-1,-1,-1,137,32,137,33,packages\bare-path\lib\posix.js,0,315
407,IfStatement,nan,-1,-1,-1,138,4,145,5,packages\bare-path\lib\posix.js,0,316
408,ConditionalExpression,nan,-1,-1,-1,148,25,148,44,packages\bare-path\lib\posix.js,0,317
409,Identifier,end,-1,-1,-1,148,6,148,9,packages\bare-path\lib\posix.js,0,318
410,UnaryExpression,nan,1,-1,-1,148,14,148,16,packages\bare-path\lib\posix.js,0,319
412,Identifier,hasRoot,-1,-1,-1,149,6,149,13,packages\bare-path\lib\posix.js,0,320
415,Identifier,end,-1,-1,-1,150,27,150,30,packages\bare-path\lib\posix.js,0,321
416,MemberExpression,nan,-1,-1,-1,150,9,150,23,packages\bare-path\lib\posix.js,0,322
417,IfStatement,nan,-1,-1,-1,159,4,161,5,packages\bare-path\lib\posix.js,0,323
418,VariableDeclaration,nan,-1,-1,-1,162,4,162,34,packages\bare-path\lib\posix.js,0,324
419,VariableDeclaration,nan,-1,-1,-1,163,4,163,29,packages\bare-path\lib\posix.js,0,325
420,ForStatement,nan,-1,-1,-1,164,4,187,5,packages\bare-path\lib\posix.js,0,326
421,IfStatement,nan,-1,-1,-1,189,4,190,42,packages\bare-path\lib\posix.js,0,327
422,ReturnStatement,nan,1,-1,-1,191,4,191,37,packages\bare-path\lib\posix.js,0,328
423,LogicalExpression,nan,-1,-1,-1,158,6,158,47,packages\bare-path\lib\posix.js,0,329
425,Identifier,i,-1,-1,-1,194,32,194,33,packages\bare-path\lib\posix.js,0,330
427,IfStatement,nan,-1,-1,-1,195,4,203,5,packages\bare-path\lib\posix.js,0,331
429,Identifier,end,-1,-1,-1,206,6,206,9,packages\bare-path\lib\posix.js,0,332
430,UnaryExpression,nan,1,-1,-1,206,14,206,16,packages\bare-path\lib\posix.js,0,333
431,Identifier,start,-1,-1,-1,207,24,207,29,packages\bare-path\lib\posix.js,0,334
432,Identifier,end,-1,-1,-1,207,31,207,34,packages\bare-path\lib\posix.js,0,335
433,MemberExpression,nan,-1,-1,-1,207,9,207,23,packages\bare-path\lib\posix.js,0,336
434,Identifier,i,-1,-1,-1,216,32,216,33,packages\bare-path\lib\posix.js,0,337
436,VariableDeclaration,nan,-1,-1,-1,217,4,217,35,packages\bare-path\lib\posix.js,0,338
437,IfStatement,nan,-1,-1,-1,218,4,224,5,packages\bare-path\lib\posix.js,0,339
438,IfStatement,nan,-1,-1,-1,225,4,228,5,packages\bare-path\lib\posix.js,0,340
439,IfStatement,nan,-1,-1,-1,229,4,234,5,packages\bare-path\lib\posix.js,0,341
440,ReturnStatement,nan,1,-1,-1,243,4,243,13,packages\bare-path\lib\posix.js,0,342
441,LogicalExpression,nan,-1,-1,-1,238,4,240,21,packages\bare-path\lib\posix.js,0,343
442,LogicalExpression,nan,-1,-1,-1,241,5,241,76,packages\bare-path\lib\posix.js,0,344
443,Identifier,startDot,-1,-1,-1,245,24,245,32,packages\bare-path\lib\posix.js,0,345
444,Identifier,end,-1,-1,-1,245,34,245,37,packages\bare-path\lib\posix.js,0,346
445,MemberExpression,nan,-1,-1,-1,245,9,245,23,packages\bare-path\lib\posix.js,0,347
446,Identifier,i,-1,-1,-1,20,32,20,33,packages\bare-path\lib\posix.js,0,348
447,UnaryExpression,nan,1,-1,-1,20,37,20,39,packages\bare-path\lib\posix.js,0,349
448,Identifier,resolvedAbsolute,-1,-1,-1,20,44,20,60,packages\bare-path\lib\posix.js,0,350
449,BlockStatement,nan,-1,-1,-1,23,27,25,5,packages\bare-path\lib\posix.js,0,351
451,AssignmentExpression,nan,-1,-1,-1,27,4,27,44,packages\bare-path\lib\posix.js,0,352
452,AssignmentExpression,nan,-1,-1,-1,28,4,28,64,packages\bare-path\lib\posix.js,0,353
453,Identifier,resolvedPath,-1,-1,-1,31,33,31,45,packages\bare-path\lib\posix.js,0,354
454,UnaryExpression,nan,1,-1,-1,31,47,31,64,packages\bare-path\lib\posix.js,0,355
456,Identifier,isPosixPathSeparator,-1,-1,-1,31,71,31,91,packages\bare-path\lib\posix.js,0,356
457,Identifier,normalizeString,-1,-1,-1,31,17,31,32,packages\bare-path\lib\posix.js,0,357
458,TemplateLiteral,nan,-1,-1,-1,34,11,34,29,packages\bare-path\lib\posix.js,0,358
459,MemberExpression,nan,-1,-1,-1,37,9,37,28,packages\bare-path\lib\posix.js,0,359
461,Identifier,path,-1,-1,-1,46,25,46,29,packages\bare-path\lib\posix.js,0,360
462,UnaryExpression,nan,1,-1,-1,46,31,46,42,packages\bare-path\lib\posix.js,0,361
464,Identifier,isPosixPathSeparator,-1,-1,-1,46,49,46,69,packages\bare-path\lib\posix.js,0,362
465,Identifier,normalizeString,-1,-1,-1,46,9,46,24,packages\bare-path\lib\posix.js,0,363
466,ReturnStatement,nan,1,-1,-1,49,20,49,30,packages\bare-path\lib\posix.js,0,364
467,Identifier,isAbsolute,-1,-1,-1,49,8,49,18,packages\bare-path\lib\posix.js,0,365
468,ConditionalExpression,nan,-1,-1,-1,50,11,50,41,packages\bare-path\lib\posix.js,0,366
469,Identifier,path,-1,-1,-1,53,25,53,29,packages\bare-path\lib\posix.js,0,367
471,MemberExpression,nan,-1,-1,-1,59,9,59,20,packages\bare-path\lib\posix.js,0,368
473,CallExpression,nan,1,-1,-1,59,28,59,46,packages\bare-path\lib\posix.js,0,369
474,Identifier,CHAR_FORWARD_SLASH,-1,-1,-1,59,51,59,69,packages\bare-path\lib\posix.js,0,370
475,BlockStatement,nan,-1,-1,-1,67,24,70,5,packages\bare-path\lib\posix.js,0,371
477,Identifier,from,-1,-1,-1,79,25,79,29,packages\bare-path\lib\posix.js,0,372
478,MemberExpression,nan,-1,-1,-1,79,9,79,24,packages\bare-path\lib\posix.js,0,373
479,Identifier,to,-1,-1,-1,80,23,80,25,packages\bare-path\lib\posix.js,0,374
480,MemberExpression,nan,-1,-1,-1,80,7,80,22,packages\bare-path\lib\posix.js,0,375
481,BlockStatement,nan,-1,-1,-1,95,49,97,5,packages\bare-path\lib\posix.js,0,376
483,BlockStatement,nan,-1,-1,-1,102,24,109,5,packages\bare-path\lib\posix.js,0,377
485,BlockStatement,nan,-1,-1,-1,120,68,122,5,packages\bare-path\lib\posix.js,0,378
486,LogicalExpression,nan,-1,-1,-1,120,8,120,66,packages\bare-path\lib\posix.js,0,379
487,BlockStatement,nan,-1,-1,-1,138,51,143,5,packages\bare-path\lib\posix.js,0,380
490,Identifier,hasRoot,-1,-1,-1,148,25,148,32,packages\bare-path\lib\posix.js,0,381
492,Identifier,end,-1,-1,-1,149,17,149,20,packages\bare-path\lib\posix.js,0,382
494,BlockStatement,nan,-1,-1,-1,159,25,161,5,packages\bare-path\lib\posix.js,0,383
497,BlockStatement,nan,-1,-1,-1,164,47,187,5,packages\bare-path\lib\posix.js,0,384
500,CallExpression,nan,2,-1,-1,191,11,191,37,packages\bare-path\lib\posix.js,0,385
503,MemberExpression,nan,-1,-1,-1,158,51,158,64,packages\bare-path\lib\posix.js,0,386
504,MemberExpression,nan,-1,-1,-1,158,68,158,79,packages\bare-path\lib\posix.js,0,387
505,BlockStatement,nan,-1,-1,-1,195,51,200,5,packages\bare-path\lib\posix.js,0,388
508,BlockStatement,nan,-1,-1,-1,218,37,224,5,packages\bare-path\lib\posix.js,0,389
510,BlockStatement,nan,-1,-1,-1,225,20,228,5,packages\bare-path\lib\posix.js,0,390
512,BlockStatement,nan,-1,-1,-1,229,27,232,5,packages\bare-path\lib\posix.js,0,391
515,LogicalExpression,nan,-1,-1,-1,238,4,239,14,packages\bare-path\lib\posix.js,0,392
517,LogicalExpression,nan,-1,-1,-1,241,5,241,46,packages\bare-path\lib\posix.js,0,393
520,ContinueStatement,nan,-1,-1,-1,24,6,24,14,packages\bare-path\lib\posix.js,0,394
521,MemberExpression,nan,-1,-1,-1,23,8,23,19,packages\bare-path\lib\posix.js,0,395
523,Identifier,resolvedPath,-1,-1,-1,27,4,27,16,packages\bare-path\lib\posix.js,0,396
524,TemplateLiteral,nan,-1,-1,-1,27,19,27,44,packages\bare-path\lib\posix.js,0,397
525,Identifier,resolvedAbsolute,-1,-1,-1,28,4,28,20,packages\bare-path\lib\posix.js,0,398
527,Identifier,resolvedAbsolute,-1,-1,-1,31,48,31,64,packages\bare-path\lib\posix.js,0,399
528,Identifier,isAbsolute,-1,-1,-1,46,32,46,42,packages\bare-path\lib\posix.js,0,400
531,Identifier,trailingSeparator,-1,-1,-1,50,11,50,28,packages\bare-path\lib\posix.js,0,401
533,MemberExpression,nan,-1,-1,-1,59,28,59,43,packages\bare-path\lib\posix.js,0,402
534,IfStatement,nan,-1,-1,-1,68,6,69,30,packages\bare-path\lib\posix.js,0,403
535,MemberExpression,nan,-1,-1,-1,67,8,67,18,packages\bare-path\lib\posix.js,0,404
537,BreakStatement,nan,-1,-1,-1,96,6,96,11,packages\bare-path\lib\posix.js,0,405
538,Identifier,fromCode,-1,-1,-1,95,8,95,16,packages\bare-path\lib\posix.js,0,406
539,CallExpression,nan,1,-1,-1,95,21,95,47,packages\bare-path\lib\posix.js,0,407
540,IfStatement,nan,-1,-1,-1,103,6,105,7,packages\bare-path\lib\posix.js,0,408
541,IfStatement,nan,-1,-1,-1,106,6,108,7,packages\bare-path\lib\posix.js,0,409
542,Identifier,toLen,-1,-1,-1,102,8,102,13,packages\bare-path\lib\posix.js,0,410
543,Identifier,length,-1,-1,-1,102,16,102,22,packages\bare-path\lib\posix.js,0,411
547,IfStatement,nan,-1,-1,-1,139,6,142,7,packages\bare-path\lib\posix.js,0,412
548,CallExpression,nan,1,-1,-1,138,8,138,26,packages\bare-path\lib\posix.js,0,413
549,Identifier,CHAR_FORWARD_SLASH,-1,-1,-1,138,31,138,49,packages\bare-path\lib\posix.js,0,414
550,ReturnStatement,nan,1,-1,-1,160,6,160,15,packages\bare-path\lib\posix.js,0,415
551,Identifier,suffix,-1,-1,-1,159,8,159,14,packages\bare-path\lib\posix.js,0,416
552,Identifier,path,-1,-1,-1,159,19,159,23,packages\bare-path\lib\posix.js,0,417
553,Identifier,i,-1,-1,-1,164,34,164,35,packages\bare-path\lib\posix.js,0,418
555,VariableDeclaration,nan,-1,-1,-1,165,6,165,37,packages\bare-path\lib\posix.js,0,419
556,IfStatement,nan,-1,-1,-1,166,6,186,7,packages\bare-path\lib\posix.js,0,420
557,AssignmentExpression,nan,-1,-1,-1,189,23,189,45,packages\bare-path\lib\posix.js,0,421
558,Identifier,start,-1,-1,-1,189,8,189,13,packages\bare-path\lib\posix.js,0,422
559,Identifier,end,-1,-1,-1,189,18,189,21,packages\bare-path\lib\posix.js,0,423
560,Identifier,start,-1,-1,-1,191,26,191,31,packages\bare-path\lib\posix.js,0,424
561,Identifier,end,-1,-1,-1,191,33,191,36,packages\bare-path\lib\posix.js,0,425
562,MemberExpression,nan,-1,-1,-1,191,11,191,25,packages\bare-path\lib\posix.js,0,426
563,Identifier,suffix,-1,-1,-1,158,6,158,12,packages\bare-path\lib\posix.js,0,427
564,Identifier,undefined,-1,-1,-1,158,17,158,26,packages\bare-path\lib\posix.js,0,428
565,MemberExpression,nan,-1,-1,-1,158,30,158,43,packages\bare-path\lib\posix.js,0,429
567,IfStatement,nan,-1,-1,-1,196,6,199,7,packages\bare-path\lib\posix.js,0,430
568,CallExpression,nan,1,-1,-1,195,8,195,26,packages\bare-path\lib\posix.js,0,431
569,Identifier,CHAR_FORWARD_SLASH,-1,-1,-1,195,31,195,49,packages\bare-path\lib\posix.js,0,432
570,IfStatement,nan,-1,-1,-1,219,6,222,7,packages\bare-path\lib\posix.js,0,433
571,ContinueStatement,nan,-1,-1,-1,223,6,223,14,packages\bare-path\lib\posix.js,0,434
572,Identifier,code,-1,-1,-1,218,8,218,12,packages\bare-path\lib\posix.js,0,435
573,Identifier,CHAR_FORWARD_SLASH,-1,-1,-1,218,17,218,35,packages\bare-path\lib\posix.js,0,436
576,Identifier,end,-1,-1,-1,225,8,225,11,packages\bare-path\lib\posix.js,0,437
577,UnaryExpression,nan,1,-1,-1,225,16,225,18,packages\bare-path\lib\posix.js,0,438
578,IfStatement,nan,-1,-1,-1,230,6,231,49,packages\bare-path\lib\posix.js,0,439
579,Identifier,code,-1,-1,-1,229,8,229,12,packages\bare-path\lib\posix.js,0,440
580,Identifier,CHAR_DOT,-1,-1,-1,229,17,229,25,packages\bare-path\lib\posix.js,0,441
583,Identifier,preDotState,-1,-1,-1,240,4,240,15,packages\bare-path\lib\posix.js,0,442
587,Identifier,startDot,-1,-1,-1,241,50,241,58,packages\bare-path\lib\posix.js,0,443
589,CallExpression,nan,1,-1,-1,28,23,28,41,packages\bare-path\lib\posix.js,0,444
590,Identifier,CHAR_FORWARD_SLASH,-1,-1,-1,28,46,28,64,packages\bare-path\lib\posix.js,0,445
594,MemberExpression,nan,-1,-1,-1,95,21,95,34,packages\bare-path\lib\posix.js,0,446
595,BlockStatement,nan,-1,-1,-1,103,61,105,7,packages\bare-path\lib\posix.js,0,447
597,BlockStatement,nan,-1,-1,-1,106,19,108,7,packages\bare-path\lib\posix.js,0,448
599,AssignmentExpression,nan,-1,-1,-1,121,6,121,44,packages\bare-path\lib\posix.js,0,449
600,Identifier,i,-1,-1,-1,120,8,120,9,packages\bare-path\lib\posix.js,0,450
601,Identifier,fromEnd,-1,-1,-1,120,14,120,21,packages\bare-path\lib\posix.js,0,451
602,CallExpression,nan,1,-1,-1,120,25,120,43,packages\bare-path\lib\posix.js,0,452
603,Identifier,CHAR_FORWARD_SLASH,-1,-1,-1,120,48,120,66,packages\bare-path\lib\posix.js,0,453
604,BlockStatement,nan,-1,-1,-1,139,25,142,7,packages\bare-path\lib\posix.js,0,454
605,UnaryExpression,nan,1,-1,-1,139,10,139,23,packages\bare-path\lib\posix.js,0,455
606,Identifier,i,-1,-1,-1,138,24,138,25,packages\bare-path\lib\posix.js,0,456
607,MemberExpression,nan,-1,-1,-1,138,8,138,23,packages\bare-path\lib\posix.js,0,457
609,BlockStatement,nan,-1,-1,-1,166,39,171,7,packages\bare-path\lib\posix.js,0,458
611,Identifier,end,-1,-1,-1,189,23,189,26,packages\bare-path\lib\posix.js,0,459
612,Identifier,firstNonSlashEnd,-1,-1,-1,189,29,189,45,packages\bare-path\lib\posix.js,0,460
613,BlockStatement,nan,-1,-1,-1,196,25,199,7,packages\bare-path\lib\posix.js,0,461
614,UnaryExpression,nan,1,-1,-1,196,10,196,23,packages\bare-path\lib\posix.js,0,462
615,Identifier,i,-1,-1,-1,195,24,195,25,packages\bare-path\lib\posix.js,0,463
616,MemberExpression,nan,-1,-1,-1,195,8,195,23,packages\bare-path\lib\posix.js,0,464
617,BlockStatement,nan,-1,-1,-1,219,25,222,7,packages\bare-path\lib\posix.js,0,465
618,UnaryExpression,nan,1,-1,-1,219,10,219,23,packages\bare-path\lib\posix.js,0,466
619,AssignmentExpression,nan,-1,-1,-1,226,6,226,26,packages\bare-path\lib\posix.js,0,467
620,AssignmentExpression,nan,-1,-1,-1,227,6,227,17,packages\bare-path\lib\posix.js,0,468
624,Identifier,startDot,-1,-1,-1,238,4,238,12,packages\bare-path\lib\posix.js,0,469
625,UnaryExpression,nan,1,-1,-1,238,17,238,19,packages\bare-path\lib\posix.js,0,470
626,Identifier,end,-1,-1,-1,239,4,239,7,packages\bare-path\lib\posix.js,0,471
627,UnaryExpression,nan,1,-1,-1,239,12,239,14,packages\bare-path\lib\posix.js,0,472
628,Identifier,preDotState,-1,-1,-1,241,5,241,16,packages\bare-path\lib\posix.js,0,473
630,Identifier,startDot,-1,-1,-1,241,26,241,34,packages\bare-path\lib\posix.js,0,474
632,Identifier,startPart,-1,-1,-1,241,63,241,72,packages\bare-path\lib\posix.js,0,475
635,MemberExpression,nan,-1,-1,-1,28,23,28,38,packages\bare-path\lib\posix.js,0,476
636,AssignmentExpression,nan,-1,-1,-1,68,32,68,44,packages\bare-path\lib\posix.js,0,477
637,Identifier,joined,-1,-1,-1,68,10,68,16,packages\bare-path\lib\posix.js,0,478
638,Identifier,undefined,-1,-1,-1,68,21,68,30,packages\bare-path\lib\posix.js,0,479
639,Identifier,toStart,-1,-1,-1,95,35,95,42,packages\bare-path\lib\posix.js,0,480
640,Identifier,i,-1,-1,-1,95,45,95,46,packages\bare-path\lib\posix.js,0,481
641,ReturnStatement,nan,1,-1,-1,104,8,104,44,packages\bare-path\lib\posix.js,0,482
642,CallExpression,nan,1,-1,-1,103,10,103,36,packages\bare-path\lib\posix.js,0,483
643,Identifier,CHAR_FORWARD_SLASH,-1,-1,-1,103,41,103,59,packages\bare-path\lib\posix.js,0,484
644,ReturnStatement,nan,1,-1,-1,107,8,107,40,packages\bare-path\lib\posix.js,0,485
645,Identifier,i,-1,-1,-1,106,10,106,11,packages\bare-path\lib\posix.js,0,486
647,Identifier,out,-1,-1,-1,121,6,121,9,packages\bare-path\lib\posix.js,0,487
648,ConditionalExpression,nan,-1,-1,-1,121,13,121,44,packages\bare-path\lib\posix.js,0,488
649,Identifier,i,-1,-1,-1,120,41,120,42,packages\bare-path\lib\posix.js,0,489
650,MemberExpression,nan,-1,-1,-1,120,25,120,40,packages\bare-path\lib\posix.js,0,490
652,BreakStatement,nan,-1,-1,-1,141,8,141,13,packages\bare-path\lib\posix.js,0,491
653,Identifier,matchedSlash,-1,-1,-1,139,11,139,23,packages\bare-path\lib\posix.js,0,492
654,IfStatement,nan,-1,-1,-1,167,8,170,9,packages\bare-path\lib\posix.js,0,493
655,Identifier,code,-1,-1,-1,166,10,166,14,packages\bare-path\lib\posix.js,0,494
656,Identifier,CHAR_FORWARD_SLASH,-1,-1,-1,166,19,166,37,packages\bare-path\lib\posix.js,0,495
658,BreakStatement,nan,-1,-1,-1,198,8,198,13,packages\bare-path\lib\posix.js,0,496
659,Identifier,matchedSlash,-1,-1,-1,196,11,196,23,packages\bare-path\lib\posix.js,0,497
661,BreakStatement,nan,-1,-1,-1,221,8,221,13,packages\bare-path\lib\posix.js,0,498
662,Identifier,matchedSlash,-1,-1,-1,219,11,219,23,packages\bare-path\lib\posix.js,0,499
663,Identifier,matchedSlash,-1,-1,-1,226,6,226,18,packages\bare-path\lib\posix.js,0,500
665,Identifier,end,-1,-1,-1,227,6,227,9,packages\bare-path\lib\posix.js,0,501
667,AssignmentExpression,nan,-1,-1,-1,230,27,230,39,packages\bare-path\lib\posix.js,0,502
668,Identifier,startDot,-1,-1,-1,230,10,230,18,packages\bare-path\lib\posix.js,0,503
669,UnaryExpression,nan,1,-1,-1,230,23,230,25,packages\bare-path\lib\posix.js,0,504
672,Identifier,end,-1,-1,-1,241,39,241,42,packages\bare-path\lib\posix.js,0,505
674,Identifier,joined,-1,-1,-1,68,32,68,38,packages\bare-path\lib\posix.js,0,506
675,Identifier,arg,-1,-1,-1,68,41,68,44,packages\bare-path\lib\posix.js,0,507
676,CallExpression,nan,1,-1,-1,104,15,104,44,packages\bare-path\lib\posix.js,0,508
678,MemberExpression,nan,-1,-1,-1,103,10,103,23,packages\bare-path\lib\posix.js,0,509
679,CallExpression,nan,1,-1,-1,107,15,107,40,packages\bare-path\lib\posix.js,0,510
682,AssignmentExpression,nan,-1,-1,-1,140,8,140,15,packages\bare-path\lib\posix.js,0,511
683,BlockStatement,nan,-1,-1,-1,167,27,170,9,packages\bare-path\lib\posix.js,0,512
684,UnaryExpression,nan,1,-1,-1,167,12,167,25,packages\bare-path\lib\posix.js,0,513
685,AssignmentExpression,nan,-1,-1,-1,197,8,197,21,packages\bare-path\lib\posix.js,0,514
686,AssignmentExpression,nan,-1,-1,-1,220,8,220,25,packages\bare-path\lib\posix.js,0,515
687,Identifier,i,-1,-1,-1,227,12,227,13,packages\bare-path\lib\posix.js,0,516
689,Identifier,startDot,-1,-1,-1,230,27,230,35,packages\bare-path\lib\posix.js,0,517
690,Identifier,i,-1,-1,-1,230,38,230,39,packages\bare-path\lib\posix.js,0,518
693,MemberExpression,nan,-1,-1,-1,104,15,104,27,packages\bare-path\lib\posix.js,0,519
694,Identifier,toStart,-1,-1,-1,103,24,103,31,packages\bare-path\lib\posix.js,0,520
695,Identifier,i,-1,-1,-1,103,34,103,35,packages\bare-path\lib\posix.js,0,521
697,MemberExpression,nan,-1,-1,-1,107,15,107,27,packages\bare-path\lib\posix.js,0,522
698,MemberExpression,nan,-1,-1,-1,121,13,121,23,packages\bare-path\lib\posix.js,0,523
700,Identifier,end,-1,-1,-1,140,8,140,11,packages\bare-path\lib\posix.js,0,524
701,Identifier,i,-1,-1,-1,140,14,140,15,packages\bare-path\lib\posix.js,0,525
703,BreakStatement,nan,-1,-1,-1,169,10,169,15,packages\bare-path\lib\posix.js,0,526
704,Identifier,matchedSlash,-1,-1,-1,167,13,167,25,packages\bare-path\lib\posix.js,0,527
705,Identifier,start,-1,-1,-1,197,8,197,13,packages\bare-path\lib\posix.js,0,528
707,Identifier,startPart,-1,-1,-1,220,8,220,17,packages\bare-path\lib\posix.js,0,529
711,Identifier,toStart,-1,-1,-1,107,28,107,35,packages\bare-path\lib\posix.js,0,530
712,Identifier,i,-1,-1,-1,107,38,107,39,packages\bare-path\lib\posix.js,0,531
713,AssignmentExpression,nan,-1,-1,-1,168,10,168,23,packages\bare-path\lib\posix.js,0,532
714,Identifier,i,-1,-1,-1,197,16,197,17,packages\bare-path\lib\posix.js,0,533
716,Identifier,i,-1,-1,-1,220,20,220,21,packages\bare-path\lib\posix.js,0,534
718,Identifier,toStart,-1,-1,-1,104,28,104,35,packages\bare-path\lib\posix.js,0,535
719,Identifier,i,-1,-1,-1,104,38,104,39,packages\bare-path\lib\posix.js,0,536
720,Identifier,start,-1,-1,-1,168,10,168,15,packages\bare-path\lib\posix.js,0,537
722,Identifier,i,-1,-1,-1,168,18,168,19,packages\bare-path\lib\posix.js,0,538
724,Program,nan,-1,-1,-1,1,0,73,1,packages\bare-path\lib\shared.js,0,539
725,VariableDeclaration,nan,-1,-1,-1,1,0,1,63,packages\bare-path\lib\shared.js,0,540
727,AssignmentExpression,nan,-1,-1,-1,3,0,73,1,packages\bare-path\lib\shared.js,0,541
728,MemberExpression,nan,-1,-1,-1,3,0,3,23,packages\bare-path\lib\shared.js,0,542
729,FunctionExpression,nan,-1,4,1,3,26,73,1,packages\bare-path\lib\shared.js,0,543
730,Identifier,normalizeString,-1,-1,-1,3,35,3,50,packages\bare-path\lib\shared.js,0,544
731,Identifier,path,-1,-1,-1,4,2,4,6,packages\bare-path\lib\shared.js,0,545
732,Identifier,allowAboveRoot,-1,-1,-1,5,2,5,16,packages\bare-path\lib\shared.js,0,546
733,Identifier,separator,-1,-1,-1,6,2,6,11,packages\bare-path\lib\shared.js,0,547
734,Identifier,isPathSeparator,-1,-1,-1,7,2,7,17,packages\bare-path\lib\shared.js,0,548
736,BlockStatement,nan,-1,-1,-1,8,2,73,1,packages\bare-path\lib\shared.js,0,549
737,VariableDeclaration,nan,-1,-1,-1,9,2,9,14,packages\bare-path\lib\shared.js,0,550
738,VariableDeclaration,nan,-1,-1,-1,10,2,10,27,packages\bare-path\lib\shared.js,0,551
739,VariableDeclaration,nan,-1,-1,-1,11,2,11,20,packages\bare-path\lib\shared.js,0,552
740,VariableDeclaration,nan,-1,-1,-1,12,2,12,14,packages\bare-path\lib\shared.js,0,553
741,VariableDeclaration,nan,-1,-1,-1,13,2,13,14,packages\bare-path\lib\shared.js,0,554
742,ForStatement,nan,-1,-1,-1,14,2,71,3,packages\bare-path\lib\shared.js,0,555
743,ReturnStatement,nan,1,-1,-1,72,2,72,12,packages\bare-path\lib\shared.js,0,556
745,BlockStatement,nan,-1,-1,-1,14,41,71,3,packages\bare-path\lib\shared.js,0,557
746,Identifier,res,-1,-1,-1,72,9,72,12,packages\bare-path\lib\shared.js,0,558
747,Identifier,i,-1,-1,-1,14,18,14,19,packages\bare-path\lib\shared.js,0,559
748,MemberExpression,nan,-1,-1,-1,14,23,14,34,packages\bare-path\lib\shared.js,0,560
749,IfStatement,nan,-1,-1,-1,15,4,21,5,packages\bare-path\lib\shared.js,0,561
750,IfStatement,nan,-1,-1,-1,23,4,70,5,packages\bare-path\lib\shared.js,0,562
751,BlockStatement,nan,-1,-1,-1,15,25,17,5,packages\bare-path\lib\shared.js,0,563
753,BlockStatement,nan,-1,-1,-1,23,31,66,5,packages\bare-path\lib\shared.js,0,564
754,CallExpression,nan,1,-1,-1,23,8,23,29,packages\bare-path\lib\shared.js,0,565
756,Identifier,i,-1,-1,-1,15,8,15,9,packages\bare-path\lib\shared.js,0,566
757,MemberExpression,nan,-1,-1,-1,15,12,15,23,packages\bare-path\lib\shared.js,0,567
758,IfStatement,nan,-1,-1,-1,24,6,63,7,packages\bare-path\lib\shared.js,0,568
761,Identifier,code,-1,-1,-1,23,24,23,28,packages\bare-path\lib\shared.js,0,569
762,Identifier,isPathSeparator,-1,-1,-1,23,8,23,23,packages\bare-path\lib\shared.js,0,570
763,AssignmentExpression,nan,-1,-1,-1,16,6,16,31,packages\bare-path\lib\shared.js,0,571
764,EmptyStatement,nan,-1,-1,-1,24,44,24,45,packages\bare-path\lib\shared.js,0,572
765,LogicalExpression,nan,-1,-1,-1,24,10,24,43,packages\bare-path\lib\shared.js,0,573
766,AssignmentExpression,nan,-1,-1,-1,64,6,64,19,packages\bare-path\lib\shared.js,0,574
767,AssignmentExpression,nan,-1,-1,-1,65,6,65,14,packages\bare-path\lib\shared.js,0,575
768,Identifier,code,-1,-1,-1,16,6,16,10,packages\bare-path\lib\shared.js,0,576
769,CallExpression,nan,1,-1,-1,16,13,16,31,packages\bare-path\lib\shared.js,0,577
772,Identifier,lastSlash,-1,-1,-1,64,6,64,15,packages\bare-path\lib\shared.js,0,578
773,Identifier,i,-1,-1,-1,64,18,64,19,packages\bare-path\lib\shared.js,0,579
774,Identifier,dots,-1,-1,-1,65,6,65,10,packages\bare-path\lib\shared.js,0,580
776,Identifier,i,-1,-1,-1,16,29,16,30,packages\bare-path\lib\shared.js,0,581
777,MemberExpression,nan,-1,-1,-1,16,13,16,28,packages\bare-path\lib\shared.js,0,582
778,Identifier,lastSlash,-1,-1,-1,24,10,24,19,packages\bare-path\lib\shared.js,0,583
780,Identifier,dots,-1,-1,-1,24,33,24,37,packages\bare-path\lib\shared.js,0,584
782,Identifier,i,-1,-1,-1,24,24,24,25,packages\bare-path\lib\shared.js,0,585
784,Program,nan,-1,-1,-1,1,0,547,1,packages\bare-path\lib\win32.js,0,586
785,VariableDeclaration,nan,-1,-1,-1,1,0,1,29,packages\bare-path\lib\win32.js,0,587
786,VariableDeclaration,nan,-1,-1,-1,3,0,3,47,packages\bare-path\lib\win32.js,0,588
787,VariableDeclaration,nan,-1,-1,-1,4,0,14,26,packages\bare-path\lib\win32.js,0,589
788,FunctionDeclaration,nan,-1,1,1,16,0,18,1,packages\bare-path\lib\win32.js,0,590
789,FunctionDeclaration,nan,-1,1,1,20,0,25,1,packages\bare-path\lib\win32.js,0,591
803,Identifier,isWindowsPathSeparator,-1,-1,-1,16,9,16,31,packages\bare-path\lib\win32.js,0,592
804,Identifier,code,-1,-1,-1,16,32,16,36,packages\bare-path\lib\win32.js,0,593
806,BlockStatement,nan,-1,-1,-1,16,38,18,1,packages\bare-path\lib\win32.js,0,594
807,Identifier,isWindowsDeviceRoot,-1,-1,-1,20,9,20,28,packages\bare-path\lib\win32.js,0,595
808,Identifier,code,-1,-1,-1,20,29,20,33,packages\bare-path\lib\win32.js,0,596
810,BlockStatement,nan,-1,-1,-1,20,35,25,1,packages\bare-path\lib\win32.js,0,597
811,AssignmentExpression,nan,-1,-1,-1,27,0,27,34,packages\bare-path\lib\win32.js,0,598
812,AssignmentExpression,nan,-1,-1,-1,28,0,28,23,packages\bare-path\lib\win32.js,0,599
813,AssignmentExpression,nan,-1,-1,-1,30,0,30,18,packages\bare-path\lib\win32.js,0,600
814,AssignmentExpression,nan,-1,-1,-1,31,0,31,23,packages\bare-path\lib\win32.js,0,601
815,AssignmentExpression,nan,-1,-1,-1,33,0,135,1,packages\bare-path\lib\win32.js,0,602
816,AssignmentExpression,nan,-1,-1,-1,137,0,204,1,packages\bare-path\lib\win32.js,0,603
817,AssignmentExpression,nan,-1,-1,-1,206,0,219,1,packages\bare-path\lib\win32.js,0,604
818,AssignmentExpression,nan,-1,-1,-1,221,0,263,1,packages\bare-path\lib\win32.js,0,605
819,AssignmentExpression,nan,-1,-1,-1,265,0,347,1,packages\bare-path\lib\win32.js,0,606
820,AssignmentExpression,nan,-1,-1,-1,349,0,372,1,packages\bare-path\lib\win32.js,0,607
821,AssignmentExpression,nan,-1,-1,-1,374,0,437,1,packages\bare-path\lib\win32.js,0,608
822,AssignmentExpression,nan,-1,-1,-1,439,0,499,1,packages\bare-path\lib\win32.js,0,609
823,AssignmentExpression,nan,-1,-1,-1,501,0,547,1,packages\bare-path\lib\win32.js,0,610
824,ReturnStatement,nan,1,-1,-1,17,2,17,68,packages\bare-path\lib\win32.js,0,611
825,ReturnStatement,nan,1,-1,-1,21,2,24,3,packages\bare-path\lib\win32.js,0,612
826,MemberExpression,nan,-1,-1,-1,27,0,27,13,packages\bare-path\lib\win32.js,0,613
827,CallExpression,nan,1,-1,-1,27,16,27,34,packages\bare-path\lib\win32.js,0,614
828,MemberExpression,nan,-1,-1,-1,28,0,28,13,packages\bare-path\lib\win32.js,0,615
829,Identifier,exports,-1,-1,-1,28,16,28,23,packages\bare-path\lib\win32.js,0,616
830,MemberExpression,nan,-1,-1,-1,30,0,30,11,packages\bare-path\lib\win32.js,0,617
832,MemberExpression,nan,-1,-1,-1,31,0,31,17,packages\bare-path\lib\win32.js,0,618
834,MemberExpression,nan,-1,-1,-1,33,0,33,15,packages\bare-path\lib\win32.js,0,619
835,FunctionExpression,nan,-1,1,1,33,18,135,1,packages\bare-path\lib\win32.js,0,620
836,MemberExpression,nan,-1,-1,-1,137,0,137,17,packages\bare-path\lib\win32.js,0,621
837,FunctionExpression,nan,-1,1,1,137,20,204,1,packages\bare-path\lib\win32.js,0,622
838,MemberExpression,nan,-1,-1,-1,206,0,206,18,packages\bare-path\lib\win32.js,0,623
839,FunctionExpression,nan,-1,1,1,206,21,219,1,packages\bare-path\lib\win32.js,0,624
840,MemberExpression,nan,-1,-1,-1,221,0,221,12,packages\bare-path\lib\win32.js,0,625
841,FunctionExpression,nan,-1,1,1,221,15,263,1,packages\bare-path\lib\win32.js,0,626
842,MemberExpression,nan,-1,-1,-1,265,0,265,16,packages\bare-path\lib\win32.js,0,627
843,FunctionExpression,nan,-1,2,1,265,19,347,1,packages\bare-path\lib\win32.js,0,628
844,MemberExpression,nan,-1,-1,-1,349,0,349,24,packages\bare-path\lib\win32.js,0,629
845,FunctionExpression,nan,-1,1,1,349,27,372,1,packages\bare-path\lib\win32.js,0,630
846,MemberExpression,nan,-1,-1,-1,374,0,374,15,packages\bare-path\lib\win32.js,0,631
847,FunctionExpression,nan,-1,1,1,374,18,437,1,packages\bare-path\lib\win32.js,0,632
848,MemberExpression,nan,-1,-1,-1,439,0,439,16,packages\bare-path\lib\win32.js,0,633
849,FunctionExpression,nan,-1,2,1,439,19,499,1,packages\bare-path\lib\win32.js,0,634
850,MemberExpression,nan,-1,-1,-1,501,0,501,15,packages\bare-path\lib\win32.js,0,635
851,FunctionExpression,nan,-1,1,1,501,18,547,1,packages\bare-path\lib\win32.js,0,636
852,LogicalExpression,nan,-1,-1,-1,17,9,17,68,packages\bare-path\lib\win32.js,0,637
853,LogicalExpression,nan,-1,-1,-1,22,4,23,58,packages\bare-path\lib\win32.js,0,638
855,Identifier,require,-1,-1,-1,27,16,27,23,packages\bare-path\lib\win32.js,0,639
856,Identifier,resolve,-1,-1,-1,33,27,33,34,packages\bare-path\lib\win32.js,0,640
857,RestElement,nan,1,-1,-1,33,35,33,42,packages\bare-path\lib\win32.js,0,641
859,BlockStatement,nan,-1,-1,-1,33,44,135,1,packages\bare-path\lib\win32.js,0,642
860,Identifier,normalize,-1,-1,-1,137,29,137,38,packages\bare-path\lib\win32.js,0,643
861,Identifier,path,-1,-1,-1,137,39,137,43,packages\bare-path\lib\win32.js,0,644
863,BlockStatement,nan,-1,-1,-1,137,45,204,1,packages\bare-path\lib\win32.js,0,645
864,Identifier,isAbsolute,-1,-1,-1,206,30,206,40,packages\bare-path\lib\win32.js,0,646
865,Identifier,path,-1,-1,-1,206,41,206,45,packages\bare-path\lib\win32.js,0,647
867,BlockStatement,nan,-1,-1,-1,206,47,219,1,packages\bare-path\lib\win32.js,0,648
868,Identifier,join,-1,-1,-1,221,24,221,28,packages\bare-path\lib\win32.js,0,649
869,RestElement,nan,1,-1,-1,221,29,221,36,packages\bare-path\lib\win32.js,0,650
871,BlockStatement,nan,-1,-1,-1,221,38,263,1,packages\bare-path\lib\win32.js,0,651
872,Identifier,relative,-1,-1,-1,265,28,265,36,packages\bare-path\lib\win32.js,0,652
873,Identifier,from,-1,-1,-1,265,37,265,41,packages\bare-path\lib\win32.js,0,653
874,Identifier,to,-1,-1,-1,265,43,265,45,packages\bare-path\lib\win32.js,0,654
876,BlockStatement,nan,-1,-1,-1,265,47,347,1,packages\bare-path\lib\win32.js,0,655
877,Identifier,toNamespacedPath,-1,-1,-1,349,36,349,52,packages\bare-path\lib\win32.js,0,656
878,Identifier,path,-1,-1,-1,349,53,349,57,packages\bare-path\lib\win32.js,0,657
880,BlockStatement,nan,-1,-1,-1,349,59,372,1,packages\bare-path\lib\win32.js,0,658
881,Identifier,dirname,-1,-1,-1,374,27,374,34,packages\bare-path\lib\win32.js,0,659
882,Identifier,path,-1,-1,-1,374,35,374,39,packages\bare-path\lib\win32.js,0,660
884,BlockStatement,nan,-1,-1,-1,374,41,437,1,packages\bare-path\lib\win32.js,0,661
885,Identifier,basename,-1,-1,-1,439,28,439,36,packages\bare-path\lib\win32.js,0,662
886,Identifier,path,-1,-1,-1,439,37,439,41,packages\bare-path\lib\win32.js,0,663
887,Identifier,suffix,-1,-1,-1,439,43,439,49,packages\bare-path\lib\win32.js,0,664
889,BlockStatement,nan,-1,-1,-1,439,51,499,1,packages\bare-path\lib\win32.js,0,665
890,Identifier,extname,-1,-1,-1,501,27,501,34,packages\bare-path\lib\win32.js,0,666
891,Identifier,path,-1,-1,-1,501,35,501,39,packages\bare-path\lib\win32.js,0,667
893,BlockStatement,nan,-1,-1,-1,501,41,547,1,packages\bare-path\lib\win32.js,0,668
896,LogicalExpression,nan,-1,-1,-1,22,5,22,57,packages\bare-path\lib\win32.js,0,669
897,LogicalExpression,nan,-1,-1,-1,23,5,23,57,packages\bare-path\lib\win32.js,0,670
898,Identifier,args,-1,-1,-1,33,38,33,42,packages\bare-path\lib\win32.js,0,671
899,VariableDeclaration,nan,-1,-1,-1,34,2,34,25,packages\bare-path\lib\win32.js,0,672
900,VariableDeclaration,nan,-1,-1,-1,35,2,35,23,packages\bare-path\lib\win32.js,0,673
901,VariableDeclaration,nan,-1,-1,-1,36,2,36,30,packages\bare-path\lib\win32.js,0,674
902,ForStatement,nan,-1,-1,-1,38,2,128,3,packages\bare-path\lib\win32.js,0,675
904,ReturnStatement,nan,1,-1,-1,132,2,134,47,packages\bare-path\lib\win32.js,0,676
905,VariableDeclaration,nan,-1,-1,-1,138,2,138,25,packages\bare-path\lib\win32.js,0,677
906,IfStatement,nan,-1,-1,-1,139,2,139,27,packages\bare-path\lib\win32.js,0,678
907,VariableDeclaration,nan,-1,-1,-1,140,2,140,17,packages\bare-path\lib\win32.js,0,679
908,VariableDeclaration,nan,-1,-1,-1,141,2,141,12,packages\bare-path\lib\win32.js,0,680
909,VariableDeclaration,nan,-1,-1,-1,142,2,142,24,packages\bare-path\lib\win32.js,0,681
910,VariableDeclaration,nan,-1,-1,-1,143,2,143,33,packages\bare-path\lib\win32.js,0,682
911,IfStatement,nan,-1,-1,-1,145,2,147,3,packages\bare-path\lib\win32.js,0,683
912,IfStatement,nan,-1,-1,-1,149,2,188,3,packages\bare-path\lib\win32.js,0,684
913,VariableDeclaration,nan,-1,-1,-1,190,2,193,10,packages\bare-path\lib\win32.js,0,685
914,IfStatement,nan,-1,-1,-1,194,2,196,3,packages\bare-path\lib\win32.js,0,686
915,IfStatement,nan,-1,-1,-1,197,2,199,3,packages\bare-path\lib\win32.js,0,687
916,IfStatement,nan,-1,-1,-1,200,2,202,3,packages\bare-path\lib\win32.js,0,688
917,ReturnStatement,nan,1,-1,-1,203,2,203,63,packages\bare-path\lib\win32.js,0,689
918,VariableDeclaration,nan,-1,-1,-1,207,2,207,25,packages\bare-path\lib\win32.js,0,690
919,IfStatement,nan,-1,-1,-1,208,2,208,29,packages\bare-path\lib\win32.js,0,691
920,VariableDeclaration,nan,-1,-1,-1,210,2,210,33,packages\bare-path\lib\win32.js,0,692
921,ReturnStatement,nan,1,-1,-1,212,2,218,3,packages\bare-path\lib\win32.js,0,693
922,Identifier,args,-1,-1,-1,221,32,221,36,packages\bare-path\lib\win32.js,0,694
923,IfStatement,nan,-1,-1,-1,222,2,222,35,packages\bare-path\lib\win32.js,0,695
924,VariableDeclaration,nan,-1,-1,-1,224,2,224,12,packages\bare-path\lib\win32.js,0,696
925,VariableDeclaration,nan,-1,-1,-1,225,2,225,15,packages\bare-path\lib\win32.js,0,697
926,ForStatement,nan,-1,-1,-1,226,2,232,3,packages\bare-path\lib\win32.js,0,698
927,IfStatement,nan,-1,-1,-1,234,2,234,38,packages\bare-path\lib\win32.js,0,699
928,VariableDeclaration,nan,-1,-1,-1,236,2,236,25,packages\bare-path\lib\win32.js,0,700
929,VariableDeclaration,nan,-1,-1,-1,237,2,237,20,packages\bare-path\lib\win32.js,0,701
930,IfStatement,nan,-1,-1,-1,238,2,251,3,packages\bare-path\lib\win32.js,0,702
931,IfStatement,nan,-1,-1,-1,252,2,260,3,packages\bare-path\lib\win32.js,0,703
932,ReturnStatement,nan,1,-1,-1,262,2,262,34,packages\bare-path\lib\win32.js,0,704
933,IfStatement,nan,-1,-1,-1,266,2,266,28,packages\bare-path\lib\win32.js,0,705
934,VariableDeclaration,nan,-1,-1,-1,268,2,268,40,packages\bare-path\lib\win32.js,0,706
935,VariableDeclaration,nan,-1,-1,-1,269,2,269,36,packages\bare-path\lib\win32.js,0,707
936,IfStatement,nan,-1,-1,-1,271,2,271,36,packages\bare-path\lib\win32.js,0,708
939,IfStatement,nan,-1,-1,-1,276,2,276,28,packages\bare-path\lib\win32.js,0,709
940,VariableDeclaration,nan,-1,-1,-1,278,2,278,19,packages\bare-path\lib\win32.js,0,710
941,WhileStatement,nan,-1,-1,-1,279,2,281,3,packages\bare-path\lib\win32.js,0,711
942,VariableDeclaration,nan,-1,-1,-1,282,2,282,27,packages\bare-path\lib\win32.js,0,712
943,WhileStatement,nan,-1,-1,-1,283,2,285,3,packages\bare-path\lib\win32.js,0,713
944,VariableDeclaration,nan,-1,-1,-1,286,2,286,37,packages\bare-path\lib\win32.js,0,714
945,VariableDeclaration,nan,-1,-1,-1,288,2,288,17,packages\bare-path\lib\win32.js,0,715
946,WhileStatement,nan,-1,-1,-1,289,2,291,3,packages\bare-path\lib\win32.js,0,716
947,VariableDeclaration,nan,-1,-1,-1,292,2,292,23,packages\bare-path\lib\win32.js,0,717
948,WhileStatement,nan,-1,-1,-1,293,2,295,3,packages\bare-path\lib\win32.js,0,718
949,VariableDeclaration,nan,-1,-1,-1,296,2,296,31,packages\bare-path\lib\win32.js,0,719
950,VariableDeclaration,nan,-1,-1,-1,298,2,298,50,packages\bare-path\lib\win32.js,0,720
951,VariableDeclaration,nan,-1,-1,-1,299,2,299,24,packages\bare-path\lib\win32.js,0,721
952,VariableDeclaration,nan,-1,-1,-1,300,2,300,11,packages\bare-path\lib\win32.js,0,722
953,ForStatement,nan,-1,-1,-1,301,2,308,3,packages\bare-path\lib\win32.js,0,723
954,IfStatement,nan,-1,-1,-1,310,2,329,3,packages\bare-path\lib\win32.js,0,724
955,VariableDeclaration,nan,-1,-1,-1,331,2,331,14,packages\bare-path\lib\win32.js,0,725
956,ForStatement,nan,-1,-1,-1,332,2,336,3,packages\bare-path\lib\win32.js,0,726
958,IfStatement,nan,-1,-1,-1,340,2,342,3,packages\bare-path\lib\win32.js,0,727
959,IfStatement,nan,-1,-1,-1,343,2,345,3,packages\bare-path\lib\win32.js,0,728
960,ReturnStatement,nan,1,-1,-1,346,2,346,41,packages\bare-path\lib\win32.js,0,729
961,IfStatement,nan,-1,-1,-1,350,2,350,36,packages\bare-path\lib\win32.js,0,730
962,VariableDeclaration,nan,-1,-1,-1,352,2,352,44,packages\bare-path\lib\win32.js,0,731
963,IfStatement,nan,-1,-1,-1,354,2,354,43,packages\bare-path\lib\win32.js,0,732
964,IfStatement,nan,-1,-1,-1,356,2,369,3,packages\bare-path\lib\win32.js,0,733
965,ReturnStatement,nan,1,-1,-1,371,2,371,13,packages\bare-path\lib\win32.js,0,734
966,VariableDeclaration,nan,-1,-1,-1,375,2,375,25,packages\bare-path\lib\win32.js,0,735
967,IfStatement,nan,-1,-1,-1,376,2,376,27,packages\bare-path\lib\win32.js,0,736
968,VariableDeclaration,nan,-1,-1,-1,377,2,377,18,packages\bare-path\lib\win32.js,0,737
969,VariableDeclaration,nan,-1,-1,-1,378,2,378,16,packages\bare-path\lib\win32.js,0,738
970,VariableDeclaration,nan,-1,-1,-1,379,2,379,33,packages\bare-path\lib\win32.js,0,739
971,IfStatement,nan,-1,-1,-1,381,2,383,3,packages\bare-path\lib\win32.js,0,740
972,IfStatement,nan,-1,-1,-1,385,2,416,3,packages\bare-path\lib\win32.js,0,741
973,VariableDeclaration,nan,-1,-1,-1,418,2,418,14,packages\bare-path\lib\win32.js,0,742
974,VariableDeclaration,nan,-1,-1,-1,419,2,419,25,packages\bare-path\lib\win32.js,0,743
975,ForStatement,nan,-1,-1,-1,420,2,429,3,packages\bare-path\lib\win32.js,0,744
976,IfStatement,nan,-1,-1,-1,431,2,435,3,packages\bare-path\lib\win32.js,0,745
977,ReturnStatement,nan,1,-1,-1,436,2,436,31,packages\bare-path\lib\win32.js,0,746
978,VariableDeclaration,nan,-1,-1,-1,440,2,440,15,packages\bare-path\lib\win32.js,0,747
979,VariableDeclaration,nan,-1,-1,-1,441,2,441,14,packages\bare-path\lib\win32.js,0,748
980,VariableDeclaration,nan,-1,-1,-1,442,2,442,25,packages\bare-path\lib\win32.js,0,749
981,IfStatement,nan,-1,-1,-1,444,2,450,3,packages\bare-path\lib\win32.js,0,750
982,IfStatement,nan,-1,-1,-1,452,2,484,3,packages\bare-path\lib\win32.js,0,751
983,ForStatement,nan,-1,-1,-1,485,2,495,3,packages\bare-path\lib\win32.js,0,752
984,IfStatement,nan,-1,-1,-1,497,2,497,27,packages\bare-path\lib\win32.js,0,753
985,ReturnStatement,nan,1,-1,-1,498,2,498,35,packages\bare-path\lib\win32.js,0,754
986,VariableDeclaration,nan,-1,-1,-1,502,2,502,15,packages\bare-path\lib\win32.js,0,755
987,VariableDeclaration,nan,-1,-1,-1,503,2,503,19,packages\bare-path\lib\win32.js,0,756
988,VariableDeclaration,nan,-1,-1,-1,504,2,504,19,packages\bare-path\lib\win32.js,0,757
989,VariableDeclaration,nan,-1,-1,-1,505,2,505,14,packages\bare-path\lib\win32.js,0,758
990,VariableDeclaration,nan,-1,-1,-1,506,2,506,25,packages\bare-path\lib\win32.js,0,759
991,VariableDeclaration,nan,-1,-1,-1,507,2,507,21,packages\bare-path\lib\win32.js,0,760
992,IfStatement,nan,-1,-1,-1,509,2,515,3,packages\bare-path\lib\win32.js,0,761
993,ForStatement,nan,-1,-1,-1,517,2,536,3,packages\bare-path\lib\win32.js,0,762
994,IfStatement,nan,-1,-1,-1,538,2,545,3,packages\bare-path\lib\win32.js,0,763
995,ReturnStatement,nan,1,-1,-1,546,2,546,38,packages\bare-path\lib\win32.js,0,764
996,Identifier,code,-1,-1,-1,17,9,17,13,packages\bare-path\lib\win32.js,0,765
997,Identifier,CHAR_FORWARD_SLASH,-1,-1,-1,17,18,17,36,packages\bare-path\lib\win32.js,0,766
998,Identifier,code,-1,-1,-1,17,40,17,44,packages\bare-path\lib\win32.js,0,767
999,Identifier,CHAR_BACKWARD_SLASH,-1,-1,-1,17,49,17,68,packages\bare-path\lib\win32.js,0,768
1005,BlockStatement,nan,-1,-1,-1,38,46,128,3,packages\bare-path\lib\win32.js,0,769
1006,AssignmentExpression,nan,-1,-1,-1,130,2,130,95,packages\bare-path\lib\win32.js,0,770
1007,ConditionalExpression,nan,-1,-1,-1,132,9,134,47,packages\bare-path\lib\win32.js,0,771
1008,ReturnStatement,nan,1,-1,-1,139,17,139,27,packages\bare-path\lib\win32.js,0,772
1010,BlockStatement,nan,-1,-1,-1,145,17,147,3,packages\bare-path\lib\win32.js,0,773
1012,BlockStatement,nan,-1,-1,-1,149,36,181,3,packages\bare-path\lib\win32.js,0,774
1013,CallExpression,nan,1,-1,-1,149,6,149,34,packages\bare-path\lib\win32.js,0,775
1014,BlockStatement,nan,-1,-1,-1,194,40,196,3,packages\bare-path\lib\win32.js,0,776
1015,LogicalExpression,nan,-1,-1,-1,194,6,194,38,packages\bare-path\lib\win32.js,0,777
1016,BlockStatement,nan,-1,-1,-1,197,75,199,3,packages\bare-path\lib\win32.js,0,778
1017,LogicalExpression,nan,-1,-1,-1,197,6,197,73,packages\bare-path\lib\win32.js,0,779
1018,BlockStatement,nan,-1,-1,-1,200,28,202,3,packages\bare-path\lib\win32.js,0,780
1020,ConditionalExpression,nan,-1,-1,-1,203,9,203,63,packages\bare-path\lib\win32.js,0,781
1021,ReturnStatement,nan,1,-1,-1,208,17,208,29,packages\bare-path\lib\win32.js,0,782
1023,LogicalExpression,nan,-1,-1,-1,213,4,217,49,packages\bare-path\lib\win32.js,0,783
1024,ReturnStatement,nan,1,-1,-1,222,25,222,35,packages\bare-path\lib\win32.js,0,784
1027,BlockStatement,nan,-1,-1,-1,226,40,232,3,packages\bare-path\lib\win32.js,0,785
1028,ReturnStatement,nan,1,-1,-1,234,28,234,38,packages\bare-path\lib\win32.js,0,786
1030,BlockStatement,nan,-1,-1,-1,238,55,251,3,packages\bare-path\lib\win32.js,0,787
1031,CallExpression,nan,1,-1,-1,238,6,238,53,packages\bare-path\lib\win32.js,0,788
1032,BlockStatement,nan,-1,-1,-1,252,20,260,3,packages\bare-path\lib\win32.js,0,789
1033,Identifier,needsReplace,-1,-1,-1,252,6,252,18,packages\bare-path\lib\win32.js,0,790
1034,CallExpression,nan,1,-1,-1,262,9,262,34,packages\bare-path\lib\win32.js,0,791
1035,ReturnStatement,nan,1,-1,-1,266,19,266,28,packages\bare-path\lib\win32.js,0,792
1037,ReturnStatement,nan,1,-1,-1,271,27,271,36,packages\bare-path\lib\win32.js,0,793
1039,AssignmentExpression,nan,-1,-1,-1,273,2,273,31,packages\bare-path\lib\win32.js,0,794
1040,AssignmentExpression,nan,-1,-1,-1,274,2,274,27,packages\bare-path\lib\win32.js,0,795
1041,ReturnStatement,nan,1,-1,-1,276,19,276,28,packages\bare-path\lib\win32.js,0,796
1043,LogicalExpression,nan,-1,-1,-1,279,9,279,86,packages\bare-path\lib\win32.js,0,797
1044,BlockStatement,nan,-1,-1,-1,279,88,281,3,packages\bare-path\lib\win32.js,0,798
1045,LogicalExpression,nan,-1,-1,-1,283,9,283,88,packages\bare-path\lib\win32.js,0,799
1046,BlockStatement,nan,-1,-1,-1,283,90,285,3,packages\bare-path\lib\win32.js,0,800
1047,LogicalExpression,nan,-1,-1,-1,289,9,289,78,packages\bare-path\lib\win32.js,0,801
1048,BlockStatement,nan,-1,-1,-1,289,80,291,3,packages\bare-path\lib\win32.js,0,802
1049,LogicalExpression,nan,-1,-1,-1,293,9,293,80,packages\bare-path\lib\win32.js,0,803
1050,BlockStatement,nan,-1,-1,-1,293,82,295,3,packages\bare-path\lib\win32.js,0,804
1052,BlockStatement,nan,-1,-1,-1,301,26,308,3,packages\bare-path\lib\win32.js,0,805
1053,BlockStatement,nan,-1,-1,-1,310,20,312,3,packages\bare-path\lib\win32.js,0,806
1056,BlockStatement,nan,-1,-1,-1,332,61,336,3,packages\bare-path\lib\win32.js,0,807
1057,AssignmentExpression,nan,-1,-1,-1,338,2,338,26,packages\bare-path\lib\win32.js,0,808
1058,BlockStatement,nan,-1,-1,-1,340,22,342,3,packages\bare-path\lib\win32.js,0,809
1060,BlockStatement,nan,-1,-1,-1,343,58,345,3,packages\bare-path\lib\win32.js,0,810
1062,CallExpression,nan,2,-1,-1,346,9,346,41,packages\bare-path\lib\win32.js,0,811
1063,ReturnStatement,nan,1,-1,-1,350,25,350,36,packages\bare-path\lib\win32.js,0,812
1065,ReturnStatement,nan,1,-1,-1,354,32,354,43,packages\bare-path\lib\win32.js,0,813
1067,BlockStatement,nan,-1,-1,-1,356,58,363,3,packages\bare-path\lib\win32.js,0,814
1069,Identifier,path,-1,-1,-1,371,9,371,13,packages\bare-path\lib\win32.js,0,815
1070,ReturnStatement,nan,1,-1,-1,376,17,376,27,packages\bare-path\lib\win32.js,0,816
1072,BlockStatement,nan,-1,-1,-1,381,17,383,3,packages\bare-path\lib\win32.js,0,817
1074,BlockStatement,nan,-1,-1,-1,385,36,413,3,packages\bare-path\lib\win32.js,0,818
1075,CallExpression,nan,1,-1,-1,385,6,385,34,packages\bare-path\lib\win32.js,0,819
1077,BlockStatement,nan,-1,-1,-1,420,42,429,3,packages\bare-path\lib\win32.js,0,820
1078,BlockStatement,nan,-1,-1,-1,431,18,435,3,packages\bare-path\lib\win32.js,0,821
1080,CallExpression,nan,2,-1,-1,436,9,436,31,packages\bare-path\lib\win32.js,0,822
1081,BlockStatement,nan,-1,-1,-1,448,4,450,3,packages\bare-path\lib\win32.js,0,823
1082,LogicalExpression,nan,-1,-1,-1,445,4,447,37,packages\bare-path\lib\win32.js,0,824
1083,BlockStatement,nan,-1,-1,-1,452,81,484,3,packages\bare-path\lib\win32.js,0,825
1084,LogicalExpression,nan,-1,-1,-1,452,6,452,79,packages\bare-path\lib\win32.js,0,826
1086,BlockStatement,nan,-1,-1,-1,485,49,495,3,packages\bare-path\lib\win32.js,0,827
1087,ReturnStatement,nan,1,-1,-1,497,18,497,27,packages\bare-path\lib\win32.js,0,828
1089,CallExpression,nan,2,-1,-1,498,9,498,35,packages\bare-path\lib\win32.js,0,829
1090,BlockStatement,nan,-1,-1,-1,513,4,515,3,packages\bare-path\lib\win32.js,0,830
1091,LogicalExpression,nan,-1,-1,-1,510,4,512,43,packages\bare-path\lib\win32.js,0,831
1093,BlockStatement,nan,-1,-1,-1,517,49,536,3,packages\bare-path\lib\win32.js,0,832
1094,BlockStatement,nan,-1,-1,-1,543,4,545,3,packages\bare-path\lib\win32.js,0,833
1095,LogicalExpression,nan,-1,-1,-1,539,4,542,77,packages\bare-path\lib\win32.js,0,834
1096,CallExpression,nan,2,-1,-1,546,9,546,38,packages\bare-path\lib\win32.js,0,835
1097,Identifier,code,-1,-1,-1,22,5,22,9,packages\bare-path\lib\win32.js,0,836
1098,Identifier,CHAR_UPPERCASE_A,-1,-1,-1,22,13,22,29,packages\bare-path\lib\win32.js,0,837
1099,Identifier,code,-1,-1,-1,22,33,22,37,packages\bare-path\lib\win32.js,0,838
1100,Identifier,CHAR_UPPERCASE_Z,-1,-1,-1,22,41,22,57,packages\bare-path\lib\win32.js,0,839
1101,Identifier,code,-1,-1,-1,23,5,23,9,packages\bare-path\lib\win32.js,0,840
1102,Identifier,CHAR_LOWERCASE_A,-1,-1,-1,23,13,23,29,packages\bare-path\lib\win32.js,0,841
1103,Identifier,code,-1,-1,-1,23,33,23,37,packages\bare-path\lib\win32.js,0,842
1104,Identifier,CHAR_LOWERCASE_Z,-1,-1,-1,23,41,23,57,packages\bare-path\lib\win32.js,0,843
1105,Identifier,i,-1,-1,-1,38,32,38,33,packages\bare-path\lib\win32.js,0,844
1106,UnaryExpression,nan,1,-1,-1,38,37,38,39,packages\bare-path\lib\win32.js,0,845
1107,VariableDeclaration,nan,-1,-1,-1,39,4,39,12,packages\bare-path\lib\win32.js,0,846
1108,IfStatement,nan,-1,-1,-1,40,4,56,5,packages\bare-path\lib\win32.js,0,847
1109,VariableDeclaration,nan,-1,-1,-1,58,4,58,27,packages\bare-path\lib\win32.js,0,848
1110,VariableDeclaration,nan,-1,-1,-1,59,4,59,19,packages\bare-path\lib\win32.js,0,849
1111,VariableDeclaration,nan,-1,-1,-1,60,4,60,19,packages\bare-path\lib\win32.js,0,850
1112,VariableDeclaration,nan,-1,-1,-1,61,4,61,26,packages\bare-path\lib\win32.js,0,851
1113,VariableDeclaration,nan,-1,-1,-1,62,4,62,35,packages\bare-path\lib\win32.js,0,852
1114,IfStatement,nan,-1,-1,-1,64,4,105,5,packages\bare-path\lib\win32.js,0,853
1115,IfStatement,nan,-1,-1,-1,107,4,115,5,packages\bare-path\lib\win32.js,0,854
1116,IfStatement,nan,-1,-1,-1,117,4,127,5,packages\bare-path\lib\win32.js,0,855
1117,Identifier,resolvedTail,-1,-1,-1,130,2,130,14,packages\bare-path\lib\win32.js,0,856
1118,CallExpression,nan,4,-1,-1,130,17,130,95,packages\bare-path\lib\win32.js,0,857
1119,TemplateLiteral,nan,-1,-1,-1,133,6,133,42,packages\bare-path\lib\win32.js,0,858
1120,Identifier,resolvedAbsolute,-1,-1,-1,132,9,132,25,packages\bare-path\lib\win32.js,0,859
1122,Identifier,len,-1,-1,-1,139,6,139,9,packages\bare-path\lib\win32.js,0,860
1124,ReturnStatement,nan,1,-1,-1,146,4,146,52,packages\bare-path\lib\win32.js,0,861
1125,Identifier,len,-1,-1,-1,145,6,145,9,packages\bare-path\lib\win32.js,0,862
1128,IfStatement,nan,-1,-1,-1,152,4,180,5,packages\bare-path\lib\win32.js,0,863
1129,Identifier,code,-1,-1,-1,149,29,149,33,packages\bare-path\lib\win32.js,0,864
1130,Identifier,isWindowsPathSeparator,-1,-1,-1,149,6,149,28,packages\bare-path\lib\win32.js,0,865
1133,UnaryExpression,nan,1,-1,-1,194,27,194,38,packages\bare-path\lib\win32.js,0,866
1136,CallExpression,nan,1,-1,-1,197,25,197,73,packages\bare-path\lib\win32.js,0,867
1137,ReturnStatement,nan,1,-1,-1,201,4,201,42,packages\bare-path\lib\win32.js,0,868
1138,Identifier,device,-1,-1,-1,200,6,200,12,packages\bare-path\lib\win32.js,0,869
1139,Identifier,undefined,-1,-1,-1,200,17,200,26,packages\bare-path\lib\win32.js,0,870
1140,TemplateLiteral,nan,-1,-1,-1,203,22,203,42,packages\bare-path\lib\win32.js,0,871
1141,Identifier,isAbsolute,-1,-1,-1,203,9,203,19,packages\bare-path\lib\win32.js,0,872
1143,Identifier,len,-1,-1,-1,208,6,208,9,packages\bare-path\lib\win32.js,0,873
1145,CallExpression,nan,1,-1,-1,213,4,213,32,packages\bare-path\lib\win32.js,0,874
1146,LogicalExpression,nan,-1,-1,-1,214,5,217,48,packages\bare-path\lib\win32.js,0,875
1148,MemberExpression,nan,-1,-1,-1,222,6,222,17,packages\bare-path\lib\win32.js,0,876
1150,Identifier,i,-1,-1,-1,226,18,226,19,packages\bare-path\lib\win32.js,0,877
1151,MemberExpression,nan,-1,-1,-1,226,22,226,33,packages\bare-path\lib\win32.js,0,878
1152,VariableDeclaration,nan,-1,-1,-1,227,4,227,23,packages\bare-path\lib\win32.js,0,879
1153,IfStatement,nan,-1,-1,-1,228,4,231,5,packages\bare-path\lib\win32.js,0,880
1155,Identifier,joined,-1,-1,-1,234,6,234,12,packages\bare-path\lib\win32.js,0,881
1156,Identifier,undefined,-1,-1,-1,234,17,234,26,packages\bare-path\lib\win32.js,0,882
1158,VariableDeclaration,nan,-1,-1,-1,240,4,240,37,packages\bare-path\lib\win32.js,0,883
1159,IfStatement,nan,-1,-1,-1,241,4,250,5,packages\bare-path\lib\win32.js,0,884
1160,CallExpression,nan,1,-1,-1,238,29,238,52,packages\bare-path\lib\win32.js,0,885
1161,Identifier,isWindowsPathSeparator,-1,-1,-1,238,6,238,28,packages\bare-path\lib\win32.js,0,886
1162,WhileStatement,nan,-1,-1,-1,253,4,255,5,packages\bare-path\lib\win32.js,0,887
1163,IfStatement,nan,-1,-1,-1,257,4,259,5,packages\bare-path\lib\win32.js,0,888
1164,Identifier,joined,-1,-1,-1,262,27,262,33,packages\bare-path\lib\win32.js,0,889
1165,MemberExpression,nan,-1,-1,-1,262,9,262,26,packages\bare-path\lib\win32.js,0,890
1167,Identifier,from,-1,-1,-1,266,6,266,10,packages\bare-path\lib\win32.js,0,891
1168,Identifier,to,-1,-1,-1,266,15,266,17,packages\bare-path\lib\win32.js,0,892
1170,Identifier,fromOrig,-1,-1,-1,271,6,271,14,packages\bare-path\lib\win32.js,0,893
1171,Identifier,toOrig,-1,-1,-1,271,19,271,25,packages\bare-path\lib\win32.js,0,894
1172,Identifier,from,-1,-1,-1,273,2,273,6,packages\bare-path\lib\win32.js,0,895
1173,CallExpression,nan,0,-1,-1,273,9,273,31,packages\bare-path\lib\win32.js,0,896
1174,Identifier,to,-1,-1,-1,274,2,274,4,packages\bare-path\lib\win32.js,0,897
1175,CallExpression,nan,0,-1,-1,274,7,274,27,packages\bare-path\lib\win32.js,0,898
1177,Identifier,from,-1,-1,-1,276,6,276,10,packages\bare-path\lib\win32.js,0,899
1178,Identifier,to,-1,-1,-1,276,15,276,17,packages\bare-path\lib\win32.js,0,900
1191,Identifier,i,-1,-1,-1,301,9,301,10,packages\bare-path\lib\win32.js,0,901
1192,Identifier,length,-1,-1,-1,301,13,301,19,packages\bare-path\lib\win32.js,0,902
1193,VariableDeclaration,nan,-1,-1,-1,302,4,302,51,packages\bare-path\lib\win32.js,0,903
1194,IfStatement,nan,-1,-1,-1,303,4,307,5,packages\bare-path\lib\win32.js,0,904
1195,IfStatement,nan,-1,-1,-1,311,4,311,43,packages\bare-path\lib\win32.js,0,905
1196,Identifier,i,-1,-1,-1,310,6,310,7,packages\bare-path\lib\win32.js,0,906
1197,Identifier,length,-1,-1,-1,310,12,310,18,packages\bare-path\lib\win32.js,0,907
1198,Identifier,i,-1,-1,-1,332,42,332,43,packages\bare-path\lib\win32.js,0,908
1199,Identifier,fromEnd,-1,-1,-1,332,47,332,54,packages\bare-path\lib\win32.js,0,909
1200,IfStatement,nan,-1,-1,-1,333,4,335,5,packages\bare-path\lib\win32.js,0,910
1201,Identifier,toStart,-1,-1,-1,338,2,338,9,packages\bare-path\lib\win32.js,0,911
1202,Identifier,lastCommonSep,-1,-1,-1,338,13,338,26,packages\bare-path\lib\win32.js,0,912
1203,ReturnStatement,nan,1,-1,-1,341,4,341,54,packages\bare-path\lib\win32.js,0,913
1204,MemberExpression,nan,-1,-1,-1,340,6,340,16,packages\bare-path\lib\win32.js,0,914
1207,CallExpression,nan,1,-1,-1,343,6,343,32,packages\bare-path\lib\win32.js,0,915
1208,Identifier,CHAR_BACKWARD_SLASH,-1,-1,-1,343,37,343,56,packages\bare-path\lib\win32.js,0,916
1209,Identifier,toStart,-1,-1,-1,346,26,346,33,packages\bare-path\lib\win32.js,0,917
1210,Identifier,toEnd,-1,-1,-1,346,35,346,40,packages\bare-path\lib\win32.js,0,918
1211,MemberExpression,nan,-1,-1,-1,346,9,346,25,packages\bare-path\lib\win32.js,0,919
1212,Identifier,path,-1,-1,-1,350,32,350,36,packages\bare-path\lib\win32.js,0,920
1213,MemberExpression,nan,-1,-1,-1,350,6,350,17,packages\bare-path\lib\win32.js,0,921
1215,Identifier,path,-1,-1,-1,354,39,354,43,packages\bare-path\lib\win32.js,0,922
1216,MemberExpression,nan,-1,-1,-1,354,6,354,25,packages\bare-path\lib\win32.js,0,923
1218,IfStatement,nan,-1,-1,-1,357,4,362,5,packages\bare-path\lib\win32.js,0,924
1219,CallExpression,nan,1,-1,-1,356,6,356,32,packages\bare-path\lib\win32.js,0,925
1220,Identifier,CHAR_BACKWARD_SLASH,-1,-1,-1,356,37,356,56,packages\bare-path\lib\win32.js,0,926
1222,Identifier,len,-1,-1,-1,376,6,376,9,packages\bare-path\lib\win32.js,0,927
1224,ReturnStatement,nan,1,-1,-1,382,4,382,52,packages\bare-path\lib\win32.js,0,928
1225,Identifier,len,-1,-1,-1,381,6,381,9,packages\bare-path\lib\win32.js,0,929
1228,IfStatement,nan,-1,-1,-1,388,4,412,5,packages\bare-path\lib\win32.js,0,930
1229,Identifier,code,-1,-1,-1,385,29,385,33,packages\bare-path\lib\win32.js,0,931
1230,Identifier,isWindowsPathSeparator,-1,-1,-1,385,6,385,28,packages\bare-path\lib\win32.js,0,932
1231,Identifier,i,-1,-1,-1,420,24,420,25,packages\bare-path\lib\win32.js,0,933
1232,Identifier,offset,-1,-1,-1,420,29,420,35,packages\bare-path\lib\win32.js,0,934
1233,IfStatement,nan,-1,-1,-1,421,4,428,5,packages\bare-path\lib\win32.js,0,935
1234,IfStatement,nan,-1,-1,-1,432,4,432,34,packages\bare-path\lib\win32.js,0,936
1236,Identifier,end,-1,-1,-1,431,6,431,9,packages\bare-path\lib\win32.js,0,937
1237,UnaryExpression,nan,1,-1,-1,431,14,431,16,packages\bare-path\lib\win32.js,0,938
1239,Identifier,end,-1,-1,-1,436,27,436,30,packages\bare-path\lib\win32.js,0,939
1240,MemberExpression,nan,-1,-1,-1,436,9,436,23,packages\bare-path\lib\win32.js,0,940
1242,LogicalExpression,nan,-1,-1,-1,445,4,446,43,packages\bare-path\lib\win32.js,0,941
1244,IfStatement,nan,-1,-1,-1,453,4,453,34,packages\bare-path\lib\win32.js,0,942
1245,VariableDeclaration,nan,-1,-1,-1,454,4,454,34,packages\bare-path\lib\win32.js,0,943
1246,VariableDeclaration,nan,-1,-1,-1,455,4,455,29,packages\bare-path\lib\win32.js,0,944
1247,ForStatement,nan,-1,-1,-1,456,4,479,5,packages\bare-path\lib\win32.js,0,945
1248,IfStatement,nan,-1,-1,-1,481,4,482,42,packages\bare-path\lib\win32.js,0,946
1249,ReturnStatement,nan,1,-1,-1,483,4,483,37,packages\bare-path\lib\win32.js,0,947
1250,LogicalExpression,nan,-1,-1,-1,452,6,452,47,packages\bare-path\lib\win32.js,0,948
1252,Identifier,i,-1,-1,-1,485,32,485,33,packages\bare-path\lib\win32.js,0,949
1253,Identifier,start,-1,-1,-1,485,37,485,42,packages\bare-path\lib\win32.js,0,950
1254,IfStatement,nan,-1,-1,-1,486,4,494,5,packages\bare-path\lib\win32.js,0,951
1256,Identifier,end,-1,-1,-1,497,6,497,9,packages\bare-path\lib\win32.js,0,952
1257,UnaryExpression,nan,1,-1,-1,497,14,497,16,packages\bare-path\lib\win32.js,0,953
1258,Identifier,start,-1,-1,-1,498,24,498,29,packages\bare-path\lib\win32.js,0,954
1259,Identifier,end,-1,-1,-1,498,31,498,34,packages\bare-path\lib\win32.js,0,955
1260,MemberExpression,nan,-1,-1,-1,498,9,498,23,packages\bare-path\lib\win32.js,0,956
1262,LogicalExpression,nan,-1,-1,-1,510,4,511,37,packages\bare-path\lib\win32.js,0,957
1263,CallExpression,nan,1,-1,-1,512,4,512,43,packages\bare-path\lib\win32.js,0,958
1264,Identifier,i,-1,-1,-1,517,32,517,33,packages\bare-path\lib\win32.js,0,959
1265,Identifier,start,-1,-1,-1,517,37,517,42,packages\bare-path\lib\win32.js,0,960
1266,VariableDeclaration,nan,-1,-1,-1,518,4,518,35,packages\bare-path\lib\win32.js,0,961
1267,IfStatement,nan,-1,-1,-1,519,4,525,5,packages\bare-path\lib\win32.js,0,962
1268,IfStatement,nan,-1,-1,-1,526,4,529,5,packages\bare-path\lib\win32.js,0,963
1269,IfStatement,nan,-1,-1,-1,530,4,535,5,packages\bare-path\lib\win32.js,0,964
1270,ReturnStatement,nan,1,-1,-1,544,4,544,13,packages\bare-path\lib\win32.js,0,965
1271,LogicalExpression,nan,-1,-1,-1,539,4,541,21,packages\bare-path\lib\win32.js,0,966
1272,LogicalExpression,nan,-1,-1,-1,542,5,542,76,packages\bare-path\lib\win32.js,0,967
1273,Identifier,startDot,-1,-1,-1,546,24,546,32,packages\bare-path\lib\win32.js,0,968
1274,Identifier,end,-1,-1,-1,546,34,546,37,packages\bare-path\lib\win32.js,0,969
1275,MemberExpression,nan,-1,-1,-1,546,9,546,23,packages\bare-path\lib\win32.js,0,970
1277,BlockStatement,nan,-1,-1,-1,40,16,44,5,packages\bare-path\lib\win32.js,0,971
1279,BlockStatement,nan,-1,-1,-1,64,19,69,5,packages\bare-path\lib\win32.js,0,972
1281,BlockStatement,nan,-1,-1,-1,107,27,115,5,packages\bare-path\lib\win32.js,0,973
1283,BlockStatement,nan,-1,-1,-1,117,26,121,5,packages\bare-path\lib\win32.js,0,974
1284,Identifier,resolvedAbsolute,-1,-1,-1,117,8,117,24,packages\bare-path\lib\win32.js,0,975
1285,Identifier,resolvedTail,-1,-1,-1,130,33,130,45,packages\bare-path\lib\win32.js,0,976
1286,UnaryExpression,nan,1,-1,-1,130,47,130,64,packages\bare-path\lib\win32.js,0,977
1288,Identifier,isWindowsPathSeparator,-1,-1,-1,130,72,130,94,packages\bare-path\lib\win32.js,0,978
1289,Identifier,normalizeString,-1,-1,-1,130,17,130,32,packages\bare-path\lib\win32.js,0,979
1290,ConditionalExpression,nan,-1,-1,-1,146,11,146,52,packages\bare-path\lib\win32.js,0,980
1291,AssignmentExpression,nan,-1,-1,-1,150,4,150,21,packages\bare-path\lib\win32.js,0,981
1292,BlockStatement,nan,-1,-1,-1,152,52,178,5,packages\bare-path\lib\win32.js,0,982
1293,CallExpression,nan,1,-1,-1,152,8,152,50,packages\bare-path\lib\win32.js,0,983
1294,AssignmentExpression,nan,-1,-1,-1,195,4,195,14,packages\bare-path\lib\win32.js,0,984
1295,MemberExpression,nan,-1,-1,-1,194,6,194,17,packages\bare-path\lib\win32.js,0,985
1297,Identifier,isAbsolute,-1,-1,-1,194,28,194,38,packages\bare-path\lib\win32.js,0,986
1298,AssignmentExpression,nan,-1,-1,-1,198,4,198,16,packages\bare-path\lib\win32.js,0,987
1299,MemberExpression,nan,-1,-1,-1,197,6,197,17,packages\bare-path\lib\win32.js,0,988
1301,CallExpression,nan,1,-1,-1,197,48,197,72,packages\bare-path\lib\win32.js,0,989
1302,Identifier,isWindowsPathSeparator,-1,-1,-1,197,25,197,47,packages\bare-path\lib\win32.js,0,990
1303,ConditionalExpression,nan,-1,-1,-1,201,11,201,42,packages\bare-path\lib\win32.js,0,991
1304,Identifier,code,-1,-1,-1,213,27,213,31,packages\bare-path\lib\win32.js,0,992
1305,Identifier,isWindowsPathSeparator,-1,-1,-1,213,4,213,26,packages\bare-path\lib\win32.js,0,993
1306,LogicalExpression,nan,-1,-1,-1,214,5,216,39,packages\bare-path\lib\win32.js,0,994
1307,CallExpression,nan,1,-1,-1,217,6,217,48,packages\bare-path\lib\win32.js,0,995
1308,BlockStatement,nan,-1,-1,-1,228,24,231,5,packages\bare-path\lib\win32.js,0,996
1310,UpdateExpression,nan,1,-1,-1,239,4,239,16,packages\bare-path\lib\win32.js,0,997
1311,BlockStatement,nan,-1,-1,-1,241,73,250,5,packages\bare-path\lib\win32.js,0,998
1312,LogicalExpression,nan,-1,-1,-1,241,8,241,71,packages\bare-path\lib\win32.js,0,999
1314,MemberExpression,nan,-1,-1,-1,238,29,238,49,packages\bare-path\lib\win32.js,0,1000
1315,LogicalExpression,nan,-1,-1,-1,253,11,253,94,packages\bare-path\lib\win32.js,0,1001
1316,BlockStatement,nan,-1,-1,-1,253,96,255,5,packages\bare-path\lib\win32.js,0,1002
1317,BlockStatement,nan,-1,-1,-1,257,25,259,5,packages\bare-path\lib\win32.js,0,1003
1319,MemberExpression,nan,-1,-1,-1,273,9,273,29,packages\bare-path\lib\win32.js,0,1004
1320,MemberExpression,nan,-1,-1,-1,274,7,274,25,packages\bare-path\lib\win32.js,0,1005
1321,Identifier,fromStart,-1,-1,-1,279,9,279,18,packages\bare-path\lib\win32.js,0,1006
1322,MemberExpression,nan,-1,-1,-1,279,21,279,32,packages\bare-path\lib\win32.js,0,1007
1323,CallExpression,nan,1,-1,-1,279,36,279,62,packages\bare-path\lib\win32.js,0,1008
1324,Identifier,CHAR_BACKWARD_SLASH,-1,-1,-1,279,67,279,86,packages\bare-path\lib\win32.js,0,1009
1325,UpdateExpression,nan,1,-1,-1,280,4,280,15,packages\bare-path\lib\win32.js,0,1010
1327,Identifier,fromStart,-1,-1,-1,283,23,283,32,packages\bare-path\lib\win32.js,0,1011
1328,CallExpression,nan,1,-1,-1,283,36,283,64,packages\bare-path\lib\win32.js,0,1012
1329,Identifier,CHAR_BACKWARD_SLASH,-1,-1,-1,283,69,283,88,packages\bare-path\lib\win32.js,0,1013
1330,UpdateExpression,nan,1,-1,-1,284,4,284,13,packages\bare-path\lib\win32.js,0,1014
1331,Identifier,toStart,-1,-1,-1,289,9,289,16,packages\bare-path\lib\win32.js,0,1015
1332,MemberExpression,nan,-1,-1,-1,289,19,289,28,packages\bare-path\lib\win32.js,0,1016
1333,CallExpression,nan,1,-1,-1,289,32,289,54,packages\bare-path\lib\win32.js,0,1017
1334,Identifier,CHAR_BACKWARD_SLASH,-1,-1,-1,289,59,289,78,packages\bare-path\lib\win32.js,0,1018
1335,UpdateExpression,nan,1,-1,-1,290,4,290,13,packages\bare-path\lib\win32.js,0,1019
1337,Identifier,toStart,-1,-1,-1,293,21,293,28,packages\bare-path\lib\win32.js,0,1020
1338,CallExpression,nan,1,-1,-1,293,32,293,56,packages\bare-path\lib\win32.js,0,1021
1339,Identifier,CHAR_BACKWARD_SLASH,-1,-1,-1,293,61,293,80,packages\bare-path\lib\win32.js,0,1022
1340,UpdateExpression,nan,1,-1,-1,294,4,294,11,packages\bare-path\lib\win32.js,0,1023
1341,BlockStatement,nan,-1,-1,-1,303,49,305,5,packages\bare-path\lib\win32.js,0,1024
1343,ReturnStatement,nan,1,-1,-1,311,30,311,43,packages\bare-path\lib\win32.js,0,1025
1345,BlockStatement,nan,-1,-1,-1,333,69,335,5,packages\bare-path\lib\win32.js,0,1026
1346,LogicalExpression,nan,-1,-1,-1,333,8,333,67,packages\bare-path\lib\win32.js,0,1027
1347,TemplateLiteral,nan,-1,-1,-1,341,11,341,54,packages\bare-path\lib\win32.js,0,1028
1348,UpdateExpression,nan,1,-1,-1,344,4,344,13,packages\bare-path\lib\win32.js,0,1029
1349,Identifier,toStart,-1,-1,-1,343,24,343,31,packages\bare-path\lib\win32.js,0,1030
1350,MemberExpression,nan,-1,-1,-1,343,6,343,23,packages\bare-path\lib\win32.js,0,1031
1351,BlockStatement,nan,-1,-1,-1,357,60,362,5,packages\bare-path\lib\win32.js,0,1032
1354,MemberExpression,nan,-1,-1,-1,356,6,356,29,packages\bare-path\lib\win32.js,0,1033
1355,ConditionalExpression,nan,-1,-1,-1,382,11,382,52,packages\bare-path\lib\win32.js,0,1034
1356,AssignmentExpression,nan,-1,-1,-1,386,4,386,24,packages\bare-path\lib\win32.js,0,1035
1357,BlockStatement,nan,-1,-1,-1,388,52,412,5,packages\bare-path\lib\win32.js,0,1036
1358,CallExpression,nan,1,-1,-1,388,8,388,50,packages\bare-path\lib\win32.js,0,1037
1359,BlockStatement,nan,-1,-1,-1,421,52,426,5,packages\bare-path\lib\win32.js,0,1038
1360,CallExpression,nan,1,-1,-1,421,8,421,50,packages\bare-path\lib\win32.js,0,1039
1361,ReturnStatement,nan,1,-1,-1,432,24,432,34,packages\bare-path\lib\win32.js,0,1040
1363,AssignmentExpression,nan,-1,-1,-1,434,4,434,17,packages\bare-path\lib\win32.js,0,1041
1365,AssignmentExpression,nan,-1,-1,-1,449,4,449,13,packages\bare-path\lib\win32.js,0,1042
1367,CallExpression,nan,1,-1,-1,446,4,446,43,packages\bare-path\lib\win32.js,0,1043
1368,CallExpression,nan,1,-1,-1,447,4,447,22,packages\bare-path\lib\win32.js,0,1044
1369,Identifier,CHAR_COLON,-1,-1,-1,447,27,447,37,packages\bare-path\lib\win32.js,0,1045
1370,ReturnStatement,nan,1,-1,-1,453,25,453,34,packages\bare-path\lib\win32.js,0,1046
1373,BlockStatement,nan,-1,-1,-1,456,51,479,5,packages\bare-path\lib\win32.js,0,1047
1376,CallExpression,nan,2,-1,-1,483,11,483,37,packages\bare-path\lib\win32.js,0,1048
1379,MemberExpression,nan,-1,-1,-1,452,51,452,64,packages\bare-path\lib\win32.js,0,1049
1380,MemberExpression,nan,-1,-1,-1,452,68,452,79,packages\bare-path\lib\win32.js,0,1050
1381,BlockStatement,nan,-1,-1,-1,486,52,491,5,packages\bare-path\lib\win32.js,0,1051
1382,CallExpression,nan,1,-1,-1,486,8,486,50,packages\bare-path\lib\win32.js,0,1052
1384,AssignmentExpression,nan,-1,-1,-1,514,4,514,25,packages\bare-path\lib\win32.js,0,1053
1387,CallExpression,nan,1,-1,-1,512,24,512,42,packages\bare-path\lib\win32.js,0,1054
1388,Identifier,isWindowsDeviceRoot,-1,-1,-1,512,4,512,23,packages\bare-path\lib\win32.js,0,1055
1389,BlockStatement,nan,-1,-1,-1,519,38,525,5,packages\bare-path\lib\win32.js,0,1056
1390,CallExpression,nan,1,-1,-1,519,8,519,36,packages\bare-path\lib\win32.js,0,1057
1391,BlockStatement,nan,-1,-1,-1,526,20,529,5,packages\bare-path\lib\win32.js,0,1058
1393,BlockStatement,nan,-1,-1,-1,530,27,533,5,packages\bare-path\lib\win32.js,0,1059
1396,LogicalExpression,nan,-1,-1,-1,539,4,540,14,packages\bare-path\lib\win32.js,0,1060
1398,LogicalExpression,nan,-1,-1,-1,542,5,542,46,packages\bare-path\lib\win32.js,0,1061
1401,IfStatement,nan,-1,-1,-1,43,6,43,37,packages\bare-path\lib\win32.js,0,1062
1402,Identifier,i,-1,-1,-1,40,8,40,9,packages\bare-path\lib\win32.js,0,1063
1404,IfStatement,nan,-1,-1,-1,65,6,68,7,packages\bare-path\lib\win32.js,0,1064
1405,Identifier,len,-1,-1,-1,64,8,64,11,packages\bare-path\lib\win32.js,0,1065
1407,IfStatement,nan,-1,-1,-1,108,6,114,7,packages\bare-path\lib\win32.js,0,1066
1408,MemberExpression,nan,-1,-1,-1,107,8,107,21,packages\bare-path\lib\win32.js,0,1067
1410,IfStatement,nan,-1,-1,-1,118,6,120,7,packages\bare-path\lib\win32.js,0,1068
1411,Identifier,resolvedAbsolute,-1,-1,-1,130,48,130,64,packages\bare-path\lib\win32.js,0,1069
1414,Identifier,isAbsolute,-1,-1,-1,150,4,150,14,packages\bare-path\lib\win32.js,0,1070
1416,VariableDeclaration,nan,-1,-1,-1,153,6,153,15,packages\bare-path\lib\win32.js,0,1071
1417,VariableDeclaration,nan,-1,-1,-1,154,6,154,18,packages\bare-path\lib\win32.js,0,1072
1418,WhileStatement,nan,-1,-1,-1,155,6,157,7,packages\bare-path\lib\win32.js,0,1073
1419,IfStatement,nan,-1,-1,-1,158,6,177,7,packages\bare-path\lib\win32.js,0,1074
1420,CallExpression,nan,1,-1,-1,152,31,152,49,packages\bare-path\lib\win32.js,0,1075
1421,Identifier,isWindowsPathSeparator,-1,-1,-1,152,8,152,30,packages\bare-path\lib\win32.js,0,1076
1422,Identifier,tail,-1,-1,-1,195,4,195,8,packages\bare-path\lib\win32.js,0,1077
1424,Identifier,tail,-1,-1,-1,198,4,198,8,packages\bare-path\lib\win32.js,0,1078
1427,MemberExpression,nan,-1,-1,-1,197,48,197,63,packages\bare-path\lib\win32.js,0,1079
1428,TemplateLiteral,nan,-1,-1,-1,201,24,201,35,packages\bare-path\lib\win32.js,0,1080
1429,Identifier,isAbsolute,-1,-1,-1,201,11,201,21,packages\bare-path\lib\win32.js,0,1081
1430,LogicalExpression,nan,-1,-1,-1,214,5,215,31,packages\bare-path\lib\win32.js,0,1082
1432,CallExpression,nan,1,-1,-1,217,29,217,47,packages\bare-path\lib\win32.js,0,1083
1433,Identifier,isWindowsPathSeparator,-1,-1,-1,217,6,217,28,packages\bare-path\lib\win32.js,0,1084
1434,IfStatement,nan,-1,-1,-1,229,6,230,31,packages\bare-path\lib\win32.js,0,1085
1435,MemberExpression,nan,-1,-1,-1,228,8,228,18,packages\bare-path\lib\win32.js,0,1086
1437,Identifier,slashCount,-1,-1,-1,239,6,239,16,packages\bare-path\lib\win32.js,0,1087
1439,IfStatement,nan,-1,-1,-1,243,6,249,7,packages\bare-path\lib\win32.js,0,1088
1441,CallExpression,nan,1,-1,-1,241,24,241,71,packages\bare-path\lib\win32.js,0,1089
1443,CallExpression,nan,1,-1,-1,253,41,253,94,packages\bare-path\lib\win32.js,0,1090
1446,Identifier,slashCount,-1,-1,-1,257,8,257,18,packages\bare-path\lib\win32.js,0,1091
1448,Identifier,fromStart,-1,-1,-1,279,52,279,61,packages\bare-path\lib\win32.js,0,1092
1449,MemberExpression,nan,-1,-1,-1,279,36,279,51,packages\bare-path\lib\win32.js,0,1093
1450,Identifier,fromStart,-1,-1,-1,280,4,280,13,packages\bare-path\lib\win32.js,0,1094
1451,Identifier,fromEnd,-1,-1,-1,283,9,283,16,packages\bare-path\lib\win32.js,0,1095
1454,MemberExpression,nan,-1,-1,-1,283,36,283,51,packages\bare-path\lib\win32.js,0,1096
1455,Identifier,fromEnd,-1,-1,-1,284,4,284,11,packages\bare-path\lib\win32.js,0,1097
1456,Identifier,toStart,-1,-1,-1,289,46,289,53,packages\bare-path\lib\win32.js,0,1098
1457,MemberExpression,nan,-1,-1,-1,289,32,289,45,packages\bare-path\lib\win32.js,0,1099
1458,Identifier,toStart,-1,-1,-1,290,4,290,11,packages\bare-path\lib\win32.js,0,1100
1459,Identifier,toEnd,-1,-1,-1,293,9,293,14,packages\bare-path\lib\win32.js,0,1101
1462,MemberExpression,nan,-1,-1,-1,293,32,293,45,packages\bare-path\lib\win32.js,0,1102
1463,Identifier,toEnd,-1,-1,-1,294,4,294,9,packages\bare-path\lib\win32.js,0,1103
1464,BreakStatement,nan,-1,-1,-1,304,6,304,11,packages\bare-path\lib\win32.js,0,1104
1465,Identifier,fromCode,-1,-1,-1,303,8,303,16,packages\bare-path\lib\win32.js,0,1105
1466,CallExpression,nan,1,-1,-1,303,21,303,47,packages\bare-path\lib\win32.js,0,1106
1467,Identifier,toOrig,-1,-1,-1,311,37,311,43,packages\bare-path\lib\win32.js,0,1107
1468,Identifier,lastCommonSep,-1,-1,-1,311,8,311,21,packages\bare-path\lib\win32.js,0,1108
1469,UnaryExpression,nan,1,-1,-1,311,26,311,28,packages\bare-path\lib\win32.js,0,1109
1473,Identifier,toStart,-1,-1,-1,344,6,344,13,packages\bare-path\lib\win32.js,0,1110
1474,VariableDeclaration,nan,-1,-1,-1,358,6,358,45,packages\bare-path\lib\win32.js,0,1111
1475,IfStatement,nan,-1,-1,-1,359,6,361,7,packages\bare-path\lib\win32.js,0,1112
1476,CallExpression,nan,1,-1,-1,357,8,357,34,packages\bare-path\lib\win32.js,0,1113
1477,Identifier,CHAR_BACKWARD_SLASH,-1,-1,-1,357,39,357,58,packages\bare-path\lib\win32.js,0,1114
1478,Identifier,path,-1,-1,-1,382,42,382,46,packages\bare-path\lib\win32.js,0,1115
1479,CallExpression,nan,1,-1,-1,382,11,382,39,packages\bare-path\lib\win32.js,0,1116
1480,Identifier,rootEnd,-1,-1,-1,386,4,386,11,packages\bare-path\lib\win32.js,0,1117
1481,AssignmentExpression,nan,-1,-1,-1,386,14,386,24,packages\bare-path\lib\win32.js,0,1118
1482,VariableDeclaration,nan,-1,-1,-1,389,6,389,15,packages\bare-path\lib\win32.js,0,1119
1483,VariableDeclaration,nan,-1,-1,-1,390,6,390,18,packages\bare-path\lib\win32.js,0,1120
1484,WhileStatement,nan,-1,-1,-1,391,6,393,7,packages\bare-path\lib\win32.js,0,1121
1485,IfStatement,nan,-1,-1,-1,394,6,411,7,packages\bare-path\lib\win32.js,0,1122
1486,CallExpression,nan,1,-1,-1,388,31,388,49,packages\bare-path\lib\win32.js,0,1123
1487,Identifier,isWindowsPathSeparator,-1,-1,-1,388,8,388,30,packages\bare-path\lib\win32.js,0,1124
1488,IfStatement,nan,-1,-1,-1,422,6,425,7,packages\bare-path\lib\win32.js,0,1125
1489,CallExpression,nan,1,-1,-1,421,31,421,49,packages\bare-path\lib\win32.js,0,1126
1490,Identifier,isWindowsPathSeparator,-1,-1,-1,421,8,421,30,packages\bare-path\lib\win32.js,0,1127
1492,Identifier,rootEnd,-1,-1,-1,432,8,432,15,packages\bare-path\lib\win32.js,0,1128
1493,UnaryExpression,nan,1,-1,-1,432,20,432,22,packages\bare-path\lib\win32.js,0,1129
1494,Identifier,end,-1,-1,-1,434,4,434,7,packages\bare-path\lib\win32.js,0,1130
1495,Identifier,rootEnd,-1,-1,-1,434,10,434,17,packages\bare-path\lib\win32.js,0,1131
1496,Identifier,start,-1,-1,-1,449,4,449,9,packages\bare-path\lib\win32.js,0,1132
1498,MemberExpression,nan,-1,-1,-1,445,4,445,15,packages\bare-path\lib\win32.js,0,1133
1500,CallExpression,nan,1,-1,-1,446,24,446,42,packages\bare-path\lib\win32.js,0,1134
1501,Identifier,isWindowsDeviceRoot,-1,-1,-1,446,4,446,23,packages\bare-path\lib\win32.js,0,1135
1503,MemberExpression,nan,-1,-1,-1,447,4,447,19,packages\bare-path\lib\win32.js,0,1136
1505,Identifier,suffix,-1,-1,-1,453,8,453,14,packages\bare-path\lib\win32.js,0,1137
1506,Identifier,path,-1,-1,-1,453,19,453,23,packages\bare-path\lib\win32.js,0,1138
1507,Identifier,i,-1,-1,-1,456,34,456,35,packages\bare-path\lib\win32.js,0,1139
1508,Identifier,start,-1,-1,-1,456,39,456,44,packages\bare-path\lib\win32.js,0,1140
1509,VariableDeclaration,nan,-1,-1,-1,457,6,457,37,packages\bare-path\lib\win32.js,0,1141
1510,IfStatement,nan,-1,-1,-1,458,6,478,7,packages\bare-path\lib\win32.js,0,1142
1511,AssignmentExpression,nan,-1,-1,-1,481,23,481,45,packages\bare-path\lib\win32.js,0,1143
1512,Identifier,start,-1,-1,-1,481,8,481,13,packages\bare-path\lib\win32.js,0,1144
1513,Identifier,end,-1,-1,-1,481,18,481,21,packages\bare-path\lib\win32.js,0,1145
1514,Identifier,start,-1,-1,-1,483,26,483,31,packages\bare-path\lib\win32.js,0,1146
1515,Identifier,end,-1,-1,-1,483,33,483,36,packages\bare-path\lib\win32.js,0,1147
1516,MemberExpression,nan,-1,-1,-1,483,11,483,25,packages\bare-path\lib\win32.js,0,1148
1517,Identifier,suffix,-1,-1,-1,452,6,452,12,packages\bare-path\lib\win32.js,0,1149
1518,Identifier,undefined,-1,-1,-1,452,17,452,26,packages\bare-path\lib\win32.js,0,1150
1519,MemberExpression,nan,-1,-1,-1,452,30,452,43,packages\bare-path\lib\win32.js,0,1151
1521,IfStatement,nan,-1,-1,-1,487,6,490,7,packages\bare-path\lib\win32.js,0,1152
1522,CallExpression,nan,1,-1,-1,486,31,486,49,packages\bare-path\lib\win32.js,0,1153
1523,Identifier,isWindowsPathSeparator,-1,-1,-1,486,8,486,30,packages\bare-path\lib\win32.js,0,1154
1524,Identifier,start,-1,-1,-1,514,4,514,9,packages\bare-path\lib\win32.js,0,1155
1525,AssignmentExpression,nan,-1,-1,-1,514,12,514,25,packages\bare-path\lib\win32.js,0,1156
1526,MemberExpression,nan,-1,-1,-1,510,4,510,15,packages\bare-path\lib\win32.js,0,1157
1528,CallExpression,nan,1,-1,-1,511,4,511,22,packages\bare-path\lib\win32.js,0,1158
1529,Identifier,CHAR_COLON,-1,-1,-1,511,27,511,37,packages\bare-path\lib\win32.js,0,1159
1531,MemberExpression,nan,-1,-1,-1,512,24,512,39,packages\bare-path\lib\win32.js,0,1160
1532,IfStatement,nan,-1,-1,-1,520,6,523,7,packages\bare-path\lib\win32.js,0,1161
1533,ContinueStatement,nan,-1,-1,-1,524,6,524,14,packages\bare-path\lib\win32.js,0,1162
1534,Identifier,code,-1,-1,-1,519,31,519,35,packages\bare-path\lib\win32.js,0,1163
1535,Identifier,isWindowsPathSeparator,-1,-1,-1,519,8,519,30,packages\bare-path\lib\win32.js,0,1164
1538,Identifier,end,-1,-1,-1,526,8,526,11,packages\bare-path\lib\win32.js,0,1165
1539,UnaryExpression,nan,1,-1,-1,526,16,526,18,packages\bare-path\lib\win32.js,0,1166
1540,IfStatement,nan,-1,-1,-1,531,6,532,49,packages\bare-path\lib\win32.js,0,1167
1541,Identifier,code,-1,-1,-1,530,8,530,12,packages\bare-path\lib\win32.js,0,1168
1542,Identifier,CHAR_DOT,-1,-1,-1,530,17,530,25,packages\bare-path\lib\win32.js,0,1169
1545,Identifier,preDotState,-1,-1,-1,541,4,541,15,packages\bare-path\lib\win32.js,0,1170
1549,Identifier,startDot,-1,-1,-1,542,50,542,58,packages\bare-path\lib\win32.js,0,1171
1551,AssignmentExpression,nan,-1,-1,-1,41,6,41,20,packages\bare-path\lib\win32.js,0,1172
1552,ContinueStatement,nan,-1,-1,-1,43,29,43,37,packages\bare-path\lib\win32.js,0,1173
1554,BlockStatement,nan,-1,-1,-1,65,40,68,7,packages\bare-path\lib\win32.js,0,1174
1555,CallExpression,nan,1,-1,-1,65,10,65,38,packages\bare-path\lib\win32.js,0,1175
1556,BlockStatement,nan,-1,-1,-1,108,37,112,7,packages\bare-path\lib\win32.js,0,1176
1558,BlockStatement,nan,-1,-1,-1,118,37,120,7,packages\bare-path\lib\win32.js,0,1177
1560,Identifier,code,-1,-1,-1,146,11,146,15,packages\bare-path\lib\win32.js,0,1178
1561,Identifier,CHAR_FORWARD_SLASH,-1,-1,-1,146,20,146,38,packages\bare-path\lib\win32.js,0,1179
1562,LogicalExpression,nan,-1,-1,-1,155,13,155,67,packages\bare-path\lib\win32.js,0,1180
1563,BlockStatement,nan,-1,-1,-1,155,69,157,7,packages\bare-path\lib\win32.js,0,1181
1564,BlockStatement,nan,-1,-1,-1,158,33,177,7,packages\bare-path\lib\win32.js,0,1182
1565,LogicalExpression,nan,-1,-1,-1,158,10,158,31,packages\bare-path\lib\win32.js,0,1183
1567,MemberExpression,nan,-1,-1,-1,152,31,152,46,packages\bare-path\lib\win32.js,0,1184
1568,Identifier,len,-1,-1,-1,197,64,197,67,packages\bare-path\lib\win32.js,0,1185
1571,CallExpression,nan,1,-1,-1,215,6,215,31,packages\bare-path\lib\win32.js,0,1186
1572,CallExpression,nan,1,-1,-1,216,6,216,24,packages\bare-path\lib\win32.js,0,1187
1573,Identifier,CHAR_COLON,-1,-1,-1,216,29,216,39,packages\bare-path\lib\win32.js,0,1188
1575,MemberExpression,nan,-1,-1,-1,217,29,217,44,packages\bare-path\lib\win32.js,0,1189
1578,UpdateExpression,nan,1,-1,-1,242,6,242,18,packages\bare-path\lib\win32.js,0,1190
1579,BlockStatement,nan,-1,-1,-1,243,24,249,7,packages\bare-path\lib\win32.js,0,1191
1581,Identifier,firstLen,-1,-1,-1,241,8,241,16,packages\bare-path\lib\win32.js,0,1192
1583,CallExpression,nan,1,-1,-1,241,47,241,70,packages\bare-path\lib\win32.js,0,1193
1584,Identifier,isWindowsPathSeparator,-1,-1,-1,241,24,241,46,packages\bare-path\lib\win32.js,0,1194
1585,Identifier,slashCount,-1,-1,-1,253,11,253,21,packages\bare-path\lib\win32.js,0,1195
1586,MemberExpression,nan,-1,-1,-1,253,24,253,37,packages\bare-path\lib\win32.js,0,1196
1587,CallExpression,nan,1,-1,-1,253,64,253,93,packages\bare-path\lib\win32.js,0,1197
1588,Identifier,isWindowsPathSeparator,-1,-1,-1,253,41,253,63,packages\bare-path\lib\win32.js,0,1198
1589,UpdateExpression,nan,1,-1,-1,254,6,254,18,packages\bare-path\lib\win32.js,0,1199
1590,AssignmentExpression,nan,-1,-1,-1,258,6,258,50,packages\bare-path\lib\win32.js,0,1200
1591,Identifier,fromEnd,-1,-1,-1,283,52,283,59,packages\bare-path\lib\win32.js,0,1201
1593,Identifier,toEnd,-1,-1,-1,293,46,293,51,packages\bare-path\lib\win32.js,0,1202
1596,MemberExpression,nan,-1,-1,-1,303,21,303,34,packages\bare-path\lib\win32.js,0,1203
1598,AssignmentExpression,nan,-1,-1,-1,334,6,334,45,packages\bare-path\lib\win32.js,0,1204
1599,Identifier,i,-1,-1,-1,333,8,333,9,packages\bare-path\lib\win32.js,0,1205
1600,Identifier,fromEnd,-1,-1,-1,333,14,333,21,packages\bare-path\lib\win32.js,0,1206
1601,CallExpression,nan,1,-1,-1,333,25,333,43,packages\bare-path\lib\win32.js,0,1207
1602,Identifier,CHAR_BACKWARD_SLASH,-1,-1,-1,333,48,333,67,packages\bare-path\lib\win32.js,0,1208
1603,BlockStatement,nan,-1,-1,-1,359,60,361,7,packages\bare-path\lib\win32.js,0,1209
1604,LogicalExpression,nan,-1,-1,-1,359,10,359,58,packages\bare-path\lib\win32.js,0,1210
1606,MemberExpression,nan,-1,-1,-1,357,8,357,31,packages\bare-path\lib\win32.js,0,1211
1607,Identifier,code,-1,-1,-1,382,34,382,38,packages\bare-path\lib\win32.js,0,1212
1608,Identifier,isWindowsPathSeparator,-1,-1,-1,382,11,382,33,packages\bare-path\lib\win32.js,0,1213
1609,Identifier,offset,-1,-1,-1,386,14,386,20,packages\bare-path\lib\win32.js,0,1214
1611,LogicalExpression,nan,-1,-1,-1,391,13,391,67,packages\bare-path\lib\win32.js,0,1215
1612,BlockStatement,nan,-1,-1,-1,391,69,393,7,packages\bare-path\lib\win32.js,0,1216
1613,BlockStatement,nan,-1,-1,-1,394,33,411,7,packages\bare-path\lib\win32.js,0,1217
1614,LogicalExpression,nan,-1,-1,-1,394,10,394,31,packages\bare-path\lib\win32.js,0,1218
1616,MemberExpression,nan,-1,-1,-1,388,31,388,46,packages\bare-path\lib\win32.js,0,1219
1617,BlockStatement,nan,-1,-1,-1,422,25,425,7,packages\bare-path\lib\win32.js,0,1220
1618,UnaryExpression,nan,1,-1,-1,422,10,422,23,packages\bare-path\lib\win32.js,0,1221
1619,Identifier,i,-1,-1,-1,421,47,421,48,packages\bare-path\lib\win32.js,0,1222
1620,MemberExpression,nan,-1,-1,-1,421,31,421,46,packages\bare-path\lib\win32.js,0,1223
1623,MemberExpression,nan,-1,-1,-1,446,24,446,39,packages\bare-path\lib\win32.js,0,1224
1624,BlockStatement,nan,-1,-1,-1,458,40,463,7,packages\bare-path\lib\win32.js,0,1225
1625,CallExpression,nan,1,-1,-1,458,10,458,38,packages\bare-path\lib\win32.js,0,1226
1626,Identifier,end,-1,-1,-1,481,23,481,26,packages\bare-path\lib\win32.js,0,1227
1627,Identifier,firstNonSlashEnd,-1,-1,-1,481,29,481,45,packages\bare-path\lib\win32.js,0,1228
1628,BlockStatement,nan,-1,-1,-1,487,25,490,7,packages\bare-path\lib\win32.js,0,1229
1629,UnaryExpression,nan,1,-1,-1,487,10,487,23,packages\bare-path\lib\win32.js,0,1230
1630,Identifier,i,-1,-1,-1,486,47,486,48,packages\bare-path\lib\win32.js,0,1231
1631,MemberExpression,nan,-1,-1,-1,486,31,486,46,packages\bare-path\lib\win32.js,0,1232
1632,Identifier,startPart,-1,-1,-1,514,12,514,21,packages\bare-path\lib\win32.js,0,1233
1635,MemberExpression,nan,-1,-1,-1,511,4,511,19,packages\bare-path\lib\win32.js,0,1234
1636,BlockStatement,nan,-1,-1,-1,520,25,523,7,packages\bare-path\lib\win32.js,0,1235
1637,UnaryExpression,nan,1,-1,-1,520,10,520,23,packages\bare-path\lib\win32.js,0,1236
1638,AssignmentExpression,nan,-1,-1,-1,527,6,527,26,packages\bare-path\lib\win32.js,0,1237
1639,AssignmentExpression,nan,-1,-1,-1,528,6,528,17,packages\bare-path\lib\win32.js,0,1238
1643,Identifier,startDot,-1,-1,-1,539,4,539,12,packages\bare-path\lib\win32.js,0,1239
1644,UnaryExpression,nan,1,-1,-1,539,17,539,19,packages\bare-path\lib\win32.js,0,1240
1645,Identifier,end,-1,-1,-1,540,4,540,7,packages\bare-path\lib\win32.js,0,1241
1646,UnaryExpression,nan,1,-1,-1,540,12,540,14,packages\bare-path\lib\win32.js,0,1242
1647,Identifier,preDotState,-1,-1,-1,542,5,542,16,packages\bare-path\lib\win32.js,0,1243
1649,Identifier,startDot,-1,-1,-1,542,26,542,34,packages\bare-path\lib\win32.js,0,1244
1651,Identifier,startPart,-1,-1,-1,542,63,542,72,packages\bare-path\lib\win32.js,0,1245
1653,Identifier,path,-1,-1,-1,41,6,41,10,packages\bare-path\lib\win32.js,0,1246
1654,MemberExpression,nan,-1,-1,-1,41,13,41,20,packages\bare-path\lib\win32.js,0,1247
1655,MemberExpression,nan,-1,-1,-1,43,10,43,21,packages\bare-path\lib\win32.js,0,1248
1659,Identifier,code,-1,-1,-1,65,33,65,37,packages\bare-path\lib\win32.js,0,1249
1660,Identifier,isWindowsPathSeparator,-1,-1,-1,65,10,65,32,packages\bare-path\lib\win32.js,0,1250
1661,IfStatement,nan,-1,-1,-1,109,8,111,9,packages\bare-path\lib\win32.js,0,1251
1662,MemberExpression,nan,-1,-1,-1,108,10,108,31,packages\bare-path\lib\win32.js,0,1252
1664,BreakStatement,nan,-1,-1,-1,119,8,119,13,packages\bare-path\lib\win32.js,0,1253
1665,MemberExpression,nan,-1,-1,-1,118,10,118,31,packages\bare-path\lib\win32.js,0,1254
1668,UnaryExpression,nan,1,-1,-1,155,24,155,67,packages\bare-path\lib\win32.js,0,1255
1670,VariableDeclaration,nan,-1,-1,-1,159,8,159,49,packages\bare-path\lib\win32.js,0,1256
1672,WhileStatement,nan,-1,-1,-1,161,8,163,9,packages\bare-path\lib\win32.js,0,1257
1673,IfStatement,nan,-1,-1,-1,164,8,176,9,packages\bare-path\lib\win32.js,0,1258
1676,Identifier,len,-1,-1,-1,214,5,214,8,packages\bare-path\lib\win32.js,0,1259
1678,Identifier,code,-1,-1,-1,215,26,215,30,packages\bare-path\lib\win32.js,0,1260
1679,Identifier,isWindowsDeviceRoot,-1,-1,-1,215,6,215,25,packages\bare-path\lib\win32.js,0,1261
1681,MemberExpression,nan,-1,-1,-1,216,6,216,21,packages\bare-path\lib\win32.js,0,1262
1682,AssignmentExpression,nan,-1,-1,-1,229,32,229,56,packages\bare-path\lib\win32.js,0,1263
1683,Identifier,joined,-1,-1,-1,229,10,229,16,packages\bare-path\lib\win32.js,0,1264
1684,Identifier,undefined,-1,-1,-1,229,21,229,30,packages\bare-path\lib\win32.js,0,1265
1685,Identifier,slashCount,-1,-1,-1,242,8,242,18,packages\bare-path\lib\win32.js,0,1266
1686,IfStatement,nan,-1,-1,-1,244,8,248,9,packages\bare-path\lib\win32.js,0,1267
1687,Identifier,firstLen,-1,-1,-1,243,10,243,18,packages\bare-path\lib\win32.js,0,1268
1690,MemberExpression,nan,-1,-1,-1,241,47,241,67,packages\bare-path\lib\win32.js,0,1269
1691,Identifier,slashCount,-1,-1,-1,253,82,253,92,packages\bare-path\lib\win32.js,0,1270
1692,MemberExpression,nan,-1,-1,-1,253,64,253,81,packages\bare-path\lib\win32.js,0,1271
1693,Identifier,slashCount,-1,-1,-1,254,6,254,16,packages\bare-path\lib\win32.js,0,1272
1694,Identifier,joined,-1,-1,-1,258,6,258,12,packages\bare-path\lib\win32.js,0,1273
1695,TemplateLiteral,nan,-1,-1,-1,258,15,258,50,packages\bare-path\lib\win32.js,0,1274
1696,Identifier,toStart,-1,-1,-1,303,35,303,42,packages\bare-path\lib\win32.js,0,1275
1697,Identifier,i,-1,-1,-1,303,45,303,46,packages\bare-path\lib\win32.js,0,1276
1698,Identifier,out,-1,-1,-1,334,6,334,9,packages\bare-path\lib\win32.js,0,1277
1699,ConditionalExpression,nan,-1,-1,-1,334,13,334,45,packages\bare-path\lib\win32.js,0,1278
1700,Identifier,i,-1,-1,-1,333,41,333,42,packages\bare-path\lib\win32.js,0,1279
1701,MemberExpression,nan,-1,-1,-1,333,25,333,40,packages\bare-path\lib\win32.js,0,1280
1702,ReturnStatement,nan,1,-1,-1,360,8,360,57,packages\bare-path\lib\win32.js,0,1281
1706,UnaryExpression,nan,1,-1,-1,391,24,391,67,packages\bare-path\lib\win32.js,0,1282
1709,WhileStatement,nan,-1,-1,-1,396,8,398,9,packages\bare-path\lib\win32.js,0,1283
1710,IfStatement,nan,-1,-1,-1,399,8,410,9,packages\bare-path\lib\win32.js,0,1284
1714,BreakStatement,nan,-1,-1,-1,424,8,424,13,packages\bare-path\lib\win32.js,0,1285
1715,Identifier,matchedSlash,-1,-1,-1,422,11,422,23,packages\bare-path\lib\win32.js,0,1286
1716,IfStatement,nan,-1,-1,-1,459,8,462,9,packages\bare-path\lib\win32.js,0,1287
1717,Identifier,code,-1,-1,-1,458,33,458,37,packages\bare-path\lib\win32.js,0,1288
1718,Identifier,isWindowsPathSeparator,-1,-1,-1,458,10,458,32,packages\bare-path\lib\win32.js,0,1289
1720,BreakStatement,nan,-1,-1,-1,489,8,489,13,packages\bare-path\lib\win32.js,0,1290
1721,Identifier,matchedSlash,-1,-1,-1,487,11,487,23,packages\bare-path\lib\win32.js,0,1291
1723,BreakStatement,nan,-1,-1,-1,522,8,522,13,packages\bare-path\lib\win32.js,0,1292
1724,Identifier,matchedSlash,-1,-1,-1,520,11,520,23,packages\bare-path\lib\win32.js,0,1293
1725,Identifier,matchedSlash,-1,-1,-1,527,6,527,18,packages\bare-path\lib\win32.js,0,1294
1727,Identifier,end,-1,-1,-1,528,6,528,9,packages\bare-path\lib\win32.js,0,1295
1729,AssignmentExpression,nan,-1,-1,-1,531,27,531,39,packages\bare-path\lib\win32.js,0,1296
1730,Identifier,startDot,-1,-1,-1,531,10,531,18,packages\bare-path\lib\win32.js,0,1297
1731,UnaryExpression,nan,1,-1,-1,531,23,531,25,packages\bare-path\lib\win32.js,0,1298
1734,Identifier,end,-1,-1,-1,542,39,542,42,packages\bare-path\lib\win32.js,0,1299
1736,AssignmentExpression,nan,-1,-1,-1,66,8,66,19,packages\bare-path\lib\win32.js,0,1300
1737,AssignmentExpression,nan,-1,-1,-1,67,8,67,25,packages\bare-path\lib\win32.js,0,1301
1738,BlockStatement,nan,-1,-1,-1,109,67,111,9,packages\bare-path\lib\win32.js,0,1302
1740,Identifier,j,-1,-1,-1,155,13,155,14,packages\bare-path\lib\win32.js,0,1303
1741,Identifier,len,-1,-1,-1,155,17,155,20,packages\bare-path\lib\win32.js,0,1304
1742,CallExpression,nan,1,-1,-1,155,25,155,67,packages\bare-path\lib\win32.js,0,1305
1743,UpdateExpression,nan,1,-1,-1,156,8,156,11,packages\bare-path\lib\win32.js,0,1306
1744,AssignmentExpression,nan,-1,-1,-1,160,8,160,16,packages\bare-path\lib\win32.js,0,1307
1745,LogicalExpression,nan,-1,-1,-1,161,15,161,68,packages\bare-path\lib\win32.js,0,1308
1746,BlockStatement,nan,-1,-1,-1,161,70,163,9,packages\bare-path\lib\win32.js,0,1309
1747,BlockStatement,nan,-1,-1,-1,164,35,176,9,packages\bare-path\lib\win32.js,0,1310
1748,LogicalExpression,nan,-1,-1,-1,164,12,164,33,packages\bare-path\lib\win32.js,0,1311
1749,Identifier,j,-1,-1,-1,158,10,158,11,packages\bare-path\lib\win32.js,0,1312
1750,Identifier,len,-1,-1,-1,158,14,158,17,packages\bare-path\lib\win32.js,0,1313
1751,Identifier,j,-1,-1,-1,158,21,158,22,packages\bare-path\lib\win32.js,0,1314
1752,Identifier,last,-1,-1,-1,158,27,158,31,packages\bare-path\lib\win32.js,0,1315
1753,Identifier,joined,-1,-1,-1,229,32,229,38,packages\bare-path\lib\win32.js,0,1316
1754,AssignmentExpression,nan,-1,-1,-1,229,41,229,56,packages\bare-path\lib\win32.js,0,1317
1755,BlockStatement,nan,-1,-1,-1,244,61,246,9,packages\bare-path\lib\win32.js,0,1318
1756,CallExpression,nan,1,-1,-1,244,12,244,59,packages\bare-path\lib\win32.js,0,1319
1759,TemplateLiteral,nan,-1,-1,-1,360,15,360,57,packages\bare-path\lib\win32.js,0,1320
1760,Identifier,code,-1,-1,-1,359,10,359,14,packages\bare-path\lib\win32.js,0,1321
1761,Identifier,CHAR_QUESTION_MARK,-1,-1,-1,359,19,359,37,packages\bare-path\lib\win32.js,0,1322
1762,Identifier,code,-1,-1,-1,359,41,359,45,packages\bare-path\lib\win32.js,0,1323
1763,Identifier,CHAR_DOT,-1,-1,-1,359,50,359,58,packages\bare-path\lib\win32.js,0,1324
1764,Identifier,j,-1,-1,-1,391,13,391,14,packages\bare-path\lib\win32.js,0,1325
1765,Identifier,len,-1,-1,-1,391,17,391,20,packages\bare-path\lib\win32.js,0,1326
1766,CallExpression,nan,1,-1,-1,391,25,391,67,packages\bare-path\lib\win32.js,0,1327
1767,UpdateExpression,nan,1,-1,-1,392,8,392,11,packages\bare-path\lib\win32.js,0,1328
1768,AssignmentExpression,nan,-1,-1,-1,395,8,395,16,packages\bare-path\lib\win32.js,0,1329
1769,LogicalExpression,nan,-1,-1,-1,396,15,396,68,packages\bare-path\lib\win32.js,0,1330
1770,BlockStatement,nan,-1,-1,-1,396,70,398,9,packages\bare-path\lib\win32.js,0,1331
1771,BlockStatement,nan,-1,-1,-1,399,35,410,9,packages\bare-path\lib\win32.js,0,1332
1772,LogicalExpression,nan,-1,-1,-1,399,12,399,33,packages\bare-path\lib\win32.js,0,1333
1773,Identifier,j,-1,-1,-1,394,10,394,11,packages\bare-path\lib\win32.js,0,1334
1774,Identifier,len,-1,-1,-1,394,14,394,17,packages\bare-path\lib\win32.js,0,1335
1775,Identifier,j,-1,-1,-1,394,21,394,22,packages\bare-path\lib\win32.js,0,1336
1776,Identifier,last,-1,-1,-1,394,27,394,31,packages\bare-path\lib\win32.js,0,1337
1777,AssignmentExpression,nan,-1,-1,-1,423,8,423,15,packages\bare-path\lib\win32.js,0,1338
1778,BlockStatement,nan,-1,-1,-1,459,27,462,9,packages\bare-path\lib\win32.js,0,1339
1779,UnaryExpression,nan,1,-1,-1,459,12,459,25,packages\bare-path\lib\win32.js,0,1340
1780,AssignmentExpression,nan,-1,-1,-1,488,8,488,21,packages\bare-path\lib\win32.js,0,1341
1781,AssignmentExpression,nan,-1,-1,-1,521,8,521,25,packages\bare-path\lib\win32.js,0,1342
1782,Identifier,i,-1,-1,-1,528,12,528,13,packages\bare-path\lib\win32.js,0,1343
1784,Identifier,startDot,-1,-1,-1,531,27,531,35,packages\bare-path\lib\win32.js,0,1344
1785,Identifier,i,-1,-1,-1,531,38,531,39,packages\bare-path\lib\win32.js,0,1345
1787,Identifier,rootEnd,-1,-1,-1,66,8,66,15,packages\bare-path\lib\win32.js,0,1346
1789,Identifier,isAbsolute,-1,-1,-1,67,8,67,18,packages\bare-path\lib\win32.js,0,1347
1791,ContinueStatement,nan,-1,-1,-1,110,10,110,18,packages\bare-path\lib\win32.js,0,1348
1792,CallExpression,nan,0,-1,-1,109,12,109,32,packages\bare-path\lib\win32.js,0,1349
1793,CallExpression,nan,0,-1,-1,109,37,109,65,packages\bare-path\lib\win32.js,0,1350
1794,CallExpression,nan,1,-1,-1,155,48,155,66,packages\bare-path\lib\win32.js,0,1351
1795,Identifier,isWindowsPathSeparator,-1,-1,-1,155,25,155,47,packages\bare-path\lib\win32.js,0,1352
1796,Identifier,j,-1,-1,-1,156,8,156,9,packages\bare-path\lib\win32.js,0,1353
1797,Identifier,last,-1,-1,-1,160,8,160,12,packages\bare-path\lib\win32.js,0,1354
1798,Identifier,j,-1,-1,-1,160,15,160,16,packages\bare-path\lib\win32.js,0,1355
1800,CallExpression,nan,1,-1,-1,161,26,161,68,packages\bare-path\lib\win32.js,0,1356
1803,WhileStatement,nan,-1,-1,-1,166,10,168,11,packages\bare-path\lib\win32.js,0,1357
1804,IfStatement,nan,-1,-1,-1,169,10,171,11,packages\bare-path\lib\win32.js,0,1358
1805,IfStatement,nan,-1,-1,-1,172,10,175,11,packages\bare-path\lib\win32.js,0,1359
1808,Identifier,firstPart,-1,-1,-1,229,41,229,50,packages\bare-path\lib\win32.js,0,1360
1809,Identifier,arg,-1,-1,-1,229,53,229,56,packages\bare-path\lib\win32.js,0,1361
1811,CallExpression,nan,1,-1,-1,244,35,244,58,packages\bare-path\lib\win32.js,0,1362
1812,Identifier,isWindowsPathSeparator,-1,-1,-1,244,12,244,34,packages\bare-path\lib\win32.js,0,1363
1813,MemberExpression,nan,-1,-1,-1,334,13,334,23,packages\bare-path\lib\win32.js,0,1364
1815,CallExpression,nan,1,-1,-1,391,48,391,66,packages\bare-path\lib\win32.js,0,1365
1816,Identifier,isWindowsPathSeparator,-1,-1,-1,391,25,391,47,packages\bare-path\lib\win32.js,0,1366
1817,Identifier,j,-1,-1,-1,392,8,392,9,packages\bare-path\lib\win32.js,0,1367
1818,Identifier,last,-1,-1,-1,395,8,395,12,packages\bare-path\lib\win32.js,0,1368
1819,Identifier,j,-1,-1,-1,395,15,395,16,packages\bare-path\lib\win32.js,0,1369
1821,CallExpression,nan,1,-1,-1,396,26,396,68,packages\bare-path\lib\win32.js,0,1370
1824,WhileStatement,nan,-1,-1,-1,401,10,403,11,packages\bare-path\lib\win32.js,0,1371
1825,IfStatement,nan,-1,-1,-1,404,10,406,11,packages\bare-path\lib\win32.js,0,1372
1826,IfStatement,nan,-1,-1,-1,407,10,409,11,packages\bare-path\lib\win32.js,0,1373
1829,Identifier,end,-1,-1,-1,423,8,423,11,packages\bare-path\lib\win32.js,0,1374
1830,Identifier,i,-1,-1,-1,423,14,423,15,packages\bare-path\lib\win32.js,0,1375
1832,BreakStatement,nan,-1,-1,-1,461,10,461,15,packages\bare-path\lib\win32.js,0,1376
1833,Identifier,matchedSlash,-1,-1,-1,459,13,459,25,packages\bare-path\lib\win32.js,0,1377
1834,Identifier,start,-1,-1,-1,488,8,488,13,packages\bare-path\lib\win32.js,0,1378
1836,Identifier,startPart,-1,-1,-1,521,8,521,17,packages\bare-path\lib\win32.js,0,1379
1838,MemberExpression,nan,-1,-1,-1,109,12,109,30,packages\bare-path\lib\win32.js,0,1380
1839,MemberExpression,nan,-1,-1,-1,109,37,109,63,packages\bare-path\lib\win32.js,0,1381
1840,Identifier,j,-1,-1,-1,155,64,155,65,packages\bare-path\lib\win32.js,0,1382
1841,MemberExpression,nan,-1,-1,-1,155,48,155,63,packages\bare-path\lib\win32.js,0,1383
1842,Identifier,j,-1,-1,-1,161,15,161,16,packages\bare-path\lib\win32.js,0,1384
1843,Identifier,len,-1,-1,-1,161,19,161,22,packages\bare-path\lib\win32.js,0,1385
1844,CallExpression,nan,1,-1,-1,161,49,161,67,packages\bare-path\lib\win32.js,0,1386
1845,Identifier,isWindowsPathSeparator,-1,-1,-1,161,26,161,48,packages\bare-path\lib\win32.js,0,1387
1846,UpdateExpression,nan,1,-1,-1,162,10,162,13,packages\bare-path\lib\win32.js,0,1388
1847,AssignmentExpression,nan,-1,-1,-1,165,10,165,18,packages\bare-path\lib\win32.js,0,1389
1848,LogicalExpression,nan,-1,-1,-1,166,17,166,71,packages\bare-path\lib\win32.js,0,1390
1849,BlockStatement,nan,-1,-1,-1,166,73,168,11,packages\bare-path\lib\win32.js,0,1391
1850,BlockStatement,nan,-1,-1,-1,169,25,171,11,packages\bare-path\lib\win32.js,0,1392
1852,BlockStatement,nan,-1,-1,-1,172,26,175,11,packages\bare-path\lib\win32.js,0,1393
1854,Identifier,j,-1,-1,-1,164,12,164,13,packages\bare-path\lib\win32.js,0,1394
1855,Identifier,len,-1,-1,-1,164,16,164,19,packages\bare-path\lib\win32.js,0,1395
1856,Identifier,j,-1,-1,-1,164,23,164,24,packages\bare-path\lib\win32.js,0,1396
1857,Identifier,last,-1,-1,-1,164,29,164,33,packages\bare-path\lib\win32.js,0,1397
1858,UpdateExpression,nan,1,-1,-1,245,10,245,22,packages\bare-path\lib\win32.js,0,1398
1860,MemberExpression,nan,-1,-1,-1,244,35,244,55,packages\bare-path\lib\win32.js,0,1399
1861,Identifier,j,-1,-1,-1,391,64,391,65,packages\bare-path\lib\win32.js,0,1400
1862,MemberExpression,nan,-1,-1,-1,391,48,391,63,packages\bare-path\lib\win32.js,0,1401
1863,Identifier,j,-1,-1,-1,396,15,396,16,packages\bare-path\lib\win32.js,0,1402
1864,Identifier,len,-1,-1,-1,396,19,396,22,packages\bare-path\lib\win32.js,0,1403
1865,CallExpression,nan,1,-1,-1,396,49,396,67,packages\bare-path\lib\win32.js,0,1404
1866,Identifier,isWindowsPathSeparator,-1,-1,-1,396,26,396,48,packages\bare-path\lib\win32.js,0,1405
1867,UpdateExpression,nan,1,-1,-1,397,10,397,13,packages\bare-path\lib\win32.js,0,1406
1868,AssignmentExpression,nan,-1,-1,-1,400,10,400,18,packages\bare-path\lib\win32.js,0,1407
1869,LogicalExpression,nan,-1,-1,-1,401,17,401,71,packages\bare-path\lib\win32.js,0,1408
1870,BlockStatement,nan,-1,-1,-1,401,73,403,11,packages\bare-path\lib\win32.js,0,1409
1871,BlockStatement,nan,-1,-1,-1,404,25,406,11,packages\bare-path\lib\win32.js,0,1410
1873,BlockStatement,nan,-1,-1,-1,407,26,409,11,packages\bare-path\lib\win32.js,0,1411
1875,Identifier,j,-1,-1,-1,399,12,399,13,packages\bare-path\lib\win32.js,0,1412
1876,Identifier,len,-1,-1,-1,399,16,399,19,packages\bare-path\lib\win32.js,0,1413
1877,Identifier,j,-1,-1,-1,399,23,399,24,packages\bare-path\lib\win32.js,0,1414
1878,Identifier,last,-1,-1,-1,399,29,399,33,packages\bare-path\lib\win32.js,0,1415
1879,AssignmentExpression,nan,-1,-1,-1,460,10,460,23,packages\bare-path\lib\win32.js,0,1416
1880,Identifier,i,-1,-1,-1,488,16,488,17,packages\bare-path\lib\win32.js,0,1417
1882,Identifier,i,-1,-1,-1,521,20,521,21,packages\bare-path\lib\win32.js,0,1418
1884,Identifier,j,-1,-1,-1,161,65,161,66,packages\bare-path\lib\win32.js,0,1419
1885,MemberExpression,nan,-1,-1,-1,161,49,161,64,packages\bare-path\lib\win32.js,0,1420
1886,Identifier,j,-1,-1,-1,162,10,162,11,packages\bare-path\lib\win32.js,0,1421
1887,Identifier,last,-1,-1,-1,165,10,165,14,packages\bare-path\lib\win32.js,0,1422
1888,Identifier,j,-1,-1,-1,165,17,165,18,packages\bare-path\lib\win32.js,0,1423
1890,UnaryExpression,nan,1,-1,-1,166,28,166,71,packages\bare-path\lib\win32.js,0,1424
1892,ReturnStatement,nan,1,-1,-1,170,12,170,64,packages\bare-path\lib\win32.js,0,1425
1893,Identifier,j,-1,-1,-1,169,14,169,15,packages\bare-path\lib\win32.js,0,1426
1894,Identifier,len,-1,-1,-1,169,20,169,23,packages\bare-path\lib\win32.js,0,1427
1897,Identifier,j,-1,-1,-1,172,14,172,15,packages\bare-path\lib\win32.js,0,1428
1898,Identifier,last,-1,-1,-1,172,20,172,24,packages\bare-path\lib\win32.js,0,1429
1899,Identifier,slashCount,-1,-1,-1,245,12,245,22,packages\bare-path\lib\win32.js,0,1430
1900,Identifier,j,-1,-1,-1,396,65,396,66,packages\bare-path\lib\win32.js,0,1431
1901,MemberExpression,nan,-1,-1,-1,396,49,396,64,packages\bare-path\lib\win32.js,0,1432
1902,Identifier,j,-1,-1,-1,397,10,397,11,packages\bare-path\lib\win32.js,0,1433
1903,Identifier,last,-1,-1,-1,400,10,400,14,packages\bare-path\lib\win32.js,0,1434
1904,Identifier,j,-1,-1,-1,400,17,400,18,packages\bare-path\lib\win32.js,0,1435
1906,UnaryExpression,nan,1,-1,-1,401,28,401,71,packages\bare-path\lib\win32.js,0,1436
1908,ReturnStatement,nan,1,-1,-1,405,12,405,23,packages\bare-path\lib\win32.js,0,1437
1909,Identifier,j,-1,-1,-1,404,14,404,15,packages\bare-path\lib\win32.js,0,1438
1910,Identifier,len,-1,-1,-1,404,20,404,23,packages\bare-path\lib\win32.js,0,1439
1912,Identifier,j,-1,-1,-1,407,14,407,15,packages\bare-path\lib\win32.js,0,1440
1913,Identifier,last,-1,-1,-1,407,20,407,24,packages\bare-path\lib\win32.js,0,1441
1914,Identifier,start,-1,-1,-1,460,10,460,15,packages\bare-path\lib\win32.js,0,1442
1916,Identifier,j,-1,-1,-1,166,17,166,18,packages\bare-path\lib\win32.js,0,1443
1917,Identifier,len,-1,-1,-1,166,21,166,24,packages\bare-path\lib\win32.js,0,1444
1918,CallExpression,nan,1,-1,-1,166,29,166,71,packages\bare-path\lib\win32.js,0,1445
1919,UpdateExpression,nan,1,-1,-1,167,12,167,15,packages\bare-path\lib\win32.js,0,1446
1920,TemplateLiteral,nan,-1,-1,-1,170,19,170,64,packages\bare-path\lib\win32.js,0,1447
1921,AssignmentExpression,nan,-1,-1,-1,173,12,173,67,packages\bare-path\lib\win32.js,0,1448
1922,AssignmentExpression,nan,-1,-1,-1,174,12,174,23,packages\bare-path\lib\win32.js,0,1449
1923,Identifier,j,-1,-1,-1,401,17,401,18,packages\bare-path\lib\win32.js,0,1450
1924,Identifier,len,-1,-1,-1,401,21,401,24,packages\bare-path\lib\win32.js,0,1451
1925,CallExpression,nan,1,-1,-1,401,29,401,71,packages\bare-path\lib\win32.js,0,1452
1926,UpdateExpression,nan,1,-1,-1,402,12,402,15,packages\bare-path\lib\win32.js,0,1453
1927,Identifier,path,-1,-1,-1,405,19,405,23,packages\bare-path\lib\win32.js,0,1454
1928,AssignmentExpression,nan,-1,-1,-1,408,12,408,36,packages\bare-path\lib\win32.js,0,1455
1929,Identifier,i,-1,-1,-1,460,18,460,19,packages\bare-path\lib\win32.js,0,1456
1931,CallExpression,nan,1,-1,-1,166,52,166,70,packages\bare-path\lib\win32.js,0,1457
1932,Identifier,isWindowsPathSeparator,-1,-1,-1,166,29,166,51,packages\bare-path\lib\win32.js,0,1458
1933,Identifier,j,-1,-1,-1,167,12,167,13,packages\bare-path\lib\win32.js,0,1459
1934,Identifier,device,-1,-1,-1,173,12,173,18,packages\bare-path\lib\win32.js,0,1460
1935,TemplateLiteral,nan,-1,-1,-1,173,21,173,67,packages\bare-path\lib\win32.js,0,1461
1936,Identifier,rootEnd,-1,-1,-1,174,12,174,19,packages\bare-path\lib\win32.js,0,1462
1937,Identifier,j,-1,-1,-1,174,22,174,23,packages\bare-path\lib\win32.js,0,1463
1938,CallExpression,nan,1,-1,-1,401,52,401,70,packages\bare-path\lib\win32.js,0,1464
1939,Identifier,isWindowsPathSeparator,-1,-1,-1,401,29,401,51,packages\bare-path\lib\win32.js,0,1465
1940,Identifier,j,-1,-1,-1,402,12,402,13,packages\bare-path\lib\win32.js,0,1466
1941,Identifier,rootEnd,-1,-1,-1,408,12,408,19,packages\bare-path\lib\win32.js,0,1467
1942,AssignmentExpression,nan,-1,-1,-1,408,22,408,36,packages\bare-path\lib\win32.js,0,1468
1943,Identifier,j,-1,-1,-1,166,68,166,69,packages\bare-path\lib\win32.js,0,1469
1944,MemberExpression,nan,-1,-1,-1,166,52,166,67,packages\bare-path\lib\win32.js,0,1470
1945,Identifier,j,-1,-1,-1,401,68,401,69,packages\bare-path\lib\win32.js,0,1471
1946,MemberExpression,nan,-1,-1,-1,401,52,401,67,packages\bare-path\lib\win32.js,0,1472
1947,Identifier,offset,-1,-1,-1,408,22,408,28,packages\bare-path\lib\win32.js,0,1473
1949,Identifier,j,-1,-1,-1,408,31,408,32,packages\bare-path\lib\win32.js,0,1474
