id,type,name,params_len,argument_len,returns,start_line,start_column,end_line,end_column,file_name,file_is_index_or_test,new_id
1,Program,nan,-1,-1,-1,10,0,325,1,packages\compression\index.js,1,0
3,VariableDeclaration,nan,-1,-1,-1,17,0,17,38,packages\compression\index.js,1,1
4,VariableDeclaration,nan,-1,-1,-1,18,0,18,42,packages\compression\index.js,1,2
5,VariableDeclaration,nan,-1,-1,-1,19,0,19,28,packages\compression\index.js,1,3
6,VariableDeclaration,nan,-1,-1,-1,20,0,20,42,packages\compression\index.js,1,4
7,VariableDeclaration,nan,-1,-1,-1,21,0,21,43,packages\compression\index.js,1,5
8,VariableDeclaration,nan,-1,-1,-1,22,0,22,37,packages\compression\index.js,1,6
9,VariableDeclaration,nan,-1,-1,-1,23,0,23,26,packages\compression\index.js,1,7
10,VariableDeclaration,nan,-1,-1,-1,24,0,24,26,packages\compression\index.js,1,8
13,VariableDeclaration,nan,-1,-1,-1,37,0,37,53,packages\compression\index.js,1,9
14,VariableDeclaration,nan,-1,-1,-1,43,0,43,72,packages\compression\index.js,1,10
15,VariableDeclaration,nan,-1,-1,-1,44,0,44,115,packages\compression\index.js,1,11
16,VariableDeclaration,nan,-1,-1,-1,45,0,45,69,packages\compression\index.js,1,12
17,VariableDeclaration,nan,-1,-1,-1,47,0,47,61,packages\compression\index.js,1,13
18,FunctionDeclaration,nan,-1,1,1,57,0,245,1,packages\compression\index.js,1,14
19,FunctionDeclaration,nan,-1,3,0,252,0,256,1,packages\compression\index.js,1,15
20,FunctionDeclaration,nan,-1,2,1,262,0,270,1,packages\compression\index.js,1,16
21,FunctionDeclaration,nan,-1,2,1,277,0,286,1,packages\compression\index.js,1,17
22,FunctionDeclaration,nan,-1,2,1,293,0,300,1,packages\compression\index.js,1,18
23,FunctionDeclaration,nan,-1,2,1,307,0,311,1,packages\compression\index.js,1,19
24,FunctionDeclaration,nan,-1,1,1,321,0,325,1,packages\compression\index.js,1,20
26,AssignmentExpression,nan,-1,-1,-1,30,0,30,28,packages\compression\index.js,1,21
27,AssignmentExpression,nan,-1,-1,-1,31,0,31,38,packages\compression\index.js,1,22
28,Identifier,compression,-1,-1,-1,57,9,57,20,packages\compression\index.js,1,23
29,Identifier,options,-1,-1,-1,57,22,57,29,packages\compression\index.js,1,24
31,BlockStatement,nan,-1,-1,-1,57,31,245,1,packages\compression\index.js,1,25
32,Identifier,addListeners,-1,-1,-1,252,9,252,21,packages\compression\index.js,1,26
33,Identifier,stream,-1,-1,-1,252,23,252,29,packages\compression\index.js,1,27
34,Identifier,on,-1,-1,-1,252,31,252,33,packages\compression\index.js,1,28
35,Identifier,listeners,-1,-1,-1,252,35,252,44,packages\compression\index.js,1,29
37,BlockStatement,nan,-1,-1,-1,252,46,256,1,packages\compression\index.js,1,30
38,Identifier,chunkLength,-1,-1,-1,262,9,262,20,packages\compression\index.js,1,31
39,Identifier,chunk,-1,-1,-1,262,22,262,27,packages\compression\index.js,1,32
40,Identifier,encoding,-1,-1,-1,262,29,262,37,packages\compression\index.js,1,33
42,BlockStatement,nan,-1,-1,-1,262,39,270,1,packages\compression\index.js,1,34
43,Identifier,shouldCompress,-1,-1,-1,277,9,277,23,packages\compression\index.js,1,35
44,Identifier,req,-1,-1,-1,277,25,277,28,packages\compression\index.js,1,36
45,Identifier,res,-1,-1,-1,277,30,277,33,packages\compression\index.js,1,37
47,BlockStatement,nan,-1,-1,-1,277,35,286,1,packages\compression\index.js,1,38
48,Identifier,shouldTransform,-1,-1,-1,293,9,293,24,packages\compression\index.js,1,39
49,Identifier,req,-1,-1,-1,293,26,293,29,packages\compression\index.js,1,40
50,Identifier,res,-1,-1,-1,293,31,293,34,packages\compression\index.js,1,41
52,BlockStatement,nan,-1,-1,-1,293,36,300,1,packages\compression\index.js,1,42
53,Identifier,toBuffer,-1,-1,-1,307,9,307,17,packages\compression\index.js,1,43
54,Identifier,chunk,-1,-1,-1,307,19,307,24,packages\compression\index.js,1,44
55,Identifier,encoding,-1,-1,-1,307,26,307,34,packages\compression\index.js,1,45
57,BlockStatement,nan,-1,-1,-1,307,36,311,1,packages\compression\index.js,1,46
58,Identifier,headersSent,-1,-1,-1,321,9,321,20,packages\compression\index.js,1,47
59,Identifier,res,-1,-1,-1,321,22,321,25,packages\compression\index.js,1,48
61,BlockStatement,nan,-1,-1,-1,321,27,325,1,packages\compression\index.js,1,49
62,MemberExpression,nan,-1,-1,-1,30,0,30,14,packages\compression\index.js,1,50
63,Identifier,compression,-1,-1,-1,30,17,30,28,packages\compression\index.js,1,51
64,MemberExpression,nan,-1,-1,-1,31,0,31,21,packages\compression\index.js,1,52
65,Identifier,shouldCompress,-1,-1,-1,31,24,31,38,packages\compression\index.js,1,53
66,VariableDeclaration,nan,-1,-1,-1,58,2,58,26,packages\compression\index.js,1,54
67,VariableDeclaration,nan,-1,-1,-1,59,2,59,21,packages\compression\index.js,1,55
68,IfStatement,nan,-1,-1,-1,61,2,69,3,packages\compression\index.js,1,56
69,VariableDeclaration,nan,-1,-1,-1,72,2,72,44,packages\compression\index.js,1,57
70,VariableDeclaration,nan,-1,-1,-1,73,2,73,45,packages\compression\index.js,1,58
71,VariableDeclaration,nan,-1,-1,-1,74,2,74,58,packages\compression\index.js,1,59
72,IfStatement,nan,-1,-1,-1,76,2,78,3,packages\compression\index.js,1,60
73,ReturnStatement,nan,1,-1,-1,80,2,244,3,packages\compression\index.js,1,61
74,ForStatement,nan,-1,-1,-1,253,2,255,3,packages\compression\index.js,1,62
75,IfStatement,nan,-1,-1,-1,263,2,265,3,packages\compression\index.js,1,63
76,ReturnStatement,nan,1,-1,-1,267,2,269,40,packages\compression\index.js,1,64
77,VariableDeclaration,nan,-1,-1,-1,278,2,278,42,packages\compression\index.js,1,65
78,IfStatement,nan,-1,-1,-1,280,2,283,3,packages\compression\index.js,1,66
79,ReturnStatement,nan,1,-1,-1,285,2,285,13,packages\compression\index.js,1,67
80,VariableDeclaration,nan,-1,-1,-1,294,2,294,51,packages\compression\index.js,1,68
81,ReturnStatement,nan,1,-1,-1,298,2,299,53,packages\compression\index.js,1,69
82,ReturnStatement,nan,1,-1,-1,308,2,310,34,packages\compression\index.js,1,70
83,ReturnStatement,nan,1,-1,-1,322,2,324,21,packages\compression\index.js,1,71
84,BlockStatement,nan,-1,-1,-1,61,24,69,3,packages\compression\index.js,1,72
85,Identifier,hasBrotliSupport,-1,-1,-1,61,6,61,22,packages\compression\index.js,1,73
86,BlockStatement,nan,-1,-1,-1,76,25,78,3,packages\compression\index.js,1,74
88,FunctionExpression,nan,-1,3,0,80,9,244,3,packages\compression\index.js,1,75
90,BlockStatement,nan,-1,-1,-1,253,45,255,3,packages\compression\index.js,1,76
91,BlockStatement,nan,-1,-1,-1,263,14,265,3,packages\compression\index.js,1,77
92,UnaryExpression,nan,1,-1,-1,263,6,263,12,packages\compression\index.js,1,78
93,ConditionalExpression,nan,-1,-1,-1,267,9,269,40,packages\compression\index.js,1,79
94,BlockStatement,nan,-1,-1,-1,280,49,283,3,packages\compression\index.js,1,80
95,LogicalExpression,nan,-1,-1,-1,280,6,280,47,packages\compression\index.js,1,81
97,LogicalExpression,nan,-1,-1,-1,298,9,299,53,packages\compression\index.js,1,82
98,ConditionalExpression,nan,-1,-1,-1,308,9,310,34,packages\compression\index.js,1,83
99,ConditionalExpression,nan,-1,-1,-1,322,9,324,21,packages\compression\index.js,1,84
101,VariableDeclaration,nan,-1,-1,-1,64,4,64,25,packages\compression\index.js,1,85
105,Identifier,threshold,-1,-1,-1,76,6,76,15,packages\compression\index.js,1,86
107,Identifier,compression,-1,-1,-1,80,18,80,29,packages\compression\index.js,1,87
108,Identifier,req,-1,-1,-1,80,31,80,34,packages\compression\index.js,1,88
109,Identifier,res,-1,-1,-1,80,36,80,39,packages\compression\index.js,1,89
110,Identifier,next,-1,-1,-1,80,41,80,45,packages\compression\index.js,1,90
112,BlockStatement,nan,-1,-1,-1,80,47,244,3,packages\compression\index.js,1,91
113,Identifier,i,-1,-1,-1,253,18,253,19,packages\compression\index.js,1,92
114,MemberExpression,nan,-1,-1,-1,253,22,253,38,packages\compression\index.js,1,93
116,ReturnStatement,nan,1,-1,-1,264,4,264,12,packages\compression\index.js,1,94
117,Identifier,chunk,-1,-1,-1,263,7,263,12,packages\compression\index.js,1,95
118,MemberExpression,nan,-1,-1,-1,268,6,268,18,packages\compression\index.js,1,96
119,CallExpression,nan,1,-1,-1,267,9,267,31,packages\compression\index.js,1,97
121,ReturnStatement,nan,1,-1,-1,282,4,282,16,packages\compression\index.js,1,98
123,UnaryExpression,nan,1,-1,-1,280,28,280,47,packages\compression\index.js,1,99
124,UnaryExpression,nan,1,-1,-1,298,9,298,22,packages\compression\index.js,1,100
125,UnaryExpression,nan,1,-1,-1,299,4,299,53,packages\compression\index.js,1,101
126,Identifier,chunk,-1,-1,-1,309,6,309,11,packages\compression\index.js,1,102
127,CallExpression,nan,1,-1,-1,308,9,308,31,packages\compression\index.js,1,103
128,CallExpression,nan,1,-1,-1,323,6,323,26,packages\compression\index.js,1,104
130,CallExpression,nan,2,-1,-1,62,4,62,42,packages\compression\index.js,1,105
131,AssignmentExpression,nan,-1,-1,-1,65,4,65,57,packages\compression\index.js,1,106
132,AssignmentExpression,nan,-1,-1,-1,68,4,68,70,packages\compression\index.js,1,107
133,AssignmentExpression,nan,-1,-1,-1,77,4,77,20,packages\compression\index.js,1,108
134,VariableDeclaration,nan,-1,-1,-1,81,4,81,21,packages\compression\index.js,1,109
135,VariableDeclaration,nan,-1,-1,-1,82,4,82,14,packages\compression\index.js,1,110
136,VariableDeclaration,nan,-1,-1,-1,83,4,83,22,packages\compression\index.js,1,111
137,VariableDeclaration,nan,-1,-1,-1,84,4,84,14,packages\compression\index.js,1,112
138,VariableDeclaration,nan,-1,-1,-1,86,4,86,22,packages\compression\index.js,1,113
139,VariableDeclaration,nan,-1,-1,-1,87,4,87,20,packages\compression\index.js,1,114
140,VariableDeclaration,nan,-1,-1,-1,88,4,88,26,packages\compression\index.js,1,115
145,FunctionDeclaration,nan,-1,1,0,155,4,159,5,packages\compression\index.js,1,116
148,CallExpression,nan,2,-1,-1,254,4,254,34,packages\compression\index.js,1,117
150,Identifier,chunk,-1,-1,-1,267,25,267,30,packages\compression\index.js,1,118
151,MemberExpression,nan,-1,-1,-1,267,9,267,24,packages\compression\index.js,1,119
152,CallExpression,nan,2,-1,-1,281,4,281,38,packages\compression\index.js,1,120
154,Identifier,type,-1,-1,-1,280,6,280,10,packages\compression\index.js,1,121
155,Identifier,undefined,-1,-1,-1,280,15,280,24,packages\compression\index.js,1,122
156,CallExpression,nan,1,-1,-1,280,29,280,47,packages\compression\index.js,1,123
157,Identifier,cacheControl,-1,-1,-1,298,10,298,22,packages\compression\index.js,1,124
158,CallExpression,nan,1,-1,-1,299,5,299,53,packages\compression\index.js,1,125
159,Identifier,chunk,-1,-1,-1,308,25,308,30,packages\compression\index.js,1,126
160,MemberExpression,nan,-1,-1,-1,308,9,308,24,packages\compression\index.js,1,127
161,MemberExpression,nan,-1,-1,-1,323,14,323,25,packages\compression\index.js,1,128
162,Identifier,Boolean,-1,-1,-1,323,6,323,13,packages\compression\index.js,1,129
163,UnaryExpression,nan,1,-1,-1,322,9,322,31,packages\compression\index.js,1,130
165,Identifier,optsBrotli,-1,-1,-1,62,18,62,28,packages\compression\index.js,1,131
166,MemberExpression,nan,-1,-1,-1,62,30,62,41,packages\compression\index.js,1,132
167,MemberExpression,nan,-1,-1,-1,62,4,62,17,packages\compression\index.js,1,133
168,MemberExpression,nan,-1,-1,-1,65,4,65,53,packages\compression\index.js,1,134
170,MemberExpression,nan,-1,-1,-1,68,4,68,21,packages\compression\index.js,1,135
171,CallExpression,nan,2,-1,-1,68,24,68,70,packages\compression\index.js,1,136
172,Identifier,threshold,-1,-1,-1,77,4,77,13,packages\compression\index.js,1,137
174,AssignmentExpression,nan,-1,-1,-1,91,4,95,5,packages\compression\index.js,1,138
175,AssignmentExpression,nan,-1,-1,-1,99,4,111,5,packages\compression\index.js,1,139
176,AssignmentExpression,nan,-1,-1,-1,113,4,138,5,packages\compression\index.js,1,140
177,AssignmentExpression,nan,-1,-1,-1,140,4,153,5,packages\compression\index.js,1,141
178,Identifier,nocompress,-1,-1,-1,155,13,155,23,packages\compression\index.js,1,142
179,Identifier,msg,-1,-1,-1,155,25,155,28,packages\compression\index.js,1,143
181,BlockStatement,nan,-1,-1,-1,155,30,159,5,packages\compression\index.js,1,144
182,CallExpression,nan,2,-1,-1,161,4,241,6,packages\compression\index.js,1,145
183,CallExpression,nan,0,-1,-1,243,4,243,10,packages\compression\index.js,1,146
184,Identifier,stream,-1,-1,-1,254,13,254,19,packages\compression\index.js,1,147
185,MemberExpression,nan,-1,-1,-1,254,21,254,33,packages\compression\index.js,1,148
186,MemberExpression,nan,-1,-1,-1,254,4,254,12,packages\compression\index.js,1,149
188,Identifier,type,-1,-1,-1,281,33,281,37,packages\compression\index.js,1,150
189,Identifier,debug,-1,-1,-1,281,4,281,9,packages\compression\index.js,1,151
190,Identifier,type,-1,-1,-1,280,42,280,46,packages\compression\index.js,1,152
191,Identifier,compressible,-1,-1,-1,280,29,280,41,packages\compression\index.js,1,153
192,Identifier,cacheControl,-1,-1,-1,299,40,299,52,packages\compression\index.js,1,154
193,MemberExpression,nan,-1,-1,-1,299,5,299,39,packages\compression\index.js,1,155
194,MemberExpression,nan,-1,-1,-1,322,16,322,31,packages\compression\index.js,1,156
195,Identifier,brotliParams,-1,-1,-1,68,38,68,50,packages\compression\index.js,1,157
196,MemberExpression,nan,-1,-1,-1,68,52,68,69,packages\compression\index.js,1,158
197,MemberExpression,nan,-1,-1,-1,68,24,68,37,packages\compression\index.js,1,159
198,MemberExpression,nan,-1,-1,-1,91,4,91,13,packages\compression\index.js,1,160
199,FunctionExpression,nan,-1,0,0,91,16,95,5,packages\compression\index.js,1,161
200,MemberExpression,nan,-1,-1,-1,99,4,99,13,packages\compression\index.js,1,162
201,FunctionExpression,nan,-1,2,1,99,16,111,5,packages\compression\index.js,1,163
202,MemberExpression,nan,-1,-1,-1,113,4,113,11,packages\compression\index.js,1,164
203,FunctionExpression,nan,-1,2,1,113,14,138,5,packages\compression\index.js,1,165
204,MemberExpression,nan,-1,-1,-1,140,4,140,10,packages\compression\index.js,1,166
205,FunctionExpression,nan,-1,2,1,140,13,153,5,packages\compression\index.js,1,167
209,Identifier,res,-1,-1,-1,161,14,161,17,packages\compression\index.js,1,168
210,FunctionExpression,nan,-1,0,1,161,19,241,5,packages\compression\index.js,1,169
211,Identifier,onHeaders,-1,-1,-1,161,4,161,13,packages\compression\index.js,1,170
212,Identifier,next,-1,-1,-1,243,4,243,8,packages\compression\index.js,1,171
213,Identifier,flush,-1,-1,-1,91,25,91,30,packages\compression\index.js,1,172
215,BlockStatement,nan,-1,-1,-1,91,34,95,5,packages\compression\index.js,1,173
216,Identifier,write,-1,-1,-1,99,25,99,30,packages\compression\index.js,1,174
217,Identifier,chunk,-1,-1,-1,99,32,99,37,packages\compression\index.js,1,175
218,Identifier,encoding,-1,-1,-1,99,39,99,47,packages\compression\index.js,1,176
220,BlockStatement,nan,-1,-1,-1,99,49,111,5,packages\compression\index.js,1,177
221,Identifier,end,-1,-1,-1,113,23,113,26,packages\compression\index.js,1,178
222,Identifier,chunk,-1,-1,-1,113,28,113,33,packages\compression\index.js,1,179
223,Identifier,encoding,-1,-1,-1,113,35,113,43,packages\compression\index.js,1,180
225,BlockStatement,nan,-1,-1,-1,113,45,138,5,packages\compression\index.js,1,181
226,Identifier,on,-1,-1,-1,140,22,140,24,packages\compression\index.js,1,182
227,Identifier,type,-1,-1,-1,140,26,140,30,packages\compression\index.js,1,183
228,Identifier,listener,-1,-1,-1,140,32,140,40,packages\compression\index.js,1,184
230,BlockStatement,nan,-1,-1,-1,140,42,153,5,packages\compression\index.js,1,185
231,CallExpression,nan,2,-1,-1,156,6,156,38,packages\compression\index.js,1,186
232,CallExpression,nan,3,-1,-1,157,6,157,39,packages\compression\index.js,1,187
233,AssignmentExpression,nan,-1,-1,-1,158,6,158,22,packages\compression\index.js,1,188
234,Identifier,onResponseHeaders,-1,-1,-1,161,28,161,45,packages\compression\index.js,1,189
236,BlockStatement,nan,-1,-1,-1,161,49,241,5,packages\compression\index.js,1,190
237,IfStatement,nan,-1,-1,-1,92,6,94,7,packages\compression\index.js,1,191
238,IfStatement,nan,-1,-1,-1,100,6,102,7,packages\compression\index.js,1,192
239,IfStatement,nan,-1,-1,-1,104,6,106,7,packages\compression\index.js,1,193
240,ReturnStatement,nan,1,-1,-1,108,6,110,44,packages\compression\index.js,1,194
241,IfStatement,nan,-1,-1,-1,114,6,116,7,packages\compression\index.js,1,195
242,IfStatement,nan,-1,-1,-1,118,6,125,7,packages\compression\index.js,1,196
243,IfStatement,nan,-1,-1,-1,127,6,129,7,packages\compression\index.js,1,197
245,ReturnStatement,nan,1,-1,-1,135,6,137,22,packages\compression\index.js,1,198
246,IfStatement,nan,-1,-1,-1,141,6,143,7,packages\compression\index.js,1,199
247,IfStatement,nan,-1,-1,-1,145,6,147,7,packages\compression\index.js,1,200
249,ReturnStatement,nan,1,-1,-1,152,6,152,17,packages\compression\index.js,1,201
251,Identifier,msg,-1,-1,-1,156,34,156,37,packages\compression\index.js,1,202
252,Identifier,debug,-1,-1,-1,156,6,156,11,packages\compression\index.js,1,203
253,Identifier,res,-1,-1,-1,157,19,157,22,packages\compression\index.js,1,204
254,Identifier,_on,-1,-1,-1,157,24,157,27,packages\compression\index.js,1,205
255,Identifier,listeners,-1,-1,-1,157,29,157,38,packages\compression\index.js,1,206
256,Identifier,addListeners,-1,-1,-1,157,6,157,18,packages\compression\index.js,1,207
257,Identifier,listeners,-1,-1,-1,158,6,158,15,packages\compression\index.js,1,208
259,IfStatement,nan,-1,-1,-1,163,6,166,7,packages\compression\index.js,1,209
260,IfStatement,nan,-1,-1,-1,169,6,172,7,packages\compression\index.js,1,210
262,IfStatement,nan,-1,-1,-1,178,6,181,7,packages\compression\index.js,1,211
263,VariableDeclaration,nan,-1,-1,-1,183,6,183,68,packages\compression\index.js,1,212
264,IfStatement,nan,-1,-1,-1,186,6,189,7,packages\compression\index.js,1,213
265,IfStatement,nan,-1,-1,-1,192,6,195,7,packages\compression\index.js,1,214
266,VariableDeclaration,nan,-1,-1,-1,198,6,198,42,packages\compression\index.js,1,215
267,VariableDeclaration,nan,-1,-1,-1,199,6,199,78,packages\compression\index.js,1,216
268,IfStatement,nan,-1,-1,-1,202,6,204,7,packages\compression\index.js,1,217
269,IfStatement,nan,-1,-1,-1,207,6,210,7,packages\compression\index.js,1,218
278,BlockStatement,nan,-1,-1,-1,92,18,94,7,packages\compression\index.js,1,219
279,Identifier,stream,-1,-1,-1,92,10,92,16,packages\compression\index.js,1,220
280,BlockStatement,nan,-1,-1,-1,100,17,102,7,packages\compression\index.js,1,221
281,Identifier,ended,-1,-1,-1,100,10,100,15,packages\compression\index.js,1,222
282,BlockStatement,nan,-1,-1,-1,104,29,106,7,packages\compression\index.js,1,223
283,UnaryExpression,nan,1,-1,-1,104,10,104,27,packages\compression\index.js,1,224
284,ConditionalExpression,nan,-1,-1,-1,108,13,110,44,packages\compression\index.js,1,225
285,BlockStatement,nan,-1,-1,-1,114,17,116,7,packages\compression\index.js,1,226
286,Identifier,ended,-1,-1,-1,114,10,114,15,packages\compression\index.js,1,227
287,BlockStatement,nan,-1,-1,-1,118,29,125,7,packages\compression\index.js,1,228
288,UnaryExpression,nan,1,-1,-1,118,10,118,27,packages\compression\index.js,1,229
289,BlockStatement,nan,-1,-1,-1,127,19,129,7,packages\compression\index.js,1,230
290,UnaryExpression,nan,1,-1,-1,127,10,127,17,packages\compression\index.js,1,231
291,AssignmentExpression,nan,-1,-1,-1,132,6,132,18,packages\compression\index.js,1,232
292,ConditionalExpression,nan,-1,-1,-1,135,13,137,22,packages\compression\index.js,1,233
293,BlockStatement,nan,-1,-1,-1,141,42,143,7,packages\compression\index.js,1,234
294,LogicalExpression,nan,-1,-1,-1,141,10,141,40,packages\compression\index.js,1,235
295,BlockStatement,nan,-1,-1,-1,145,18,147,7,packages\compression\index.js,1,236
296,Identifier,stream,-1,-1,-1,145,10,145,16,packages\compression\index.js,1,237
297,CallExpression,nan,1,-1,-1,150,6,150,38,packages\compression\index.js,1,238
298,ThisExpression,nan,-1,-1,-1,152,13,152,17,packages\compression\index.js,1,239
299,BlockStatement,nan,-1,-1,-1,163,29,166,7,packages\compression\index.js,1,240
300,UnaryExpression,nan,1,-1,-1,163,10,163,27,packages\compression\index.js,1,241
301,BlockStatement,nan,-1,-1,-1,169,38,172,7,packages\compression\index.js,1,242
302,UnaryExpression,nan,1,-1,-1,169,10,169,36,packages\compression\index.js,1,243
303,CallExpression,nan,2,-1,-1,175,6,175,34,packages\compression\index.js,1,244
304,BlockStatement,nan,-1,-1,-1,178,85,181,7,packages\compression\index.js,1,245
305,LogicalExpression,nan,-1,-1,-1,178,10,178,83,packages\compression\index.js,1,246
306,BlockStatement,nan,-1,-1,-1,186,35,189,7,packages\compression\index.js,1,247
308,BlockStatement,nan,-1,-1,-1,192,33,195,7,packages\compression\index.js,1,248
310,BlockStatement,nan,-1,-1,-1,202,96,204,7,packages\compression\index.js,1,249
311,LogicalExpression,nan,-1,-1,-1,202,10,202,94,packages\compression\index.js,1,250
312,BlockStatement,nan,-1,-1,-1,207,44,210,7,packages\compression\index.js,1,251
313,LogicalExpression,nan,-1,-1,-1,207,10,207,42,packages\compression\index.js,1,252
314,CallExpression,nan,2,-1,-1,213,6,213,37,packages\compression\index.js,1,253
315,AssignmentExpression,nan,-1,-1,-1,214,6,218,36,packages\compression\index.js,1,254
316,CallExpression,nan,3,-1,-1,221,6,221,48,packages\compression\index.js,1,255
317,CallExpression,nan,2,-1,-1,224,6,224,47,packages\compression\index.js,1,256
318,CallExpression,nan,1,-1,-1,225,6,225,40,packages\compression\index.js,1,257
319,CallExpression,nan,2,-1,-1,228,6,232,8,packages\compression\index.js,1,258
320,CallExpression,nan,2,-1,-1,234,6,236,8,packages\compression\index.js,1,259
321,CallExpression,nan,3,-1,-1,238,6,240,8,packages\compression\index.js,1,260
323,ReturnStatement,nan,1,-1,-1,101,8,101,20,packages\compression\index.js,1,261
325,CallExpression,nan,1,-1,-1,104,11,104,27,packages\compression\index.js,1,262
326,CallExpression,nan,1,-1,-1,109,10,109,49,packages\compression\index.js,1,263
327,Identifier,stream,-1,-1,-1,108,13,108,19,packages\compression\index.js,1,264
328,ReturnStatement,nan,1,-1,-1,115,8,115,20,packages\compression\index.js,1,265
329,IfStatement,nan,-1,-1,-1,120,8,122,9,packages\compression\index.js,1,266
331,CallExpression,nan,1,-1,-1,118,11,118,27,packages\compression\index.js,1,267
332,ReturnStatement,nan,1,-1,-1,128,8,128,47,packages\compression\index.js,1,268
333,Identifier,stream,-1,-1,-1,127,11,127,17,packages\compression\index.js,1,269
334,Identifier,ended,-1,-1,-1,132,6,132,11,packages\compression\index.js,1,270
336,CallExpression,nan,1,-1,-1,136,10,136,47,packages\compression\index.js,1,271
337,Identifier,chunk,-1,-1,-1,135,13,135,18,packages\compression\index.js,1,272
338,ReturnStatement,nan,1,-1,-1,142,8,142,45,packages\compression\index.js,1,273
339,UnaryExpression,nan,1,-1,-1,141,10,141,20,packages\compression\index.js,1,274
341,ReturnStatement,nan,1,-1,-1,146,8,146,40,packages\compression\index.js,1,275
342,ArrayExpression,nan,-1,-1,-1,150,21,150,37,packages\compression\index.js,1,276
343,MemberExpression,nan,-1,-1,-1,150,6,150,20,packages\compression\index.js,1,277
345,ReturnStatement,nan,-1,-1,-1,165,8,165,14,packages\compression\index.js,1,278
346,CallExpression,nan,2,-1,-1,163,11,163,27,packages\compression\index.js,1,279
348,ReturnStatement,nan,-1,-1,-1,171,8,171,14,packages\compression\index.js,1,280
349,CallExpression,nan,2,-1,-1,169,11,169,36,packages\compression\index.js,1,281
350,Identifier,res,-1,-1,-1,175,11,175,14,packages\compression\index.js,1,282
352,Identifier,vary,-1,-1,-1,175,6,175,10,packages\compression\index.js,1,283
354,ReturnStatement,nan,-1,-1,-1,180,8,180,14,packages\compression\index.js,1,284
358,ReturnStatement,nan,-1,-1,-1,188,8,188,14,packages\compression\index.js,1,285
359,Identifier,encoding,-1,-1,-1,186,10,186,18,packages\compression\index.js,1,286
362,ReturnStatement,nan,-1,-1,-1,194,8,194,14,packages\compression\index.js,1,287
363,MemberExpression,nan,-1,-1,-1,192,10,192,20,packages\compression\index.js,1,288
366,UnaryExpression,nan,1,-1,-1,202,10,202,41,packages\compression\index.js,1,289
369,ReturnStatement,nan,-1,-1,-1,209,8,209,14,packages\compression\index.js,1,290
370,UnaryExpression,nan,1,-1,-1,207,10,207,17,packages\compression\index.js,1,291
373,Identifier,method,-1,-1,-1,213,30,213,36,packages\compression\index.js,1,292
374,Identifier,debug,-1,-1,-1,213,6,213,11,packages\compression\index.js,1,293
375,Identifier,stream,-1,-1,-1,214,6,214,12,packages\compression\index.js,1,294
376,ConditionalExpression,nan,-1,-1,-1,214,15,218,36,packages\compression\index.js,1,295
377,Identifier,stream,-1,-1,-1,221,19,221,25,packages\compression\index.js,1,296
378,MemberExpression,nan,-1,-1,-1,221,27,221,36,packages\compression\index.js,1,297
379,Identifier,listeners,-1,-1,-1,221,38,221,47,packages\compression\index.js,1,298
380,Identifier,addListeners,-1,-1,-1,221,6,221,18,packages\compression\index.js,1,299
382,Identifier,method,-1,-1,-1,224,40,224,46,packages\compression\index.js,1,300
383,MemberExpression,nan,-1,-1,-1,224,6,224,19,packages\compression\index.js,1,301
385,MemberExpression,nan,-1,-1,-1,225,6,225,22,packages\compression\index.js,1,302
387,FunctionExpression,nan,-1,1,0,228,24,232,7,packages\compression\index.js,1,303
388,MemberExpression,nan,-1,-1,-1,228,6,228,15,packages\compression\index.js,1,304
390,FunctionExpression,nan,-1,0,0,234,23,236,7,packages\compression\index.js,1,305
391,MemberExpression,nan,-1,-1,-1,234,6,234,15,packages\compression\index.js,1,306
392,Identifier,res,-1,-1,-1,238,15,238,18,packages\compression\index.js,1,307
394,FunctionExpression,nan,-1,0,0,238,29,240,7,packages\compression\index.js,1,308
395,MemberExpression,nan,-1,-1,-1,238,6,238,14,packages\compression\index.js,1,309
396,CallExpression,nan,0,-1,-1,93,8,93,22,packages\compression\index.js,1,310
398,CallExpression,nan,1,-1,-1,105,8,105,39,packages\compression\index.js,1,311
399,Identifier,res,-1,-1,-1,104,23,104,26,packages\compression\index.js,1,312
400,Identifier,headersSent,-1,-1,-1,104,11,104,22,packages\compression\index.js,1,313
401,CallExpression,nan,2,-1,-1,109,23,109,48,packages\compression\index.js,1,314
402,MemberExpression,nan,-1,-1,-1,109,10,109,22,packages\compression\index.js,1,315
404,BlockStatement,nan,-1,-1,-1,120,47,122,9,packages\compression\index.js,1,316
405,UnaryExpression,nan,1,-1,-1,120,12,120,45,packages\compression\index.js,1,317
406,CallExpression,nan,1,-1,-1,124,8,124,39,packages\compression\index.js,1,318
407,Identifier,res,-1,-1,-1,118,23,118,26,packages\compression\index.js,1,319
408,Identifier,headersSent,-1,-1,-1,118,11,118,22,packages\compression\index.js,1,320
409,CallExpression,nan,3,-1,-1,128,15,128,47,packages\compression\index.js,1,321
410,CallExpression,nan,2,-1,-1,136,21,136,46,packages\compression\index.js,1,322
411,MemberExpression,nan,-1,-1,-1,136,10,136,20,packages\compression\index.js,1,323
412,CallExpression,nan,3,-1,-1,142,15,142,45,packages\compression\index.js,1,324
413,Identifier,listeners,-1,-1,-1,141,11,141,20,packages\compression\index.js,1,325
414,Identifier,type,-1,-1,-1,141,24,141,28,packages\compression\index.js,1,326
416,CallExpression,nan,2,-1,-1,146,15,146,40,packages\compression\index.js,1,327
417,CallExpression,nan,1,-1,-1,164,8,164,30,packages\compression\index.js,1,328
418,Identifier,req,-1,-1,-1,163,18,163,21,packages\compression\index.js,1,329
419,Identifier,res,-1,-1,-1,163,23,163,26,packages\compression\index.js,1,330
420,Identifier,filter,-1,-1,-1,163,11,163,17,packages\compression\index.js,1,331
421,CallExpression,nan,1,-1,-1,170,8,170,34,packages\compression\index.js,1,332
422,Identifier,req,-1,-1,-1,169,27,169,30,packages\compression\index.js,1,333
423,Identifier,res,-1,-1,-1,169,32,169,35,packages\compression\index.js,1,334
424,Identifier,shouldTransform,-1,-1,-1,169,11,169,26,packages\compression\index.js,1,335
425,CallExpression,nan,1,-1,-1,179,8,179,42,packages\compression\index.js,1,336
426,CallExpression,nan,1,-1,-1,178,10,178,49,packages\compression\index.js,1,337
427,Identifier,threshold,-1,-1,-1,178,52,178,61,packages\compression\index.js,1,338
428,Identifier,length,-1,-1,-1,178,65,178,71,packages\compression\index.js,1,339
429,Identifier,threshold,-1,-1,-1,178,74,178,83,packages\compression\index.js,1,340
430,CallExpression,nan,1,-1,-1,187,8,187,37,packages\compression\index.js,1,341
431,CallExpression,nan,1,-1,-1,193,8,193,34,packages\compression\index.js,1,342
432,AssignmentExpression,nan,-1,-1,-1,203,8,203,32,packages\compression\index.js,1,343
433,MemberExpression,nan,-1,-1,-1,202,11,202,41,packages\compression\index.js,1,344
434,CallExpression,nan,1,-1,-1,202,45,202,87,packages\compression\index.js,1,345
435,UnaryExpression,nan,1,-1,-1,202,92,202,94,packages\compression\index.js,1,346
436,CallExpression,nan,1,-1,-1,208,8,208,36,packages\compression\index.js,1,347
437,Identifier,method,-1,-1,-1,207,11,207,17,packages\compression\index.js,1,348
438,Identifier,method,-1,-1,-1,207,21,207,27,packages\compression\index.js,1,349
440,CallExpression,nan,1,-1,-1,215,10,215,31,packages\compression\index.js,1,350
442,Identifier,onStreamData,-1,-1,-1,228,33,228,45,packages\compression\index.js,1,351
443,Identifier,chunk,-1,-1,-1,228,47,228,52,packages\compression\index.js,1,352
445,BlockStatement,nan,-1,-1,-1,228,54,232,7,packages\compression\index.js,1,353
446,Identifier,onStreamEnd,-1,-1,-1,234,32,234,43,packages\compression\index.js,1,354
448,BlockStatement,nan,-1,-1,-1,234,47,236,7,packages\compression\index.js,1,355
449,Identifier,onResponseDrain,-1,-1,-1,238,38,238,53,packages\compression\index.js,1,356
451,BlockStatement,nan,-1,-1,-1,238,57,240,7,packages\compression\index.js,1,357
452,MemberExpression,nan,-1,-1,-1,93,8,93,20,packages\compression\index.js,1,358
453,MemberExpression,nan,-1,-1,-1,105,23,105,38,packages\compression\index.js,1,359
454,MemberExpression,nan,-1,-1,-1,105,8,105,22,packages\compression\index.js,1,360
455,Identifier,chunk,-1,-1,-1,109,32,109,37,packages\compression\index.js,1,361
456,Identifier,encoding,-1,-1,-1,109,39,109,47,packages\compression\index.js,1,362
457,Identifier,toBuffer,-1,-1,-1,109,23,109,31,packages\compression\index.js,1,363
459,CallExpression,nan,1,-1,-1,120,13,120,45,packages\compression\index.js,1,364
460,MemberExpression,nan,-1,-1,-1,124,23,124,38,packages\compression\index.js,1,365
461,MemberExpression,nan,-1,-1,-1,124,8,124,22,packages\compression\index.js,1,366
462,ThisExpression,nan,-1,-1,-1,128,25,128,29,packages\compression\index.js,1,367
463,Identifier,chunk,-1,-1,-1,128,31,128,36,packages\compression\index.js,1,368
464,Identifier,encoding,-1,-1,-1,128,38,128,46,packages\compression\index.js,1,369
465,MemberExpression,nan,-1,-1,-1,128,15,128,24,packages\compression\index.js,1,370
466,Identifier,chunk,-1,-1,-1,136,30,136,35,packages\compression\index.js,1,371
467,Identifier,encoding,-1,-1,-1,136,37,136,45,packages\compression\index.js,1,372
468,Identifier,toBuffer,-1,-1,-1,136,21,136,29,packages\compression\index.js,1,373
469,ThisExpression,nan,-1,-1,-1,142,24,142,28,packages\compression\index.js,1,374
470,Identifier,type,-1,-1,-1,142,30,142,34,packages\compression\index.js,1,375
471,Identifier,listener,-1,-1,-1,142,36,142,44,packages\compression\index.js,1,376
472,MemberExpression,nan,-1,-1,-1,142,15,142,23,packages\compression\index.js,1,377
473,Identifier,type,-1,-1,-1,146,25,146,29,packages\compression\index.js,1,378
474,Identifier,listener,-1,-1,-1,146,31,146,39,packages\compression\index.js,1,379
475,MemberExpression,nan,-1,-1,-1,146,15,146,24,packages\compression\index.js,1,380
477,Identifier,nocompress,-1,-1,-1,164,8,164,18,packages\compression\index.js,1,381
479,Identifier,nocompress,-1,-1,-1,170,8,170,18,packages\compression\index.js,1,382
481,Identifier,nocompress,-1,-1,-1,179,8,179,18,packages\compression\index.js,1,383
482,CallExpression,nan,1,-1,-1,178,17,178,48,packages\compression\index.js,1,384
483,Identifier,Number,-1,-1,-1,178,10,178,16,packages\compression\index.js,1,385
485,Identifier,nocompress,-1,-1,-1,187,8,187,18,packages\compression\index.js,1,386
487,Identifier,nocompress,-1,-1,-1,193,8,193,18,packages\compression\index.js,1,387
488,Identifier,method,-1,-1,-1,203,8,203,14,packages\compression\index.js,1,388
489,Identifier,enforceEncoding,-1,-1,-1,203,17,203,32,packages\compression\index.js,1,389
490,Identifier,enforceEncoding,-1,-1,-1,202,71,202,86,packages\compression\index.js,1,390
491,MemberExpression,nan,-1,-1,-1,202,45,202,70,packages\compression\index.js,1,391
494,Identifier,nocompress,-1,-1,-1,208,8,208,18,packages\compression\index.js,1,392
495,Identifier,opts,-1,-1,-1,215,26,215,30,packages\compression\index.js,1,393
496,MemberExpression,nan,-1,-1,-1,215,10,215,25,packages\compression\index.js,1,394
497,Identifier,method,-1,-1,-1,214,15,214,21,packages\compression\index.js,1,395
499,IfStatement,nan,-1,-1,-1,229,8,231,9,packages\compression\index.js,1,396
502,AssignmentExpression,nan,-1,-1,-1,121,10,121,47,packages\compression\index.js,1,397
504,MemberExpression,nan,-1,-1,-1,120,13,120,27,packages\compression\index.js,1,398
506,MemberExpression,nan,-1,-1,-1,178,17,178,30,packages\compression\index.js,1,399
507,BlockStatement,nan,-1,-1,-1,229,47,231,9,packages\compression\index.js,1,400
509,CallExpression,nan,1,-1,-1,235,8,235,22,packages\compression\index.js,1,401
510,CallExpression,nan,0,-1,-1,239,8,239,23,packages\compression\index.js,1,402
511,Identifier,length,-1,-1,-1,121,10,121,16,packages\compression\index.js,1,403
512,CallExpression,nan,2,-1,-1,121,19,121,47,packages\compression\index.js,1,404
514,CallExpression,nan,2,-1,-1,229,12,229,35,packages\compression\index.js,1,405
516,Identifier,res,-1,-1,-1,235,18,235,21,packages\compression\index.js,1,406
517,MemberExpression,nan,-1,-1,-1,235,8,235,17,packages\compression\index.js,1,407
518,MemberExpression,nan,-1,-1,-1,239,8,239,21,packages\compression\index.js,1,408
519,Identifier,chunk,-1,-1,-1,121,31,121,36,packages\compression\index.js,1,409
520,Identifier,encoding,-1,-1,-1,121,38,121,46,packages\compression\index.js,1,410
521,Identifier,chunkLength,-1,-1,-1,121,19,121,30,packages\compression\index.js,1,411
522,CallExpression,nan,0,-1,-1,230,10,230,24,packages\compression\index.js,1,412
523,Identifier,res,-1,-1,-1,229,24,229,27,packages\compression\index.js,1,413
524,Identifier,chunk,-1,-1,-1,229,29,229,34,packages\compression\index.js,1,414
525,MemberExpression,nan,-1,-1,-1,229,12,229,23,packages\compression\index.js,1,415
526,MemberExpression,nan,-1,-1,-1,230,10,230,22,packages\compression\index.js,1,416
527,Program,nan,-1,-1,-1,1,0,1078,1,packages\compression\test\compression.js,1,417
528,VariableDeclaration,nan,-1,-1,-1,1,0,1,28,packages\compression\test\compression.js,1,418
529,VariableDeclaration,nan,-1,-1,-1,2,0,2,30,packages\compression\test\compression.js,1,419
530,VariableDeclaration,nan,-1,-1,-1,3,0,3,42,packages\compression\test\compression.js,1,420
531,VariableDeclaration,nan,-1,-1,-1,4,0,4,28,packages\compression\test\compression.js,1,421
532,VariableDeclaration,nan,-1,-1,-1,5,0,5,30,packages\compression\test\compression.js,1,422
533,VariableDeclaration,nan,-1,-1,-1,6,0,6,26,packages\compression\test\compression.js,1,423
534,VariableDeclaration,nan,-1,-1,-1,7,0,7,34,packages\compression\test\compression.js,1,424
535,VariableDeclaration,nan,-1,-1,-1,8,0,8,26,packages\compression\test\compression.js,1,425
536,VariableDeclaration,nan,-1,-1,-1,10,0,10,33,packages\compression\test\compression.js,1,426
537,TryStatement,nan,-1,-1,-1,11,0,18,1,packages\compression\test\compression.js,1,427
538,VariableDeclaration,nan,-1,-1,-1,20,0,20,31,packages\compression\test\compression.js,1,428
539,VariableDeclaration,nan,-1,-1,-1,26,0,26,53,packages\compression\test\compression.js,1,429
540,VariableDeclaration,nan,-1,-1,-1,27,0,27,44,packages\compression\test\compression.js,1,430
542,FunctionDeclaration,nan,-1,2,1,978,0,991,1,packages\compression\test\compression.js,1,431
543,FunctionDeclaration,nan,-1,2,1,993,0,1008,1,packages\compression\test\compression.js,1,432
544,FunctionDeclaration,nan,-1,1,1,1010,0,1012,1,packages\compression\test\compression.js,1,433
545,FunctionDeclaration,nan,-1,3,0,1014,0,1032,1,packages\compression\test\compression.js,1,434
546,FunctionDeclaration,nan,-1,1,1,1034,0,1038,1,packages\compression\test\compression.js,1,435
547,FunctionDeclaration,nan,-1,1,1,1040,0,1044,1,packages\compression\test\compression.js,1,436
548,FunctionDeclaration,nan,-1,3,1,1046,0,1055,1,packages\compression\test\compression.js,1,437
549,FunctionDeclaration,nan,-1,3,1,1057,0,1078,1,packages\compression\test\compression.js,1,438
550,CallExpression,nan,2,-1,-1,29,0,976,2,packages\compression\test\compression.js,1,439
551,Identifier,createServer,-1,-1,-1,978,9,978,21,packages\compression\test\compression.js,1,440
552,Identifier,opts,-1,-1,-1,978,23,978,27,packages\compression\test\compression.js,1,441
553,Identifier,fn,-1,-1,-1,978,29,978,31,packages\compression\test\compression.js,1,442
555,BlockStatement,nan,-1,-1,-1,978,33,991,1,packages\compression\test\compression.js,1,443
556,Identifier,createHttp2Server,-1,-1,-1,993,9,993,26,packages\compression\test\compression.js,1,444
557,Identifier,opts,-1,-1,-1,993,28,993,32,packages\compression\test\compression.js,1,445
558,Identifier,fn,-1,-1,-1,993,34,993,36,packages\compression\test\compression.js,1,446
560,BlockStatement,nan,-1,-1,-1,993,38,1008,1,packages\compression\test\compression.js,1,447
561,Identifier,createHttp2Client,-1,-1,-1,1010,9,1010,26,packages\compression\test\compression.js,1,448
562,Identifier,port,-1,-1,-1,1010,28,1010,32,packages\compression\test\compression.js,1,449
564,BlockStatement,nan,-1,-1,-1,1010,34,1012,1,packages\compression\test\compression.js,1,450
565,Identifier,closeHttp2,-1,-1,-1,1014,9,1014,19,packages\compression\test\compression.js,1,451
566,Identifier,client,-1,-1,-1,1014,21,1014,27,packages\compression\test\compression.js,1,452
567,Identifier,server,-1,-1,-1,1014,29,1014,35,packages\compression\test\compression.js,1,453
568,Identifier,callback,-1,-1,-1,1014,37,1014,45,packages\compression\test\compression.js,1,454
570,BlockStatement,nan,-1,-1,-1,1014,47,1032,1,packages\compression\test\compression.js,1,455
571,Identifier,shouldHaveBodyLength,-1,-1,-1,1034,9,1034,29,packages\compression\test\compression.js,1,456
572,Identifier,length,-1,-1,-1,1034,31,1034,37,packages\compression\test\compression.js,1,457
574,BlockStatement,nan,-1,-1,-1,1034,39,1038,1,packages\compression\test\compression.js,1,458
575,Identifier,shouldNotHaveHeader,-1,-1,-1,1040,9,1040,28,packages\compression\test\compression.js,1,459
576,Identifier,header,-1,-1,-1,1040,30,1040,36,packages\compression\test\compression.js,1,460
578,BlockStatement,nan,-1,-1,-1,1040,38,1044,1,packages\compression\test\compression.js,1,461
579,Identifier,writeAndFlush,-1,-1,-1,1046,9,1046,22,packages\compression\test\compression.js,1,462
580,Identifier,stream,-1,-1,-1,1046,24,1046,30,packages\compression\test\compression.js,1,463
581,Identifier,count,-1,-1,-1,1046,32,1046,37,packages\compression\test\compression.js,1,464
582,Identifier,buf,-1,-1,-1,1046,39,1046,42,packages\compression\test\compression.js,1,465
584,BlockStatement,nan,-1,-1,-1,1046,44,1055,1,packages\compression\test\compression.js,1,466
585,Identifier,unchunk,-1,-1,-1,1057,9,1057,16,packages\compression\test\compression.js,1,467
586,Identifier,encoding,-1,-1,-1,1057,18,1057,26,packages\compression\test\compression.js,1,468
587,Identifier,onchunk,-1,-1,-1,1057,28,1057,35,packages\compression\test\compression.js,1,469
588,Identifier,onend,-1,-1,-1,1057,37,1057,42,packages\compression\test\compression.js,1,470
590,BlockStatement,nan,-1,-1,-1,1057,44,1078,1,packages\compression\test\compression.js,1,471
592,FunctionExpression,nan,-1,0,0,29,26,976,1,packages\compression\test\compression.js,1,472
593,Identifier,describe,-1,-1,-1,29,0,29,8,packages\compression\test\compression.js,1,473
594,VariableDeclaration,nan,-1,-1,-1,979,2,979,38,packages\compression\test\compression.js,1,474
595,ReturnStatement,nan,1,-1,-1,980,2,990,4,packages\compression\test\compression.js,1,475
596,VariableDeclaration,nan,-1,-1,-1,994,2,994,38,packages\compression\test\compression.js,1,476
597,VariableDeclaration,nan,-1,-1,-1,995,2,1005,4,packages\compression\test\compression.js,1,477
599,ReturnStatement,nan,1,-1,-1,1007,2,1007,15,packages\compression\test\compression.js,1,478
600,ReturnStatement,nan,1,-1,-1,1011,2,1011,50,packages\compression\test\compression.js,1,479
601,IfStatement,nan,-1,-1,-1,1015,2,1031,3,packages\compression\test\compression.js,1,480
602,ReturnStatement,nan,1,-1,-1,1035,2,1037,3,packages\compression\test\compression.js,1,481
603,ReturnStatement,nan,1,-1,-1,1041,2,1043,3,packages\compression\test\compression.js,1,482
604,VariableDeclaration,nan,-1,-1,-1,1047,2,1047,16,packages\compression\test\compression.js,1,483
605,ReturnStatement,nan,1,-1,-1,1049,2,1054,3,packages\compression\test\compression.js,1,484
606,ReturnStatement,nan,1,-1,-1,1058,2,1077,3,packages\compression\test\compression.js,1,485
608,BlockStatement,nan,-1,-1,-1,29,38,976,1,packages\compression\test\compression.js,1,486
609,CallExpression,nan,1,-1,-1,980,9,990,4,packages\compression\test\compression.js,1,487
610,CallExpression,nan,2,-1,-1,1006,2,1006,31,packages\compression\test\compression.js,1,488
611,Identifier,server,-1,-1,-1,1007,9,1007,15,packages\compression\test\compression.js,1,489
612,CallExpression,nan,1,-1,-1,1011,9,1011,50,packages\compression\test\compression.js,1,490
613,BlockStatement,nan,-1,-1,-1,1015,45,1022,3,packages\compression\test\compression.js,1,491
615,FunctionExpression,nan,-1,1,0,1035,9,1037,3,packages\compression\test\compression.js,1,492
616,FunctionExpression,nan,-1,1,0,1041,9,1043,3,packages\compression\test\compression.js,1,493
617,FunctionExpression,nan,-1,0,1,1049,9,1054,3,packages\compression\test\compression.js,1,494
618,FunctionExpression,nan,-1,1,0,1058,9,1077,3,packages\compression\test\compression.js,1,495
652,FunctionExpression,nan,-1,2,0,980,27,990,3,packages\compression\test\compression.js,1,496
653,MemberExpression,nan,-1,-1,-1,980,9,980,26,packages\compression\test\compression.js,1,497
656,MemberExpression,nan,-1,-1,-1,1006,2,1006,15,packages\compression\test\compression.js,1,498
658,MemberExpression,nan,-1,-1,-1,1011,9,1011,22,packages\compression\test\compression.js,1,499
660,UnaryExpression,nan,1,-1,-1,1015,6,1015,28,packages\compression\test\compression.js,1,500
662,Identifier,res,-1,-1,-1,1035,19,1035,22,packages\compression\test\compression.js,1,501
664,BlockStatement,nan,-1,-1,-1,1035,24,1037,3,packages\compression\test\compression.js,1,502
665,Identifier,res,-1,-1,-1,1041,19,1041,22,packages\compression\test\compression.js,1,503
667,BlockStatement,nan,-1,-1,-1,1041,24,1043,3,packages\compression\test\compression.js,1,504
669,BlockStatement,nan,-1,-1,-1,1049,21,1054,3,packages\compression\test\compression.js,1,505
670,Identifier,res,-1,-1,-1,1058,19,1058,22,packages\compression\test\compression.js,1,506
672,BlockStatement,nan,-1,-1,-1,1058,24,1077,3,packages\compression\test\compression.js,1,507
673,CallExpression,nan,2,-1,-1,30,2,41,4,packages\compression\test\compression.js,1,508
674,CallExpression,nan,2,-1,-1,43,2,54,4,packages\compression\test\compression.js,1,509
675,CallExpression,nan,2,-1,-1,56,2,68,4,packages\compression\test\compression.js,1,510
676,CallExpression,nan,2,-1,-1,70,2,81,4,packages\compression\test\compression.js,1,511
677,CallExpression,nan,2,-1,-1,83,2,94,4,packages\compression\test\compression.js,1,512
678,CallExpression,nan,2,-1,-1,96,2,106,4,packages\compression\test\compression.js,1,513
679,CallExpression,nan,2,-1,-1,108,2,118,4,packages\compression\test\compression.js,1,514
680,CallExpression,nan,2,-1,-1,120,2,130,4,packages\compression\test\compression.js,1,515
681,CallExpression,nan,2,-1,-1,132,2,143,4,packages\compression\test\compression.js,1,516
682,CallExpression,nan,2,-1,-1,145,2,157,4,packages\compression\test\compression.js,1,517
683,CallExpression,nan,2,-1,-1,159,2,174,4,packages\compression\test\compression.js,1,518
684,CallExpression,nan,2,-1,-1,176,2,231,4,packages\compression\test\compression.js,1,519
685,CallExpression,nan,2,-1,-1,233,2,286,4,packages\compression\test\compression.js,1,520
686,CallExpression,nan,2,-1,-1,288,2,303,4,packages\compression\test\compression.js,1,521
687,CallExpression,nan,2,-1,-1,305,2,323,4,packages\compression\test\compression.js,1,522
688,CallExpression,nan,2,-1,-1,325,2,358,4,packages\compression\test\compression.js,1,523
689,CallExpression,nan,2,-1,-1,360,2,476,4,packages\compression\test\compression.js,1,524
690,CallExpression,nan,2,-1,-1,478,2,504,4,packages\compression\test\compression.js,1,525
691,CallExpression,nan,2,-1,-1,506,2,518,4,packages\compression\test\compression.js,1,526
692,CallExpression,nan,2,-1,-1,520,2,532,4,packages\compression\test\compression.js,1,527
693,CallExpression,nan,2,-1,-1,534,2,564,4,packages\compression\test\compression.js,1,528
694,CallExpression,nan,2,-1,-1,566,2,578,4,packages\compression\test\compression.js,1,529
695,CallExpression,nan,2,-1,-1,580,2,592,4,packages\compression\test\compression.js,1,530
696,CallExpression,nan,2,-1,-1,594,2,621,4,packages\compression\test\compression.js,1,531
697,CallExpression,nan,2,-1,-1,623,2,635,4,packages\compression\test\compression.js,1,532
698,CallExpression,nan,2,-1,-1,637,2,649,4,packages\compression\test\compression.js,1,533
699,CallExpression,nan,2,-1,-1,651,2,663,4,packages\compression\test\compression.js,1,534
700,CallExpression,nan,2,-1,-1,665,2,677,4,packages\compression\test\compression.js,1,535
701,CallExpression,nan,2,-1,-1,679,2,691,4,packages\compression\test\compression.js,1,536
702,CallExpression,nan,2,-1,-1,693,2,723,4,packages\compression\test\compression.js,1,537
703,CallExpression,nan,2,-1,-1,725,2,761,4,packages\compression\test\compression.js,1,538
704,CallExpression,nan,2,-1,-1,763,2,882,4,packages\compression\test\compression.js,1,539
705,CallExpression,nan,2,-1,-1,884,2,975,4,packages\compression\test\compression.js,1,540
706,Identifier,req,-1,-1,-1,980,37,980,40,packages\compression\test\compression.js,1,541
707,Identifier,res,-1,-1,-1,980,42,980,45,packages\compression\test\compression.js,1,542
709,BlockStatement,nan,-1,-1,-1,980,47,990,3,packages\compression\test\compression.js,1,543
711,Identifier,port,-1,-1,-1,1011,45,1011,49,packages\compression\test\compression.js,1,544
712,CallExpression,nan,2,-1,-1,1017,4,1021,6,packages\compression\test\compression.js,1,545
713,MemberExpression,nan,-1,-1,-1,1015,13,1015,28,packages\compression\test\compression.js,1,546
716,IfStatement,nan,-1,-1,-1,1050,4,1050,33,packages\compression\test\compression.js,1,547
717,IfStatement,nan,-1,-1,-1,1051,4,1051,48,packages\compression\test\compression.js,1,548
720,VariableDeclaration,nan,-1,-1,-1,1059,4,1059,14,packages\compression\test\compression.js,1,549
722,SwitchStatement,nan,-1,-1,-1,1063,4,1073,5,packages\compression\test\compression.js,1,550
726,FunctionExpression,nan,-1,1,0,30,25,41,3,packages\compression\test\compression.js,1,551
727,Identifier,it,-1,-1,-1,30,2,30,4,packages\compression\test\compression.js,1,552
729,FunctionExpression,nan,-1,1,0,43,44,54,3,packages\compression\test\compression.js,1,553
730,Identifier,it,-1,-1,-1,43,2,43,4,packages\compression\test\compression.js,1,554
732,FunctionExpression,nan,-1,1,0,56,52,68,3,packages\compression\test\compression.js,1,555
733,Identifier,it,-1,-1,-1,56,2,56,4,packages\compression\test\compression.js,1,556
735,FunctionExpression,nan,-1,1,0,70,24,81,3,packages\compression\test\compression.js,1,557
736,Identifier,it,-1,-1,-1,70,2,70,4,packages\compression\test\compression.js,1,558
738,FunctionExpression,nan,-1,1,0,83,59,94,3,packages\compression\test\compression.js,1,559
739,Identifier,it,-1,-1,-1,83,2,83,4,packages\compression\test\compression.js,1,560
741,FunctionExpression,nan,-1,1,0,96,65,106,3,packages\compression\test\compression.js,1,561
742,Identifier,it,-1,-1,-1,96,2,96,4,packages\compression\test\compression.js,1,562
744,FunctionExpression,nan,-1,1,0,108,41,118,3,packages\compression\test\compression.js,1,563
745,Identifier,it,-1,-1,-1,108,2,108,4,packages\compression\test\compression.js,1,564
747,FunctionExpression,nan,-1,1,0,120,32,130,3,packages\compression\test\compression.js,1,565
748,Identifier,it,-1,-1,-1,120,2,120,4,packages\compression\test\compression.js,1,566
750,FunctionExpression,nan,-1,1,0,132,49,143,3,packages\compression\test\compression.js,1,567
751,Identifier,it,-1,-1,-1,132,2,132,4,packages\compression\test\compression.js,1,568
753,FunctionExpression,nan,-1,1,0,145,44,157,3,packages\compression\test\compression.js,1,569
754,Identifier,it,-1,-1,-1,145,2,145,4,packages\compression\test\compression.js,1,570
756,FunctionExpression,nan,-1,1,0,159,41,174,3,packages\compression\test\compression.js,1,571
757,Identifier,it,-1,-1,-1,159,2,159,4,packages\compression\test\compression.js,1,572
759,FunctionExpression,nan,-1,1,0,176,45,231,3,packages\compression\test\compression.js,1,573
760,Identifier,it,-1,-1,-1,176,2,176,4,packages\compression\test\compression.js,1,574
762,FunctionExpression,nan,-1,1,0,233,47,286,3,packages\compression\test\compression.js,1,575
763,Identifier,it,-1,-1,-1,233,2,233,4,packages\compression\test\compression.js,1,576
765,FunctionExpression,nan,-1,1,0,288,37,303,3,packages\compression\test\compression.js,1,577
766,Identifier,it,-1,-1,-1,288,2,288,4,packages\compression\test\compression.js,1,578
768,FunctionExpression,nan,-1,1,0,305,58,323,3,packages\compression\test\compression.js,1,579
769,Identifier,it,-1,-1,-1,305,2,305,4,packages\compression\test\compression.js,1,580
771,FunctionExpression,nan,-1,0,0,325,25,358,3,packages\compression\test\compression.js,1,581
772,Identifier,describeHttp2,-1,-1,-1,325,2,325,15,packages\compression\test\compression.js,1,582
774,FunctionExpression,nan,-1,0,0,360,24,476,3,packages\compression\test\compression.js,1,583
775,Identifier,describe,-1,-1,-1,360,2,360,10,packages\compression\test\compression.js,1,584
777,FunctionExpression,nan,-1,0,0,478,43,504,3,packages\compression\test\compression.js,1,585
778,Identifier,describe,-1,-1,-1,478,2,478,10,packages\compression\test\compression.js,1,586
780,FunctionExpression,nan,-1,0,0,506,46,518,3,packages\compression\test\compression.js,1,587
781,Identifier,describe,-1,-1,-1,506,2,506,10,packages\compression\test\compression.js,1,588
783,FunctionExpression,nan,-1,0,0,520,41,532,3,packages\compression\test\compression.js,1,589
784,Identifier,describe,-1,-1,-1,520,2,520,10,packages\compression\test\compression.js,1,590
786,FunctionExpression,nan,-1,0,0,534,71,564,3,packages\compression\test\compression.js,1,591
787,Identifier,describe,-1,-1,-1,534,2,534,10,packages\compression\test\compression.js,1,592
789,FunctionExpression,nan,-1,0,0,566,52,578,3,packages\compression\test\compression.js,1,593
790,Identifier,describe,-1,-1,-1,566,2,566,10,packages\compression\test\compression.js,1,594
792,FunctionExpression,nan,-1,0,0,580,52,592,3,packages\compression\test\compression.js,1,595
793,Identifier,describe,-1,-1,-1,580,2,580,10,packages\compression\test\compression.js,1,596
795,FunctionExpression,nan,-1,0,0,594,47,621,3,packages\compression\test\compression.js,1,597
796,Identifier,describe,-1,-1,-1,594,2,594,10,packages\compression\test\compression.js,1,598
798,FunctionExpression,nan,-1,0,0,623,56,635,3,packages\compression\test\compression.js,1,599
799,Identifier,describe,-1,-1,-1,623,2,623,10,packages\compression\test\compression.js,1,600
801,FunctionExpression,nan,-1,0,0,637,57,649,3,packages\compression\test\compression.js,1,601
802,Identifier,describe,-1,-1,-1,637,2,637,10,packages\compression\test\compression.js,1,602
804,FunctionExpression,nan,-1,0,0,651,53,663,3,packages\compression\test\compression.js,1,603
805,Identifier,describe,-1,-1,-1,651,2,651,10,packages\compression\test\compression.js,1,604
807,FunctionExpression,nan,-1,0,0,665,51,677,3,packages\compression\test\compression.js,1,605
808,Identifier,describe,-1,-1,-1,665,2,665,10,packages\compression\test\compression.js,1,606
810,FunctionExpression,nan,-1,0,0,679,50,691,3,packages\compression\test\compression.js,1,607
811,Identifier,describe,-1,-1,-1,679,2,679,10,packages\compression\test\compression.js,1,608
813,FunctionExpression,nan,-1,0,0,693,65,723,3,packages\compression\test\compression.js,1,609
814,Identifier,describe,-1,-1,-1,693,2,693,10,packages\compression\test\compression.js,1,610
816,FunctionExpression,nan,-1,0,0,725,22,761,3,packages\compression\test\compression.js,1,611
817,Identifier,describe,-1,-1,-1,725,2,725,10,packages\compression\test\compression.js,1,612
819,FunctionExpression,nan,-1,0,0,763,26,882,3,packages\compression\test\compression.js,1,613
820,Identifier,describe,-1,-1,-1,763,2,763,10,packages\compression\test\compression.js,1,614
822,FunctionExpression,nan,-1,0,0,884,30,975,3,packages\compression\test\compression.js,1,615
823,Identifier,describe,-1,-1,-1,884,2,884,10,packages\compression\test\compression.js,1,616
825,ObjectExpression,nan,-1,-1,-1,1017,20,1017,22,packages\compression\test\compression.js,1,617
826,FunctionExpression,nan,-1,0,0,1017,24,1021,5,packages\compression\test\compression.js,1,618
827,MemberExpression,nan,-1,-1,-1,1017,4,1017,19,packages\compression\test\compression.js,1,619
828,CallExpression,nan,3,-1,-1,1036,4,1036,87,packages\compression\test\compression.js,1,620
829,CallExpression,nan,2,-1,-1,1042,4,1042,89,packages\compression\test\compression.js,1,621
830,ReturnStatement,nan,-1,-1,-1,1050,27,1050,33,packages\compression\test\compression.js,1,622
832,ReturnStatement,nan,1,-1,-1,1051,26,1051,48,packages\compression\test\compression.js,1,623
834,CallExpression,nan,1,-1,-1,1052,4,1052,21,packages\compression\test\compression.js,1,624
835,CallExpression,nan,0,-1,-1,1053,4,1053,18,packages\compression\test\compression.js,1,625
836,CallExpression,nan,2,-1,-1,1061,4,1061,65,packages\compression\test\compression.js,1,626
837,CallExpression,nan,2,-1,-1,1075,4,1075,30,packages\compression\test\compression.js,1,627
838,CallExpression,nan,2,-1,-1,1076,4,1076,27,packages\compression\test\compression.js,1,628
839,Identifier,done,-1,-1,-1,30,35,30,39,packages\compression\test\compression.js,1,629
841,BlockStatement,nan,-1,-1,-1,30,41,41,3,packages\compression\test\compression.js,1,630
842,Identifier,done,-1,-1,-1,43,54,43,58,packages\compression\test\compression.js,1,631
844,BlockStatement,nan,-1,-1,-1,43,60,54,3,packages\compression\test\compression.js,1,632
845,Identifier,done,-1,-1,-1,56,62,56,66,packages\compression\test\compression.js,1,633
847,BlockStatement,nan,-1,-1,-1,56,68,68,3,packages\compression\test\compression.js,1,634
848,Identifier,done,-1,-1,-1,70,34,70,38,packages\compression\test\compression.js,1,635
850,BlockStatement,nan,-1,-1,-1,70,40,81,3,packages\compression\test\compression.js,1,636
851,Identifier,done,-1,-1,-1,83,69,83,73,packages\compression\test\compression.js,1,637
853,BlockStatement,nan,-1,-1,-1,83,75,94,3,packages\compression\test\compression.js,1,638
854,Identifier,done,-1,-1,-1,96,75,96,79,packages\compression\test\compression.js,1,639
856,BlockStatement,nan,-1,-1,-1,96,81,106,3,packages\compression\test\compression.js,1,640
857,Identifier,done,-1,-1,-1,108,51,108,55,packages\compression\test\compression.js,1,641
859,BlockStatement,nan,-1,-1,-1,108,57,118,3,packages\compression\test\compression.js,1,642
860,Identifier,done,-1,-1,-1,120,42,120,46,packages\compression\test\compression.js,1,643
862,BlockStatement,nan,-1,-1,-1,120,48,130,3,packages\compression\test\compression.js,1,644
863,Identifier,done,-1,-1,-1,132,59,132,63,packages\compression\test\compression.js,1,645
865,BlockStatement,nan,-1,-1,-1,132,65,143,3,packages\compression\test\compression.js,1,646
866,Identifier,done,-1,-1,-1,145,54,145,58,packages\compression\test\compression.js,1,647
868,BlockStatement,nan,-1,-1,-1,145,60,157,3,packages\compression\test\compression.js,1,648
869,Identifier,done,-1,-1,-1,159,51,159,55,packages\compression\test\compression.js,1,649
871,BlockStatement,nan,-1,-1,-1,159,57,174,3,packages\compression\test\compression.js,1,650
872,Identifier,done,-1,-1,-1,176,55,176,59,packages\compression\test\compression.js,1,651
874,BlockStatement,nan,-1,-1,-1,176,61,231,3,packages\compression\test\compression.js,1,652
875,Identifier,done,-1,-1,-1,233,57,233,61,packages\compression\test\compression.js,1,653
877,BlockStatement,nan,-1,-1,-1,233,63,286,3,packages\compression\test\compression.js,1,654
878,Identifier,done,-1,-1,-1,288,47,288,51,packages\compression\test\compression.js,1,655
880,BlockStatement,nan,-1,-1,-1,288,53,303,3,packages\compression\test\compression.js,1,656
881,Identifier,done,-1,-1,-1,305,68,305,72,packages\compression\test\compression.js,1,657
883,BlockStatement,nan,-1,-1,-1,305,74,323,3,packages\compression\test\compression.js,1,658
885,BlockStatement,nan,-1,-1,-1,325,37,358,3,packages\compression\test\compression.js,1,659
887,BlockStatement,nan,-1,-1,-1,360,36,476,3,packages\compression\test\compression.js,1,660
889,BlockStatement,nan,-1,-1,-1,478,55,504,3,packages\compression\test\compression.js,1,661
891,BlockStatement,nan,-1,-1,-1,506,58,518,3,packages\compression\test\compression.js,1,662
893,BlockStatement,nan,-1,-1,-1,520,53,532,3,packages\compression\test\compression.js,1,663
895,BlockStatement,nan,-1,-1,-1,534,83,564,3,packages\compression\test\compression.js,1,664
897,BlockStatement,nan,-1,-1,-1,566,64,578,3,packages\compression\test\compression.js,1,665
899,BlockStatement,nan,-1,-1,-1,580,64,592,3,packages\compression\test\compression.js,1,666
901,BlockStatement,nan,-1,-1,-1,594,59,621,3,packages\compression\test\compression.js,1,667
903,BlockStatement,nan,-1,-1,-1,623,68,635,3,packages\compression\test\compression.js,1,668
905,BlockStatement,nan,-1,-1,-1,637,69,649,3,packages\compression\test\compression.js,1,669
907,BlockStatement,nan,-1,-1,-1,651,65,663,3,packages\compression\test\compression.js,1,670
909,BlockStatement,nan,-1,-1,-1,665,63,677,3,packages\compression\test\compression.js,1,671
911,BlockStatement,nan,-1,-1,-1,679,62,691,3,packages\compression\test\compression.js,1,672
913,BlockStatement,nan,-1,-1,-1,693,77,723,3,packages\compression\test\compression.js,1,673
915,BlockStatement,nan,-1,-1,-1,725,34,761,3,packages\compression\test\compression.js,1,674
917,BlockStatement,nan,-1,-1,-1,763,38,882,3,packages\compression\test\compression.js,1,675
919,BlockStatement,nan,-1,-1,-1,884,42,975,3,packages\compression\test\compression.js,1,676
920,CallExpression,nan,3,-1,-1,981,4,989,6,packages\compression\test\compression.js,1,677
922,BlockStatement,nan,-1,-1,-1,1017,36,1021,5,packages\compression\test\compression.js,1,678
923,MemberExpression,nan,-1,-1,-1,1036,23,1036,38,packages\compression\test\compression.js,1,679
924,Identifier,length,-1,-1,-1,1036,40,1036,46,packages\compression\test\compression.js,1,680
926,MemberExpression,nan,-1,-1,-1,1036,4,1036,22,packages\compression\test\compression.js,1,681
927,UnaryExpression,nan,1,-1,-1,1042,14,1042,52,packages\compression\test\compression.js,1,682
929,MemberExpression,nan,-1,-1,-1,1042,4,1042,13,packages\compression\test\compression.js,1,683
930,UpdateExpression,nan,1,-1,-1,1050,8,1050,16,packages\compression\test\compression.js,1,684
931,Identifier,count,-1,-1,-1,1050,20,1050,25,packages\compression\test\compression.js,1,685
932,CallExpression,nan,1,-1,-1,1051,33,1051,48,packages\compression\test\compression.js,1,686
933,Identifier,writes,-1,-1,-1,1051,8,1051,14,packages\compression\test\compression.js,1,687
934,Identifier,count,-1,-1,-1,1051,19,1051,24,packages\compression\test\compression.js,1,688
935,Identifier,buf,-1,-1,-1,1052,17,1052,20,packages\compression\test\compression.js,1,689
936,MemberExpression,nan,-1,-1,-1,1052,4,1052,16,packages\compression\test\compression.js,1,690
937,MemberExpression,nan,-1,-1,-1,1053,4,1053,16,packages\compression\test\compression.js,1,691
938,MemberExpression,nan,-1,-1,-1,1061,23,1061,54,packages\compression\test\compression.js,1,692
939,Identifier,encoding,-1,-1,-1,1061,56,1061,64,packages\compression\test\compression.js,1,693
940,MemberExpression,nan,-1,-1,-1,1061,4,1061,22,packages\compression\test\compression.js,1,694
942,Identifier,onchunk,-1,-1,-1,1075,22,1075,29,packages\compression\test\compression.js,1,695
943,MemberExpression,nan,-1,-1,-1,1075,4,1075,13,packages\compression\test\compression.js,1,696
945,Identifier,onend,-1,-1,-1,1076,21,1076,26,packages\compression\test\compression.js,1,697
946,MemberExpression,nan,-1,-1,-1,1076,4,1076,13,packages\compression\test\compression.js,1,698
947,VariableDeclaration,nan,-1,-1,-1,31,4,34,6,packages\compression\test\compression.js,1,699
949,VariableDeclaration,nan,-1,-1,-1,44,4,47,6,packages\compression\test\compression.js,1,700
951,VariableDeclaration,nan,-1,-1,-1,57,4,61,6,packages\compression\test\compression.js,1,701
953,VariableDeclaration,nan,-1,-1,-1,71,4,74,6,packages\compression\test\compression.js,1,702
955,VariableDeclaration,nan,-1,-1,-1,84,4,87,6,packages\compression\test\compression.js,1,703
957,VariableDeclaration,nan,-1,-1,-1,97,4,100,6,packages\compression\test\compression.js,1,704
959,VariableDeclaration,nan,-1,-1,-1,109,4,112,6,packages\compression\test\compression.js,1,705
961,VariableDeclaration,nan,-1,-1,-1,121,4,124,6,packages\compression\test\compression.js,1,706
963,VariableDeclaration,nan,-1,-1,-1,133,4,136,6,packages\compression\test\compression.js,1,707
965,VariableDeclaration,nan,-1,-1,-1,146,4,150,6,packages\compression\test\compression.js,1,708
967,VariableDeclaration,nan,-1,-1,-1,161,4,169,6,packages\compression\test\compression.js,1,709
969,VariableDeclaration,nan,-1,-1,-1,177,4,177,11,packages\compression\test\compression.js,1,710
970,VariableDeclaration,nan,-1,-1,-1,178,4,178,27,packages\compression\test\compression.js,1,711
971,VariableDeclaration,nan,-1,-1,-1,179,4,179,14,packages\compression\test\compression.js,1,712
972,VariableDeclaration,nan,-1,-1,-1,180,4,180,23,packages\compression\test\compression.js,1,713
973,VariableDeclaration,nan,-1,-1,-1,181,4,181,12,packages\compression\test\compression.js,1,714
974,VariableDeclaration,nan,-1,-1,-1,182,4,192,6,packages\compression\test\compression.js,1,715
976,FunctionDeclaration,nan,-1,0,1,200,4,216,5,packages\compression\test\compression.js,1,716
978,VariableDeclaration,nan,-1,-1,-1,234,4,234,11,packages\compression\test\compression.js,1,717
979,VariableDeclaration,nan,-1,-1,-1,235,4,235,27,packages\compression\test\compression.js,1,718
980,VariableDeclaration,nan,-1,-1,-1,236,4,236,14,packages\compression\test\compression.js,1,719
981,VariableDeclaration,nan,-1,-1,-1,237,4,237,23,packages\compression\test\compression.js,1,720
982,VariableDeclaration,nan,-1,-1,-1,238,4,238,12,packages\compression\test\compression.js,1,721
983,VariableDeclaration,nan,-1,-1,-1,239,4,249,6,packages\compression\test\compression.js,1,722
985,FunctionDeclaration,nan,-1,0,1,257,4,271,5,packages\compression\test\compression.js,1,723
987,VariableDeclaration,nan,-1,-1,-1,289,4,289,26,packages\compression\test\compression.js,1,724
988,VariableDeclaration,nan,-1,-1,-1,290,4,290,36,packages\compression\test\compression.js,1,725
989,VariableDeclaration,nan,-1,-1,-1,291,4,294,6,packages\compression\test\compression.js,1,726
991,VariableDeclaration,nan,-1,-1,-1,306,4,306,27,packages\compression\test\compression.js,1,727
992,VariableDeclaration,nan,-1,-1,-1,307,4,307,36,packages\compression\test\compression.js,1,728
993,VariableDeclaration,nan,-1,-1,-1,308,4,314,6,packages\compression\test\compression.js,1,729
1001,VariableDeclaration,nan,-1,-1,-1,437,4,437,61,packages\compression\test\compression.js,1,730
1013,VariableDeclaration,nan,-1,-1,-1,595,4,595,48,packages\compression\test\compression.js,1,731
1040,Identifier,req,-1,-1,-1,981,17,981,20,packages\compression\test\compression.js,1,732
1041,Identifier,res,-1,-1,-1,981,22,981,25,packages\compression\test\compression.js,1,733
1042,FunctionExpression,nan,-1,1,1,981,27,989,5,packages\compression\test\compression.js,1,734
1043,Identifier,_compression,-1,-1,-1,981,4,981,16,packages\compression\test\compression.js,1,735
1046,Identifier,length,-1,-1,-1,1036,80,1036,86,packages\compression\test\compression.js,1,736
1049,Identifier,header,-1,-1,-1,1042,82,1042,88,packages\compression\test\compression.js,1,737
1050,Identifier,writes,-1,-1,-1,1050,8,1050,14,packages\compression\test\compression.js,1,738
1051,Identifier,buf,-1,-1,-1,1051,44,1051,47,packages\compression\test\compression.js,1,739
1052,MemberExpression,nan,-1,-1,-1,1051,33,1051,43,packages\compression\test\compression.js,1,740
1053,CallExpression,nan,2,-1,-1,36,4,40,24,packages\compression\test\compression.js,1,741
1054,CallExpression,nan,2,-1,-1,49,4,53,24,packages\compression\test\compression.js,1,742
1055,CallExpression,nan,3,-1,-1,63,4,67,40,packages\compression\test\compression.js,1,743
1056,CallExpression,nan,3,-1,-1,76,4,80,46,packages\compression\test\compression.js,1,744
1057,CallExpression,nan,2,-1,-1,89,4,93,24,packages\compression\test\compression.js,1,745
1058,CallExpression,nan,2,-1,-1,102,4,105,24,packages\compression\test\compression.js,1,746
1059,CallExpression,nan,3,-1,-1,114,4,117,46,packages\compression\test\compression.js,1,747
1060,CallExpression,nan,3,-1,-1,126,4,129,51,packages\compression\test\compression.js,1,748
1061,CallExpression,nan,2,-1,-1,138,4,142,24,packages\compression\test\compression.js,1,749
1062,CallExpression,nan,3,-1,-1,152,4,156,40,packages\compression\test\compression.js,1,750
1063,CallExpression,nan,1,-1,-1,171,4,173,26,packages\compression\test\compression.js,1,751
1064,CallExpression,nan,2,-1,-1,194,4,198,6,packages\compression\test\compression.js,1,752
1065,Identifier,pressure,-1,-1,-1,200,13,200,21,packages\compression\test\compression.js,1,753
1067,BlockStatement,nan,-1,-1,-1,200,25,216,5,packages\compression\test\compression.js,1,754
1068,CallExpression,nan,0,-1,-1,218,4,230,12,packages\compression\test\compression.js,1,755
1069,CallExpression,nan,2,-1,-1,251,4,255,6,packages\compression\test\compression.js,1,756
1070,Identifier,pressure,-1,-1,-1,257,13,257,21,packages\compression\test\compression.js,1,757
1072,BlockStatement,nan,-1,-1,-1,257,25,271,5,packages\compression\test\compression.js,1,758
1073,CallExpression,nan,0,-1,-1,273,4,285,12,packages\compression\test\compression.js,1,759
1074,CallExpression,nan,3,-1,-1,296,4,302,40,packages\compression\test\compression.js,1,760
1075,CallExpression,nan,2,-1,-1,316,4,322,24,packages\compression\test\compression.js,1,761
1076,CallExpression,nan,2,-1,-1,326,4,357,6,packages\compression\test\compression.js,1,762
1077,CallExpression,nan,2,-1,-1,361,4,373,6,packages\compression\test\compression.js,1,763
1078,CallExpression,nan,2,-1,-1,375,4,386,6,packages\compression\test\compression.js,1,764
1079,CallExpression,nan,2,-1,-1,388,4,401,6,packages\compression\test\compression.js,1,765
1080,CallExpression,nan,2,-1,-1,403,4,418,6,packages\compression\test\compression.js,1,766
1081,CallExpression,nan,2,-1,-1,420,4,434,6,packages\compression\test\compression.js,1,767
1082,CallExpression,nan,2,-1,-1,438,4,449,6,packages\compression\test\compression.js,1,768
1083,CallExpression,nan,2,-1,-1,451,4,462,6,packages\compression\test\compression.js,1,769
1084,CallExpression,nan,2,-1,-1,464,4,475,6,packages\compression\test\compression.js,1,770
1085,CallExpression,nan,2,-1,-1,479,4,489,6,packages\compression\test\compression.js,1,771
1086,CallExpression,nan,2,-1,-1,491,4,503,6,packages\compression\test\compression.js,1,772
1087,CallExpression,nan,2,-1,-1,507,4,517,6,packages\compression\test\compression.js,1,773
1088,CallExpression,nan,2,-1,-1,521,4,531,6,packages\compression\test\compression.js,1,774
1089,CallExpression,nan,2,-1,-1,535,4,548,6,packages\compression\test\compression.js,1,775
1090,CallExpression,nan,2,-1,-1,550,4,563,6,packages\compression\test\compression.js,1,776
1091,CallExpression,nan,2,-1,-1,567,4,577,6,packages\compression\test\compression.js,1,777
1092,CallExpression,nan,2,-1,-1,581,4,591,6,packages\compression\test\compression.js,1,778
1093,CallExpression,nan,2,-1,-1,596,4,606,6,packages\compression\test\compression.js,1,779
1094,AssignmentExpression,nan,-1,-1,-1,608,4,608,44,packages\compression\test\compression.js,1,780
1095,CallExpression,nan,2,-1,-1,610,4,620,6,packages\compression\test\compression.js,1,781
1096,CallExpression,nan,2,-1,-1,624,4,634,6,packages\compression\test\compression.js,1,782
1097,CallExpression,nan,2,-1,-1,638,4,648,6,packages\compression\test\compression.js,1,783
1098,CallExpression,nan,2,-1,-1,652,4,662,6,packages\compression\test\compression.js,1,784
1099,CallExpression,nan,2,-1,-1,666,4,676,6,packages\compression\test\compression.js,1,785
1100,CallExpression,nan,2,-1,-1,680,4,690,6,packages\compression\test\compression.js,1,786
1101,CallExpression,nan,2,-1,-1,694,4,707,6,packages\compression\test\compression.js,1,787
1102,CallExpression,nan,2,-1,-1,709,4,722,6,packages\compression\test\compression.js,1,788
1103,CallExpression,nan,2,-1,-1,726,4,728,6,packages\compression\test\compression.js,1,789
1104,CallExpression,nan,2,-1,-1,730,4,738,6,packages\compression\test\compression.js,1,790
1105,CallExpression,nan,2,-1,-1,740,4,749,6,packages\compression\test\compression.js,1,791
1106,CallExpression,nan,2,-1,-1,751,4,760,6,packages\compression\test\compression.js,1,792
1107,CallExpression,nan,2,-1,-1,764,4,776,6,packages\compression\test\compression.js,1,793
1108,CallExpression,nan,2,-1,-1,778,4,803,6,packages\compression\test\compression.js,1,794
1109,CallExpression,nan,2,-1,-1,805,4,829,6,packages\compression\test\compression.js,1,795
1110,CallExpression,nan,2,-1,-1,831,4,855,6,packages\compression\test\compression.js,1,796
1111,CallExpression,nan,2,-1,-1,857,4,881,6,packages\compression\test\compression.js,1,797
1112,CallExpression,nan,2,-1,-1,885,4,896,6,packages\compression\test\compression.js,1,798
1113,CallExpression,nan,2,-1,-1,898,4,909,6,packages\compression\test\compression.js,1,799
1114,CallExpression,nan,2,-1,-1,911,4,922,6,packages\compression\test\compression.js,1,800
1115,CallExpression,nan,2,-1,-1,924,4,935,6,packages\compression\test\compression.js,1,801
1116,CallExpression,nan,2,-1,-1,937,4,948,6,packages\compression\test\compression.js,1,802
1117,CallExpression,nan,2,-1,-1,950,4,961,6,packages\compression\test\compression.js,1,803
1118,CallExpression,nan,2,-1,-1,963,4,974,6,packages\compression\test\compression.js,1,804
1119,Identifier,err,-1,-1,-1,981,37,981,40,packages\compression\test\compression.js,1,805
1121,BlockStatement,nan,-1,-1,-1,981,42,989,5,packages\compression\test\compression.js,1,806
1122,CallExpression,nan,1,-1,-1,1018,6,1020,8,packages\compression\test\compression.js,1,807
1123,CallExpression,nan,0,-1,-1,1042,16,1042,36,packages\compression\test\compression.js,1,808
1124,MemberExpression,nan,-1,-1,-1,1042,40,1042,51,packages\compression\test\compression.js,1,809
1126,Identifier,done,-1,-1,-1,40,19,40,23,packages\compression\test\compression.js,1,810
1127,MemberExpression,nan,-1,-1,-1,36,4,40,13,packages\compression\test\compression.js,1,811
1129,Identifier,done,-1,-1,-1,53,19,53,23,packages\compression\test\compression.js,1,812
1130,MemberExpression,nan,-1,-1,-1,49,4,53,13,packages\compression\test\compression.js,1,813
1133,Identifier,done,-1,-1,-1,67,35,67,39,packages\compression\test\compression.js,1,814
1134,MemberExpression,nan,-1,-1,-1,63,4,67,13,packages\compression\test\compression.js,1,815
1137,Identifier,done,-1,-1,-1,80,41,80,45,packages\compression\test\compression.js,1,816
1138,MemberExpression,nan,-1,-1,-1,76,4,80,13,packages\compression\test\compression.js,1,817
1140,Identifier,done,-1,-1,-1,93,19,93,23,packages\compression\test\compression.js,1,818
1141,MemberExpression,nan,-1,-1,-1,89,4,93,13,packages\compression\test\compression.js,1,819
1143,Identifier,done,-1,-1,-1,105,19,105,23,packages\compression\test\compression.js,1,820
1144,MemberExpression,nan,-1,-1,-1,102,4,105,13,packages\compression\test\compression.js,1,821
1147,Identifier,done,-1,-1,-1,117,41,117,45,packages\compression\test\compression.js,1,822
1148,MemberExpression,nan,-1,-1,-1,114,4,117,13,packages\compression\test\compression.js,1,823
1151,Identifier,done,-1,-1,-1,129,46,129,50,packages\compression\test\compression.js,1,824
1152,MemberExpression,nan,-1,-1,-1,126,4,129,13,packages\compression\test\compression.js,1,825
1154,Identifier,done,-1,-1,-1,142,19,142,23,packages\compression\test\compression.js,1,826
1155,MemberExpression,nan,-1,-1,-1,138,4,142,13,packages\compression\test\compression.js,1,827
1158,Identifier,done,-1,-1,-1,156,35,156,39,packages\compression\test\compression.js,1,828
1159,MemberExpression,nan,-1,-1,-1,152,4,156,13,packages\compression\test\compression.js,1,829
1160,FunctionExpression,nan,-1,0,0,173,11,173,25,packages\compression\test\compression.js,1,830
1161,MemberExpression,nan,-1,-1,-1,171,4,173,10,packages\compression\test\compression.js,1,831
1163,FunctionExpression,nan,-1,2,1,194,35,198,5,packages\compression\test\compression.js,1,832
1164,MemberExpression,nan,-1,-1,-1,194,4,194,22,packages\compression\test\compression.js,1,833
1165,IfStatement,nan,-1,-1,-1,201,6,201,42,packages\compression\test\compression.js,1,834
1167,WhileStatement,nan,-1,-1,-1,205,6,207,7,packages\compression\test\compression.js,1,835
1171,MemberExpression,nan,-1,-1,-1,218,4,230,10,packages\compression\test\compression.js,1,836
1173,FunctionExpression,nan,-1,2,1,251,35,255,5,packages\compression\test\compression.js,1,837
1174,MemberExpression,nan,-1,-1,-1,251,4,251,22,packages\compression\test\compression.js,1,838
1175,IfStatement,nan,-1,-1,-1,258,6,258,42,packages\compression\test\compression.js,1,839
1176,WhileStatement,nan,-1,-1,-1,260,6,262,7,packages\compression\test\compression.js,1,840
1180,MemberExpression,nan,-1,-1,-1,273,4,285,10,packages\compression\test\compression.js,1,841
1182,CallExpression,nan,0,-1,-1,302,19,302,33,packages\compression\test\compression.js,1,842
1183,Identifier,done,-1,-1,-1,302,35,302,39,packages\compression\test\compression.js,1,843
1184,MemberExpression,nan,-1,-1,-1,296,4,302,13,packages\compression\test\compression.js,1,844
1186,Identifier,done,-1,-1,-1,322,19,322,23,packages\compression\test\compression.js,1,845
1187,MemberExpression,nan,-1,-1,-1,316,4,322,13,packages\compression\test\compression.js,1,846
1189,FunctionExpression,nan,-1,1,0,326,40,357,5,packages\compression\test\compression.js,1,847
1190,Identifier,it,-1,-1,-1,326,4,326,6,packages\compression\test\compression.js,1,848
1192,FunctionExpression,nan,-1,1,0,361,65,373,5,packages\compression\test\compression.js,1,849
1193,Identifier,it,-1,-1,-1,361,4,361,6,packages\compression\test\compression.js,1,850
1195,FunctionExpression,nan,-1,1,0,375,61,386,5,packages\compression\test\compression.js,1,851
1196,Identifier,it,-1,-1,-1,375,4,375,6,packages\compression\test\compression.js,1,852
1198,FunctionExpression,nan,-1,1,0,388,66,401,5,packages\compression\test\compression.js,1,853
1199,Identifier,it,-1,-1,-1,388,4,388,6,packages\compression\test\compression.js,1,854
1201,FunctionExpression,nan,-1,1,0,403,88,418,5,packages\compression\test\compression.js,1,855
1202,Identifier,it,-1,-1,-1,403,4,403,6,packages\compression\test\compression.js,1,856
1204,FunctionExpression,nan,-1,1,0,420,85,434,5,packages\compression\test\compression.js,1,857
1205,Identifier,it,-1,-1,-1,420,4,420,6,packages\compression\test\compression.js,1,858
1207,FunctionExpression,nan,-1,1,0,438,42,449,5,packages\compression\test\compression.js,1,859
1208,Identifier,run,-1,-1,-1,438,4,438,7,packages\compression\test\compression.js,1,860
1210,FunctionExpression,nan,-1,1,0,451,48,462,5,packages\compression\test\compression.js,1,861
1211,Identifier,it,-1,-1,-1,451,4,451,6,packages\compression\test\compression.js,1,862
1213,FunctionExpression,nan,-1,1,0,464,41,475,5,packages\compression\test\compression.js,1,863
1214,Identifier,it,-1,-1,-1,464,4,464,6,packages\compression\test\compression.js,1,864
1216,FunctionExpression,nan,-1,1,0,479,35,489,5,packages\compression\test\compression.js,1,865
1217,Identifier,it,-1,-1,-1,479,4,479,6,packages\compression\test\compression.js,1,866
1219,FunctionExpression,nan,-1,1,0,491,48,503,5,packages\compression\test\compression.js,1,867
1220,Identifier,it,-1,-1,-1,491,4,491,6,packages\compression\test\compression.js,1,868
1222,FunctionExpression,nan,-1,1,0,507,38,517,5,packages\compression\test\compression.js,1,869
1223,Identifier,it,-1,-1,-1,507,4,507,6,packages\compression\test\compression.js,1,870
1225,FunctionExpression,nan,-1,1,0,521,37,531,5,packages\compression\test\compression.js,1,871
1226,Identifier,brotli,-1,-1,-1,521,4,521,10,packages\compression\test\compression.js,1,872
1228,FunctionExpression,nan,-1,1,0,535,37,548,5,packages\compression\test\compression.js,1,873
1229,Identifier,brotli,-1,-1,-1,535,4,535,10,packages\compression\test\compression.js,1,874
1231,FunctionExpression,nan,-1,1,0,550,66,563,5,packages\compression\test\compression.js,1,875
1232,Identifier,brotli,-1,-1,-1,550,4,550,10,packages\compression\test\compression.js,1,876
1234,FunctionExpression,nan,-1,1,0,567,35,577,5,packages\compression\test\compression.js,1,877
1235,Identifier,it,-1,-1,-1,567,4,567,6,packages\compression\test\compression.js,1,878
1237,FunctionExpression,nan,-1,1,0,581,35,591,5,packages\compression\test\compression.js,1,879
1238,Identifier,it,-1,-1,-1,581,4,581,6,packages\compression\test\compression.js,1,880
1240,FunctionExpression,nan,-1,1,0,596,37,606,5,packages\compression\test\compression.js,1,881
1241,Identifier,brotli,-1,-1,-1,596,4,596,10,packages\compression\test\compression.js,1,882
1242,Identifier,brotli,-1,-1,-1,608,4,608,10,packages\compression\test\compression.js,1,883
1243,ConditionalExpression,nan,-1,-1,-1,608,13,608,44,packages\compression\test\compression.js,1,884
1245,FunctionExpression,nan,-1,1,0,610,39,620,5,packages\compression\test\compression.js,1,885
1246,Identifier,brotli,-1,-1,-1,610,4,610,10,packages\compression\test\compression.js,1,886
1248,FunctionExpression,nan,-1,1,0,624,37,634,5,packages\compression\test\compression.js,1,887
1249,Identifier,brotli,-1,-1,-1,624,4,624,10,packages\compression\test\compression.js,1,888
1251,FunctionExpression,nan,-1,1,0,638,39,648,5,packages\compression\test\compression.js,1,889
1252,Identifier,brotli,-1,-1,-1,638,4,638,10,packages\compression\test\compression.js,1,890
1254,FunctionExpression,nan,-1,1,0,652,39,662,5,packages\compression\test\compression.js,1,891
1255,Identifier,brotli,-1,-1,-1,652,4,652,10,packages\compression\test\compression.js,1,892
1257,FunctionExpression,nan,-1,1,0,666,39,676,5,packages\compression\test\compression.js,1,893
1258,Identifier,brotli,-1,-1,-1,666,4,666,10,packages\compression\test\compression.js,1,894
1260,FunctionExpression,nan,-1,1,0,680,37,690,5,packages\compression\test\compression.js,1,895
1261,Identifier,brotli,-1,-1,-1,680,4,680,10,packages\compression\test\compression.js,1,896
1263,FunctionExpression,nan,-1,1,0,694,39,707,5,packages\compression\test\compression.js,1,897
1264,Identifier,it,-1,-1,-1,694,4,694,6,packages\compression\test\compression.js,1,898
1266,FunctionExpression,nan,-1,1,0,709,38,722,5,packages\compression\test\compression.js,1,899
1267,Identifier,it,-1,-1,-1,709,4,709,6,packages\compression\test\compression.js,1,900
1269,FunctionExpression,nan,-1,0,0,726,31,728,5,packages\compression\test\compression.js,1,901
1270,Identifier,it,-1,-1,-1,726,4,726,6,packages\compression\test\compression.js,1,902
1272,FunctionExpression,nan,-1,1,0,730,48,738,5,packages\compression\test\compression.js,1,903
1273,Identifier,it,-1,-1,-1,730,4,730,6,packages\compression\test\compression.js,1,904
1275,FunctionExpression,nan,-1,1,0,740,46,749,5,packages\compression\test\compression.js,1,905
1276,Identifier,it,-1,-1,-1,740,4,740,6,packages\compression\test\compression.js,1,906
1278,FunctionExpression,nan,-1,1,0,751,56,760,5,packages\compression\test\compression.js,1,907
1279,Identifier,it,-1,-1,-1,751,4,751,6,packages\compression\test\compression.js,1,908
1281,FunctionExpression,nan,-1,1,0,764,35,776,5,packages\compression\test\compression.js,1,909
1282,Identifier,it,-1,-1,-1,764,4,764,6,packages\compression\test\compression.js,1,910
1284,FunctionExpression,nan,-1,1,0,778,36,803,5,packages\compression\test\compression.js,1,911
1285,Identifier,it,-1,-1,-1,778,4,778,6,packages\compression\test\compression.js,1,912
1287,FunctionExpression,nan,-1,1,0,805,45,829,5,packages\compression\test\compression.js,1,913
1288,Identifier,it,-1,-1,-1,805,4,805,6,packages\compression\test\compression.js,1,914
1290,FunctionExpression,nan,-1,1,0,831,51,855,5,packages\compression\test\compression.js,1,915
1291,Identifier,brotli,-1,-1,-1,831,4,831,10,packages\compression\test\compression.js,1,916
1293,FunctionExpression,nan,-1,1,0,857,48,881,5,packages\compression\test\compression.js,1,917
1294,Identifier,it,-1,-1,-1,857,4,857,6,packages\compression\test\compression.js,1,918
1296,FunctionExpression,nan,-1,1,0,885,77,896,5,packages\compression\test\compression.js,1,919
1297,Identifier,it,-1,-1,-1,885,4,885,6,packages\compression\test\compression.js,1,920
1299,FunctionExpression,nan,-1,1,0,898,63,909,5,packages\compression\test\compression.js,1,921
1300,Identifier,it,-1,-1,-1,898,4,898,6,packages\compression\test\compression.js,1,922
1302,FunctionExpression,nan,-1,1,0,911,55,922,5,packages\compression\test\compression.js,1,923
1303,Identifier,it,-1,-1,-1,911,4,911,6,packages\compression\test\compression.js,1,924
1305,FunctionExpression,nan,-1,1,0,924,58,935,5,packages\compression\test\compression.js,1,925
1306,Identifier,it,-1,-1,-1,924,4,924,6,packages\compression\test\compression.js,1,926
1308,FunctionExpression,nan,-1,1,0,937,61,948,5,packages\compression\test\compression.js,1,927
1309,Identifier,brotli,-1,-1,-1,937,4,937,10,packages\compression\test\compression.js,1,928
1311,FunctionExpression,nan,-1,1,0,950,62,961,5,packages\compression\test\compression.js,1,929
1312,Identifier,it,-1,-1,-1,950,4,950,6,packages\compression\test\compression.js,1,930
1314,FunctionExpression,nan,-1,1,0,963,57,974,5,packages\compression\test\compression.js,1,931
1315,Identifier,it,-1,-1,-1,963,4,963,6,packages\compression\test\compression.js,1,932
1316,IfStatement,nan,-1,-1,-1,982,6,986,7,packages\compression\test\compression.js,1,933
1318,FunctionExpression,nan,-1,0,0,1018,19,1020,7,packages\compression\test\compression.js,1,934
1319,MemberExpression,nan,-1,-1,-1,1018,6,1018,18,packages\compression\test\compression.js,1,935
1320,MemberExpression,nan,-1,-1,-1,1042,16,1042,34,packages\compression\test\compression.js,1,936
1322,BlockStatement,nan,-1,-1,-1,173,23,173,25,packages\compression\test\compression.js,1,937
1325,Identifier,err,-1,-1,-1,194,45,194,48,packages\compression\test\compression.js,1,938
1326,Identifier,chunk,-1,-1,-1,194,50,194,55,packages\compression\test\compression.js,1,939
1328,BlockStatement,nan,-1,-1,-1,194,57,198,5,packages\compression\test\compression.js,1,940
1329,ReturnStatement,nan,-1,-1,-1,201,36,201,42,packages\compression\test\compression.js,1,941
1330,LogicalExpression,nan,-1,-1,-1,201,10,201,34,packages\compression\test\compression.js,1,942
1331,CallExpression,nan,1,-1,-1,203,6,203,25,packages\compression\test\compression.js,1,943
1333,BlockStatement,nan,-1,-1,-1,205,40,207,7,packages\compression\test\compression.js,1,944
1334,CallExpression,nan,2,-1,-1,209,6,212,8,packages\compression\test\compression.js,1,945
1335,CallExpression,nan,2,-1,-1,214,6,214,27,packages\compression\test\compression.js,1,946
1336,CallExpression,nan,0,-1,-1,215,6,215,21,packages\compression\test\compression.js,1,947
1339,Identifier,err,-1,-1,-1,251,45,251,48,packages\compression\test\compression.js,1,948
1340,Identifier,chunk,-1,-1,-1,251,50,251,55,packages\compression\test\compression.js,1,949
1342,BlockStatement,nan,-1,-1,-1,251,57,255,5,packages\compression\test\compression.js,1,950
1343,ReturnStatement,nan,-1,-1,-1,258,36,258,42,packages\compression\test\compression.js,1,951
1344,LogicalExpression,nan,-1,-1,-1,258,10,258,34,packages\compression\test\compression.js,1,952
1346,BlockStatement,nan,-1,-1,-1,260,40,262,7,packages\compression\test\compression.js,1,953
1347,CallExpression,nan,2,-1,-1,264,6,268,8,packages\compression\test\compression.js,1,954
1348,CallExpression,nan,2,-1,-1,269,6,269,27,packages\compression\test\compression.js,1,955
1349,CallExpression,nan,0,-1,-1,270,6,270,21,packages\compression\test\compression.js,1,956
1350,MemberExpression,nan,-1,-1,-1,302,19,302,31,packages\compression\test\compression.js,1,957
1351,Identifier,done,-1,-1,-1,326,50,326,54,packages\compression\test\compression.js,1,958
1353,BlockStatement,nan,-1,-1,-1,326,56,357,5,packages\compression\test\compression.js,1,959
1354,Identifier,done,-1,-1,-1,361,75,361,79,packages\compression\test\compression.js,1,960
1356,BlockStatement,nan,-1,-1,-1,361,81,373,5,packages\compression\test\compression.js,1,961
1357,Identifier,done,-1,-1,-1,375,71,375,75,packages\compression\test\compression.js,1,962
1359,BlockStatement,nan,-1,-1,-1,375,77,386,5,packages\compression\test\compression.js,1,963
1360,Identifier,done,-1,-1,-1,388,76,388,80,packages\compression\test\compression.js,1,964
1362,BlockStatement,nan,-1,-1,-1,388,82,401,5,packages\compression\test\compression.js,1,965
1363,Identifier,done,-1,-1,-1,403,98,403,102,packages\compression\test\compression.js,1,966
1365,BlockStatement,nan,-1,-1,-1,403,104,418,5,packages\compression\test\compression.js,1,967
1366,Identifier,done,-1,-1,-1,420,95,420,99,packages\compression\test\compression.js,1,968
1368,BlockStatement,nan,-1,-1,-1,420,101,434,5,packages\compression\test\compression.js,1,969
1369,Identifier,done,-1,-1,-1,438,52,438,56,packages\compression\test\compression.js,1,970
1371,BlockStatement,nan,-1,-1,-1,438,58,449,5,packages\compression\test\compression.js,1,971
1372,Identifier,done,-1,-1,-1,451,58,451,62,packages\compression\test\compression.js,1,972
1374,BlockStatement,nan,-1,-1,-1,451,64,462,5,packages\compression\test\compression.js,1,973
1375,Identifier,done,-1,-1,-1,464,51,464,55,packages\compression\test\compression.js,1,974
1377,BlockStatement,nan,-1,-1,-1,464,57,475,5,packages\compression\test\compression.js,1,975
1378,Identifier,done,-1,-1,-1,479,45,479,49,packages\compression\test\compression.js,1,976
1380,BlockStatement,nan,-1,-1,-1,479,51,489,5,packages\compression\test\compression.js,1,977
1381,Identifier,done,-1,-1,-1,491,58,491,62,packages\compression\test\compression.js,1,978
1383,BlockStatement,nan,-1,-1,-1,491,64,503,5,packages\compression\test\compression.js,1,979
1384,Identifier,done,-1,-1,-1,507,48,507,52,packages\compression\test\compression.js,1,980
1386,BlockStatement,nan,-1,-1,-1,507,54,517,5,packages\compression\test\compression.js,1,981
1387,Identifier,done,-1,-1,-1,521,47,521,51,packages\compression\test\compression.js,1,982
1389,BlockStatement,nan,-1,-1,-1,521,53,531,5,packages\compression\test\compression.js,1,983
1390,Identifier,done,-1,-1,-1,535,47,535,51,packages\compression\test\compression.js,1,984
1392,BlockStatement,nan,-1,-1,-1,535,53,548,5,packages\compression\test\compression.js,1,985
1393,Identifier,done,-1,-1,-1,550,76,550,80,packages\compression\test\compression.js,1,986
1395,BlockStatement,nan,-1,-1,-1,550,82,563,5,packages\compression\test\compression.js,1,987
1396,Identifier,done,-1,-1,-1,567,45,567,49,packages\compression\test\compression.js,1,988
1398,BlockStatement,nan,-1,-1,-1,567,51,577,5,packages\compression\test\compression.js,1,989
1399,Identifier,done,-1,-1,-1,581,45,581,49,packages\compression\test\compression.js,1,990
1401,BlockStatement,nan,-1,-1,-1,581,51,591,5,packages\compression\test\compression.js,1,991
1402,Identifier,done,-1,-1,-1,596,47,596,51,packages\compression\test\compression.js,1,992
1404,BlockStatement,nan,-1,-1,-1,596,53,606,5,packages\compression\test\compression.js,1,993
1405,MemberExpression,nan,-1,-1,-1,608,32,608,39,packages\compression\test\compression.js,1,994
1406,Identifier,hasBrotliSupport,-1,-1,-1,608,13,608,29,packages\compression\test\compression.js,1,995
1407,Identifier,done,-1,-1,-1,610,49,610,53,packages\compression\test\compression.js,1,996
1409,BlockStatement,nan,-1,-1,-1,610,55,620,5,packages\compression\test\compression.js,1,997
1410,Identifier,done,-1,-1,-1,624,47,624,51,packages\compression\test\compression.js,1,998
1412,BlockStatement,nan,-1,-1,-1,624,53,634,5,packages\compression\test\compression.js,1,999
1413,Identifier,done,-1,-1,-1,638,49,638,53,packages\compression\test\compression.js,1,1000
1415,BlockStatement,nan,-1,-1,-1,638,55,648,5,packages\compression\test\compression.js,1,1001
1416,Identifier,done,-1,-1,-1,652,49,652,53,packages\compression\test\compression.js,1,1002
1418,BlockStatement,nan,-1,-1,-1,652,55,662,5,packages\compression\test\compression.js,1,1003
1419,Identifier,done,-1,-1,-1,666,49,666,53,packages\compression\test\compression.js,1,1004
1421,BlockStatement,nan,-1,-1,-1,666,55,676,5,packages\compression\test\compression.js,1,1005
1422,Identifier,done,-1,-1,-1,680,47,680,51,packages\compression\test\compression.js,1,1006
1424,BlockStatement,nan,-1,-1,-1,680,53,690,5,packages\compression\test\compression.js,1,1007
1425,Identifier,done,-1,-1,-1,694,49,694,53,packages\compression\test\compression.js,1,1008
1427,BlockStatement,nan,-1,-1,-1,694,55,707,5,packages\compression\test\compression.js,1,1009
1428,Identifier,done,-1,-1,-1,709,48,709,52,packages\compression\test\compression.js,1,1010
1430,BlockStatement,nan,-1,-1,-1,709,54,722,5,packages\compression\test\compression.js,1,1011
1432,BlockStatement,nan,-1,-1,-1,726,43,728,5,packages\compression\test\compression.js,1,1012
1433,Identifier,done,-1,-1,-1,730,58,730,62,packages\compression\test\compression.js,1,1013
1435,BlockStatement,nan,-1,-1,-1,730,64,738,5,packages\compression\test\compression.js,1,1014
1436,Identifier,done,-1,-1,-1,740,56,740,60,packages\compression\test\compression.js,1,1015
1438,BlockStatement,nan,-1,-1,-1,740,62,749,5,packages\compression\test\compression.js,1,1016
1439,Identifier,done,-1,-1,-1,751,66,751,70,packages\compression\test\compression.js,1,1017
1441,BlockStatement,nan,-1,-1,-1,751,72,760,5,packages\compression\test\compression.js,1,1018
1442,Identifier,done,-1,-1,-1,764,45,764,49,packages\compression\test\compression.js,1,1019
1444,BlockStatement,nan,-1,-1,-1,764,51,776,5,packages\compression\test\compression.js,1,1020
1445,Identifier,done,-1,-1,-1,778,46,778,50,packages\compression\test\compression.js,1,1021
1447,BlockStatement,nan,-1,-1,-1,778,52,803,5,packages\compression\test\compression.js,1,1022
1448,Identifier,done,-1,-1,-1,805,55,805,59,packages\compression\test\compression.js,1,1023
1450,BlockStatement,nan,-1,-1,-1,805,61,829,5,packages\compression\test\compression.js,1,1024
1451,Identifier,done,-1,-1,-1,831,61,831,65,packages\compression\test\compression.js,1,1025
1453,BlockStatement,nan,-1,-1,-1,831,67,855,5,packages\compression\test\compression.js,1,1026
1454,Identifier,done,-1,-1,-1,857,58,857,62,packages\compression\test\compression.js,1,1027
1456,BlockStatement,nan,-1,-1,-1,857,64,881,5,packages\compression\test\compression.js,1,1028
1457,Identifier,done,-1,-1,-1,885,87,885,91,packages\compression\test\compression.js,1,1029
1459,BlockStatement,nan,-1,-1,-1,885,93,896,5,packages\compression\test\compression.js,1,1030
1460,Identifier,done,-1,-1,-1,898,73,898,77,packages\compression\test\compression.js,1,1031
1462,BlockStatement,nan,-1,-1,-1,898,79,909,5,packages\compression\test\compression.js,1,1032
1463,Identifier,done,-1,-1,-1,911,65,911,69,packages\compression\test\compression.js,1,1033
1465,BlockStatement,nan,-1,-1,-1,911,71,922,5,packages\compression\test\compression.js,1,1034
1466,Identifier,done,-1,-1,-1,924,68,924,72,packages\compression\test\compression.js,1,1035
1468,BlockStatement,nan,-1,-1,-1,924,74,935,5,packages\compression\test\compression.js,1,1036
1469,Identifier,done,-1,-1,-1,937,71,937,75,packages\compression\test\compression.js,1,1037
1471,BlockStatement,nan,-1,-1,-1,937,77,948,5,packages\compression\test\compression.js,1,1038
1472,Identifier,done,-1,-1,-1,950,72,950,76,packages\compression\test\compression.js,1,1039
1474,BlockStatement,nan,-1,-1,-1,950,78,961,5,packages\compression\test\compression.js,1,1040
1475,Identifier,done,-1,-1,-1,963,67,963,71,packages\compression\test\compression.js,1,1041
1477,BlockStatement,nan,-1,-1,-1,963,73,974,5,packages\compression\test\compression.js,1,1042
1478,BlockStatement,nan,-1,-1,-1,982,15,986,7,packages\compression\test\compression.js,1,1043
1479,Identifier,err,-1,-1,-1,982,10,982,13,packages\compression\test\compression.js,1,1044
1480,CallExpression,nan,2,-1,-1,988,6,988,18,packages\compression\test\compression.js,1,1045
1482,BlockStatement,nan,-1,-1,-1,1018,31,1020,7,packages\compression\test\compression.js,1,1046
1483,IfStatement,nan,-1,-1,-1,195,6,195,31,packages\compression\test\compression.js,1,1047
1486,LogicalExpression,nan,-1,-1,-1,201,10,201,23,packages\compression\test\compression.js,1,1048
1487,UnaryExpression,nan,1,-1,-1,201,27,201,34,packages\compression\test\compression.js,1,1049
1488,UnaryExpression,nan,1,-1,-1,203,16,203,24,packages\compression\test\compression.js,1,1050
1489,MemberExpression,nan,-1,-1,-1,203,6,203,15,packages\compression\test\compression.js,1,1051
1490,CallExpression,nan,1,-1,-1,205,13,205,28,packages\compression\test\compression.js,1,1052
1494,FunctionExpression,nan,-1,0,0,209,23,212,7,packages\compression\test\compression.js,1,1053
1495,MemberExpression,nan,-1,-1,-1,209,6,209,13,packages\compression\test\compression.js,1,1054
1497,Identifier,cb,-1,-1,-1,214,24,214,26,packages\compression\test\compression.js,1,1055
1498,MemberExpression,nan,-1,-1,-1,214,6,214,13,packages\compression\test\compression.js,1,1056
1499,MemberExpression,nan,-1,-1,-1,215,6,215,19,packages\compression\test\compression.js,1,1057
1500,IfStatement,nan,-1,-1,-1,252,6,252,31,packages\compression\test\compression.js,1,1058
1503,LogicalExpression,nan,-1,-1,-1,258,10,258,23,packages\compression\test\compression.js,1,1059
1504,UnaryExpression,nan,1,-1,-1,258,27,258,34,packages\compression\test\compression.js,1,1060
1505,CallExpression,nan,1,-1,-1,260,13,260,28,packages\compression\test\compression.js,1,1061
1509,FunctionExpression,nan,-1,0,0,264,23,268,7,packages\compression\test\compression.js,1,1062
1510,MemberExpression,nan,-1,-1,-1,264,6,264,13,packages\compression\test\compression.js,1,1063
1512,Identifier,cb,-1,-1,-1,269,24,269,26,packages\compression\test\compression.js,1,1064
1513,MemberExpression,nan,-1,-1,-1,269,6,269,13,packages\compression\test\compression.js,1,1065
1514,MemberExpression,nan,-1,-1,-1,270,6,270,19,packages\compression\test\compression.js,1,1066
1515,VariableDeclaration,nan,-1,-1,-1,327,6,330,8,packages\compression\test\compression.js,1,1067
1517,VariableDeclaration,nan,-1,-1,-1,362,6,366,8,packages\compression\test\compression.js,1,1068
1519,VariableDeclaration,nan,-1,-1,-1,376,6,380,8,packages\compression\test\compression.js,1,1069
1521,VariableDeclaration,nan,-1,-1,-1,389,6,395,8,packages\compression\test\compression.js,1,1070
1523,VariableDeclaration,nan,-1,-1,-1,404,6,411,8,packages\compression\test\compression.js,1,1071
1525,VariableDeclaration,nan,-1,-1,-1,421,6,428,8,packages\compression\test\compression.js,1,1072
1527,VariableDeclaration,nan,-1,-1,-1,439,6,442,8,packages\compression\test\compression.js,1,1073
1529,VariableDeclaration,nan,-1,-1,-1,452,6,455,8,packages\compression\test\compression.js,1,1074
1531,VariableDeclaration,nan,-1,-1,-1,465,6,468,8,packages\compression\test\compression.js,1,1075
1533,VariableDeclaration,nan,-1,-1,-1,480,6,483,8,packages\compression\test\compression.js,1,1076
1535,VariableDeclaration,nan,-1,-1,-1,492,6,497,8,packages\compression\test\compression.js,1,1077
1537,VariableDeclaration,nan,-1,-1,-1,508,6,511,8,packages\compression\test\compression.js,1,1078
1539,VariableDeclaration,nan,-1,-1,-1,522,6,525,8,packages\compression\test\compression.js,1,1079
1541,VariableDeclaration,nan,-1,-1,-1,536,6,536,21,packages\compression\test\compression.js,1,1080
1543,VariableDeclaration,nan,-1,-1,-1,539,6,542,8,packages\compression\test\compression.js,1,1081
1545,VariableDeclaration,nan,-1,-1,-1,551,6,551,21,packages\compression\test\compression.js,1,1082
1547,VariableDeclaration,nan,-1,-1,-1,554,6,557,8,packages\compression\test\compression.js,1,1083
1549,VariableDeclaration,nan,-1,-1,-1,568,6,571,8,packages\compression\test\compression.js,1,1084
1551,VariableDeclaration,nan,-1,-1,-1,582,6,585,8,packages\compression\test\compression.js,1,1085
1553,VariableDeclaration,nan,-1,-1,-1,597,6,600,8,packages\compression\test\compression.js,1,1086
1555,VariableDeclaration,nan,-1,-1,-1,611,6,614,8,packages\compression\test\compression.js,1,1087
1557,VariableDeclaration,nan,-1,-1,-1,625,6,628,8,packages\compression\test\compression.js,1,1088
1559,VariableDeclaration,nan,-1,-1,-1,639,6,642,8,packages\compression\test\compression.js,1,1089
1561,VariableDeclaration,nan,-1,-1,-1,653,6,656,8,packages\compression\test\compression.js,1,1090
1563,VariableDeclaration,nan,-1,-1,-1,667,6,670,8,packages\compression\test\compression.js,1,1091
1565,VariableDeclaration,nan,-1,-1,-1,681,6,684,8,packages\compression\test\compression.js,1,1092
1567,VariableDeclaration,nan,-1,-1,-1,695,6,699,8,packages\compression\test\compression.js,1,1093
1569,VariableDeclaration,nan,-1,-1,-1,710,6,714,8,packages\compression\test\compression.js,1,1094
1572,VariableDeclaration,nan,-1,-1,-1,731,6,733,8,packages\compression\test\compression.js,1,1095
1574,VariableDeclaration,nan,-1,-1,-1,741,6,744,8,packages\compression\test\compression.js,1,1096
1576,VariableDeclaration,nan,-1,-1,-1,752,6,755,8,packages\compression\test\compression.js,1,1097
1578,VariableDeclaration,nan,-1,-1,-1,765,6,771,8,packages\compression\test\compression.js,1,1098
1580,VariableDeclaration,nan,-1,-1,-1,779,6,779,20,packages\compression\test\compression.js,1,1099
1581,VariableDeclaration,nan,-1,-1,-1,780,6,780,14,packages\compression\test\compression.js,1,1100
1582,VariableDeclaration,nan,-1,-1,-1,781,6,786,8,packages\compression\test\compression.js,1,1101
1583,FunctionDeclaration,nan,-1,1,0,788,6,792,7,packages\compression\test\compression.js,1,1102
1585,VariableDeclaration,nan,-1,-1,-1,806,6,806,20,packages\compression\test\compression.js,1,1103
1586,VariableDeclaration,nan,-1,-1,-1,807,6,807,14,packages\compression\test\compression.js,1,1104
1587,VariableDeclaration,nan,-1,-1,-1,808,6,812,8,packages\compression\test\compression.js,1,1105
1588,FunctionDeclaration,nan,-1,1,0,814,6,818,7,packages\compression\test\compression.js,1,1106
1590,VariableDeclaration,nan,-1,-1,-1,832,6,832,20,packages\compression\test\compression.js,1,1107
1591,VariableDeclaration,nan,-1,-1,-1,833,6,833,14,packages\compression\test\compression.js,1,1108
1592,VariableDeclaration,nan,-1,-1,-1,834,6,838,8,packages\compression\test\compression.js,1,1109
1593,FunctionDeclaration,nan,-1,1,0,840,6,844,7,packages\compression\test\compression.js,1,1110
1595,VariableDeclaration,nan,-1,-1,-1,858,6,858,20,packages\compression\test\compression.js,1,1111
1596,VariableDeclaration,nan,-1,-1,-1,859,6,859,14,packages\compression\test\compression.js,1,1112
1597,VariableDeclaration,nan,-1,-1,-1,860,6,864,8,packages\compression\test\compression.js,1,1113
1598,FunctionDeclaration,nan,-1,1,0,866,6,870,7,packages\compression\test\compression.js,1,1114
1600,VariableDeclaration,nan,-1,-1,-1,886,6,889,8,packages\compression\test\compression.js,1,1115
1602,VariableDeclaration,nan,-1,-1,-1,899,6,902,8,packages\compression\test\compression.js,1,1116
1604,VariableDeclaration,nan,-1,-1,-1,912,6,915,8,packages\compression\test\compression.js,1,1117
1606,VariableDeclaration,nan,-1,-1,-1,925,6,928,8,packages\compression\test\compression.js,1,1118
1608,VariableDeclaration,nan,-1,-1,-1,938,6,941,8,packages\compression\test\compression.js,1,1119
1610,VariableDeclaration,nan,-1,-1,-1,951,6,954,8,packages\compression\test\compression.js,1,1120
1612,VariableDeclaration,nan,-1,-1,-1,964,6,967,8,packages\compression\test\compression.js,1,1121
1616,ReturnStatement,nan,-1,-1,-1,985,8,985,14,packages\compression\test\compression.js,1,1122
1617,Identifier,req,-1,-1,-1,988,9,988,12,packages\compression\test\compression.js,1,1123
1618,Identifier,res,-1,-1,-1,988,14,988,17,packages\compression\test\compression.js,1,1124
1619,Identifier,fn,-1,-1,-1,988,6,988,8,packages\compression\test\compression.js,1,1125
1621,ReturnStatement,nan,1,-1,-1,195,15,195,31,packages\compression\test\compression.js,1,1126
1622,Identifier,err,-1,-1,-1,195,10,195,13,packages\compression\test\compression.js,1,1127
1623,AssignmentExpression,nan,-1,-1,-1,196,6,196,17,packages\compression\test\compression.js,1,1128
1624,CallExpression,nan,0,-1,-1,197,6,197,16,packages\compression\test\compression.js,1,1129
1625,UnaryExpression,nan,1,-1,-1,201,10,201,14,packages\compression\test\compression.js,1,1130
1626,UnaryExpression,nan,1,-1,-1,201,18,201,23,packages\compression\test\compression.js,1,1131
1627,Identifier,client,-1,-1,-1,201,28,201,34,packages\compression\test\compression.js,1,1132
1628,Identifier,drained,-1,-1,-1,203,17,203,24,packages\compression\test\compression.js,1,1133
1629,Identifier,buf,-1,-1,-1,205,24,205,27,packages\compression\test\compression.js,1,1134
1630,MemberExpression,nan,-1,-1,-1,205,13,205,23,packages\compression\test\compression.js,1,1135
1631,CallExpression,nan,0,-1,-1,206,8,206,20,packages\compression\test\compression.js,1,1136
1633,BlockStatement,nan,-1,-1,-1,209,35,212,7,packages\compression\test\compression.js,1,1137
1634,ReturnStatement,nan,1,-1,-1,252,15,252,31,packages\compression\test\compression.js,1,1138
1635,Identifier,err,-1,-1,-1,252,10,252,13,packages\compression\test\compression.js,1,1139
1636,AssignmentExpression,nan,-1,-1,-1,253,6,253,17,packages\compression\test\compression.js,1,1140
1637,CallExpression,nan,0,-1,-1,254,6,254,16,packages\compression\test\compression.js,1,1141
1638,UnaryExpression,nan,1,-1,-1,258,10,258,14,packages\compression\test\compression.js,1,1142
1639,UnaryExpression,nan,1,-1,-1,258,18,258,23,packages\compression\test\compression.js,1,1143
1640,Identifier,client,-1,-1,-1,258,28,258,34,packages\compression\test\compression.js,1,1144
1641,Identifier,buf,-1,-1,-1,260,24,260,27,packages\compression\test\compression.js,1,1145
1642,MemberExpression,nan,-1,-1,-1,260,13,260,23,packages\compression\test\compression.js,1,1146
1643,CallExpression,nan,0,-1,-1,261,8,261,20,packages\compression\test\compression.js,1,1147
1645,BlockStatement,nan,-1,-1,-1,264,35,268,7,packages\compression\test\compression.js,1,1148
1646,CallExpression,nan,2,-1,-1,331,6,356,8,packages\compression\test\compression.js,1,1149
1647,CallExpression,nan,2,-1,-1,368,6,372,26,packages\compression\test\compression.js,1,1150
1648,CallExpression,nan,3,-1,-1,382,6,385,49,packages\compression\test\compression.js,1,1151
1649,CallExpression,nan,3,-1,-1,397,6,400,49,packages\compression\test\compression.js,1,1152
1650,CallExpression,nan,2,-1,-1,413,6,417,26,packages\compression\test\compression.js,1,1153
1651,CallExpression,nan,3,-1,-1,430,6,433,49,packages\compression\test\compression.js,1,1154
1652,CallExpression,nan,3,-1,-1,444,6,448,34,packages\compression\test\compression.js,1,1155
1653,CallExpression,nan,3,-1,-1,457,6,461,30,packages\compression\test\compression.js,1,1156
1654,CallExpression,nan,3,-1,-1,470,6,474,30,packages\compression\test\compression.js,1,1157
1655,CallExpression,nan,3,-1,-1,485,6,488,49,packages\compression\test\compression.js,1,1158
1656,CallExpression,nan,3,-1,-1,499,6,502,49,packages\compression\test\compression.js,1,1159
1657,CallExpression,nan,3,-1,-1,513,6,516,52,packages\compression\test\compression.js,1,1160
1658,CallExpression,nan,3,-1,-1,527,6,530,47,packages\compression\test\compression.js,1,1161
1659,AssignmentExpression,nan,-1,-1,-1,537,6,537,54,packages\compression\test\compression.js,1,1162
1660,CallExpression,nan,3,-1,-1,544,6,547,47,packages\compression\test\compression.js,1,1163
1661,AssignmentExpression,nan,-1,-1,-1,552,6,552,53,packages\compression\test\compression.js,1,1164
1662,CallExpression,nan,3,-1,-1,559,6,562,49,packages\compression\test\compression.js,1,1165
1663,CallExpression,nan,3,-1,-1,573,6,576,49,packages\compression\test\compression.js,1,1166
1664,CallExpression,nan,3,-1,-1,587,6,590,49,packages\compression\test\compression.js,1,1167
1665,CallExpression,nan,3,-1,-1,602,6,605,47,packages\compression\test\compression.js,1,1168
1666,CallExpression,nan,3,-1,-1,616,6,619,49,packages\compression\test\compression.js,1,1169
1667,CallExpression,nan,3,-1,-1,630,6,633,47,packages\compression\test\compression.js,1,1170
1668,CallExpression,nan,3,-1,-1,644,6,647,49,packages\compression\test\compression.js,1,1171
1669,CallExpression,nan,3,-1,-1,658,6,661,49,packages\compression\test\compression.js,1,1172
1670,CallExpression,nan,3,-1,-1,672,6,675,49,packages\compression\test\compression.js,1,1173
1671,CallExpression,nan,3,-1,-1,686,6,689,47,packages\compression\test\compression.js,1,1174
1672,CallExpression,nan,3,-1,-1,701,6,706,42,packages\compression\test\compression.js,1,1175
1673,CallExpression,nan,2,-1,-1,716,6,721,26,packages\compression\test\compression.js,1,1176
1674,CallExpression,nan,2,-1,-1,727,6,727,63,packages\compression\test\compression.js,1,1177
1675,CallExpression,nan,3,-1,-1,735,6,737,35,packages\compression\test\compression.js,1,1178
1676,CallExpression,nan,3,-1,-1,746,6,748,34,packages\compression\test\compression.js,1,1179
1677,CallExpression,nan,3,-1,-1,757,6,759,35,packages\compression\test\compression.js,1,1180
1678,CallExpression,nan,2,-1,-1,773,6,775,26,packages\compression\test\compression.js,1,1181
1679,Identifier,onchunk,-1,-1,-1,788,15,788,22,packages\compression\test\compression.js,1,1182
1680,Identifier,chunk,-1,-1,-1,788,24,788,29,packages\compression\test\compression.js,1,1183
1682,BlockStatement,nan,-1,-1,-1,788,31,792,7,packages\compression\test\compression.js,1,1184
1683,CallExpression,nan,0,-1,-1,794,6,802,14,packages\compression\test\compression.js,1,1185
1684,Identifier,onchunk,-1,-1,-1,814,15,814,22,packages\compression\test\compression.js,1,1186
1685,Identifier,chunk,-1,-1,-1,814,24,814,29,packages\compression\test\compression.js,1,1187
1687,BlockStatement,nan,-1,-1,-1,814,31,818,7,packages\compression\test\compression.js,1,1188
1688,CallExpression,nan,0,-1,-1,820,6,828,14,packages\compression\test\compression.js,1,1189
1689,Identifier,onchunk,-1,-1,-1,840,15,840,22,packages\compression\test\compression.js,1,1190
1690,Identifier,chunk,-1,-1,-1,840,24,840,29,packages\compression\test\compression.js,1,1191
1692,BlockStatement,nan,-1,-1,-1,840,31,844,7,packages\compression\test\compression.js,1,1192
1693,CallExpression,nan,0,-1,-1,846,6,854,14,packages\compression\test\compression.js,1,1193
1694,Identifier,onchunk,-1,-1,-1,866,15,866,22,packages\compression\test\compression.js,1,1194
1695,Identifier,chunk,-1,-1,-1,866,24,866,29,packages\compression\test\compression.js,1,1195
1697,BlockStatement,nan,-1,-1,-1,866,31,870,7,packages\compression\test\compression.js,1,1196
1698,CallExpression,nan,0,-1,-1,872,6,880,14,packages\compression\test\compression.js,1,1197
1699,CallExpression,nan,3,-1,-1,891,6,895,42,packages\compression\test\compression.js,1,1198
1700,CallExpression,nan,3,-1,-1,904,6,908,42,packages\compression\test\compression.js,1,1199
1701,CallExpression,nan,3,-1,-1,917,6,921,42,packages\compression\test\compression.js,1,1200
1702,CallExpression,nan,3,-1,-1,930,6,934,42,packages\compression\test\compression.js,1,1201
1703,CallExpression,nan,2,-1,-1,943,6,947,26,packages\compression\test\compression.js,1,1202
1704,CallExpression,nan,3,-1,-1,956,6,960,42,packages\compression\test\compression.js,1,1203
1705,CallExpression,nan,2,-1,-1,969,6,973,26,packages\compression\test\compression.js,1,1204
1706,AssignmentExpression,nan,-1,-1,-1,983,8,983,42,packages\compression\test\compression.js,1,1205
1707,CallExpression,nan,1,-1,-1,984,8,984,28,packages\compression\test\compression.js,1,1206
1708,CallExpression,nan,0,-1,-1,1019,8,1019,18,packages\compression\test\compression.js,1,1207
1709,CallExpression,nan,1,-1,-1,195,22,195,31,packages\compression\test\compression.js,1,1208
1710,Identifier,buf,-1,-1,-1,196,6,196,9,packages\compression\test\compression.js,1,1209
1711,Identifier,chunk,-1,-1,-1,196,12,196,17,packages\compression\test\compression.js,1,1210
1712,Identifier,pressure,-1,-1,-1,197,6,197,14,packages\compression\test\compression.js,1,1211
1713,Identifier,buf,-1,-1,-1,201,11,201,14,packages\compression\test\compression.js,1,1212
1714,Identifier,resp,-1,-1,-1,201,19,201,23,packages\compression\test\compression.js,1,1213
1715,MemberExpression,nan,-1,-1,-1,206,8,206,18,packages\compression\test\compression.js,1,1214
1718,CallExpression,nan,1,-1,-1,252,22,252,31,packages\compression\test\compression.js,1,1215
1719,Identifier,buf,-1,-1,-1,253,6,253,9,packages\compression\test\compression.js,1,1216
1720,Identifier,chunk,-1,-1,-1,253,12,253,17,packages\compression\test\compression.js,1,1217
1721,Identifier,pressure,-1,-1,-1,254,6,254,14,packages\compression\test\compression.js,1,1218
1722,Identifier,buf,-1,-1,-1,258,11,258,14,packages\compression\test\compression.js,1,1219
1723,Identifier,resp,-1,-1,-1,258,19,258,23,packages\compression\test\compression.js,1,1220
1724,MemberExpression,nan,-1,-1,-1,261,8,261,18,packages\compression\test\compression.js,1,1221
1729,FunctionExpression,nan,-1,0,0,331,29,356,7,packages\compression\test\compression.js,1,1222
1730,MemberExpression,nan,-1,-1,-1,331,6,331,15,packages\compression\test\compression.js,1,1223
1732,Identifier,done,-1,-1,-1,372,21,372,25,packages\compression\test\compression.js,1,1224
1733,MemberExpression,nan,-1,-1,-1,368,6,372,15,packages\compression\test\compression.js,1,1225
1736,Identifier,done,-1,-1,-1,385,44,385,48,packages\compression\test\compression.js,1,1226
1737,MemberExpression,nan,-1,-1,-1,382,6,385,15,packages\compression\test\compression.js,1,1227
1740,Identifier,done,-1,-1,-1,400,44,400,48,packages\compression\test\compression.js,1,1228
1741,MemberExpression,nan,-1,-1,-1,397,6,400,15,packages\compression\test\compression.js,1,1229
1743,Identifier,done,-1,-1,-1,417,21,417,25,packages\compression\test\compression.js,1,1230
1744,MemberExpression,nan,-1,-1,-1,413,6,417,15,packages\compression\test\compression.js,1,1231
1747,Identifier,done,-1,-1,-1,433,44,433,48,packages\compression\test\compression.js,1,1232
1748,MemberExpression,nan,-1,-1,-1,430,6,433,15,packages\compression\test\compression.js,1,1233
1751,Identifier,done,-1,-1,-1,448,29,448,33,packages\compression\test\compression.js,1,1234
1752,MemberExpression,nan,-1,-1,-1,444,6,448,15,packages\compression\test\compression.js,1,1235
1755,Identifier,done,-1,-1,-1,461,25,461,29,packages\compression\test\compression.js,1,1236
1756,MemberExpression,nan,-1,-1,-1,457,6,461,15,packages\compression\test\compression.js,1,1237
1759,Identifier,done,-1,-1,-1,474,25,474,29,packages\compression\test\compression.js,1,1238
1760,MemberExpression,nan,-1,-1,-1,470,6,474,15,packages\compression\test\compression.js,1,1239
1763,Identifier,done,-1,-1,-1,488,44,488,48,packages\compression\test\compression.js,1,1240
1764,MemberExpression,nan,-1,-1,-1,485,6,488,15,packages\compression\test\compression.js,1,1241
1767,Identifier,done,-1,-1,-1,502,44,502,48,packages\compression\test\compression.js,1,1242
1768,MemberExpression,nan,-1,-1,-1,499,6,502,15,packages\compression\test\compression.js,1,1243
1771,Identifier,done,-1,-1,-1,516,47,516,51,packages\compression\test\compression.js,1,1244
1772,MemberExpression,nan,-1,-1,-1,513,6,516,15,packages\compression\test\compression.js,1,1245
1775,Identifier,done,-1,-1,-1,530,42,530,46,packages\compression\test\compression.js,1,1246
1776,MemberExpression,nan,-1,-1,-1,527,6,530,15,packages\compression\test\compression.js,1,1247
1777,MemberExpression,nan,-1,-1,-1,537,6,537,49,packages\compression\test\compression.js,1,1248
1781,Identifier,done,-1,-1,-1,547,42,547,46,packages\compression\test\compression.js,1,1249
1782,MemberExpression,nan,-1,-1,-1,544,6,547,15,packages\compression\test\compression.js,1,1250
1783,MemberExpression,nan,-1,-1,-1,552,6,552,49,packages\compression\test\compression.js,1,1251
1787,Identifier,done,-1,-1,-1,562,44,562,48,packages\compression\test\compression.js,1,1252
1788,MemberExpression,nan,-1,-1,-1,559,6,562,15,packages\compression\test\compression.js,1,1253
1791,Identifier,done,-1,-1,-1,576,44,576,48,packages\compression\test\compression.js,1,1254
1792,MemberExpression,nan,-1,-1,-1,573,6,576,15,packages\compression\test\compression.js,1,1255
1795,Identifier,done,-1,-1,-1,590,44,590,48,packages\compression\test\compression.js,1,1256
1796,MemberExpression,nan,-1,-1,-1,587,6,590,15,packages\compression\test\compression.js,1,1257
1799,Identifier,done,-1,-1,-1,605,42,605,46,packages\compression\test\compression.js,1,1258
1800,MemberExpression,nan,-1,-1,-1,602,6,605,15,packages\compression\test\compression.js,1,1259
1803,Identifier,done,-1,-1,-1,619,44,619,48,packages\compression\test\compression.js,1,1260
1804,MemberExpression,nan,-1,-1,-1,616,6,619,15,packages\compression\test\compression.js,1,1261
1807,Identifier,done,-1,-1,-1,633,42,633,46,packages\compression\test\compression.js,1,1262
1808,MemberExpression,nan,-1,-1,-1,630,6,633,15,packages\compression\test\compression.js,1,1263
1811,Identifier,done,-1,-1,-1,647,44,647,48,packages\compression\test\compression.js,1,1264
1812,MemberExpression,nan,-1,-1,-1,644,6,647,15,packages\compression\test\compression.js,1,1265
1815,Identifier,done,-1,-1,-1,661,44,661,48,packages\compression\test\compression.js,1,1266
1816,MemberExpression,nan,-1,-1,-1,658,6,661,15,packages\compression\test\compression.js,1,1267
1819,Identifier,done,-1,-1,-1,675,44,675,48,packages\compression\test\compression.js,1,1268
1820,MemberExpression,nan,-1,-1,-1,672,6,675,15,packages\compression\test\compression.js,1,1269
1823,Identifier,done,-1,-1,-1,689,42,689,46,packages\compression\test\compression.js,1,1270
1824,MemberExpression,nan,-1,-1,-1,686,6,689,15,packages\compression\test\compression.js,1,1271
1827,Identifier,done,-1,-1,-1,706,37,706,41,packages\compression\test\compression.js,1,1272
1828,MemberExpression,nan,-1,-1,-1,701,6,706,15,packages\compression\test\compression.js,1,1273
1830,Identifier,done,-1,-1,-1,721,21,721,25,packages\compression\test\compression.js,1,1274
1831,MemberExpression,nan,-1,-1,-1,716,6,721,15,packages\compression\test\compression.js,1,1275
1832,UnaryExpression,nan,1,-1,-1,727,25,727,50,packages\compression\test\compression.js,1,1276
1834,MemberExpression,nan,-1,-1,-1,727,6,727,24,packages\compression\test\compression.js,1,1277
1837,Identifier,done,-1,-1,-1,737,30,737,34,packages\compression\test\compression.js,1,1278
1838,MemberExpression,nan,-1,-1,-1,735,6,737,15,packages\compression\test\compression.js,1,1279
1841,Identifier,done,-1,-1,-1,748,29,748,33,packages\compression\test\compression.js,1,1280
1842,MemberExpression,nan,-1,-1,-1,746,6,748,15,packages\compression\test\compression.js,1,1281
1845,Identifier,done,-1,-1,-1,759,30,759,34,packages\compression\test\compression.js,1,1282
1846,MemberExpression,nan,-1,-1,-1,757,6,759,15,packages\compression\test\compression.js,1,1283
1848,Identifier,done,-1,-1,-1,775,21,775,25,packages\compression\test\compression.js,1,1284
1849,MemberExpression,nan,-1,-1,-1,773,6,775,15,packages\compression\test\compression.js,1,1285
1853,MemberExpression,nan,-1,-1,-1,794,6,802,12,packages\compression\test\compression.js,1,1286
1857,MemberExpression,nan,-1,-1,-1,820,6,828,12,packages\compression\test\compression.js,1,1287
1861,MemberExpression,nan,-1,-1,-1,846,6,854,12,packages\compression\test\compression.js,1,1288
1865,MemberExpression,nan,-1,-1,-1,872,6,880,12,packages\compression\test\compression.js,1,1289
1868,Identifier,done,-1,-1,-1,895,37,895,41,packages\compression\test\compression.js,1,1290
1869,MemberExpression,nan,-1,-1,-1,891,6,895,15,packages\compression\test\compression.js,1,1291
1872,Identifier,done,-1,-1,-1,908,37,908,41,packages\compression\test\compression.js,1,1292
1873,MemberExpression,nan,-1,-1,-1,904,6,908,15,packages\compression\test\compression.js,1,1293
1876,Identifier,done,-1,-1,-1,921,37,921,41,packages\compression\test\compression.js,1,1294
1877,MemberExpression,nan,-1,-1,-1,917,6,921,15,packages\compression\test\compression.js,1,1295
1880,Identifier,done,-1,-1,-1,934,37,934,41,packages\compression\test\compression.js,1,1296
1881,MemberExpression,nan,-1,-1,-1,930,6,934,15,packages\compression\test\compression.js,1,1297
1883,Identifier,done,-1,-1,-1,947,21,947,25,packages\compression\test\compression.js,1,1298
1884,MemberExpression,nan,-1,-1,-1,943,6,947,15,packages\compression\test\compression.js,1,1299
1887,Identifier,done,-1,-1,-1,960,37,960,41,packages\compression\test\compression.js,1,1300
1888,MemberExpression,nan,-1,-1,-1,956,6,960,15,packages\compression\test\compression.js,1,1301
1890,Identifier,done,-1,-1,-1,973,21,973,25,packages\compression\test\compression.js,1,1302
1891,MemberExpression,nan,-1,-1,-1,969,6,973,15,packages\compression\test\compression.js,1,1303
1892,MemberExpression,nan,-1,-1,-1,983,8,983,22,packages\compression\test\compression.js,1,1304
1893,LogicalExpression,nan,-1,-1,-1,983,25,983,42,packages\compression\test\compression.js,1,1305
1894,MemberExpression,nan,-1,-1,-1,984,16,984,27,packages\compression\test\compression.js,1,1306
1895,MemberExpression,nan,-1,-1,-1,984,8,984,15,packages\compression\test\compression.js,1,1307
1896,Identifier,callback,-1,-1,-1,1019,8,1019,16,packages\compression\test\compression.js,1,1308
1897,Identifier,err,-1,-1,-1,195,27,195,30,packages\compression\test\compression.js,1,1309
1898,Identifier,done,-1,-1,-1,195,22,195,26,packages\compression\test\compression.js,1,1310
1899,CallExpression,nan,1,-1,-1,210,8,210,36,packages\compression\test\compression.js,1,1311
1900,CallExpression,nan,0,-1,-1,211,8,211,18,packages\compression\test\compression.js,1,1312
1901,Identifier,err,-1,-1,-1,252,27,252,30,packages\compression\test\compression.js,1,1313
1902,Identifier,done,-1,-1,-1,252,22,252,26,packages\compression\test\compression.js,1,1314
1903,CallExpression,nan,1,-1,-1,265,8,265,26,packages\compression\test\compression.js,1,1315
1904,CallExpression,nan,1,-1,-1,266,8,266,36,packages\compression\test\compression.js,1,1316
1905,CallExpression,nan,0,-1,-1,267,8,267,18,packages\compression\test\compression.js,1,1317
1907,BlockStatement,nan,-1,-1,-1,331,41,356,7,packages\compression\test\compression.js,1,1318
1908,MemberExpression,nan,-1,-1,-1,727,32,727,50,packages\compression\test\compression.js,1,1319
1909,CallExpression,nan,1,-1,-1,789,8,789,31,packages\compression\test\compression.js,1,1320
1910,CallExpression,nan,2,-1,-1,790,8,790,46,packages\compression\test\compression.js,1,1321
1911,CallExpression,nan,0,-1,-1,791,8,791,14,packages\compression\test\compression.js,1,1322
1912,CallExpression,nan,1,-1,-1,815,8,815,32,packages\compression\test\compression.js,1,1323
1913,CallExpression,nan,2,-1,-1,816,8,816,50,packages\compression\test\compression.js,1,1324
1914,CallExpression,nan,0,-1,-1,817,8,817,14,packages\compression\test\compression.js,1,1325
1915,CallExpression,nan,1,-1,-1,841,8,841,32,packages\compression\test\compression.js,1,1326
1916,CallExpression,nan,2,-1,-1,842,8,842,50,packages\compression\test\compression.js,1,1327
1917,CallExpression,nan,0,-1,-1,843,8,843,14,packages\compression\test\compression.js,1,1328
1918,CallExpression,nan,1,-1,-1,867,8,867,32,packages\compression\test\compression.js,1,1329
1919,CallExpression,nan,2,-1,-1,868,8,868,50,packages\compression\test\compression.js,1,1330
1920,CallExpression,nan,0,-1,-1,869,8,869,14,packages\compression\test\compression.js,1,1331
1921,MemberExpression,nan,-1,-1,-1,983,25,983,35,packages\compression\test\compression.js,1,1332
1923,CallExpression,nan,1,-1,-1,210,18,210,35,packages\compression\test\compression.js,1,1333
1924,MemberExpression,nan,-1,-1,-1,210,8,210,17,packages\compression\test\compression.js,1,1334
1925,MemberExpression,nan,-1,-1,-1,211,8,211,16,packages\compression\test\compression.js,1,1335
1926,Identifier,drained,-1,-1,-1,265,18,265,25,packages\compression\test\compression.js,1,1336
1927,MemberExpression,nan,-1,-1,-1,265,8,265,17,packages\compression\test\compression.js,1,1337
1928,CallExpression,nan,1,-1,-1,266,18,266,35,packages\compression\test\compression.js,1,1338
1929,MemberExpression,nan,-1,-1,-1,266,8,266,17,packages\compression\test\compression.js,1,1339
1930,MemberExpression,nan,-1,-1,-1,267,8,267,16,packages\compression\test\compression.js,1,1340
1931,VariableDeclaration,nan,-1,-1,-1,332,8,332,61,packages\compression\test\compression.js,1,1341
1932,VariableDeclaration,nan,-1,-1,-1,334,8,334,27,packages\compression\test\compression.js,1,1342
1934,VariableDeclaration,nan,-1,-1,-1,336,8,336,48,packages\compression\test\compression.js,1,1343
1936,VariableDeclaration,nan,-1,-1,-1,342,8,342,23,packages\compression\test\compression.js,1,1344
1941,MemberExpression,nan,-1,-1,-1,789,8,789,17,packages\compression\test\compression.js,1,1345
1942,MemberExpression,nan,-1,-1,-1,790,27,790,39,packages\compression\test\compression.js,1,1346
1944,MemberExpression,nan,-1,-1,-1,790,8,790,26,packages\compression\test\compression.js,1,1347
1945,Identifier,next,-1,-1,-1,791,8,791,12,packages\compression\test\compression.js,1,1348
1947,MemberExpression,nan,-1,-1,-1,815,8,815,17,packages\compression\test\compression.js,1,1349
1948,CallExpression,nan,0,-1,-1,816,27,816,43,packages\compression\test\compression.js,1,1350
1950,MemberExpression,nan,-1,-1,-1,816,8,816,26,packages\compression\test\compression.js,1,1351
1951,Identifier,next,-1,-1,-1,817,8,817,12,packages\compression\test\compression.js,1,1352
1953,MemberExpression,nan,-1,-1,-1,841,8,841,17,packages\compression\test\compression.js,1,1353
1954,CallExpression,nan,0,-1,-1,842,27,842,43,packages\compression\test\compression.js,1,1354
1956,MemberExpression,nan,-1,-1,-1,842,8,842,26,packages\compression\test\compression.js,1,1355
1957,Identifier,next,-1,-1,-1,843,8,843,12,packages\compression\test\compression.js,1,1356
1959,MemberExpression,nan,-1,-1,-1,867,8,867,17,packages\compression\test\compression.js,1,1357
1960,CallExpression,nan,0,-1,-1,868,27,868,43,packages\compression\test\compression.js,1,1358
1962,MemberExpression,nan,-1,-1,-1,868,8,868,26,packages\compression\test\compression.js,1,1359
1963,Identifier,next,-1,-1,-1,869,8,869,12,packages\compression\test\compression.js,1,1360
1965,MemberExpression,nan,-1,-1,-1,210,18,210,28,packages\compression\test\compression.js,1,1361
1967,MemberExpression,nan,-1,-1,-1,266,18,266,28,packages\compression\test\compression.js,1,1362
1968,AssignmentExpression,nan,-1,-1,-1,335,8,335,73,packages\compression\test\compression.js,1,1363
1969,CallExpression,nan,2,-1,-1,337,8,341,10,packages\compression\test\compression.js,1,1364
1970,CallExpression,nan,2,-1,-1,343,8,345,10,packages\compression\test\compression.js,1,1365
1971,CallExpression,nan,2,-1,-1,346,8,354,10,packages\compression\test\compression.js,1,1366
1972,CallExpression,nan,0,-1,-1,355,8,355,21,packages\compression\test\compression.js,1,1367
1973,UpdateExpression,nan,1,-1,-1,789,18,789,26,packages\compression\test\compression.js,1,1368
1975,UpdateExpression,nan,1,-1,-1,815,18,815,26,packages\compression\test\compression.js,1,1369
1977,MemberExpression,nan,-1,-1,-1,816,27,816,41,packages\compression\test\compression.js,1,1370
1978,UpdateExpression,nan,1,-1,-1,841,18,841,26,packages\compression\test\compression.js,1,1371
1980,MemberExpression,nan,-1,-1,-1,842,27,842,41,packages\compression\test\compression.js,1,1372
1981,UpdateExpression,nan,1,-1,-1,867,18,867,26,packages\compression\test\compression.js,1,1373
1983,MemberExpression,nan,-1,-1,-1,868,27,868,41,packages\compression\test\compression.js,1,1374
1984,MemberExpression,nan,-1,-1,-1,335,8,335,64,packages\compression\test\compression.js,1,1375
1987,FunctionExpression,nan,-1,1,0,337,31,341,9,packages\compression\test\compression.js,1,1376
1988,MemberExpression,nan,-1,-1,-1,337,8,337,18,packages\compression\test\compression.js,1,1377
1990,FunctionExpression,nan,-1,1,0,343,27,345,9,packages\compression\test\compression.js,1,1378
1991,MemberExpression,nan,-1,-1,-1,343,8,343,18,packages\compression\test\compression.js,1,1379
1993,FunctionExpression,nan,-1,0,0,346,26,354,9,packages\compression\test\compression.js,1,1380
1994,MemberExpression,nan,-1,-1,-1,346,8,346,18,packages\compression\test\compression.js,1,1381
1995,MemberExpression,nan,-1,-1,-1,355,8,355,19,packages\compression\test\compression.js,1,1382
1996,Identifier,chunks,-1,-1,-1,789,18,789,24,packages\compression\test\compression.js,1,1383
1997,Identifier,chunks,-1,-1,-1,815,18,815,24,packages\compression\test\compression.js,1,1384
1998,Identifier,chunks,-1,-1,-1,841,18,841,24,packages\compression\test\compression.js,1,1385
1999,Identifier,chunks,-1,-1,-1,867,18,867,24,packages\compression\test\compression.js,1,1386
2000,Identifier,headers,-1,-1,-1,337,41,337,48,packages\compression\test\compression.js,1,1387
2002,BlockStatement,nan,-1,-1,-1,337,50,341,9,packages\compression\test\compression.js,1,1388
2003,Identifier,chunk,-1,-1,-1,343,37,343,42,packages\compression\test\compression.js,1,1389
2005,BlockStatement,nan,-1,-1,-1,343,44,345,9,packages\compression\test\compression.js,1,1390
2007,BlockStatement,nan,-1,-1,-1,346,38,354,9,packages\compression\test\compression.js,1,1391
2013,CallExpression,nan,2,-1,-1,338,10,338,79,packages\compression\test\compression.js,1,1392
2014,CallExpression,nan,2,-1,-1,339,10,339,94,packages\compression\test\compression.js,1,1393
2015,CallExpression,nan,2,-1,-1,340,10,340,92,packages\compression\test\compression.js,1,1394
2016,CallExpression,nan,1,-1,-1,344,10,344,28,packages\compression\test\compression.js,1,1395
2017,CallExpression,nan,3,-1,-1,347,10,353,12,packages\compression\test\compression.js,1,1396
2018,MemberExpression,nan,-1,-1,-1,338,29,338,73,packages\compression\test\compression.js,1,1397
2020,MemberExpression,nan,-1,-1,-1,338,10,338,28,packages\compression\test\compression.js,1,1398
2021,MemberExpression,nan,-1,-1,-1,339,29,339,79,packages\compression\test\compression.js,1,1399
2023,MemberExpression,nan,-1,-1,-1,339,10,339,28,packages\compression\test\compression.js,1,1400
2024,MemberExpression,nan,-1,-1,-1,340,29,340,83,packages\compression\test\compression.js,1,1401
2026,MemberExpression,nan,-1,-1,-1,340,10,340,28,packages\compression\test\compression.js,1,1402
2027,Identifier,chunk,-1,-1,-1,344,22,344,27,packages\compression\test\compression.js,1,1403
2028,MemberExpression,nan,-1,-1,-1,344,10,344,21,packages\compression\test\compression.js,1,1404
2029,Identifier,client,-1,-1,-1,347,21,347,27,packages\compression\test\compression.js,1,1405
2030,Identifier,server,-1,-1,-1,347,29,347,35,packages\compression\test\compression.js,1,1406
2031,FunctionExpression,nan,-1,0,0,347,37,353,11,packages\compression\test\compression.js,1,1407
2032,Identifier,closeHttp2,-1,-1,-1,347,10,347,20,packages\compression\test\compression.js,1,1408
2034,BlockStatement,nan,-1,-1,-1,347,49,353,11,packages\compression\test\compression.js,1,1409
2036,CallExpression,nan,2,-1,-1,348,12,352,14,packages\compression\test\compression.js,1,1410
2037,CallExpression,nan,1,-1,-1,348,24,348,45,packages\compression\test\compression.js,1,1411
2038,FunctionExpression,nan,-1,2,0,348,47,352,13,packages\compression\test\compression.js,1,1412
2039,MemberExpression,nan,-1,-1,-1,348,12,348,23,packages\compression\test\compression.js,1,1413
2040,Identifier,chunks,-1,-1,-1,348,38,348,44,packages\compression\test\compression.js,1,1414
2041,MemberExpression,nan,-1,-1,-1,348,24,348,37,packages\compression\test\compression.js,1,1415
2042,Identifier,err,-1,-1,-1,348,57,348,60,packages\compression\test\compression.js,1,1416
2043,Identifier,data,-1,-1,-1,348,62,348,66,packages\compression\test\compression.js,1,1417
2045,BlockStatement,nan,-1,-1,-1,348,68,352,13,packages\compression\test\compression.js,1,1418
2049,CallExpression,nan,1,-1,-1,349,14,349,29,packages\compression\test\compression.js,1,1419
2050,CallExpression,nan,2,-1,-1,350,14,350,65,packages\compression\test\compression.js,1,1420
2051,CallExpression,nan,0,-1,-1,351,14,351,20,packages\compression\test\compression.js,1,1421
2052,UnaryExpression,nan,1,-1,-1,349,24,349,28,packages\compression\test\compression.js,1,1422
2053,MemberExpression,nan,-1,-1,-1,349,14,349,23,packages\compression\test\compression.js,1,1423
2054,CallExpression,nan,0,-1,-1,350,33,350,48,packages\compression\test\compression.js,1,1424
2056,MemberExpression,nan,-1,-1,-1,350,14,350,32,packages\compression\test\compression.js,1,1425
2057,Identifier,done,-1,-1,-1,351,14,351,18,packages\compression\test\compression.js,1,1426
2058,Identifier,err,-1,-1,-1,349,25,349,28,packages\compression\test\compression.js,1,1427
2059,MemberExpression,nan,-1,-1,-1,350,33,350,46,packages\compression\test\compression.js,1,1428
