id,type,name,params_len,argument_len,returns,start_line,start_column,end_line,end_column,file_name,file_is_index_or_test,new_id
1,Program,nan,-1,-1,-1,1,0,103,2,packages\crypto-browserify\index.js,1,0
6,VariableDeclaration,nan,-1,-1,-1,12,0,12,45,packages\crypto-browserify\index.js,1,1
7,VariableDeclaration,nan,-1,-1,-1,13,0,13,34,packages\crypto-browserify\index.js,1,2
8,VariableDeclaration,nan,-1,-1,-1,14,0,22,19,packages\crypto-browserify\index.js,1,3
10,VariableDeclaration,nan,-1,-1,-1,28,0,28,26,packages\crypto-browserify\index.js,1,4
13,VariableDeclaration,nan,-1,-1,-1,32,0,32,39,packages\crypto-browserify\index.js,1,5
24,VariableDeclaration,nan,-1,-1,-1,45,0,45,35,packages\crypto-browserify\index.js,1,6
30,VariableDeclaration,nan,-1,-1,-1,53,0,53,38,packages\crypto-browserify\index.js,1,7
36,VariableDeclaration,nan,-1,-1,-1,62,0,62,46,packages\crypto-browserify\index.js,1,8
41,VariableDeclaration,nan,-1,-1,-1,78,0,78,31,packages\crypto-browserify\index.js,1,9
47,AssignmentExpression,nan,-1,-1,-1,4,0,4,101,packages\crypto-browserify\index.js,1,10
48,AssignmentExpression,nan,-1,-1,-1,7,0,7,58,packages\crypto-browserify\index.js,1,11
49,AssignmentExpression,nan,-1,-1,-1,10,0,10,58,packages\crypto-browserify\index.js,1,12
50,AssignmentExpression,nan,-1,-1,-1,24,0,26,1,packages\crypto-browserify\index.js,1,13
51,AssignmentExpression,nan,-1,-1,-1,29,0,29,25,packages\crypto-browserify\index.js,1,14
52,AssignmentExpression,nan,-1,-1,-1,30,0,30,33,packages\crypto-browserify\index.js,1,15
53,AssignmentExpression,nan,-1,-1,-1,34,0,34,27,packages\crypto-browserify\index.js,1,16
54,AssignmentExpression,nan,-1,-1,-1,35,0,35,39,packages\crypto-browserify\index.js,1,17
55,AssignmentExpression,nan,-1,-1,-1,36,0,36,31,packages\crypto-browserify\index.js,1,18
56,AssignmentExpression,nan,-1,-1,-1,37,0,37,43,packages\crypto-browserify\index.js,1,19
57,AssignmentExpression,nan,-1,-1,-1,38,0,38,31,packages\crypto-browserify\index.js,1,20
58,AssignmentExpression,nan,-1,-1,-1,39,0,39,43,packages\crypto-browserify\index.js,1,21
59,AssignmentExpression,nan,-1,-1,-1,40,0,40,35,packages\crypto-browserify\index.js,1,22
60,AssignmentExpression,nan,-1,-1,-1,41,0,41,47,packages\crypto-browserify\index.js,1,23
61,AssignmentExpression,nan,-1,-1,-1,42,0,42,35,packages\crypto-browserify\index.js,1,24
62,AssignmentExpression,nan,-1,-1,-1,43,0,43,37,packages\crypto-browserify\index.js,1,25
63,AssignmentExpression,nan,-1,-1,-1,47,0,47,50,packages\crypto-browserify\index.js,1,26
64,AssignmentExpression,nan,-1,-1,-1,48,0,48,62,packages\crypto-browserify\index.js,1,27
65,AssignmentExpression,nan,-1,-1,-1,49,0,49,46,packages\crypto-browserify\index.js,1,28
66,AssignmentExpression,nan,-1,-1,-1,50,0,50,52,packages\crypto-browserify\index.js,1,29
67,AssignmentExpression,nan,-1,-1,-1,51,0,51,40,packages\crypto-browserify\index.js,1,30
68,AssignmentExpression,nan,-1,-1,-1,55,0,55,36,packages\crypto-browserify\index.js,1,31
69,AssignmentExpression,nan,-1,-1,-1,56,0,56,24,packages\crypto-browserify\index.js,1,32
70,AssignmentExpression,nan,-1,-1,-1,57,0,57,40,packages\crypto-browserify\index.js,1,33
71,AssignmentExpression,nan,-1,-1,-1,58,0,58,28,packages\crypto-browserify\index.js,1,34
72,AssignmentExpression,nan,-1,-1,-1,60,0,60,43,packages\crypto-browserify\index.js,1,35
73,AssignmentExpression,nan,-1,-1,-1,64,0,64,51,packages\crypto-browserify\index.js,1,36
74,AssignmentExpression,nan,-1,-1,-1,65,0,65,53,packages\crypto-browserify\index.js,1,37
75,AssignmentExpression,nan,-1,-1,-1,66,0,66,51,packages\crypto-browserify\index.js,1,38
76,AssignmentExpression,nan,-1,-1,-1,67,0,67,53,packages\crypto-browserify\index.js,1,39
77,AssignmentExpression,nan,-1,-1,-1,80,0,80,34,packages\crypto-browserify\index.js,1,40
78,AssignmentExpression,nan,-1,-1,-1,81,0,81,42,packages\crypto-browserify\index.js,1,41
79,AssignmentExpression,nan,-1,-1,-1,83,0,85,1,packages\crypto-browserify\index.js,1,42
80,AssignmentExpression,nan,-1,-1,-1,87,0,103,1,packages\crypto-browserify\index.js,1,43
81,MemberExpression,nan,-1,-1,-1,4,0,4,19,packages\crypto-browserify\index.js,1,44
82,AssignmentExpression,nan,-1,-1,-1,4,22,4,101,packages\crypto-browserify\index.js,1,45
83,MemberExpression,nan,-1,-1,-1,7,0,7,18,packages\crypto-browserify\index.js,1,46
84,AssignmentExpression,nan,-1,-1,-1,7,21,7,58,packages\crypto-browserify\index.js,1,47
85,MemberExpression,nan,-1,-1,-1,10,0,10,18,packages\crypto-browserify\index.js,1,48
86,AssignmentExpression,nan,-1,-1,-1,10,21,10,58,packages\crypto-browserify\index.js,1,49
87,MemberExpression,nan,-1,-1,-1,24,0,24,17,packages\crypto-browserify\index.js,1,50
88,FunctionExpression,nan,-1,0,1,24,20,26,1,packages\crypto-browserify\index.js,1,51
89,MemberExpression,nan,-1,-1,-1,29,0,29,14,packages\crypto-browserify\index.js,1,52
90,MemberExpression,nan,-1,-1,-1,29,17,29,25,packages\crypto-browserify\index.js,1,53
91,MemberExpression,nan,-1,-1,-1,30,0,30,18,packages\crypto-browserify\index.js,1,54
92,MemberExpression,nan,-1,-1,-1,30,21,30,33,packages\crypto-browserify\index.js,1,55
93,MemberExpression,nan,-1,-1,-1,34,0,34,14,packages\crypto-browserify\index.js,1,56
94,MemberExpression,nan,-1,-1,-1,34,17,34,27,packages\crypto-browserify\index.js,1,57
95,MemberExpression,nan,-1,-1,-1,35,0,35,20,packages\crypto-browserify\index.js,1,58
96,MemberExpression,nan,-1,-1,-1,35,23,35,39,packages\crypto-browserify\index.js,1,59
97,MemberExpression,nan,-1,-1,-1,36,0,36,16,packages\crypto-browserify\index.js,1,60
98,MemberExpression,nan,-1,-1,-1,36,19,36,31,packages\crypto-browserify\index.js,1,61
99,MemberExpression,nan,-1,-1,-1,37,0,37,22,packages\crypto-browserify\index.js,1,62
100,MemberExpression,nan,-1,-1,-1,37,25,37,43,packages\crypto-browserify\index.js,1,63
101,MemberExpression,nan,-1,-1,-1,38,0,38,16,packages\crypto-browserify\index.js,1,64
102,MemberExpression,nan,-1,-1,-1,38,19,38,31,packages\crypto-browserify\index.js,1,65
103,MemberExpression,nan,-1,-1,-1,39,0,39,22,packages\crypto-browserify\index.js,1,66
104,MemberExpression,nan,-1,-1,-1,39,25,39,43,packages\crypto-browserify\index.js,1,67
105,MemberExpression,nan,-1,-1,-1,40,0,40,18,packages\crypto-browserify\index.js,1,68
106,MemberExpression,nan,-1,-1,-1,40,21,40,35,packages\crypto-browserify\index.js,1,69
107,MemberExpression,nan,-1,-1,-1,41,0,41,24,packages\crypto-browserify\index.js,1,70
108,MemberExpression,nan,-1,-1,-1,41,27,41,47,packages\crypto-browserify\index.js,1,71
109,MemberExpression,nan,-1,-1,-1,42,0,42,18,packages\crypto-browserify\index.js,1,72
110,MemberExpression,nan,-1,-1,-1,42,21,42,35,packages\crypto-browserify\index.js,1,73
111,MemberExpression,nan,-1,-1,-1,43,0,43,19,packages\crypto-browserify\index.js,1,74
112,MemberExpression,nan,-1,-1,-1,43,22,43,37,packages\crypto-browserify\index.js,1,75
113,MemberExpression,nan,-1,-1,-1,47,0,47,26,packages\crypto-browserify\index.js,1,76
114,MemberExpression,nan,-1,-1,-1,47,29,47,50,packages\crypto-browserify\index.js,1,77
115,MemberExpression,nan,-1,-1,-1,48,0,48,32,packages\crypto-browserify\index.js,1,78
116,MemberExpression,nan,-1,-1,-1,48,35,48,62,packages\crypto-browserify\index.js,1,79
117,MemberExpression,nan,-1,-1,-1,49,0,49,24,packages\crypto-browserify\index.js,1,80
118,MemberExpression,nan,-1,-1,-1,49,27,49,46,packages\crypto-browserify\index.js,1,81
119,MemberExpression,nan,-1,-1,-1,50,0,50,27,packages\crypto-browserify\index.js,1,82
120,MemberExpression,nan,-1,-1,-1,50,30,50,52,packages\crypto-browserify\index.js,1,83
121,MemberExpression,nan,-1,-1,-1,51,0,51,21,packages\crypto-browserify\index.js,1,84
122,MemberExpression,nan,-1,-1,-1,51,24,51,40,packages\crypto-browserify\index.js,1,85
123,MemberExpression,nan,-1,-1,-1,55,0,55,18,packages\crypto-browserify\index.js,1,86
124,MemberExpression,nan,-1,-1,-1,55,21,55,36,packages\crypto-browserify\index.js,1,87
125,MemberExpression,nan,-1,-1,-1,56,0,56,12,packages\crypto-browserify\index.js,1,88
126,MemberExpression,nan,-1,-1,-1,56,15,56,24,packages\crypto-browserify\index.js,1,89
127,MemberExpression,nan,-1,-1,-1,57,0,57,20,packages\crypto-browserify\index.js,1,90
128,MemberExpression,nan,-1,-1,-1,57,23,57,40,packages\crypto-browserify\index.js,1,91
129,MemberExpression,nan,-1,-1,-1,58,0,58,14,packages\crypto-browserify\index.js,1,92
130,MemberExpression,nan,-1,-1,-1,58,17,58,28,packages\crypto-browserify\index.js,1,93
131,MemberExpression,nan,-1,-1,-1,60,0,60,18,packages\crypto-browserify\index.js,1,94
132,CallExpression,nan,1,-1,-1,60,21,60,43,packages\crypto-browserify\index.js,1,95
133,MemberExpression,nan,-1,-1,-1,64,0,64,21,packages\crypto-browserify\index.js,1,96
134,MemberExpression,nan,-1,-1,-1,64,24,64,51,packages\crypto-browserify\index.js,1,97
135,MemberExpression,nan,-1,-1,-1,65,0,65,22,packages\crypto-browserify\index.js,1,98
136,MemberExpression,nan,-1,-1,-1,65,25,65,53,packages\crypto-browserify\index.js,1,99
137,MemberExpression,nan,-1,-1,-1,66,0,66,21,packages\crypto-browserify\index.js,1,100
138,MemberExpression,nan,-1,-1,-1,66,24,66,51,packages\crypto-browserify\index.js,1,101
139,MemberExpression,nan,-1,-1,-1,67,0,67,22,packages\crypto-browserify\index.js,1,102
140,MemberExpression,nan,-1,-1,-1,67,25,67,53,packages\crypto-browserify\index.js,1,103
141,MemberExpression,nan,-1,-1,-1,80,0,80,18,packages\crypto-browserify\index.js,1,104
142,MemberExpression,nan,-1,-1,-1,80,21,80,34,packages\crypto-browserify\index.js,1,105
143,MemberExpression,nan,-1,-1,-1,81,0,81,22,packages\crypto-browserify\index.js,1,106
144,MemberExpression,nan,-1,-1,-1,81,25,81,42,packages\crypto-browserify\index.js,1,107
145,MemberExpression,nan,-1,-1,-1,83,0,83,25,packages\crypto-browserify\index.js,1,108
146,FunctionExpression,nan,-1,0,0,83,28,85,1,packages\crypto-browserify\index.js,1,109
147,MemberExpression,nan,-1,-1,-1,87,0,87,17,packages\crypto-browserify\index.js,1,110
148,ObjectExpression,nan,-1,-1,-1,87,20,103,1,packages\crypto-browserify\index.js,1,111
149,MemberExpression,nan,-1,-1,-1,4,22,4,33,packages\crypto-browserify\index.js,1,112
150,AssignmentExpression,nan,-1,-1,-1,4,36,4,101,packages\crypto-browserify\index.js,1,113
151,MemberExpression,nan,-1,-1,-1,7,21,7,33,packages\crypto-browserify\index.js,1,114
152,CallExpression,nan,1,-1,-1,7,36,7,58,packages\crypto-browserify\index.js,1,115
153,MemberExpression,nan,-1,-1,-1,10,21,10,33,packages\crypto-browserify\index.js,1,116
154,CallExpression,nan,1,-1,-1,10,36,10,58,packages\crypto-browserify\index.js,1,117
156,BlockStatement,nan,-1,-1,-1,24,32,26,1,packages\crypto-browserify\index.js,1,118
158,Identifier,require,-1,-1,-1,60,21,60,28,packages\crypto-browserify\index.js,1,119
160,BlockStatement,nan,-1,-1,-1,83,40,85,1,packages\crypto-browserify\index.js,1,120
161,MemberExpression,nan,-1,-1,-1,4,36,4,61,packages\crypto-browserify\index.js,1,121
162,AssignmentExpression,nan,-1,-1,-1,4,64,4,101,packages\crypto-browserify\index.js,1,122
164,Identifier,require,-1,-1,-1,7,36,7,43,packages\crypto-browserify\index.js,1,123
166,Identifier,require,-1,-1,-1,10,36,10,43,packages\crypto-browserify\index.js,1,124
167,ReturnStatement,nan,1,-1,-1,25,1,25,15,packages\crypto-browserify\index.js,1,125
168,ThrowStatement,nan,1,-1,-1,84,1,84,142,packages\crypto-browserify\index.js,1,126
169,MemberExpression,nan,-1,-1,-1,4,64,4,76,packages\crypto-browserify\index.js,1,127
170,CallExpression,nan,1,-1,-1,4,79,4,101,packages\crypto-browserify\index.js,1,128
171,Identifier,hashes,-1,-1,-1,25,8,25,14,packages\crypto-browserify\index.js,1,129
172,NewExpression,nan,1,-1,-1,84,7,84,141,packages\crypto-browserify\index.js,1,130
174,Identifier,require,-1,-1,-1,4,79,4,86,packages\crypto-browserify\index.js,1,131
176,Identifier,Error,-1,-1,-1,84,11,84,16,packages\crypto-browserify\index.js,1,132
177,Program,nan,-1,-1,-1,1,0,605,20,packages\crypto-browserify\example\bundle.js,0,133
179,VariableDeclaration,nan,-1,-1,-1,3,0,11,2,packages\crypto-browserify\example\bundle.js,0,134
187,IfStatement,nan,-1,-1,-1,163,0,163,53,packages\crypto-browserify\example\bundle.js,0,135
188,IfStatement,nan,-1,-1,-1,165,0,189,1,packages\crypto-browserify\example\bundle.js,0,136
189,IfStatement,nan,-1,-1,-1,191,0,191,50,packages\crypto-browserify\example\bundle.js,0,137
190,IfStatement,nan,-1,-1,-1,193,0,198,1,packages\crypto-browserify\example\bundle.js,0,138
191,IfStatement,nan,-1,-1,-1,200,0,200,64,packages\crypto-browserify\example\bundle.js,0,139
192,IfStatement,nan,-1,-1,-1,202,0,202,39,packages\crypto-browserify\example\bundle.js,0,140
193,IfStatement,nan,-1,-1,-1,203,0,203,41,packages\crypto-browserify\example\bundle.js,0,141
202,AssignmentExpression,nan,-1,-1,-1,13,0,13,18,packages\crypto-browserify\example\bundle.js,0,142
203,AssignmentExpression,nan,-1,-1,-1,14,0,14,20,packages\crypto-browserify\example\bundle.js,0,143
204,AssignmentExpression,nan,-1,-1,-1,15,0,15,39,packages\crypto-browserify\example\bundle.js,0,144
205,AssignmentExpression,nan,-1,-1,-1,17,0,23,1,packages\crypto-browserify\example\bundle.js,0,145
206,AssignmentExpression,nan,-1,-1,-1,25,0,105,4,packages\crypto-browserify\example\bundle.js,0,146
207,AssignmentExpression,nan,-1,-1,-1,107,0,132,1,packages\crypto-browserify\example\bundle.js,0,147
208,AssignmentExpression,nan,-1,-1,-1,134,0,161,1,packages\crypto-browserify\example\bundle.js,0,148
209,BlockStatement,nan,-1,-1,-1,163,36,163,53,packages\crypto-browserify\example\bundle.js,0,149
211,BlockStatement,nan,-1,-1,-1,165,23,189,1,packages\crypto-browserify\example\bundle.js,0,150
212,UnaryExpression,nan,1,-1,-1,165,4,165,21,packages\crypto-browserify\example\bundle.js,0,151
213,BlockStatement,nan,-1,-1,-1,191,20,191,50,packages\crypto-browserify\example\bundle.js,0,152
214,UnaryExpression,nan,1,-1,-1,191,4,191,18,packages\crypto-browserify\example\bundle.js,0,153
215,BlockStatement,nan,-1,-1,-1,193,22,198,1,packages\crypto-browserify\example\bundle.js,0,154
216,UnaryExpression,nan,1,-1,-1,193,4,193,20,packages\crypto-browserify\example\bundle.js,0,155
217,BlockStatement,nan,-1,-1,-1,200,18,200,64,packages\crypto-browserify\example\bundle.js,0,156
218,UnaryExpression,nan,1,-1,-1,200,4,200,16,packages\crypto-browserify\example\bundle.js,0,157
219,BlockStatement,nan,-1,-1,-1,202,18,202,39,packages\crypto-browserify\example\bundle.js,0,158
220,UnaryExpression,nan,1,-1,-1,202,4,202,16,packages\crypto-browserify\example\bundle.js,0,159
221,BlockStatement,nan,-1,-1,-1,203,19,203,41,packages\crypto-browserify\example\bundle.js,0,160
222,UnaryExpression,nan,1,-1,-1,203,4,203,17,packages\crypto-browserify\example\bundle.js,0,161
223,CallExpression,nan,2,-1,-1,205,0,339,2,packages\crypto-browserify\example\bundle.js,0,162
224,CallExpression,nan,2,-1,-1,341,0,343,2,packages\crypto-browserify\example\bundle.js,0,163
225,CallExpression,nan,2,-1,-1,345,0,347,2,packages\crypto-browserify\example\bundle.js,0,164
226,CallExpression,nan,2,-1,-1,349,0,404,2,packages\crypto-browserify\example\bundle.js,0,165
227,CallExpression,nan,2,-1,-1,406,0,596,2,packages\crypto-browserify\example\bundle.js,0,166
228,CallExpression,nan,2,-1,-1,598,0,604,2,packages\crypto-browserify\example\bundle.js,0,167
229,CallExpression,nan,1,-1,-1,605,0,605,19,packages\crypto-browserify\example\bundle.js,0,168
230,MemberExpression,nan,-1,-1,-1,13,0,13,13,packages\crypto-browserify\example\bundle.js,0,169
231,ArrayExpression,nan,-1,-1,-1,13,16,13,18,packages\crypto-browserify\example\bundle.js,0,170
232,MemberExpression,nan,-1,-1,-1,14,0,14,15,packages\crypto-browserify\example\bundle.js,0,171
233,ObjectExpression,nan,-1,-1,-1,14,18,14,20,packages\crypto-browserify\example\bundle.js,0,172
234,MemberExpression,nan,-1,-1,-1,15,0,15,18,packages\crypto-browserify\example\bundle.js,0,173
235,ArrayExpression,nan,-1,-1,-1,15,21,15,39,packages\crypto-browserify\example\bundle.js,0,174
236,MemberExpression,nan,-1,-1,-1,17,0,17,13,packages\crypto-browserify\example\bundle.js,0,175
237,ObjectExpression,nan,-1,-1,-1,17,16,23,1,packages\crypto-browserify\example\bundle.js,0,176
238,MemberExpression,nan,-1,-1,-1,25,0,25,15,packages\crypto-browserify\example\bundle.js,0,177
239,CallExpression,nan,0,-1,-1,25,19,105,3,packages\crypto-browserify\example\bundle.js,0,178
240,MemberExpression,nan,-1,-1,-1,107,0,107,13,packages\crypto-browserify\example\bundle.js,0,179
241,FunctionExpression,nan,-1,2,0,107,16,132,1,packages\crypto-browserify\example\bundle.js,0,180
242,MemberExpression,nan,-1,-1,-1,134,0,134,14,packages\crypto-browserify\example\bundle.js,0,181
243,FunctionExpression,nan,-1,2,0,134,17,161,1,packages\crypto-browserify\example\bundle.js,0,182
245,UnaryExpression,nan,1,-1,-1,163,4,163,18,packages\crypto-browserify\example\bundle.js,0,183
248,MemberExpression,nan,-1,-1,-1,165,5,165,21,packages\crypto-browserify\example\bundle.js,0,184
250,MemberExpression,nan,-1,-1,-1,191,5,191,18,packages\crypto-browserify\example\bundle.js,0,185
252,MemberExpression,nan,-1,-1,-1,193,5,193,20,packages\crypto-browserify\example\bundle.js,0,186
254,MemberExpression,nan,-1,-1,-1,200,5,200,16,packages\crypto-browserify\example\bundle.js,0,187
256,MemberExpression,nan,-1,-1,-1,202,5,202,16,packages\crypto-browserify\example\bundle.js,0,188
258,MemberExpression,nan,-1,-1,-1,203,5,203,17,packages\crypto-browserify\example\bundle.js,0,189
260,FunctionExpression,nan,-1,5,0,205,23,339,1,packages\crypto-browserify\example\bundle.js,0,190
261,MemberExpression,nan,-1,-1,-1,205,0,205,14,packages\crypto-browserify\example\bundle.js,0,191
263,FunctionExpression,nan,-1,5,0,341,25,343,1,packages\crypto-browserify\example\bundle.js,0,192
264,MemberExpression,nan,-1,-1,-1,341,0,341,14,packages\crypto-browserify\example\bundle.js,0,193
266,FunctionExpression,nan,-1,5,0,345,63,347,1,packages\crypto-browserify\example\bundle.js,0,194
267,MemberExpression,nan,-1,-1,-1,345,0,345,14,packages\crypto-browserify\example\bundle.js,0,195
269,FunctionExpression,nan,-1,5,0,349,59,404,1,packages\crypto-browserify\example\bundle.js,0,196
270,MemberExpression,nan,-1,-1,-1,349,0,349,14,packages\crypto-browserify\example\bundle.js,0,197
272,FunctionExpression,nan,-1,5,0,406,57,596,1,packages\crypto-browserify\example\bundle.js,0,198
273,MemberExpression,nan,-1,-1,-1,406,0,406,14,packages\crypto-browserify\example\bundle.js,0,199
275,FunctionExpression,nan,-1,5,0,598,27,604,1,packages\crypto-browserify\example\bundle.js,0,200
276,MemberExpression,nan,-1,-1,-1,598,0,598,14,packages\crypto-browserify\example\bundle.js,0,201
278,Identifier,require,-1,-1,-1,605,0,605,7,packages\crypto-browserify\example\bundle.js,0,202
279,FunctionExpression,nan,-1,0,1,25,19,105,1,packages\crypto-browserify\example\bundle.js,0,203
280,Identifier,from,-1,-1,-1,107,26,107,30,packages\crypto-browserify\example\bundle.js,0,204
281,Identifier,to,-1,-1,-1,107,32,107,34,packages\crypto-browserify\example\bundle.js,0,205
283,BlockStatement,nan,-1,-1,-1,107,36,132,1,packages\crypto-browserify\example\bundle.js,0,206
284,Identifier,filename,-1,-1,-1,134,27,134,35,packages\crypto-browserify\example\bundle.js,0,207
285,Identifier,fn,-1,-1,-1,134,37,134,39,packages\crypto-browserify\example\bundle.js,0,208
287,BlockStatement,nan,-1,-1,-1,134,41,161,1,packages\crypto-browserify\example\bundle.js,0,209
288,AssignmentExpression,nan,-1,-1,-1,163,38,163,50,packages\crypto-browserify\example\bundle.js,0,210
289,Identifier,process,-1,-1,-1,163,11,163,18,packages\crypto-browserify\example\bundle.js,0,211
290,AssignmentExpression,nan,-1,-1,-1,166,1,188,5,packages\crypto-browserify\example\bundle.js,0,212
291,AssignmentExpression,nan,-1,-1,-1,191,22,191,47,packages\crypto-browserify\example\bundle.js,0,213
292,AssignmentExpression,nan,-1,-1,-1,194,1,197,2,packages\crypto-browserify\example\bundle.js,0,214
293,AssignmentExpression,nan,-1,-1,-1,200,20,200,61,packages\crypto-browserify\example\bundle.js,0,215
294,AssignmentExpression,nan,-1,-1,-1,202,20,202,36,packages\crypto-browserify\example\bundle.js,0,216
295,AssignmentExpression,nan,-1,-1,-1,203,21,203,38,packages\crypto-browserify\example\bundle.js,0,217
296,Identifier,require,-1,-1,-1,205,33,205,40,packages\crypto-browserify\example\bundle.js,0,218
297,Identifier,module,-1,-1,-1,205,42,205,48,packages\crypto-browserify\example\bundle.js,0,219
298,Identifier,exports,-1,-1,-1,205,50,205,57,packages\crypto-browserify\example\bundle.js,0,220
299,Identifier,__dirname,-1,-1,-1,205,59,205,68,packages\crypto-browserify\example\bundle.js,0,221
300,Identifier,__filename,-1,-1,-1,205,70,205,80,packages\crypto-browserify\example\bundle.js,0,222
302,BlockStatement,nan,-1,-1,-1,205,82,339,1,packages\crypto-browserify\example\bundle.js,0,223
303,Identifier,require,-1,-1,-1,341,35,341,42,packages\crypto-browserify\example\bundle.js,0,224
304,Identifier,module,-1,-1,-1,341,44,341,50,packages\crypto-browserify\example\bundle.js,0,225
305,Identifier,exports,-1,-1,-1,341,52,341,59,packages\crypto-browserify\example\bundle.js,0,226
306,Identifier,__dirname,-1,-1,-1,341,61,341,70,packages\crypto-browserify\example\bundle.js,0,227
307,Identifier,__filename,-1,-1,-1,341,72,341,82,packages\crypto-browserify\example\bundle.js,0,228
309,BlockStatement,nan,-1,-1,-1,341,84,343,1,packages\crypto-browserify\example\bundle.js,0,229
310,Identifier,require,-1,-1,-1,345,73,345,80,packages\crypto-browserify\example\bundle.js,0,230
311,Identifier,module,-1,-1,-1,345,82,345,88,packages\crypto-browserify\example\bundle.js,0,231
312,Identifier,exports,-1,-1,-1,345,90,345,97,packages\crypto-browserify\example\bundle.js,0,232
313,Identifier,__dirname,-1,-1,-1,345,99,345,108,packages\crypto-browserify\example\bundle.js,0,233
314,Identifier,__filename,-1,-1,-1,345,110,345,120,packages\crypto-browserify\example\bundle.js,0,234
316,BlockStatement,nan,-1,-1,-1,345,122,347,1,packages\crypto-browserify\example\bundle.js,0,235
317,Identifier,require,-1,-1,-1,349,69,349,76,packages\crypto-browserify\example\bundle.js,0,236
318,Identifier,module,-1,-1,-1,349,78,349,84,packages\crypto-browserify\example\bundle.js,0,237
319,Identifier,exports,-1,-1,-1,349,86,349,93,packages\crypto-browserify\example\bundle.js,0,238
320,Identifier,__dirname,-1,-1,-1,349,95,349,104,packages\crypto-browserify\example\bundle.js,0,239
321,Identifier,__filename,-1,-1,-1,349,106,349,116,packages\crypto-browserify\example\bundle.js,0,240
323,BlockStatement,nan,-1,-1,-1,349,118,404,1,packages\crypto-browserify\example\bundle.js,0,241
324,Identifier,require,-1,-1,-1,406,67,406,74,packages\crypto-browserify\example\bundle.js,0,242
325,Identifier,module,-1,-1,-1,406,76,406,82,packages\crypto-browserify\example\bundle.js,0,243
326,Identifier,exports,-1,-1,-1,406,84,406,91,packages\crypto-browserify\example\bundle.js,0,244
327,Identifier,__dirname,-1,-1,-1,406,93,406,102,packages\crypto-browserify\example\bundle.js,0,245
328,Identifier,__filename,-1,-1,-1,406,104,406,114,packages\crypto-browserify\example\bundle.js,0,246
330,BlockStatement,nan,-1,-1,-1,406,116,596,1,packages\crypto-browserify\example\bundle.js,0,247
331,Identifier,require,-1,-1,-1,598,37,598,44,packages\crypto-browserify\example\bundle.js,0,248
332,Identifier,module,-1,-1,-1,598,46,598,52,packages\crypto-browserify\example\bundle.js,0,249
333,Identifier,exports,-1,-1,-1,598,54,598,61,packages\crypto-browserify\example\bundle.js,0,250
334,Identifier,__dirname,-1,-1,-1,598,63,598,72,packages\crypto-browserify\example\bundle.js,0,251
335,Identifier,__filename,-1,-1,-1,598,74,598,84,packages\crypto-browserify\example\bundle.js,0,252
337,BlockStatement,nan,-1,-1,-1,598,86,604,1,packages\crypto-browserify\example\bundle.js,0,253
339,BlockStatement,nan,-1,-1,-1,25,31,105,1,packages\crypto-browserify\example\bundle.js,0,254
340,VariableDeclaration,nan,-1,-1,-1,108,1,108,35,packages\crypto-browserify\example\bundle.js,0,255
341,VariableDeclaration,nan,-1,-1,-1,109,1,109,16,packages\crypto-browserify\example\bundle.js,0,256
342,TryStatement,nan,-1,-1,-1,110,1,114,2,packages\crypto-browserify\example\bundle.js,0,257
343,VariableDeclaration,nan,-1,-1,-1,115,1,115,33,packages\crypto-browserify\example\bundle.js,0,258
344,VariableDeclaration,nan,-1,-1,-1,117,1,121,21,packages\crypto-browserify\example\bundle.js,0,259
345,ForStatement,nan,-1,-1,-1,123,1,131,2,packages\crypto-browserify\example\bundle.js,0,260
346,VariableDeclaration,nan,-1,-1,-1,135,1,137,45,packages\crypto-browserify\example\bundle.js,0,261
347,VariableDeclaration,nan,-1,-1,-1,138,1,140,3,packages\crypto-browserify\example\bundle.js,0,262
351,VariableDeclaration,nan,-1,-1,-1,146,1,146,31,packages\crypto-browserify\example\bundle.js,0,263
353,Identifier,process,-1,-1,-1,163,38,163,45,packages\crypto-browserify\example\bundle.js,0,264
354,ObjectExpression,nan,-1,-1,-1,163,48,163,50,packages\crypto-browserify\example\bundle.js,0,265
355,MemberExpression,nan,-1,-1,-1,166,1,166,17,packages\crypto-browserify\example\bundle.js,0,266
356,CallExpression,nan,0,-1,-1,166,21,188,4,packages\crypto-browserify\example\bundle.js,0,267
357,MemberExpression,nan,-1,-1,-1,191,22,191,35,packages\crypto-browserify\example\bundle.js,0,268
359,MemberExpression,nan,-1,-1,-1,194,1,194,16,packages\crypto-browserify\example\bundle.js,0,269
360,FunctionExpression,nan,-1,1,1,194,19,197,2,packages\crypto-browserify\example\bundle.js,0,270
361,MemberExpression,nan,-1,-1,-1,200,20,200,31,packages\crypto-browserify\example\bundle.js,0,271
362,FunctionExpression,nan,-1,0,1,200,34,200,61,packages\crypto-browserify\example\bundle.js,0,272
363,MemberExpression,nan,-1,-1,-1,202,20,202,31,packages\crypto-browserify\example\bundle.js,0,273
364,ObjectExpression,nan,-1,-1,-1,202,34,202,36,packages\crypto-browserify\example\bundle.js,0,274
365,MemberExpression,nan,-1,-1,-1,203,21,203,33,packages\crypto-browserify\example\bundle.js,0,275
366,ArrayExpression,nan,-1,-1,-1,203,36,203,38,packages\crypto-browserify\example\bundle.js,0,276
367,FunctionDeclaration,nan,-1,2,1,206,1,212,2,packages\crypto-browserify\example\bundle.js,0,277
368,FunctionDeclaration,nan,-1,2,1,218,1,242,2,packages\crypto-browserify\example\bundle.js,0,278
369,VariableDeclaration,nan,-1,-1,-1,246,1,246,59,packages\crypto-browserify\example\bundle.js,0,279
378,VariableDeclaration,nan,-1,-1,-1,350,1,350,28,packages\crypto-browserify\example\bundle.js,0,280
379,VariableDeclaration,nan,-1,-1,-1,352,1,358,3,packages\crypto-browserify\example\bundle.js,0,281
380,FunctionDeclaration,nan,-1,0,0,360,1,363,2,packages\crypto-browserify\example\bundle.js,0,282
389,VariableDeclaration,nan,-1,-1,-1,427,1,427,17,packages\crypto-browserify\example\bundle.js,0,283
390,VariableDeclaration,nan,-1,-1,-1,428,1,428,17,packages\crypto-browserify\example\bundle.js,0,284
391,VariableDeclaration,nan,-1,-1,-1,429,1,429,15,packages\crypto-browserify\example\bundle.js,0,285
392,FunctionDeclaration,nan,-1,1,1,435,1,435,84,packages\crypto-browserify\example\bundle.js,0,286
393,FunctionDeclaration,nan,-1,1,1,436,1,436,84,packages\crypto-browserify\example\bundle.js,0,287
394,FunctionDeclaration,nan,-1,1,1,437,1,437,84,packages\crypto-browserify\example\bundle.js,0,288
395,FunctionDeclaration,nan,-1,2,1,438,1,438,82,packages\crypto-browserify\example\bundle.js,0,289
396,FunctionDeclaration,nan,-1,2,1,439,1,439,82,packages\crypto-browserify\example\bundle.js,0,290
397,FunctionDeclaration,nan,-1,2,1,440,1,440,82,packages\crypto-browserify\example\bundle.js,0,291
398,FunctionDeclaration,nan,-1,0,1,445,1,447,2,packages\crypto-browserify\example\bundle.js,0,292
399,FunctionDeclaration,nan,-1,2,1,452,1,492,2,packages\crypto-browserify\example\bundle.js,0,293
400,FunctionDeclaration,nan,-1,4,1,498,1,503,2,packages\crypto-browserify\example\bundle.js,0,294
401,FunctionDeclaration,nan,-1,1,1,508,1,511,2,packages\crypto-browserify\example\bundle.js,0,295
402,FunctionDeclaration,nan,-1,2,1,516,1,529,2,packages\crypto-browserify\example\bundle.js,0,296
403,FunctionDeclaration,nan,-1,2,1,535,1,539,2,packages\crypto-browserify\example\bundle.js,0,297
404,FunctionDeclaration,nan,-1,2,1,544,1,546,2,packages\crypto-browserify\example\bundle.js,0,298
405,FunctionDeclaration,nan,-1,1,1,552,1,557,2,packages\crypto-browserify\example\bundle.js,0,299
406,FunctionDeclaration,nan,-1,1,1,562,1,567,2,packages\crypto-browserify\example\bundle.js,0,300
407,FunctionDeclaration,nan,-1,1,1,572,1,579,2,packages\crypto-browserify\example\bundle.js,0,301
408,FunctionDeclaration,nan,-1,1,1,584,1,594,2,packages\crypto-browserify\example\bundle.js,0,302
409,VariableDeclaration,nan,-1,-1,-1,599,1,599,32,packages\crypto-browserify\example\bundle.js,0,303
410,VariableDeclaration,nan,-1,-1,-1,600,1,600,65,packages\crypto-browserify\example\bundle.js,0,304
412,ReturnStatement,nan,1,-1,-1,26,1,104,3,packages\crypto-browserify\example\bundle.js,0,305
414,BlockStatement,nan,-1,-1,-1,123,39,131,2,packages\crypto-browserify\example\bundle.js,0,306
415,AssignmentExpression,nan,-1,-1,-1,141,1,143,2,packages\crypto-browserify\example\bundle.js,0,307
416,AssignmentExpression,nan,-1,-1,-1,144,1,144,35,packages\crypto-browserify\example\bundle.js,0,308
417,AssignmentExpression,nan,-1,-1,-1,145,1,145,33,packages\crypto-browserify\example\bundle.js,0,309
418,AssignmentExpression,nan,-1,-1,-1,148,1,160,2,packages\crypto-browserify\example\bundle.js,0,310
419,FunctionExpression,nan,-1,0,1,166,21,188,2,packages\crypto-browserify\example\bundle.js,0,311
420,Identifier,name,-1,-1,-1,194,29,194,33,packages\crypto-browserify\example\bundle.js,0,312
422,BlockStatement,nan,-1,-1,-1,194,35,197,2,packages\crypto-browserify\example\bundle.js,0,313
424,BlockStatement,nan,-1,-1,-1,200,46,200,61,packages\crypto-browserify\example\bundle.js,0,314
425,Identifier,filter,-1,-1,-1,206,10,206,16,packages\crypto-browserify\example\bundle.js,0,315
426,Identifier,xs,-1,-1,-1,206,17,206,19,packages\crypto-browserify\example\bundle.js,0,316
427,Identifier,fn,-1,-1,-1,206,21,206,23,packages\crypto-browserify\example\bundle.js,0,317
429,BlockStatement,nan,-1,-1,-1,206,25,212,2,packages\crypto-browserify\example\bundle.js,0,318
430,Identifier,normalizeArray,-1,-1,-1,218,10,218,24,packages\crypto-browserify\example\bundle.js,0,319
431,Identifier,parts,-1,-1,-1,218,25,218,30,packages\crypto-browserify\example\bundle.js,0,320
432,Identifier,allowAboveRoot,-1,-1,-1,218,32,218,46,packages\crypto-browserify\example\bundle.js,0,321
434,BlockStatement,nan,-1,-1,-1,218,48,242,2,packages\crypto-browserify\example\bundle.js,0,322
435,AssignmentExpression,nan,-1,-1,-1,250,1,277,2,packages\crypto-browserify\example\bundle.js,0,323
436,AssignmentExpression,nan,-1,-1,-1,281,1,298,2,packages\crypto-browserify\example\bundle.js,0,324
437,AssignmentExpression,nan,-1,-1,-1,301,1,306,2,packages\crypto-browserify\example\bundle.js,0,325
438,AssignmentExpression,nan,-1,-1,-1,308,1,324,2,packages\crypto-browserify\example\bundle.js,0,326
439,AssignmentExpression,nan,-1,-1,-1,326,1,333,2,packages\crypto-browserify\example\bundle.js,0,327
440,AssignmentExpression,nan,-1,-1,-1,335,1,337,2,packages\crypto-browserify\example\bundle.js,0,328
441,AssignmentExpression,nan,-1,-1,-1,342,1,342,46,packages\crypto-browserify\example\bundle.js,0,329
442,AssignmentExpression,nan,-1,-1,-1,346,1,346,20,packages\crypto-browserify\example\bundle.js,0,330
443,Identifier,error,-1,-1,-1,360,10,360,15,packages\crypto-browserify\example\bundle.js,0,331
445,BlockStatement,nan,-1,-1,-1,360,18,363,2,packages\crypto-browserify\example\bundle.js,0,332
446,AssignmentExpression,nan,-1,-1,-1,365,1,384,2,packages\crypto-browserify\example\bundle.js,0,333
447,CallExpression,nan,1,-1,-1,386,2,402,3,packages\crypto-browserify\example\bundle.js,0,334
448,AssignmentExpression,nan,-1,-1,-1,416,1,416,28,packages\crypto-browserify\example\bundle.js,0,335
449,AssignmentExpression,nan,-1,-1,-1,417,1,417,28,packages\crypto-browserify\example\bundle.js,0,336
450,AssignmentExpression,nan,-1,-1,-1,418,1,418,28,packages\crypto-browserify\example\bundle.js,0,337
451,AssignmentExpression,nan,-1,-1,-1,419,1,419,38,packages\crypto-browserify\example\bundle.js,0,338
452,AssignmentExpression,nan,-1,-1,-1,420,1,420,38,packages\crypto-browserify\example\bundle.js,0,339
453,AssignmentExpression,nan,-1,-1,-1,421,1,421,38,packages\crypto-browserify\example\bundle.js,0,340
454,Identifier,hex_sha1,-1,-1,-1,435,10,435,18,packages\crypto-browserify\example\bundle.js,0,341
455,Identifier,s,-1,-1,-1,435,19,435,20,packages\crypto-browserify\example\bundle.js,0,342
457,BlockStatement,nan,-1,-1,-1,435,22,435,84,packages\crypto-browserify\example\bundle.js,0,343
458,Identifier,b64_sha1,-1,-1,-1,436,10,436,18,packages\crypto-browserify\example\bundle.js,0,344
459,Identifier,s,-1,-1,-1,436,19,436,20,packages\crypto-browserify\example\bundle.js,0,345
461,BlockStatement,nan,-1,-1,-1,436,22,436,84,packages\crypto-browserify\example\bundle.js,0,346
462,Identifier,str_sha1,-1,-1,-1,437,10,437,18,packages\crypto-browserify\example\bundle.js,0,347
463,Identifier,s,-1,-1,-1,437,19,437,20,packages\crypto-browserify\example\bundle.js,0,348
465,BlockStatement,nan,-1,-1,-1,437,22,437,84,packages\crypto-browserify\example\bundle.js,0,349
466,Identifier,hex_hmac_sha1,-1,-1,-1,438,10,438,23,packages\crypto-browserify\example\bundle.js,0,350
467,Identifier,key,-1,-1,-1,438,24,438,27,packages\crypto-browserify\example\bundle.js,0,351
468,Identifier,data,-1,-1,-1,438,29,438,33,packages\crypto-browserify\example\bundle.js,0,352
470,BlockStatement,nan,-1,-1,-1,438,35,438,82,packages\crypto-browserify\example\bundle.js,0,353
471,Identifier,b64_hmac_sha1,-1,-1,-1,439,10,439,23,packages\crypto-browserify\example\bundle.js,0,354
472,Identifier,key,-1,-1,-1,439,24,439,27,packages\crypto-browserify\example\bundle.js,0,355
473,Identifier,data,-1,-1,-1,439,29,439,33,packages\crypto-browserify\example\bundle.js,0,356
475,BlockStatement,nan,-1,-1,-1,439,35,439,82,packages\crypto-browserify\example\bundle.js,0,357
476,Identifier,str_hmac_sha1,-1,-1,-1,440,10,440,23,packages\crypto-browserify\example\bundle.js,0,358
477,Identifier,key,-1,-1,-1,440,24,440,27,packages\crypto-browserify\example\bundle.js,0,359
478,Identifier,data,-1,-1,-1,440,29,440,33,packages\crypto-browserify\example\bundle.js,0,360
480,BlockStatement,nan,-1,-1,-1,440,35,440,82,packages\crypto-browserify\example\bundle.js,0,361
481,Identifier,sha1_vm_test,-1,-1,-1,445,10,445,22,packages\crypto-browserify\example\bundle.js,0,362
483,BlockStatement,nan,-1,-1,-1,445,26,447,2,packages\crypto-browserify\example\bundle.js,0,363
484,Identifier,core_sha1,-1,-1,-1,452,10,452,19,packages\crypto-browserify\example\bundle.js,0,364
485,Identifier,x,-1,-1,-1,452,20,452,21,packages\crypto-browserify\example\bundle.js,0,365
486,Identifier,len,-1,-1,-1,452,23,452,26,packages\crypto-browserify\example\bundle.js,0,366
488,BlockStatement,nan,-1,-1,-1,452,29,492,2,packages\crypto-browserify\example\bundle.js,0,367
489,Identifier,sha1_ft,-1,-1,-1,498,10,498,17,packages\crypto-browserify\example\bundle.js,0,368
490,Identifier,t,-1,-1,-1,498,18,498,19,packages\crypto-browserify\example\bundle.js,0,369
491,Identifier,b,-1,-1,-1,498,21,498,22,packages\crypto-browserify\example\bundle.js,0,370
492,Identifier,c,-1,-1,-1,498,24,498,25,packages\crypto-browserify\example\bundle.js,0,371
493,Identifier,d,-1,-1,-1,498,27,498,28,packages\crypto-browserify\example\bundle.js,0,372
495,BlockStatement,nan,-1,-1,-1,498,31,503,2,packages\crypto-browserify\example\bundle.js,0,373
496,Identifier,sha1_kt,-1,-1,-1,508,10,508,17,packages\crypto-browserify\example\bundle.js,0,374
497,Identifier,t,-1,-1,-1,508,18,508,19,packages\crypto-browserify\example\bundle.js,0,375
499,BlockStatement,nan,-1,-1,-1,508,22,511,2,packages\crypto-browserify\example\bundle.js,0,376
500,Identifier,core_hmac_sha1,-1,-1,-1,516,10,516,24,packages\crypto-browserify\example\bundle.js,0,377
501,Identifier,key,-1,-1,-1,516,25,516,28,packages\crypto-browserify\example\bundle.js,0,378
502,Identifier,data,-1,-1,-1,516,30,516,34,packages\crypto-browserify\example\bundle.js,0,379
504,BlockStatement,nan,-1,-1,-1,516,37,529,2,packages\crypto-browserify\example\bundle.js,0,380
505,Identifier,safe_add,-1,-1,-1,535,10,535,18,packages\crypto-browserify\example\bundle.js,0,381
506,Identifier,x,-1,-1,-1,535,19,535,20,packages\crypto-browserify\example\bundle.js,0,382
507,Identifier,y,-1,-1,-1,535,22,535,23,packages\crypto-browserify\example\bundle.js,0,383
509,BlockStatement,nan,-1,-1,-1,535,26,539,2,packages\crypto-browserify\example\bundle.js,0,384
510,Identifier,rol,-1,-1,-1,544,10,544,13,packages\crypto-browserify\example\bundle.js,0,385
511,Identifier,num,-1,-1,-1,544,14,544,17,packages\crypto-browserify\example\bundle.js,0,386
512,Identifier,cnt,-1,-1,-1,544,19,544,22,packages\crypto-browserify\example\bundle.js,0,387
514,BlockStatement,nan,-1,-1,-1,544,25,546,2,packages\crypto-browserify\example\bundle.js,0,388
515,Identifier,str2binb,-1,-1,-1,552,10,552,18,packages\crypto-browserify\example\bundle.js,0,389
516,Identifier,str,-1,-1,-1,552,19,552,22,packages\crypto-browserify\example\bundle.js,0,390
518,BlockStatement,nan,-1,-1,-1,552,25,557,2,packages\crypto-browserify\example\bundle.js,0,391
519,Identifier,binb2str,-1,-1,-1,562,10,562,18,packages\crypto-browserify\example\bundle.js,0,392
520,Identifier,bin,-1,-1,-1,562,19,562,22,packages\crypto-browserify\example\bundle.js,0,393
522,BlockStatement,nan,-1,-1,-1,562,25,567,2,packages\crypto-browserify\example\bundle.js,0,394
523,Identifier,binb2hex,-1,-1,-1,572,10,572,18,packages\crypto-browserify\example\bundle.js,0,395
524,Identifier,binarray,-1,-1,-1,572,19,572,27,packages\crypto-browserify\example\bundle.js,0,396
526,BlockStatement,nan,-1,-1,-1,572,30,579,2,packages\crypto-browserify\example\bundle.js,0,397
527,Identifier,binb2b64,-1,-1,-1,584,10,584,18,packages\crypto-browserify\example\bundle.js,0,398
528,Identifier,binarray,-1,-1,-1,584,19,584,27,packages\crypto-browserify\example\bundle.js,0,399
530,BlockStatement,nan,-1,-1,-1,584,30,594,2,packages\crypto-browserify\example\bundle.js,0,400
531,CallExpression,nan,1,-1,-1,601,1,601,17,packages\crypto-browserify\example\bundle.js,0,401
532,FunctionExpression,nan,-1,2,1,26,8,104,2,packages\crypto-browserify\example\bundle.js,0,402
533,Identifier,i,-1,-1,-1,123,17,123,18,packages\crypto-browserify\example\bundle.js,0,403
534,MemberExpression,nan,-1,-1,-1,123,21,123,32,packages\crypto-browserify\example\bundle.js,0,404
535,VariableDeclaration,nan,-1,-1,-1,124,2,124,20,packages\crypto-browserify\example\bundle.js,0,405
536,IfStatement,nan,-1,-1,-1,125,2,130,3,packages\crypto-browserify\example\bundle.js,0,406
537,MemberExpression,nan,-1,-1,-1,141,1,141,17,packages\crypto-browserify\example\bundle.js,0,407
538,FunctionExpression,nan,-1,1,1,141,20,143,2,packages\crypto-browserify\example\bundle.js,0,408
539,MemberExpression,nan,-1,-1,-1,144,1,144,17,packages\crypto-browserify\example\bundle.js,0,409
540,MemberExpression,nan,-1,-1,-1,144,20,144,35,packages\crypto-browserify\example\bundle.js,0,410
541,MemberExpression,nan,-1,-1,-1,145,1,145,16,packages\crypto-browserify\example\bundle.js,0,411
542,MemberExpression,nan,-1,-1,-1,145,19,145,33,packages\crypto-browserify\example\bundle.js,0,412
543,MemberExpression,nan,-1,-1,-1,148,1,148,26,packages\crypto-browserify\example\bundle.js,0,413
544,FunctionExpression,nan,-1,0,1,148,29,160,2,packages\crypto-browserify\example\bundle.js,0,414
546,BlockStatement,nan,-1,-1,-1,166,33,188,2,packages\crypto-browserify\example\bundle.js,0,415
547,IfStatement,nan,-1,-1,-1,195,2,195,49,packages\crypto-browserify\example\bundle.js,0,416
548,ThrowStatement,nan,1,-1,-1,196,2,196,36,packages\crypto-browserify\example\bundle.js,0,417
549,ReturnStatement,nan,1,-1,-1,200,48,200,59,packages\crypto-browserify\example\bundle.js,0,418
550,VariableDeclaration,nan,-1,-1,-1,207,2,207,15,packages\crypto-browserify\example\bundle.js,0,419
551,ForStatement,nan,-1,-1,-1,208,2,210,3,packages\crypto-browserify\example\bundle.js,0,420
552,ReturnStatement,nan,1,-1,-1,211,2,211,13,packages\crypto-browserify\example\bundle.js,0,421
553,VariableDeclaration,nan,-1,-1,-1,220,2,220,13,packages\crypto-browserify\example\bundle.js,0,422
554,ForStatement,nan,-1,-1,-1,221,2,232,3,packages\crypto-browserify\example\bundle.js,0,423
555,IfStatement,nan,-1,-1,-1,235,2,239,3,packages\crypto-browserify\example\bundle.js,0,424
556,ReturnStatement,nan,1,-1,-1,241,2,241,15,packages\crypto-browserify\example\bundle.js,0,425
557,MemberExpression,nan,-1,-1,-1,250,1,250,16,packages\crypto-browserify\example\bundle.js,0,426
558,FunctionExpression,nan,-1,0,1,250,19,277,2,packages\crypto-browserify\example\bundle.js,0,427
559,MemberExpression,nan,-1,-1,-1,281,1,281,18,packages\crypto-browserify\example\bundle.js,0,428
560,FunctionExpression,nan,-1,1,1,281,21,298,2,packages\crypto-browserify\example\bundle.js,0,429
561,MemberExpression,nan,-1,-1,-1,301,1,301,13,packages\crypto-browserify\example\bundle.js,0,430
562,FunctionExpression,nan,-1,0,1,301,16,306,2,packages\crypto-browserify\example\bundle.js,0,431
563,MemberExpression,nan,-1,-1,-1,308,1,308,16,packages\crypto-browserify\example\bundle.js,0,432
564,FunctionExpression,nan,-1,1,1,308,19,324,2,packages\crypto-browserify\example\bundle.js,0,433
565,MemberExpression,nan,-1,-1,-1,326,1,326,17,packages\crypto-browserify\example\bundle.js,0,434
566,FunctionExpression,nan,-1,2,1,326,20,333,2,packages\crypto-browserify\example\bundle.js,0,435
567,MemberExpression,nan,-1,-1,-1,335,1,335,16,packages\crypto-browserify\example\bundle.js,0,436
568,FunctionExpression,nan,-1,1,1,335,19,337,2,packages\crypto-browserify\example\bundle.js,0,437
569,MemberExpression,nan,-1,-1,-1,342,1,342,15,packages\crypto-browserify\example\bundle.js,0,438
570,CallExpression,nan,1,-1,-1,342,18,342,46,packages\crypto-browserify\example\bundle.js,0,439
571,MemberExpression,nan,-1,-1,-1,346,1,346,15,packages\crypto-browserify\example\bundle.js,0,440
572,ObjectExpression,nan,-1,-1,-1,346,18,346,20,packages\crypto-browserify\example\bundle.js,0,441
573,VariableDeclaration,nan,-1,-1,-1,361,2,361,58,packages\crypto-browserify\example\bundle.js,0,442
574,ThrowStatement,nan,1,-1,-1,362,2,362,108,packages\crypto-browserify\example\bundle.js,0,443
575,MemberExpression,nan,-1,-1,-1,365,1,365,19,packages\crypto-browserify\example\bundle.js,0,444
576,FunctionExpression,nan,-1,1,1,365,22,384,2,packages\crypto-browserify\example\bundle.js,0,445
577,FunctionExpression,nan,-1,1,0,398,11,402,2,packages\crypto-browserify\example\bundle.js,0,446
578,MemberExpression,nan,-1,-1,-1,386,2,398,10,packages\crypto-browserify\example\bundle.js,0,447
579,MemberExpression,nan,-1,-1,-1,416,1,416,17,packages\crypto-browserify\example\bundle.js,0,448
580,Identifier,hex_sha1,-1,-1,-1,416,20,416,28,packages\crypto-browserify\example\bundle.js,0,449
581,MemberExpression,nan,-1,-1,-1,417,1,417,17,packages\crypto-browserify\example\bundle.js,0,450
582,Identifier,b64_sha1,-1,-1,-1,417,20,417,28,packages\crypto-browserify\example\bundle.js,0,451
583,MemberExpression,nan,-1,-1,-1,418,1,418,17,packages\crypto-browserify\example\bundle.js,0,452
584,Identifier,str_sha1,-1,-1,-1,418,20,418,28,packages\crypto-browserify\example\bundle.js,0,453
585,MemberExpression,nan,-1,-1,-1,419,1,419,22,packages\crypto-browserify\example\bundle.js,0,454
586,Identifier,hex_hmac_sha1,-1,-1,-1,419,25,419,38,packages\crypto-browserify\example\bundle.js,0,455
587,MemberExpression,nan,-1,-1,-1,420,1,420,22,packages\crypto-browserify\example\bundle.js,0,456
588,Identifier,b64_hmac_sha1,-1,-1,-1,420,25,420,38,packages\crypto-browserify\example\bundle.js,0,457
589,MemberExpression,nan,-1,-1,-1,421,1,421,22,packages\crypto-browserify\example\bundle.js,0,458
590,Identifier,str_hmac_sha1,-1,-1,-1,421,25,421,38,packages\crypto-browserify\example\bundle.js,0,459
591,ReturnStatement,nan,1,-1,-1,435,24,435,82,packages\crypto-browserify\example\bundle.js,0,460
592,ReturnStatement,nan,1,-1,-1,436,24,436,82,packages\crypto-browserify\example\bundle.js,0,461
593,ReturnStatement,nan,1,-1,-1,437,24,437,82,packages\crypto-browserify\example\bundle.js,0,462
594,ReturnStatement,nan,1,-1,-1,438,37,438,80,packages\crypto-browserify\example\bundle.js,0,463
595,ReturnStatement,nan,1,-1,-1,439,37,439,80,packages\crypto-browserify\example\bundle.js,0,464
596,ReturnStatement,nan,1,-1,-1,440,37,440,80,packages\crypto-browserify\example\bundle.js,0,465
597,ReturnStatement,nan,1,-1,-1,446,2,446,71,packages\crypto-browserify\example\bundle.js,0,466
600,VariableDeclaration,nan,-1,-1,-1,457,2,457,20,packages\crypto-browserify\example\bundle.js,0,467
601,VariableDeclaration,nan,-1,-1,-1,458,2,458,21,packages\crypto-browserify\example\bundle.js,0,468
602,VariableDeclaration,nan,-1,-1,-1,459,2,459,21,packages\crypto-browserify\example\bundle.js,0,469
603,VariableDeclaration,nan,-1,-1,-1,460,2,460,22,packages\crypto-browserify\example\bundle.js,0,470
604,VariableDeclaration,nan,-1,-1,-1,461,2,461,20,packages\crypto-browserify\example\bundle.js,0,471
605,VariableDeclaration,nan,-1,-1,-1,462,2,462,22,packages\crypto-browserify\example\bundle.js,0,472
606,ForStatement,nan,-1,-1,-1,464,2,489,3,packages\crypto-browserify\example\bundle.js,0,473
607,ReturnStatement,nan,1,-1,-1,490,2,490,30,packages\crypto-browserify\example\bundle.js,0,474
608,IfStatement,nan,-1,-1,-1,499,2,499,44,packages\crypto-browserify\example\bundle.js,0,475
609,IfStatement,nan,-1,-1,-1,500,2,500,35,packages\crypto-browserify\example\bundle.js,0,476
610,IfStatement,nan,-1,-1,-1,501,2,501,53,packages\crypto-browserify\example\bundle.js,0,477
611,ReturnStatement,nan,1,-1,-1,502,2,502,19,packages\crypto-browserify\example\bundle.js,0,478
612,ReturnStatement,nan,1,-1,-1,509,2,510,39,packages\crypto-browserify\example\bundle.js,0,479
613,VariableDeclaration,nan,-1,-1,-1,517,2,517,27,packages\crypto-browserify\example\bundle.js,0,480
614,IfStatement,nan,-1,-1,-1,518,2,518,71,packages\crypto-browserify\example\bundle.js,0,481
615,VariableDeclaration,nan,-1,-1,-1,520,2,521,20,packages\crypto-browserify\example\bundle.js,0,482
616,ForStatement,nan,-1,-1,-1,522,2,525,3,packages\crypto-browserify\example\bundle.js,0,483
617,VariableDeclaration,nan,-1,-1,-1,527,2,527,79,packages\crypto-browserify\example\bundle.js,0,484
618,ReturnStatement,nan,1,-1,-1,528,2,528,49,packages\crypto-browserify\example\bundle.js,0,485
619,VariableDeclaration,nan,-1,-1,-1,536,2,536,40,packages\crypto-browserify\example\bundle.js,0,486
620,VariableDeclaration,nan,-1,-1,-1,537,2,537,48,packages\crypto-browserify\example\bundle.js,0,487
621,ReturnStatement,nan,1,-1,-1,538,2,538,38,packages\crypto-browserify\example\bundle.js,0,488
622,ReturnStatement,nan,1,-1,-1,545,2,545,45,packages\crypto-browserify\example\bundle.js,0,489
623,VariableDeclaration,nan,-1,-1,-1,553,2,553,20,packages\crypto-browserify\example\bundle.js,0,490
624,VariableDeclaration,nan,-1,-1,-1,554,2,554,30,packages\crypto-browserify\example\bundle.js,0,491
625,ForStatement,nan,-1,-1,-1,555,2,555,133,packages\crypto-browserify\example\bundle.js,0,492
626,ReturnStatement,nan,1,-1,-1,556,2,556,13,packages\crypto-browserify\example\bundle.js,0,493
627,VariableDeclaration,nan,-1,-1,-1,563,2,563,15,packages\crypto-browserify\example\bundle.js,0,494
628,VariableDeclaration,nan,-1,-1,-1,564,2,564,30,packages\crypto-browserify\example\bundle.js,0,495
629,ForStatement,nan,-1,-1,-1,565,2,565,130,packages\crypto-browserify\example\bundle.js,0,496
630,ReturnStatement,nan,1,-1,-1,566,2,566,13,packages\crypto-browserify\example\bundle.js,0,497
631,VariableDeclaration,nan,-1,-1,-1,573,2,573,66,packages\crypto-browserify\example\bundle.js,0,498
632,VariableDeclaration,nan,-1,-1,-1,574,2,574,15,packages\crypto-browserify\example\bundle.js,0,499
633,ForStatement,nan,-1,-1,-1,575,2,577,3,packages\crypto-browserify\example\bundle.js,0,500
634,ReturnStatement,nan,1,-1,-1,578,2,578,13,packages\crypto-browserify\example\bundle.js,0,501
635,VariableDeclaration,nan,-1,-1,-1,585,2,585,79,packages\crypto-browserify\example\bundle.js,0,502
636,VariableDeclaration,nan,-1,-1,-1,586,2,586,15,packages\crypto-browserify\example\bundle.js,0,503
637,ForStatement,nan,-1,-1,-1,587,2,592,3,packages\crypto-browserify\example\bundle.js,0,504
638,ReturnStatement,nan,1,-1,-1,593,2,593,13,packages\crypto-browserify\example\bundle.js,0,505
639,Identifier,abc,-1,-1,-1,601,13,601,16,packages\crypto-browserify\example\bundle.js,0,506
640,MemberExpression,nan,-1,-1,-1,601,1,601,12,packages\crypto-browserify\example\bundle.js,0,507
641,Identifier,x,-1,-1,-1,26,18,26,19,packages\crypto-browserify\example\bundle.js,0,508
642,Identifier,cwd,-1,-1,-1,26,21,26,24,packages\crypto-browserify\example\bundle.js,0,509
644,BlockStatement,nan,-1,-1,-1,26,26,104,2,packages\crypto-browserify\example\bundle.js,0,510
645,BlockStatement,nan,-1,-1,-1,125,58,128,3,packages\crypto-browserify\example\bundle.js,0,511
647,Identifier,name,-1,-1,-1,141,30,141,34,packages\crypto-browserify\example\bundle.js,0,512
649,BlockStatement,nan,-1,-1,-1,141,36,143,2,packages\crypto-browserify\example\bundle.js,0,513
651,BlockStatement,nan,-1,-1,-1,148,41,160,2,packages\crypto-browserify\example\bundle.js,0,514
652,VariableDeclaration,nan,-1,-1,-1,167,2,167,17,packages\crypto-browserify\example\bundle.js,0,515
653,VariableDeclaration,nan,-1,-1,-1,168,2,169,52,packages\crypto-browserify\example\bundle.js,0,516
654,IfStatement,nan,-1,-1,-1,170,2,180,3,packages\crypto-browserify\example\bundle.js,0,517
655,ReturnStatement,nan,1,-1,-1,182,2,187,4,packages\crypto-browserify\example\bundle.js,0,518
656,BlockStatement,nan,-1,-1,-1,195,24,195,49,packages\crypto-browserify\example\bundle.js,0,519
658,NewExpression,nan,1,-1,-1,196,8,196,35,packages\crypto-browserify\example\bundle.js,0,520
661,BlockStatement,nan,-1,-1,-1,208,38,210,3,packages\crypto-browserify\example\bundle.js,0,521
662,Identifier,res,-1,-1,-1,211,9,211,12,packages\crypto-browserify\example\bundle.js,0,522
664,BlockStatement,nan,-1,-1,-1,221,42,232,3,packages\crypto-browserify\example\bundle.js,0,523
665,BlockStatement,nan,-1,-1,-1,235,22,239,3,packages\crypto-browserify\example\bundle.js,0,524
666,Identifier,allowAboveRoot,-1,-1,-1,235,6,235,20,packages\crypto-browserify\example\bundle.js,0,525
667,Identifier,parts,-1,-1,-1,241,9,241,14,packages\crypto-browserify\example\bundle.js,0,526
669,BlockStatement,nan,-1,-1,-1,250,31,277,2,packages\crypto-browserify\example\bundle.js,0,527
670,Identifier,path,-1,-1,-1,281,31,281,35,packages\crypto-browserify\example\bundle.js,0,528
672,BlockStatement,nan,-1,-1,-1,281,37,298,2,packages\crypto-browserify\example\bundle.js,0,529
674,BlockStatement,nan,-1,-1,-1,301,28,306,2,packages\crypto-browserify\example\bundle.js,0,530
675,Identifier,path,-1,-1,-1,308,29,308,33,packages\crypto-browserify\example\bundle.js,0,531
677,BlockStatement,nan,-1,-1,-1,308,35,324,2,packages\crypto-browserify\example\bundle.js,0,532
678,Identifier,path,-1,-1,-1,326,30,326,34,packages\crypto-browserify\example\bundle.js,0,533
679,Identifier,ext,-1,-1,-1,326,36,326,39,packages\crypto-browserify\example\bundle.js,0,534
681,BlockStatement,nan,-1,-1,-1,326,41,333,2,packages\crypto-browserify\example\bundle.js,0,535
682,Identifier,path,-1,-1,-1,335,29,335,33,packages\crypto-browserify\example\bundle.js,0,536
684,BlockStatement,nan,-1,-1,-1,335,35,337,2,packages\crypto-browserify\example\bundle.js,0,537
686,Identifier,require,-1,-1,-1,342,18,342,25,packages\crypto-browserify\example\bundle.js,0,538
687,NewExpression,nan,1,-1,-1,362,8,362,107,packages\crypto-browserify\example\bundle.js,0,539
688,Identifier,alg,-1,-1,-1,365,32,365,35,packages\crypto-browserify\example\bundle.js,0,540
690,BlockStatement,nan,-1,-1,-1,365,37,384,2,packages\crypto-browserify\example\bundle.js,0,541
691,Identifier,name,-1,-1,-1,398,21,398,25,packages\crypto-browserify\example\bundle.js,0,542
693,BlockStatement,nan,-1,-1,-1,398,27,402,2,packages\crypto-browserify\example\bundle.js,0,543
694,CallExpression,nan,1,-1,-1,435,31,435,81,packages\crypto-browserify\example\bundle.js,0,544
695,CallExpression,nan,1,-1,-1,436,31,436,81,packages\crypto-browserify\example\bundle.js,0,545
696,CallExpression,nan,1,-1,-1,437,31,437,81,packages\crypto-browserify\example\bundle.js,0,546
697,CallExpression,nan,1,-1,-1,438,44,438,79,packages\crypto-browserify\example\bundle.js,0,547
698,CallExpression,nan,1,-1,-1,439,44,439,79,packages\crypto-browserify\example\bundle.js,0,548
699,CallExpression,nan,1,-1,-1,440,44,440,79,packages\crypto-browserify\example\bundle.js,0,549
701,AssignmentExpression,nan,-1,-1,-1,454,2,454,40,packages\crypto-browserify\example\bundle.js,0,550
702,AssignmentExpression,nan,-1,-1,-1,455,2,455,38,packages\crypto-browserify\example\bundle.js,0,551
704,BlockStatement,nan,-1,-1,-1,464,41,489,3,packages\crypto-browserify\example\bundle.js,0,552
705,CallExpression,nan,5,-1,-1,490,9,490,29,packages\crypto-browserify\example\bundle.js,0,553
706,BlockStatement,nan,-1,-1,-1,499,14,499,44,packages\crypto-browserify\example\bundle.js,0,554
708,BlockStatement,nan,-1,-1,-1,500,14,500,35,packages\crypto-browserify\example\bundle.js,0,555
710,BlockStatement,nan,-1,-1,-1,501,14,501,53,packages\crypto-browserify\example\bundle.js,0,556
713,ConditionalExpression,nan,-1,-1,-1,509,9,510,38,packages\crypto-browserify\example\bundle.js,0,557
714,BlockStatement,nan,-1,-1,-1,518,24,518,71,packages\crypto-browserify\example\bundle.js,0,558
717,BlockStatement,nan,-1,-1,-1,522,31,525,3,packages\crypto-browserify\example\bundle.js,0,559
718,CallExpression,nan,2,-1,-1,528,9,528,48,packages\crypto-browserify\example\bundle.js,0,560
722,BlockStatement,nan,-1,-1,-1,555,54,555,133,packages\crypto-browserify\example\bundle.js,0,561
723,Identifier,bin,-1,-1,-1,556,9,556,12,packages\crypto-browserify\example\bundle.js,0,562
725,BlockStatement,nan,-1,-1,-1,565,51,565,130,packages\crypto-browserify\example\bundle.js,0,563
726,Identifier,str,-1,-1,-1,566,9,566,12,packages\crypto-browserify\example\bundle.js,0,564
728,BlockStatement,nan,-1,-1,-1,575,48,577,3,packages\crypto-browserify\example\bundle.js,0,565
729,Identifier,str,-1,-1,-1,578,9,578,12,packages\crypto-browserify\example\bundle.js,0,566
731,BlockStatement,nan,-1,-1,-1,587,51,592,3,packages\crypto-browserify\example\bundle.js,0,567
732,Identifier,str,-1,-1,-1,593,9,593,12,packages\crypto-browserify\example\bundle.js,0,568
733,IfStatement,nan,-1,-1,-1,27,2,27,26,packages\crypto-browserify\example\bundle.js,0,569
734,IfStatement,nan,-1,-1,-1,29,2,29,37,packages\crypto-browserify\example\bundle.js,0,570
735,VariableDeclaration,nan,-1,-1,-1,30,2,30,36,packages\crypto-browserify\example\bundle.js,0,571
737,VariableDeclaration,nan,-1,-1,-1,32,2,32,21,packages\crypto-browserify\example\bundle.js,0,572
738,IfStatement,nan,-1,-1,-1,34,2,38,3,packages\crypto-browserify\example\bundle.js,0,573
739,VariableDeclaration,nan,-1,-1,-1,40,2,40,36,packages\crypto-browserify\example\bundle.js,0,574
740,IfStatement,nan,-1,-1,-1,41,2,41,22,packages\crypto-browserify\example\bundle.js,0,575
741,ThrowStatement,nan,1,-1,-1,43,2,43,52,packages\crypto-browserify\example\bundle.js,0,576
742,FunctionDeclaration,nan,-1,1,1,45,2,54,3,packages\crypto-browserify\example\bundle.js,0,577
743,FunctionDeclaration,nan,-1,1,1,56,2,75,3,packages\crypto-browserify\example\bundle.js,0,578
744,FunctionDeclaration,nan,-1,2,1,77,2,89,3,packages\crypto-browserify\example\bundle.js,0,579
745,FunctionDeclaration,nan,-1,1,1,91,2,103,3,packages\crypto-browserify\example\bundle.js,0,580
746,VariableDeclaration,nan,-1,-1,-1,126,3,126,37,packages\crypto-browserify\example\bundle.js,0,581
748,CallExpression,nan,2,-1,-1,125,6,125,38,packages\crypto-browserify\example\bundle.js,0,582
750,ReturnStatement,nan,1,-1,-1,142,2,142,40,packages\crypto-browserify\example\bundle.js,0,583
754,ReturnStatement,nan,1,-1,-1,159,2,159,25,packages\crypto-browserify\example\bundle.js,0,584
755,BlockStatement,nan,-1,-1,-1,170,15,180,3,packages\crypto-browserify\example\bundle.js,0,585
756,Identifier,canPost,-1,-1,-1,170,6,170,13,packages\crypto-browserify\example\bundle.js,0,586
757,FunctionExpression,nan,-1,1,0,182,9,187,3,packages\crypto-browserify\example\bundle.js,0,587
758,ReturnStatement,nan,1,-1,-1,195,26,195,47,packages\crypto-browserify\example\bundle.js,0,588
759,Identifier,name,-1,-1,-1,195,6,195,10,packages\crypto-browserify\example\bundle.js,0,589
762,Identifier,Error,-1,-1,-1,196,12,196,17,packages\crypto-browserify\example\bundle.js,0,590
763,Identifier,i,-1,-1,-1,208,18,208,19,packages\crypto-browserify\example\bundle.js,0,591
764,MemberExpression,nan,-1,-1,-1,208,22,208,31,packages\crypto-browserify\example\bundle.js,0,592
765,IfStatement,nan,-1,-1,-1,209,3,209,45,packages\crypto-browserify\example\bundle.js,0,593
766,Identifier,i,-1,-1,-1,221,29,221,30,packages\crypto-browserify\example\bundle.js,0,594
768,VariableDeclaration,nan,-1,-1,-1,222,3,222,23,packages\crypto-browserify\example\bundle.js,0,595
769,IfStatement,nan,-1,-1,-1,223,3,231,4,packages\crypto-browserify\example\bundle.js,0,596
770,ForStatement,nan,-1,-1,-1,236,3,238,4,packages\crypto-browserify\example\bundle.js,0,597
771,VariableDeclaration,nan,-1,-1,-1,251,2,252,28,packages\crypto-browserify\example\bundle.js,0,598
772,ForStatement,nan,-1,-1,-1,254,2,266,3,packages\crypto-browserify\example\bundle.js,0,599
774,ReturnStatement,nan,1,-1,-1,276,2,276,63,packages\crypto-browserify\example\bundle.js,0,600
775,VariableDeclaration,nan,-1,-1,-1,282,2,283,42,packages\crypto-browserify\example\bundle.js,0,601
777,IfStatement,nan,-1,-1,-1,290,2,292,3,packages\crypto-browserify\example\bundle.js,0,602
778,IfStatement,nan,-1,-1,-1,293,2,295,3,packages\crypto-browserify\example\bundle.js,0,603
779,ReturnStatement,nan,1,-1,-1,297,2,297,40,packages\crypto-browserify\example\bundle.js,0,604
780,VariableDeclaration,nan,-1,-1,-1,302,2,302,55,packages\crypto-browserify\example\bundle.js,0,605
781,ReturnStatement,nan,1,-1,-1,303,2,305,16,packages\crypto-browserify\example\bundle.js,0,606
782,VariableDeclaration,nan,-1,-1,-1,309,2,309,44,packages\crypto-browserify\example\bundle.js,0,607
783,VariableDeclaration,nan,-1,-1,-1,310,2,310,24,packages\crypto-browserify\example\bundle.js,0,608
784,IfStatement,nan,-1,-1,-1,311,2,320,3,packages\crypto-browserify\example\bundle.js,0,609
785,ReturnStatement,nan,1,-1,-1,322,2,322,42,packages\crypto-browserify\example\bundle.js,0,610
786,VariableDeclaration,nan,-1,-1,-1,327,2,327,42,packages\crypto-browserify\example\bundle.js,0,611
787,IfStatement,nan,-1,-1,-1,329,2,331,3,packages\crypto-browserify\example\bundle.js,0,612
788,ReturnStatement,nan,1,-1,-1,332,2,332,11,packages\crypto-browserify\example\bundle.js,0,613
789,ReturnStatement,nan,1,-1,-1,336,2,336,41,packages\crypto-browserify\example\bundle.js,0,614
791,Identifier,Error,-1,-1,-1,362,12,362,17,packages\crypto-browserify\example\bundle.js,0,615
793,IfStatement,nan,-1,-1,-1,367,2,367,77,packages\crypto-browserify\example\bundle.js,0,616
794,VariableDeclaration,nan,-1,-1,-1,368,2,368,13,packages\crypto-browserify\example\bundle.js,0,617
796,ReturnStatement,nan,1,-1,-1,370,2,383,4,packages\crypto-browserify\example\bundle.js,0,618
798,CallExpression,nan,2,-1,-1,435,40,435,80,packages\crypto-browserify\example\bundle.js,0,619
799,Identifier,binb2hex,-1,-1,-1,435,31,435,39,packages\crypto-browserify\example\bundle.js,0,620
800,CallExpression,nan,2,-1,-1,436,40,436,80,packages\crypto-browserify\example\bundle.js,0,621
801,Identifier,binb2b64,-1,-1,-1,436,31,436,39,packages\crypto-browserify\example\bundle.js,0,622
802,CallExpression,nan,2,-1,-1,437,40,437,80,packages\crypto-browserify\example\bundle.js,0,623
803,Identifier,binb2str,-1,-1,-1,437,31,437,39,packages\crypto-browserify\example\bundle.js,0,624
804,CallExpression,nan,2,-1,-1,438,53,438,78,packages\crypto-browserify\example\bundle.js,0,625
805,Identifier,binb2hex,-1,-1,-1,438,44,438,52,packages\crypto-browserify\example\bundle.js,0,626
806,CallExpression,nan,2,-1,-1,439,53,439,78,packages\crypto-browserify\example\bundle.js,0,627
807,Identifier,binb2b64,-1,-1,-1,439,44,439,52,packages\crypto-browserify\example\bundle.js,0,628
808,CallExpression,nan,2,-1,-1,440,53,440,78,packages\crypto-browserify\example\bundle.js,0,629
809,Identifier,binb2str,-1,-1,-1,440,44,440,52,packages\crypto-browserify\example\bundle.js,0,630
810,CallExpression,nan,1,-1,-1,446,9,446,24,packages\crypto-browserify\example\bundle.js,0,631
812,MemberExpression,nan,-1,-1,-1,454,2,454,13,packages\crypto-browserify\example\bundle.js,0,632
814,MemberExpression,nan,-1,-1,-1,455,2,455,32,packages\crypto-browserify\example\bundle.js,0,633
815,Identifier,len,-1,-1,-1,455,35,455,38,packages\crypto-browserify\example\bundle.js,0,634
816,Identifier,i,-1,-1,-1,464,18,464,19,packages\crypto-browserify\example\bundle.js,0,635
817,MemberExpression,nan,-1,-1,-1,464,22,464,30,packages\crypto-browserify\example\bundle.js,0,636
818,VariableDeclaration,nan,-1,-1,-1,465,3,465,16,packages\crypto-browserify\example\bundle.js,0,637
819,VariableDeclaration,nan,-1,-1,-1,466,3,466,16,packages\crypto-browserify\example\bundle.js,0,638
820,VariableDeclaration,nan,-1,-1,-1,467,3,467,16,packages\crypto-browserify\example\bundle.js,0,639
821,VariableDeclaration,nan,-1,-1,-1,468,3,468,16,packages\crypto-browserify\example\bundle.js,0,640
822,VariableDeclaration,nan,-1,-1,-1,469,3,469,16,packages\crypto-browserify\example\bundle.js,0,641
823,ForStatement,nan,-1,-1,-1,471,3,482,4,packages\crypto-browserify\example\bundle.js,0,642
829,Identifier,a,-1,-1,-1,490,15,490,16,packages\crypto-browserify\example\bundle.js,0,643
830,Identifier,b,-1,-1,-1,490,18,490,19,packages\crypto-browserify\example\bundle.js,0,644
831,Identifier,c,-1,-1,-1,490,21,490,22,packages\crypto-browserify\example\bundle.js,0,645
832,Identifier,d,-1,-1,-1,490,24,490,25,packages\crypto-browserify\example\bundle.js,0,646
833,Identifier,e,-1,-1,-1,490,27,490,28,packages\crypto-browserify\example\bundle.js,0,647
834,Identifier,Array,-1,-1,-1,490,9,490,14,packages\crypto-browserify\example\bundle.js,0,648
835,ReturnStatement,nan,1,-1,-1,499,16,499,42,packages\crypto-browserify\example\bundle.js,0,649
836,Identifier,t,-1,-1,-1,499,6,499,7,packages\crypto-browserify\example\bundle.js,0,650
838,ReturnStatement,nan,1,-1,-1,500,16,500,33,packages\crypto-browserify\example\bundle.js,0,651
839,Identifier,t,-1,-1,-1,500,6,500,7,packages\crypto-browserify\example\bundle.js,0,652
841,ReturnStatement,nan,1,-1,-1,501,16,501,51,packages\crypto-browserify\example\bundle.js,0,653
842,Identifier,t,-1,-1,-1,501,6,501,7,packages\crypto-browserify\example\bundle.js,0,654
845,Identifier,d,-1,-1,-1,502,17,502,18,packages\crypto-browserify\example\bundle.js,0,655
849,MemberExpression,nan,-1,-1,-1,518,6,518,17,packages\crypto-browserify\example\bundle.js,0,656
851,Identifier,i,-1,-1,-1,522,18,522,19,packages\crypto-browserify\example\bundle.js,0,657
855,CallExpression,nan,1,-1,-1,528,19,528,36,packages\crypto-browserify\example\bundle.js,0,658
857,Identifier,core_sha1,-1,-1,-1,528,9,528,18,packages\crypto-browserify\example\bundle.js,0,659
862,Identifier,i,-1,-1,-1,555,18,555,19,packages\crypto-browserify\example\bundle.js,0,660
865,Identifier,i,-1,-1,-1,565,18,565,19,packages\crypto-browserify\example\bundle.js,0,661
868,Identifier,i,-1,-1,-1,575,18,575,19,packages\crypto-browserify\example\bundle.js,0,662
871,Identifier,i,-1,-1,-1,587,18,587,19,packages\crypto-browserify\example\bundle.js,0,663
873,VariableDeclaration,nan,-1,-1,-1,588,3,588,197,packages\crypto-browserify\example\bundle.js,0,664
874,ForStatement,nan,-1,-1,-1,589,3,591,4,packages\crypto-browserify\example\bundle.js,0,665
875,BlockStatement,nan,-1,-1,-1,27,12,27,26,packages\crypto-browserify\example\bundle.js,0,666
876,UnaryExpression,nan,1,-1,-1,27,6,27,10,packages\crypto-browserify\example\bundle.js,0,667
877,BlockStatement,nan,-1,-1,-1,29,24,29,37,packages\crypto-browserify\example\bundle.js,0,668
878,MemberExpression,nan,-1,-1,-1,29,6,29,22,packages\crypto-browserify\example\bundle.js,0,669
879,AssignmentExpression,nan,-1,-1,-1,31,2,31,30,packages\crypto-browserify\example\bundle.js,0,670
880,BlockStatement,nan,-1,-1,-1,34,34,38,3,packages\crypto-browserify\example\bundle.js,0,671
881,CallExpression,nan,1,-1,-1,34,6,34,32,packages\crypto-browserify\example\bundle.js,0,672
882,BlockStatement,nan,-1,-1,-1,41,9,41,22,packages\crypto-browserify\example\bundle.js,0,673
883,Identifier,n,-1,-1,-1,41,6,41,7,packages\crypto-browserify\example\bundle.js,0,674
884,NewExpression,nan,1,-1,-1,43,8,43,51,packages\crypto-browserify\example\bundle.js,0,675
885,Identifier,loadAsFileSync,-1,-1,-1,45,11,45,25,packages\crypto-browserify\example\bundle.js,0,676
886,Identifier,x,-1,-1,-1,45,26,45,27,packages\crypto-browserify\example\bundle.js,0,677
888,BlockStatement,nan,-1,-1,-1,45,29,54,3,packages\crypto-browserify\example\bundle.js,0,678
889,Identifier,loadAsDirectorySync,-1,-1,-1,56,11,56,30,packages\crypto-browserify\example\bundle.js,0,679
890,Identifier,x,-1,-1,-1,56,31,56,32,packages\crypto-browserify\example\bundle.js,0,680
892,BlockStatement,nan,-1,-1,-1,56,34,75,3,packages\crypto-browserify\example\bundle.js,0,681
893,Identifier,loadNodeModulesSync,-1,-1,-1,77,11,77,30,packages\crypto-browserify\example\bundle.js,0,682
894,Identifier,x,-1,-1,-1,77,31,77,32,packages\crypto-browserify\example\bundle.js,0,683
895,Identifier,start,-1,-1,-1,77,34,77,39,packages\crypto-browserify\example\bundle.js,0,684
897,BlockStatement,nan,-1,-1,-1,77,41,89,3,packages\crypto-browserify\example\bundle.js,0,685
898,Identifier,nodeModulesPathsSync,-1,-1,-1,91,11,91,31,packages\crypto-browserify\example\bundle.js,0,686
899,Identifier,start,-1,-1,-1,91,32,91,37,packages\crypto-browserify\example\bundle.js,0,687
901,BlockStatement,nan,-1,-1,-1,91,39,103,3,packages\crypto-browserify\example\bundle.js,0,688
902,AssignmentExpression,nan,-1,-1,-1,127,3,127,57,packages\crypto-browserify\example\bundle.js,0,689
905,MemberExpression,nan,-1,-1,-1,125,6,125,15,packages\crypto-browserify\example\bundle.js,0,690
906,Identifier,basedir,-1,-1,-1,125,43,125,50,packages\crypto-browserify\example\bundle.js,0,691
908,CallExpression,nan,2,-1,-1,142,9,142,39,packages\crypto-browserify\example\bundle.js,0,692
909,AssignmentExpression,nan,-1,-1,-1,149,2,149,53,packages\crypto-browserify\example\bundle.js,0,693
910,CallExpression,nan,6,-1,-1,150,2,157,3,packages\crypto-browserify\example\bundle.js,0,694
911,AssignmentExpression,nan,-1,-1,-1,158,2,158,53,packages\crypto-browserify\example\bundle.js,0,695
912,MemberExpression,nan,-1,-1,-1,159,9,159,24,packages\crypto-browserify\example\bundle.js,0,696
914,Identifier,fn,-1,-1,-1,182,19,182,21,packages\crypto-browserify\example\bundle.js,0,697
916,BlockStatement,nan,-1,-1,-1,182,23,187,3,packages\crypto-browserify\example\bundle.js,0,698
917,CallExpression,nan,1,-1,-1,195,33,195,46,packages\crypto-browserify\example\bundle.js,0,699
918,BlockStatement,nan,-1,-1,-1,209,25,209,45,packages\crypto-browserify\example\bundle.js,0,700
919,CallExpression,nan,3,-1,-1,209,7,209,23,packages\crypto-browserify\example\bundle.js,0,701
920,BlockStatement,nan,-1,-1,-1,223,20,225,4,packages\crypto-browserify\example\bundle.js,0,702
922,UpdateExpression,nan,1,-1,-1,236,10,236,14,packages\crypto-browserify\example\bundle.js,0,703
923,BlockStatement,nan,-1,-1,-1,236,20,238,4,packages\crypto-browserify\example\bundle.js,0,704
924,LogicalExpression,nan,-1,-1,-1,254,33,254,61,packages\crypto-browserify\example\bundle.js,0,705
925,BlockStatement,nan,-1,-1,-1,254,68,266,3,packages\crypto-browserify\example\bundle.js,0,706
926,AssignmentExpression,nan,-1,-1,-1,272,2,274,34,packages\crypto-browserify\example\bundle.js,0,707
927,LogicalExpression,nan,-1,-1,-1,276,9,276,62,packages\crypto-browserify\example\bundle.js,0,708
928,AssignmentExpression,nan,-1,-1,-1,286,2,288,28,packages\crypto-browserify\example\bundle.js,0,709
929,BlockStatement,nan,-1,-1,-1,290,28,292,3,packages\crypto-browserify\example\bundle.js,0,710
930,LogicalExpression,nan,-1,-1,-1,290,6,290,26,packages\crypto-browserify\example\bundle.js,0,711
931,BlockStatement,nan,-1,-1,-1,293,29,295,3,packages\crypto-browserify\example\bundle.js,0,712
932,LogicalExpression,nan,-1,-1,-1,293,6,293,27,packages\crypto-browserify\example\bundle.js,0,713
934,CallExpression,nan,1,-1,-1,303,9,305,15,packages\crypto-browserify\example\bundle.js,0,714
935,BlockStatement,nan,-1,-1,-1,311,12,314,3,packages\crypto-browserify\example\bundle.js,0,715
936,UnaryExpression,nan,1,-1,-1,311,6,311,10,packages\crypto-browserify\example\bundle.js,0,716
937,CallExpression,nan,2,-1,-1,322,9,322,41,packages\crypto-browserify\example\bundle.js,0,717
938,BlockStatement,nan,-1,-1,-1,329,48,331,3,packages\crypto-browserify\example\bundle.js,0,718
939,LogicalExpression,nan,-1,-1,-1,329,6,329,46,packages\crypto-browserify\example\bundle.js,0,719
940,Identifier,f,-1,-1,-1,332,9,332,10,packages\crypto-browserify\example\bundle.js,0,720
941,LogicalExpression,nan,-1,-1,-1,336,9,336,40,packages\crypto-browserify\example\bundle.js,0,721
942,Identifier,m,-1,-1,-1,362,18,362,19,packages\crypto-browserify\example\bundle.js,0,722
943,CallExpression,nan,1,-1,-1,362,20,362,106,packages\crypto-browserify\example\bundle.js,0,723
944,AssignmentExpression,nan,-1,-1,-1,366,2,366,21,packages\crypto-browserify\example\bundle.js,0,724
945,BlockStatement,nan,-1,-1,-1,367,24,367,77,packages\crypto-browserify\example\bundle.js,0,725
946,UnaryExpression,nan,1,-1,-1,367,6,367,22,packages\crypto-browserify\example\bundle.js,0,726
947,AssignmentExpression,nan,-1,-1,-1,369,2,369,24,packages\crypto-browserify\example\bundle.js,0,727
948,ObjectExpression,nan,-1,-1,-1,370,9,383,3,packages\crypto-browserify\example\bundle.js,0,728
949,AssignmentExpression,nan,-1,-1,-1,399,2,401,3,packages\crypto-browserify\example\bundle.js,0,729
950,CallExpression,nan,1,-1,-1,435,50,435,61,packages\crypto-browserify\example\bundle.js,0,730
952,Identifier,core_sha1,-1,-1,-1,435,40,435,49,packages\crypto-browserify\example\bundle.js,0,731
953,CallExpression,nan,1,-1,-1,436,50,436,61,packages\crypto-browserify\example\bundle.js,0,732
955,Identifier,core_sha1,-1,-1,-1,436,40,436,49,packages\crypto-browserify\example\bundle.js,0,733
956,CallExpression,nan,1,-1,-1,437,50,437,61,packages\crypto-browserify\example\bundle.js,0,734
958,Identifier,core_sha1,-1,-1,-1,437,40,437,49,packages\crypto-browserify\example\bundle.js,0,735
959,Identifier,key,-1,-1,-1,438,68,438,71,packages\crypto-browserify\example\bundle.js,0,736
960,Identifier,data,-1,-1,-1,438,73,438,77,packages\crypto-browserify\example\bundle.js,0,737
961,Identifier,core_hmac_sha1,-1,-1,-1,438,53,438,67,packages\crypto-browserify\example\bundle.js,0,738
962,Identifier,key,-1,-1,-1,439,68,439,71,packages\crypto-browserify\example\bundle.js,0,739
963,Identifier,data,-1,-1,-1,439,73,439,77,packages\crypto-browserify\example\bundle.js,0,740
964,Identifier,core_hmac_sha1,-1,-1,-1,439,53,439,67,packages\crypto-browserify\example\bundle.js,0,741
965,Identifier,key,-1,-1,-1,440,68,440,71,packages\crypto-browserify\example\bundle.js,0,742
966,Identifier,data,-1,-1,-1,440,73,440,77,packages\crypto-browserify\example\bundle.js,0,743
967,Identifier,core_hmac_sha1,-1,-1,-1,440,53,440,67,packages\crypto-browserify\example\bundle.js,0,744
969,Identifier,hex_sha1,-1,-1,-1,446,9,446,17,packages\crypto-browserify\example\bundle.js,0,745
973,BlockStatement,nan,-1,-1,-1,471,32,482,4,packages\crypto-browserify\example\bundle.js,0,746
974,AssignmentExpression,nan,-1,-1,-1,484,3,484,24,packages\crypto-browserify\example\bundle.js,0,747
975,AssignmentExpression,nan,-1,-1,-1,485,3,485,24,packages\crypto-browserify\example\bundle.js,0,748
976,AssignmentExpression,nan,-1,-1,-1,486,3,486,24,packages\crypto-browserify\example\bundle.js,0,749
977,AssignmentExpression,nan,-1,-1,-1,487,3,487,24,packages\crypto-browserify\example\bundle.js,0,750
978,AssignmentExpression,nan,-1,-1,-1,488,3,488,24,packages\crypto-browserify\example\bundle.js,0,751
982,Identifier,b,-1,-1,-1,502,9,502,10,packages\crypto-browserify\example\bundle.js,0,752
983,Identifier,c,-1,-1,-1,502,13,502,14,packages\crypto-browserify\example\bundle.js,0,753
984,Identifier,t,-1,-1,-1,509,9,509,10,packages\crypto-browserify\example\bundle.js,0,754
986,AssignmentExpression,nan,-1,-1,-1,518,26,518,68,packages\crypto-browserify\example\bundle.js,0,755
987,AssignmentExpression,nan,-1,-1,-1,523,3,523,33,packages\crypto-browserify\example\bundle.js,0,756
988,AssignmentExpression,nan,-1,-1,-1,524,3,524,33,packages\crypto-browserify\example\bundle.js,0,757
989,Identifier,hash,-1,-1,-1,528,31,528,35,packages\crypto-browserify\example\bundle.js,0,758
990,MemberExpression,nan,-1,-1,-1,528,19,528,30,packages\crypto-browserify\example\bundle.js,0,759
993,Identifier,msw,-1,-1,-1,538,10,538,13,packages\crypto-browserify\example\bundle.js,0,760
995,Identifier,lsw,-1,-1,-1,538,24,538,27,packages\crypto-browserify\example\bundle.js,0,761
997,Identifier,num,-1,-1,-1,545,10,545,13,packages\crypto-browserify\example\bundle.js,0,762
998,Identifier,cnt,-1,-1,-1,545,17,545,20,packages\crypto-browserify\example\bundle.js,0,763
999,Identifier,num,-1,-1,-1,545,25,545,28,packages\crypto-browserify\example\bundle.js,0,764
1001,MemberExpression,nan,-1,-1,-1,555,22,555,32,packages\crypto-browserify\example\bundle.js,0,765
1002,Identifier,chrsz,-1,-1,-1,555,35,555,40,packages\crypto-browserify\example\bundle.js,0,766
1003,AssignmentExpression,nan,-1,-1,-1,555,56,555,130,packages\crypto-browserify\example\bundle.js,0,767
1004,MemberExpression,nan,-1,-1,-1,565,22,565,32,packages\crypto-browserify\example\bundle.js,0,768
1006,AssignmentExpression,nan,-1,-1,-1,565,53,565,127,packages\crypto-browserify\example\bundle.js,0,769
1007,MemberExpression,nan,-1,-1,-1,575,22,575,37,packages\crypto-browserify\example\bundle.js,0,770
1009,AssignmentExpression,nan,-1,-1,-1,576,3,576,139,packages\crypto-browserify\example\bundle.js,0,771
1010,MemberExpression,nan,-1,-1,-1,587,22,587,37,packages\crypto-browserify\example\bundle.js,0,772
1013,BlockStatement,nan,-1,-1,-1,589,31,591,4,packages\crypto-browserify\example\bundle.js,0,773
1015,Identifier,cwd,-1,-1,-1,27,7,27,10,packages\crypto-browserify\example\bundle.js,0,774
1016,ReturnStatement,nan,1,-1,-1,29,26,29,35,packages\crypto-browserify\example\bundle.js,0,775
1017,Identifier,cwd,-1,-1,-1,31,2,31,5,packages\crypto-browserify\example\bundle.js,0,776
1018,CallExpression,nan,2,-1,-1,31,8,31,30,packages\crypto-browserify\example\bundle.js,0,777
1019,VariableDeclaration,nan,-1,-1,-1,35,3,36,47,packages\crypto-browserify\example\bundle.js,0,778
1020,IfStatement,nan,-1,-1,-1,37,3,37,23,packages\crypto-browserify\example\bundle.js,0,779
1022,MemberExpression,nan,-1,-1,-1,34,6,34,13,packages\crypto-browserify\example\bundle.js,0,780
1023,ReturnStatement,nan,1,-1,-1,41,11,41,20,packages\crypto-browserify\example\bundle.js,0,781
1025,Identifier,Error,-1,-1,-1,43,12,43,17,packages\crypto-browserify\example\bundle.js,0,782
1026,IfStatement,nan,-1,-1,-1,46,3,48,4,packages\crypto-browserify\example\bundle.js,0,783
1027,ForStatement,nan,-1,-1,-1,50,3,53,4,packages\crypto-browserify\example\bundle.js,0,784
1029,VariableDeclaration,nan,-1,-1,-1,58,3,58,37,packages\crypto-browserify\example\bundle.js,0,785
1030,IfStatement,nan,-1,-1,-1,59,3,72,4,packages\crypto-browserify\example\bundle.js,0,786
1031,ReturnStatement,nan,1,-1,-1,74,3,74,39,packages\crypto-browserify\example\bundle.js,0,787
1032,VariableDeclaration,nan,-1,-1,-1,78,3,78,42,packages\crypto-browserify\example\bundle.js,0,788
1033,ForStatement,nan,-1,-1,-1,79,3,85,4,packages\crypto-browserify\example\bundle.js,0,789
1034,VariableDeclaration,nan,-1,-1,-1,87,3,87,29,packages\crypto-browserify\example\bundle.js,0,790
1035,IfStatement,nan,-1,-1,-1,88,3,88,23,packages\crypto-browserify\example\bundle.js,0,791
1036,VariableDeclaration,nan,-1,-1,-1,92,3,92,13,packages\crypto-browserify\example\bundle.js,0,792
1037,IfStatement,nan,-1,-1,-1,93,3,93,90,packages\crypto-browserify\example\bundle.js,0,793
1038,VariableDeclaration,nan,-1,-1,-1,95,3,95,17,packages\crypto-browserify\example\bundle.js,0,794
1039,ForStatement,nan,-1,-1,-1,96,3,100,4,packages\crypto-browserify\example\bundle.js,0,795
1040,ReturnStatement,nan,1,-1,-1,102,3,102,15,packages\crypto-browserify\example\bundle.js,0,796
1041,MemberExpression,nan,-1,-1,-1,127,3,127,26,packages\crypto-browserify\example\bundle.js,0,797
1042,MemberExpression,nan,-1,-1,-1,127,29,127,57,packages\crypto-browserify\example\bundle.js,0,798
1043,MemberExpression,nan,-1,-1,-1,125,19,125,33,packages\crypto-browserify\example\bundle.js,0,799
1045,Identifier,name,-1,-1,-1,142,25,142,29,packages\crypto-browserify\example\bundle.js,0,800
1046,Identifier,dirname,-1,-1,-1,142,31,142,38,packages\crypto-browserify\example\bundle.js,0,801
1047,MemberExpression,nan,-1,-1,-1,142,9,142,24,packages\crypto-browserify\example\bundle.js,0,802
1048,MemberExpression,nan,-1,-1,-1,149,2,149,35,packages\crypto-browserify\example\bundle.js,0,803
1049,MemberExpression,nan,-1,-1,-1,149,38,149,53,packages\crypto-browserify\example\bundle.js,0,804
1050,MemberExpression,nan,-1,-1,-1,151,3,151,18,packages\crypto-browserify\example\bundle.js,0,805
1051,Identifier,require_,-1,-1,-1,152,3,152,11,packages\crypto-browserify\example\bundle.js,0,806
1052,Identifier,module_,-1,-1,-1,153,3,153,10,packages\crypto-browserify\example\bundle.js,0,807
1053,MemberExpression,nan,-1,-1,-1,154,3,154,18,packages\crypto-browserify\example\bundle.js,0,808
1054,Identifier,dirname,-1,-1,-1,155,3,155,10,packages\crypto-browserify\example\bundle.js,0,809
1055,Identifier,filename,-1,-1,-1,156,3,156,11,packages\crypto-browserify\example\bundle.js,0,810
1056,MemberExpression,nan,-1,-1,-1,150,2,150,9,packages\crypto-browserify\example\bundle.js,0,811
1057,MemberExpression,nan,-1,-1,-1,158,2,158,35,packages\crypto-browserify\example\bundle.js,0,812
1058,MemberExpression,nan,-1,-1,-1,158,38,158,53,packages\crypto-browserify\example\bundle.js,0,813
1059,CallExpression,nan,3,-1,-1,171,3,179,11,packages\crypto-browserify\example\bundle.js,0,814
1060,IfStatement,nan,-1,-1,-1,183,3,186,32,packages\crypto-browserify\example\bundle.js,0,815
1062,Identifier,require,-1,-1,-1,195,33,195,40,packages\crypto-browserify\example\bundle.js,0,816
1064,MemberExpression,nan,-1,-1,-1,209,10,209,15,packages\crypto-browserify\example\bundle.js,0,817
1065,Identifier,i,-1,-1,-1,209,17,209,18,packages\crypto-browserify\example\bundle.js,0,818
1066,Identifier,xs,-1,-1,-1,209,20,209,22,packages\crypto-browserify\example\bundle.js,0,819
1067,Identifier,fn,-1,-1,-1,209,7,209,9,packages\crypto-browserify\example\bundle.js,0,820
1069,Identifier,last,-1,-1,-1,223,7,223,11,packages\crypto-browserify\example\bundle.js,0,821
1071,Identifier,up,-1,-1,-1,236,10,236,12,packages\crypto-browserify\example\bundle.js,0,822
1074,UnaryExpression,nan,1,-1,-1,254,44,254,61,packages\crypto-browserify\example\bundle.js,0,823
1075,VariableDeclaration,nan,-1,-1,-1,255,3,257,20,packages\crypto-browserify\example\bundle.js,0,824
1076,IfStatement,nan,-1,-1,-1,260,3,262,4,packages\crypto-browserify\example\bundle.js,0,825
1079,Identifier,resolvedPath,-1,-1,-1,272,2,272,14,packages\crypto-browserify\example\bundle.js,0,826
1080,CallExpression,nan,1,-1,-1,272,17,274,34,packages\crypto-browserify\example\bundle.js,0,827
1083,Identifier,path,-1,-1,-1,286,2,286,6,packages\crypto-browserify\example\bundle.js,0,828
1084,CallExpression,nan,1,-1,-1,286,9,288,28,packages\crypto-browserify\example\bundle.js,0,829
1086,UnaryExpression,nan,1,-1,-1,290,6,290,11,packages\crypto-browserify\example\bundle.js,0,830
1087,UnaryExpression,nan,1,-1,-1,290,15,290,26,packages\crypto-browserify\example\bundle.js,0,831
1089,Identifier,path,-1,-1,-1,293,6,293,10,packages\crypto-browserify\example\bundle.js,0,832
1090,Identifier,trailingSlash,-1,-1,-1,293,14,293,27,packages\crypto-browserify\example\bundle.js,0,833
1091,ConditionalExpression,nan,-1,-1,-1,297,10,297,31,packages\crypto-browserify\example\bundle.js,0,834
1092,Identifier,path,-1,-1,-1,297,35,297,39,packages\crypto-browserify\example\bundle.js,0,835
1093,CallExpression,nan,1,-1,-1,303,27,305,14,packages\crypto-browserify\example\bundle.js,0,836
1094,MemberExpression,nan,-1,-1,-1,303,9,303,26,packages\crypto-browserify\example\bundle.js,0,837
1095,ReturnStatement,nan,1,-1,-1,313,3,313,14,packages\crypto-browserify\example\bundle.js,0,838
1096,Identifier,dir,-1,-1,-1,311,7,311,10,packages\crypto-browserify\example\bundle.js,0,839
1099,MemberExpression,nan,-1,-1,-1,322,9,322,22,packages\crypto-browserify\example\bundle.js,0,840
1101,Identifier,ext,-1,-1,-1,329,6,329,9,packages\crypto-browserify\example\bundle.js,0,841
1103,MemberExpression,nan,-1,-1,-1,336,9,336,34,packages\crypto-browserify\example\bundle.js,0,842
1106,MemberExpression,nan,-1,-1,-1,362,20,362,100,packages\crypto-browserify\example\bundle.js,0,843
1107,Identifier,alg,-1,-1,-1,366,2,366,5,packages\crypto-browserify\example\bundle.js,0,844
1108,LogicalExpression,nan,-1,-1,-1,366,8,366,21,packages\crypto-browserify\example\bundle.js,0,845
1110,MemberExpression,nan,-1,-1,-1,367,7,367,22,packages\crypto-browserify\example\bundle.js,0,846
1111,Identifier,_alg,-1,-1,-1,369,2,369,6,packages\crypto-browserify\example\bundle.js,0,847
1112,MemberExpression,nan,-1,-1,-1,369,9,369,24,packages\crypto-browserify\example\bundle.js,0,848
1113,MemberExpression,nan,-1,-1,-1,399,2,399,15,packages\crypto-browserify\example\bundle.js,0,849
1114,FunctionExpression,nan,-1,0,0,399,18,401,3,packages\crypto-browserify\example\bundle.js,0,850
1115,Identifier,s,-1,-1,-1,435,59,435,60,packages\crypto-browserify\example\bundle.js,0,851
1116,Identifier,str2binb,-1,-1,-1,435,50,435,58,packages\crypto-browserify\example\bundle.js,0,852
1117,MemberExpression,nan,-1,-1,-1,435,63,435,71,packages\crypto-browserify\example\bundle.js,0,853
1118,Identifier,chrsz,-1,-1,-1,435,74,435,79,packages\crypto-browserify\example\bundle.js,0,854
1119,Identifier,s,-1,-1,-1,436,59,436,60,packages\crypto-browserify\example\bundle.js,0,855
1120,Identifier,str2binb,-1,-1,-1,436,50,436,58,packages\crypto-browserify\example\bundle.js,0,856
1121,MemberExpression,nan,-1,-1,-1,436,63,436,71,packages\crypto-browserify\example\bundle.js,0,857
1122,Identifier,chrsz,-1,-1,-1,436,74,436,79,packages\crypto-browserify\example\bundle.js,0,858
1123,Identifier,s,-1,-1,-1,437,59,437,60,packages\crypto-browserify\example\bundle.js,0,859
1124,Identifier,str2binb,-1,-1,-1,437,50,437,58,packages\crypto-browserify\example\bundle.js,0,860
1125,MemberExpression,nan,-1,-1,-1,437,63,437,71,packages\crypto-browserify\example\bundle.js,0,861
1126,Identifier,chrsz,-1,-1,-1,437,74,437,79,packages\crypto-browserify\example\bundle.js,0,862
1129,Identifier,j,-1,-1,-1,471,19,471,20,packages\crypto-browserify\example\bundle.js,0,863
1131,IfStatement,nan,-1,-1,-1,472,4,472,105,packages\crypto-browserify\example\bundle.js,0,864
1132,VariableDeclaration,nan,-1,-1,-1,473,4,476,6,packages\crypto-browserify\example\bundle.js,0,865
1138,Identifier,a,-1,-1,-1,484,3,484,4,packages\crypto-browserify\example\bundle.js,0,866
1139,CallExpression,nan,2,-1,-1,484,7,484,24,packages\crypto-browserify\example\bundle.js,0,867
1140,Identifier,b,-1,-1,-1,485,3,485,4,packages\crypto-browserify\example\bundle.js,0,868
1141,CallExpression,nan,2,-1,-1,485,7,485,24,packages\crypto-browserify\example\bundle.js,0,869
1142,Identifier,c,-1,-1,-1,486,3,486,4,packages\crypto-browserify\example\bundle.js,0,870
1143,CallExpression,nan,2,-1,-1,486,7,486,24,packages\crypto-browserify\example\bundle.js,0,871
1144,Identifier,d,-1,-1,-1,487,3,487,4,packages\crypto-browserify\example\bundle.js,0,872
1145,CallExpression,nan,2,-1,-1,487,7,487,24,packages\crypto-browserify\example\bundle.js,0,873
1146,Identifier,e,-1,-1,-1,488,3,488,4,packages\crypto-browserify\example\bundle.js,0,874
1147,CallExpression,nan,2,-1,-1,488,7,488,24,packages\crypto-browserify\example\bundle.js,0,875
1151,Identifier,d,-1,-1,-1,500,31,500,32,packages\crypto-browserify\example\bundle.js,0,876
1154,Identifier,bkey,-1,-1,-1,518,26,518,30,packages\crypto-browserify\example\bundle.js,0,877
1155,CallExpression,nan,2,-1,-1,518,33,518,68,packages\crypto-browserify\example\bundle.js,0,878
1156,MemberExpression,nan,-1,-1,-1,523,3,523,10,packages\crypto-browserify\example\bundle.js,0,879
1158,MemberExpression,nan,-1,-1,-1,524,3,524,10,packages\crypto-browserify\example\bundle.js,0,880
1161,Identifier,cnt,-1,-1,-1,545,39,545,42,packages\crypto-browserify\example\bundle.js,0,881
1162,MemberExpression,nan,-1,-1,-1,555,56,555,67,packages\crypto-browserify\example\bundle.js,0,882
1164,Identifier,str,-1,-1,-1,565,53,565,56,packages\crypto-browserify\example\bundle.js,0,883
1165,CallExpression,nan,1,-1,-1,565,60,565,127,packages\crypto-browserify\example\bundle.js,0,884
1166,Identifier,str,-1,-1,-1,576,3,576,6,packages\crypto-browserify\example\bundle.js,0,885
1168,Identifier,j,-1,-1,-1,589,19,589,20,packages\crypto-browserify\example\bundle.js,0,886
1170,IfStatement,nan,-1,-1,-1,590,4,590,125,packages\crypto-browserify\example\bundle.js,0,887
1171,AssignmentExpression,nan,-1,-1,-1,27,14,27,23,packages\crypto-browserify\example\bundle.js,0,888
1172,Identifier,x,-1,-1,-1,29,33,29,34,packages\crypto-browserify\example\bundle.js,0,889
1174,Identifier,cwd,-1,-1,-1,31,26,31,29,packages\crypto-browserify\example\bundle.js,0,890
1175,MemberExpression,nan,-1,-1,-1,31,8,31,20,packages\crypto-browserify\example\bundle.js,0,891
1176,BlockStatement,nan,-1,-1,-1,37,10,37,23,packages\crypto-browserify\example\bundle.js,0,892
1177,Identifier,m,-1,-1,-1,37,7,37,8,packages\crypto-browserify\example\bundle.js,0,893
1178,Identifier,n,-1,-1,-1,41,18,41,19,packages\crypto-browserify\example\bundle.js,0,894
1181,BlockStatement,nan,-1,-1,-1,46,27,48,4,packages\crypto-browserify\example\bundle.js,0,895
1182,MemberExpression,nan,-1,-1,-1,46,7,46,25,packages\crypto-browserify\example\bundle.js,0,896
1184,BlockStatement,nan,-1,-1,-1,50,55,53,4,packages\crypto-browserify\example\bundle.js,0,897
1185,AssignmentExpression,nan,-1,-1,-1,57,3,57,28,packages\crypto-browserify\example\bundle.js,0,898
1186,BlockStatement,nan,-1,-1,-1,59,33,72,4,packages\crypto-browserify\example\bundle.js,0,899
1187,MemberExpression,nan,-1,-1,-1,59,7,59,31,packages\crypto-browserify\example\bundle.js,0,900
1188,CallExpression,nan,1,-1,-1,74,10,74,38,packages\crypto-browserify\example\bundle.js,0,901
1190,BlockStatement,nan,-1,-1,-1,79,41,85,4,packages\crypto-browserify\example\bundle.js,0,902
1191,BlockStatement,nan,-1,-1,-1,88,10,88,23,packages\crypto-browserify\example\bundle.js,0,903
1192,Identifier,m,-1,-1,-1,88,7,88,8,packages\crypto-browserify\example\bundle.js,0,904
1193,BlockStatement,nan,-1,-1,-1,93,22,93,39,packages\crypto-browserify\example\bundle.js,0,905
1196,BlockStatement,nan,-1,-1,-1,96,47,100,4,packages\crypto-browserify\example\bundle.js,0,906
1197,Identifier,dirs,-1,-1,-1,102,10,102,14,packages\crypto-browserify\example\bundle.js,0,907
1199,FunctionExpression,nan,-1,1,0,171,38,179,4,packages\crypto-browserify\example\bundle.js,0,908
1201,MemberExpression,nan,-1,-1,-1,171,3,171,26,packages\crypto-browserify\example\bundle.js,0,909
1202,BlockStatement,nan,-1,-1,-1,183,16,186,4,packages\crypto-browserify\example\bundle.js,0,910
1203,Identifier,canPost,-1,-1,-1,183,7,183,14,packages\crypto-browserify\example\bundle.js,0,911
1204,CallExpression,nan,1,-1,-1,209,27,209,42,packages\crypto-browserify\example\bundle.js,0,912
1205,CallExpression,nan,2,-1,-1,224,4,224,22,packages\crypto-browserify\example\bundle.js,0,913
1206,CallExpression,nan,1,-1,-1,237,4,237,23,packages\crypto-browserify\example\bundle.js,0,914
1207,Identifier,i,-1,-1,-1,254,33,254,34,packages\crypto-browserify\example\bundle.js,0,915
1208,UnaryExpression,nan,1,-1,-1,254,38,254,40,packages\crypto-browserify\example\bundle.js,0,916
1209,Identifier,resolvedAbsolute,-1,-1,-1,254,45,254,61,packages\crypto-browserify\example\bundle.js,0,917
1210,BlockStatement,nan,-1,-1,-1,260,42,262,4,packages\crypto-browserify\example\bundle.js,0,918
1211,LogicalExpression,nan,-1,-1,-1,260,7,260,40,packages\crypto-browserify\example\bundle.js,0,919
1212,AssignmentExpression,nan,-1,-1,-1,264,3,264,43,packages\crypto-browserify\example\bundle.js,0,920
1213,AssignmentExpression,nan,-1,-1,-1,265,3,265,44,packages\crypto-browserify\example\bundle.js,0,921
1215,MemberExpression,nan,-1,-1,-1,272,17,274,29,packages\crypto-browserify\example\bundle.js,0,922
1216,ConditionalExpression,nan,-1,-1,-1,276,11,276,38,packages\crypto-browserify\example\bundle.js,0,923
1217,Identifier,resolvedPath,-1,-1,-1,276,42,276,54,packages\crypto-browserify\example\bundle.js,0,924
1219,MemberExpression,nan,-1,-1,-1,286,9,288,23,packages\crypto-browserify\example\bundle.js,0,925
1220,AssignmentExpression,nan,-1,-1,-1,291,3,291,13,packages\crypto-browserify\example\bundle.js,0,926
1221,Identifier,path,-1,-1,-1,290,7,290,11,packages\crypto-browserify\example\bundle.js,0,927
1222,Identifier,isAbsolute,-1,-1,-1,290,16,290,26,packages\crypto-browserify\example\bundle.js,0,928
1223,AssignmentExpression,nan,-1,-1,-1,294,3,294,14,packages\crypto-browserify\example\bundle.js,0,929
1225,Identifier,isAbsolute,-1,-1,-1,297,10,297,20,packages\crypto-browserify\example\bundle.js,0,930
1227,MemberExpression,nan,-1,-1,-1,303,27,305,9,packages\crypto-browserify\example\bundle.js,0,931
1229,MemberExpression,nan,-1,-1,-1,322,26,322,36,packages\crypto-browserify\example\bundle.js,0,932
1231,AssignmentExpression,nan,-1,-1,-1,330,3,330,41,packages\crypto-browserify\example\bundle.js,0,933
1232,CallExpression,nan,1,-1,-1,329,13,329,38,packages\crypto-browserify\example\bundle.js,0,934
1233,Identifier,ext,-1,-1,-1,329,43,329,46,packages\crypto-browserify\example\bundle.js,0,935
1234,Identifier,alg,-1,-1,-1,366,8,366,11,packages\crypto-browserify\example\bundle.js,0,936
1236,CallExpression,nan,3,-1,-1,367,26,367,74,packages\crypto-browserify\example\bundle.js,0,937
1238,BlockStatement,nan,-1,-1,-1,399,30,401,3,packages\crypto-browserify\example\bundle.js,0,938
1239,Identifier,len,-1,-1,-1,454,31,454,34,packages\crypto-browserify\example\bundle.js,0,939
1241,BlockStatement,nan,-1,-1,-1,472,16,472,36,packages\crypto-browserify\example\bundle.js,0,940
1243,AssignmentExpression,nan,-1,-1,-1,477,4,477,9,packages\crypto-browserify\example\bundle.js,0,941
1244,AssignmentExpression,nan,-1,-1,-1,478,4,478,9,packages\crypto-browserify\example\bundle.js,0,942
1245,AssignmentExpression,nan,-1,-1,-1,479,4,479,18,packages\crypto-browserify\example\bundle.js,0,943
1246,AssignmentExpression,nan,-1,-1,-1,480,4,480,9,packages\crypto-browserify\example\bundle.js,0,944
1247,AssignmentExpression,nan,-1,-1,-1,481,4,481,9,packages\crypto-browserify\example\bundle.js,0,945
1248,Identifier,a,-1,-1,-1,484,16,484,17,packages\crypto-browserify\example\bundle.js,0,946
1249,Identifier,olda,-1,-1,-1,484,19,484,23,packages\crypto-browserify\example\bundle.js,0,947
1250,Identifier,safe_add,-1,-1,-1,484,7,484,15,packages\crypto-browserify\example\bundle.js,0,948
1251,Identifier,b,-1,-1,-1,485,16,485,17,packages\crypto-browserify\example\bundle.js,0,949
1252,Identifier,oldb,-1,-1,-1,485,19,485,23,packages\crypto-browserify\example\bundle.js,0,950
1253,Identifier,safe_add,-1,-1,-1,485,7,485,15,packages\crypto-browserify\example\bundle.js,0,951
1254,Identifier,c,-1,-1,-1,486,16,486,17,packages\crypto-browserify\example\bundle.js,0,952
1255,Identifier,oldc,-1,-1,-1,486,19,486,23,packages\crypto-browserify\example\bundle.js,0,953
1256,Identifier,safe_add,-1,-1,-1,486,7,486,15,packages\crypto-browserify\example\bundle.js,0,954
1257,Identifier,d,-1,-1,-1,487,16,487,17,packages\crypto-browserify\example\bundle.js,0,955
1258,Identifier,oldd,-1,-1,-1,487,19,487,23,packages\crypto-browserify\example\bundle.js,0,956
1259,Identifier,safe_add,-1,-1,-1,487,7,487,15,packages\crypto-browserify\example\bundle.js,0,957
1260,Identifier,e,-1,-1,-1,488,16,488,17,packages\crypto-browserify\example\bundle.js,0,958
1261,Identifier,olde,-1,-1,-1,488,19,488,23,packages\crypto-browserify\example\bundle.js,0,959
1262,Identifier,safe_add,-1,-1,-1,488,7,488,15,packages\crypto-browserify\example\bundle.js,0,960
1263,Identifier,b,-1,-1,-1,499,24,499,25,packages\crypto-browserify\example\bundle.js,0,961
1264,Identifier,c,-1,-1,-1,499,28,499,29,packages\crypto-browserify\example\bundle.js,0,962
1265,UnaryExpression,nan,1,-1,-1,499,34,499,36,packages\crypto-browserify\example\bundle.js,0,963
1266,Identifier,d,-1,-1,-1,499,39,499,40,packages\crypto-browserify\example\bundle.js,0,964
1267,Identifier,b,-1,-1,-1,500,23,500,24,packages\crypto-browserify\example\bundle.js,0,965
1268,Identifier,c,-1,-1,-1,500,27,500,28,packages\crypto-browserify\example\bundle.js,0,966
1271,Identifier,c,-1,-1,-1,501,44,501,45,packages\crypto-browserify\example\bundle.js,0,967
1272,Identifier,d,-1,-1,-1,501,48,501,49,packages\crypto-browserify\example\bundle.js,0,968
1273,Identifier,bkey,-1,-1,-1,518,43,518,47,packages\crypto-browserify\example\bundle.js,0,969
1275,Identifier,core_sha1,-1,-1,-1,518,33,518,42,packages\crypto-browserify\example\bundle.js,0,970
1276,MemberExpression,nan,-1,-1,-1,523,13,523,20,packages\crypto-browserify\example\bundle.js,0,971
1278,MemberExpression,nan,-1,-1,-1,524,13,524,20,packages\crypto-browserify\example\bundle.js,0,972
1283,MemberExpression,nan,-1,-1,-1,565,60,565,79,packages\crypto-browserify\example\bundle.js,0,973
1284,CallExpression,nan,1,-1,-1,576,10,576,75,packages\crypto-browserify\example\bundle.js,0,974
1285,CallExpression,nan,1,-1,-1,576,78,576,139,packages\crypto-browserify\example\bundle.js,0,975
1286,BlockStatement,nan,-1,-1,-1,590,46,590,64,packages\crypto-browserify\example\bundle.js,0,976
1288,Identifier,cwd,-1,-1,-1,27,14,27,17,packages\crypto-browserify\example\bundle.js,0,977
1290,ReturnStatement,nan,1,-1,-1,37,12,37,21,packages\crypto-browserify\example\bundle.js,0,978
1292,Identifier,x,-1,-1,-1,43,43,43,44,packages\crypto-browserify\example\bundle.js,0,979
1293,ReturnStatement,nan,1,-1,-1,47,4,47,13,packages\crypto-browserify\example\bundle.js,0,980
1294,Identifier,i,-1,-1,-1,50,19,50,20,packages\crypto-browserify\example\bundle.js,0,981
1295,MemberExpression,nan,-1,-1,-1,50,23,50,48,packages\crypto-browserify\example\bundle.js,0,982
1296,VariableDeclaration,nan,-1,-1,-1,51,4,51,36,packages\crypto-browserify\example\bundle.js,0,983
1297,IfStatement,nan,-1,-1,-1,52,4,52,53,packages\crypto-browserify\example\bundle.js,0,984
1298,Identifier,x,-1,-1,-1,57,3,57,4,packages\crypto-browserify\example\bundle.js,0,985
1299,CallExpression,nan,2,-1,-1,57,7,57,28,packages\crypto-browserify\example\bundle.js,0,986
1300,VariableDeclaration,nan,-1,-1,-1,60,4,60,41,packages\crypto-browserify\example\bundle.js,0,987
1301,VariableDeclaration,nan,-1,-1,-1,61,4,61,27,packages\crypto-browserify\example\bundle.js,0,988
1302,IfStatement,nan,-1,-1,-1,62,4,71,5,packages\crypto-browserify\example\bundle.js,0,989
1304,Identifier,loadAsFileSync,-1,-1,-1,74,10,74,24,packages\crypto-browserify\example\bundle.js,0,990
1305,Identifier,i,-1,-1,-1,79,19,79,20,packages\crypto-browserify\example\bundle.js,0,991
1306,MemberExpression,nan,-1,-1,-1,79,23,79,34,packages\crypto-browserify\example\bundle.js,0,992
1307,VariableDeclaration,nan,-1,-1,-1,80,4,80,22,packages\crypto-browserify\example\bundle.js,0,993
1308,VariableDeclaration,nan,-1,-1,-1,81,4,81,42,packages\crypto-browserify\example\bundle.js,0,994
1309,IfStatement,nan,-1,-1,-1,82,4,82,24,packages\crypto-browserify\example\bundle.js,0,995
1310,VariableDeclaration,nan,-1,-1,-1,83,4,83,47,packages\crypto-browserify\example\bundle.js,0,996
1311,IfStatement,nan,-1,-1,-1,84,4,84,24,packages\crypto-browserify\example\bundle.js,0,997
1312,ReturnStatement,nan,1,-1,-1,88,12,88,21,packages\crypto-browserify\example\bundle.js,0,998
1314,Identifier,start,-1,-1,-1,93,7,93,12,packages\crypto-browserify\example\bundle.js,0,999
1316,Identifier,i,-1,-1,-1,96,34,96,35,packages\crypto-browserify\example\bundle.js,0,1000
1318,IfStatement,nan,-1,-1,-1,97,4,97,50,packages\crypto-browserify\example\bundle.js,0,1001
1319,VariableDeclaration,nan,-1,-1,-1,98,4,98,64,packages\crypto-browserify\example\bundle.js,0,1002
1321,Identifier,ev,-1,-1,-1,171,48,171,50,packages\crypto-browserify\example\bundle.js,0,1003
1323,BlockStatement,nan,-1,-1,-1,171,52,179,4,packages\crypto-browserify\example\bundle.js,0,1004
1326,MemberExpression,nan,-1,-1,-1,209,36,209,41,packages\crypto-browserify\example\bundle.js,0,1005
1327,MemberExpression,nan,-1,-1,-1,209,27,209,35,packages\crypto-browserify\example\bundle.js,0,1006
1328,Identifier,i,-1,-1,-1,224,17,224,18,packages\crypto-browserify\example\bundle.js,0,1007
1330,MemberExpression,nan,-1,-1,-1,224,4,224,16,packages\crypto-browserify\example\bundle.js,0,1008
1332,MemberExpression,nan,-1,-1,-1,237,4,237,17,packages\crypto-browserify\example\bundle.js,0,1009
1334,ContinueStatement,nan,-1,-1,-1,261,4,261,13,packages\crypto-browserify\example\bundle.js,0,1010
1336,UnaryExpression,nan,1,-1,-1,260,35,260,40,packages\crypto-browserify\example\bundle.js,0,1011
1337,Identifier,resolvedPath,-1,-1,-1,264,3,264,15,packages\crypto-browserify\example\bundle.js,0,1012
1339,Identifier,resolvedAbsolute,-1,-1,-1,265,3,265,19,packages\crypto-browserify\example\bundle.js,0,1013
1342,Identifier,resolvedAbsolute,-1,-1,-1,276,11,276,27,packages\crypto-browserify\example\bundle.js,0,1014
1343,Identifier,path,-1,-1,-1,291,3,291,7,packages\crypto-browserify\example\bundle.js,0,1015
1345,Identifier,path,-1,-1,-1,294,3,294,7,packages\crypto-browserify\example\bundle.js,0,1016
1347,Identifier,f,-1,-1,-1,330,3,330,4,packages\crypto-browserify\example\bundle.js,0,1017
1348,CallExpression,nan,2,-1,-1,330,7,330,41,packages\crypto-browserify\example\bundle.js,0,1018
1350,MemberExpression,nan,-1,-1,-1,329,13,329,21,packages\crypto-browserify\example\bundle.js,0,1019
1352,Identifier,alg,-1,-1,-1,367,46,367,49,packages\crypto-browserify\example\bundle.js,0,1020
1354,Identifier,error,-1,-1,-1,367,26,367,31,packages\crypto-browserify\example\bundle.js,0,1021
1357,Identifier,j,-1,-1,-1,472,8,472,9,packages\crypto-browserify\example\bundle.js,0,1022
1359,Identifier,e,-1,-1,-1,477,4,477,5,packages\crypto-browserify\example\bundle.js,0,1023
1360,Identifier,d,-1,-1,-1,477,8,477,9,packages\crypto-browserify\example\bundle.js,0,1024
1361,Identifier,d,-1,-1,-1,478,4,478,5,packages\crypto-browserify\example\bundle.js,0,1025
1362,Identifier,c,-1,-1,-1,478,8,478,9,packages\crypto-browserify\example\bundle.js,0,1026
1363,Identifier,c,-1,-1,-1,479,4,479,5,packages\crypto-browserify\example\bundle.js,0,1027
1364,CallExpression,nan,2,-1,-1,479,8,479,18,packages\crypto-browserify\example\bundle.js,0,1028
1365,Identifier,b,-1,-1,-1,480,4,480,5,packages\crypto-browserify\example\bundle.js,0,1029
1366,Identifier,a,-1,-1,-1,480,8,480,9,packages\crypto-browserify\example\bundle.js,0,1030
1367,Identifier,a,-1,-1,-1,481,4,481,5,packages\crypto-browserify\example\bundle.js,0,1031
1368,Identifier,t,-1,-1,-1,481,8,481,9,packages\crypto-browserify\example\bundle.js,0,1032
1369,Identifier,b,-1,-1,-1,499,35,499,36,packages\crypto-browserify\example\bundle.js,0,1033
1370,Identifier,b,-1,-1,-1,501,24,501,25,packages\crypto-browserify\example\bundle.js,0,1034
1371,Identifier,c,-1,-1,-1,501,28,501,29,packages\crypto-browserify\example\bundle.js,0,1035
1372,Identifier,b,-1,-1,-1,501,34,501,35,packages\crypto-browserify\example\bundle.js,0,1036
1373,Identifier,d,-1,-1,-1,501,38,501,39,packages\crypto-browserify\example\bundle.js,0,1037
1374,MemberExpression,nan,-1,-1,-1,518,49,518,59,packages\crypto-browserify\example\bundle.js,0,1038
1375,Identifier,chrsz,-1,-1,-1,518,62,518,67,packages\crypto-browserify\example\bundle.js,0,1039
1376,CallExpression,nan,1,-1,-1,555,72,555,97,packages\crypto-browserify\example\bundle.js,0,1040
1377,Identifier,mask,-1,-1,-1,555,100,555,104,packages\crypto-browserify\example\bundle.js,0,1041
1381,Identifier,mask,-1,-1,-1,565,122,565,126,packages\crypto-browserify\example\bundle.js,0,1042
1383,MemberExpression,nan,-1,-1,-1,576,10,576,24,packages\crypto-browserify\example\bundle.js,0,1043
1385,MemberExpression,nan,-1,-1,-1,576,78,576,92,packages\crypto-browserify\example\bundle.js,0,1044
1389,Identifier,m,-1,-1,-1,37,19,37,20,packages\crypto-browserify\example\bundle.js,0,1045
1390,Identifier,x,-1,-1,-1,47,11,47,12,packages\crypto-browserify\example\bundle.js,0,1046
1391,BlockStatement,nan,-1,-1,-1,52,34,52,53,packages\crypto-browserify\example\bundle.js,0,1047
1392,MemberExpression,nan,-1,-1,-1,52,8,52,32,packages\crypto-browserify\example\bundle.js,0,1048
1395,MemberExpression,nan,-1,-1,-1,57,7,57,16,packages\crypto-browserify\example\bundle.js,0,1049
1396,BlockStatement,nan,-1,-1,-1,62,41,65,5,packages\crypto-browserify\example\bundle.js,0,1050
1397,LogicalExpression,nan,-1,-1,-1,62,8,62,39,packages\crypto-browserify\example\bundle.js,0,1051
1398,Identifier,x,-1,-1,-1,74,25,74,26,packages\crypto-browserify\example\bundle.js,0,1052
1400,BlockStatement,nan,-1,-1,-1,82,11,82,24,packages\crypto-browserify\example\bundle.js,0,1053
1401,Identifier,m,-1,-1,-1,82,8,82,9,packages\crypto-browserify\example\bundle.js,0,1054
1402,BlockStatement,nan,-1,-1,-1,84,11,84,24,packages\crypto-browserify\example\bundle.js,0,1055
1403,Identifier,n,-1,-1,-1,84,8,84,9,packages\crypto-browserify\example\bundle.js,0,1056
1404,Identifier,m,-1,-1,-1,88,19,88,20,packages\crypto-browserify\example\bundle.js,0,1057
1405,AssignmentExpression,nan,-1,-1,-1,93,24,93,36,packages\crypto-browserify\example\bundle.js,0,1058
1406,BlockStatement,nan,-1,-1,-1,97,37,97,50,packages\crypto-browserify\example\bundle.js,0,1059
1408,CallExpression,nan,1,-1,-1,99,4,99,18,packages\crypto-browserify\example\bundle.js,0,1060
1409,IfStatement,nan,-1,-1,-1,172,4,178,5,packages\crypto-browserify\example\bundle.js,0,1061
1410,CallExpression,nan,1,-1,-1,184,4,184,18,packages\crypto-browserify\example\bundle.js,0,1062
1411,CallExpression,nan,2,-1,-1,185,4,185,46,packages\crypto-browserify\example\bundle.js,0,1063
1412,UnaryExpression,nan,1,-1,-1,260,7,260,18,packages\crypto-browserify\example\bundle.js,0,1064
1414,Identifier,path,-1,-1,-1,260,36,260,40,packages\crypto-browserify\example\bundle.js,0,1065
1416,Identifier,resolvedPath,-1,-1,-1,264,31,264,43,packages\crypto-browserify\example\bundle.js,0,1066
1417,CallExpression,nan,1,-1,-1,265,22,265,36,packages\crypto-browserify\example\bundle.js,0,1067
1421,MemberExpression,nan,-1,-1,-1,330,7,330,15,packages\crypto-browserify\example\bundle.js,0,1068
1422,UnaryExpression,nan,1,-1,-1,329,22,329,24,packages\crypto-browserify\example\bundle.js,0,1069
1423,MemberExpression,nan,-1,-1,-1,329,27,329,37,packages\crypto-browserify\example\bundle.js,0,1070
1424,CallExpression,nan,3,-1,-1,400,3,400,50,packages\crypto-browserify\example\bundle.js,0,1071
1425,AssignmentExpression,nan,-1,-1,-1,472,18,472,33,packages\crypto-browserify\example\bundle.js,0,1072
1426,Identifier,b,-1,-1,-1,479,12,479,13,packages\crypto-browserify\example\bundle.js,0,1073
1428,Identifier,rol,-1,-1,-1,479,8,479,11,packages\crypto-browserify\example\bundle.js,0,1074
1430,MemberExpression,nan,-1,-1,-1,555,72,555,86,packages\crypto-browserify\example\bundle.js,0,1075
1432,Identifier,chrsz,-1,-1,-1,555,115,555,120,packages\crypto-browserify\example\bundle.js,0,1076
1433,Identifier,i,-1,-1,-1,555,123,555,124,packages\crypto-browserify\example\bundle.js,0,1077
1435,MemberExpression,nan,-1,-1,-1,565,81,565,92,packages\crypto-browserify\example\bundle.js,0,1078
1441,AssignmentExpression,nan,-1,-1,-1,590,48,590,61,packages\crypto-browserify\example\bundle.js,0,1079
1444,MemberExpression,nan,-1,-1,-1,590,24,590,39,packages\crypto-browserify\example\bundle.js,0,1080
1446,ReturnStatement,nan,1,-1,-1,52,36,52,51,packages\crypto-browserify\example\bundle.js,0,1081
1447,VariableDeclaration,nan,-1,-1,-1,63,5,63,53,packages\crypto-browserify\example\bundle.js,0,1082
1448,IfStatement,nan,-1,-1,-1,64,5,64,25,packages\crypto-browserify\example\bundle.js,0,1083
1450,MemberExpression,nan,-1,-1,-1,62,33,62,39,packages\crypto-browserify\example\bundle.js,0,1084
1451,ReturnStatement,nan,1,-1,-1,82,13,82,22,packages\crypto-browserify\example\bundle.js,0,1085
1452,ReturnStatement,nan,1,-1,-1,84,13,84,22,packages\crypto-browserify\example\bundle.js,0,1086
1453,Identifier,parts,-1,-1,-1,93,24,93,29,packages\crypto-browserify\example\bundle.js,0,1087
1454,ArrayExpression,nan,-1,-1,-1,93,32,93,36,packages\crypto-browserify\example\bundle.js,0,1088
1455,ContinueStatement,nan,-1,-1,-1,97,39,97,48,packages\crypto-browserify\example\bundle.js,0,1089
1456,MemberExpression,nan,-1,-1,-1,97,8,97,16,packages\crypto-browserify\example\bundle.js,0,1090
1458,Identifier,dir,-1,-1,-1,99,14,99,17,packages\crypto-browserify\example\bundle.js,0,1091
1459,MemberExpression,nan,-1,-1,-1,99,4,99,13,packages\crypto-browserify\example\bundle.js,0,1092
1460,BlockStatement,nan,-1,-1,-1,172,63,178,5,packages\crypto-browserify\example\bundle.js,0,1093
1461,LogicalExpression,nan,-1,-1,-1,172,8,172,61,packages\crypto-browserify\example\bundle.js,0,1094
1462,Identifier,fn,-1,-1,-1,184,15,184,17,packages\crypto-browserify\example\bundle.js,0,1095
1463,MemberExpression,nan,-1,-1,-1,184,4,184,14,packages\crypto-browserify\example\bundle.js,0,1096
1466,MemberExpression,nan,-1,-1,-1,185,4,185,22,packages\crypto-browserify\example\bundle.js,0,1097
1467,Identifier,path,-1,-1,-1,260,14,260,18,packages\crypto-browserify\example\bundle.js,0,1098
1468,Identifier,path,-1,-1,-1,264,18,264,22,packages\crypto-browserify\example\bundle.js,0,1099
1471,MemberExpression,nan,-1,-1,-1,265,22,265,33,packages\crypto-browserify\example\bundle.js,0,1100
1472,MemberExpression,nan,-1,-1,-1,330,19,330,27,packages\crypto-browserify\example\bundle.js,0,1101
1473,MemberExpression,nan,-1,-1,-1,330,30,330,40,packages\crypto-browserify\example\bundle.js,0,1102
1476,Identifier,name,-1,-1,-1,400,19,400,23,packages\crypto-browserify\example\bundle.js,0,1103
1478,Identifier,error,-1,-1,-1,400,3,400,8,packages\crypto-browserify\example\bundle.js,0,1104
1479,MemberExpression,nan,-1,-1,-1,472,18,472,22,packages\crypto-browserify\example\bundle.js,0,1105
1480,MemberExpression,nan,-1,-1,-1,472,25,472,33,packages\crypto-browserify\example\bundle.js,0,1106
1481,Identifier,i,-1,-1,-1,555,87,555,88,packages\crypto-browserify\example\bundle.js,0,1107
1482,Identifier,chrsz,-1,-1,-1,555,91,555,96,packages\crypto-browserify\example\bundle.js,0,1108
1485,MemberExpression,nan,-1,-1,-1,576,26,576,42,packages\crypto-browserify\example\bundle.js,0,1109
1487,MemberExpression,nan,-1,-1,-1,576,94,576,110,packages\crypto-browserify\example\bundle.js,0,1110
1489,Identifier,str,-1,-1,-1,590,48,590,51,packages\crypto-browserify\example\bundle.js,0,1111
1490,Identifier,b64pad,-1,-1,-1,590,55,590,61,packages\crypto-browserify\example\bundle.js,0,1112
1491,Identifier,i,-1,-1,-1,590,8,590,9,packages\crypto-browserify\example\bundle.js,0,1113
1493,Identifier,j,-1,-1,-1,590,16,590,17,packages\crypto-browserify\example\bundle.js,0,1114
1496,BlockStatement,nan,-1,-1,-1,64,12,64,25,packages\crypto-browserify\example\bundle.js,0,1115
1497,Identifier,m,-1,-1,-1,64,9,64,10,packages\crypto-browserify\example\bundle.js,0,1116
1498,UnaryExpression,nan,1,-1,-1,62,8,62,16,packages\crypto-browserify\example\bundle.js,0,1117
1500,Identifier,m,-1,-1,-1,82,20,82,21,packages\crypto-browserify\example\bundle.js,0,1118
1501,Identifier,n,-1,-1,-1,84,20,84,21,packages\crypto-browserify\example\bundle.js,0,1119
1503,IfStatement,nan,-1,-1,-1,174,5,177,6,packages\crypto-browserify\example\bundle.js,0,1120
1507,Identifier,chrsz,-1,-1,-1,565,103,565,108,packages\crypto-browserify\example\bundle.js,0,1121
1508,Identifier,i,-1,-1,-1,565,111,565,112,packages\crypto-browserify\example\bundle.js,0,1122
1514,Identifier,x,-1,-1,-1,52,43,52,44,packages\crypto-browserify\example\bundle.js,0,1123
1515,Identifier,ext,-1,-1,-1,52,47,52,50,packages\crypto-browserify\example\bundle.js,0,1124
1516,ReturnStatement,nan,1,-1,-1,64,14,64,23,packages\crypto-browserify\example\bundle.js,0,1125
1517,Identifier,b,-1,-1,-1,62,15,62,16,packages\crypto-browserify\example\bundle.js,0,1126
1518,CallExpression,nan,0,-1,-1,173,5,173,25,packages\crypto-browserify\example\bundle.js,0,1127
1519,BlockStatement,nan,-1,-1,-1,174,27,177,6,packages\crypto-browserify\example\bundle.js,0,1128
1521,MemberExpression,nan,-1,-1,-1,172,8,172,17,packages\crypto-browserify\example\bundle.js,0,1129
1522,Identifier,window,-1,-1,-1,172,22,172,28,packages\crypto-browserify\example\bundle.js,0,1130
1523,MemberExpression,nan,-1,-1,-1,172,32,172,39,packages\crypto-browserify\example\bundle.js,0,1131
1529,Identifier,m,-1,-1,-1,64,21,64,22,packages\crypto-browserify\example\bundle.js,0,1132
1530,MemberExpression,nan,-1,-1,-1,173,5,173,23,packages\crypto-browserify\example\bundle.js,0,1133
1531,VariableDeclaration,nan,-1,-1,-1,175,6,175,29,packages\crypto-browserify\example\bundle.js,0,1134
1533,MemberExpression,nan,-1,-1,-1,174,9,174,21,packages\crypto-browserify\example\bundle.js,0,1135
1537,Identifier,i,-1,-1,-1,576,120,576,121,packages\crypto-browserify\example\bundle.js,0,1136
1539,CallExpression,nan,0,-1,-1,176,6,176,10,packages\crypto-browserify\example\bundle.js,0,1137
1540,Identifier,i,-1,-1,-1,576,52,576,53,packages\crypto-browserify\example\bundle.js,0,1138
1542,Identifier,fn,-1,-1,-1,176,6,176,8,packages\crypto-browserify\example\bundle.js,0,1139
1543,Program,nan,-1,-1,-1,1,0,5,17,packages\crypto-browserify\example\test.js,1,1140
1545,VariableDeclaration,nan,-1,-1,-1,3,0,3,31,packages\crypto-browserify\example\test.js,1,1141
1546,VariableDeclaration,nan,-1,-1,-1,4,0,4,64,packages\crypto-browserify\example\test.js,1,1142
1549,CallExpression,nan,1,-1,-1,5,0,5,16,packages\crypto-browserify\example\test.js,1,1143
1550,Identifier,abc,-1,-1,-1,5,12,5,15,packages\crypto-browserify\example\test.js,1,1144
1551,MemberExpression,nan,-1,-1,-1,5,0,5,11,packages\crypto-browserify\example\test.js,1,1145
1552,Program,nan,-1,-1,-1,1,0,54,3,packages\crypto-browserify\test\aes.js,1,1146
1554,VariableDeclaration,nan,-1,-1,-1,3,0,3,27,packages\crypto-browserify\test\aes.js,1,1147
1555,VariableDeclaration,nan,-1,-1,-1,4,0,4,52,packages\crypto-browserify\test\aes.js,1,1148
1556,VariableDeclaration,nan,-1,-1,-1,5,0,5,38,packages\crypto-browserify\test\aes.js,1,1149
1557,VariableDeclaration,nan,-1,-1,-1,6,0,6,47,packages\crypto-browserify\test\aes.js,1,1150
1558,ForStatement,nan,-1,-1,-1,8,0,30,1,packages\crypto-browserify\test\aes.js,1,1151
1563,BlockStatement,nan,-1,-1,-1,8,31,30,1,packages\crypto-browserify\test\aes.js,1,1152
1564,CallExpression,nan,2,-1,-1,32,0,35,2,packages\crypto-browserify\test\aes.js,1,1153
1565,CallExpression,nan,3,-1,-1,38,0,54,2,packages\crypto-browserify\test\aes.js,1,1154
1566,Identifier,i,-1,-1,-1,8,16,8,17,packages\crypto-browserify\test\aes.js,1,1155
1570,FunctionExpression,nan,-1,1,0,32,19,35,1,packages\crypto-browserify\test\aes.js,1,1156
1571,Identifier,test,-1,-1,-1,32,0,32,4,packages\crypto-browserify\test\aes.js,1,1157
1573,ObjectExpression,nan,-1,-1,-1,38,40,38,116,packages\crypto-browserify\test\aes.js,1,1158
1574,FunctionExpression,nan,-1,1,0,38,118,54,1,packages\crypto-browserify\test\aes.js,1,1159
1575,Identifier,test,-1,-1,-1,38,0,38,4,packages\crypto-browserify\test\aes.js,1,1160
1576,CallExpression,nan,1,-1,-1,9,1,29,3,packages\crypto-browserify\test\aes.js,1,1161
1577,Identifier,t,-1,-1,-1,32,29,32,30,packages\crypto-browserify\test\aes.js,1,1162
1579,BlockStatement,nan,-1,-1,-1,32,32,35,1,packages\crypto-browserify\test\aes.js,1,1163
1580,Identifier,t,-1,-1,-1,38,128,38,129,packages\crypto-browserify\test\aes.js,1,1164
1582,BlockStatement,nan,-1,-1,-1,38,131,54,1,packages\crypto-browserify\test\aes.js,1,1165
1583,FunctionExpression,nan,-1,1,0,9,32,29,2,packages\crypto-browserify\test\aes.js,1,1166
1584,MemberExpression,nan,-1,-1,-1,9,1,9,31,packages\crypto-browserify\test\aes.js,1,1167
1588,VariableDeclaration,nan,-1,-1,-1,40,1,40,29,packages\crypto-browserify\test\aes.js,1,1168
1589,VariableDeclaration,nan,-1,-1,-1,41,1,41,28,packages\crypto-browserify\test\aes.js,1,1169
1590,VariableDeclaration,nan,-1,-1,-1,42,1,42,29,packages\crypto-browserify\test\aes.js,1,1170
1591,VariableDeclaration,nan,-1,-1,-1,43,1,43,32,packages\crypto-browserify\test\aes.js,1,1171
1592,VariableDeclaration,nan,-1,-1,-1,44,1,44,53,packages\crypto-browserify\test\aes.js,1,1172
1593,VariableDeclaration,nan,-1,-1,-1,45,1,45,57,packages\crypto-browserify\test\aes.js,1,1173
1594,VariableDeclaration,nan,-1,-1,-1,46,1,46,14,packages\crypto-browserify\test\aes.js,1,1174
1600,Identifier,cipher,-1,-1,-1,9,42,9,48,packages\crypto-browserify\test\aes.js,1,1175
1602,BlockStatement,nan,-1,-1,-1,9,50,29,2,packages\crypto-browserify\test\aes.js,1,1176
1603,CallExpression,nan,1,-1,-1,33,1,33,10,packages\crypto-browserify\test\aes.js,1,1177
1604,CallExpression,nan,2,-1,-1,34,1,34,55,packages\crypto-browserify\test\aes.js,1,1178
1605,CallExpression,nan,1,-1,-1,39,1,39,10,packages\crypto-browserify\test\aes.js,1,1179
1606,CallExpression,nan,1,-1,-1,47,1,47,49,packages\crypto-browserify\test\aes.js,1,1180
1607,CallExpression,nan,1,-1,-1,48,1,48,47,packages\crypto-browserify\test\aes.js,1,1181
1608,CallExpression,nan,1,-1,-1,49,1,49,31,packages\crypto-browserify\test\aes.js,1,1182
1609,CallExpression,nan,2,-1,-1,51,1,51,67,packages\crypto-browserify\test\aes.js,1,1183
1610,CallExpression,nan,2,-1,-1,53,1,53,65,packages\crypto-browserify\test\aes.js,1,1184
1613,MemberExpression,nan,-1,-1,-1,33,1,33,7,packages\crypto-browserify\test\aes.js,1,1185
1614,MemberExpression,nan,-1,-1,-1,34,6,34,22,packages\crypto-browserify\test\aes.js,1,1186
1616,MemberExpression,nan,-1,-1,-1,34,1,34,5,packages\crypto-browserify\test\aes.js,1,1187
1618,MemberExpression,nan,-1,-1,-1,39,1,39,7,packages\crypto-browserify\test\aes.js,1,1188
1619,CallExpression,nan,1,-1,-1,47,10,47,48,packages\crypto-browserify\test\aes.js,1,1189
1620,MemberExpression,nan,-1,-1,-1,47,1,47,9,packages\crypto-browserify\test\aes.js,1,1190
1621,CallExpression,nan,1,-1,-1,48,10,48,46,packages\crypto-browserify\test\aes.js,1,1191
1622,MemberExpression,nan,-1,-1,-1,48,1,48,9,packages\crypto-browserify\test\aes.js,1,1192
1623,CallExpression,nan,0,-1,-1,49,10,49,30,packages\crypto-browserify\test\aes.js,1,1193
1624,MemberExpression,nan,-1,-1,-1,49,1,49,9,packages\crypto-browserify\test\aes.js,1,1194
1625,CallExpression,nan,1,-1,-1,51,10,51,30,packages\crypto-browserify\test\aes.js,1,1195
1626,CallExpression,nan,1,-1,-1,51,32,51,66,packages\crypto-browserify\test\aes.js,1,1196
1627,MemberExpression,nan,-1,-1,-1,51,1,51,9,packages\crypto-browserify\test\aes.js,1,1197
1628,MemberExpression,nan,-1,-1,-1,53,6,53,32,packages\crypto-browserify\test\aes.js,1,1198
1630,MemberExpression,nan,-1,-1,-1,53,1,53,5,packages\crypto-browserify\test\aes.js,1,1199
1631,CallExpression,nan,2,-1,-1,10,2,28,4,packages\crypto-browserify\test\aes.js,1,1200
1632,CallExpression,nan,1,-1,-1,47,27,47,47,packages\crypto-browserify\test\aes.js,1,1201
1633,MemberExpression,nan,-1,-1,-1,47,10,47,26,packages\crypto-browserify\test\aes.js,1,1202
1634,CallExpression,nan,0,-1,-1,48,27,48,45,packages\crypto-browserify\test\aes.js,1,1203
1635,MemberExpression,nan,-1,-1,-1,48,10,48,26,packages\crypto-browserify\test\aes.js,1,1204
1636,MemberExpression,nan,-1,-1,-1,49,10,49,28,packages\crypto-browserify\test\aes.js,1,1205
1638,MemberExpression,nan,-1,-1,-1,51,10,51,23,packages\crypto-browserify\test\aes.js,1,1206
1640,MemberExpression,nan,-1,-1,-1,51,32,51,59,packages\crypto-browserify\test\aes.js,1,1207
1642,FunctionExpression,nan,-1,1,0,10,20,28,3,packages\crypto-browserify\test\aes.js,1,1208
1643,Identifier,test,-1,-1,-1,10,2,10,6,packages\crypto-browserify\test\aes.js,1,1209
1644,Identifier,data,-1,-1,-1,47,42,47,46,packages\crypto-browserify\test\aes.js,1,1210
1645,MemberExpression,nan,-1,-1,-1,47,27,47,41,packages\crypto-browserify\test\aes.js,1,1211
1646,MemberExpression,nan,-1,-1,-1,48,27,48,43,packages\crypto-browserify\test\aes.js,1,1212
1648,Identifier,i,-1,-1,-1,10,17,10,18,packages\crypto-browserify\test\aes.js,1,1213
1649,Identifier,t,-1,-1,-1,10,30,10,31,packages\crypto-browserify\test\aes.js,1,1214
1651,BlockStatement,nan,-1,-1,-1,10,33,28,3,packages\crypto-browserify\test\aes.js,1,1215
1653,CallExpression,nan,2,-1,-1,12,3,27,5,packages\crypto-browserify\test\aes.js,1,1216
1655,FunctionExpression,nan,-1,1,0,12,32,27,4,packages\crypto-browserify\test\aes.js,1,1217
1656,MemberExpression,nan,-1,-1,-1,12,3,12,9,packages\crypto-browserify\test\aes.js,1,1218
1658,Identifier,cipher,-1,-1,-1,12,24,12,30,packages\crypto-browserify\test\aes.js,1,1219
1659,Identifier,st,-1,-1,-1,12,42,12,44,packages\crypto-browserify\test\aes.js,1,1220
1661,BlockStatement,nan,-1,-1,-1,12,46,27,4,packages\crypto-browserify\test\aes.js,1,1221
1663,VariableDeclaration,nan,-1,-1,-1,14,4,14,32,packages\crypto-browserify\test\aes.js,1,1222
1664,VariableDeclaration,nan,-1,-1,-1,15,4,15,35,packages\crypto-browserify\test\aes.js,1,1223
1665,VariableDeclaration,nan,-1,-1,-1,16,4,16,58,packages\crypto-browserify\test\aes.js,1,1224
1666,VariableDeclaration,nan,-1,-1,-1,17,4,17,62,packages\crypto-browserify\test\aes.js,1,1225
1667,VariableDeclaration,nan,-1,-1,-1,18,4,18,17,packages\crypto-browserify\test\aes.js,1,1226
1670,IfStatement,nan,-1,-1,-1,21,4,23,5,packages\crypto-browserify\test\aes.js,1,1227
1673,CallExpression,nan,1,-1,-1,13,4,13,14,packages\crypto-browserify\test\aes.js,1,1228
1674,CallExpression,nan,1,-1,-1,19,4,19,52,packages\crypto-browserify\test\aes.js,1,1229
1675,CallExpression,nan,1,-1,-1,20,4,20,50,packages\crypto-browserify\test\aes.js,1,1230
1676,BlockStatement,nan,-1,-1,-1,21,36,23,5,packages\crypto-browserify\test\aes.js,1,1231
1678,CallExpression,nan,1,-1,-1,24,4,24,34,packages\crypto-browserify\test\aes.js,1,1232
1679,CallExpression,nan,2,-1,-1,26,4,26,71,packages\crypto-browserify\test\aes.js,1,1233
1681,MemberExpression,nan,-1,-1,-1,13,4,13,11,packages\crypto-browserify\test\aes.js,1,1234
1682,CallExpression,nan,1,-1,-1,19,13,19,51,packages\crypto-browserify\test\aes.js,1,1235
1683,MemberExpression,nan,-1,-1,-1,19,4,19,12,packages\crypto-browserify\test\aes.js,1,1236
1684,CallExpression,nan,1,-1,-1,20,13,20,49,packages\crypto-browserify\test\aes.js,1,1237
1685,MemberExpression,nan,-1,-1,-1,20,4,20,12,packages\crypto-browserify\test\aes.js,1,1238
1687,CallExpression,nan,1,-1,-1,21,8,21,29,packages\crypto-browserify\test\aes.js,1,1239
1688,UnaryExpression,nan,1,-1,-1,21,32,21,34,packages\crypto-browserify\test\aes.js,1,1240
1689,CallExpression,nan,0,-1,-1,24,13,24,33,packages\crypto-browserify\test\aes.js,1,1241
1690,MemberExpression,nan,-1,-1,-1,24,4,24,12,packages\crypto-browserify\test\aes.js,1,1242
1691,CallExpression,nan,1,-1,-1,26,14,26,34,packages\crypto-browserify\test\aes.js,1,1243
1692,CallExpression,nan,1,-1,-1,26,36,26,70,packages\crypto-browserify\test\aes.js,1,1244
1693,MemberExpression,nan,-1,-1,-1,26,4,26,13,packages\crypto-browserify\test\aes.js,1,1245
1694,CallExpression,nan,1,-1,-1,19,30,19,50,packages\crypto-browserify\test\aes.js,1,1246
1695,MemberExpression,nan,-1,-1,-1,19,13,19,29,packages\crypto-browserify\test\aes.js,1,1247
1696,CallExpression,nan,0,-1,-1,20,30,20,48,packages\crypto-browserify\test\aes.js,1,1248
1697,MemberExpression,nan,-1,-1,-1,20,13,20,29,packages\crypto-browserify\test\aes.js,1,1249
1698,CallExpression,nan,1,-1,-1,22,5,22,47,packages\crypto-browserify\test\aes.js,1,1250
1700,MemberExpression,nan,-1,-1,-1,21,8,21,22,packages\crypto-browserify\test\aes.js,1,1251
1702,MemberExpression,nan,-1,-1,-1,24,13,24,31,packages\crypto-browserify\test\aes.js,1,1252
1704,MemberExpression,nan,-1,-1,-1,26,14,26,27,packages\crypto-browserify\test\aes.js,1,1253
1706,MemberExpression,nan,-1,-1,-1,26,36,26,63,packages\crypto-browserify\test\aes.js,1,1254
1707,Identifier,data,-1,-1,-1,19,45,19,49,packages\crypto-browserify\test\aes.js,1,1255
1708,MemberExpression,nan,-1,-1,-1,19,30,19,44,packages\crypto-browserify\test\aes.js,1,1256
1709,MemberExpression,nan,-1,-1,-1,20,30,20,46,packages\crypto-browserify\test\aes.js,1,1257
1710,CallExpression,nan,0,-1,-1,22,26,22,46,packages\crypto-browserify\test\aes.js,1,1258
1711,MemberExpression,nan,-1,-1,-1,22,5,22,25,packages\crypto-browserify\test\aes.js,1,1259
1712,MemberExpression,nan,-1,-1,-1,22,26,22,44,packages\crypto-browserify\test\aes.js,1,1260
1713,Program,nan,-1,-1,-1,1,0,51,63,packages\crypto-browserify\test\create-hash.js,1,1261
1715,VariableDeclaration,nan,-1,-1,-1,3,0,3,27,packages\crypto-browserify\test\create-hash.js,1,1262
1716,VariableDeclaration,nan,-1,-1,-1,4,0,4,44,packages\crypto-browserify\test\create-hash.js,1,1263
1717,VariableDeclaration,nan,-1,-1,-1,6,0,6,83,packages\crypto-browserify\test\create-hash.js,1,1264
1718,VariableDeclaration,nan,-1,-1,-1,7,0,7,34,packages\crypto-browserify\test\create-hash.js,1,1265
1719,VariableDeclaration,nan,-1,-1,-1,8,0,8,43,packages\crypto-browserify\test\create-hash.js,1,1266
1720,FunctionDeclaration,nan,-1,3,0,10,0,42,1,packages\crypto-browserify\test\create-hash.js,1,1267
1721,FunctionDeclaration,nan,-1,2,0,44,0,48,1,packages\crypto-browserify\test\create-hash.js,1,1268
1725,Identifier,runTest,-1,-1,-1,10,9,10,16,packages\crypto-browserify\test\create-hash.js,1,1269
1726,Identifier,name,-1,-1,-1,10,17,10,21,packages\crypto-browserify\test\create-hash.js,1,1270
1727,Identifier,createHash,-1,-1,-1,10,23,10,33,packages\crypto-browserify\test\create-hash.js,1,1271
1728,Identifier,algorithm,-1,-1,-1,10,35,10,44,packages\crypto-browserify\test\create-hash.js,1,1272
1730,BlockStatement,nan,-1,-1,-1,10,46,42,1,packages\crypto-browserify\test\create-hash.js,1,1273
1731,Identifier,testLib,-1,-1,-1,44,9,44,16,packages\crypto-browserify\test\create-hash.js,1,1274
1732,Identifier,name,-1,-1,-1,44,17,44,21,packages\crypto-browserify\test\create-hash.js,1,1275
1733,Identifier,createHash,-1,-1,-1,44,23,44,33,packages\crypto-browserify\test\create-hash.js,1,1276
1735,BlockStatement,nan,-1,-1,-1,44,35,48,1,packages\crypto-browserify\test\create-hash.js,1,1277
1736,CallExpression,nan,2,-1,-1,50,0,50,69,packages\crypto-browserify\test\create-hash.js,1,1278
1737,CallExpression,nan,2,-1,-1,51,0,51,62,packages\crypto-browserify\test\create-hash.js,1,1279
1738,VariableDeclaration,nan,-1,-1,-1,11,1,14,3,packages\crypto-browserify\test\create-hash.js,1,1280
1742,MemberExpression,nan,-1,-1,-1,50,43,50,68,packages\crypto-browserify\test\create-hash.js,1,1281
1743,Identifier,testLib,-1,-1,-1,50,0,50,7,packages\crypto-browserify\test\create-hash.js,1,1282
1745,CallExpression,nan,1,-1,-1,51,31,51,61,packages\crypto-browserify\test\create-hash.js,1,1283
1746,Identifier,testLib,-1,-1,-1,51,0,51,7,packages\crypto-browserify\test\create-hash.js,1,1284
1747,CallExpression,nan,3,-1,-1,15,1,41,2,packages\crypto-browserify\test\create-hash.js,1,1285
1748,CallExpression,nan,1,-1,-1,45,1,47,3,packages\crypto-browserify\test\create-hash.js,1,1286
1750,Identifier,require,-1,-1,-1,51,31,51,38,packages\crypto-browserify\test\create-hash.js,1,1287
1752,ObjectExpression,nan,-1,-1,-1,17,2,17,78,packages\crypto-browserify\test\create-hash.js,1,1288
1753,FunctionExpression,nan,-1,1,0,18,2,40,3,packages\crypto-browserify\test\create-hash.js,1,1289
1754,Identifier,test,-1,-1,-1,15,1,15,5,packages\crypto-browserify\test\create-hash.js,1,1290
1755,FunctionExpression,nan,-1,1,0,45,20,47,2,packages\crypto-browserify\test\create-hash.js,1,1291
1756,MemberExpression,nan,-1,-1,-1,45,1,45,19,packages\crypto-browserify\test\create-hash.js,1,1292
1759,Identifier,t,-1,-1,-1,18,12,18,13,packages\crypto-browserify\test\create-hash.js,1,1293
1761,BlockStatement,nan,-1,-1,-1,18,15,40,3,packages\crypto-browserify\test\create-hash.js,1,1294
1762,Identifier,algorithm,-1,-1,-1,45,30,45,39,packages\crypto-browserify\test\create-hash.js,1,1295
1764,BlockStatement,nan,-1,-1,-1,45,41,47,2,packages\crypto-browserify\test\create-hash.js,1,1296
1766,Identifier,algorithm,-1,-1,-1,16,20,16,29,packages\crypto-browserify\test\create-hash.js,1,1297
1770,Identifier,name,-1,-1,-1,16,2,16,6,packages\crypto-browserify\test\create-hash.js,1,1298
1772,CallExpression,nan,1,-1,-1,19,3,37,5,packages\crypto-browserify\test\create-hash.js,1,1299
1773,CallExpression,nan,0,-1,-1,39,3,39,10,packages\crypto-browserify\test\create-hash.js,1,1300
1774,CallExpression,nan,3,-1,-1,46,2,46,38,packages\crypto-browserify\test\create-hash.js,1,1301
1775,FunctionExpression,nan,-1,2,0,19,19,37,4,packages\crypto-browserify\test\create-hash.js,1,1302
1776,MemberExpression,nan,-1,-1,-1,19,3,19,18,packages\crypto-browserify\test\create-hash.js,1,1303
1777,MemberExpression,nan,-1,-1,-1,39,3,39,8,packages\crypto-browserify\test\create-hash.js,1,1304
1778,Identifier,name,-1,-1,-1,46,10,46,14,packages\crypto-browserify\test\create-hash.js,1,1305
1779,Identifier,createHash,-1,-1,-1,46,16,46,26,packages\crypto-browserify\test\create-hash.js,1,1306
1780,Identifier,algorithm,-1,-1,-1,46,28,46,37,packages\crypto-browserify\test\create-hash.js,1,1307
1781,Identifier,runTest,-1,-1,-1,46,2,46,9,packages\crypto-browserify\test\create-hash.js,1,1308
1782,Identifier,obj,-1,-1,-1,19,29,19,32,packages\crypto-browserify\test\create-hash.js,1,1309
1783,Identifier,i,-1,-1,-1,19,34,19,35,packages\crypto-browserify\test\create-hash.js,1,1310
1785,BlockStatement,nan,-1,-1,-1,19,37,37,4,packages\crypto-browserify\test\create-hash.js,1,1311
1786,VariableDeclaration,nan,-1,-1,-1,20,4,20,48,packages\crypto-browserify\test\create-hash.js,1,1312
1787,VariableDeclaration,nan,-1,-1,-1,21,4,21,30,packages\crypto-browserify\test\create-hash.js,1,1313
1788,VariableDeclaration,nan,-1,-1,-1,22,4,22,63,packages\crypto-browserify\test\create-hash.js,1,1314
1793,VariableDeclaration,nan,-1,-1,-1,33,4,33,37,packages\crypto-browserify\test\create-hash.js,1,1315
1797,CallExpression,nan,3,-1,-1,23,4,23,71,packages\crypto-browserify\test\create-hash.js,1,1316
1798,CallExpression,nan,1,-1,-1,25,4,30,6,packages\crypto-browserify\test\create-hash.js,1,1317
1799,AssignmentExpression,nan,-1,-1,-1,31,4,31,43,packages\crypto-browserify\test\create-hash.js,1,1318
1800,AssignmentExpression,nan,-1,-1,-1,32,4,32,25,packages\crypto-browserify\test\create-hash.js,1,1319
1801,CallExpression,nan,1,-1,-1,34,4,34,19,packages\crypto-browserify\test\create-hash.js,1,1320
1802,AssignmentExpression,nan,-1,-1,-1,35,4,35,36,packages\crypto-browserify\test\create-hash.js,1,1321
1803,CallExpression,nan,3,-1,-1,36,4,36,71,packages\crypto-browserify\test\create-hash.js,1,1322
1804,Identifier,js,-1,-1,-1,23,12,23,14,packages\crypto-browserify\test\create-hash.js,1,1323
1805,Identifier,node,-1,-1,-1,23,16,23,20,packages\crypto-browserify\test\create-hash.js,1,1324
1807,MemberExpression,nan,-1,-1,-1,23,4,23,11,packages\crypto-browserify\test\create-hash.js,1,1325
1808,FunctionExpression,nan,-1,1,0,25,22,30,5,packages\crypto-browserify\test\create-hash.js,1,1326
1809,MemberExpression,nan,-1,-1,-1,25,4,25,21,packages\crypto-browserify\test\create-hash.js,1,1327
1810,Identifier,input,-1,-1,-1,31,4,31,9,packages\crypto-browserify\test\create-hash.js,1,1328
1811,NewExpression,nan,2,-1,-1,31,12,31,43,packages\crypto-browserify\test\create-hash.js,1,1329
1812,Identifier,node,-1,-1,-1,32,4,32,8,packages\crypto-browserify\test\create-hash.js,1,1330
1813,MemberExpression,nan,-1,-1,-1,32,11,32,25,packages\crypto-browserify\test\create-hash.js,1,1331
1814,Identifier,input,-1,-1,-1,34,13,34,18,packages\crypto-browserify\test\create-hash.js,1,1332
1815,MemberExpression,nan,-1,-1,-1,34,4,34,12,packages\crypto-browserify\test\create-hash.js,1,1333
1816,Identifier,js,-1,-1,-1,35,4,35,6,packages\crypto-browserify\test\create-hash.js,1,1334
1817,CallExpression,nan,1,-1,-1,35,9,35,36,packages\crypto-browserify\test\create-hash.js,1,1335
1818,Identifier,js,-1,-1,-1,36,12,36,14,packages\crypto-browserify\test\create-hash.js,1,1336
1819,Identifier,node,-1,-1,-1,36,16,36,20,packages\crypto-browserify\test\create-hash.js,1,1337
1821,MemberExpression,nan,-1,-1,-1,36,4,36,11,packages\crypto-browserify\test\create-hash.js,1,1338
1823,Identifier,node,-1,-1,-1,23,66,23,70,packages\crypto-browserify\test\create-hash.js,1,1339
1824,Identifier,encoding,-1,-1,-1,25,32,25,40,packages\crypto-browserify\test\create-hash.js,1,1340
1826,BlockStatement,nan,-1,-1,-1,25,42,30,5,packages\crypto-browserify\test\create-hash.js,1,1341
1827,MemberExpression,nan,-1,-1,-1,31,23,31,32,packages\crypto-browserify\test\create-hash.js,1,1342
1829,Identifier,Buffer,-1,-1,-1,31,16,31,22,packages\crypto-browserify\test\create-hash.js,1,1343
1831,MemberExpression,nan,-1,-1,-1,35,9,35,29,packages\crypto-browserify\test\create-hash.js,1,1344
1833,Identifier,node,-1,-1,-1,36,66,36,70,packages\crypto-browserify\test\create-hash.js,1,1345
1836,VariableDeclaration,nan,-1,-1,-1,26,5,26,69,packages\crypto-browserify\test\create-hash.js,1,1346
1837,VariableDeclaration,nan,-1,-1,-1,27,5,27,32,packages\crypto-browserify\test\create-hash.js,1,1347
1838,VariableDeclaration,nan,-1,-1,-1,28,5,28,76,packages\crypto-browserify\test\create-hash.js,1,1348
1843,Identifier,i,-1,-1,-1,23,51,23,52,packages\crypto-browserify\test\create-hash.js,1,1349
1844,CallExpression,nan,3,-1,-1,29,5,29,93,packages\crypto-browserify\test\create-hash.js,1,1350
1846,Identifier,i,-1,-1,-1,36,51,36,52,packages\crypto-browserify\test\create-hash.js,1,1351
1847,Identifier,algorithm,-1,-1,-1,23,22,23,31,packages\crypto-browserify\test\create-hash.js,1,1352
1849,Identifier,eJS,-1,-1,-1,29,13,29,16,packages\crypto-browserify\test\create-hash.js,1,1353
1850,Identifier,eNode,-1,-1,-1,29,18,29,23,packages\crypto-browserify\test\create-hash.js,1,1354
1852,MemberExpression,nan,-1,-1,-1,29,5,29,12,packages\crypto-browserify\test\create-hash.js,1,1355
1853,Identifier,algorithm,-1,-1,-1,36,22,36,31,packages\crypto-browserify\test\create-hash.js,1,1356
1856,Identifier,eNode,-1,-1,-1,29,87,29,92,packages\crypto-browserify\test\create-hash.js,1,1357
1860,Identifier,encoding,-1,-1,-1,29,66,29,74,packages\crypto-browserify\test\create-hash.js,1,1358
1864,Identifier,i,-1,-1,-1,29,54,29,55,packages\crypto-browserify\test\create-hash.js,1,1359
1865,Identifier,algorithm,-1,-1,-1,29,25,29,34,packages\crypto-browserify\test\create-hash.js,1,1360
1867,Program,nan,-1,-1,-1,1,0,54,63,packages\crypto-browserify\test\create-hmac.js,1,1361
1869,VariableDeclaration,nan,-1,-1,-1,3,0,3,27,packages\crypto-browserify\test\create-hmac.js,1,1362
1870,VariableDeclaration,nan,-1,-1,-1,4,0,4,44,packages\crypto-browserify\test\create-hmac.js,1,1363
1871,VariableDeclaration,nan,-1,-1,-1,6,0,6,83,packages\crypto-browserify\test\create-hmac.js,1,1364
1872,VariableDeclaration,nan,-1,-1,-1,7,0,7,48,packages\crypto-browserify\test\create-hmac.js,1,1365
1873,FunctionDeclaration,nan,-1,2,0,9,0,51,1,packages\crypto-browserify\test\create-hmac.js,1,1366
1877,Identifier,testLib,-1,-1,-1,9,9,9,16,packages\crypto-browserify\test\create-hmac.js,1,1367
1878,Identifier,name,-1,-1,-1,9,17,9,21,packages\crypto-browserify\test\create-hmac.js,1,1368
1879,Identifier,createHmac,-1,-1,-1,9,23,9,33,packages\crypto-browserify\test\create-hmac.js,1,1369
1881,BlockStatement,nan,-1,-1,-1,9,35,51,1,packages\crypto-browserify\test\create-hmac.js,1,1370
1882,CallExpression,nan,2,-1,-1,53,0,53,69,packages\crypto-browserify\test\create-hmac.js,1,1371
1883,CallExpression,nan,2,-1,-1,54,0,54,62,packages\crypto-browserify\test\create-hmac.js,1,1372
1886,MemberExpression,nan,-1,-1,-1,53,43,53,68,packages\crypto-browserify\test\create-hmac.js,1,1373
1887,Identifier,testLib,-1,-1,-1,53,0,53,7,packages\crypto-browserify\test\create-hmac.js,1,1374
1889,CallExpression,nan,1,-1,-1,54,31,54,61,packages\crypto-browserify\test\create-hmac.js,1,1375
1890,Identifier,testLib,-1,-1,-1,54,0,54,7,packages\crypto-browserify\test\create-hmac.js,1,1376
1891,CallExpression,nan,1,-1,-1,10,1,50,3,packages\crypto-browserify\test\create-hmac.js,1,1377
1893,Identifier,require,-1,-1,-1,54,31,54,38,packages\crypto-browserify\test\create-hmac.js,1,1378
1894,FunctionExpression,nan,-1,1,0,10,20,50,2,packages\crypto-browserify\test\create-hmac.js,1,1379
1895,MemberExpression,nan,-1,-1,-1,10,1,10,19,packages\crypto-browserify\test\create-hmac.js,1,1380
1896,Identifier,alg,-1,-1,-1,10,30,10,33,packages\crypto-browserify\test\create-hmac.js,1,1381
1898,BlockStatement,nan,-1,-1,-1,10,35,50,2,packages\crypto-browserify\test\create-hmac.js,1,1382
1899,VariableDeclaration,nan,-1,-1,-1,11,2,14,4,packages\crypto-browserify\test\create-hmac.js,1,1383
1902,CallExpression,nan,3,-1,-1,15,2,30,3,packages\crypto-browserify\test\create-hmac.js,1,1384
1903,CallExpression,nan,3,-1,-1,32,2,49,3,packages\crypto-browserify\test\create-hmac.js,1,1385
1905,ObjectExpression,nan,-1,-1,-1,17,3,17,73,packages\crypto-browserify\test\create-hmac.js,1,1386
1906,FunctionExpression,nan,-1,1,0,18,3,29,4,packages\crypto-browserify\test\create-hmac.js,1,1387
1907,Identifier,test,-1,-1,-1,15,2,15,6,packages\crypto-browserify\test\create-hmac.js,1,1388
1909,ObjectExpression,nan,-1,-1,-1,34,3,34,73,packages\crypto-browserify\test\create-hmac.js,1,1389
1910,FunctionExpression,nan,-1,1,0,35,3,48,4,packages\crypto-browserify\test\create-hmac.js,1,1390
1911,Identifier,test,-1,-1,-1,32,2,32,6,packages\crypto-browserify\test\create-hmac.js,1,1391
1914,Identifier,t,-1,-1,-1,18,13,18,14,packages\crypto-browserify\test\create-hmac.js,1,1392
1916,BlockStatement,nan,-1,-1,-1,18,16,29,4,packages\crypto-browserify\test\create-hmac.js,1,1393
1919,Identifier,t,-1,-1,-1,35,13,35,14,packages\crypto-browserify\test\create-hmac.js,1,1394
1921,BlockStatement,nan,-1,-1,-1,35,16,48,4,packages\crypto-browserify\test\create-hmac.js,1,1395
1923,Identifier,alg,-1,-1,-1,16,21,16,24,packages\crypto-browserify\test\create-hmac.js,1,1396
1927,Identifier,alg,-1,-1,-1,33,13,33,16,packages\crypto-browserify\test\create-hmac.js,1,1397
1930,Identifier,name,-1,-1,-1,16,3,16,7,packages\crypto-browserify\test\create-hmac.js,1,1398
1932,CallExpression,nan,1,-1,-1,19,4,26,6,packages\crypto-browserify\test\create-hmac.js,1,1399
1933,CallExpression,nan,0,-1,-1,28,4,28,11,packages\crypto-browserify\test\create-hmac.js,1,1400
1934,CallExpression,nan,1,-1,-1,36,4,45,6,packages\crypto-browserify\test\create-hmac.js,1,1401
1935,CallExpression,nan,0,-1,-1,47,4,47,11,packages\crypto-browserify\test\create-hmac.js,1,1402
1936,FunctionExpression,nan,-1,1,0,19,20,26,5,packages\crypto-browserify\test\create-hmac.js,1,1403
1937,MemberExpression,nan,-1,-1,-1,19,4,19,19,packages\crypto-browserify\test\create-hmac.js,1,1404
1938,MemberExpression,nan,-1,-1,-1,28,4,28,9,packages\crypto-browserify\test\create-hmac.js,1,1405
1939,FunctionExpression,nan,-1,1,0,36,20,45,5,packages\crypto-browserify\test\create-hmac.js,1,1406
1940,MemberExpression,nan,-1,-1,-1,36,4,36,19,packages\crypto-browserify\test\create-hmac.js,1,1407
1941,MemberExpression,nan,-1,-1,-1,47,4,47,9,packages\crypto-browserify\test\create-hmac.js,1,1408
1942,Identifier,input,-1,-1,-1,19,30,19,35,packages\crypto-browserify\test\create-hmac.js,1,1409
1944,BlockStatement,nan,-1,-1,-1,19,37,26,5,packages\crypto-browserify\test\create-hmac.js,1,1410
1945,Identifier,input,-1,-1,-1,36,30,36,35,packages\crypto-browserify\test\create-hmac.js,1,1411
1947,BlockStatement,nan,-1,-1,-1,36,37,45,5,packages\crypto-browserify\test\create-hmac.js,1,1412
1948,VariableDeclaration,nan,-1,-1,-1,20,5,21,42,packages\crypto-browserify\test\create-hmac.js,1,1413
1952,VariableDeclaration,nan,-1,-1,-1,37,5,37,62,packages\crypto-browserify\test\create-hmac.js,1,1414
1954,VariableDeclaration,nan,-1,-1,-1,40,5,40,30,packages\crypto-browserify\test\create-hmac.js,1,1415
1958,AssignmentExpression,nan,-1,-1,-1,23,5,23,71,packages\crypto-browserify\test\create-hmac.js,1,1416
1959,AssignmentExpression,nan,-1,-1,-1,24,5,24,36,packages\crypto-browserify\test\create-hmac.js,1,1417
1960,CallExpression,nan,2,-1,-1,25,5,25,32,packages\crypto-browserify\test\create-hmac.js,1,1418
1961,CallExpression,nan,2,-1,-1,39,5,39,32,packages\crypto-browserify\test\create-hmac.js,1,1419
1962,AssignmentExpression,nan,-1,-1,-1,42,5,42,71,packages\crypto-browserify\test\create-hmac.js,1,1420
1963,AssignmentExpression,nan,-1,-1,-1,43,5,43,36,packages\crypto-browserify\test\create-hmac.js,1,1421
1964,CallExpression,nan,2,-1,-1,44,5,44,32,packages\crypto-browserify\test\create-hmac.js,1,1422
1965,Identifier,output,-1,-1,-1,23,5,23,11,packages\crypto-browserify\test\create-hmac.js,1,1423
1966,ConditionalExpression,nan,-1,-1,-1,23,14,23,71,packages\crypto-browserify\test\create-hmac.js,1,1424
1967,Identifier,output,-1,-1,-1,24,5,24,11,packages\crypto-browserify\test\create-hmac.js,1,1425
1968,CallExpression,nan,1,-1,-1,24,14,24,36,packages\crypto-browserify\test\create-hmac.js,1,1426
1969,Identifier,output,-1,-1,-1,25,13,25,19,packages\crypto-browserify\test\create-hmac.js,1,1427
1970,MemberExpression,nan,-1,-1,-1,25,21,25,31,packages\crypto-browserify\test\create-hmac.js,1,1428
1971,MemberExpression,nan,-1,-1,-1,25,5,25,12,packages\crypto-browserify\test\create-hmac.js,1,1429
1972,MemberExpression,nan,-1,-1,-1,39,14,39,24,packages\crypto-browserify\test\create-hmac.js,1,1430
1974,MemberExpression,nan,-1,-1,-1,39,5,39,13,packages\crypto-browserify\test\create-hmac.js,1,1431
1975,Identifier,output,-1,-1,-1,42,5,42,11,packages\crypto-browserify\test\create-hmac.js,1,1432
1976,ConditionalExpression,nan,-1,-1,-1,42,14,42,71,packages\crypto-browserify\test\create-hmac.js,1,1433
1977,Identifier,output,-1,-1,-1,43,5,43,11,packages\crypto-browserify\test\create-hmac.js,1,1434
1978,CallExpression,nan,1,-1,-1,43,14,43,36,packages\crypto-browserify\test\create-hmac.js,1,1435
1979,Identifier,output,-1,-1,-1,44,13,44,19,packages\crypto-browserify\test\create-hmac.js,1,1436
1980,MemberExpression,nan,-1,-1,-1,44,21,44,31,packages\crypto-browserify\test\create-hmac.js,1,1437
1981,MemberExpression,nan,-1,-1,-1,44,5,44,12,packages\crypto-browserify\test\create-hmac.js,1,1438
1982,CallExpression,nan,2,-1,-1,23,31,23,62,packages\crypto-browserify\test\create-hmac.js,1,1439
1983,MemberExpression,nan,-1,-1,-1,23,14,23,28,packages\crypto-browserify\test\create-hmac.js,1,1440
1985,MemberExpression,nan,-1,-1,-1,24,14,24,29,packages\crypto-browserify\test\create-hmac.js,1,1441
1986,CallExpression,nan,2,-1,-1,42,31,42,62,packages\crypto-browserify\test\create-hmac.js,1,1442
1987,MemberExpression,nan,-1,-1,-1,42,14,42,28,packages\crypto-browserify\test\create-hmac.js,1,1443
1989,MemberExpression,nan,-1,-1,-1,43,14,43,29,packages\crypto-browserify\test\create-hmac.js,1,1444
1991,MemberExpression,nan,-1,-1,-1,23,47,23,61,packages\crypto-browserify\test\create-hmac.js,1,1445
1992,MemberExpression,nan,-1,-1,-1,23,31,23,43,packages\crypto-browserify\test\create-hmac.js,1,1446
1994,MemberExpression,nan,-1,-1,-1,42,47,42,61,packages\crypto-browserify\test\create-hmac.js,1,1447
1995,MemberExpression,nan,-1,-1,-1,42,31,42,43,packages\crypto-browserify\test\create-hmac.js,1,1448
1996,Program,nan,-1,-1,-1,1,0,60,3,packages\crypto-browserify\test\dh.js,1,1449
1998,VariableDeclaration,nan,-1,-1,-1,3,0,3,27,packages\crypto-browserify\test\dh.js,1,1450
1999,VariableDeclaration,nan,-1,-1,-1,4,0,4,47,packages\crypto-browserify\test\dh.js,1,1451
2003,CallExpression,nan,2,-1,-1,6,0,32,2,packages\crypto-browserify\test\dh.js,1,1452
2004,CallExpression,nan,2,-1,-1,34,0,60,2,packages\crypto-browserify\test\dh.js,1,1453
2006,FunctionExpression,nan,-1,1,0,6,34,32,1,packages\crypto-browserify\test\dh.js,1,1454
2007,Identifier,test,-1,-1,-1,6,0,6,4,packages\crypto-browserify\test\dh.js,1,1455
2009,FunctionExpression,nan,-1,1,0,34,35,60,1,packages\crypto-browserify\test\dh.js,1,1456
2010,Identifier,test,-1,-1,-1,34,0,34,4,packages\crypto-browserify\test\dh.js,1,1457
2011,Identifier,t,-1,-1,-1,6,44,6,45,packages\crypto-browserify\test\dh.js,1,1458
2013,BlockStatement,nan,-1,-1,-1,6,47,32,1,packages\crypto-browserify\test\dh.js,1,1459
2014,Identifier,t,-1,-1,-1,34,45,34,46,packages\crypto-browserify\test\dh.js,1,1460
2016,BlockStatement,nan,-1,-1,-1,34,48,60,1,packages\crypto-browserify\test\dh.js,1,1461
2019,CallExpression,nan,1,-1,-1,7,1,31,3,packages\crypto-browserify\test\dh.js,1,1462
2020,CallExpression,nan,1,-1,-1,35,1,59,3,packages\crypto-browserify\test\dh.js,1,1463
2021,FunctionExpression,nan,-1,1,0,14,11,31,2,packages\crypto-browserify\test\dh.js,1,1464
2022,MemberExpression,nan,-1,-1,-1,7,1,14,10,packages\crypto-browserify\test\dh.js,1,1465
2023,FunctionExpression,nan,-1,1,0,39,11,59,2,packages\crypto-browserify\test\dh.js,1,1466
2024,MemberExpression,nan,-1,-1,-1,35,1,39,10,packages\crypto-browserify\test\dh.js,1,1467
2025,Identifier,mod,-1,-1,-1,14,21,14,24,packages\crypto-browserify\test\dh.js,1,1468
2027,BlockStatement,nan,-1,-1,-1,14,26,31,2,packages\crypto-browserify\test\dh.js,1,1469
2028,Identifier,len,-1,-1,-1,39,21,39,24,packages\crypto-browserify\test\dh.js,1,1470
2030,BlockStatement,nan,-1,-1,-1,39,26,59,2,packages\crypto-browserify\test\dh.js,1,1471
2033,CallExpression,nan,2,-1,-1,15,2,30,4,packages\crypto-browserify\test\dh.js,1,1472
2034,CallExpression,nan,2,-1,-1,40,2,58,4,packages\crypto-browserify\test\dh.js,1,1473
2035,Identifier,mod,-1,-1,-1,15,9,15,12,packages\crypto-browserify\test\dh.js,1,1474
2036,FunctionExpression,nan,-1,1,0,15,14,30,3,packages\crypto-browserify\test\dh.js,1,1475
2037,MemberExpression,nan,-1,-1,-1,15,2,15,8,packages\crypto-browserify\test\dh.js,1,1476
2038,CallExpression,nan,1,-1,-1,40,9,40,20,packages\crypto-browserify\test\dh.js,1,1477
2039,FunctionExpression,nan,-1,1,0,40,22,58,3,packages\crypto-browserify\test\dh.js,1,1478
2040,MemberExpression,nan,-1,-1,-1,40,2,40,8,packages\crypto-browserify\test\dh.js,1,1479
2041,Identifier,st,-1,-1,-1,15,24,15,26,packages\crypto-browserify\test\dh.js,1,1480
2043,BlockStatement,nan,-1,-1,-1,15,28,30,3,packages\crypto-browserify\test\dh.js,1,1481
2044,Identifier,len,-1,-1,-1,40,16,40,19,packages\crypto-browserify\test\dh.js,1,1482
2045,Identifier,String,-1,-1,-1,40,9,40,15,packages\crypto-browserify\test\dh.js,1,1483
2046,Identifier,st,-1,-1,-1,40,32,40,34,packages\crypto-browserify\test\dh.js,1,1484
2048,BlockStatement,nan,-1,-1,-1,40,36,58,3,packages\crypto-browserify\test\dh.js,1,1485
2050,VariableDeclaration,nan,-1,-1,-1,17,3,17,42,packages\crypto-browserify\test\dh.js,1,1486
2051,VariableDeclaration,nan,-1,-1,-1,18,3,18,43,packages\crypto-browserify\test\dh.js,1,1487
2053,VariableDeclaration,nan,-1,-1,-1,20,3,20,42,packages\crypto-browserify\test\dh.js,1,1488
2054,VariableDeclaration,nan,-1,-1,-1,21,3,21,43,packages\crypto-browserify\test\dh.js,1,1489
2057,VariableDeclaration,nan,-1,-1,-1,24,3,24,34,packages\crypto-browserify\test\dh.js,1,1490
2058,VariableDeclaration,nan,-1,-1,-1,25,3,25,34,packages\crypto-browserify\test\dh.js,1,1491
2060,VariableDeclaration,nan,-1,-1,-1,27,3,27,55,packages\crypto-browserify\test\dh.js,1,1492
2061,VariableDeclaration,nan,-1,-1,-1,28,3,28,68,packages\crypto-browserify\test\dh.js,1,1493
2064,VariableDeclaration,nan,-1,-1,-1,42,3,42,45,packages\crypto-browserify\test\dh.js,1,1494
2065,VariableDeclaration,nan,-1,-1,-1,43,3,43,31,packages\crypto-browserify\test\dh.js,1,1495
2066,VariableDeclaration,nan,-1,-1,-1,44,3,44,35,packages\crypto-browserify\test\dh.js,1,1496
2067,VariableDeclaration,nan,-1,-1,-1,45,3,45,48,packages\crypto-browserify\test\dh.js,1,1497
2068,VariableDeclaration,nan,-1,-1,-1,46,3,46,43,packages\crypto-browserify\test\dh.js,1,1498
2072,VariableDeclaration,nan,-1,-1,-1,51,3,51,34,packages\crypto-browserify\test\dh.js,1,1499
2073,VariableDeclaration,nan,-1,-1,-1,52,3,52,34,packages\crypto-browserify\test\dh.js,1,1500
2075,VariableDeclaration,nan,-1,-1,-1,55,3,55,55,packages\crypto-browserify\test\dh.js,1,1501
2076,VariableDeclaration,nan,-1,-1,-1,56,3,56,68,packages\crypto-browserify\test\dh.js,1,1502
2078,CallExpression,nan,1,-1,-1,16,3,16,13,packages\crypto-browserify\test\dh.js,1,1503
2079,CallExpression,nan,0,-1,-1,19,3,19,21,packages\crypto-browserify\test\dh.js,1,1504
2080,CallExpression,nan,0,-1,-1,22,3,22,21,packages\crypto-browserify\test\dh.js,1,1505
2081,CallExpression,nan,3,-1,-1,23,3,23,36,packages\crypto-browserify\test\dh.js,1,1506
2082,CallExpression,nan,3,-1,-1,26,3,26,49,packages\crypto-browserify\test\dh.js,1,1507
2083,CallExpression,nan,3,-1,-1,29,3,29,41,packages\crypto-browserify\test\dh.js,1,1508
2084,CallExpression,nan,1,-1,-1,41,3,41,13,packages\crypto-browserify\test\dh.js,1,1509
2085,CallExpression,nan,0,-1,-1,47,3,47,21,packages\crypto-browserify\test\dh.js,1,1510
2086,CallExpression,nan,0,-1,-1,48,3,48,21,packages\crypto-browserify\test\dh.js,1,1511
2087,CallExpression,nan,3,-1,-1,49,3,49,36,packages\crypto-browserify\test\dh.js,1,1512
2088,CallExpression,nan,3,-1,-1,53,3,53,49,packages\crypto-browserify\test\dh.js,1,1513
2089,CallExpression,nan,3,-1,-1,57,3,57,41,packages\crypto-browserify\test\dh.js,1,1514
2091,MemberExpression,nan,-1,-1,-1,16,3,16,10,packages\crypto-browserify\test\dh.js,1,1515
2092,MemberExpression,nan,-1,-1,-1,19,3,19,19,packages\crypto-browserify\test\dh.js,1,1516
2093,MemberExpression,nan,-1,-1,-1,22,3,22,19,packages\crypto-browserify\test\dh.js,1,1517
2094,Identifier,p1,-1,-1,-1,23,13,23,15,packages\crypto-browserify\test\dh.js,1,1518
2095,Identifier,p2,-1,-1,-1,23,17,23,19,packages\crypto-browserify\test\dh.js,1,1519
2097,MemberExpression,nan,-1,-1,-1,23,3,23,12,packages\crypto-browserify\test\dh.js,1,1520
2098,Identifier,pubk1,-1,-1,-1,26,16,26,21,packages\crypto-browserify\test\dh.js,1,1521
2099,Identifier,pubk2,-1,-1,-1,26,23,26,28,packages\crypto-browserify\test\dh.js,1,1522
2101,MemberExpression,nan,-1,-1,-1,26,3,26,15,packages\crypto-browserify\test\dh.js,1,1523
2102,Identifier,pub1,-1,-1,-1,29,13,29,17,packages\crypto-browserify\test\dh.js,1,1524
2103,Identifier,pub2,-1,-1,-1,29,19,29,23,packages\crypto-browserify\test\dh.js,1,1525
2105,MemberExpression,nan,-1,-1,-1,29,3,29,12,packages\crypto-browserify\test\dh.js,1,1526
2107,MemberExpression,nan,-1,-1,-1,41,3,41,10,packages\crypto-browserify\test\dh.js,1,1527
2108,MemberExpression,nan,-1,-1,-1,47,3,47,19,packages\crypto-browserify\test\dh.js,1,1528
2109,MemberExpression,nan,-1,-1,-1,48,3,48,19,packages\crypto-browserify\test\dh.js,1,1529
2110,Identifier,p1,-1,-1,-1,49,13,49,15,packages\crypto-browserify\test\dh.js,1,1530
2111,Identifier,p2,-1,-1,-1,49,17,49,19,packages\crypto-browserify\test\dh.js,1,1531
2113,MemberExpression,nan,-1,-1,-1,49,3,49,12,packages\crypto-browserify\test\dh.js,1,1532
2114,Identifier,pubk1,-1,-1,-1,53,16,53,21,packages\crypto-browserify\test\dh.js,1,1533
2115,Identifier,pubk2,-1,-1,-1,53,23,53,28,packages\crypto-browserify\test\dh.js,1,1534
2117,MemberExpression,nan,-1,-1,-1,53,3,53,15,packages\crypto-browserify\test\dh.js,1,1535
2118,Identifier,pub1,-1,-1,-1,57,13,57,17,packages\crypto-browserify\test\dh.js,1,1536
2119,Identifier,pub2,-1,-1,-1,57,19,57,23,packages\crypto-browserify\test\dh.js,1,1537
2121,MemberExpression,nan,-1,-1,-1,57,3,57,12,packages\crypto-browserify\test\dh.js,1,1538
2122,Program,nan,-1,-1,-1,1,0,62,3,packages\crypto-browserify\test\ecdh.js,1,1539
2124,VariableDeclaration,nan,-1,-1,-1,3,0,8,2,packages\crypto-browserify\test\ecdh.js,1,1540
2125,VariableDeclaration,nan,-1,-1,-1,9,0,9,27,packages\crypto-browserify\test\ecdh.js,1,1541
2126,VariableDeclaration,nan,-1,-1,-1,10,0,10,44,packages\crypto-browserify\test\ecdh.js,1,1542
2127,VariableDeclaration,nan,-1,-1,-1,11,0,11,49,packages\crypto-browserify\test\ecdh.js,1,1543
2130,CallExpression,nan,1,-1,-1,13,0,62,2,packages\crypto-browserify\test\ecdh.js,1,1544
2131,FunctionExpression,nan,-1,1,0,13,13,62,1,packages\crypto-browserify\test\ecdh.js,1,1545
2132,MemberExpression,nan,-1,-1,-1,13,0,13,12,packages\crypto-browserify\test\ecdh.js,1,1546
2133,Identifier,mod,-1,-1,-1,13,23,13,26,packages\crypto-browserify\test\ecdh.js,1,1547
2135,BlockStatement,nan,-1,-1,-1,13,28,62,1,packages\crypto-browserify\test\ecdh.js,1,1548
2139,CallExpression,nan,2,-1,-1,14,1,26,3,packages\crypto-browserify\test\ecdh.js,1,1549
2140,CallExpression,nan,2,-1,-1,28,1,40,3,packages\crypto-browserify\test\ecdh.js,1,1550
2141,CallExpression,nan,2,-1,-1,42,1,61,3,packages\crypto-browserify\test\ecdh.js,1,1551
2143,FunctionExpression,nan,-1,1,0,14,46,26,2,packages\crypto-browserify\test\ecdh.js,1,1552
2144,Identifier,test,-1,-1,-1,14,1,14,5,packages\crypto-browserify\test\ecdh.js,1,1553
2146,FunctionExpression,nan,-1,1,0,28,44,40,2,packages\crypto-browserify\test\ecdh.js,1,1554
2147,Identifier,test,-1,-1,-1,28,1,28,5,packages\crypto-browserify\test\ecdh.js,1,1555
2149,FunctionExpression,nan,-1,1,0,42,43,61,2,packages\crypto-browserify\test\ecdh.js,1,1556
2150,Identifier,test,-1,-1,-1,42,1,42,5,packages\crypto-browserify\test\ecdh.js,1,1557
2153,Identifier,t,-1,-1,-1,14,56,14,57,packages\crypto-browserify\test\ecdh.js,1,1558
2155,BlockStatement,nan,-1,-1,-1,14,59,26,2,packages\crypto-browserify\test\ecdh.js,1,1559
2158,Identifier,t,-1,-1,-1,28,54,28,55,packages\crypto-browserify\test\ecdh.js,1,1560
2160,BlockStatement,nan,-1,-1,-1,28,57,40,2,packages\crypto-browserify\test\ecdh.js,1,1561
2163,Identifier,t,-1,-1,-1,42,53,42,54,packages\crypto-browserify\test\ecdh.js,1,1562
2165,BlockStatement,nan,-1,-1,-1,42,56,61,2,packages\crypto-browserify\test\ecdh.js,1,1563
2167,Identifier,mod,-1,-1,-1,14,23,14,26,packages\crypto-browserify\test\ecdh.js,1,1564
2169,VariableDeclaration,nan,-1,-1,-1,16,2,16,29,packages\crypto-browserify\test\ecdh.js,1,1565
2171,VariableDeclaration,nan,-1,-1,-1,18,2,18,29,packages\crypto-browserify\test\ecdh.js,1,1566
2173,VariableDeclaration,nan,-1,-1,-1,20,2,20,33,packages\crypto-browserify\test\ecdh.js,1,1567
2174,VariableDeclaration,nan,-1,-1,-1,21,2,21,33,packages\crypto-browserify\test\ecdh.js,1,1568
2176,VariableDeclaration,nan,-1,-1,-1,23,2,23,54,packages\crypto-browserify\test\ecdh.js,1,1569
2177,VariableDeclaration,nan,-1,-1,-1,24,2,24,54,packages\crypto-browserify\test\ecdh.js,1,1570
2180,Identifier,mod,-1,-1,-1,28,23,28,26,packages\crypto-browserify\test\ecdh.js,1,1571
2182,VariableDeclaration,nan,-1,-1,-1,30,2,30,29,packages\crypto-browserify\test\ecdh.js,1,1572
2184,VariableDeclaration,nan,-1,-1,-1,32,2,32,29,packages\crypto-browserify\test\ecdh.js,1,1573
2186,VariableDeclaration,nan,-1,-1,-1,34,2,34,51,packages\crypto-browserify\test\ecdh.js,1,1574
2187,VariableDeclaration,nan,-1,-1,-1,35,2,35,51,packages\crypto-browserify\test\ecdh.js,1,1575
2189,VariableDeclaration,nan,-1,-1,-1,37,2,37,54,packages\crypto-browserify\test\ecdh.js,1,1576
2190,VariableDeclaration,nan,-1,-1,-1,38,2,38,54,packages\crypto-browserify\test\ecdh.js,1,1577
2193,Identifier,mod,-1,-1,-1,42,23,42,26,packages\crypto-browserify\test\ecdh.js,1,1578
2195,VariableDeclaration,nan,-1,-1,-1,44,2,44,29,packages\crypto-browserify\test\ecdh.js,1,1579
2196,VariableDeclaration,nan,-1,-1,-1,45,2,45,29,packages\crypto-browserify\test\ecdh.js,1,1580
2201,VariableDeclaration,nan,-1,-1,-1,50,2,50,39,packages\crypto-browserify\test\ecdh.js,1,1581
2202,VariableDeclaration,nan,-1,-1,-1,51,2,51,39,packages\crypto-browserify\test\ecdh.js,1,1582
2204,VariableDeclaration,nan,-1,-1,-1,53,2,53,33,packages\crypto-browserify\test\ecdh.js,1,1583
2205,VariableDeclaration,nan,-1,-1,-1,54,2,54,33,packages\crypto-browserify\test\ecdh.js,1,1584
2209,VariableDeclaration,nan,-1,-1,-1,58,2,58,54,packages\crypto-browserify\test\ecdh.js,1,1585
2210,VariableDeclaration,nan,-1,-1,-1,59,2,59,54,packages\crypto-browserify\test\ecdh.js,1,1586
2212,CallExpression,nan,1,-1,-1,15,2,15,11,packages\crypto-browserify\test\ecdh.js,1,1587
2213,CallExpression,nan,0,-1,-1,17,2,17,20,packages\crypto-browserify\test\ecdh.js,1,1588
2214,CallExpression,nan,0,-1,-1,19,2,19,20,packages\crypto-browserify\test\ecdh.js,1,1589
2215,CallExpression,nan,3,-1,-1,22,2,22,79,packages\crypto-browserify\test\ecdh.js,1,1590
2216,CallExpression,nan,3,-1,-1,25,2,25,39,packages\crypto-browserify\test\ecdh.js,1,1591
2217,CallExpression,nan,1,-1,-1,29,2,29,11,packages\crypto-browserify\test\ecdh.js,1,1592
2218,CallExpression,nan,0,-1,-1,31,2,31,20,packages\crypto-browserify\test\ecdh.js,1,1593
2219,CallExpression,nan,0,-1,-1,33,2,33,20,packages\crypto-browserify\test\ecdh.js,1,1594
2220,CallExpression,nan,3,-1,-1,36,2,36,79,packages\crypto-browserify\test\ecdh.js,1,1595
2221,CallExpression,nan,3,-1,-1,39,2,39,39,packages\crypto-browserify\test\ecdh.js,1,1596
2222,CallExpression,nan,1,-1,-1,43,2,43,11,packages\crypto-browserify\test\ecdh.js,1,1597
2223,CallExpression,nan,0,-1,-1,46,2,46,20,packages\crypto-browserify\test\ecdh.js,1,1598
2224,CallExpression,nan,0,-1,-1,47,2,47,20,packages\crypto-browserify\test\ecdh.js,1,1599
2225,CallExpression,nan,1,-1,-1,48,2,48,40,packages\crypto-browserify\test\ecdh.js,1,1600
2226,CallExpression,nan,1,-1,-1,49,2,49,38,packages\crypto-browserify\test\ecdh.js,1,1601
2227,CallExpression,nan,3,-1,-1,52,2,52,44,packages\crypto-browserify\test\ecdh.js,1,1602
2228,CallExpression,nan,3,-1,-1,55,2,55,90,packages\crypto-browserify\test\ecdh.js,1,1603
2229,CallExpression,nan,3,-1,-1,56,2,56,119,packages\crypto-browserify\test\ecdh.js,1,1604
2230,CallExpression,nan,3,-1,-1,57,2,57,107,packages\crypto-browserify\test\ecdh.js,1,1605
2231,CallExpression,nan,3,-1,-1,60,2,60,39,packages\crypto-browserify\test\ecdh.js,1,1606
2233,MemberExpression,nan,-1,-1,-1,15,2,15,8,packages\crypto-browserify\test\ecdh.js,1,1607
2234,MemberExpression,nan,-1,-1,-1,17,2,17,18,packages\crypto-browserify\test\ecdh.js,1,1608
2235,MemberExpression,nan,-1,-1,-1,19,2,19,18,packages\crypto-browserify\test\ecdh.js,1,1609
2236,CallExpression,nan,1,-1,-1,22,14,22,35,packages\crypto-browserify\test\ecdh.js,1,1610
2237,CallExpression,nan,1,-1,-1,22,37,22,58,packages\crypto-browserify\test\ecdh.js,1,1611
2239,MemberExpression,nan,-1,-1,-1,22,2,22,13,packages\crypto-browserify\test\ecdh.js,1,1612
2240,Identifier,pub1,-1,-1,-1,25,11,25,15,packages\crypto-browserify\test\ecdh.js,1,1613
2241,Identifier,pub2,-1,-1,-1,25,17,25,21,packages\crypto-browserify\test\ecdh.js,1,1614
2243,MemberExpression,nan,-1,-1,-1,25,2,25,10,packages\crypto-browserify\test\ecdh.js,1,1615
2245,MemberExpression,nan,-1,-1,-1,29,2,29,8,packages\crypto-browserify\test\ecdh.js,1,1616
2246,MemberExpression,nan,-1,-1,-1,31,2,31,18,packages\crypto-browserify\test\ecdh.js,1,1617
2247,MemberExpression,nan,-1,-1,-1,33,2,33,18,packages\crypto-browserify\test\ecdh.js,1,1618
2248,CallExpression,nan,1,-1,-1,36,14,36,35,packages\crypto-browserify\test\ecdh.js,1,1619
2249,CallExpression,nan,1,-1,-1,36,37,36,58,packages\crypto-browserify\test\ecdh.js,1,1620
2251,MemberExpression,nan,-1,-1,-1,36,2,36,13,packages\crypto-browserify\test\ecdh.js,1,1621
2252,Identifier,pub1,-1,-1,-1,39,11,39,15,packages\crypto-browserify\test\ecdh.js,1,1622
2253,Identifier,pub2,-1,-1,-1,39,17,39,21,packages\crypto-browserify\test\ecdh.js,1,1623
2255,MemberExpression,nan,-1,-1,-1,39,2,39,10,packages\crypto-browserify\test\ecdh.js,1,1624
2257,MemberExpression,nan,-1,-1,-1,43,2,43,8,packages\crypto-browserify\test\ecdh.js,1,1625
2258,MemberExpression,nan,-1,-1,-1,46,2,46,18,packages\crypto-browserify\test\ecdh.js,1,1626
2259,MemberExpression,nan,-1,-1,-1,47,2,47,18,packages\crypto-browserify\test\ecdh.js,1,1627
2260,CallExpression,nan,0,-1,-1,48,20,48,39,packages\crypto-browserify\test\ecdh.js,1,1628
2261,MemberExpression,nan,-1,-1,-1,48,2,48,19,packages\crypto-browserify\test\ecdh.js,1,1629
2262,CallExpression,nan,0,-1,-1,49,19,49,37,packages\crypto-browserify\test\ecdh.js,1,1630
2263,MemberExpression,nan,-1,-1,-1,49,2,49,18,packages\crypto-browserify\test\ecdh.js,1,1631
2264,Identifier,priv1,-1,-1,-1,52,11,52,16,packages\crypto-browserify\test\ecdh.js,1,1632
2265,Identifier,priv2,-1,-1,-1,52,18,52,23,packages\crypto-browserify\test\ecdh.js,1,1633
2267,MemberExpression,nan,-1,-1,-1,52,2,52,10,packages\crypto-browserify\test\ecdh.js,1,1634
2268,CallExpression,nan,1,-1,-1,55,11,55,32,packages\crypto-browserify\test\ecdh.js,1,1635
2269,CallExpression,nan,1,-1,-1,55,34,55,55,packages\crypto-browserify\test\ecdh.js,1,1636
2271,MemberExpression,nan,-1,-1,-1,55,2,55,10,packages\crypto-browserify\test\ecdh.js,1,1637
2272,CallExpression,nan,2,-1,-1,56,11,56,48,packages\crypto-browserify\test\ecdh.js,1,1638
2273,CallExpression,nan,2,-1,-1,56,50,56,87,packages\crypto-browserify\test\ecdh.js,1,1639
2275,MemberExpression,nan,-1,-1,-1,56,2,56,10,packages\crypto-browserify\test\ecdh.js,1,1640
2276,CallExpression,nan,2,-1,-1,57,11,57,44,packages\crypto-browserify\test\ecdh.js,1,1641
2277,CallExpression,nan,2,-1,-1,57,46,57,79,packages\crypto-browserify\test\ecdh.js,1,1642
2279,MemberExpression,nan,-1,-1,-1,57,2,57,10,packages\crypto-browserify\test\ecdh.js,1,1643
2280,Identifier,pub1,-1,-1,-1,60,11,60,15,packages\crypto-browserify\test\ecdh.js,1,1644
2281,Identifier,pub2,-1,-1,-1,60,17,60,21,packages\crypto-browserify\test\ecdh.js,1,1645
2283,MemberExpression,nan,-1,-1,-1,60,2,60,10,packages\crypto-browserify\test\ecdh.js,1,1646
2285,MemberExpression,nan,-1,-1,-1,22,14,22,28,packages\crypto-browserify\test\ecdh.js,1,1647
2287,MemberExpression,nan,-1,-1,-1,22,37,22,51,packages\crypto-browserify\test\ecdh.js,1,1648
2289,MemberExpression,nan,-1,-1,-1,36,14,36,28,packages\crypto-browserify\test\ecdh.js,1,1649
2291,MemberExpression,nan,-1,-1,-1,36,37,36,51,packages\crypto-browserify\test\ecdh.js,1,1650
2292,MemberExpression,nan,-1,-1,-1,48,20,48,37,packages\crypto-browserify\test\ecdh.js,1,1651
2293,MemberExpression,nan,-1,-1,-1,49,19,49,35,packages\crypto-browserify\test\ecdh.js,1,1652
2295,MemberExpression,nan,-1,-1,-1,55,11,55,25,packages\crypto-browserify\test\ecdh.js,1,1653
2297,MemberExpression,nan,-1,-1,-1,55,34,55,48,packages\crypto-browserify\test\ecdh.js,1,1654
2300,MemberExpression,nan,-1,-1,-1,56,11,56,27,packages\crypto-browserify\test\ecdh.js,1,1655
2303,MemberExpression,nan,-1,-1,-1,56,50,56,66,packages\crypto-browserify\test\ecdh.js,1,1656
2306,MemberExpression,nan,-1,-1,-1,57,11,57,27,packages\crypto-browserify\test\ecdh.js,1,1657
2309,MemberExpression,nan,-1,-1,-1,57,46,57,62,packages\crypto-browserify\test\ecdh.js,1,1658
2310,Program,nan,-1,-1,-1,1,0,22,17,packages\crypto-browserify\test\index.js,1,1659
2314,IfStatement,nan,-1,-1,-1,7,0,9,1,packages\crypto-browserify\test\index.js,1,1660
2316,TryStatement,nan,-1,-1,-1,12,0,21,1,packages\crypto-browserify\test\index.js,1,1661
2319,CallExpression,nan,1,-1,-1,5,0,5,24,packages\crypto-browserify\test\index.js,1,1662
2320,CallExpression,nan,1,-1,-1,6,0,6,24,packages\crypto-browserify\test\index.js,1,1663
2321,BlockStatement,nan,-1,-1,-1,7,22,9,1,packages\crypto-browserify\test\index.js,1,1664
2322,UnaryExpression,nan,1,-1,-1,7,4,7,20,packages\crypto-browserify\test\index.js,1,1665
2323,CallExpression,nan,1,-1,-1,11,0,11,19,packages\crypto-browserify\test\index.js,1,1666
2324,CallExpression,nan,1,-1,-1,22,0,22,16,packages\crypto-browserify\test\index.js,1,1667
2326,Identifier,require,-1,-1,-1,5,0,5,7,packages\crypto-browserify\test\index.js,1,1668
2328,Identifier,require,-1,-1,-1,6,0,6,7,packages\crypto-browserify\test\index.js,1,1669
2330,MemberExpression,nan,-1,-1,-1,7,5,7,20,packages\crypto-browserify\test\index.js,1,1670
2332,Identifier,require,-1,-1,-1,11,0,11,7,packages\crypto-browserify\test\index.js,1,1671
2334,Identifier,require,-1,-1,-1,22,0,22,7,packages\crypto-browserify\test\index.js,1,1672
2335,CallExpression,nan,1,-1,-1,8,1,8,16,packages\crypto-browserify\test\index.js,1,1673
2337,Identifier,require,-1,-1,-1,8,1,8,8,packages\crypto-browserify\test\index.js,1,1674
2338,Program,nan,-1,-1,-1,1,0,23,3,packages\crypto-browserify\test\pbkdf2.js,1,1675
2340,VariableDeclaration,nan,-1,-1,-1,3,0,3,27,packages\crypto-browserify\test\pbkdf2.js,1,1676
2341,VariableDeclaration,nan,-1,-1,-1,4,0,4,39,packages\crypto-browserify\test\pbkdf2.js,1,1677
2342,VariableDeclaration,nan,-1,-1,-1,6,0,6,50,packages\crypto-browserify\test\pbkdf2.js,1,1678
2345,CallExpression,nan,2,-1,-1,8,0,23,2,packages\crypto-browserify\test\pbkdf2.js,1,1679
2347,FunctionExpression,nan,-1,1,0,8,15,23,1,packages\crypto-browserify\test\pbkdf2.js,1,1680
2348,Identifier,tape,-1,-1,-1,8,0,8,4,packages\crypto-browserify\test\pbkdf2.js,1,1681
2349,Identifier,t,-1,-1,-1,8,25,8,26,packages\crypto-browserify\test\pbkdf2.js,1,1682
2351,BlockStatement,nan,-1,-1,-1,8,28,23,1,packages\crypto-browserify\test\pbkdf2.js,1,1683
2354,CallExpression,nan,1,-1,-1,9,1,20,3,packages\crypto-browserify\test\pbkdf2.js,1,1684
2355,CallExpression,nan,0,-1,-1,22,1,22,8,packages\crypto-browserify\test\pbkdf2.js,1,1685
2356,FunctionExpression,nan,-1,1,1,9,17,20,2,packages\crypto-browserify\test\pbkdf2.js,1,1686
2357,MemberExpression,nan,-1,-1,-1,9,1,9,16,packages\crypto-browserify\test\pbkdf2.js,1,1687
2358,MemberExpression,nan,-1,-1,-1,22,1,22,6,packages\crypto-browserify\test\pbkdf2.js,1,1688
2359,Identifier,input,-1,-1,-1,9,27,9,32,packages\crypto-browserify\test\pbkdf2.js,1,1689
2361,BlockStatement,nan,-1,-1,-1,9,34,20,2,packages\crypto-browserify\test\pbkdf2.js,1,1690
2362,IfStatement,nan,-1,-1,-1,11,2,11,43,packages\crypto-browserify\test\pbkdf2.js,1,1691
2363,VariableDeclaration,nan,-1,-1,-1,13,2,13,90,packages\crypto-browserify\test\pbkdf2.js,1,1692
2364,IfStatement,nan,-1,-1,-1,15,2,17,3,packages\crypto-browserify\test\pbkdf2.js,1,1693
2366,BlockStatement,nan,-1,-1,-1,11,32,11,43,packages\crypto-browserify\test\pbkdf2.js,1,1694
2368,BlockStatement,nan,-1,-1,-1,15,42,17,3,packages\crypto-browserify\test\pbkdf2.js,1,1695
2370,CallExpression,nan,2,-1,-1,19,2,19,42,packages\crypto-browserify\test\pbkdf2.js,1,1696
2371,ReturnStatement,nan,-1,-1,-1,11,34,11,41,packages\crypto-browserify\test\pbkdf2.js,1,1697
2372,MemberExpression,nan,-1,-1,-1,11,6,11,22,packages\crypto-browserify\test\pbkdf2.js,1,1698
2375,CallExpression,nan,1,-1,-1,15,6,15,25,packages\crypto-browserify\test\pbkdf2.js,1,1699
2376,MemberExpression,nan,-1,-1,-1,15,30,15,40,packages\crypto-browserify\test\pbkdf2.js,1,1700
2377,CallExpression,nan,1,-1,-1,19,10,19,29,packages\crypto-browserify\test\pbkdf2.js,1,1701
2378,MemberExpression,nan,-1,-1,-1,19,31,19,41,packages\crypto-browserify\test\pbkdf2.js,1,1702
2379,MemberExpression,nan,-1,-1,-1,19,2,19,9,packages\crypto-browserify\test\pbkdf2.js,1,1703
2380,CallExpression,nan,1,-1,-1,16,3,16,21,packages\crypto-browserify\test\pbkdf2.js,1,1704
2382,MemberExpression,nan,-1,-1,-1,15,6,15,18,packages\crypto-browserify\test\pbkdf2.js,1,1705
2384,MemberExpression,nan,-1,-1,-1,19,10,19,22,packages\crypto-browserify\test\pbkdf2.js,1,1706
2385,Identifier,input,-1,-1,-1,16,15,16,20,packages\crypto-browserify\test\pbkdf2.js,1,1707
2386,MemberExpression,nan,-1,-1,-1,16,3,16,14,packages\crypto-browserify\test\pbkdf2.js,1,1708
2387,Program,nan,-1,-1,-1,1,0,39,3,packages\crypto-browserify\test\public-encrypt.js,1,1709
2389,VariableDeclaration,nan,-1,-1,-1,3,0,3,27,packages\crypto-browserify\test\public-encrypt.js,1,1710
2390,VariableDeclaration,nan,-1,-1,-1,4,0,4,29,packages\crypto-browserify\test\public-encrypt.js,1,1711
2391,VariableDeclaration,nan,-1,-1,-1,5,0,8,2,packages\crypto-browserify\test\public-encrypt.js,1,1712
2392,VariableDeclaration,nan,-1,-1,-1,9,0,9,48,packages\crypto-browserify\test\public-encrypt.js,1,1713
2395,VariableDeclaration,nan,-1,-1,-1,13,0,13,527,packages\crypto-browserify\test\public-encrypt.js,1,1714
2399,AssignmentExpression,nan,-1,-1,-1,10,0,10,50,packages\crypto-browserify\test\public-encrypt.js,1,1715
2400,AssignmentExpression,nan,-1,-1,-1,11,0,11,48,packages\crypto-browserify\test\public-encrypt.js,1,1716
2401,CallExpression,nan,2,-1,-1,15,0,29,2,packages\crypto-browserify\test\public-encrypt.js,1,1717
2402,CallExpression,nan,2,-1,-1,31,0,39,2,packages\crypto-browserify\test\public-encrypt.js,1,1718
2403,MemberExpression,nan,-1,-1,-1,10,0,10,14,packages\crypto-browserify\test\public-encrypt.js,1,1719
2404,NewExpression,nan,2,-1,-1,10,17,10,50,packages\crypto-browserify\test\public-encrypt.js,1,1720
2405,MemberExpression,nan,-1,-1,-1,11,0,11,13,packages\crypto-browserify\test\public-encrypt.js,1,1721
2406,NewExpression,nan,2,-1,-1,11,16,11,48,packages\crypto-browserify\test\public-encrypt.js,1,1722
2408,FunctionExpression,nan,-1,1,0,15,37,29,1,packages\crypto-browserify\test\public-encrypt.js,1,1723
2409,Identifier,test,-1,-1,-1,15,0,15,4,packages\crypto-browserify\test\public-encrypt.js,1,1724
2411,FunctionExpression,nan,-1,1,0,31,37,39,1,packages\crypto-browserify\test\public-encrypt.js,1,1725
2412,Identifier,test,-1,-1,-1,31,0,31,4,packages\crypto-browserify\test\public-encrypt.js,1,1726
2413,MemberExpression,nan,-1,-1,-1,10,28,10,42,packages\crypto-browserify\test\public-encrypt.js,1,1727
2415,Identifier,Buffer,-1,-1,-1,10,21,10,27,packages\crypto-browserify\test\public-encrypt.js,1,1728
2416,MemberExpression,nan,-1,-1,-1,11,27,11,40,packages\crypto-browserify\test\public-encrypt.js,1,1729
2418,Identifier,Buffer,-1,-1,-1,11,20,11,26,packages\crypto-browserify\test\public-encrypt.js,1,1730
2419,Identifier,t,-1,-1,-1,15,47,15,48,packages\crypto-browserify\test\public-encrypt.js,1,1731
2421,BlockStatement,nan,-1,-1,-1,15,50,29,1,packages\crypto-browserify\test\public-encrypt.js,1,1732
2422,Identifier,t,-1,-1,-1,31,47,31,48,packages\crypto-browserify\test\public-encrypt.js,1,1733
2424,BlockStatement,nan,-1,-1,-1,31,50,39,1,packages\crypto-browserify\test\public-encrypt.js,1,1734
2428,CallExpression,nan,2,-1,-1,16,1,21,3,packages\crypto-browserify\test\public-encrypt.js,1,1735
2429,CallExpression,nan,2,-1,-1,22,1,28,3,packages\crypto-browserify\test\public-encrypt.js,1,1736
2430,CallExpression,nan,2,-1,-1,32,1,38,3,packages\crypto-browserify\test\public-encrypt.js,1,1737
2432,FunctionExpression,nan,-1,1,0,16,23,21,2,packages\crypto-browserify\test\public-encrypt.js,1,1738
2433,MemberExpression,nan,-1,-1,-1,16,1,16,7,packages\crypto-browserify\test\public-encrypt.js,1,1739
2435,FunctionExpression,nan,-1,1,0,22,26,28,2,packages\crypto-browserify\test\public-encrypt.js,1,1740
2436,MemberExpression,nan,-1,-1,-1,22,1,22,7,packages\crypto-browserify\test\public-encrypt.js,1,1741
2438,FunctionExpression,nan,-1,1,0,32,26,38,2,packages\crypto-browserify\test\public-encrypt.js,1,1742
2439,MemberExpression,nan,-1,-1,-1,32,1,32,7,packages\crypto-browserify\test\public-encrypt.js,1,1743
2440,Identifier,st,-1,-1,-1,16,33,16,35,packages\crypto-browserify\test\public-encrypt.js,1,1744
2442,BlockStatement,nan,-1,-1,-1,16,37,21,2,packages\crypto-browserify\test\public-encrypt.js,1,1745
2443,Identifier,st,-1,-1,-1,22,36,22,38,packages\crypto-browserify\test\public-encrypt.js,1,1746
2445,BlockStatement,nan,-1,-1,-1,22,40,28,2,packages\crypto-browserify\test\public-encrypt.js,1,1747
2446,Identifier,st,-1,-1,-1,32,36,32,38,packages\crypto-browserify\test\public-encrypt.js,1,1748
2448,BlockStatement,nan,-1,-1,-1,32,40,38,2,packages\crypto-browserify\test\public-encrypt.js,1,1749
2453,VariableDeclaration,nan,-1,-1,-1,24,2,24,32,packages\crypto-browserify\test\public-encrypt.js,1,1750
2457,VariableDeclaration,nan,-1,-1,-1,34,2,34,32,packages\crypto-browserify\test\public-encrypt.js,1,1751
2460,CallExpression,nan,1,-1,-1,17,2,17,12,packages\crypto-browserify\test\public-encrypt.js,1,1752
2461,CallExpression,nan,3,-1,-1,19,2,19,150,packages\crypto-browserify\test\public-encrypt.js,1,1753
2462,CallExpression,nan,3,-1,-1,20,2,20,150,packages\crypto-browserify\test\public-encrypt.js,1,1754
2463,CallExpression,nan,1,-1,-1,23,2,23,12,packages\crypto-browserify\test\public-encrypt.js,1,1755
2464,CallExpression,nan,3,-1,-1,26,2,26,139,packages\crypto-browserify\test\public-encrypt.js,1,1756
2465,CallExpression,nan,3,-1,-1,27,2,27,139,packages\crypto-browserify\test\public-encrypt.js,1,1757
2466,CallExpression,nan,1,-1,-1,33,2,33,12,packages\crypto-browserify\test\public-encrypt.js,1,1758
2467,CallExpression,nan,3,-1,-1,36,2,36,139,packages\crypto-browserify\test\public-encrypt.js,1,1759
2468,CallExpression,nan,3,-1,-1,37,2,37,139,packages\crypto-browserify\test\public-encrypt.js,1,1760
2470,MemberExpression,nan,-1,-1,-1,17,2,17,9,packages\crypto-browserify\test\public-encrypt.js,1,1761
2471,CallExpression,nan,0,-1,-1,19,12,19,91,packages\crypto-browserify\test\public-encrypt.js,1,1762
2474,MemberExpression,nan,-1,-1,-1,19,2,19,11,packages\crypto-browserify\test\public-encrypt.js,1,1763
2475,CallExpression,nan,0,-1,-1,20,12,20,91,packages\crypto-browserify\test\public-encrypt.js,1,1764
2478,MemberExpression,nan,-1,-1,-1,20,2,20,11,packages\crypto-browserify\test\public-encrypt.js,1,1765
2480,MemberExpression,nan,-1,-1,-1,23,2,23,9,packages\crypto-browserify\test\public-encrypt.js,1,1766
2481,CallExpression,nan,0,-1,-1,26,12,26,116,packages\crypto-browserify\test\public-encrypt.js,1,1767
2482,Identifier,msg,-1,-1,-1,26,118,26,121,packages\crypto-browserify\test\public-encrypt.js,1,1768
2484,MemberExpression,nan,-1,-1,-1,26,2,26,11,packages\crypto-browserify\test\public-encrypt.js,1,1769
2485,CallExpression,nan,0,-1,-1,27,12,27,116,packages\crypto-browserify\test\public-encrypt.js,1,1770
2486,Identifier,msg,-1,-1,-1,27,118,27,121,packages\crypto-browserify\test\public-encrypt.js,1,1771
2488,MemberExpression,nan,-1,-1,-1,27,2,27,11,packages\crypto-browserify\test\public-encrypt.js,1,1772
2490,MemberExpression,nan,-1,-1,-1,33,2,33,9,packages\crypto-browserify\test\public-encrypt.js,1,1773
2491,CallExpression,nan,0,-1,-1,36,12,36,116,packages\crypto-browserify\test\public-encrypt.js,1,1774
2492,Identifier,msg,-1,-1,-1,36,118,36,121,packages\crypto-browserify\test\public-encrypt.js,1,1775
2494,MemberExpression,nan,-1,-1,-1,36,2,36,11,packages\crypto-browserify\test\public-encrypt.js,1,1776
2495,CallExpression,nan,0,-1,-1,37,12,37,116,packages\crypto-browserify\test\public-encrypt.js,1,1777
2496,Identifier,msg,-1,-1,-1,37,118,37,121,packages\crypto-browserify\test\public-encrypt.js,1,1778
2498,MemberExpression,nan,-1,-1,-1,37,2,37,11,packages\crypto-browserify\test\public-encrypt.js,1,1779
2499,MemberExpression,nan,-1,-1,-1,19,12,19,89,packages\crypto-browserify\test\public-encrypt.js,1,1780
2500,MemberExpression,nan,-1,-1,-1,20,12,20,89,packages\crypto-browserify\test\public-encrypt.js,1,1781
2501,MemberExpression,nan,-1,-1,-1,26,12,26,114,packages\crypto-browserify\test\public-encrypt.js,1,1782
2502,MemberExpression,nan,-1,-1,-1,27,12,27,114,packages\crypto-browserify\test\public-encrypt.js,1,1783
2503,MemberExpression,nan,-1,-1,-1,36,12,36,114,packages\crypto-browserify\test\public-encrypt.js,1,1784
2504,MemberExpression,nan,-1,-1,-1,37,12,37,114,packages\crypto-browserify\test\public-encrypt.js,1,1785
2505,Program,nan,-1,-1,-1,1,0,65,3,packages\crypto-browserify\test\random-bytes.js,1,1786
2507,VariableDeclaration,nan,-1,-1,-1,3,0,3,27,packages\crypto-browserify\test\random-bytes.js,1,1787
2508,VariableDeclaration,nan,-1,-1,-1,4,0,4,28,packages\crypto-browserify\test\random-bytes.js,1,1788
2509,VariableDeclaration,nan,-1,-1,-1,5,0,5,41,packages\crypto-browserify\test\random-bytes.js,1,1789
2510,VariableDeclaration,nan,-1,-1,-1,6,0,6,40,packages\crypto-browserify\test\random-bytes.js,1,1790
2511,VariableDeclaration,nan,-1,-1,-1,8,0,11,2,packages\crypto-browserify\test\random-bytes.js,1,1791
2514,CallExpression,nan,1,-1,-1,14,0,65,2,packages\crypto-browserify\test\random-bytes.js,1,1792
2515,FunctionExpression,nan,-1,1,0,14,38,65,1,packages\crypto-browserify\test\random-bytes.js,1,1793
2516,MemberExpression,nan,-1,-1,-1,14,0,14,37,packages\crypto-browserify\test\random-bytes.js,1,1794
2517,Identifier,entry,-1,-1,-1,14,48,14,53,packages\crypto-browserify\test\random-bytes.js,1,1795
2519,BlockStatement,nan,-1,-1,-1,14,55,65,1,packages\crypto-browserify\test\random-bytes.js,1,1796
2520,VariableDeclaration,nan,-1,-1,-1,15,1,15,32,packages\crypto-browserify\test\random-bytes.js,1,1797
2521,VariableDeclaration,nan,-1,-1,-1,16,1,16,30,packages\crypto-browserify\test\random-bytes.js,1,1798
2525,CallExpression,nan,2,-1,-1,18,1,27,3,packages\crypto-browserify\test\random-bytes.js,1,1799
2526,CallExpression,nan,2,-1,-1,29,1,39,3,packages\crypto-browserify\test\random-bytes.js,1,1800
2527,CallExpression,nan,2,-1,-1,41,1,64,3,packages\crypto-browserify\test\random-bytes.js,1,1801
2529,FunctionExpression,nan,-1,1,0,18,27,27,2,packages\crypto-browserify\test\random-bytes.js,1,1802
2530,Identifier,test,-1,-1,-1,18,1,18,5,packages\crypto-browserify\test\random-bytes.js,1,1803
2531,Identifier,randomBytesName,-1,-1,-1,29,6,29,21,packages\crypto-browserify\test\random-bytes.js,1,1804
2532,FunctionExpression,nan,-1,1,0,29,23,39,2,packages\crypto-browserify\test\random-bytes.js,1,1805
2533,Identifier,test,-1,-1,-1,29,1,29,5,packages\crypto-browserify\test\random-bytes.js,1,1806
2535,FunctionExpression,nan,-1,1,0,41,40,64,2,packages\crypto-browserify\test\random-bytes.js,1,1807
2536,Identifier,test,-1,-1,-1,41,1,41,5,packages\crypto-browserify\test\random-bytes.js,1,1808
2537,Identifier,t,-1,-1,-1,18,37,18,38,packages\crypto-browserify\test\random-bytes.js,1,1809
2539,BlockStatement,nan,-1,-1,-1,18,40,27,2,packages\crypto-browserify\test\random-bytes.js,1,1810
2540,Identifier,t,-1,-1,-1,29,33,29,34,packages\crypto-browserify\test\random-bytes.js,1,1811
2542,BlockStatement,nan,-1,-1,-1,29,36,39,2,packages\crypto-browserify\test\random-bytes.js,1,1812
2543,Identifier,randomBytesName,-1,-1,-1,41,6,41,21,packages\crypto-browserify\test\random-bytes.js,1,1813
2545,Identifier,t,-1,-1,-1,41,50,41,51,packages\crypto-browserify\test\random-bytes.js,1,1814
2547,BlockStatement,nan,-1,-1,-1,41,53,64,2,packages\crypto-browserify\test\random-bytes.js,1,1815
2548,TryStatement,nan,-1,-1,-1,19,2,26,3,packages\crypto-browserify\test\random-bytes.js,1,1816
2553,VariableDeclaration,nan,-1,-1,-1,42,2,42,15,packages\crypto-browserify\test\random-bytes.js,1,1817
2554,VariableDeclaration,nan,-1,-1,-1,43,2,43,32,packages\crypto-browserify\test\random-bytes.js,1,1818
2555,VariableDeclaration,nan,-1,-1,-1,45,2,45,91,packages\crypto-browserify\test\random-bytes.js,1,1819
2556,VariableDeclaration,nan,-1,-1,-1,55,2,55,25,packages\crypto-browserify\test\random-bytes.js,1,1820
2557,VariableDeclaration,nan,-1,-1,-1,56,2,56,30,packages\crypto-browserify\test\random-bytes.js,1,1821
2562,CallExpression,nan,1,-1,-1,30,2,30,11,packages\crypto-browserify\test\random-bytes.js,1,1822
2563,CallExpression,nan,2,-1,-1,31,2,31,39,packages\crypto-browserify\test\random-bytes.js,1,1823
2564,CallExpression,nan,1,-1,-1,32,2,32,42,packages\crypto-browserify\test\random-bytes.js,1,1824
2565,CallExpression,nan,2,-1,-1,33,2,38,4,packages\crypto-browserify\test\random-bytes.js,1,1825
2566,CallExpression,nan,1,-1,-1,59,2,59,73,packages\crypto-browserify\test\random-bytes.js,1,1826
2567,CallExpression,nan,1,-1,-1,60,2,60,31,packages\crypto-browserify\test\random-bytes.js,1,1827
2568,CallExpression,nan,1,-1,-1,61,2,61,31,packages\crypto-browserify\test\random-bytes.js,1,1828
2569,CallExpression,nan,0,-1,-1,63,2,63,9,packages\crypto-browserify\test\random-bytes.js,1,1829
2571,MemberExpression,nan,-1,-1,-1,30,2,30,8,packages\crypto-browserify\test\random-bytes.js,1,1830
2572,MemberExpression,nan,-1,-1,-1,31,10,31,34,packages\crypto-browserify\test\random-bytes.js,1,1831
2574,MemberExpression,nan,-1,-1,-1,31,2,31,9,packages\crypto-browserify\test\random-bytes.js,1,1832
2575,CallExpression,nan,1,-1,-1,32,7,32,41,packages\crypto-browserify\test\random-bytes.js,1,1833
2576,MemberExpression,nan,-1,-1,-1,32,2,32,6,packages\crypto-browserify\test\random-bytes.js,1,1834
2578,FunctionExpression,nan,-1,2,0,33,20,38,3,packages\crypto-browserify\test\random-bytes.js,1,1835
2579,Identifier,randomBytesFn,-1,-1,-1,33,2,33,15,packages\crypto-browserify\test\random-bytes.js,1,1836
2580,CallExpression,nan,1,-1,-1,59,14,59,72,packages\crypto-browserify\test\random-bytes.js,1,1837
2581,MemberExpression,nan,-1,-1,-1,59,2,59,13,packages\crypto-browserify\test\random-bytes.js,1,1838
2583,MemberExpression,nan,-1,-1,-1,60,2,60,6,packages\crypto-browserify\test\random-bytes.js,1,1839
2585,MemberExpression,nan,-1,-1,-1,61,2,61,6,packages\crypto-browserify\test\random-bytes.js,1,1840
2586,MemberExpression,nan,-1,-1,-1,63,2,63,7,packages\crypto-browserify\test\random-bytes.js,1,1841
2587,CallExpression,nan,1,-1,-1,32,23,32,40,packages\crypto-browserify\test\random-bytes.js,1,1842
2588,MemberExpression,nan,-1,-1,-1,32,7,32,22,packages\crypto-browserify\test\random-bytes.js,1,1843
2589,Identifier,ex,-1,-1,-1,33,30,33,32,packages\crypto-browserify\test\random-bytes.js,1,1844
2590,Identifier,bytes,-1,-1,-1,33,34,33,39,packages\crypto-browserify\test\random-bytes.js,1,1845
2592,BlockStatement,nan,-1,-1,-1,33,41,38,3,packages\crypto-browserify\test\random-bytes.js,1,1846
2593,ArrayExpression,nan,-1,-1,-1,59,29,59,71,packages\crypto-browserify\test\random-bytes.js,1,1847
2594,MemberExpression,nan,-1,-1,-1,59,14,59,28,packages\crypto-browserify\test\random-bytes.js,1,1848
2595,Identifier,mean,-1,-1,-1,60,7,60,11,packages\crypto-browserify\test\random-bytes.js,1,1849
2597,Identifier,mean,-1,-1,-1,61,7,61,11,packages\crypto-browserify\test\random-bytes.js,1,1850
2600,Identifier,randomBytesFn,-1,-1,-1,32,23,32,36,packages\crypto-browserify\test\random-bytes.js,1,1851
2605,Identifier,expected,-1,-1,-1,60,14,60,22,packages\crypto-browserify\test\random-bytes.js,1,1852
2606,Identifier,smean,-1,-1,-1,60,25,60,30,packages\crypto-browserify\test\random-bytes.js,1,1853
2607,Identifier,expected,-1,-1,-1,61,14,61,22,packages\crypto-browserify\test\random-bytes.js,1,1854
2608,Identifier,smean,-1,-1,-1,61,25,61,30,packages\crypto-browserify\test\random-bytes.js,1,1855
2609,CallExpression,nan,1,-1,-1,34,3,34,14,packages\crypto-browserify\test\random-bytes.js,1,1856
2610,CallExpression,nan,2,-1,-1,35,3,35,28,packages\crypto-browserify\test\random-bytes.js,1,1857
2611,CallExpression,nan,1,-1,-1,36,3,36,31,packages\crypto-browserify\test\random-bytes.js,1,1858
2612,CallExpression,nan,0,-1,-1,37,3,37,10,packages\crypto-browserify\test\random-bytes.js,1,1859
2613,Identifier,ex,-1,-1,-1,34,11,34,13,packages\crypto-browserify\test\random-bytes.js,1,1860
2614,MemberExpression,nan,-1,-1,-1,34,3,34,10,packages\crypto-browserify\test\random-bytes.js,1,1861
2615,MemberExpression,nan,-1,-1,-1,35,11,35,23,packages\crypto-browserify\test\random-bytes.js,1,1862
2617,MemberExpression,nan,-1,-1,-1,35,3,35,10,packages\crypto-browserify\test\random-bytes.js,1,1863
2618,CallExpression,nan,1,-1,-1,36,8,36,30,packages\crypto-browserify\test\random-bytes.js,1,1864
2619,MemberExpression,nan,-1,-1,-1,36,3,36,7,packages\crypto-browserify\test\random-bytes.js,1,1865
2620,MemberExpression,nan,-1,-1,-1,37,3,37,8,packages\crypto-browserify\test\random-bytes.js,1,1866
2621,Identifier,bytes,-1,-1,-1,36,24,36,29,packages\crypto-browserify\test\random-bytes.js,1,1867
2622,MemberExpression,nan,-1,-1,-1,36,8,36,23,packages\crypto-browserify\test\random-bytes.js,1,1868
2623,Program,nan,-1,-1,-1,1,0,55,3,packages\crypto-browserify\test\random-fill.js,1,1869
2625,VariableDeclaration,nan,-1,-1,-1,3,0,3,27,packages\crypto-browserify\test\random-fill.js,1,1870
2626,VariableDeclaration,nan,-1,-1,-1,4,0,4,28,packages\crypto-browserify\test\random-fill.js,1,1871
2627,VariableDeclaration,nan,-1,-1,-1,5,0,5,43,packages\crypto-browserify\test\random-fill.js,1,1872
2632,CallExpression,nan,2,-1,-1,7,0,16,2,packages\crypto-browserify\test\random-fill.js,1,1873
2633,CallExpression,nan,2,-1,-1,18,0,28,2,packages\crypto-browserify\test\random-fill.js,1,1874
2634,CallExpression,nan,2,-1,-1,30,0,55,2,packages\crypto-browserify\test\random-fill.js,1,1875
2636,FunctionExpression,nan,-1,1,0,7,26,16,1,packages\crypto-browserify\test\random-fill.js,1,1876
2637,Identifier,test,-1,-1,-1,7,0,7,4,packages\crypto-browserify\test\random-fill.js,1,1877
2639,FunctionExpression,nan,-1,1,0,18,19,28,1,packages\crypto-browserify\test\random-fill.js,1,1878
2640,Identifier,test,-1,-1,-1,18,0,18,4,packages\crypto-browserify\test\random-fill.js,1,1879
2642,FunctionExpression,nan,-1,1,0,30,21,55,1,packages\crypto-browserify\test\random-fill.js,1,1880
2643,Identifier,test,-1,-1,-1,30,0,30,4,packages\crypto-browserify\test\random-fill.js,1,1881
2644,Identifier,t,-1,-1,-1,7,36,7,37,packages\crypto-browserify\test\random-fill.js,1,1882
2646,BlockStatement,nan,-1,-1,-1,7,39,16,1,packages\crypto-browserify\test\random-fill.js,1,1883
2647,Identifier,t,-1,-1,-1,18,29,18,30,packages\crypto-browserify\test\random-fill.js,1,1884
2649,BlockStatement,nan,-1,-1,-1,18,32,28,1,packages\crypto-browserify\test\random-fill.js,1,1885
2650,Identifier,t,-1,-1,-1,30,31,30,32,packages\crypto-browserify\test\random-fill.js,1,1886
2652,BlockStatement,nan,-1,-1,-1,30,34,55,1,packages\crypto-browserify\test\random-fill.js,1,1887
2653,TryStatement,nan,-1,-1,-1,8,1,15,2,packages\crypto-browserify\test\random-fill.js,1,1888
2658,VariableDeclaration,nan,-1,-1,-1,31,1,31,14,packages\crypto-browserify\test\random-fill.js,1,1889
2659,VariableDeclaration,nan,-1,-1,-1,32,1,32,53,packages\crypto-browserify\test\random-fill.js,1,1890
2660,VariableDeclaration,nan,-1,-1,-1,34,1,36,11,packages\crypto-browserify\test\random-fill.js,1,1891
2661,VariableDeclaration,nan,-1,-1,-1,46,1,46,24,packages\crypto-browserify\test\random-fill.js,1,1892
2662,VariableDeclaration,nan,-1,-1,-1,47,1,47,29,packages\crypto-browserify\test\random-fill.js,1,1893
2667,CallExpression,nan,1,-1,-1,19,1,19,10,packages\crypto-browserify\test\random-fill.js,1,1894
2668,CallExpression,nan,2,-1,-1,20,1,20,60,packages\crypto-browserify\test\random-fill.js,1,1895
2669,CallExpression,nan,1,-1,-1,21,1,21,63,packages\crypto-browserify\test\random-fill.js,1,1896
2670,CallExpression,nan,2,-1,-1,22,1,27,3,packages\crypto-browserify\test\random-fill.js,1,1897
2671,CallExpression,nan,1,-1,-1,50,1,50,72,packages\crypto-browserify\test\random-fill.js,1,1898
2672,CallExpression,nan,1,-1,-1,51,1,51,30,packages\crypto-browserify\test\random-fill.js,1,1899
2673,CallExpression,nan,1,-1,-1,52,1,52,30,packages\crypto-browserify\test\random-fill.js,1,1900
2674,CallExpression,nan,0,-1,-1,54,1,54,8,packages\crypto-browserify\test\random-fill.js,1,1901
2676,MemberExpression,nan,-1,-1,-1,19,1,19,7,packages\crypto-browserify\test\random-fill.js,1,1902
2677,MemberExpression,nan,-1,-1,-1,20,9,20,55,packages\crypto-browserify\test\random-fill.js,1,1903
2679,MemberExpression,nan,-1,-1,-1,20,1,20,8,packages\crypto-browserify\test\random-fill.js,1,1904
2680,CallExpression,nan,1,-1,-1,21,6,21,62,packages\crypto-browserify\test\random-fill.js,1,1905
2681,MemberExpression,nan,-1,-1,-1,21,1,21,5,packages\crypto-browserify\test\random-fill.js,1,1906
2682,CallExpression,nan,1,-1,-1,22,19,22,35,packages\crypto-browserify\test\random-fill.js,1,1907
2683,FunctionExpression,nan,-1,2,0,22,37,27,2,packages\crypto-browserify\test\random-fill.js,1,1908
2684,MemberExpression,nan,-1,-1,-1,22,1,22,18,packages\crypto-browserify\test\random-fill.js,1,1909
2685,CallExpression,nan,1,-1,-1,50,13,50,71,packages\crypto-browserify\test\random-fill.js,1,1910
2686,MemberExpression,nan,-1,-1,-1,50,1,50,12,packages\crypto-browserify\test\random-fill.js,1,1911
2688,MemberExpression,nan,-1,-1,-1,51,1,51,5,packages\crypto-browserify\test\random-fill.js,1,1912
2690,MemberExpression,nan,-1,-1,-1,52,1,52,5,packages\crypto-browserify\test\random-fill.js,1,1913
2691,MemberExpression,nan,-1,-1,-1,54,1,54,6,packages\crypto-browserify\test\random-fill.js,1,1914
2692,CallExpression,nan,1,-1,-1,21,22,21,61,packages\crypto-browserify\test\random-fill.js,1,1915
2693,MemberExpression,nan,-1,-1,-1,21,6,21,21,packages\crypto-browserify\test\random-fill.js,1,1916
2695,MemberExpression,nan,-1,-1,-1,22,19,22,31,packages\crypto-browserify\test\random-fill.js,1,1917
2696,Identifier,ex,-1,-1,-1,22,47,22,49,packages\crypto-browserify\test\random-fill.js,1,1918
2697,Identifier,bytes,-1,-1,-1,22,51,22,56,packages\crypto-browserify\test\random-fill.js,1,1919
2699,BlockStatement,nan,-1,-1,-1,22,58,27,2,packages\crypto-browserify\test\random-fill.js,1,1920
2700,ArrayExpression,nan,-1,-1,-1,50,28,50,70,packages\crypto-browserify\test\random-fill.js,1,1921
2701,MemberExpression,nan,-1,-1,-1,50,13,50,27,packages\crypto-browserify\test\random-fill.js,1,1922
2702,Identifier,mean,-1,-1,-1,51,6,51,10,packages\crypto-browserify\test\random-fill.js,1,1923
2704,Identifier,mean,-1,-1,-1,52,6,52,10,packages\crypto-browserify\test\random-fill.js,1,1924
2706,CallExpression,nan,1,-1,-1,21,44,21,60,packages\crypto-browserify\test\random-fill.js,1,1925
2707,MemberExpression,nan,-1,-1,-1,21,22,21,43,packages\crypto-browserify\test\random-fill.js,1,1926
2712,Identifier,expected,-1,-1,-1,51,13,51,21,packages\crypto-browserify\test\random-fill.js,1,1927
2713,Identifier,smean,-1,-1,-1,51,24,51,29,packages\crypto-browserify\test\random-fill.js,1,1928
2714,Identifier,expected,-1,-1,-1,52,13,52,21,packages\crypto-browserify\test\random-fill.js,1,1929
2715,Identifier,smean,-1,-1,-1,52,24,52,29,packages\crypto-browserify\test\random-fill.js,1,1930
2717,MemberExpression,nan,-1,-1,-1,21,44,21,56,packages\crypto-browserify\test\random-fill.js,1,1931
2718,CallExpression,nan,1,-1,-1,23,2,23,13,packages\crypto-browserify\test\random-fill.js,1,1932
2719,CallExpression,nan,2,-1,-1,24,2,24,27,packages\crypto-browserify\test\random-fill.js,1,1933
2720,CallExpression,nan,1,-1,-1,25,2,25,30,packages\crypto-browserify\test\random-fill.js,1,1934
2721,CallExpression,nan,0,-1,-1,26,2,26,9,packages\crypto-browserify\test\random-fill.js,1,1935
2722,Identifier,ex,-1,-1,-1,23,10,23,12,packages\crypto-browserify\test\random-fill.js,1,1936
2723,MemberExpression,nan,-1,-1,-1,23,2,23,9,packages\crypto-browserify\test\random-fill.js,1,1937
2724,MemberExpression,nan,-1,-1,-1,24,10,24,22,packages\crypto-browserify\test\random-fill.js,1,1938
2726,MemberExpression,nan,-1,-1,-1,24,2,24,9,packages\crypto-browserify\test\random-fill.js,1,1939
2727,CallExpression,nan,1,-1,-1,25,7,25,29,packages\crypto-browserify\test\random-fill.js,1,1940
2728,MemberExpression,nan,-1,-1,-1,25,2,25,6,packages\crypto-browserify\test\random-fill.js,1,1941
2729,MemberExpression,nan,-1,-1,-1,26,2,26,7,packages\crypto-browserify\test\random-fill.js,1,1942
2730,Identifier,bytes,-1,-1,-1,25,23,25,28,packages\crypto-browserify\test\random-fill.js,1,1943
2731,MemberExpression,nan,-1,-1,-1,25,7,25,22,packages\crypto-browserify\test\random-fill.js,1,1944
2732,Program,nan,-1,-1,-1,1,0,61,49,packages\crypto-browserify\test\sign.js,1,1945
2734,VariableDeclaration,nan,-1,-1,-1,3,0,3,27,packages\crypto-browserify\test\sign.js,1,1946
2735,VariableDeclaration,nan,-1,-1,-1,4,0,4,32,packages\crypto-browserify\test\sign.js,1,1947
2736,VariableDeclaration,nan,-1,-1,-1,5,0,5,51,packages\crypto-browserify\test\sign.js,1,1948
2737,VariableDeclaration,nan,-1,-1,-1,7,0,10,2,packages\crypto-browserify\test\sign.js,1,1949
2738,VariableDeclaration,nan,-1,-1,-1,12,0,15,2,packages\crypto-browserify\test\sign.js,1,1950
2743,FunctionDeclaration,nan,-1,3,0,22,0,58,1,packages\crypto-browserify\test\sign.js,1,1951
2747,AssignmentExpression,nan,-1,-1,-1,17,0,17,50,packages\crypto-browserify\test\sign.js,1,1952
2748,AssignmentExpression,nan,-1,-1,-1,18,0,18,48,packages\crypto-browserify\test\sign.js,1,1953
2749,AssignmentExpression,nan,-1,-1,-1,19,0,19,48,packages\crypto-browserify\test\sign.js,1,1954
2750,AssignmentExpression,nan,-1,-1,-1,20,0,20,46,packages\crypto-browserify\test\sign.js,1,1955
2751,Identifier,testit,-1,-1,-1,22,9,22,15,packages\crypto-browserify\test\sign.js,1,1956
2752,Identifier,keys,-1,-1,-1,22,16,22,20,packages\crypto-browserify\test\sign.js,1,1957
2753,Identifier,message,-1,-1,-1,22,22,22,29,packages\crypto-browserify\test\sign.js,1,1958
2754,Identifier,scheme,-1,-1,-1,22,31,22,37,packages\crypto-browserify\test\sign.js,1,1959
2756,BlockStatement,nan,-1,-1,-1,22,39,58,1,packages\crypto-browserify\test\sign.js,1,1960
2757,CallExpression,nan,3,-1,-1,60,0,60,56,packages\crypto-browserify\test\sign.js,1,1961
2758,CallExpression,nan,3,-1,-1,61,0,61,48,packages\crypto-browserify\test\sign.js,1,1962
2759,MemberExpression,nan,-1,-1,-1,17,0,17,14,packages\crypto-browserify\test\sign.js,1,1963
2760,NewExpression,nan,2,-1,-1,17,17,17,50,packages\crypto-browserify\test\sign.js,1,1964
2761,MemberExpression,nan,-1,-1,-1,18,0,18,13,packages\crypto-browserify\test\sign.js,1,1965
2762,NewExpression,nan,2,-1,-1,18,16,18,48,packages\crypto-browserify\test\sign.js,1,1966
2763,MemberExpression,nan,-1,-1,-1,19,0,19,13,packages\crypto-browserify\test\sign.js,1,1967
2764,NewExpression,nan,2,-1,-1,19,16,19,48,packages\crypto-browserify\test\sign.js,1,1968
2765,MemberExpression,nan,-1,-1,-1,20,0,20,12,packages\crypto-browserify\test\sign.js,1,1969
2766,NewExpression,nan,2,-1,-1,20,15,20,46,packages\crypto-browserify\test\sign.js,1,1970
2767,VariableDeclaration,nan,-1,-1,-1,23,1,23,26,packages\crypto-browserify\test\sign.js,1,1971
2768,VariableDeclaration,nan,-1,-1,-1,24,1,24,28,packages\crypto-browserify\test\sign.js,1,1972
2770,Identifier,rsa,-1,-1,-1,60,7,60,10,packages\crypto-browserify\test\sign.js,1,1973
2771,NewExpression,nan,1,-1,-1,60,12,60,41,packages\crypto-browserify\test\sign.js,1,1974
2773,Identifier,testit,-1,-1,-1,60,0,60,6,packages\crypto-browserify\test\sign.js,1,1975
2774,Identifier,ec,-1,-1,-1,61,7,61,9,packages\crypto-browserify\test\sign.js,1,1976
2775,NewExpression,nan,1,-1,-1,61,11,61,37,packages\crypto-browserify\test\sign.js,1,1977
2777,Identifier,testit,-1,-1,-1,61,0,61,6,packages\crypto-browserify\test\sign.js,1,1978
2778,MemberExpression,nan,-1,-1,-1,17,28,17,42,packages\crypto-browserify\test\sign.js,1,1979
2780,Identifier,Buffer,-1,-1,-1,17,21,17,27,packages\crypto-browserify\test\sign.js,1,1980
2781,MemberExpression,nan,-1,-1,-1,18,27,18,40,packages\crypto-browserify\test\sign.js,1,1981
2783,Identifier,Buffer,-1,-1,-1,18,20,18,26,packages\crypto-browserify\test\sign.js,1,1982
2784,MemberExpression,nan,-1,-1,-1,19,27,19,40,packages\crypto-browserify\test\sign.js,1,1983
2786,Identifier,Buffer,-1,-1,-1,19,20,19,26,packages\crypto-browserify\test\sign.js,1,1984
2787,MemberExpression,nan,-1,-1,-1,20,26,20,38,packages\crypto-browserify\test\sign.js,1,1985
2789,Identifier,Buffer,-1,-1,-1,20,19,20,25,packages\crypto-browserify\test\sign.js,1,1986
2790,CallExpression,nan,2,-1,-1,25,1,57,3,packages\crypto-browserify\test\sign.js,1,1987
2792,Identifier,Buffer,-1,-1,-1,60,16,60,22,packages\crypto-browserify\test\sign.js,1,1988
2794,Identifier,Buffer,-1,-1,-1,61,15,61,21,packages\crypto-browserify\test\sign.js,1,1989
2795,CallExpression,nan,0,-1,-1,25,6,25,24,packages\crypto-browserify\test\sign.js,1,1990
2796,FunctionExpression,nan,-1,1,0,25,26,57,2,packages\crypto-browserify\test\sign.js,1,1991
2797,Identifier,test,-1,-1,-1,25,1,25,5,packages\crypto-browserify\test\sign.js,1,1992
2798,MemberExpression,nan,-1,-1,-1,25,6,25,22,packages\crypto-browserify\test\sign.js,1,1993
2799,Identifier,t,-1,-1,-1,25,36,25,37,packages\crypto-browserify\test\sign.js,1,1994
2801,BlockStatement,nan,-1,-1,-1,25,39,57,2,packages\crypto-browserify\test\sign.js,1,1995
2806,CallExpression,nan,2,-1,-1,26,2,32,4,packages\crypto-browserify\test\sign.js,1,1996
2807,CallExpression,nan,2,-1,-1,34,2,40,4,packages\crypto-browserify\test\sign.js,1,1997
2808,CallExpression,nan,2,-1,-1,42,2,48,4,packages\crypto-browserify\test\sign.js,1,1998
2809,CallExpression,nan,2,-1,-1,50,2,56,4,packages\crypto-browserify\test\sign.js,1,1999
2811,FunctionExpression,nan,-1,1,0,26,31,32,3,packages\crypto-browserify\test\sign.js,1,2000
2812,MemberExpression,nan,-1,-1,-1,26,2,26,8,packages\crypto-browserify\test\sign.js,1,2001
2814,FunctionExpression,nan,-1,1,0,34,33,40,3,packages\crypto-browserify\test\sign.js,1,2002
2815,MemberExpression,nan,-1,-1,-1,34,2,34,8,packages\crypto-browserify\test\sign.js,1,2003
2817,FunctionExpression,nan,-1,1,0,42,36,48,3,packages\crypto-browserify\test\sign.js,1,2004
2818,MemberExpression,nan,-1,-1,-1,42,2,42,8,packages\crypto-browserify\test\sign.js,1,2005
2820,FunctionExpression,nan,-1,1,0,50,36,56,3,packages\crypto-browserify\test\sign.js,1,2006
2821,MemberExpression,nan,-1,-1,-1,50,2,50,8,packages\crypto-browserify\test\sign.js,1,2007
2822,Identifier,st,-1,-1,-1,26,41,26,43,packages\crypto-browserify\test\sign.js,1,2008
2824,BlockStatement,nan,-1,-1,-1,26,45,32,3,packages\crypto-browserify\test\sign.js,1,2009
2825,Identifier,st,-1,-1,-1,34,43,34,45,packages\crypto-browserify\test\sign.js,1,2010
2827,BlockStatement,nan,-1,-1,-1,34,47,40,3,packages\crypto-browserify\test\sign.js,1,2011
2828,Identifier,st,-1,-1,-1,42,46,42,48,packages\crypto-browserify\test\sign.js,1,2012
2830,BlockStatement,nan,-1,-1,-1,42,50,48,3,packages\crypto-browserify\test\sign.js,1,2013
2831,Identifier,st,-1,-1,-1,50,46,50,48,packages\crypto-browserify\test\sign.js,1,2014
2833,BlockStatement,nan,-1,-1,-1,50,50,56,3,packages\crypto-browserify\test\sign.js,1,2015
2835,VariableDeclaration,nan,-1,-1,-1,28,3,28,45,packages\crypto-browserify\test\sign.js,1,2016
2836,VariableDeclaration,nan,-1,-1,-1,29,3,29,49,packages\crypto-browserify\test\sign.js,1,2017
2837,VariableDeclaration,nan,-1,-1,-1,30,3,30,46,packages\crypto-browserify\test\sign.js,1,2018
2840,VariableDeclaration,nan,-1,-1,-1,36,3,36,46,packages\crypto-browserify\test\sign.js,1,2019
2841,VariableDeclaration,nan,-1,-1,-1,37,3,37,49,packages\crypto-browserify\test\sign.js,1,2020
2842,VariableDeclaration,nan,-1,-1,-1,38,3,38,47,packages\crypto-browserify\test\sign.js,1,2021
2845,VariableDeclaration,nan,-1,-1,-1,44,3,44,46,packages\crypto-browserify\test\sign.js,1,2022
2846,VariableDeclaration,nan,-1,-1,-1,45,3,45,49,packages\crypto-browserify\test\sign.js,1,2023
2847,VariableDeclaration,nan,-1,-1,-1,46,3,46,46,packages\crypto-browserify\test\sign.js,1,2024
2850,VariableDeclaration,nan,-1,-1,-1,52,3,52,45,packages\crypto-browserify\test\sign.js,1,2025
2851,VariableDeclaration,nan,-1,-1,-1,53,3,53,49,packages\crypto-browserify\test\sign.js,1,2026
2852,VariableDeclaration,nan,-1,-1,-1,54,3,54,47,packages\crypto-browserify\test\sign.js,1,2027
2854,CallExpression,nan,1,-1,-1,27,3,27,13,packages\crypto-browserify\test\sign.js,1,2028
2855,CallExpression,nan,2,-1,-1,31,3,31,63,packages\crypto-browserify\test\sign.js,1,2029
2856,CallExpression,nan,1,-1,-1,35,3,35,13,packages\crypto-browserify\test\sign.js,1,2030
2857,CallExpression,nan,2,-1,-1,39,3,39,63,packages\crypto-browserify\test\sign.js,1,2031
2858,CallExpression,nan,1,-1,-1,43,3,43,13,packages\crypto-browserify\test\sign.js,1,2032
2859,CallExpression,nan,2,-1,-1,47,3,47,63,packages\crypto-browserify\test\sign.js,1,2033
2860,CallExpression,nan,1,-1,-1,51,3,51,13,packages\crypto-browserify\test\sign.js,1,2034
2861,CallExpression,nan,2,-1,-1,55,3,55,63,packages\crypto-browserify\test\sign.js,1,2035
2863,MemberExpression,nan,-1,-1,-1,27,3,27,10,packages\crypto-browserify\test\sign.js,1,2036
2864,CallExpression,nan,2,-1,-1,31,9,31,49,packages\crypto-browserify\test\sign.js,1,2037
2866,MemberExpression,nan,-1,-1,-1,31,3,31,8,packages\crypto-browserify\test\sign.js,1,2038
2868,MemberExpression,nan,-1,-1,-1,35,3,35,10,packages\crypto-browserify\test\sign.js,1,2039
2869,CallExpression,nan,2,-1,-1,39,9,39,49,packages\crypto-browserify\test\sign.js,1,2040
2871,MemberExpression,nan,-1,-1,-1,39,3,39,8,packages\crypto-browserify\test\sign.js,1,2041
2873,MemberExpression,nan,-1,-1,-1,43,3,43,10,packages\crypto-browserify\test\sign.js,1,2042
2874,CallExpression,nan,2,-1,-1,47,9,47,49,packages\crypto-browserify\test\sign.js,1,2043
2876,MemberExpression,nan,-1,-1,-1,47,3,47,8,packages\crypto-browserify\test\sign.js,1,2044
2878,MemberExpression,nan,-1,-1,-1,51,3,51,10,packages\crypto-browserify\test\sign.js,1,2045
2879,CallExpression,nan,2,-1,-1,55,9,55,49,packages\crypto-browserify\test\sign.js,1,2046
2881,MemberExpression,nan,-1,-1,-1,55,3,55,8,packages\crypto-browserify\test\sign.js,1,2047
2882,Identifier,pub,-1,-1,-1,31,38,31,41,packages\crypto-browserify\test\sign.js,1,2048
2883,Identifier,mySig,-1,-1,-1,31,43,31,48,packages\crypto-browserify\test\sign.js,1,2049
2884,MemberExpression,nan,-1,-1,-1,31,9,31,37,packages\crypto-browserify\test\sign.js,1,2050
2885,Identifier,pub,-1,-1,-1,39,38,39,41,packages\crypto-browserify\test\sign.js,1,2051
2886,Identifier,mySig,-1,-1,-1,39,43,39,48,packages\crypto-browserify\test\sign.js,1,2052
2887,MemberExpression,nan,-1,-1,-1,39,9,39,37,packages\crypto-browserify\test\sign.js,1,2053
2888,Identifier,pub,-1,-1,-1,47,38,47,41,packages\crypto-browserify\test\sign.js,1,2054
2889,Identifier,mySig,-1,-1,-1,47,43,47,48,packages\crypto-browserify\test\sign.js,1,2055
2890,MemberExpression,nan,-1,-1,-1,47,9,47,37,packages\crypto-browserify\test\sign.js,1,2056
2891,Identifier,pub,-1,-1,-1,55,38,55,41,packages\crypto-browserify\test\sign.js,1,2057
2892,Identifier,mySig,-1,-1,-1,55,43,55,48,packages\crypto-browserify\test\sign.js,1,2058
2893,MemberExpression,nan,-1,-1,-1,55,9,55,37,packages\crypto-browserify\test\sign.js,1,2059
2894,Program,nan,-1,-1,-1,1,0,69,3,packages\crypto-browserify\test\node\dh.js,1,2060
2896,VariableDeclaration,nan,-1,-1,-1,3,0,3,27,packages\crypto-browserify\test\node\dh.js,1,2061
2897,VariableDeclaration,nan,-1,-1,-1,4,0,4,32,packages\crypto-browserify\test\node\dh.js,1,2062
2898,VariableDeclaration,nan,-1,-1,-1,5,0,5,31,packages\crypto-browserify\test\node\dh.js,1,2063
2899,VariableDeclaration,nan,-1,-1,-1,6,0,6,44,packages\crypto-browserify\test\node\dh.js,1,2064
2903,CallExpression,nan,2,-1,-1,8,0,37,2,packages\crypto-browserify\test\node\dh.js,1,2065
2904,CallExpression,nan,2,-1,-1,39,0,69,2,packages\crypto-browserify\test\node\dh.js,1,2066
2906,FunctionExpression,nan,-1,1,0,8,34,37,1,packages\crypto-browserify\test\node\dh.js,1,2067
2907,Identifier,test,-1,-1,-1,8,0,8,4,packages\crypto-browserify\test\node\dh.js,1,2068
2909,FunctionExpression,nan,-1,1,0,39,35,69,1,packages\crypto-browserify\test\node\dh.js,1,2069
2910,Identifier,test,-1,-1,-1,39,0,39,4,packages\crypto-browserify\test\node\dh.js,1,2070
2911,Identifier,t,-1,-1,-1,8,44,8,45,packages\crypto-browserify\test\node\dh.js,1,2071
2913,BlockStatement,nan,-1,-1,-1,8,47,37,1,packages\crypto-browserify\test\node\dh.js,1,2072
2914,Identifier,t,-1,-1,-1,39,45,39,46,packages\crypto-browserify\test\node\dh.js,1,2073
2916,BlockStatement,nan,-1,-1,-1,39,48,69,1,packages\crypto-browserify\test\node\dh.js,1,2074
2919,CallExpression,nan,1,-1,-1,9,1,36,3,packages\crypto-browserify\test\node\dh.js,1,2075
2920,CallExpression,nan,1,-1,-1,40,1,68,3,packages\crypto-browserify\test\node\dh.js,1,2076
2921,FunctionExpression,nan,-1,1,0,16,11,36,2,packages\crypto-browserify\test\node\dh.js,1,2077
2922,MemberExpression,nan,-1,-1,-1,9,1,16,10,packages\crypto-browserify\test\node\dh.js,1,2078
2923,FunctionExpression,nan,-1,1,0,46,11,68,2,packages\crypto-browserify\test\node\dh.js,1,2079
2924,MemberExpression,nan,-1,-1,-1,40,1,46,10,packages\crypto-browserify\test\node\dh.js,1,2080
2925,Identifier,mod,-1,-1,-1,16,21,16,24,packages\crypto-browserify\test\node\dh.js,1,2081
2927,BlockStatement,nan,-1,-1,-1,16,26,36,2,packages\crypto-browserify\test\node\dh.js,1,2082
2928,Identifier,len,-1,-1,-1,46,21,46,24,packages\crypto-browserify\test\node\dh.js,1,2083
2930,BlockStatement,nan,-1,-1,-1,46,26,68,2,packages\crypto-browserify\test\node\dh.js,1,2084
2932,VariableDeclaration,nan,-1,-1,-1,47,2,47,73,packages\crypto-browserify\test\node\dh.js,1,2085
2934,CallExpression,nan,2,-1,-1,17,2,35,4,packages\crypto-browserify\test\node\dh.js,1,2086
2935,CallExpression,nan,3,-1,-1,48,2,67,4,packages\crypto-browserify\test\node\dh.js,1,2087
2936,Identifier,mod,-1,-1,-1,17,9,17,12,packages\crypto-browserify\test\node\dh.js,1,2088
2937,FunctionExpression,nan,-1,1,0,17,14,35,3,packages\crypto-browserify\test\node\dh.js,1,2089
2938,MemberExpression,nan,-1,-1,-1,17,2,17,8,packages\crypto-browserify\test\node\dh.js,1,2090
2939,CallExpression,nan,1,-1,-1,48,9,48,20,packages\crypto-browserify\test\node\dh.js,1,2091
2940,ObjectExpression,nan,-1,-1,-1,48,22,48,86,packages\crypto-browserify\test\node\dh.js,1,2092
2941,FunctionExpression,nan,-1,1,0,48,88,67,3,packages\crypto-browserify\test\node\dh.js,1,2093
2942,MemberExpression,nan,-1,-1,-1,48,2,48,8,packages\crypto-browserify\test\node\dh.js,1,2094
2943,Identifier,st,-1,-1,-1,17,24,17,26,packages\crypto-browserify\test\node\dh.js,1,2095
2945,BlockStatement,nan,-1,-1,-1,17,28,35,3,packages\crypto-browserify\test\node\dh.js,1,2096
2946,Identifier,len,-1,-1,-1,48,16,48,19,packages\crypto-browserify\test\node\dh.js,1,2097
2947,Identifier,String,-1,-1,-1,48,9,48,15,packages\crypto-browserify\test\node\dh.js,1,2098
2948,Identifier,st,-1,-1,-1,48,98,48,100,packages\crypto-browserify\test\node\dh.js,1,2099
2950,BlockStatement,nan,-1,-1,-1,48,102,67,3,packages\crypto-browserify\test\node\dh.js,1,2100
2952,VariableDeclaration,nan,-1,-1,-1,19,3,19,43,packages\crypto-browserify\test\node\dh.js,1,2101
2953,VariableDeclaration,nan,-1,-1,-1,20,3,20,43,packages\crypto-browserify\test\node\dh.js,1,2102
2955,VariableDeclaration,nan,-1,-1,-1,23,3,23,42,packages\crypto-browserify\test\node\dh.js,1,2103
2956,VariableDeclaration,nan,-1,-1,-1,24,3,24,43,packages\crypto-browserify\test\node\dh.js,1,2104
2959,VariableDeclaration,nan,-1,-1,-1,28,3,28,34,packages\crypto-browserify\test\node\dh.js,1,2105
2960,VariableDeclaration,nan,-1,-1,-1,29,3,29,34,packages\crypto-browserify\test\node\dh.js,1,2106
2962,VariableDeclaration,nan,-1,-1,-1,32,3,32,55,packages\crypto-browserify\test\node\dh.js,1,2107
2963,VariableDeclaration,nan,-1,-1,-1,33,3,33,55,packages\crypto-browserify\test\node\dh.js,1,2108
2965,VariableDeclaration,nan,-1,-1,-1,49,3,49,46,packages\crypto-browserify\test\node\dh.js,1,2109
2966,VariableDeclaration,nan,-1,-1,-1,50,3,50,31,packages\crypto-browserify\test\node\dh.js,1,2110
2967,VariableDeclaration,nan,-1,-1,-1,51,3,51,35,packages\crypto-browserify\test\node\dh.js,1,2111
2968,VariableDeclaration,nan,-1,-1,-1,52,3,52,48,packages\crypto-browserify\test\node\dh.js,1,2112
2969,VariableDeclaration,nan,-1,-1,-1,53,3,53,43,packages\crypto-browserify\test\node\dh.js,1,2113
2973,VariableDeclaration,nan,-1,-1,-1,58,3,58,34,packages\crypto-browserify\test\node\dh.js,1,2114
2974,VariableDeclaration,nan,-1,-1,-1,59,3,59,34,packages\crypto-browserify\test\node\dh.js,1,2115
2976,VariableDeclaration,nan,-1,-1,-1,62,3,62,55,packages\crypto-browserify\test\node\dh.js,1,2116
2977,VariableDeclaration,nan,-1,-1,-1,63,3,63,68,packages\crypto-browserify\test\node\dh.js,1,2117
2980,CallExpression,nan,1,-1,-1,18,3,18,13,packages\crypto-browserify\test\node\dh.js,1,2118
2981,CallExpression,nan,0,-1,-1,21,3,21,21,packages\crypto-browserify\test\node\dh.js,1,2119
2982,CallExpression,nan,0,-1,-1,25,3,25,21,packages\crypto-browserify\test\node\dh.js,1,2120
2983,CallExpression,nan,3,-1,-1,26,3,26,36,packages\crypto-browserify\test\node\dh.js,1,2121
2984,CallExpression,nan,3,-1,-1,30,3,30,49,packages\crypto-browserify\test\node\dh.js,1,2122
2985,CallExpression,nan,3,-1,-1,34,3,34,41,packages\crypto-browserify\test\node\dh.js,1,2123
2986,CallExpression,nan,0,-1,-1,54,3,54,21,packages\crypto-browserify\test\node\dh.js,1,2124
2987,CallExpression,nan,0,-1,-1,55,3,55,21,packages\crypto-browserify\test\node\dh.js,1,2125
2988,CallExpression,nan,3,-1,-1,56,3,56,36,packages\crypto-browserify\test\node\dh.js,1,2126
2989,CallExpression,nan,3,-1,-1,60,3,60,49,packages\crypto-browserify\test\node\dh.js,1,2127
2990,CallExpression,nan,3,-1,-1,64,3,64,41,packages\crypto-browserify\test\node\dh.js,1,2128
2991,CallExpression,nan,0,-1,-1,66,3,66,11,packages\crypto-browserify\test\node\dh.js,1,2129
2993,MemberExpression,nan,-1,-1,-1,18,3,18,10,packages\crypto-browserify\test\node\dh.js,1,2130
2994,MemberExpression,nan,-1,-1,-1,21,3,21,19,packages\crypto-browserify\test\node\dh.js,1,2131
2995,MemberExpression,nan,-1,-1,-1,25,3,25,19,packages\crypto-browserify\test\node\dh.js,1,2132
2996,Identifier,p1,-1,-1,-1,26,13,26,15,packages\crypto-browserify\test\node\dh.js,1,2133
2997,Identifier,p2,-1,-1,-1,26,17,26,19,packages\crypto-browserify\test\node\dh.js,1,2134
2999,MemberExpression,nan,-1,-1,-1,26,3,26,12,packages\crypto-browserify\test\node\dh.js,1,2135
3000,Identifier,pubk1,-1,-1,-1,30,16,30,21,packages\crypto-browserify\test\node\dh.js,1,2136
3001,Identifier,pubk2,-1,-1,-1,30,23,30,28,packages\crypto-browserify\test\node\dh.js,1,2137
3003,MemberExpression,nan,-1,-1,-1,30,3,30,15,packages\crypto-browserify\test\node\dh.js,1,2138
3004,Identifier,pub1,-1,-1,-1,34,13,34,17,packages\crypto-browserify\test\node\dh.js,1,2139
3005,Identifier,pub2,-1,-1,-1,34,19,34,23,packages\crypto-browserify\test\node\dh.js,1,2140
3007,MemberExpression,nan,-1,-1,-1,34,3,34,12,packages\crypto-browserify\test\node\dh.js,1,2141
3008,MemberExpression,nan,-1,-1,-1,54,3,54,19,packages\crypto-browserify\test\node\dh.js,1,2142
3009,MemberExpression,nan,-1,-1,-1,55,3,55,19,packages\crypto-browserify\test\node\dh.js,1,2143
3010,Identifier,p1,-1,-1,-1,56,13,56,15,packages\crypto-browserify\test\node\dh.js,1,2144
3011,Identifier,p2,-1,-1,-1,56,17,56,19,packages\crypto-browserify\test\node\dh.js,1,2145
3013,MemberExpression,nan,-1,-1,-1,56,3,56,12,packages\crypto-browserify\test\node\dh.js,1,2146
3014,Identifier,pubk1,-1,-1,-1,60,16,60,21,packages\crypto-browserify\test\node\dh.js,1,2147
3015,Identifier,pubk2,-1,-1,-1,60,23,60,28,packages\crypto-browserify\test\node\dh.js,1,2148
3017,MemberExpression,nan,-1,-1,-1,60,3,60,15,packages\crypto-browserify\test\node\dh.js,1,2149
3018,Identifier,pub1,-1,-1,-1,64,13,64,17,packages\crypto-browserify\test\node\dh.js,1,2150
3019,Identifier,pub2,-1,-1,-1,64,19,64,23,packages\crypto-browserify\test\node\dh.js,1,2151
3021,MemberExpression,nan,-1,-1,-1,64,3,64,12,packages\crypto-browserify\test\node\dh.js,1,2152
3022,MemberExpression,nan,-1,-1,-1,66,3,66,9,packages\crypto-browserify\test\node\dh.js,1,2153
