id,type,name,params_len,argument_len,returns,start_line,start_column,end_line,end_column,file_name,file_is_index_or_test,new_id
1,Program,nan,-1,-1,-1,1,0,62,2,packages\datadog-metrics\index.js,1,0
3,VariableDeclaration,nan,-1,-1,-1,2,0,2,59,packages\datadog-metrics\index.js,1,1
4,VariableDeclaration,nan,-1,-1,-1,3,0,3,45,packages\datadog-metrics\index.js,1,2
5,VariableDeclaration,nan,-1,-1,-1,7,0,7,24,packages\datadog-metrics\index.js,1,3
6,FunctionDeclaration,nan,-1,1,0,17,0,23,1,packages\datadog-metrics\index.js,1,4
7,FunctionDeclaration,nan,-1,1,1,33,0,48,1,packages\datadog-metrics\index.js,1,5
10,Identifier,init,-1,-1,-1,17,9,17,13,packages\datadog-metrics\index.js,1,6
11,Identifier,opts,-1,-1,-1,17,14,17,18,packages\datadog-metrics\index.js,1,7
13,BlockStatement,nan,-1,-1,-1,17,20,23,1,packages\datadog-metrics\index.js,1,8
14,Identifier,callOnSharedLogger,-1,-1,-1,33,9,33,27,packages\datadog-metrics\index.js,1,9
15,Identifier,func,-1,-1,-1,33,28,33,32,packages\datadog-metrics\index.js,1,10
17,BlockStatement,nan,-1,-1,-1,33,34,48,1,packages\datadog-metrics\index.js,1,11
18,AssignmentExpression,nan,-1,-1,-1,50,0,62,1,packages\datadog-metrics\index.js,1,12
20,IfStatement,nan,-1,-1,-1,19,4,21,5,packages\datadog-metrics\index.js,1,13
22,ReturnStatement,nan,1,-1,-1,36,4,47,6,packages\datadog-metrics\index.js,1,14
23,MemberExpression,nan,-1,-1,-1,50,0,50,14,packages\datadog-metrics\index.js,1,15
24,ObjectExpression,nan,-1,-1,-1,50,17,62,1,packages\datadog-metrics\index.js,1,16
25,AssignmentExpression,nan,-1,-1,-1,18,4,18,21,packages\datadog-metrics\index.js,1,17
26,BlockStatement,nan,-1,-1,-1,19,71,21,5,packages\datadog-metrics\index.js,1,18
27,LogicalExpression,nan,-1,-1,-1,19,8,19,69,packages\datadog-metrics\index.js,1,19
28,AssignmentExpression,nan,-1,-1,-1,22,4,22,50,packages\datadog-metrics\index.js,1,20
29,ArrowFunctionExpression,nan,-1,1,1,36,11,47,5,packages\datadog-metrics\index.js,1,21
30,Identifier,opts,-1,-1,-1,18,4,18,8,packages\datadog-metrics\index.js,1,22
31,LogicalExpression,nan,-1,-1,-1,18,11,18,21,packages\datadog-metrics\index.js,1,23
33,UnaryExpression,nan,1,-1,-1,19,8,19,34,packages\datadog-metrics\index.js,1,24
35,Identifier,sharedLogger,-1,-1,-1,22,4,22,16,packages\datadog-metrics\index.js,1,25
36,NewExpression,nan,1,-1,-1,22,19,22,50,packages\datadog-metrics\index.js,1,26
37,RestElement,nan,1,-1,-1,36,12,36,19,packages\datadog-metrics\index.js,1,27
39,BlockStatement,nan,-1,-1,-1,36,24,47,5,packages\datadog-metrics\index.js,1,28
40,Identifier,opts,-1,-1,-1,18,11,18,15,packages\datadog-metrics\index.js,1,29
41,ObjectExpression,nan,-1,-1,-1,18,19,18,21,packages\datadog-metrics\index.js,1,30
42,AssignmentExpression,nan,-1,-1,-1,20,8,20,38,packages\datadog-metrics\index.js,1,31
43,MemberExpression,nan,-1,-1,-1,19,9,19,34,packages\datadog-metrics\index.js,1,32
44,MemberExpression,nan,-1,-1,-1,19,38,19,63,packages\datadog-metrics\index.js,1,33
46,Identifier,opts,-1,-1,-1,22,45,22,49,packages\datadog-metrics\index.js,1,34
47,Identifier,BufferedMetricsLogger,-1,-1,-1,22,23,22,44,packages\datadog-metrics\index.js,1,35
48,Identifier,args,-1,-1,-1,36,15,36,19,packages\datadog-metrics\index.js,1,36
49,IfStatement,nan,-1,-1,-1,37,8,45,9,packages\datadog-metrics\index.js,1,37
50,ReturnStatement,nan,1,-1,-1,46,8,46,46,packages\datadog-metrics\index.js,1,38
51,MemberExpression,nan,-1,-1,-1,20,8,20,33,packages\datadog-metrics\index.js,1,39
53,BlockStatement,nan,-1,-1,-1,37,35,45,9,packages\datadog-metrics\index.js,1,40
55,CallExpression,nan,2,-1,-1,46,15,46,45,packages\datadog-metrics\index.js,1,41
56,IfStatement,nan,-1,-1,-1,40,12,42,13,packages\datadog-metrics\index.js,1,42
58,Identifier,sharedLogger,-1,-1,-1,37,12,37,24,packages\datadog-metrics\index.js,1,43
60,Identifier,sharedLogger,-1,-1,-1,46,26,46,38,packages\datadog-metrics\index.js,1,44
61,Identifier,args,-1,-1,-1,46,40,46,44,packages\datadog-metrics\index.js,1,45
62,MemberExpression,nan,-1,-1,-1,46,15,46,25,packages\datadog-metrics\index.js,1,46
63,BlockStatement,nan,-1,-1,-1,40,63,42,13,packages\datadog-metrics\index.js,1,47
65,CallExpression,nan,0,-1,-1,44,12,44,18,packages\datadog-metrics\index.js,1,48
66,ReturnStatement,nan,1,-1,-1,41,16,41,50,packages\datadog-metrics\index.js,1,49
67,Identifier,func,-1,-1,-1,40,16,40,20,packages\datadog-metrics\index.js,1,50
68,MemberExpression,nan,-1,-1,-1,40,25,40,61,packages\datadog-metrics\index.js,1,51
69,Identifier,init,-1,-1,-1,44,12,44,16,packages\datadog-metrics\index.js,1,52
70,CallExpression,nan,1,-1,-1,41,23,41,49,packages\datadog-metrics\index.js,1,53
71,Identifier,undefined,-1,-1,-1,41,39,41,48,packages\datadog-metrics\index.js,1,54
72,MemberExpression,nan,-1,-1,-1,41,23,41,38,packages\datadog-metrics\index.js,1,55
73,Program,nan,-1,-1,-1,1,0,17,5,packages\datadog-metrics\examples\metrics.js,0,56
75,VariableDeclaration,nan,-1,-1,-1,3,0,3,43,packages\datadog-metrics\examples\metrics.js,0,57
76,VariableDeclaration,nan,-1,-1,-1,4,0,4,36,packages\datadog-metrics\examples\metrics.js,0,58
81,CallExpression,nan,1,-1,-1,6,0,9,2,packages\datadog-metrics\examples\metrics.js,0,59
82,AssignmentExpression,nan,-1,-1,-1,11,0,11,39,packages\datadog-metrics\examples\metrics.js,0,60
83,CallExpression,nan,0,-1,-1,13,1,17,4,packages\datadog-metrics\examples\metrics.js,0,61
84,ObjectExpression,nan,-1,-1,-1,6,13,9,1,packages\datadog-metrics\examples\metrics.js,0,62
85,MemberExpression,nan,-1,-1,-1,6,0,6,12,packages\datadog-metrics\examples\metrics.js,0,63
86,MemberExpression,nan,-1,-1,-1,11,0,11,13,packages\datadog-metrics\examples\metrics.js,0,64
87,CallExpression,nan,1,-1,-1,11,16,11,39,packages\datadog-metrics\examples\metrics.js,0,65
88,ArrowFunctionExpression,nan,-1,0,0,13,2,17,1,packages\datadog-metrics\examples\metrics.js,0,66
89,MemberExpression,nan,-1,-1,-1,11,25,11,38,packages\datadog-metrics\examples\metrics.js,0,67
90,Identifier,promisfy,-1,-1,-1,11,16,11,24,packages\datadog-metrics\examples\metrics.js,0,68
92,BlockStatement,nan,-1,-1,-1,13,14,17,1,packages\datadog-metrics\examples\metrics.js,0,69
95,CallExpression,nan,1,-1,-1,14,4,14,50,packages\datadog-metrics\examples\metrics.js,0,70
96,AwaitExpression,nan,1,-1,-1,16,4,16,25,packages\datadog-metrics\examples\metrics.js,0,71
98,MemberExpression,nan,-1,-1,-1,14,4,14,21,packages\datadog-metrics\examples\metrics.js,0,72
99,CallExpression,nan,0,-1,-1,16,10,16,25,packages\datadog-metrics\examples\metrics.js,0,73
100,MemberExpression,nan,-1,-1,-1,16,10,16,23,packages\datadog-metrics\examples\metrics.js,0,74
101,Program,nan,-1,-1,-1,1,0,49,2,packages\datadog-metrics\lib\aggregators.js,0,75
103,ClassDeclaration,nan,-1,-1,-1,3,0,45,1,packages\datadog-metrics\lib\aggregators.js,0,76
106,Identifier,Aggregator,-1,-1,-1,3,6,3,16,packages\datadog-metrics\lib\aggregators.js,0,77
107,ClassBody,nan,-1,-1,-1,3,17,45,1,packages\datadog-metrics\lib\aggregators.js,0,78
108,AssignmentExpression,nan,-1,-1,-1,47,0,49,1,packages\datadog-metrics\lib\aggregators.js,0,79
109,MethodDefinition,nan,-1,-1,-1,8,4,11,5,packages\datadog-metrics\lib\aggregators.js,0,80
110,MethodDefinition,nan,-1,-1,-1,14,4,17,5,packages\datadog-metrics\lib\aggregators.js,0,81
111,MethodDefinition,nan,-1,-1,-1,19,4,26,5,packages\datadog-metrics\lib\aggregators.js,0,82
112,MethodDefinition,nan,-1,-1,-1,28,4,44,5,packages\datadog-metrics\lib\aggregators.js,0,83
113,MemberExpression,nan,-1,-1,-1,47,0,47,14,packages\datadog-metrics\lib\aggregators.js,0,84
114,ObjectExpression,nan,-1,-1,-1,47,17,49,1,packages\datadog-metrics\lib\aggregators.js,0,85
115,Program,nan,-1,-1,-1,1,0,66,2,packages\datadog-metrics\lib\errors.js,0,86
117,ClassDeclaration,nan,-1,-1,-1,7,0,15,1,packages\datadog-metrics\lib\errors.js,0,87
118,ClassDeclaration,nan,-1,-1,-1,23,0,39,1,packages\datadog-metrics\lib\errors.js,0,88
119,ClassDeclaration,nan,-1,-1,-1,48,0,60,1,packages\datadog-metrics\lib\errors.js,0,89
122,Identifier,DatadogMetricsError,-1,-1,-1,7,6,7,25,packages\datadog-metrics\lib\errors.js,0,90
123,ClassBody,nan,-1,-1,-1,7,40,15,1,packages\datadog-metrics\lib\errors.js,0,91
124,Identifier,HttpError,-1,-1,-1,23,6,23,15,packages\datadog-metrics\lib\errors.js,0,92
125,ClassBody,nan,-1,-1,-1,23,44,39,1,packages\datadog-metrics\lib\errors.js,0,93
126,Identifier,AuthorizationError,-1,-1,-1,48,6,48,24,packages\datadog-metrics\lib\errors.js,0,94
127,ClassBody,nan,-1,-1,-1,48,53,60,1,packages\datadog-metrics\lib\errors.js,0,95
128,AssignmentExpression,nan,-1,-1,-1,62,0,66,1,packages\datadog-metrics\lib\errors.js,0,96
129,MethodDefinition,nan,-1,-1,-1,8,4,14,5,packages\datadog-metrics\lib\errors.js,0,97
130,MethodDefinition,nan,-1,-1,-1,32,4,38,5,packages\datadog-metrics\lib\errors.js,0,98
131,MethodDefinition,nan,-1,-1,-1,55,4,59,5,packages\datadog-metrics\lib\errors.js,0,99
132,MemberExpression,nan,-1,-1,-1,62,0,62,14,packages\datadog-metrics\lib\errors.js,0,100
133,ObjectExpression,nan,-1,-1,-1,62,17,66,1,packages\datadog-metrics\lib\errors.js,0,101
134,Program,nan,-1,-1,-1,1,0,386,2,packages\datadog-metrics\lib\loggers.js,0,102
136,VariableDeclaration,nan,-1,-1,-1,2,0,2,68,packages\datadog-metrics\lib\loggers.js,0,103
137,VariableDeclaration,nan,-1,-1,-1,3,0,3,55,packages\datadog-metrics\lib\loggers.js,0,104
138,VariableDeclaration,nan,-1,-1,-1,4,0,4,51,packages\datadog-metrics\lib\loggers.js,0,105
139,VariableDeclaration,nan,-1,-1,-1,5,0,5,41,packages\datadog-metrics\lib\loggers.js,0,106
140,VariableDeclaration,nan,-1,-1,-1,6,0,6,45,packages\datadog-metrics\lib\loggers.js,0,107
141,VariableDeclaration,nan,-1,-1,-1,7,0,7,49,packages\datadog-metrics\lib\loggers.js,0,108
142,VariableDeclaration,nan,-1,-1,-1,8,0,8,55,packages\datadog-metrics\lib\loggers.js,0,109
143,VariableDeclaration,nan,-1,-1,-1,10,0,11,42,packages\datadog-metrics\lib\loggers.js,0,110
144,ClassDeclaration,nan,-1,-1,-1,85,0,382,1,packages\datadog-metrics\lib\loggers.js,0,111
147,Identifier,BufferedMetricsLogger,-1,-1,-1,85,6,85,27,packages\datadog-metrics\lib\loggers.js,0,112
148,ClassBody,nan,-1,-1,-1,85,28,382,1,packages\datadog-metrics\lib\loggers.js,0,113
149,AssignmentExpression,nan,-1,-1,-1,384,0,386,1,packages\datadog-metrics\lib\loggers.js,0,114
150,MethodDefinition,nan,-1,-1,-1,97,4,147,5,packages\datadog-metrics\lib\loggers.js,0,115
151,MethodDefinition,nan,-1,-1,-1,153,4,155,5,packages\datadog-metrics\lib\loggers.js,0,116
152,MethodDefinition,nan,-1,-1,-1,176,4,178,5,packages\datadog-metrics\lib\loggers.js,0,117
153,MethodDefinition,nan,-1,-1,-1,195,4,201,5,packages\datadog-metrics\lib\loggers.js,0,118
154,MethodDefinition,nan,-1,-1,-1,228,4,233,5,packages\datadog-metrics\lib\loggers.js,0,119
155,MethodDefinition,nan,-1,-1,-1,258,4,260,5,packages\datadog-metrics\lib\loggers.js,0,120
156,MethodDefinition,nan,-1,-1,-1,279,4,327,5,packages\datadog-metrics\lib\loggers.js,0,121
157,MethodDefinition,nan,-1,-1,-1,332,4,344,5,packages\datadog-metrics\lib\loggers.js,0,122
158,MethodDefinition,nan,-1,-1,-1,355,4,364,5,packages\datadog-metrics\lib\loggers.js,0,123
159,MethodDefinition,nan,-1,-1,-1,367,4,375,5,packages\datadog-metrics\lib\loggers.js,0,124
160,MethodDefinition,nan,-1,-1,-1,378,4,381,5,packages\datadog-metrics\lib\loggers.js,0,125
161,MemberExpression,nan,-1,-1,-1,384,0,384,14,packages\datadog-metrics\lib\loggers.js,0,126
162,ObjectExpression,nan,-1,-1,-1,384,17,386,1,packages\datadog-metrics\lib\loggers.js,0,127
163,Program,nan,-1,-1,-1,1,0,48,2,packages\datadog-metrics\lib\logging.js,0,128
165,VariableDeclaration,nan,-1,-1,-1,3,0,3,29,packages\datadog-metrics\lib\logging.js,0,129
166,VariableDeclaration,nan,-1,-1,-1,4,0,4,31,packages\datadog-metrics\lib\logging.js,0,130
167,VariableDeclaration,nan,-1,-1,-1,6,0,6,25,packages\datadog-metrics\lib\logging.js,0,131
168,VariableDeclaration,nan,-1,-1,-1,7,0,7,38,packages\datadog-metrics\lib\logging.js,0,132
169,VariableDeclaration,nan,-1,-1,-1,14,0,14,31,packages\datadog-metrics\lib\logging.js,0,133
170,FunctionDeclaration,nan,-1,2,0,22,0,29,1,packages\datadog-metrics\lib\logging.js,0,134
171,FunctionDeclaration,nan,-1,1,0,36,0,42,1,packages\datadog-metrics\lib\logging.js,0,135
174,Identifier,logError,-1,-1,-1,22,9,22,17,packages\datadog-metrics\lib\logging.js,0,136
175,Identifier,error,-1,-1,-1,22,18,22,23,packages\datadog-metrics\lib\logging.js,0,137
176,RestElement,nan,1,-1,-1,22,25,22,33,packages\datadog-metrics\lib\logging.js,0,138
178,BlockStatement,nan,-1,-1,-1,22,35,29,1,packages\datadog-metrics\lib\logging.js,0,139
179,Identifier,logDeprecation,-1,-1,-1,36,9,36,23,packages\datadog-metrics\lib\logging.js,0,140
180,Identifier,message,-1,-1,-1,36,24,36,31,packages\datadog-metrics\lib\logging.js,0,141
182,BlockStatement,nan,-1,-1,-1,36,33,42,1,packages\datadog-metrics\lib\logging.js,0,142
183,AssignmentExpression,nan,-1,-1,-1,44,0,48,1,packages\datadog-metrics\lib\logging.js,0,143
184,Identifier,extra,-1,-1,-1,22,28,22,33,packages\datadog-metrics\lib\logging.js,0,144
185,IfStatement,nan,-1,-1,-1,23,4,28,5,packages\datadog-metrics\lib\logging.js,0,145
186,IfStatement,nan,-1,-1,-1,37,4,41,5,packages\datadog-metrics\lib\logging.js,0,146
187,MemberExpression,nan,-1,-1,-1,44,0,44,14,packages\datadog-metrics\lib\logging.js,0,147
188,ObjectExpression,nan,-1,-1,-1,44,17,48,1,packages\datadog-metrics\lib\logging.js,0,148
189,BlockStatement,nan,-1,-1,-1,23,35,26,5,packages\datadog-metrics\lib\logging.js,0,149
191,BlockStatement,nan,-1,-1,-1,37,43,41,5,packages\datadog-metrics\lib\logging.js,0,150
192,UnaryExpression,nan,1,-1,-1,37,8,37,41,packages\datadog-metrics\lib\logging.js,0,151
193,VariableDeclaration,nan,-1,-1,-1,24,8,24,53,packages\datadog-metrics\lib\logging.js,0,152
195,UnaryExpression,nan,1,-1,-1,23,8,23,20,packages\datadog-metrics\lib\logging.js,0,153
199,CallExpression,nan,1,-1,-1,37,9,37,41,packages\datadog-metrics\lib\logging.js,0,154
200,CallExpression,nan,1,-1,-1,25,8,25,53,packages\datadog-metrics\lib\logging.js,0,155
201,Identifier,error,-1,-1,-1,23,15,23,20,packages\datadog-metrics\lib\logging.js,0,156
202,CallExpression,nan,1,-1,-1,39,8,39,45,packages\datadog-metrics\lib\logging.js,0,157
203,CallExpression,nan,1,-1,-1,40,8,40,40,packages\datadog-metrics\lib\logging.js,0,158
204,Identifier,message,-1,-1,-1,37,33,37,40,packages\datadog-metrics\lib\logging.js,0,159
205,MemberExpression,nan,-1,-1,-1,37,9,37,32,packages\datadog-metrics\lib\logging.js,0,160
206,TemplateLiteral,nan,-1,-1,-1,25,22,25,52,packages\datadog-metrics\lib\logging.js,0,161
207,MemberExpression,nan,-1,-1,-1,25,8,25,21,packages\datadog-metrics\lib\logging.js,0,162
208,TemplateLiteral,nan,-1,-1,-1,39,21,39,44,packages\datadog-metrics\lib\logging.js,0,163
209,MemberExpression,nan,-1,-1,-1,39,8,39,20,packages\datadog-metrics\lib\logging.js,0,164
210,Identifier,message,-1,-1,-1,40,32,40,39,packages\datadog-metrics\lib\logging.js,0,165
211,MemberExpression,nan,-1,-1,-1,40,8,40,31,packages\datadog-metrics\lib\logging.js,0,166
212,Program,nan,-1,-1,-1,1,0,254,2,packages\datadog-metrics\lib\metrics.js,0,167
214,VariableDeclaration,nan,-1,-1,-1,3,0,3,85,packages\datadog-metrics\lib\metrics.js,0,168
215,VariableDeclaration,nan,-1,-1,-1,4,0,4,63,packages\datadog-metrics\lib\metrics.js,0,169
216,ClassDeclaration,nan,-1,-1,-1,8,0,53,1,packages\datadog-metrics\lib\metrics.js,0,170
217,ClassDeclaration,nan,-1,-1,-1,56,0,80,1,packages\datadog-metrics\lib\metrics.js,0,171
218,ClassDeclaration,nan,-1,-1,-1,83,0,105,1,packages\datadog-metrics\lib\metrics.js,0,172
219,ClassDeclaration,nan,-1,-1,-1,108,0,198,1,packages\datadog-metrics\lib\metrics.js,0,173
220,ClassDeclaration,nan,-1,-1,-1,201,0,246,1,packages\datadog-metrics\lib\metrics.js,0,174
223,Identifier,Metric,-1,-1,-1,8,6,8,12,packages\datadog-metrics\lib\metrics.js,0,175
224,ClassBody,nan,-1,-1,-1,8,13,53,1,packages\datadog-metrics\lib\metrics.js,0,176
225,Identifier,Gauge,-1,-1,-1,56,6,56,11,packages\datadog-metrics\lib\metrics.js,0,177
226,ClassBody,nan,-1,-1,-1,56,27,80,1,packages\datadog-metrics\lib\metrics.js,0,178
227,Identifier,Counter,-1,-1,-1,83,6,83,13,packages\datadog-metrics\lib\metrics.js,0,179
228,ClassBody,nan,-1,-1,-1,83,29,105,1,packages\datadog-metrics\lib\metrics.js,0,180
229,Identifier,Histogram,-1,-1,-1,108,6,108,15,packages\datadog-metrics\lib\metrics.js,0,181
230,ClassBody,nan,-1,-1,-1,108,31,198,1,packages\datadog-metrics\lib\metrics.js,0,182
231,Identifier,Distribution,-1,-1,-1,201,6,201,18,packages\datadog-metrics\lib\metrics.js,0,183
232,ClassBody,nan,-1,-1,-1,201,34,246,1,packages\datadog-metrics\lib\metrics.js,0,184
233,AssignmentExpression,nan,-1,-1,-1,248,0,254,1,packages\datadog-metrics\lib\metrics.js,0,185
234,MethodDefinition,nan,-1,-1,-1,17,4,21,5,packages\datadog-metrics\lib\metrics.js,0,186
235,MethodDefinition,nan,-1,-1,-1,23,4,25,5,packages\datadog-metrics\lib\metrics.js,0,187
236,MethodDefinition,nan,-1,-1,-1,27,4,29,5,packages\datadog-metrics\lib\metrics.js,0,188
237,MethodDefinition,nan,-1,-1,-1,32,4,36,5,packages\datadog-metrics\lib\metrics.js,0,189
238,MethodDefinition,nan,-1,-1,-1,39,4,41,5,packages\datadog-metrics\lib\metrics.js,0,190
239,MethodDefinition,nan,-1,-1,-1,44,4,52,5,packages\datadog-metrics\lib\metrics.js,0,191
240,MethodDefinition,nan,-1,-1,-1,67,4,70,5,packages\datadog-metrics\lib\metrics.js,0,192
241,MethodDefinition,nan,-1,-1,-1,72,4,75,5,packages\datadog-metrics\lib\metrics.js,0,193
242,MethodDefinition,nan,-1,-1,-1,77,4,79,5,packages\datadog-metrics\lib\metrics.js,0,194
243,MethodDefinition,nan,-1,-1,-1,92,4,95,5,packages\datadog-metrics\lib\metrics.js,0,195
244,MethodDefinition,nan,-1,-1,-1,97,4,100,5,packages\datadog-metrics\lib\metrics.js,0,196
245,MethodDefinition,nan,-1,-1,-1,102,4,104,5,packages\datadog-metrics\lib\metrics.js,0,197
246,MethodDefinition,nan,-1,-1,-1,118,4,127,5,packages\datadog-metrics\lib\metrics.js,0,198
247,MethodDefinition,nan,-1,-1,-1,129,4,141,5,packages\datadog-metrics\lib\metrics.js,0,199
248,MethodDefinition,nan,-1,-1,-1,143,4,179,5,packages\datadog-metrics\lib\metrics.js,0,200
249,MethodDefinition,nan,-1,-1,-1,181,4,187,5,packages\datadog-metrics\lib\metrics.js,0,201
250,MethodDefinition,nan,-1,-1,-1,189,4,197,5,packages\datadog-metrics\lib\metrics.js,0,202
251,MethodDefinition,nan,-1,-1,-1,218,4,221,5,packages\datadog-metrics\lib\metrics.js,0,203
252,MethodDefinition,nan,-1,-1,-1,223,4,231,5,packages\datadog-metrics\lib\metrics.js,0,204
253,MethodDefinition,nan,-1,-1,-1,233,4,235,5,packages\datadog-metrics\lib\metrics.js,0,205
254,MethodDefinition,nan,-1,-1,-1,237,4,245,5,packages\datadog-metrics\lib\metrics.js,0,206
255,MemberExpression,nan,-1,-1,-1,248,0,248,14,packages\datadog-metrics\lib\metrics.js,0,207
256,ObjectExpression,nan,-1,-1,-1,248,17,254,1,packages\datadog-metrics\lib\metrics.js,0,208
257,Program,nan,-1,-1,-1,1,0,309,2,packages\datadog-metrics\lib\reporters.js,0,209
259,VariableDeclaration,nan,-1,-1,-1,2,0,2,41,packages\datadog-metrics\lib\reporters.js,0,210
260,VariableDeclaration,nan,-1,-1,-1,3,0,3,83,packages\datadog-metrics\lib\reporters.js,0,211
261,VariableDeclaration,nan,-1,-1,-1,4,0,4,58,packages\datadog-metrics\lib\reporters.js,0,212
262,VariableDeclaration,nan,-1,-1,-1,6,0,12,3,packages\datadog-metrics\lib\reporters.js,0,213
263,FunctionDeclaration,nan,-1,1,0,14,0,16,1,packages\datadog-metrics\lib\reporters.js,0,214
264,ClassDeclaration,nan,-1,-1,-1,22,0,26,1,packages\datadog-metrics\lib\reporters.js,0,215
265,ClassDeclaration,nan,-1,-1,-1,32,0,129,1,packages\datadog-metrics\lib\reporters.js,0,216
266,VariableDeclaration,nan,-1,-1,-1,142,0,142,37,packages\datadog-metrics\lib\reporters.js,0,217
267,ClassDeclaration,nan,-1,-1,-1,147,0,283,1,packages\datadog-metrics\lib\reporters.js,0,218
268,ClassDeclaration,nan,-1,-1,-1,288,0,303,1,packages\datadog-metrics\lib\reporters.js,0,219
271,Identifier,sleep,-1,-1,-1,14,15,14,20,packages\datadog-metrics\lib\reporters.js,0,220
272,Identifier,milliseconds,-1,-1,-1,14,21,14,33,packages\datadog-metrics\lib\reporters.js,0,221
274,BlockStatement,nan,-1,-1,-1,14,35,16,1,packages\datadog-metrics\lib\reporters.js,0,222
275,Identifier,NullReporter,-1,-1,-1,22,6,22,18,packages\datadog-metrics\lib\reporters.js,0,223
276,ClassBody,nan,-1,-1,-1,22,19,26,1,packages\datadog-metrics\lib\reporters.js,0,224
277,Identifier,HttpApi,-1,-1,-1,32,6,32,13,packages\datadog-metrics\lib\reporters.js,0,225
278,ClassBody,nan,-1,-1,-1,32,14,129,1,packages\datadog-metrics\lib\reporters.js,0,226
279,Identifier,DatadogReporter,-1,-1,-1,147,6,147,21,packages\datadog-metrics\lib\reporters.js,0,227
280,ClassBody,nan,-1,-1,-1,147,22,283,1,packages\datadog-metrics\lib\reporters.js,0,228
281,Identifier,DataDogReporter,-1,-1,-1,288,6,288,21,packages\datadog-metrics\lib\reporters.js,0,229
282,ClassBody,nan,-1,-1,-1,288,46,303,1,packages\datadog-metrics\lib\reporters.js,0,230
283,AssignmentExpression,nan,-1,-1,-1,305,0,309,1,packages\datadog-metrics\lib\reporters.js,0,231
285,MethodDefinition,nan,-1,-1,-1,23,4,25,5,packages\datadog-metrics\lib\reporters.js,0,232
286,MethodDefinition,nan,-1,-1,-1,33,4,37,5,packages\datadog-metrics\lib\reporters.js,0,233
287,MethodDefinition,nan,-1,-1,-1,39,4,78,5,packages\datadog-metrics\lib\reporters.js,0,234
288,MethodDefinition,nan,-1,-1,-1,85,4,91,5,packages\datadog-metrics\lib\reporters.js,0,235
289,MethodDefinition,nan,-1,-1,-1,99,4,117,5,packages\datadog-metrics\lib\reporters.js,0,236
290,MethodDefinition,nan,-1,-1,-1,125,4,128,5,packages\datadog-metrics\lib\reporters.js,0,237
291,MethodDefinition,nan,-1,-1,-1,152,4,194,5,packages\datadog-metrics\lib\reporters.js,0,238
292,MethodDefinition,nan,-1,-1,-1,201,4,243,5,packages\datadog-metrics\lib\reporters.js,0,239
293,MethodDefinition,nan,-1,-1,-1,251,4,253,5,packages\datadog-metrics\lib\reporters.js,0,240
294,MethodDefinition,nan,-1,-1,-1,261,4,263,5,packages\datadog-metrics\lib\reporters.js,0,241
295,MethodDefinition,nan,-1,-1,-1,271,4,282,5,packages\datadog-metrics\lib\reporters.js,0,242
296,MethodDefinition,nan,-1,-1,-1,296,4,302,5,packages\datadog-metrics\lib\reporters.js,0,243
297,MemberExpression,nan,-1,-1,-1,305,0,305,14,packages\datadog-metrics\lib\reporters.js,0,244
298,ObjectExpression,nan,-1,-1,-1,305,17,309,1,packages\datadog-metrics\lib\reporters.js,0,245
299,AwaitExpression,nan,1,-1,-1,15,4,15,57,packages\datadog-metrics\lib\reporters.js,0,246
300,NewExpression,nan,1,-1,-1,15,10,15,57,packages\datadog-metrics\lib\reporters.js,0,247
301,ArrowFunctionExpression,nan,-1,1,0,15,22,15,56,packages\datadog-metrics\lib\reporters.js,0,248
302,Identifier,Promise,-1,-1,-1,15,14,15,21,packages\datadog-metrics\lib\reporters.js,0,249
303,Identifier,r,-1,-1,-1,15,23,15,24,packages\datadog-metrics\lib\reporters.js,0,250
305,CallExpression,nan,2,-1,-1,15,29,15,56,packages\datadog-metrics\lib\reporters.js,0,251
306,Identifier,r,-1,-1,-1,15,40,15,41,packages\datadog-metrics\lib\reporters.js,0,252
307,Identifier,milliseconds,-1,-1,-1,15,43,15,55,packages\datadog-metrics\lib\reporters.js,0,253
308,Identifier,setTimeout,-1,-1,-1,15,29,15,39,packages\datadog-metrics\lib\reporters.js,0,254
309,Program,nan,-1,-1,-1,1,0,104,3,packages\datadog-metrics\test\aggregators_tests.js,1,255
311,VariableDeclaration,nan,-1,-1,-1,3,0,3,29,packages\datadog-metrics\test\aggregators_tests.js,1,256
314,VariableDeclaration,nan,-1,-1,-1,8,0,8,50,packages\datadog-metrics\test\aggregators_tests.js,1,257
315,VariableDeclaration,nan,-1,-1,-1,9,0,9,42,packages\datadog-metrics\test\aggregators_tests.js,1,258
318,CallExpression,nan,1,-1,-1,4,0,4,32,packages\datadog-metrics\test\aggregators_tests.js,1,259
319,CallExpression,nan,0,-1,-1,6,0,6,13,packages\datadog-metrics\test\aggregators_tests.js,1,260
320,CallExpression,nan,2,-1,-1,11,0,104,2,packages\datadog-metrics\test\aggregators_tests.js,1,261
321,CallExpression,nan,1,-1,-1,4,9,4,31,packages\datadog-metrics\test\aggregators_tests.js,1,262
322,MemberExpression,nan,-1,-1,-1,4,0,4,8,packages\datadog-metrics\test\aggregators_tests.js,1,263
323,MemberExpression,nan,-1,-1,-1,6,0,6,11,packages\datadog-metrics\test\aggregators_tests.js,1,264
325,FunctionExpression,nan,-1,0,0,11,23,104,1,packages\datadog-metrics\test\aggregators_tests.js,1,265
326,Identifier,describe,-1,-1,-1,11,0,11,8,packages\datadog-metrics\test\aggregators_tests.js,1,266
328,Identifier,require,-1,-1,-1,4,9,4,16,packages\datadog-metrics\test\aggregators_tests.js,1,267
330,BlockStatement,nan,-1,-1,-1,11,34,104,1,packages\datadog-metrics\test\aggregators_tests.js,1,268
342,CallExpression,nan,2,-1,-1,12,4,15,6,packages\datadog-metrics\test\aggregators_tests.js,1,269
343,CallExpression,nan,2,-1,-1,17,4,21,6,packages\datadog-metrics\test\aggregators_tests.js,1,270
344,CallExpression,nan,2,-1,-1,23,4,28,6,packages\datadog-metrics\test\aggregators_tests.js,1,271
345,CallExpression,nan,2,-1,-1,30,4,35,6,packages\datadog-metrics\test\aggregators_tests.js,1,272
346,CallExpression,nan,2,-1,-1,37,4,42,6,packages\datadog-metrics\test\aggregators_tests.js,1,273
347,CallExpression,nan,2,-1,-1,44,4,52,6,packages\datadog-metrics\test\aggregators_tests.js,1,274
348,CallExpression,nan,2,-1,-1,54,4,62,6,packages\datadog-metrics\test\aggregators_tests.js,1,275
349,CallExpression,nan,2,-1,-1,64,4,72,6,packages\datadog-metrics\test\aggregators_tests.js,1,276
350,CallExpression,nan,2,-1,-1,74,4,81,6,packages\datadog-metrics\test\aggregators_tests.js,1,277
351,CallExpression,nan,2,-1,-1,83,4,92,6,packages\datadog-metrics\test\aggregators_tests.js,1,278
352,CallExpression,nan,2,-1,-1,94,4,103,6,packages\datadog-metrics\test\aggregators_tests.js,1,279
354,FunctionExpression,nan,-1,0,0,12,44,15,5,packages\datadog-metrics\test\aggregators_tests.js,1,280
355,Identifier,it,-1,-1,-1,12,4,12,6,packages\datadog-metrics\test\aggregators_tests.js,1,281
357,FunctionExpression,nan,-1,0,0,17,49,21,5,packages\datadog-metrics\test\aggregators_tests.js,1,282
358,Identifier,it,-1,-1,-1,17,4,17,6,packages\datadog-metrics\test\aggregators_tests.js,1,283
360,FunctionExpression,nan,-1,0,0,23,50,28,5,packages\datadog-metrics\test\aggregators_tests.js,1,284
361,Identifier,it,-1,-1,-1,23,4,23,6,packages\datadog-metrics\test\aggregators_tests.js,1,285
363,FunctionExpression,nan,-1,0,0,30,79,35,5,packages\datadog-metrics\test\aggregators_tests.js,1,286
364,Identifier,it,-1,-1,-1,30,4,30,6,packages\datadog-metrics\test\aggregators_tests.js,1,287
366,FunctionExpression,nan,-1,0,0,37,49,42,5,packages\datadog-metrics\test\aggregators_tests.js,1,288
367,Identifier,it,-1,-1,-1,37,4,37,6,packages\datadog-metrics\test\aggregators_tests.js,1,289
369,FunctionExpression,nan,-1,0,0,44,53,52,5,packages\datadog-metrics\test\aggregators_tests.js,1,290
370,Identifier,it,-1,-1,-1,44,4,44,6,packages\datadog-metrics\test\aggregators_tests.js,1,291
372,FunctionExpression,nan,-1,0,0,54,40,62,5,packages\datadog-metrics\test\aggregators_tests.js,1,292
373,Identifier,it,-1,-1,-1,54,4,54,6,packages\datadog-metrics\test\aggregators_tests.js,1,293
375,FunctionExpression,nan,-1,0,0,64,59,72,5,packages\datadog-metrics\test\aggregators_tests.js,1,294
376,Identifier,it,-1,-1,-1,64,4,64,6,packages\datadog-metrics\test\aggregators_tests.js,1,295
378,FunctionExpression,nan,-1,0,0,74,41,81,5,packages\datadog-metrics\test\aggregators_tests.js,1,296
379,Identifier,it,-1,-1,-1,74,4,74,6,packages\datadog-metrics\test\aggregators_tests.js,1,297
381,FunctionExpression,nan,-1,0,0,83,37,92,5,packages\datadog-metrics\test\aggregators_tests.js,1,298
382,Identifier,it,-1,-1,-1,83,4,83,6,packages\datadog-metrics\test\aggregators_tests.js,1,299
384,FunctionExpression,nan,-1,0,0,94,55,103,5,packages\datadog-metrics\test\aggregators_tests.js,1,300
385,Identifier,it,-1,-1,-1,94,4,94,6,packages\datadog-metrics\test\aggregators_tests.js,1,301
387,BlockStatement,nan,-1,-1,-1,12,55,15,5,packages\datadog-metrics\test\aggregators_tests.js,1,302
389,BlockStatement,nan,-1,-1,-1,17,60,21,5,packages\datadog-metrics\test\aggregators_tests.js,1,303
391,BlockStatement,nan,-1,-1,-1,23,61,28,5,packages\datadog-metrics\test\aggregators_tests.js,1,304
393,BlockStatement,nan,-1,-1,-1,30,90,35,5,packages\datadog-metrics\test\aggregators_tests.js,1,305
395,BlockStatement,nan,-1,-1,-1,37,60,42,5,packages\datadog-metrics\test\aggregators_tests.js,1,306
397,BlockStatement,nan,-1,-1,-1,44,64,52,5,packages\datadog-metrics\test\aggregators_tests.js,1,307
399,BlockStatement,nan,-1,-1,-1,54,51,62,5,packages\datadog-metrics\test\aggregators_tests.js,1,308
401,BlockStatement,nan,-1,-1,-1,64,70,72,5,packages\datadog-metrics\test\aggregators_tests.js,1,309
403,BlockStatement,nan,-1,-1,-1,74,52,81,5,packages\datadog-metrics\test\aggregators_tests.js,1,310
405,BlockStatement,nan,-1,-1,-1,83,48,92,5,packages\datadog-metrics\test\aggregators_tests.js,1,311
407,BlockStatement,nan,-1,-1,-1,94,66,103,5,packages\datadog-metrics\test\aggregators_tests.js,1,312
408,VariableDeclaration,nan,-1,-1,-1,13,8,13,49,packages\datadog-metrics\test\aggregators_tests.js,1,313
410,VariableDeclaration,nan,-1,-1,-1,18,8,18,49,packages\datadog-metrics\test\aggregators_tests.js,1,314
413,VariableDeclaration,nan,-1,-1,-1,24,8,24,49,packages\datadog-metrics\test\aggregators_tests.js,1,315
417,VariableDeclaration,nan,-1,-1,-1,31,8,31,49,packages\datadog-metrics\test\aggregators_tests.js,1,316
421,VariableDeclaration,nan,-1,-1,-1,38,8,38,49,packages\datadog-metrics\test\aggregators_tests.js,1,317
425,VariableDeclaration,nan,-1,-1,-1,45,8,45,49,packages\datadog-metrics\test\aggregators_tests.js,1,318
428,VariableDeclaration,nan,-1,-1,-1,48,8,48,30,packages\datadog-metrics\test\aggregators_tests.js,1,319
432,VariableDeclaration,nan,-1,-1,-1,55,8,55,49,packages\datadog-metrics\test\aggregators_tests.js,1,320
435,VariableDeclaration,nan,-1,-1,-1,58,8,58,30,packages\datadog-metrics\test\aggregators_tests.js,1,321
439,VariableDeclaration,nan,-1,-1,-1,65,8,65,49,packages\datadog-metrics\test\aggregators_tests.js,1,322
443,VariableDeclaration,nan,-1,-1,-1,69,8,69,30,packages\datadog-metrics\test\aggregators_tests.js,1,323
446,VariableDeclaration,nan,-1,-1,-1,75,8,75,49,packages\datadog-metrics\test\aggregators_tests.js,1,324
449,VariableDeclaration,nan,-1,-1,-1,78,8,78,30,packages\datadog-metrics\test\aggregators_tests.js,1,325
452,VariableDeclaration,nan,-1,-1,-1,84,8,84,43,packages\datadog-metrics\test\aggregators_tests.js,1,326
453,VariableDeclaration,nan,-1,-1,-1,85,8,85,60,packages\datadog-metrics\test\aggregators_tests.js,1,327
456,VariableDeclaration,nan,-1,-1,-1,88,8,88,30,packages\datadog-metrics\test\aggregators_tests.js,1,328
460,VariableDeclaration,nan,-1,-1,-1,95,8,95,43,packages\datadog-metrics\test\aggregators_tests.js,1,329
461,VariableDeclaration,nan,-1,-1,-1,96,8,96,60,packages\datadog-metrics\test\aggregators_tests.js,1,330
463,VariableDeclaration,nan,-1,-1,-1,98,8,98,30,packages\datadog-metrics\test\aggregators_tests.js,1,331
464,ForOfStatement,nan,-1,-1,-1,100,8,102,9,packages\datadog-metrics\test\aggregators_tests.js,1,332
465,CallExpression,nan,1,-1,-1,14,8,14,43,packages\datadog-metrics\test\aggregators_tests.js,1,333
466,CallExpression,nan,5,-1,-1,19,8,19,69,packages\datadog-metrics\test\aggregators_tests.js,1,334
467,CallExpression,nan,1,-1,-1,20,8,20,43,packages\datadog-metrics\test\aggregators_tests.js,1,335
468,CallExpression,nan,5,-1,-1,25,8,25,69,packages\datadog-metrics\test\aggregators_tests.js,1,336
469,CallExpression,nan,5,-1,-1,26,8,26,70,packages\datadog-metrics\test\aggregators_tests.js,1,337
470,CallExpression,nan,1,-1,-1,27,8,27,43,packages\datadog-metrics\test\aggregators_tests.js,1,338
471,CallExpression,nan,5,-1,-1,32,8,32,70,packages\datadog-metrics\test\aggregators_tests.js,1,339
472,CallExpression,nan,5,-1,-1,33,8,33,70,packages\datadog-metrics\test\aggregators_tests.js,1,340
473,CallExpression,nan,1,-1,-1,34,8,34,43,packages\datadog-metrics\test\aggregators_tests.js,1,341
474,CallExpression,nan,5,-1,-1,39,8,39,69,packages\datadog-metrics\test\aggregators_tests.js,1,342
475,CallExpression,nan,1,-1,-1,40,8,40,43,packages\datadog-metrics\test\aggregators_tests.js,1,343
476,CallExpression,nan,1,-1,-1,41,8,41,43,packages\datadog-metrics\test\aggregators_tests.js,1,344
477,CallExpression,nan,5,-1,-1,46,8,46,75,packages\datadog-metrics\test\aggregators_tests.js,1,345
478,CallExpression,nan,5,-1,-1,47,8,47,75,packages\datadog-metrics\test\aggregators_tests.js,1,346
479,CallExpression,nan,1,-1,-1,49,8,49,33,packages\datadog-metrics\test\aggregators_tests.js,1,347
480,CallExpression,nan,2,-1,-1,50,8,50,59,packages\datadog-metrics\test\aggregators_tests.js,1,348
481,CallExpression,nan,1,-1,-1,51,8,51,43,packages\datadog-metrics\test\aggregators_tests.js,1,349
482,CallExpression,nan,5,-1,-1,56,8,56,76,packages\datadog-metrics\test\aggregators_tests.js,1,350
483,CallExpression,nan,5,-1,-1,57,8,57,76,packages\datadog-metrics\test\aggregators_tests.js,1,351
484,CallExpression,nan,1,-1,-1,59,8,59,33,packages\datadog-metrics\test\aggregators_tests.js,1,352
485,CallExpression,nan,2,-1,-1,60,8,60,59,packages\datadog-metrics\test\aggregators_tests.js,1,353
486,CallExpression,nan,2,-1,-1,61,8,61,59,packages\datadog-metrics\test\aggregators_tests.js,1,354
487,CallExpression,nan,5,-1,-1,66,8,66,67,packages\datadog-metrics\test\aggregators_tests.js,1,355
488,CallExpression,nan,5,-1,-1,67,8,67,72,packages\datadog-metrics\test\aggregators_tests.js,1,356
489,CallExpression,nan,5,-1,-1,68,8,68,65,packages\datadog-metrics\test\aggregators_tests.js,1,357
490,CallExpression,nan,1,-1,-1,70,8,70,33,packages\datadog-metrics\test\aggregators_tests.js,1,358
491,CallExpression,nan,2,-1,-1,71,8,71,59,packages\datadog-metrics\test\aggregators_tests.js,1,359
492,CallExpression,nan,5,-1,-1,76,8,76,77,packages\datadog-metrics\test\aggregators_tests.js,1,360
493,CallExpression,nan,5,-1,-1,77,8,77,77,packages\datadog-metrics\test\aggregators_tests.js,1,361
494,CallExpression,nan,1,-1,-1,79,8,79,33,packages\datadog-metrics\test\aggregators_tests.js,1,362
495,CallExpression,nan,2,-1,-1,80,8,80,59,packages\datadog-metrics\test\aggregators_tests.js,1,363
496,CallExpression,nan,5,-1,-1,86,8,86,76,packages\datadog-metrics\test\aggregators_tests.js,1,364
497,CallExpression,nan,5,-1,-1,87,8,87,76,packages\datadog-metrics\test\aggregators_tests.js,1,365
498,CallExpression,nan,1,-1,-1,89,8,89,33,packages\datadog-metrics\test\aggregators_tests.js,1,366
499,CallExpression,nan,1,-1,-1,90,8,90,54,packages\datadog-metrics\test\aggregators_tests.js,1,367
500,CallExpression,nan,1,-1,-1,91,8,91,54,packages\datadog-metrics\test\aggregators_tests.js,1,368
501,CallExpression,nan,5,-1,-1,97,8,97,78,packages\datadog-metrics\test\aggregators_tests.js,1,369
502,VariableDeclaration,nan,-1,-1,-1,100,13,100,26,packages\datadog-metrics\test\aggregators_tests.js,1,370
503,Identifier,f,-1,-1,-1,100,30,100,31,packages\datadog-metrics\test\aggregators_tests.js,1,371
504,BlockStatement,nan,-1,-1,-1,100,33,102,9,packages\datadog-metrics\test\aggregators_tests.js,1,372
506,MemberExpression,nan,-1,-1,-1,14,8,14,40,packages\datadog-metrics\test\aggregators_tests.js,1,373
507,MemberExpression,nan,-1,-1,-1,19,21,19,34,packages\datadog-metrics\test\aggregators_tests.js,1,374
510,ArrayExpression,nan,-1,-1,-1,19,49,19,58,packages\datadog-metrics\test\aggregators_tests.js,1,375
512,MemberExpression,nan,-1,-1,-1,19,8,19,20,packages\datadog-metrics\test\aggregators_tests.js,1,376
514,MemberExpression,nan,-1,-1,-1,20,8,20,40,packages\datadog-metrics\test\aggregators_tests.js,1,377
515,MemberExpression,nan,-1,-1,-1,25,21,25,34,packages\datadog-metrics\test\aggregators_tests.js,1,378
518,ArrayExpression,nan,-1,-1,-1,25,49,25,58,packages\datadog-metrics\test\aggregators_tests.js,1,379
520,MemberExpression,nan,-1,-1,-1,25,8,25,20,packages\datadog-metrics\test\aggregators_tests.js,1,380
521,MemberExpression,nan,-1,-1,-1,26,21,26,34,packages\datadog-metrics\test\aggregators_tests.js,1,381
524,ArrayExpression,nan,-1,-1,-1,26,50,26,59,packages\datadog-metrics\test\aggregators_tests.js,1,382
526,MemberExpression,nan,-1,-1,-1,26,8,26,20,packages\datadog-metrics\test\aggregators_tests.js,1,383
528,MemberExpression,nan,-1,-1,-1,27,8,27,40,packages\datadog-metrics\test\aggregators_tests.js,1,384
529,MemberExpression,nan,-1,-1,-1,32,21,32,34,packages\datadog-metrics\test\aggregators_tests.js,1,385
532,ArrayExpression,nan,-1,-1,-1,32,49,32,59,packages\datadog-metrics\test\aggregators_tests.js,1,386
534,MemberExpression,nan,-1,-1,-1,32,8,32,20,packages\datadog-metrics\test\aggregators_tests.js,1,387
535,MemberExpression,nan,-1,-1,-1,33,21,33,34,packages\datadog-metrics\test\aggregators_tests.js,1,388
538,ArrayExpression,nan,-1,-1,-1,33,49,33,59,packages\datadog-metrics\test\aggregators_tests.js,1,389
540,MemberExpression,nan,-1,-1,-1,33,8,33,20,packages\datadog-metrics\test\aggregators_tests.js,1,390
542,MemberExpression,nan,-1,-1,-1,34,8,34,40,packages\datadog-metrics\test\aggregators_tests.js,1,391
543,MemberExpression,nan,-1,-1,-1,39,21,39,34,packages\datadog-metrics\test\aggregators_tests.js,1,392
546,ArrayExpression,nan,-1,-1,-1,39,49,39,58,packages\datadog-metrics\test\aggregators_tests.js,1,393
548,MemberExpression,nan,-1,-1,-1,39,8,39,20,packages\datadog-metrics\test\aggregators_tests.js,1,394
550,MemberExpression,nan,-1,-1,-1,40,8,40,40,packages\datadog-metrics\test\aggregators_tests.js,1,395
552,MemberExpression,nan,-1,-1,-1,41,8,41,40,packages\datadog-metrics\test\aggregators_tests.js,1,396
553,MemberExpression,nan,-1,-1,-1,46,21,46,36,packages\datadog-metrics\test\aggregators_tests.js,1,397
556,ArrayExpression,nan,-1,-1,-1,46,55,46,64,packages\datadog-metrics\test\aggregators_tests.js,1,398
558,MemberExpression,nan,-1,-1,-1,46,8,46,20,packages\datadog-metrics\test\aggregators_tests.js,1,399
559,MemberExpression,nan,-1,-1,-1,47,21,47,36,packages\datadog-metrics\test\aggregators_tests.js,1,400
562,ArrayExpression,nan,-1,-1,-1,47,55,47,64,packages\datadog-metrics\test\aggregators_tests.js,1,401
564,MemberExpression,nan,-1,-1,-1,47,8,47,20,packages\datadog-metrics\test\aggregators_tests.js,1,402
566,MemberExpression,nan,-1,-1,-1,49,8,49,30,packages\datadog-metrics\test\aggregators_tests.js,1,403
569,MemberExpression,nan,-1,-1,-1,50,8,50,40,packages\datadog-metrics\test\aggregators_tests.js,1,404
571,MemberExpression,nan,-1,-1,-1,51,8,51,40,packages\datadog-metrics\test\aggregators_tests.js,1,405
572,MemberExpression,nan,-1,-1,-1,56,21,56,36,packages\datadog-metrics\test\aggregators_tests.js,1,406
575,ArrayExpression,nan,-1,-1,-1,56,55,56,65,packages\datadog-metrics\test\aggregators_tests.js,1,407
577,MemberExpression,nan,-1,-1,-1,56,8,56,20,packages\datadog-metrics\test\aggregators_tests.js,1,408
578,MemberExpression,nan,-1,-1,-1,57,21,57,36,packages\datadog-metrics\test\aggregators_tests.js,1,409
581,ArrayExpression,nan,-1,-1,-1,57,55,57,65,packages\datadog-metrics\test\aggregators_tests.js,1,410
583,MemberExpression,nan,-1,-1,-1,57,8,57,20,packages\datadog-metrics\test\aggregators_tests.js,1,411
585,MemberExpression,nan,-1,-1,-1,59,8,59,30,packages\datadog-metrics\test\aggregators_tests.js,1,412
588,MemberExpression,nan,-1,-1,-1,60,8,60,40,packages\datadog-metrics\test\aggregators_tests.js,1,413
591,MemberExpression,nan,-1,-1,-1,61,8,61,40,packages\datadog-metrics\test\aggregators_tests.js,1,414
592,MemberExpression,nan,-1,-1,-1,66,21,66,34,packages\datadog-metrics\test\aggregators_tests.js,1,415
597,MemberExpression,nan,-1,-1,-1,66,8,66,20,packages\datadog-metrics\test\aggregators_tests.js,1,416
598,MemberExpression,nan,-1,-1,-1,67,21,67,34,packages\datadog-metrics\test\aggregators_tests.js,1,417
601,Identifier,undefined,-1,-1,-1,67,52,67,61,packages\datadog-metrics\test\aggregators_tests.js,1,418
603,MemberExpression,nan,-1,-1,-1,67,8,67,20,packages\datadog-metrics\test\aggregators_tests.js,1,419
604,MemberExpression,nan,-1,-1,-1,68,21,68,34,packages\datadog-metrics\test\aggregators_tests.js,1,420
607,ArrayExpression,nan,-1,-1,-1,68,52,68,54,packages\datadog-metrics\test\aggregators_tests.js,1,421
609,MemberExpression,nan,-1,-1,-1,68,8,68,20,packages\datadog-metrics\test\aggregators_tests.js,1,422
611,MemberExpression,nan,-1,-1,-1,70,8,70,30,packages\datadog-metrics\test\aggregators_tests.js,1,423
614,MemberExpression,nan,-1,-1,-1,71,8,71,40,packages\datadog-metrics\test\aggregators_tests.js,1,424
615,MemberExpression,nan,-1,-1,-1,76,21,76,34,packages\datadog-metrics\test\aggregators_tests.js,1,425
618,ArrayExpression,nan,-1,-1,-1,76,48,76,66,packages\datadog-metrics\test\aggregators_tests.js,1,426
620,MemberExpression,nan,-1,-1,-1,76,8,76,20,packages\datadog-metrics\test\aggregators_tests.js,1,427
621,MemberExpression,nan,-1,-1,-1,77,21,77,34,packages\datadog-metrics\test\aggregators_tests.js,1,428
624,ArrayExpression,nan,-1,-1,-1,77,48,77,66,packages\datadog-metrics\test\aggregators_tests.js,1,429
626,MemberExpression,nan,-1,-1,-1,77,8,77,20,packages\datadog-metrics\test\aggregators_tests.js,1,430
628,MemberExpression,nan,-1,-1,-1,79,8,79,30,packages\datadog-metrics\test\aggregators_tests.js,1,431
631,MemberExpression,nan,-1,-1,-1,80,8,80,40,packages\datadog-metrics\test\aggregators_tests.js,1,432
632,MemberExpression,nan,-1,-1,-1,86,21,86,36,packages\datadog-metrics\test\aggregators_tests.js,1,433
635,ArrayExpression,nan,-1,-1,-1,86,55,86,65,packages\datadog-metrics\test\aggregators_tests.js,1,434
637,MemberExpression,nan,-1,-1,-1,86,8,86,20,packages\datadog-metrics\test\aggregators_tests.js,1,435
638,MemberExpression,nan,-1,-1,-1,87,21,87,36,packages\datadog-metrics\test\aggregators_tests.js,1,436
641,ArrayExpression,nan,-1,-1,-1,87,55,87,65,packages\datadog-metrics\test\aggregators_tests.js,1,437
643,MemberExpression,nan,-1,-1,-1,87,8,87,20,packages\datadog-metrics\test\aggregators_tests.js,1,438
645,MemberExpression,nan,-1,-1,-1,89,8,89,30,packages\datadog-metrics\test\aggregators_tests.js,1,439
646,ArrayExpression,nan,-1,-1,-1,90,29,90,53,packages\datadog-metrics\test\aggregators_tests.js,1,440
647,MemberExpression,nan,-1,-1,-1,90,8,90,28,packages\datadog-metrics\test\aggregators_tests.js,1,441
648,ArrayExpression,nan,-1,-1,-1,91,29,91,53,packages\datadog-metrics\test\aggregators_tests.js,1,442
649,MemberExpression,nan,-1,-1,-1,91,8,91,28,packages\datadog-metrics\test\aggregators_tests.js,1,443
650,MemberExpression,nan,-1,-1,-1,97,21,97,38,packages\datadog-metrics\test\aggregators_tests.js,1,444
653,ArrayExpression,nan,-1,-1,-1,97,57,97,67,packages\datadog-metrics\test\aggregators_tests.js,1,445
655,MemberExpression,nan,-1,-1,-1,97,8,97,20,packages\datadog-metrics\test\aggregators_tests.js,1,446
657,CallExpression,nan,1,-1,-1,101,12,101,61,packages\datadog-metrics\test\aggregators_tests.js,1,447
658,ArrayExpression,nan,-1,-1,-1,101,36,101,60,packages\datadog-metrics\test\aggregators_tests.js,1,448
659,MemberExpression,nan,-1,-1,-1,101,12,101,35,packages\datadog-metrics\test\aggregators_tests.js,1,449
660,Program,nan,-1,-1,-1,1,0,408,3,packages\datadog-metrics\test\loggers_tests.js,1,450
662,VariableDeclaration,nan,-1,-1,-1,3,0,3,29,packages\datadog-metrics\test\loggers_tests.js,1,451
666,VariableDeclaration,nan,-1,-1,-1,8,0,8,60,packages\datadog-metrics\test\loggers_tests.js,1,452
667,VariableDeclaration,nan,-1,-1,-1,9,0,9,53,packages\datadog-metrics\test\loggers_tests.js,1,453
668,ClassDeclaration,nan,-1,-1,-1,11,0,25,1,packages\datadog-metrics\test\loggers_tests.js,1,454
671,CallExpression,nan,1,-1,-1,4,0,4,32,packages\datadog-metrics\test\loggers_tests.js,1,455
672,CallExpression,nan,1,-1,-1,5,0,5,37,packages\datadog-metrics\test\loggers_tests.js,1,456
673,CallExpression,nan,0,-1,-1,7,0,7,13,packages\datadog-metrics\test\loggers_tests.js,1,457
674,Identifier,MockReporter,-1,-1,-1,11,6,11,18,packages\datadog-metrics\test\loggers_tests.js,1,458
675,ClassBody,nan,-1,-1,-1,11,19,25,1,packages\datadog-metrics\test\loggers_tests.js,1,459
676,CallExpression,nan,2,-1,-1,27,0,408,2,packages\datadog-metrics\test\loggers_tests.js,1,460
677,CallExpression,nan,1,-1,-1,4,9,4,31,packages\datadog-metrics\test\loggers_tests.js,1,461
678,MemberExpression,nan,-1,-1,-1,4,0,4,8,packages\datadog-metrics\test\loggers_tests.js,1,462
679,CallExpression,nan,1,-1,-1,5,9,5,36,packages\datadog-metrics\test\loggers_tests.js,1,463
680,MemberExpression,nan,-1,-1,-1,5,0,5,8,packages\datadog-metrics\test\loggers_tests.js,1,464
681,MemberExpression,nan,-1,-1,-1,7,0,7,11,packages\datadog-metrics\test\loggers_tests.js,1,465
682,MethodDefinition,nan,-1,-1,-1,12,4,15,5,packages\datadog-metrics\test\loggers_tests.js,1,466
683,MethodDefinition,nan,-1,-1,-1,17,4,24,5,packages\datadog-metrics\test\loggers_tests.js,1,467
685,FunctionExpression,nan,-1,0,0,27,34,408,1,packages\datadog-metrics\test\loggers_tests.js,1,468
686,Identifier,describe,-1,-1,-1,27,0,27,8,packages\datadog-metrics\test\loggers_tests.js,1,469
688,Identifier,require,-1,-1,-1,4,9,4,16,packages\datadog-metrics\test\loggers_tests.js,1,470
690,Identifier,require,-1,-1,-1,5,9,5,16,packages\datadog-metrics\test\loggers_tests.js,1,471
692,BlockStatement,nan,-1,-1,-1,27,45,408,1,packages\datadog-metrics\test\loggers_tests.js,1,472
693,VariableDeclaration,nan,-1,-1,-1,28,4,28,22,packages\datadog-metrics\test\loggers_tests.js,1,473
694,VariableDeclaration,nan,-1,-1,-1,29,4,29,23,packages\datadog-metrics\test\loggers_tests.js,1,474
695,VariableDeclaration,nan,-1,-1,-1,30,4,30,38,packages\datadog-metrics\test\loggers_tests.js,1,475
696,VariableDeclaration,nan,-1,-1,-1,31,4,31,40,packages\datadog-metrics\test\loggers_tests.js,1,476
713,CallExpression,nan,1,-1,-1,33,4,36,6,packages\datadog-metrics\test\loggers_tests.js,1,477
714,CallExpression,nan,1,-1,-1,38,4,43,6,packages\datadog-metrics\test\loggers_tests.js,1,478
715,CallExpression,nan,2,-1,-1,45,4,58,6,packages\datadog-metrics\test\loggers_tests.js,1,479
716,CallExpression,nan,2,-1,-1,60,4,98,6,packages\datadog-metrics\test\loggers_tests.js,1,480
717,CallExpression,nan,2,-1,-1,100,4,113,6,packages\datadog-metrics\test\loggers_tests.js,1,481
718,CallExpression,nan,2,-1,-1,115,4,130,6,packages\datadog-metrics\test\loggers_tests.js,1,482
719,CallExpression,nan,2,-1,-1,132,4,155,6,packages\datadog-metrics\test\loggers_tests.js,1,483
720,CallExpression,nan,2,-1,-1,157,4,170,6,packages\datadog-metrics\test\loggers_tests.js,1,484
721,CallExpression,nan,2,-1,-1,172,4,185,6,packages\datadog-metrics\test\loggers_tests.js,1,485
722,CallExpression,nan,2,-1,-1,187,4,193,6,packages\datadog-metrics\test\loggers_tests.js,1,486
723,CallExpression,nan,2,-1,-1,195,4,201,6,packages\datadog-metrics\test\loggers_tests.js,1,487
724,CallExpression,nan,2,-1,-1,203,4,209,6,packages\datadog-metrics\test\loggers_tests.js,1,488
725,CallExpression,nan,2,-1,-1,211,4,220,6,packages\datadog-metrics\test\loggers_tests.js,1,489
726,CallExpression,nan,2,-1,-1,222,4,314,6,packages\datadog-metrics\test\loggers_tests.js,1,490
727,CallExpression,nan,2,-1,-1,316,4,353,6,packages\datadog-metrics\test\loggers_tests.js,1,491
728,CallExpression,nan,2,-1,-1,355,4,407,6,packages\datadog-metrics\test\loggers_tests.js,1,492
729,ArrowFunctionExpression,nan,-1,0,0,33,20,36,5,packages\datadog-metrics\test\loggers_tests.js,1,493
730,MemberExpression,nan,-1,-1,-1,33,4,33,19,packages\datadog-metrics\test\loggers_tests.js,1,494
731,ArrowFunctionExpression,nan,-1,0,0,38,19,43,5,packages\datadog-metrics\test\loggers_tests.js,1,495
732,MemberExpression,nan,-1,-1,-1,38,4,38,18,packages\datadog-metrics\test\loggers_tests.js,1,496
734,FunctionExpression,nan,-1,0,0,45,39,58,5,packages\datadog-metrics\test\loggers_tests.js,1,497
735,Identifier,it,-1,-1,-1,45,4,45,6,packages\datadog-metrics\test\loggers_tests.js,1,498
737,FunctionExpression,nan,-1,0,0,60,44,98,5,packages\datadog-metrics\test\loggers_tests.js,1,499
738,Identifier,it,-1,-1,-1,60,4,60,6,packages\datadog-metrics\test\loggers_tests.js,1,500
740,FunctionExpression,nan,-1,0,0,100,43,113,5,packages\datadog-metrics\test\loggers_tests.js,1,501
741,Identifier,it,-1,-1,-1,100,4,100,6,packages\datadog-metrics\test\loggers_tests.js,1,502
743,FunctionExpression,nan,-1,0,0,115,56,130,5,packages\datadog-metrics\test\loggers_tests.js,1,503
744,Identifier,it,-1,-1,-1,115,4,115,6,packages\datadog-metrics\test\loggers_tests.js,1,504
746,FunctionExpression,nan,-1,0,0,132,48,155,5,packages\datadog-metrics\test\loggers_tests.js,1,505
747,Identifier,it,-1,-1,-1,132,4,132,6,packages\datadog-metrics\test\loggers_tests.js,1,506
749,FunctionExpression,nan,-1,0,0,157,46,170,5,packages\datadog-metrics\test\loggers_tests.js,1,507
750,Identifier,it,-1,-1,-1,157,4,157,6,packages\datadog-metrics\test\loggers_tests.js,1,508
752,FunctionExpression,nan,-1,0,0,172,52,185,5,packages\datadog-metrics\test\loggers_tests.js,1,509
753,Identifier,it,-1,-1,-1,172,4,172,6,packages\datadog-metrics\test\loggers_tests.js,1,510
755,FunctionExpression,nan,-1,0,0,187,44,193,5,packages\datadog-metrics\test\loggers_tests.js,1,511
756,Identifier,it,-1,-1,-1,187,4,187,6,packages\datadog-metrics\test\loggers_tests.js,1,512
758,FunctionExpression,nan,-1,0,0,195,36,201,5,packages\datadog-metrics\test\loggers_tests.js,1,513
759,Identifier,it,-1,-1,-1,195,4,195,6,packages\datadog-metrics\test\loggers_tests.js,1,514
761,FunctionExpression,nan,-1,0,0,203,54,209,5,packages\datadog-metrics\test\loggers_tests.js,1,515
762,Identifier,it,-1,-1,-1,203,4,203,6,packages\datadog-metrics\test\loggers_tests.js,1,516
764,FunctionExpression,nan,-1,0,0,211,51,220,5,packages\datadog-metrics\test\loggers_tests.js,1,517
765,Identifier,it,-1,-1,-1,211,4,211,6,packages\datadog-metrics\test\loggers_tests.js,1,518
767,FunctionExpression,nan,-1,0,0,222,24,314,5,packages\datadog-metrics\test\loggers_tests.js,1,519
768,Identifier,describe,-1,-1,-1,222,4,222,12,packages\datadog-metrics\test\loggers_tests.js,1,520
770,FunctionExpression,nan,-1,0,0,316,23,353,5,packages\datadog-metrics\test\loggers_tests.js,1,521
771,Identifier,describe,-1,-1,-1,316,4,316,12,packages\datadog-metrics\test\loggers_tests.js,1,522
773,FunctionExpression,nan,-1,0,0,355,45,407,5,packages\datadog-metrics\test\loggers_tests.js,1,523
774,Identifier,describe,-1,-1,-1,355,4,355,12,packages\datadog-metrics\test\loggers_tests.js,1,524
776,BlockStatement,nan,-1,-1,-1,33,26,36,5,packages\datadog-metrics\test\loggers_tests.js,1,525
778,BlockStatement,nan,-1,-1,-1,38,25,43,5,packages\datadog-metrics\test\loggers_tests.js,1,526
780,BlockStatement,nan,-1,-1,-1,45,50,58,5,packages\datadog-metrics\test\loggers_tests.js,1,527
782,BlockStatement,nan,-1,-1,-1,60,55,98,5,packages\datadog-metrics\test\loggers_tests.js,1,528
784,BlockStatement,nan,-1,-1,-1,100,54,113,5,packages\datadog-metrics\test\loggers_tests.js,1,529
786,BlockStatement,nan,-1,-1,-1,115,67,130,5,packages\datadog-metrics\test\loggers_tests.js,1,530
788,BlockStatement,nan,-1,-1,-1,132,59,155,5,packages\datadog-metrics\test\loggers_tests.js,1,531
790,BlockStatement,nan,-1,-1,-1,157,57,170,5,packages\datadog-metrics\test\loggers_tests.js,1,532
792,BlockStatement,nan,-1,-1,-1,172,63,185,5,packages\datadog-metrics\test\loggers_tests.js,1,533
794,BlockStatement,nan,-1,-1,-1,187,55,193,5,packages\datadog-metrics\test\loggers_tests.js,1,534
796,BlockStatement,nan,-1,-1,-1,195,47,201,5,packages\datadog-metrics\test\loggers_tests.js,1,535
798,BlockStatement,nan,-1,-1,-1,203,65,209,5,packages\datadog-metrics\test\loggers_tests.js,1,536
800,BlockStatement,nan,-1,-1,-1,211,62,220,5,packages\datadog-metrics\test\loggers_tests.js,1,537
802,BlockStatement,nan,-1,-1,-1,222,36,314,5,packages\datadog-metrics\test\loggers_tests.js,1,538
804,BlockStatement,nan,-1,-1,-1,316,35,353,5,packages\datadog-metrics\test\loggers_tests.js,1,539
806,BlockStatement,nan,-1,-1,-1,355,57,407,5,packages\datadog-metrics\test\loggers_tests.js,1,540
813,VariableDeclaration,nan,-1,-1,-1,46,8,48,11,packages\datadog-metrics\test\loggers_tests.js,1,541
816,VariableDeclaration,nan,-1,-1,-1,61,8,63,11,packages\datadog-metrics\test\loggers_tests.js,1,542
825,VariableDeclaration,nan,-1,-1,-1,101,8,103,11,packages\datadog-metrics\test\loggers_tests.js,1,543
828,VariableDeclaration,nan,-1,-1,-1,116,8,118,11,packages\datadog-metrics\test\loggers_tests.js,1,544
830,VariableDeclaration,nan,-1,-1,-1,123,8,123,39,packages\datadog-metrics\test\loggers_tests.js,1,545
831,VariableDeclaration,nan,-1,-1,-1,124,8,124,75,packages\datadog-metrics\test\loggers_tests.js,1,546
834,VariableDeclaration,nan,-1,-1,-1,133,8,139,11,packages\datadog-metrics\test\loggers_tests.js,1,547
836,VariableDeclaration,nan,-1,-1,-1,142,8,142,39,packages\datadog-metrics\test\loggers_tests.js,1,548
837,VariableDeclaration,nan,-1,-1,-1,143,8,143,75,packages\datadog-metrics\test\loggers_tests.js,1,549
840,VariableDeclaration,nan,-1,-1,-1,149,8,149,78,packages\datadog-metrics\test\loggers_tests.js,1,550
843,VariableDeclaration,nan,-1,-1,-1,158,8,161,11,packages\datadog-metrics\test\loggers_tests.js,1,551
848,VariableDeclaration,nan,-1,-1,-1,173,8,176,11,packages\datadog-metrics\test\loggers_tests.js,1,552
853,VariableDeclaration,nan,-1,-1,-1,188,8,191,11,packages\datadog-metrics\test\loggers_tests.js,1,553
855,VariableDeclaration,nan,-1,-1,-1,196,8,199,11,packages\datadog-metrics\test\loggers_tests.js,1,554
857,VariableDeclaration,nan,-1,-1,-1,204,8,207,11,packages\datadog-metrics\test\loggers_tests.js,1,555
859,VariableDeclaration,nan,-1,-1,-1,212,8,215,11,packages\datadog-metrics\test\loggers_tests.js,1,556
861,VariableDeclaration,nan,-1,-1,-1,218,8,218,79,packages\datadog-metrics\test\loggers_tests.js,1,557
863,VariableDeclaration,nan,-1,-1,-1,223,8,223,21,packages\datadog-metrics\test\loggers_tests.js,1,558
864,FunctionDeclaration,nan,-1,0,0,225,8,293,9,packages\datadog-metrics\test\loggers_tests.js,1,559
877,AssignmentExpression,nan,-1,-1,-1,34,8,34,55,packages\datadog-metrics\test\loggers_tests.js,1,560
878,AssignmentExpression,nan,-1,-1,-1,35,8,35,57,packages\datadog-metrics\test\loggers_tests.js,1,561
879,AssignmentExpression,nan,-1,-1,-1,39,8,39,35,packages\datadog-metrics\test\loggers_tests.js,1,562
880,AssignmentExpression,nan,-1,-1,-1,40,8,40,37,packages\datadog-metrics\test\loggers_tests.js,1,563
881,AssignmentExpression,nan,-1,-1,-1,41,8,41,21,packages\datadog-metrics\test\loggers_tests.js,1,564
882,AssignmentExpression,nan,-1,-1,-1,42,8,42,22,packages\datadog-metrics\test\loggers_tests.js,1,565
883,AssignmentExpression,nan,-1,-1,-1,49,8,56,9,packages\datadog-metrics\test\loggers_tests.js,1,566
884,CallExpression,nan,4,-1,-1,57,8,57,54,packages\datadog-metrics\test\loggers_tests.js,1,567
885,AssignmentExpression,nan,-1,-1,-1,65,8,70,9,packages\datadog-metrics\test\loggers_tests.js,1,568
886,CallExpression,nan,1,-1,-1,71,8,71,35,packages\datadog-metrics\test\loggers_tests.js,1,569
887,AssignmentExpression,nan,-1,-1,-1,73,8,78,9,packages\datadog-metrics\test\loggers_tests.js,1,570
888,CallExpression,nan,2,-1,-1,79,8,79,39,packages\datadog-metrics\test\loggers_tests.js,1,571
889,AssignmentExpression,nan,-1,-1,-1,81,8,86,9,packages\datadog-metrics\test\loggers_tests.js,1,572
890,CallExpression,nan,2,-1,-1,87,8,87,42,packages\datadog-metrics\test\loggers_tests.js,1,573
891,AssignmentExpression,nan,-1,-1,-1,89,8,96,9,packages\datadog-metrics\test\loggers_tests.js,1,574
892,CallExpression,nan,4,-1,-1,97,8,97,68,packages\datadog-metrics\test\loggers_tests.js,1,575
893,AssignmentExpression,nan,-1,-1,-1,104,8,111,9,packages\datadog-metrics\test\loggers_tests.js,1,576
894,CallExpression,nan,4,-1,-1,112,8,112,62,packages\datadog-metrics\test\loggers_tests.js,1,577
895,CallExpression,nan,5,-1,-1,119,8,121,10,packages\datadog-metrics\test\loggers_tests.js,1,578
896,CallExpression,nan,1,-1,-1,125,8,125,43,packages\datadog-metrics\test\loggers_tests.js,1,579
897,CallExpression,nan,2,-1,-1,126,8,129,9,packages\datadog-metrics\test\loggers_tests.js,1,580
898,CallExpression,nan,2,-1,-1,140,8,140,41,packages\datadog-metrics\test\loggers_tests.js,1,581
899,CallExpression,nan,1,-1,-1,144,8,144,43,packages\datadog-metrics\test\loggers_tests.js,1,582
900,CallExpression,nan,2,-1,-1,145,8,148,9,packages\datadog-metrics\test\loggers_tests.js,1,583
901,CallExpression,nan,1,-1,-1,150,8,150,40,packages\datadog-metrics\test\loggers_tests.js,1,584
902,CallExpression,nan,2,-1,-1,151,8,154,9,packages\datadog-metrics\test\loggers_tests.js,1,585
903,AssignmentExpression,nan,-1,-1,-1,162,8,166,9,packages\datadog-metrics\test\loggers_tests.js,1,586
904,CallExpression,nan,2,-1,-1,167,8,167,33,packages\datadog-metrics\test\loggers_tests.js,1,587
905,CallExpression,nan,2,-1,-1,168,8,168,39,packages\datadog-metrics\test\loggers_tests.js,1,588
906,CallExpression,nan,2,-1,-1,169,8,169,41,packages\datadog-metrics\test\loggers_tests.js,1,589
907,AssignmentExpression,nan,-1,-1,-1,177,8,181,9,packages\datadog-metrics\test\loggers_tests.js,1,590
908,CallExpression,nan,2,-1,-1,182,8,182,33,packages\datadog-metrics\test\loggers_tests.js,1,591
909,CallExpression,nan,2,-1,-1,183,8,183,39,packages\datadog-metrics\test\loggers_tests.js,1,592
910,CallExpression,nan,2,-1,-1,184,8,184,41,packages\datadog-metrics\test\loggers_tests.js,1,593
911,CallExpression,nan,1,-1,-1,192,8,192,66,packages\datadog-metrics\test\loggers_tests.js,1,594
912,CallExpression,nan,2,-1,-1,200,8,200,63,packages\datadog-metrics\test\loggers_tests.js,1,595
913,CallExpression,nan,2,-1,-1,208,8,208,63,packages\datadog-metrics\test\loggers_tests.js,1,596
914,CallExpression,nan,2,-1,-1,216,8,216,63,packages\datadog-metrics\test\loggers_tests.js,1,597
915,CallExpression,nan,1,-1,-1,219,8,219,47,packages\datadog-metrics\test\loggers_tests.js,1,598
916,Identifier,standardFlushTests,-1,-1,-1,225,17,225,35,packages\datadog-metrics\test\loggers_tests.js,1,599
918,BlockStatement,nan,-1,-1,-1,225,38,293,9,packages\datadog-metrics\test\loggers_tests.js,1,600
919,CallExpression,nan,2,-1,-1,295,8,301,10,packages\datadog-metrics\test\loggers_tests.js,1,601
920,CallExpression,nan,2,-1,-1,303,8,313,10,packages\datadog-metrics\test\loggers_tests.js,1,602
921,CallExpression,nan,1,-1,-1,317,8,324,10,packages\datadog-metrics\test\loggers_tests.js,1,603
922,CallExpression,nan,2,-1,-1,326,8,330,10,packages\datadog-metrics\test\loggers_tests.js,1,604
923,CallExpression,nan,2,-1,-1,332,8,336,10,packages\datadog-metrics\test\loggers_tests.js,1,605
924,CallExpression,nan,2,-1,-1,338,8,344,10,packages\datadog-metrics\test\loggers_tests.js,1,606
925,CallExpression,nan,2,-1,-1,346,8,352,10,packages\datadog-metrics\test\loggers_tests.js,1,607
926,CallExpression,nan,1,-1,-1,356,8,358,10,packages\datadog-metrics\test\loggers_tests.js,1,608
927,CallExpression,nan,2,-1,-1,360,8,370,10,packages\datadog-metrics\test\loggers_tests.js,1,609
928,CallExpression,nan,2,-1,-1,372,8,382,10,packages\datadog-metrics\test\loggers_tests.js,1,610
929,CallExpression,nan,2,-1,-1,384,8,397,10,packages\datadog-metrics\test\loggers_tests.js,1,611
930,CallExpression,nan,2,-1,-1,399,8,406,10,packages\datadog-metrics\test\loggers_tests.js,1,612
931,MemberExpression,nan,-1,-1,-1,34,8,34,20,packages\datadog-metrics\test\loggers_tests.js,1,613
932,ArrowFunctionExpression,nan,-1,1,0,34,23,34,55,packages\datadog-metrics\test\loggers_tests.js,1,614
933,MemberExpression,nan,-1,-1,-1,35,8,35,21,packages\datadog-metrics\test\loggers_tests.js,1,615
934,ArrowFunctionExpression,nan,-1,1,0,35,24,35,57,packages\datadog-metrics\test\loggers_tests.js,1,616
935,MemberExpression,nan,-1,-1,-1,39,8,39,20,packages\datadog-metrics\test\loggers_tests.js,1,617
936,Identifier,originalWarn,-1,-1,-1,39,23,39,35,packages\datadog-metrics\test\loggers_tests.js,1,618
937,MemberExpression,nan,-1,-1,-1,40,8,40,21,packages\datadog-metrics\test\loggers_tests.js,1,619
938,Identifier,originalError,-1,-1,-1,40,24,40,37,packages\datadog-metrics\test\loggers_tests.js,1,620
939,Identifier,warnLogs,-1,-1,-1,41,8,41,16,packages\datadog-metrics\test\loggers_tests.js,1,621
940,ArrayExpression,nan,-1,-1,-1,41,19,41,21,packages\datadog-metrics\test\loggers_tests.js,1,622
941,Identifier,errorLogs,-1,-1,-1,42,8,42,17,packages\datadog-metrics\test\loggers_tests.js,1,623
942,ArrayExpression,nan,-1,-1,-1,42,20,42,22,packages\datadog-metrics\test\loggers_tests.js,1,624
943,MemberExpression,nan,-1,-1,-1,49,8,49,20,packages\datadog-metrics\test\loggers_tests.js,1,625
944,ObjectExpression,nan,-1,-1,-1,49,23,56,9,packages\datadog-metrics\test\loggers_tests.js,1,626
947,ArrayExpression,nan,-1,-1,-1,57,34,57,41,packages\datadog-metrics\test\loggers_tests.js,1,627
949,MemberExpression,nan,-1,-1,-1,57,8,57,15,packages\datadog-metrics\test\loggers_tests.js,1,628
950,MemberExpression,nan,-1,-1,-1,65,8,65,20,packages\datadog-metrics\test\loggers_tests.js,1,629
951,ObjectExpression,nan,-1,-1,-1,65,23,70,9,packages\datadog-metrics\test\loggers_tests.js,1,630
953,MemberExpression,nan,-1,-1,-1,71,8,71,19,packages\datadog-metrics\test\loggers_tests.js,1,631
954,MemberExpression,nan,-1,-1,-1,73,8,73,20,packages\datadog-metrics\test\loggers_tests.js,1,632
955,ObjectExpression,nan,-1,-1,-1,73,23,78,9,packages\datadog-metrics\test\loggers_tests.js,1,633
958,MemberExpression,nan,-1,-1,-1,79,8,79,19,packages\datadog-metrics\test\loggers_tests.js,1,634
959,MemberExpression,nan,-1,-1,-1,81,8,81,20,packages\datadog-metrics\test\loggers_tests.js,1,635
960,ObjectExpression,nan,-1,-1,-1,81,23,86,9,packages\datadog-metrics\test\loggers_tests.js,1,636
963,MemberExpression,nan,-1,-1,-1,87,8,87,19,packages\datadog-metrics\test\loggers_tests.js,1,637
964,MemberExpression,nan,-1,-1,-1,89,8,89,20,packages\datadog-metrics\test\loggers_tests.js,1,638
965,ObjectExpression,nan,-1,-1,-1,89,23,96,9,packages\datadog-metrics\test\loggers_tests.js,1,639
968,ArrayExpression,nan,-1,-1,-1,97,41,97,55,packages\datadog-metrics\test\loggers_tests.js,1,640
970,MemberExpression,nan,-1,-1,-1,97,8,97,19,packages\datadog-metrics\test\loggers_tests.js,1,641
971,MemberExpression,nan,-1,-1,-1,104,8,104,20,packages\datadog-metrics\test\loggers_tests.js,1,642
972,ObjectExpression,nan,-1,-1,-1,104,23,111,9,packages\datadog-metrics\test\loggers_tests.js,1,643
975,ArrayExpression,nan,-1,-1,-1,112,42,112,49,packages\datadog-metrics\test\loggers_tests.js,1,644
977,MemberExpression,nan,-1,-1,-1,112,8,112,19,packages\datadog-metrics\test\loggers_tests.js,1,645
980,ArrayExpression,nan,-1,-1,-1,119,42,119,49,packages\datadog-metrics\test\loggers_tests.js,1,646
982,ObjectExpression,nan,-1,-1,-1,119,63,121,9,packages\datadog-metrics\test\loggers_tests.js,1,647
983,MemberExpression,nan,-1,-1,-1,119,8,119,19,packages\datadog-metrics\test\loggers_tests.js,1,648
985,MemberExpression,nan,-1,-1,-1,125,8,125,40,packages\datadog-metrics\test\loggers_tests.js,1,649
988,MemberExpression,nan,-1,-1,-1,126,8,126,47,packages\datadog-metrics\test\loggers_tests.js,1,650
991,MemberExpression,nan,-1,-1,-1,140,8,140,19,packages\datadog-metrics\test\loggers_tests.js,1,651
993,MemberExpression,nan,-1,-1,-1,144,8,144,40,packages\datadog-metrics\test\loggers_tests.js,1,652
996,MemberExpression,nan,-1,-1,-1,145,8,145,47,packages\datadog-metrics\test\loggers_tests.js,1,653
998,MemberExpression,nan,-1,-1,-1,150,8,150,37,packages\datadog-metrics\test\loggers_tests.js,1,654
1001,MemberExpression,nan,-1,-1,-1,151,8,151,46,packages\datadog-metrics\test\loggers_tests.js,1,655
1002,MemberExpression,nan,-1,-1,-1,162,8,162,20,packages\datadog-metrics\test\loggers_tests.js,1,656
1003,ObjectExpression,nan,-1,-1,-1,162,23,166,9,packages\datadog-metrics\test\loggers_tests.js,1,657
1006,MemberExpression,nan,-1,-1,-1,167,8,167,15,packages\datadog-metrics\test\loggers_tests.js,1,658
1009,MemberExpression,nan,-1,-1,-1,168,8,168,19,packages\datadog-metrics\test\loggers_tests.js,1,659
1012,MemberExpression,nan,-1,-1,-1,169,8,169,19,packages\datadog-metrics\test\loggers_tests.js,1,660
1013,MemberExpression,nan,-1,-1,-1,177,8,177,20,packages\datadog-metrics\test\loggers_tests.js,1,661
1014,ObjectExpression,nan,-1,-1,-1,177,23,181,9,packages\datadog-metrics\test\loggers_tests.js,1,662
1017,MemberExpression,nan,-1,-1,-1,182,8,182,15,packages\datadog-metrics\test\loggers_tests.js,1,663
1020,MemberExpression,nan,-1,-1,-1,183,8,183,19,packages\datadog-metrics\test\loggers_tests.js,1,664
1023,MemberExpression,nan,-1,-1,-1,184,8,184,19,packages\datadog-metrics\test\loggers_tests.js,1,665
1024,ArrayExpression,nan,-1,-1,-1,192,51,192,65,packages\datadog-metrics\test\loggers_tests.js,1,666
1025,MemberExpression,nan,-1,-1,-1,192,8,192,50,packages\datadog-metrics\test\loggers_tests.js,1,667
1028,MemberExpression,nan,-1,-1,-1,200,8,200,39,packages\datadog-metrics\test\loggers_tests.js,1,668
1031,MemberExpression,nan,-1,-1,-1,208,8,208,39,packages\datadog-metrics\test\loggers_tests.js,1,669
1034,MemberExpression,nan,-1,-1,-1,216,8,216,39,packages\datadog-metrics\test\loggers_tests.js,1,670
1036,MemberExpression,nan,-1,-1,-1,219,8,219,44,packages\datadog-metrics\test\loggers_tests.js,1,671
1037,VariableDeclaration,nan,-1,-1,-1,226,12,226,23,packages\datadog-metrics\test\loggers_tests.js,1,672
1042,FunctionExpression,nan,-1,0,0,295,50,301,9,packages\datadog-metrics\test\loggers_tests.js,1,673
1043,Identifier,describe,-1,-1,-1,295,8,295,16,packages\datadog-metrics\test\loggers_tests.js,1,674
1045,FunctionExpression,nan,-1,0,0,303,64,313,9,packages\datadog-metrics\test\loggers_tests.js,1,675
1046,Identifier,describe,-1,-1,-1,303,8,303,16,packages\datadog-metrics\test\loggers_tests.js,1,676
1047,FunctionExpression,nan,-1,0,0,317,19,324,9,packages\datadog-metrics\test\loggers_tests.js,1,677
1048,Identifier,beforeEach,-1,-1,-1,317,8,317,18,packages\datadog-metrics\test\loggers_tests.js,1,678
1050,FunctionExpression,nan,-1,0,0,326,33,330,9,packages\datadog-metrics\test\loggers_tests.js,1,679
1051,Identifier,it,-1,-1,-1,326,8,326,10,packages\datadog-metrics\test\loggers_tests.js,1,680
1053,FunctionExpression,nan,-1,0,0,332,47,336,9,packages\datadog-metrics\test\loggers_tests.js,1,681
1054,Identifier,it,-1,-1,-1,332,8,332,10,packages\datadog-metrics\test\loggers_tests.js,1,682
1056,FunctionExpression,nan,-1,0,0,338,34,344,9,packages\datadog-metrics\test\loggers_tests.js,1,683
1057,Identifier,it,-1,-1,-1,338,8,338,10,packages\datadog-metrics\test\loggers_tests.js,1,684
1059,FunctionExpression,nan,-1,0,0,346,42,352,9,packages\datadog-metrics\test\loggers_tests.js,1,685
1060,Identifier,it,-1,-1,-1,346,8,346,10,packages\datadog-metrics\test\loggers_tests.js,1,686
1061,FunctionExpression,nan,-1,0,0,356,19,358,9,packages\datadog-metrics\test\loggers_tests.js,1,687
1062,Identifier,beforeEach,-1,-1,-1,356,8,356,18,packages\datadog-metrics\test\loggers_tests.js,1,688
1064,FunctionExpression,nan,-1,0,0,360,60,370,9,packages\datadog-metrics\test\loggers_tests.js,1,689
1065,Identifier,it,-1,-1,-1,360,8,360,10,packages\datadog-metrics\test\loggers_tests.js,1,690
1067,FunctionExpression,nan,-1,0,0,372,54,382,9,packages\datadog-metrics\test\loggers_tests.js,1,691
1068,Identifier,it,-1,-1,-1,372,8,372,10,packages\datadog-metrics\test\loggers_tests.js,1,692
1070,FunctionExpression,nan,-1,0,0,384,46,397,9,packages\datadog-metrics\test\loggers_tests.js,1,693
1071,Identifier,it,-1,-1,-1,384,8,384,10,packages\datadog-metrics\test\loggers_tests.js,1,694
1073,FunctionExpression,nan,-1,0,0,399,48,406,9,packages\datadog-metrics\test\loggers_tests.js,1,695
1074,Identifier,it,-1,-1,-1,399,8,399,10,packages\datadog-metrics\test\loggers_tests.js,1,696
1075,RestElement,nan,1,-1,-1,34,24,34,31,packages\datadog-metrics\test\loggers_tests.js,1,697
1077,CallExpression,nan,1,-1,-1,34,36,34,55,packages\datadog-metrics\test\loggers_tests.js,1,698
1078,RestElement,nan,1,-1,-1,35,25,35,32,packages\datadog-metrics\test\loggers_tests.js,1,699
1080,CallExpression,nan,1,-1,-1,35,37,35,57,packages\datadog-metrics\test\loggers_tests.js,1,700
1081,CallExpression,nan,1,-1,-1,228,12,231,14,packages\datadog-metrics\test\loggers_tests.js,1,701
1082,CallExpression,nan,2,-1,-1,233,12,244,14,packages\datadog-metrics\test\loggers_tests.js,1,702
1083,CallExpression,nan,2,-1,-1,246,12,292,14,packages\datadog-metrics\test\loggers_tests.js,1,703
1085,BlockStatement,nan,-1,-1,-1,295,61,301,9,packages\datadog-metrics\test\loggers_tests.js,1,704
1087,BlockStatement,nan,-1,-1,-1,303,75,313,9,packages\datadog-metrics\test\loggers_tests.js,1,705
1089,BlockStatement,nan,-1,-1,-1,317,31,324,9,packages\datadog-metrics\test\loggers_tests.js,1,706
1091,BlockStatement,nan,-1,-1,-1,326,51,330,9,packages\datadog-metrics\test\loggers_tests.js,1,707
1093,BlockStatement,nan,-1,-1,-1,332,65,336,9,packages\datadog-metrics\test\loggers_tests.js,1,708
1095,BlockStatement,nan,-1,-1,-1,338,52,344,9,packages\datadog-metrics\test\loggers_tests.js,1,709
1097,BlockStatement,nan,-1,-1,-1,346,60,352,9,packages\datadog-metrics\test\loggers_tests.js,1,710
1099,BlockStatement,nan,-1,-1,-1,356,31,358,9,packages\datadog-metrics\test\loggers_tests.js,1,711
1101,BlockStatement,nan,-1,-1,-1,360,78,370,9,packages\datadog-metrics\test\loggers_tests.js,1,712
1103,BlockStatement,nan,-1,-1,-1,372,72,382,9,packages\datadog-metrics\test\loggers_tests.js,1,713
1105,BlockStatement,nan,-1,-1,-1,384,64,397,9,packages\datadog-metrics\test\loggers_tests.js,1,714
1107,BlockStatement,nan,-1,-1,-1,399,66,406,9,packages\datadog-metrics\test\loggers_tests.js,1,715
1108,Identifier,args,-1,-1,-1,34,27,34,31,packages\datadog-metrics\test\loggers_tests.js,1,716
1109,Identifier,args,-1,-1,-1,34,50,34,54,packages\datadog-metrics\test\loggers_tests.js,1,717
1110,MemberExpression,nan,-1,-1,-1,34,36,34,49,packages\datadog-metrics\test\loggers_tests.js,1,718
1111,Identifier,args,-1,-1,-1,35,28,35,32,packages\datadog-metrics\test\loggers_tests.js,1,719
1112,Identifier,args,-1,-1,-1,35,52,35,56,packages\datadog-metrics\test\loggers_tests.js,1,720
1113,MemberExpression,nan,-1,-1,-1,35,37,35,51,packages\datadog-metrics\test\loggers_tests.js,1,721
1114,FunctionExpression,nan,-1,0,0,228,23,231,13,packages\datadog-metrics\test\loggers_tests.js,1,722
1115,Identifier,beforeEach,-1,-1,-1,228,12,228,22,packages\datadog-metrics\test\loggers_tests.js,1,723
1117,FunctionExpression,nan,-1,0,0,233,35,244,13,packages\datadog-metrics\test\loggers_tests.js,1,724
1118,Identifier,describe,-1,-1,-1,233,12,233,20,packages\datadog-metrics\test\loggers_tests.js,1,725
1120,FunctionExpression,nan,-1,0,0,246,33,292,13,packages\datadog-metrics\test\loggers_tests.js,1,726
1121,Identifier,describe,-1,-1,-1,246,12,246,20,packages\datadog-metrics\test\loggers_tests.js,1,727
1163,BlockStatement,nan,-1,-1,-1,228,35,231,13,packages\datadog-metrics\test\loggers_tests.js,1,728
1165,BlockStatement,nan,-1,-1,-1,233,47,244,13,packages\datadog-metrics\test\loggers_tests.js,1,729
1167,BlockStatement,nan,-1,-1,-1,246,45,292,13,packages\datadog-metrics\test\loggers_tests.js,1,730
1168,CallExpression,nan,1,-1,-1,296,12,298,14,packages\datadog-metrics\test\loggers_tests.js,1,731
1169,CallExpression,nan,0,-1,-1,300,12,300,32,packages\datadog-metrics\test\loggers_tests.js,1,732
1170,CallExpression,nan,1,-1,-1,304,12,310,14,packages\datadog-metrics\test\loggers_tests.js,1,733
1171,CallExpression,nan,0,-1,-1,312,12,312,32,packages\datadog-metrics\test\loggers_tests.js,1,734
1172,AssignmentExpression,nan,-1,-1,-1,318,12,318,46,packages\datadog-metrics\test\loggers_tests.js,1,735
1173,AssignmentExpression,nan,-1,-1,-1,319,12,322,14,packages\datadog-metrics\test\loggers_tests.js,1,736
1174,CallExpression,nan,2,-1,-1,323,12,323,47,packages\datadog-metrics\test\loggers_tests.js,1,737
1175,CallExpression,nan,1,-1,-1,327,12,327,55,packages\datadog-metrics\test\loggers_tests.js,1,738
1176,AwaitExpression,nan,1,-1,-1,328,12,328,36,packages\datadog-metrics\test\loggers_tests.js,1,739
1177,CallExpression,nan,1,-1,-1,329,12,329,55,packages\datadog-metrics\test\loggers_tests.js,1,740
1178,CallExpression,nan,1,-1,-1,333,12,333,55,packages\datadog-metrics\test\loggers_tests.js,1,741
1179,AwaitExpression,nan,1,-1,-1,334,12,334,52,packages\datadog-metrics\test\loggers_tests.js,1,742
1180,CallExpression,nan,1,-1,-1,335,12,335,55,packages\datadog-metrics\test\loggers_tests.js,1,743
1181,AwaitExpression,nan,1,-1,-1,339,12,339,52,packages\datadog-metrics\test\loggers_tests.js,1,744
1182,CallExpression,nan,1,-1,-1,340,12,340,55,packages\datadog-metrics\test\loggers_tests.js,1,745
1183,AwaitExpression,nan,1,-1,-1,342,12,342,54,packages\datadog-metrics\test\loggers_tests.js,1,746
1184,CallExpression,nan,1,-1,-1,343,12,343,55,packages\datadog-metrics\test\loggers_tests.js,1,747
1185,AwaitExpression,nan,1,-1,-1,347,12,347,52,packages\datadog-metrics\test\loggers_tests.js,1,748
1186,CallExpression,nan,1,-1,-1,348,12,348,55,packages\datadog-metrics\test\loggers_tests.js,1,749
1187,CallExpression,nan,2,-1,-1,350,12,350,41,packages\datadog-metrics\test\loggers_tests.js,1,750
1188,CallExpression,nan,1,-1,-1,351,12,351,55,packages\datadog-metrics\test\loggers_tests.js,1,751
1189,AssignmentExpression,nan,-1,-1,-1,357,12,357,46,packages\datadog-metrics\test\loggers_tests.js,1,752
1190,AssignmentExpression,nan,-1,-1,-1,361,12,364,14,packages\datadog-metrics\test\loggers_tests.js,1,753
1191,CallExpression,nan,2,-1,-1,365,12,365,47,packages\datadog-metrics\test\loggers_tests.js,1,754
1192,CallExpression,nan,1,-1,-1,367,12,367,55,packages\datadog-metrics\test\loggers_tests.js,1,755
1193,AwaitExpression,nan,1,-1,-1,368,12,368,54,packages\datadog-metrics\test\loggers_tests.js,1,756
1194,CallExpression,nan,1,-1,-1,369,12,369,55,packages\datadog-metrics\test\loggers_tests.js,1,757
1195,AssignmentExpression,nan,-1,-1,-1,373,12,376,14,packages\datadog-metrics\test\loggers_tests.js,1,758
1196,CallExpression,nan,2,-1,-1,377,12,377,47,packages\datadog-metrics\test\loggers_tests.js,1,759
1197,CallExpression,nan,1,-1,-1,379,12,379,55,packages\datadog-metrics\test\loggers_tests.js,1,760
1198,CallExpression,nan,2,-1,-1,380,12,380,41,packages\datadog-metrics\test\loggers_tests.js,1,761
1199,CallExpression,nan,1,-1,-1,381,12,381,55,packages\datadog-metrics\test\loggers_tests.js,1,762
1200,AssignmentExpression,nan,-1,-1,-1,385,12,388,14,packages\datadog-metrics\test\loggers_tests.js,1,763
1201,CallExpression,nan,2,-1,-1,389,12,389,47,packages\datadog-metrics\test\loggers_tests.js,1,764
1202,CallExpression,nan,1,-1,-1,390,12,390,55,packages\datadog-metrics\test\loggers_tests.js,1,765
1203,AwaitExpression,nan,1,-1,-1,392,12,392,54,packages\datadog-metrics\test\loggers_tests.js,1,766
1204,CallExpression,nan,1,-1,-1,393,12,393,55,packages\datadog-metrics\test\loggers_tests.js,1,767
1205,CallExpression,nan,2,-1,-1,395,12,395,41,packages\datadog-metrics\test\loggers_tests.js,1,768
1206,CallExpression,nan,1,-1,-1,396,12,396,55,packages\datadog-metrics\test\loggers_tests.js,1,769
1207,CallExpression,nan,1,-1,-1,400,12,405,51,packages\datadog-metrics\test\loggers_tests.js,1,770
1217,ArrowFunctionExpression,nan,-1,0,0,296,23,298,13,packages\datadog-metrics\test\loggers_tests.js,1,771
1218,Identifier,beforeEach,-1,-1,-1,296,12,296,22,packages\datadog-metrics\test\loggers_tests.js,1,772
1219,Identifier,standardFlushTests,-1,-1,-1,300,12,300,30,packages\datadog-metrics\test\loggers_tests.js,1,773
1220,ArrowFunctionExpression,nan,-1,0,0,304,23,310,13,packages\datadog-metrics\test\loggers_tests.js,1,774
1221,Identifier,beforeEach,-1,-1,-1,304,12,304,22,packages\datadog-metrics\test\loggers_tests.js,1,775
1222,Identifier,standardFlushTests,-1,-1,-1,312,12,312,30,packages\datadog-metrics\test\loggers_tests.js,1,776
1223,MemberExpression,nan,-1,-1,-1,318,12,318,25,packages\datadog-metrics\test\loggers_tests.js,1,777
1224,NewExpression,nan,0,-1,-1,318,28,318,46,packages\datadog-metrics\test\loggers_tests.js,1,778
1225,MemberExpression,nan,-1,-1,-1,319,12,319,23,packages\datadog-metrics\test\loggers_tests.js,1,779
1226,NewExpression,nan,1,-1,-1,319,26,322,14,packages\datadog-metrics\test\loggers_tests.js,1,780
1229,MemberExpression,nan,-1,-1,-1,323,12,323,29,packages\datadog-metrics\test\loggers_tests.js,1,781
1231,MemberExpression,nan,-1,-1,-1,327,12,327,52,packages\datadog-metrics\test\loggers_tests.js,1,782
1232,CallExpression,nan,0,-1,-1,328,18,328,36,packages\datadog-metrics\test\loggers_tests.js,1,783
1234,MemberExpression,nan,-1,-1,-1,329,12,329,52,packages\datadog-metrics\test\loggers_tests.js,1,784
1236,MemberExpression,nan,-1,-1,-1,333,12,333,52,packages\datadog-metrics\test\loggers_tests.js,1,785
1237,CallExpression,nan,1,-1,-1,334,18,334,52,packages\datadog-metrics\test\loggers_tests.js,1,786
1239,MemberExpression,nan,-1,-1,-1,335,12,335,52,packages\datadog-metrics\test\loggers_tests.js,1,787
1240,CallExpression,nan,1,-1,-1,339,18,339,52,packages\datadog-metrics\test\loggers_tests.js,1,788
1242,MemberExpression,nan,-1,-1,-1,340,12,340,52,packages\datadog-metrics\test\loggers_tests.js,1,789
1243,NewExpression,nan,1,-1,-1,342,18,342,54,packages\datadog-metrics\test\loggers_tests.js,1,790
1245,MemberExpression,nan,-1,-1,-1,343,12,343,52,packages\datadog-metrics\test\loggers_tests.js,1,791
1246,CallExpression,nan,1,-1,-1,347,18,347,52,packages\datadog-metrics\test\loggers_tests.js,1,792
1248,MemberExpression,nan,-1,-1,-1,348,12,348,52,packages\datadog-metrics\test\loggers_tests.js,1,793
1251,MemberExpression,nan,-1,-1,-1,350,12,350,24,packages\datadog-metrics\test\loggers_tests.js,1,794
1253,MemberExpression,nan,-1,-1,-1,351,12,351,52,packages\datadog-metrics\test\loggers_tests.js,1,795
1254,MemberExpression,nan,-1,-1,-1,357,12,357,25,packages\datadog-metrics\test\loggers_tests.js,1,796
1255,NewExpression,nan,0,-1,-1,357,28,357,46,packages\datadog-metrics\test\loggers_tests.js,1,797
1256,MemberExpression,nan,-1,-1,-1,361,12,361,23,packages\datadog-metrics\test\loggers_tests.js,1,798
1257,NewExpression,nan,1,-1,-1,361,26,364,14,packages\datadog-metrics\test\loggers_tests.js,1,799
1260,MemberExpression,nan,-1,-1,-1,365,12,365,29,packages\datadog-metrics\test\loggers_tests.js,1,800
1262,MemberExpression,nan,-1,-1,-1,367,12,367,52,packages\datadog-metrics\test\loggers_tests.js,1,801
1263,NewExpression,nan,1,-1,-1,368,18,368,54,packages\datadog-metrics\test\loggers_tests.js,1,802
1265,MemberExpression,nan,-1,-1,-1,369,12,369,52,packages\datadog-metrics\test\loggers_tests.js,1,803
1266,MemberExpression,nan,-1,-1,-1,373,12,373,23,packages\datadog-metrics\test\loggers_tests.js,1,804
1267,NewExpression,nan,1,-1,-1,373,26,376,14,packages\datadog-metrics\test\loggers_tests.js,1,805
1270,MemberExpression,nan,-1,-1,-1,377,12,377,29,packages\datadog-metrics\test\loggers_tests.js,1,806
1272,MemberExpression,nan,-1,-1,-1,379,12,379,52,packages\datadog-metrics\test\loggers_tests.js,1,807
1275,MemberExpression,nan,-1,-1,-1,380,12,380,24,packages\datadog-metrics\test\loggers_tests.js,1,808
1277,MemberExpression,nan,-1,-1,-1,381,12,381,52,packages\datadog-metrics\test\loggers_tests.js,1,809
1278,MemberExpression,nan,-1,-1,-1,385,12,385,23,packages\datadog-metrics\test\loggers_tests.js,1,810
1279,NewExpression,nan,1,-1,-1,385,26,388,14,packages\datadog-metrics\test\loggers_tests.js,1,811
1282,MemberExpression,nan,-1,-1,-1,389,12,389,29,packages\datadog-metrics\test\loggers_tests.js,1,812
1284,MemberExpression,nan,-1,-1,-1,390,12,390,52,packages\datadog-metrics\test\loggers_tests.js,1,813
1285,NewExpression,nan,1,-1,-1,392,18,392,54,packages\datadog-metrics\test\loggers_tests.js,1,814
1287,MemberExpression,nan,-1,-1,-1,393,12,393,52,packages\datadog-metrics\test\loggers_tests.js,1,815
1290,MemberExpression,nan,-1,-1,-1,395,12,395,24,packages\datadog-metrics\test\loggers_tests.js,1,816
1292,MemberExpression,nan,-1,-1,-1,396,12,396,52,packages\datadog-metrics\test\loggers_tests.js,1,817
1294,MemberExpression,nan,-1,-1,-1,400,12,405,27,packages\datadog-metrics\test\loggers_tests.js,1,818
1295,AssignmentExpression,nan,-1,-1,-1,229,16,229,79,packages\datadog-metrics\test\loggers_tests.js,1,819
1296,CallExpression,nan,2,-1,-1,230,16,230,46,packages\datadog-metrics\test\loggers_tests.js,1,820
1297,CallExpression,nan,2,-1,-1,234,16,236,18,packages\datadog-metrics\test\loggers_tests.js,1,821
1298,CallExpression,nan,2,-1,-1,238,16,243,18,packages\datadog-metrics\test\loggers_tests.js,1,822
1299,CallExpression,nan,1,-1,-1,247,16,249,18,packages\datadog-metrics\test\loggers_tests.js,1,823
1300,CallExpression,nan,2,-1,-1,251,16,253,18,packages\datadog-metrics\test\loggers_tests.js,1,824
1301,CallExpression,nan,2,-1,-1,255,16,266,18,packages\datadog-metrics\test\loggers_tests.js,1,825
1302,CallExpression,nan,2,-1,-1,268,16,285,18,packages\datadog-metrics\test\loggers_tests.js,1,826
1303,CallExpression,nan,2,-1,-1,287,16,291,18,packages\datadog-metrics\test\loggers_tests.js,1,827
1305,BlockStatement,nan,-1,-1,-1,296,29,298,13,packages\datadog-metrics\test\loggers_tests.js,1,828
1307,BlockStatement,nan,-1,-1,-1,304,29,310,13,packages\datadog-metrics\test\loggers_tests.js,1,829
1308,Identifier,MockReporter,-1,-1,-1,318,32,318,44,packages\datadog-metrics\test\loggers_tests.js,1,830
1309,ObjectExpression,nan,-1,-1,-1,319,52,322,13,packages\datadog-metrics\test\loggers_tests.js,1,831
1310,Identifier,BufferedMetricsLogger,-1,-1,-1,319,30,319,51,packages\datadog-metrics\test\loggers_tests.js,1,832
1311,MemberExpression,nan,-1,-1,-1,328,18,328,34,packages\datadog-metrics\test\loggers_tests.js,1,833
1312,ObjectExpression,nan,-1,-1,-1,334,35,334,51,packages\datadog-metrics\test\loggers_tests.js,1,834
1313,MemberExpression,nan,-1,-1,-1,334,18,334,34,packages\datadog-metrics\test\loggers_tests.js,1,835
1314,ObjectExpression,nan,-1,-1,-1,339,35,339,51,packages\datadog-metrics\test\loggers_tests.js,1,836
1315,MemberExpression,nan,-1,-1,-1,339,18,339,34,packages\datadog-metrics\test\loggers_tests.js,1,837
1316,ArrowFunctionExpression,nan,-1,1,0,342,30,342,53,packages\datadog-metrics\test\loggers_tests.js,1,838
1317,Identifier,Promise,-1,-1,-1,342,22,342,29,packages\datadog-metrics\test\loggers_tests.js,1,839
1318,ObjectExpression,nan,-1,-1,-1,347,35,347,51,packages\datadog-metrics\test\loggers_tests.js,1,840
1319,MemberExpression,nan,-1,-1,-1,347,18,347,34,packages\datadog-metrics\test\loggers_tests.js,1,841
1320,Identifier,MockReporter,-1,-1,-1,357,32,357,44,packages\datadog-metrics\test\loggers_tests.js,1,842
1321,ObjectExpression,nan,-1,-1,-1,361,52,364,13,packages\datadog-metrics\test\loggers_tests.js,1,843
1322,Identifier,BufferedMetricsLogger,-1,-1,-1,361,30,361,51,packages\datadog-metrics\test\loggers_tests.js,1,844
1323,ArrowFunctionExpression,nan,-1,1,0,368,30,368,53,packages\datadog-metrics\test\loggers_tests.js,1,845
1324,Identifier,Promise,-1,-1,-1,368,22,368,29,packages\datadog-metrics\test\loggers_tests.js,1,846
1325,ObjectExpression,nan,-1,-1,-1,373,52,376,13,packages\datadog-metrics\test\loggers_tests.js,1,847
1326,Identifier,BufferedMetricsLogger,-1,-1,-1,373,30,373,51,packages\datadog-metrics\test\loggers_tests.js,1,848
1327,ObjectExpression,nan,-1,-1,-1,385,52,388,13,packages\datadog-metrics\test\loggers_tests.js,1,849
1328,Identifier,BufferedMetricsLogger,-1,-1,-1,385,30,385,51,packages\datadog-metrics\test\loggers_tests.js,1,850
1329,ArrowFunctionExpression,nan,-1,1,0,392,30,392,53,packages\datadog-metrics\test\loggers_tests.js,1,851
1330,Identifier,Promise,-1,-1,-1,392,22,392,29,packages\datadog-metrics\test\loggers_tests.js,1,852
1331,Identifier,logger,-1,-1,-1,229,16,229,22,packages\datadog-metrics\test\loggers_tests.js,1,853
1332,NewExpression,nan,1,-1,-1,229,25,229,79,packages\datadog-metrics\test\loggers_tests.js,1,854
1335,MemberExpression,nan,-1,-1,-1,230,16,230,28,packages\datadog-metrics\test\loggers_tests.js,1,855
1337,FunctionExpression,nan,-1,0,0,234,49,236,17,packages\datadog-metrics\test\loggers_tests.js,1,856
1338,Identifier,it,-1,-1,-1,234,16,234,18,packages\datadog-metrics\test\loggers_tests.js,1,857
1340,ArrowFunctionExpression,nan,-1,1,0,238,55,243,17,packages\datadog-metrics\test\loggers_tests.js,1,858
1341,Identifier,it,-1,-1,-1,238,16,238,18,packages\datadog-metrics\test\loggers_tests.js,1,859
1342,ArrowFunctionExpression,nan,-1,0,0,247,27,249,17,packages\datadog-metrics\test\loggers_tests.js,1,860
1343,Identifier,beforeEach,-1,-1,-1,247,16,247,26,packages\datadog-metrics\test\loggers_tests.js,1,861
1345,ArrowFunctionExpression,nan,-1,0,0,251,72,253,17,packages\datadog-metrics\test\loggers_tests.js,1,862
1346,Identifier,it,-1,-1,-1,251,16,251,18,packages\datadog-metrics\test\loggers_tests.js,1,863
1348,ArrowFunctionExpression,nan,-1,1,0,255,82,266,17,packages\datadog-metrics\test\loggers_tests.js,1,864
1349,Identifier,it,-1,-1,-1,255,16,255,18,packages\datadog-metrics\test\loggers_tests.js,1,865
1351,ArrowFunctionExpression,nan,-1,0,0,268,67,285,17,packages\datadog-metrics\test\loggers_tests.js,1,866
1352,Identifier,it,-1,-1,-1,268,16,268,18,packages\datadog-metrics\test\loggers_tests.js,1,867
1354,ArrowFunctionExpression,nan,-1,0,0,287,69,291,17,packages\datadog-metrics\test\loggers_tests.js,1,868
1355,Identifier,it,-1,-1,-1,287,16,287,18,packages\datadog-metrics\test\loggers_tests.js,1,869
1359,Identifier,r,-1,-1,-1,342,30,342,31,packages\datadog-metrics\test\loggers_tests.js,1,870
1361,CallExpression,nan,2,-1,-1,342,35,342,53,packages\datadog-metrics\test\loggers_tests.js,1,871
1362,Identifier,r,-1,-1,-1,368,30,368,31,packages\datadog-metrics\test\loggers_tests.js,1,872
1364,CallExpression,nan,2,-1,-1,368,35,368,53,packages\datadog-metrics\test\loggers_tests.js,1,873
1365,Identifier,r,-1,-1,-1,392,30,392,31,packages\datadog-metrics\test\loggers_tests.js,1,874
1367,CallExpression,nan,2,-1,-1,392,35,392,53,packages\datadog-metrics\test\loggers_tests.js,1,875
1368,ObjectExpression,nan,-1,-1,-1,229,51,229,78,packages\datadog-metrics\test\loggers_tests.js,1,876
1369,Identifier,BufferedMetricsLogger,-1,-1,-1,229,29,229,50,packages\datadog-metrics\test\loggers_tests.js,1,877
1371,BlockStatement,nan,-1,-1,-1,234,67,236,17,packages\datadog-metrics\test\loggers_tests.js,1,878
1372,Identifier,done,-1,-1,-1,238,56,238,60,packages\datadog-metrics\test\loggers_tests.js,1,879
1374,BlockStatement,nan,-1,-1,-1,238,65,243,17,packages\datadog-metrics\test\loggers_tests.js,1,880
1376,BlockStatement,nan,-1,-1,-1,247,33,249,17,packages\datadog-metrics\test\loggers_tests.js,1,881
1378,BlockStatement,nan,-1,-1,-1,251,84,253,17,packages\datadog-metrics\test\loggers_tests.js,1,882
1379,Identifier,done,-1,-1,-1,255,83,255,87,packages\datadog-metrics\test\loggers_tests.js,1,883
1381,BlockStatement,nan,-1,-1,-1,255,92,266,17,packages\datadog-metrics\test\loggers_tests.js,1,884
1383,BlockStatement,nan,-1,-1,-1,268,79,285,17,packages\datadog-metrics\test\loggers_tests.js,1,885
1385,BlockStatement,nan,-1,-1,-1,287,81,291,17,packages\datadog-metrics\test\loggers_tests.js,1,886
1386,AssignmentExpression,nan,-1,-1,-1,297,16,297,45,packages\datadog-metrics\test\loggers_tests.js,1,887
1387,AssignmentExpression,nan,-1,-1,-1,305,16,305,45,packages\datadog-metrics\test\loggers_tests.js,1,888
1388,AssignmentExpression,nan,-1,-1,-1,306,16,309,17,packages\datadog-metrics\test\loggers_tests.js,1,889
1389,Identifier,r,-1,-1,-1,342,46,342,47,packages\datadog-metrics\test\loggers_tests.js,1,890
1391,Identifier,setTimeout,-1,-1,-1,342,35,342,45,packages\datadog-metrics\test\loggers_tests.js,1,891
1392,Identifier,r,-1,-1,-1,368,46,368,47,packages\datadog-metrics\test\loggers_tests.js,1,892
1394,Identifier,setTimeout,-1,-1,-1,368,35,368,45,packages\datadog-metrics\test\loggers_tests.js,1,893
1395,Identifier,r,-1,-1,-1,392,46,392,47,packages\datadog-metrics\test\loggers_tests.js,1,894
1397,Identifier,setTimeout,-1,-1,-1,392,35,392,45,packages\datadog-metrics\test\loggers_tests.js,1,895
1403,VariableDeclaration,nan,-1,-1,-1,269,20,269,46,packages\datadog-metrics\test\loggers_tests.js,1,896
1404,VariableDeclaration,nan,-1,-1,-1,270,20,270,44,packages\datadog-metrics\test\loggers_tests.js,1,897
1412,Identifier,reporter,-1,-1,-1,297,16,297,24,packages\datadog-metrics\test\loggers_tests.js,1,898
1413,NewExpression,nan,0,-1,-1,297,27,297,45,packages\datadog-metrics\test\loggers_tests.js,1,899
1414,Identifier,reporter,-1,-1,-1,305,16,305,24,packages\datadog-metrics\test\loggers_tests.js,1,900
1415,NewExpression,nan,0,-1,-1,305,27,305,45,packages\datadog-metrics\test\loggers_tests.js,1,901
1416,MemberExpression,nan,-1,-1,-1,306,16,306,31,packages\datadog-metrics\test\loggers_tests.js,1,902
1417,FunctionExpression,nan,-1,3,1,306,34,309,17,packages\datadog-metrics\test\loggers_tests.js,1,903
1418,AwaitExpression,nan,1,-1,-1,235,20,235,60,packages\datadog-metrics\test\loggers_tests.js,1,904
1419,CallExpression,nan,2,-1,-1,239,20,242,21,packages\datadog-metrics\test\loggers_tests.js,1,905
1420,AssignmentExpression,nan,-1,-1,-1,248,20,248,60,packages\datadog-metrics\test\loggers_tests.js,1,906
1421,AwaitExpression,nan,1,-1,-1,252,20,252,79,packages\datadog-metrics\test\loggers_tests.js,1,907
1422,CallExpression,nan,2,-1,-1,256,20,265,21,packages\datadog-metrics\test\loggers_tests.js,1,908
1423,AssignmentExpression,nan,-1,-1,-1,272,20,279,22,packages\datadog-metrics\test\loggers_tests.js,1,909
1424,CallExpression,nan,2,-1,-1,280,20,280,50,packages\datadog-metrics\test\loggers_tests.js,1,910
1425,AwaitExpression,nan,1,-1,-1,282,20,282,59,packages\datadog-metrics\test\loggers_tests.js,1,911
1426,CallExpression,nan,1,-1,-1,283,20,283,52,packages\datadog-metrics\test\loggers_tests.js,1,912
1427,CallExpression,nan,1,-1,-1,284,20,284,61,packages\datadog-metrics\test\loggers_tests.js,1,913
1428,AwaitExpression,nan,1,-1,-1,288,20,288,58,packages\datadog-metrics\test\loggers_tests.js,1,914
1429,CallExpression,nan,1,-1,-1,290,20,290,53,packages\datadog-metrics\test\loggers_tests.js,1,915
1430,Identifier,MockReporter,-1,-1,-1,297,31,297,43,packages\datadog-metrics\test\loggers_tests.js,1,916
1431,Identifier,MockReporter,-1,-1,-1,305,31,305,43,packages\datadog-metrics\test\loggers_tests.js,1,917
1432,Identifier,metrics,-1,-1,-1,306,43,306,50,packages\datadog-metrics\test\loggers_tests.js,1,918
1433,Identifier,onSuccess,-1,-1,-1,306,52,306,61,packages\datadog-metrics\test\loggers_tests.js,1,919
1434,Identifier,onError,-1,-1,-1,306,63,306,70,packages\datadog-metrics\test\loggers_tests.js,1,920
1436,BlockStatement,nan,-1,-1,-1,306,72,309,17,packages\datadog-metrics\test\loggers_tests.js,1,921
1437,MemberExpression,nan,-1,-1,-1,235,26,235,60,packages\datadog-metrics\test\loggers_tests.js,1,922
1438,ArrowFunctionExpression,nan,-1,0,0,240,24,240,36,packages\datadog-metrics\test\loggers_tests.js,1,923
1439,ArrowFunctionExpression,nan,-1,1,0,241,24,241,105,packages\datadog-metrics\test\loggers_tests.js,1,924
1440,MemberExpression,nan,-1,-1,-1,239,20,239,32,packages\datadog-metrics\test\loggers_tests.js,1,925
1441,MemberExpression,nan,-1,-1,-1,248,20,248,34,packages\datadog-metrics\test\loggers_tests.js,1,926
1442,NewExpression,nan,1,-1,-1,248,37,248,60,packages\datadog-metrics\test\loggers_tests.js,1,927
1443,CallExpression,nan,1,-1,-1,252,26,252,79,packages\datadog-metrics\test\loggers_tests.js,1,928
1444,ArrowFunctionExpression,nan,-1,0,0,257,24,257,80,packages\datadog-metrics\test\loggers_tests.js,1,929
1445,ArrowFunctionExpression,nan,-1,1,0,258,24,264,25,packages\datadog-metrics\test\loggers_tests.js,1,930
1446,MemberExpression,nan,-1,-1,-1,256,20,256,32,packages\datadog-metrics\test\loggers_tests.js,1,931
1447,Identifier,logger,-1,-1,-1,272,20,272,26,packages\datadog-metrics\test\loggers_tests.js,1,932
1448,NewExpression,nan,1,-1,-1,272,29,279,22,packages\datadog-metrics\test\loggers_tests.js,1,933
1451,MemberExpression,nan,-1,-1,-1,280,20,280,32,packages\datadog-metrics\test\loggers_tests.js,1,934
1452,MemberExpression,nan,-1,-1,-1,282,26,282,59,packages\datadog-metrics\test\loggers_tests.js,1,935
1454,MemberExpression,nan,-1,-1,-1,283,20,283,46,packages\datadog-metrics\test\loggers_tests.js,1,936
1455,MemberExpression,nan,-1,-1,-1,284,46,284,60,packages\datadog-metrics\test\loggers_tests.js,1,937
1456,MemberExpression,nan,-1,-1,-1,284,20,284,45,packages\datadog-metrics\test\loggers_tests.js,1,938
1457,CallExpression,nan,1,-1,-1,288,26,288,58,packages\datadog-metrics\test\loggers_tests.js,1,939
1459,MemberExpression,nan,-1,-1,-1,290,20,290,50,packages\datadog-metrics\test\loggers_tests.js,1,940
1460,ReturnStatement,nan,1,-1,-1,307,20,308,50,packages\datadog-metrics\test\loggers_tests.js,1,941
1462,CallExpression,nan,0,-1,-1,240,30,240,36,packages\datadog-metrics\test\loggers_tests.js,1,942
1463,Identifier,error,-1,-1,-1,241,25,241,30,packages\datadog-metrics\test\loggers_tests.js,1,943
1465,CallExpression,nan,1,-1,-1,241,35,241,105,packages\datadog-metrics\test\loggers_tests.js,1,944
1467,Identifier,Error,-1,-1,-1,248,41,248,46,packages\datadog-metrics\test\loggers_tests.js,1,945
1468,MemberExpression,nan,-1,-1,-1,252,64,252,78,packages\datadog-metrics\test\loggers_tests.js,1,946
1469,MemberExpression,nan,-1,-1,-1,252,26,252,63,packages\datadog-metrics\test\loggers_tests.js,1,947
1471,CallExpression,nan,1,-1,-1,257,30,257,80,packages\datadog-metrics\test\loggers_tests.js,1,948
1472,Identifier,error,-1,-1,-1,258,25,258,30,packages\datadog-metrics\test\loggers_tests.js,1,949
1474,BlockStatement,nan,-1,-1,-1,258,35,264,25,packages\datadog-metrics\test\loggers_tests.js,1,950
1475,ObjectExpression,nan,-1,-1,-1,272,55,279,21,packages\datadog-metrics\test\loggers_tests.js,1,951
1476,Identifier,BufferedMetricsLogger,-1,-1,-1,272,33,272,54,packages\datadog-metrics\test\loggers_tests.js,1,952
1477,ArrowFunctionExpression,nan,-1,0,0,288,47,288,57,packages\datadog-metrics\test\loggers_tests.js,1,953
1478,MemberExpression,nan,-1,-1,-1,288,26,288,46,packages\datadog-metrics\test\loggers_tests.js,1,954
1479,CallExpression,nan,2,-1,-1,307,27,308,49,packages\datadog-metrics\test\loggers_tests.js,1,955
1480,Identifier,done,-1,-1,-1,240,30,240,34,packages\datadog-metrics\test\loggers_tests.js,1,956
1481,LogicalExpression,nan,-1,-1,-1,241,40,241,104,packages\datadog-metrics\test\loggers_tests.js,1,957
1482,Identifier,done,-1,-1,-1,241,35,241,39,packages\datadog-metrics\test\loggers_tests.js,1,958
1483,NewExpression,nan,1,-1,-1,257,35,257,79,packages\datadog-metrics\test\loggers_tests.js,1,959
1484,Identifier,done,-1,-1,-1,257,30,257,34,packages\datadog-metrics\test\loggers_tests.js,1,960
1485,IfStatement,nan,-1,-1,-1,259,28,263,29,packages\datadog-metrics\test\loggers_tests.js,1,961
1488,Identifier,onSuccess,-1,-1,-1,308,30,308,39,packages\datadog-metrics\test\loggers_tests.js,1,962
1489,Identifier,onError,-1,-1,-1,308,41,308,48,packages\datadog-metrics\test\loggers_tests.js,1,963
1490,MemberExpression,nan,-1,-1,-1,307,27,308,29,packages\datadog-metrics\test\loggers_tests.js,1,964
1491,Identifier,error,-1,-1,-1,241,40,241,45,packages\datadog-metrics\test\loggers_tests.js,1,965
1492,NewExpression,nan,1,-1,-1,241,49,241,104,packages\datadog-metrics\test\loggers_tests.js,1,966
1494,Identifier,Error,-1,-1,-1,257,39,257,44,packages\datadog-metrics\test\loggers_tests.js,1,967
1495,BlockStatement,nan,-1,-1,-1,259,58,261,29,packages\datadog-metrics\test\loggers_tests.js,1,968
1498,Identifier,Error,-1,-1,-1,241,53,241,58,packages\datadog-metrics\test\loggers_tests.js,1,969
1500,Identifier,error,-1,-1,-1,259,32,259,37,packages\datadog-metrics\test\loggers_tests.js,1,970
1501,MemberExpression,nan,-1,-1,-1,259,42,259,56,packages\datadog-metrics\test\loggers_tests.js,1,971
1502,CallExpression,nan,0,-1,-1,260,32,260,38,packages\datadog-metrics\test\loggers_tests.js,1,972
1503,Identifier,done,-1,-1,-1,260,32,260,36,packages\datadog-metrics\test\loggers_tests.js,1,973
1504,Program,nan,-1,-1,-1,1,0,299,3,packages\datadog-metrics\test\metrics_tests.js,1,974
1506,VariableDeclaration,nan,-1,-1,-1,3,0,3,29,packages\datadog-metrics\test\metrics_tests.js,1,975
1509,VariableDeclaration,nan,-1,-1,-1,8,0,8,42,packages\datadog-metrics\test\metrics_tests.js,1,976
1516,CallExpression,nan,1,-1,-1,4,0,4,32,packages\datadog-metrics\test\metrics_tests.js,1,977
1517,CallExpression,nan,0,-1,-1,6,0,6,13,packages\datadog-metrics\test\metrics_tests.js,1,978
1518,CallExpression,nan,2,-1,-1,10,0,30,2,packages\datadog-metrics\test\metrics_tests.js,1,979
1519,CallExpression,nan,2,-1,-1,32,0,61,2,packages\datadog-metrics\test\metrics_tests.js,1,980
1520,CallExpression,nan,2,-1,-1,63,0,92,2,packages\datadog-metrics\test\metrics_tests.js,1,981
1521,CallExpression,nan,2,-1,-1,94,0,239,2,packages\datadog-metrics\test\metrics_tests.js,1,982
1522,CallExpression,nan,2,-1,-1,241,0,299,2,packages\datadog-metrics\test\metrics_tests.js,1,983
1523,CallExpression,nan,1,-1,-1,4,9,4,31,packages\datadog-metrics\test\metrics_tests.js,1,984
1524,MemberExpression,nan,-1,-1,-1,4,0,4,8,packages\datadog-metrics\test\metrics_tests.js,1,985
1525,MemberExpression,nan,-1,-1,-1,6,0,6,11,packages\datadog-metrics\test\metrics_tests.js,1,986
1527,FunctionExpression,nan,-1,0,0,10,19,30,1,packages\datadog-metrics\test\metrics_tests.js,1,987
1528,Identifier,describe,-1,-1,-1,10,0,10,8,packages\datadog-metrics\test\metrics_tests.js,1,988
1530,FunctionExpression,nan,-1,0,0,32,18,61,1,packages\datadog-metrics\test\metrics_tests.js,1,989
1531,Identifier,describe,-1,-1,-1,32,0,32,8,packages\datadog-metrics\test\metrics_tests.js,1,990
1533,FunctionExpression,nan,-1,0,0,63,20,92,1,packages\datadog-metrics\test\metrics_tests.js,1,991
1534,Identifier,describe,-1,-1,-1,63,0,63,8,packages\datadog-metrics\test\metrics_tests.js,1,992
1536,FunctionExpression,nan,-1,0,0,94,22,239,1,packages\datadog-metrics\test\metrics_tests.js,1,993
1537,Identifier,describe,-1,-1,-1,94,0,94,8,packages\datadog-metrics\test\metrics_tests.js,1,994
1539,FunctionExpression,nan,-1,0,0,241,25,299,1,packages\datadog-metrics\test\metrics_tests.js,1,995
1540,Identifier,describe,-1,-1,-1,241,0,241,8,packages\datadog-metrics\test\metrics_tests.js,1,996
1542,Identifier,require,-1,-1,-1,4,9,4,16,packages\datadog-metrics\test\metrics_tests.js,1,997
1544,BlockStatement,nan,-1,-1,-1,10,30,30,1,packages\datadog-metrics\test\metrics_tests.js,1,998
1546,BlockStatement,nan,-1,-1,-1,32,29,61,1,packages\datadog-metrics\test\metrics_tests.js,1,999
1548,BlockStatement,nan,-1,-1,-1,63,31,92,1,packages\datadog-metrics\test\metrics_tests.js,1,1000
1550,BlockStatement,nan,-1,-1,-1,94,33,239,1,packages\datadog-metrics\test\metrics_tests.js,1,1001
1552,BlockStatement,nan,-1,-1,-1,241,36,299,1,packages\datadog-metrics\test\metrics_tests.js,1,1002
1575,CallExpression,nan,2,-1,-1,11,4,16,6,packages\datadog-metrics\test\metrics_tests.js,1,1003
1576,CallExpression,nan,2,-1,-1,18,4,24,6,packages\datadog-metrics\test\metrics_tests.js,1,1004
1577,CallExpression,nan,2,-1,-1,25,4,29,6,packages\datadog-metrics\test\metrics_tests.js,1,1005
1578,CallExpression,nan,2,-1,-1,33,4,36,6,packages\datadog-metrics\test\metrics_tests.js,1,1006
1579,CallExpression,nan,2,-1,-1,38,4,48,6,packages\datadog-metrics\test\metrics_tests.js,1,1007
1580,CallExpression,nan,2,-1,-1,50,4,60,6,packages\datadog-metrics\test\metrics_tests.js,1,1008
1581,CallExpression,nan,2,-1,-1,64,4,67,6,packages\datadog-metrics\test\metrics_tests.js,1,1009
1582,CallExpression,nan,2,-1,-1,69,4,79,6,packages\datadog-metrics\test\metrics_tests.js,1,1010
1583,CallExpression,nan,2,-1,-1,81,4,91,6,packages\datadog-metrics\test\metrics_tests.js,1,1011
1584,CallExpression,nan,2,-1,-1,95,4,98,6,packages\datadog-metrics\test\metrics_tests.js,1,1012
1585,CallExpression,nan,2,-1,-1,100,4,116,6,packages\datadog-metrics\test\metrics_tests.js,1,1013
1586,CallExpression,nan,2,-1,-1,118,4,131,6,packages\datadog-metrics\test\metrics_tests.js,1,1014
1587,CallExpression,nan,2,-1,-1,133,4,146,6,packages\datadog-metrics\test\metrics_tests.js,1,1015
1588,CallExpression,nan,2,-1,-1,148,4,161,6,packages\datadog-metrics\test\metrics_tests.js,1,1016
1589,CallExpression,nan,2,-1,-1,163,4,183,6,packages\datadog-metrics\test\metrics_tests.js,1,1017
1590,CallExpression,nan,2,-1,-1,185,4,214,6,packages\datadog-metrics\test\metrics_tests.js,1,1018
1591,CallExpression,nan,2,-1,-1,216,4,238,6,packages\datadog-metrics\test\metrics_tests.js,1,1019
1592,CallExpression,nan,2,-1,-1,242,4,245,6,packages\datadog-metrics\test\metrics_tests.js,1,1020
1593,CallExpression,nan,2,-1,-1,247,4,257,6,packages\datadog-metrics\test\metrics_tests.js,1,1021
1594,CallExpression,nan,2,-1,-1,259,4,269,6,packages\datadog-metrics\test\metrics_tests.js,1,1022
1595,CallExpression,nan,2,-1,-1,271,4,284,6,packages\datadog-metrics\test\metrics_tests.js,1,1023
1596,CallExpression,nan,2,-1,-1,286,4,298,6,packages\datadog-metrics\test\metrics_tests.js,1,1024
1598,FunctionExpression,nan,-1,0,0,11,49,16,5,packages\datadog-metrics\test\metrics_tests.js,1,1025
1599,Identifier,it,-1,-1,-1,11,4,11,6,packages\datadog-metrics\test\metrics_tests.js,1,1026
1601,FunctionExpression,nan,-1,0,0,18,79,24,5,packages\datadog-metrics\test\metrics_tests.js,1,1027
1602,Identifier,it,-1,-1,-1,18,4,18,6,packages\datadog-metrics\test\metrics_tests.js,1,1028
1604,FunctionExpression,nan,-1,0,0,25,88,29,5,packages\datadog-metrics\test\metrics_tests.js,1,1029
1605,Identifier,it,-1,-1,-1,25,4,25,6,packages\datadog-metrics\test\metrics_tests.js,1,1030
1607,FunctionExpression,nan,-1,0,0,33,31,36,5,packages\datadog-metrics\test\metrics_tests.js,1,1031
1608,Identifier,it,-1,-1,-1,33,4,33,6,packages\datadog-metrics\test\metrics_tests.js,1,1032
1610,FunctionExpression,nan,-1,0,0,38,33,48,5,packages\datadog-metrics\test\metrics_tests.js,1,1033
1611,Identifier,it,-1,-1,-1,38,4,38,6,packages\datadog-metrics\test\metrics_tests.js,1,1034
1613,FunctionExpression,nan,-1,0,0,50,54,60,5,packages\datadog-metrics\test\metrics_tests.js,1,1035
1614,Identifier,it,-1,-1,-1,50,4,50,6,packages\datadog-metrics\test\metrics_tests.js,1,1036
1616,FunctionExpression,nan,-1,0,0,64,31,67,5,packages\datadog-metrics\test\metrics_tests.js,1,1037
1617,Identifier,it,-1,-1,-1,64,4,64,6,packages\datadog-metrics\test\metrics_tests.js,1,1038
1619,FunctionExpression,nan,-1,0,0,69,33,79,5,packages\datadog-metrics\test\metrics_tests.js,1,1039
1620,Identifier,it,-1,-1,-1,69,4,69,6,packages\datadog-metrics\test\metrics_tests.js,1,1040
1622,FunctionExpression,nan,-1,0,0,81,56,91,5,packages\datadog-metrics\test\metrics_tests.js,1,1041
1623,Identifier,it,-1,-1,-1,81,4,81,6,packages\datadog-metrics\test\metrics_tests.js,1,1042
1625,FunctionExpression,nan,-1,0,0,95,31,98,5,packages\datadog-metrics\test\metrics_tests.js,1,1043
1626,Identifier,it,-1,-1,-1,95,4,95,6,packages\datadog-metrics\test\metrics_tests.js,1,1044
1628,FunctionExpression,nan,-1,0,0,100,54,116,5,packages\datadog-metrics\test\metrics_tests.js,1,1045
1629,Identifier,it,-1,-1,-1,100,4,100,6,packages\datadog-metrics\test\metrics_tests.js,1,1046
1631,FunctionExpression,nan,-1,0,0,118,44,131,5,packages\datadog-metrics\test\metrics_tests.js,1,1047
1632,Identifier,it,-1,-1,-1,118,4,118,6,packages\datadog-metrics\test\metrics_tests.js,1,1048
1634,FunctionExpression,nan,-1,0,0,133,54,146,5,packages\datadog-metrics\test\metrics_tests.js,1,1049
1635,Identifier,it,-1,-1,-1,133,4,133,6,packages\datadog-metrics\test\metrics_tests.js,1,1050
1637,FunctionExpression,nan,-1,0,0,148,36,161,5,packages\datadog-metrics\test\metrics_tests.js,1,1051
1638,Identifier,it,-1,-1,-1,148,4,148,6,packages\datadog-metrics\test\metrics_tests.js,1,1052
1640,FunctionExpression,nan,-1,0,0,163,35,183,5,packages\datadog-metrics\test\metrics_tests.js,1,1053
1641,Identifier,it,-1,-1,-1,163,4,163,6,packages\datadog-metrics\test\metrics_tests.js,1,1054
1643,FunctionExpression,nan,-1,0,0,185,48,214,5,packages\datadog-metrics\test\metrics_tests.js,1,1055
1644,Identifier,it,-1,-1,-1,185,4,185,6,packages\datadog-metrics\test\metrics_tests.js,1,1056
1646,FunctionExpression,nan,-1,0,0,216,55,238,5,packages\datadog-metrics\test\metrics_tests.js,1,1057
1647,Identifier,it,-1,-1,-1,216,4,216,6,packages\datadog-metrics\test\metrics_tests.js,1,1058
1649,FunctionExpression,nan,-1,0,0,242,31,245,5,packages\datadog-metrics\test\metrics_tests.js,1,1059
1650,Identifier,it,-1,-1,-1,242,4,242,6,packages\datadog-metrics\test\metrics_tests.js,1,1060
1652,FunctionExpression,nan,-1,0,0,247,33,257,5,packages\datadog-metrics\test\metrics_tests.js,1,1061
1653,Identifier,it,-1,-1,-1,247,4,247,6,packages\datadog-metrics\test\metrics_tests.js,1,1062
1655,FunctionExpression,nan,-1,0,0,259,54,269,5,packages\datadog-metrics\test\metrics_tests.js,1,1063
1656,Identifier,it,-1,-1,-1,259,4,259,6,packages\datadog-metrics\test\metrics_tests.js,1,1064
1658,FunctionExpression,nan,-1,0,0,271,61,284,5,packages\datadog-metrics\test\metrics_tests.js,1,1065
1659,Identifier,it,-1,-1,-1,271,4,271,6,packages\datadog-metrics\test\metrics_tests.js,1,1066
1661,FunctionExpression,nan,-1,0,0,286,59,298,5,packages\datadog-metrics\test\metrics_tests.js,1,1067
1662,Identifier,it,-1,-1,-1,286,4,286,6,packages\datadog-metrics\test\metrics_tests.js,1,1068
1664,BlockStatement,nan,-1,-1,-1,11,60,16,5,packages\datadog-metrics\test\metrics_tests.js,1,1069
1666,BlockStatement,nan,-1,-1,-1,18,90,24,5,packages\datadog-metrics\test\metrics_tests.js,1,1070
1668,BlockStatement,nan,-1,-1,-1,25,99,29,5,packages\datadog-metrics\test\metrics_tests.js,1,1071
1670,BlockStatement,nan,-1,-1,-1,33,42,36,5,packages\datadog-metrics\test\metrics_tests.js,1,1072
1672,BlockStatement,nan,-1,-1,-1,38,44,48,5,packages\datadog-metrics\test\metrics_tests.js,1,1073
1674,BlockStatement,nan,-1,-1,-1,50,65,60,5,packages\datadog-metrics\test\metrics_tests.js,1,1074
1676,BlockStatement,nan,-1,-1,-1,64,42,67,5,packages\datadog-metrics\test\metrics_tests.js,1,1075
1678,BlockStatement,nan,-1,-1,-1,69,44,79,5,packages\datadog-metrics\test\metrics_tests.js,1,1076
1680,BlockStatement,nan,-1,-1,-1,81,67,91,5,packages\datadog-metrics\test\metrics_tests.js,1,1077
1682,BlockStatement,nan,-1,-1,-1,95,42,98,5,packages\datadog-metrics\test\metrics_tests.js,1,1078
1684,BlockStatement,nan,-1,-1,-1,100,65,116,5,packages\datadog-metrics\test\metrics_tests.js,1,1079
1686,BlockStatement,nan,-1,-1,-1,118,55,131,5,packages\datadog-metrics\test\metrics_tests.js,1,1080
1688,BlockStatement,nan,-1,-1,-1,133,65,146,5,packages\datadog-metrics\test\metrics_tests.js,1,1081
1690,BlockStatement,nan,-1,-1,-1,148,47,161,5,packages\datadog-metrics\test\metrics_tests.js,1,1082
1692,BlockStatement,nan,-1,-1,-1,163,46,183,5,packages\datadog-metrics\test\metrics_tests.js,1,1083
1694,BlockStatement,nan,-1,-1,-1,185,59,214,5,packages\datadog-metrics\test\metrics_tests.js,1,1084
1696,BlockStatement,nan,-1,-1,-1,216,66,238,5,packages\datadog-metrics\test\metrics_tests.js,1,1085
1698,BlockStatement,nan,-1,-1,-1,242,42,245,5,packages\datadog-metrics\test\metrics_tests.js,1,1086
1700,BlockStatement,nan,-1,-1,-1,247,44,257,5,packages\datadog-metrics\test\metrics_tests.js,1,1087
1702,BlockStatement,nan,-1,-1,-1,259,65,269,5,packages\datadog-metrics\test\metrics_tests.js,1,1088
1704,BlockStatement,nan,-1,-1,-1,271,73,284,5,packages\datadog-metrics\test\metrics_tests.js,1,1089
1706,BlockStatement,nan,-1,-1,-1,286,71,298,5,packages\datadog-metrics\test\metrics_tests.js,1,1090
1707,VariableDeclaration,nan,-1,-1,-1,12,8,12,68,packages\datadog-metrics\test\metrics_tests.js,1,1091
1711,VariableDeclaration,nan,-1,-1,-1,19,8,19,39,packages\datadog-metrics\test\metrics_tests.js,1,1092
1712,VariableDeclaration,nan,-1,-1,-1,20,8,20,31,packages\datadog-metrics\test\metrics_tests.js,1,1093
1714,VariableDeclaration,nan,-1,-1,-1,22,8,22,48,packages\datadog-metrics\test\metrics_tests.js,1,1094
1716,VariableDeclaration,nan,-1,-1,-1,26,8,26,39,packages\datadog-metrics\test\metrics_tests.js,1,1095
1719,VariableDeclaration,nan,-1,-1,-1,34,8,34,38,packages\datadog-metrics\test\metrics_tests.js,1,1096
1721,VariableDeclaration,nan,-1,-1,-1,39,8,39,68,packages\datadog-metrics\test\metrics_tests.js,1,1097
1723,VariableDeclaration,nan,-1,-1,-1,41,8,41,28,packages\datadog-metrics\test\metrics_tests.js,1,1098
1730,VariableDeclaration,nan,-1,-1,-1,51,8,51,68,packages\datadog-metrics\test\metrics_tests.js,1,1099
1732,VariableDeclaration,nan,-1,-1,-1,53,8,53,28,packages\datadog-metrics\test\metrics_tests.js,1,1100
1739,VariableDeclaration,nan,-1,-1,-1,65,8,65,40,packages\datadog-metrics\test\metrics_tests.js,1,1101
1741,VariableDeclaration,nan,-1,-1,-1,70,8,70,70,packages\datadog-metrics\test\metrics_tests.js,1,1102
1743,VariableDeclaration,nan,-1,-1,-1,72,8,72,28,packages\datadog-metrics\test\metrics_tests.js,1,1103
1750,VariableDeclaration,nan,-1,-1,-1,82,8,82,70,packages\datadog-metrics\test\metrics_tests.js,1,1104
1752,VariableDeclaration,nan,-1,-1,-1,84,8,84,28,packages\datadog-metrics\test\metrics_tests.js,1,1105
1759,VariableDeclaration,nan,-1,-1,-1,96,8,96,42,packages\datadog-metrics\test\metrics_tests.js,1,1106
1761,VariableDeclaration,nan,-1,-1,-1,101,8,101,48,packages\datadog-metrics\test\metrics_tests.js,1,1107
1762,VariableDeclaration,nan,-1,-1,-1,102,8,102,26,packages\datadog-metrics\test\metrics_tests.js,1,1108
1773,VariableDeclaration,nan,-1,-1,-1,119,8,119,48,packages\datadog-metrics\test\metrics_tests.js,1,1109
1774,VariableDeclaration,nan,-1,-1,-1,120,8,120,26,packages\datadog-metrics\test\metrics_tests.js,1,1110
1782,VariableDeclaration,nan,-1,-1,-1,134,8,134,48,packages\datadog-metrics\test\metrics_tests.js,1,1111
1783,VariableDeclaration,nan,-1,-1,-1,135,8,135,26,packages\datadog-metrics\test\metrics_tests.js,1,1112
1791,VariableDeclaration,nan,-1,-1,-1,149,8,149,48,packages\datadog-metrics\test\metrics_tests.js,1,1113
1792,VariableDeclaration,nan,-1,-1,-1,150,8,150,26,packages\datadog-metrics\test\metrics_tests.js,1,1114
1800,VariableDeclaration,nan,-1,-1,-1,164,8,164,48,packages\datadog-metrics\test\metrics_tests.js,1,1115
1801,VariableDeclaration,nan,-1,-1,-1,165,8,165,26,packages\datadog-metrics\test\metrics_tests.js,1,1116
1814,VariableDeclaration,nan,-1,-1,-1,186,8,186,48,packages\datadog-metrics\test\metrics_tests.js,1,1117
1816,VariableDeclaration,nan,-1,-1,-1,188,8,188,26,packages\datadog-metrics\test\metrics_tests.js,1,1118
1825,ForStatement,nan,-1,-1,-1,201,8,203,9,packages\datadog-metrics\test\metrics_tests.js,1,1119
1835,VariableDeclaration,nan,-1,-1,-1,217,8,217,35,packages\datadog-metrics\test\metrics_tests.js,1,1120
1836,VariableDeclaration,nan,-1,-1,-1,218,8,218,35,packages\datadog-metrics\test\metrics_tests.js,1,1121
1837,VariableDeclaration,nan,-1,-1,-1,219,8,219,91,packages\datadog-metrics\test\metrics_tests.js,1,1122
1839,VariableDeclaration,nan,-1,-1,-1,221,8,221,26,packages\datadog-metrics\test\metrics_tests.js,1,1123
1844,ForStatement,nan,-1,-1,-1,231,8,233,9,packages\datadog-metrics\test\metrics_tests.js,1,1124
1848,VariableDeclaration,nan,-1,-1,-1,243,8,243,45,packages\datadog-metrics\test\metrics_tests.js,1,1125
1850,VariableDeclaration,nan,-1,-1,-1,248,8,248,75,packages\datadog-metrics\test\metrics_tests.js,1,1126
1852,VariableDeclaration,nan,-1,-1,-1,250,8,250,28,packages\datadog-metrics\test\metrics_tests.js,1,1127
1859,VariableDeclaration,nan,-1,-1,-1,260,8,260,75,packages\datadog-metrics\test\metrics_tests.js,1,1128
1861,VariableDeclaration,nan,-1,-1,-1,262,8,262,28,packages\datadog-metrics\test\metrics_tests.js,1,1129
1868,VariableDeclaration,nan,-1,-1,-1,272,8,272,75,packages\datadog-metrics\test\metrics_tests.js,1,1130
1872,VariableDeclaration,nan,-1,-1,-1,277,8,277,28,packages\datadog-metrics\test\metrics_tests.js,1,1131
1875,VariableDeclaration,nan,-1,-1,-1,287,8,287,75,packages\datadog-metrics\test\metrics_tests.js,1,1132
1879,VariableDeclaration,nan,-1,-1,-1,292,8,292,28,packages\datadog-metrics\test\metrics_tests.js,1,1133
1882,CallExpression,nan,1,-1,-1,13,8,13,37,packages\datadog-metrics\test\metrics_tests.js,1,1134
1883,CallExpression,nan,1,-1,-1,14,8,14,42,packages\datadog-metrics\test\metrics_tests.js,1,1135
1884,CallExpression,nan,1,-1,-1,15,8,15,37,packages\datadog-metrics\test\metrics_tests.js,1,1136
1885,CallExpression,nan,0,-1,-1,21,8,21,27,packages\datadog-metrics\test\metrics_tests.js,1,1137
1886,CallExpression,nan,1,-1,-1,23,8,23,44,packages\datadog-metrics\test\metrics_tests.js,1,1138
1887,CallExpression,nan,1,-1,-1,27,8,27,33,packages\datadog-metrics\test\metrics_tests.js,1,1139
1888,CallExpression,nan,1,-1,-1,28,8,28,37,packages\datadog-metrics\test\metrics_tests.js,1,1140
1889,CallExpression,nan,1,-1,-1,35,8,35,49,packages\datadog-metrics\test\metrics_tests.js,1,1141
1890,CallExpression,nan,1,-1,-1,40,8,40,21,packages\datadog-metrics\test\metrics_tests.js,1,1142
1891,CallExpression,nan,1,-1,-1,42,8,42,33,packages\datadog-metrics\test\metrics_tests.js,1,1143
1892,CallExpression,nan,2,-1,-1,43,8,43,54,packages\datadog-metrics\test\metrics_tests.js,1,1144
1893,CallExpression,nan,2,-1,-1,44,8,44,57,packages\datadog-metrics\test\metrics_tests.js,1,1145
1894,CallExpression,nan,2,-1,-1,45,8,45,51,packages\datadog-metrics\test\metrics_tests.js,1,1146
1895,CallExpression,nan,2,-1,-1,46,8,46,50,packages\datadog-metrics\test\metrics_tests.js,1,1147
1896,CallExpression,nan,2,-1,-1,47,8,47,70,packages\datadog-metrics\test\metrics_tests.js,1,1148
1897,CallExpression,nan,2,-1,-1,52,8,52,29,packages\datadog-metrics\test\metrics_tests.js,1,1149
1898,CallExpression,nan,1,-1,-1,54,8,54,33,packages\datadog-metrics\test\metrics_tests.js,1,1150
1899,CallExpression,nan,2,-1,-1,55,8,55,54,packages\datadog-metrics\test\metrics_tests.js,1,1151
1900,CallExpression,nan,2,-1,-1,56,8,56,57,packages\datadog-metrics\test\metrics_tests.js,1,1152
1901,CallExpression,nan,2,-1,-1,57,8,57,51,packages\datadog-metrics\test\metrics_tests.js,1,1153
1902,CallExpression,nan,2,-1,-1,58,8,58,50,packages\datadog-metrics\test\metrics_tests.js,1,1154
1903,CallExpression,nan,2,-1,-1,59,8,59,62,packages\datadog-metrics\test\metrics_tests.js,1,1155
1904,CallExpression,nan,1,-1,-1,66,8,66,49,packages\datadog-metrics\test\metrics_tests.js,1,1156
1905,CallExpression,nan,1,-1,-1,71,8,71,21,packages\datadog-metrics\test\metrics_tests.js,1,1157
1906,CallExpression,nan,1,-1,-1,73,8,73,33,packages\datadog-metrics\test\metrics_tests.js,1,1158
1907,CallExpression,nan,2,-1,-1,74,8,74,54,packages\datadog-metrics\test\metrics_tests.js,1,1159
1908,CallExpression,nan,2,-1,-1,75,8,75,57,packages\datadog-metrics\test\metrics_tests.js,1,1160
1909,CallExpression,nan,2,-1,-1,76,8,76,51,packages\datadog-metrics\test\metrics_tests.js,1,1161
1910,CallExpression,nan,2,-1,-1,77,8,77,50,packages\datadog-metrics\test\metrics_tests.js,1,1162
1911,CallExpression,nan,2,-1,-1,78,8,78,70,packages\datadog-metrics\test\metrics_tests.js,1,1163
1912,CallExpression,nan,2,-1,-1,83,8,83,29,packages\datadog-metrics\test\metrics_tests.js,1,1164
1913,CallExpression,nan,1,-1,-1,85,8,85,33,packages\datadog-metrics\test\metrics_tests.js,1,1165
1914,CallExpression,nan,2,-1,-1,86,8,86,54,packages\datadog-metrics\test\metrics_tests.js,1,1166
1915,CallExpression,nan,2,-1,-1,87,8,87,57,packages\datadog-metrics\test\metrics_tests.js,1,1167
1916,CallExpression,nan,2,-1,-1,88,8,88,51,packages\datadog-metrics\test\metrics_tests.js,1,1168
1917,CallExpression,nan,2,-1,-1,89,8,89,50,packages\datadog-metrics\test\metrics_tests.js,1,1169
1918,CallExpression,nan,2,-1,-1,90,8,90,62,packages\datadog-metrics\test\metrics_tests.js,1,1170
1919,CallExpression,nan,1,-1,-1,97,8,97,49,packages\datadog-metrics\test\metrics_tests.js,1,1171
1920,CallExpression,nan,2,-1,-1,104,8,104,63,packages\datadog-metrics\test\metrics_tests.js,1,1172
1921,CallExpression,nan,2,-1,-1,105,8,105,85,packages\datadog-metrics\test\metrics_tests.js,1,1173
1922,CallExpression,nan,2,-1,-1,106,8,106,63,packages\datadog-metrics\test\metrics_tests.js,1,1174
1923,CallExpression,nan,2,-1,-1,107,8,107,86,packages\datadog-metrics\test\metrics_tests.js,1,1175
1924,CallExpression,nan,1,-1,-1,109,8,109,22,packages\datadog-metrics\test\metrics_tests.js,1,1176
1925,AssignmentExpression,nan,-1,-1,-1,111,8,111,21,packages\datadog-metrics\test\metrics_tests.js,1,1177
1926,CallExpression,nan,2,-1,-1,112,8,112,63,packages\datadog-metrics\test\metrics_tests.js,1,1178
1927,CallExpression,nan,2,-1,-1,113,8,113,79,packages\datadog-metrics\test\metrics_tests.js,1,1179
1928,CallExpression,nan,2,-1,-1,114,8,114,63,packages\datadog-metrics\test\metrics_tests.js,1,1180
1929,CallExpression,nan,2,-1,-1,115,8,115,79,packages\datadog-metrics\test\metrics_tests.js,1,1181
1930,CallExpression,nan,2,-1,-1,122,8,122,63,packages\datadog-metrics\test\metrics_tests.js,1,1182
1931,CallExpression,nan,2,-1,-1,123,8,123,78,packages\datadog-metrics\test\metrics_tests.js,1,1183
1932,CallExpression,nan,1,-1,-1,125,8,125,21,packages\datadog-metrics\test\metrics_tests.js,1,1184
1933,CallExpression,nan,1,-1,-1,126,8,126,21,packages\datadog-metrics\test\metrics_tests.js,1,1185
1934,AssignmentExpression,nan,-1,-1,-1,128,8,128,21,packages\datadog-metrics\test\metrics_tests.js,1,1186
1935,CallExpression,nan,2,-1,-1,129,8,129,63,packages\datadog-metrics\test\metrics_tests.js,1,1187
1936,CallExpression,nan,2,-1,-1,130,8,130,78,packages\datadog-metrics\test\metrics_tests.js,1,1188
1937,CallExpression,nan,2,-1,-1,137,8,137,65,packages\datadog-metrics\test\metrics_tests.js,1,1189
1938,CallExpression,nan,2,-1,-1,138,8,138,78,packages\datadog-metrics\test\metrics_tests.js,1,1190
1939,CallExpression,nan,1,-1,-1,140,8,140,21,packages\datadog-metrics\test\metrics_tests.js,1,1191
1940,CallExpression,nan,1,-1,-1,141,8,141,21,packages\datadog-metrics\test\metrics_tests.js,1,1192
1941,AssignmentExpression,nan,-1,-1,-1,143,8,143,21,packages\datadog-metrics\test\metrics_tests.js,1,1193
1942,CallExpression,nan,2,-1,-1,144,8,144,65,packages\datadog-metrics\test\metrics_tests.js,1,1194
1943,CallExpression,nan,2,-1,-1,145,8,145,78,packages\datadog-metrics\test\metrics_tests.js,1,1195
1944,CallExpression,nan,2,-1,-1,152,8,152,63,packages\datadog-metrics\test\metrics_tests.js,1,1196
1945,CallExpression,nan,2,-1,-1,153,8,153,78,packages\datadog-metrics\test\metrics_tests.js,1,1197
1946,CallExpression,nan,1,-1,-1,155,8,155,21,packages\datadog-metrics\test\metrics_tests.js,1,1198
1947,CallExpression,nan,1,-1,-1,156,8,156,21,packages\datadog-metrics\test\metrics_tests.js,1,1199
1948,AssignmentExpression,nan,-1,-1,-1,158,8,158,21,packages\datadog-metrics\test\metrics_tests.js,1,1200
1949,CallExpression,nan,2,-1,-1,159,8,159,63,packages\datadog-metrics\test\metrics_tests.js,1,1201
1950,CallExpression,nan,2,-1,-1,160,8,160,80,packages\datadog-metrics\test\metrics_tests.js,1,1202
1951,CallExpression,nan,2,-1,-1,167,8,167,66,packages\datadog-metrics\test\metrics_tests.js,1,1203
1952,CallExpression,nan,2,-1,-1,168,8,168,78,packages\datadog-metrics\test\metrics_tests.js,1,1204
1953,CallExpression,nan,1,-1,-1,170,8,170,21,packages\datadog-metrics\test\metrics_tests.js,1,1205
1954,CallExpression,nan,1,-1,-1,171,8,171,21,packages\datadog-metrics\test\metrics_tests.js,1,1206
1955,CallExpression,nan,1,-1,-1,172,8,172,22,packages\datadog-metrics\test\metrics_tests.js,1,1207
1956,AssignmentExpression,nan,-1,-1,-1,174,8,174,21,packages\datadog-metrics\test\metrics_tests.js,1,1208
1957,CallExpression,nan,2,-1,-1,175,8,175,66,packages\datadog-metrics\test\metrics_tests.js,1,1209
1958,CallExpression,nan,2,-1,-1,176,8,176,78,packages\datadog-metrics\test\metrics_tests.js,1,1210
1959,CallExpression,nan,1,-1,-1,178,8,178,21,packages\datadog-metrics\test\metrics_tests.js,1,1211
1960,AssignmentExpression,nan,-1,-1,-1,180,8,180,21,packages\datadog-metrics\test\metrics_tests.js,1,1212
1961,CallExpression,nan,2,-1,-1,181,8,181,66,packages\datadog-metrics\test\metrics_tests.js,1,1213
1962,CallExpression,nan,2,-1,-1,182,8,182,80,packages\datadog-metrics\test\metrics_tests.js,1,1214
1963,CallExpression,nan,1,-1,-1,187,8,187,21,packages\datadog-metrics\test\metrics_tests.js,1,1215
1964,CallExpression,nan,2,-1,-1,190,8,190,72,packages\datadog-metrics\test\metrics_tests.js,1,1216
1965,CallExpression,nan,2,-1,-1,191,8,191,78,packages\datadog-metrics\test\metrics_tests.js,1,1217
1966,CallExpression,nan,2,-1,-1,192,8,192,72,packages\datadog-metrics\test\metrics_tests.js,1,1218
1967,CallExpression,nan,2,-1,-1,193,8,193,78,packages\datadog-metrics\test\metrics_tests.js,1,1219
1968,CallExpression,nan,2,-1,-1,194,8,194,72,packages\datadog-metrics\test\metrics_tests.js,1,1220
1969,CallExpression,nan,2,-1,-1,195,8,195,78,packages\datadog-metrics\test\metrics_tests.js,1,1221
1970,CallExpression,nan,2,-1,-1,196,8,196,72,packages\datadog-metrics\test\metrics_tests.js,1,1222
1971,CallExpression,nan,2,-1,-1,197,8,197,78,packages\datadog-metrics\test\metrics_tests.js,1,1223
1973,BlockStatement,nan,-1,-1,-1,201,39,203,9,packages\datadog-metrics\test\metrics_tests.js,1,1224
1974,AssignmentExpression,nan,-1,-1,-1,204,8,204,21,packages\datadog-metrics\test\metrics_tests.js,1,1225
1975,CallExpression,nan,2,-1,-1,206,8,206,72,packages\datadog-metrics\test\metrics_tests.js,1,1226
1976,CallExpression,nan,2,-1,-1,207,8,207,79,packages\datadog-metrics\test\metrics_tests.js,1,1227
1977,CallExpression,nan,2,-1,-1,208,8,208,72,packages\datadog-metrics\test\metrics_tests.js,1,1228
1978,CallExpression,nan,2,-1,-1,209,8,209,79,packages\datadog-metrics\test\metrics_tests.js,1,1229
1979,CallExpression,nan,2,-1,-1,210,8,210,72,packages\datadog-metrics\test\metrics_tests.js,1,1230
1980,CallExpression,nan,2,-1,-1,211,8,211,79,packages\datadog-metrics\test\metrics_tests.js,1,1231
1981,CallExpression,nan,2,-1,-1,212,8,212,72,packages\datadog-metrics\test\metrics_tests.js,1,1232
1982,CallExpression,nan,2,-1,-1,213,8,213,79,packages\datadog-metrics\test\metrics_tests.js,1,1233
1983,CallExpression,nan,1,-1,-1,220,8,220,21,packages\datadog-metrics\test\metrics_tests.js,1,1234
1984,CallExpression,nan,2,-1,-1,223,8,223,63,packages\datadog-metrics\test\metrics_tests.js,1,1235
1985,CallExpression,nan,2,-1,-1,224,8,224,78,packages\datadog-metrics\test\metrics_tests.js,1,1236
1986,CallExpression,nan,2,-1,-1,226,8,226,72,packages\datadog-metrics\test\metrics_tests.js,1,1237
1987,CallExpression,nan,2,-1,-1,227,8,227,78,packages\datadog-metrics\test\metrics_tests.js,1,1238
1989,BlockStatement,nan,-1,-1,-1,231,39,233,9,packages\datadog-metrics\test\metrics_tests.js,1,1239
1990,AssignmentExpression,nan,-1,-1,-1,234,8,234,21,packages\datadog-metrics\test\metrics_tests.js,1,1240
1991,CallExpression,nan,2,-1,-1,236,8,236,72,packages\datadog-metrics\test\metrics_tests.js,1,1241
1992,CallExpression,nan,2,-1,-1,237,8,237,79,packages\datadog-metrics\test\metrics_tests.js,1,1242
1993,CallExpression,nan,1,-1,-1,244,8,244,49,packages\datadog-metrics\test\metrics_tests.js,1,1243
1994,CallExpression,nan,1,-1,-1,249,8,249,21,packages\datadog-metrics\test\metrics_tests.js,1,1244
1995,CallExpression,nan,1,-1,-1,251,8,251,33,packages\datadog-metrics\test\metrics_tests.js,1,1245
1996,CallExpression,nan,2,-1,-1,252,8,252,54,packages\datadog-metrics\test\metrics_tests.js,1,1246
1997,CallExpression,nan,2,-1,-1,253,8,253,57,packages\datadog-metrics\test\metrics_tests.js,1,1247
1998,CallExpression,nan,2,-1,-1,254,8,254,51,packages\datadog-metrics\test\metrics_tests.js,1,1248
1999,CallExpression,nan,2,-1,-1,255,8,255,57,packages\datadog-metrics\test\metrics_tests.js,1,1249
2000,CallExpression,nan,2,-1,-1,256,8,256,72,packages\datadog-metrics\test\metrics_tests.js,1,1250
2001,CallExpression,nan,2,-1,-1,261,8,261,29,packages\datadog-metrics\test\metrics_tests.js,1,1251
2002,CallExpression,nan,1,-1,-1,263,8,263,33,packages\datadog-metrics\test\metrics_tests.js,1,1252
2003,CallExpression,nan,2,-1,-1,264,8,264,54,packages\datadog-metrics\test\metrics_tests.js,1,1253
2004,CallExpression,nan,2,-1,-1,265,8,265,57,packages\datadog-metrics\test\metrics_tests.js,1,1254
2005,CallExpression,nan,2,-1,-1,266,8,266,51,packages\datadog-metrics\test\metrics_tests.js,1,1255
2006,CallExpression,nan,2,-1,-1,267,8,267,57,packages\datadog-metrics\test\metrics_tests.js,1,1256
2007,CallExpression,nan,2,-1,-1,268,8,268,64,packages\datadog-metrics\test\metrics_tests.js,1,1257
2008,CallExpression,nan,2,-1,-1,273,8,273,29,packages\datadog-metrics\test\metrics_tests.js,1,1258
2009,CallExpression,nan,2,-1,-1,274,8,274,29,packages\datadog-metrics\test\metrics_tests.js,1,1259
2010,CallExpression,nan,2,-1,-1,275,8,275,29,packages\datadog-metrics\test\metrics_tests.js,1,1260
2011,CallExpression,nan,1,-1,-1,278,8,278,33,packages\datadog-metrics\test\metrics_tests.js,1,1261
2012,CallExpression,nan,1,-1,-1,279,8,283,10,packages\datadog-metrics\test\metrics_tests.js,1,1262
2013,CallExpression,nan,2,-1,-1,288,8,288,29,packages\datadog-metrics\test\metrics_tests.js,1,1263
2014,CallExpression,nan,2,-1,-1,289,8,289,29,packages\datadog-metrics\test\metrics_tests.js,1,1264
2015,CallExpression,nan,2,-1,-1,290,8,290,29,packages\datadog-metrics\test\metrics_tests.js,1,1265
2016,CallExpression,nan,1,-1,-1,293,8,293,33,packages\datadog-metrics\test\metrics_tests.js,1,1266
2017,CallExpression,nan,1,-1,-1,294,8,297,10,packages\datadog-metrics\test\metrics_tests.js,1,1267
2019,MemberExpression,nan,-1,-1,-1,13,8,13,26,packages\datadog-metrics\test\metrics_tests.js,1,1268
2020,ArrayExpression,nan,-1,-1,-1,14,33,14,41,packages\datadog-metrics\test\metrics_tests.js,1,1269
2021,MemberExpression,nan,-1,-1,-1,14,8,14,32,packages\datadog-metrics\test\metrics_tests.js,1,1270
2023,MemberExpression,nan,-1,-1,-1,15,8,15,27,packages\datadog-metrics\test\metrics_tests.js,1,1271
2024,MemberExpression,nan,-1,-1,-1,21,8,21,25,packages\datadog-metrics\test\metrics_tests.js,1,1272
2026,MemberExpression,nan,-1,-1,-1,23,8,23,38,packages\datadog-metrics\test\metrics_tests.js,1,1273
2028,MemberExpression,nan,-1,-1,-1,27,8,27,25,packages\datadog-metrics\test\metrics_tests.js,1,1274
2030,MemberExpression,nan,-1,-1,-1,28,8,28,32,packages\datadog-metrics\test\metrics_tests.js,1,1275
2032,MemberExpression,nan,-1,-1,-1,35,8,35,37,packages\datadog-metrics\test\metrics_tests.js,1,1276
2034,MemberExpression,nan,-1,-1,-1,40,8,40,18,packages\datadog-metrics\test\metrics_tests.js,1,1277
2036,MemberExpression,nan,-1,-1,-1,42,8,42,30,packages\datadog-metrics\test\metrics_tests.js,1,1278
2039,MemberExpression,nan,-1,-1,-1,43,8,43,33,packages\datadog-metrics\test\metrics_tests.js,1,1279
2041,ArrayExpression,nan,-1,-1,-1,44,47,44,56,packages\datadog-metrics\test\metrics_tests.js,1,1280
2042,MemberExpression,nan,-1,-1,-1,44,8,44,38,packages\datadog-metrics\test\metrics_tests.js,1,1281
2045,MemberExpression,nan,-1,-1,-1,45,8,45,33,packages\datadog-metrics\test\metrics_tests.js,1,1282
2048,MemberExpression,nan,-1,-1,-1,46,8,46,33,packages\datadog-metrics\test\metrics_tests.js,1,1283
2050,ArrayExpression,nan,-1,-1,-1,47,49,47,69,packages\datadog-metrics\test\metrics_tests.js,1,1284
2051,MemberExpression,nan,-1,-1,-1,47,8,47,38,packages\datadog-metrics\test\metrics_tests.js,1,1285
2054,MemberExpression,nan,-1,-1,-1,52,8,52,18,packages\datadog-metrics\test\metrics_tests.js,1,1286
2056,MemberExpression,nan,-1,-1,-1,54,8,54,30,packages\datadog-metrics\test\metrics_tests.js,1,1287
2059,MemberExpression,nan,-1,-1,-1,55,8,55,33,packages\datadog-metrics\test\metrics_tests.js,1,1288
2061,ArrayExpression,nan,-1,-1,-1,56,47,56,56,packages\datadog-metrics\test\metrics_tests.js,1,1289
2062,MemberExpression,nan,-1,-1,-1,56,8,56,38,packages\datadog-metrics\test\metrics_tests.js,1,1290
2065,MemberExpression,nan,-1,-1,-1,57,8,57,33,packages\datadog-metrics\test\metrics_tests.js,1,1291
2068,MemberExpression,nan,-1,-1,-1,58,8,58,33,packages\datadog-metrics\test\metrics_tests.js,1,1292
2070,ArrayExpression,nan,-1,-1,-1,59,49,59,61,packages\datadog-metrics\test\metrics_tests.js,1,1293
2071,MemberExpression,nan,-1,-1,-1,59,8,59,38,packages\datadog-metrics\test\metrics_tests.js,1,1294
2073,MemberExpression,nan,-1,-1,-1,66,8,66,37,packages\datadog-metrics\test\metrics_tests.js,1,1295
2075,MemberExpression,nan,-1,-1,-1,71,8,71,18,packages\datadog-metrics\test\metrics_tests.js,1,1296
2077,MemberExpression,nan,-1,-1,-1,73,8,73,30,packages\datadog-metrics\test\metrics_tests.js,1,1297
2080,MemberExpression,nan,-1,-1,-1,74,8,74,33,packages\datadog-metrics\test\metrics_tests.js,1,1298
2082,ArrayExpression,nan,-1,-1,-1,75,47,75,56,packages\datadog-metrics\test\metrics_tests.js,1,1299
2083,MemberExpression,nan,-1,-1,-1,75,8,75,38,packages\datadog-metrics\test\metrics_tests.js,1,1300
2086,MemberExpression,nan,-1,-1,-1,76,8,76,33,packages\datadog-metrics\test\metrics_tests.js,1,1301
2089,MemberExpression,nan,-1,-1,-1,77,8,77,33,packages\datadog-metrics\test\metrics_tests.js,1,1302
2091,ArrayExpression,nan,-1,-1,-1,78,49,78,69,packages\datadog-metrics\test\metrics_tests.js,1,1303
2092,MemberExpression,nan,-1,-1,-1,78,8,78,38,packages\datadog-metrics\test\metrics_tests.js,1,1304
2095,MemberExpression,nan,-1,-1,-1,83,8,83,18,packages\datadog-metrics\test\metrics_tests.js,1,1305
2097,MemberExpression,nan,-1,-1,-1,85,8,85,30,packages\datadog-metrics\test\metrics_tests.js,1,1306
2100,MemberExpression,nan,-1,-1,-1,86,8,86,33,packages\datadog-metrics\test\metrics_tests.js,1,1307
2102,ArrayExpression,nan,-1,-1,-1,87,47,87,56,packages\datadog-metrics\test\metrics_tests.js,1,1308
2103,MemberExpression,nan,-1,-1,-1,87,8,87,38,packages\datadog-metrics\test\metrics_tests.js,1,1309
2106,MemberExpression,nan,-1,-1,-1,88,8,88,33,packages\datadog-metrics\test\metrics_tests.js,1,1310
2109,MemberExpression,nan,-1,-1,-1,89,8,89,33,packages\datadog-metrics\test\metrics_tests.js,1,1311
2111,ArrayExpression,nan,-1,-1,-1,90,49,90,61,packages\datadog-metrics\test\metrics_tests.js,1,1312
2112,MemberExpression,nan,-1,-1,-1,90,8,90,38,packages\datadog-metrics\test\metrics_tests.js,1,1313
2114,MemberExpression,nan,-1,-1,-1,97,8,97,37,packages\datadog-metrics\test\metrics_tests.js,1,1314
2117,MemberExpression,nan,-1,-1,-1,104,8,104,37,packages\datadog-metrics\test\metrics_tests.js,1,1315
2119,ArrayExpression,nan,-1,-1,-1,105,57,105,84,packages\datadog-metrics\test\metrics_tests.js,1,1316
2120,MemberExpression,nan,-1,-1,-1,105,8,105,42,packages\datadog-metrics\test\metrics_tests.js,1,1317
2123,MemberExpression,nan,-1,-1,-1,106,8,106,37,packages\datadog-metrics\test\metrics_tests.js,1,1318
2125,ArrayExpression,nan,-1,-1,-1,107,57,107,85,packages\datadog-metrics\test\metrics_tests.js,1,1319
2126,MemberExpression,nan,-1,-1,-1,107,8,107,42,packages\datadog-metrics\test\metrics_tests.js,1,1320
2128,MemberExpression,nan,-1,-1,-1,109,8,109,18,packages\datadog-metrics\test\metrics_tests.js,1,1321
2129,Identifier,f,-1,-1,-1,111,8,111,9,packages\datadog-metrics\test\metrics_tests.js,1,1322
2130,CallExpression,nan,0,-1,-1,111,12,111,21,packages\datadog-metrics\test\metrics_tests.js,1,1323
2133,MemberExpression,nan,-1,-1,-1,112,8,112,37,packages\datadog-metrics\test\metrics_tests.js,1,1324
2135,ArrayExpression,nan,-1,-1,-1,113,57,113,78,packages\datadog-metrics\test\metrics_tests.js,1,1325
2136,MemberExpression,nan,-1,-1,-1,113,8,113,42,packages\datadog-metrics\test\metrics_tests.js,1,1326
2139,MemberExpression,nan,-1,-1,-1,114,8,114,37,packages\datadog-metrics\test\metrics_tests.js,1,1327
2141,ArrayExpression,nan,-1,-1,-1,115,57,115,78,packages\datadog-metrics\test\metrics_tests.js,1,1328
2142,MemberExpression,nan,-1,-1,-1,115,8,115,42,packages\datadog-metrics\test\metrics_tests.js,1,1329
2145,MemberExpression,nan,-1,-1,-1,122,8,122,37,packages\datadog-metrics\test\metrics_tests.js,1,1330
2147,ArrayExpression,nan,-1,-1,-1,123,57,123,77,packages\datadog-metrics\test\metrics_tests.js,1,1331
2148,MemberExpression,nan,-1,-1,-1,123,8,123,42,packages\datadog-metrics\test\metrics_tests.js,1,1332
2150,MemberExpression,nan,-1,-1,-1,125,8,125,18,packages\datadog-metrics\test\metrics_tests.js,1,1333
2152,MemberExpression,nan,-1,-1,-1,126,8,126,18,packages\datadog-metrics\test\metrics_tests.js,1,1334
2153,Identifier,f,-1,-1,-1,128,8,128,9,packages\datadog-metrics\test\metrics_tests.js,1,1335
2154,CallExpression,nan,0,-1,-1,128,12,128,21,packages\datadog-metrics\test\metrics_tests.js,1,1336
2157,MemberExpression,nan,-1,-1,-1,129,8,129,37,packages\datadog-metrics\test\metrics_tests.js,1,1337
2159,ArrayExpression,nan,-1,-1,-1,130,57,130,77,packages\datadog-metrics\test\metrics_tests.js,1,1338
2160,MemberExpression,nan,-1,-1,-1,130,8,130,42,packages\datadog-metrics\test\metrics_tests.js,1,1339
2163,MemberExpression,nan,-1,-1,-1,137,8,137,37,packages\datadog-metrics\test\metrics_tests.js,1,1340
2165,ArrayExpression,nan,-1,-1,-1,138,57,138,77,packages\datadog-metrics\test\metrics_tests.js,1,1341
2166,MemberExpression,nan,-1,-1,-1,138,8,138,42,packages\datadog-metrics\test\metrics_tests.js,1,1342
2168,MemberExpression,nan,-1,-1,-1,140,8,140,18,packages\datadog-metrics\test\metrics_tests.js,1,1343
2170,MemberExpression,nan,-1,-1,-1,141,8,141,18,packages\datadog-metrics\test\metrics_tests.js,1,1344
2171,Identifier,f,-1,-1,-1,143,8,143,9,packages\datadog-metrics\test\metrics_tests.js,1,1345
2172,CallExpression,nan,0,-1,-1,143,12,143,21,packages\datadog-metrics\test\metrics_tests.js,1,1346
2175,MemberExpression,nan,-1,-1,-1,144,8,144,37,packages\datadog-metrics\test\metrics_tests.js,1,1347
2177,ArrayExpression,nan,-1,-1,-1,145,57,145,77,packages\datadog-metrics\test\metrics_tests.js,1,1348
2178,MemberExpression,nan,-1,-1,-1,145,8,145,42,packages\datadog-metrics\test\metrics_tests.js,1,1349
2181,MemberExpression,nan,-1,-1,-1,152,8,152,37,packages\datadog-metrics\test\metrics_tests.js,1,1350
2183,ArrayExpression,nan,-1,-1,-1,153,57,153,77,packages\datadog-metrics\test\metrics_tests.js,1,1351
2184,MemberExpression,nan,-1,-1,-1,153,8,153,42,packages\datadog-metrics\test\metrics_tests.js,1,1352
2186,MemberExpression,nan,-1,-1,-1,155,8,155,18,packages\datadog-metrics\test\metrics_tests.js,1,1353
2188,MemberExpression,nan,-1,-1,-1,156,8,156,18,packages\datadog-metrics\test\metrics_tests.js,1,1354
2189,Identifier,f,-1,-1,-1,158,8,158,9,packages\datadog-metrics\test\metrics_tests.js,1,1355
2190,CallExpression,nan,0,-1,-1,158,12,158,21,packages\datadog-metrics\test\metrics_tests.js,1,1356
2193,MemberExpression,nan,-1,-1,-1,159,8,159,37,packages\datadog-metrics\test\metrics_tests.js,1,1357
2195,ArrayExpression,nan,-1,-1,-1,160,57,160,79,packages\datadog-metrics\test\metrics_tests.js,1,1358
2196,MemberExpression,nan,-1,-1,-1,160,8,160,42,packages\datadog-metrics\test\metrics_tests.js,1,1359
2199,MemberExpression,nan,-1,-1,-1,167,8,167,37,packages\datadog-metrics\test\metrics_tests.js,1,1360
2201,ArrayExpression,nan,-1,-1,-1,168,57,168,77,packages\datadog-metrics\test\metrics_tests.js,1,1361
2202,MemberExpression,nan,-1,-1,-1,168,8,168,42,packages\datadog-metrics\test\metrics_tests.js,1,1362
2204,MemberExpression,nan,-1,-1,-1,170,8,170,18,packages\datadog-metrics\test\metrics_tests.js,1,1363
2206,MemberExpression,nan,-1,-1,-1,171,8,171,18,packages\datadog-metrics\test\metrics_tests.js,1,1364
2208,MemberExpression,nan,-1,-1,-1,172,8,172,18,packages\datadog-metrics\test\metrics_tests.js,1,1365
2209,Identifier,f,-1,-1,-1,174,8,174,9,packages\datadog-metrics\test\metrics_tests.js,1,1366
2210,CallExpression,nan,0,-1,-1,174,12,174,21,packages\datadog-metrics\test\metrics_tests.js,1,1367
2213,MemberExpression,nan,-1,-1,-1,175,8,175,37,packages\datadog-metrics\test\metrics_tests.js,1,1368
2215,ArrayExpression,nan,-1,-1,-1,176,57,176,77,packages\datadog-metrics\test\metrics_tests.js,1,1369
2216,MemberExpression,nan,-1,-1,-1,176,8,176,42,packages\datadog-metrics\test\metrics_tests.js,1,1370
2218,MemberExpression,nan,-1,-1,-1,178,8,178,18,packages\datadog-metrics\test\metrics_tests.js,1,1371
2219,Identifier,f,-1,-1,-1,180,8,180,9,packages\datadog-metrics\test\metrics_tests.js,1,1372
2220,CallExpression,nan,0,-1,-1,180,12,180,21,packages\datadog-metrics\test\metrics_tests.js,1,1373
2223,MemberExpression,nan,-1,-1,-1,181,8,181,37,packages\datadog-metrics\test\metrics_tests.js,1,1374
2225,ArrayExpression,nan,-1,-1,-1,182,57,182,79,packages\datadog-metrics\test\metrics_tests.js,1,1375
2226,MemberExpression,nan,-1,-1,-1,182,8,182,42,packages\datadog-metrics\test\metrics_tests.js,1,1376
2228,MemberExpression,nan,-1,-1,-1,187,8,187,18,packages\datadog-metrics\test\metrics_tests.js,1,1377
2231,MemberExpression,nan,-1,-1,-1,190,8,190,37,packages\datadog-metrics\test\metrics_tests.js,1,1378
2233,ArrayExpression,nan,-1,-1,-1,191,57,191,77,packages\datadog-metrics\test\metrics_tests.js,1,1379
2234,MemberExpression,nan,-1,-1,-1,191,8,191,42,packages\datadog-metrics\test\metrics_tests.js,1,1380
2237,MemberExpression,nan,-1,-1,-1,192,8,192,37,packages\datadog-metrics\test\metrics_tests.js,1,1381
2239,ArrayExpression,nan,-1,-1,-1,193,57,193,77,packages\datadog-metrics\test\metrics_tests.js,1,1382
2240,MemberExpression,nan,-1,-1,-1,193,8,193,42,packages\datadog-metrics\test\metrics_tests.js,1,1383
2243,MemberExpression,nan,-1,-1,-1,194,8,194,37,packages\datadog-metrics\test\metrics_tests.js,1,1384
2245,ArrayExpression,nan,-1,-1,-1,195,57,195,77,packages\datadog-metrics\test\metrics_tests.js,1,1385
2246,MemberExpression,nan,-1,-1,-1,195,8,195,42,packages\datadog-metrics\test\metrics_tests.js,1,1386
2249,MemberExpression,nan,-1,-1,-1,196,8,196,37,packages\datadog-metrics\test\metrics_tests.js,1,1387
2251,ArrayExpression,nan,-1,-1,-1,197,57,197,77,packages\datadog-metrics\test\metrics_tests.js,1,1388
2252,MemberExpression,nan,-1,-1,-1,197,8,197,42,packages\datadog-metrics\test\metrics_tests.js,1,1389
2253,Identifier,i,-1,-1,-1,201,24,201,25,packages\datadog-metrics\test\metrics_tests.js,1,1390
2256,Identifier,f,-1,-1,-1,204,8,204,9,packages\datadog-metrics\test\metrics_tests.js,1,1391
2257,CallExpression,nan,0,-1,-1,204,12,204,21,packages\datadog-metrics\test\metrics_tests.js,1,1392
2260,MemberExpression,nan,-1,-1,-1,206,8,206,37,packages\datadog-metrics\test\metrics_tests.js,1,1393
2262,ArrayExpression,nan,-1,-1,-1,207,57,207,78,packages\datadog-metrics\test\metrics_tests.js,1,1394
2263,MemberExpression,nan,-1,-1,-1,207,8,207,42,packages\datadog-metrics\test\metrics_tests.js,1,1395
2266,MemberExpression,nan,-1,-1,-1,208,8,208,37,packages\datadog-metrics\test\metrics_tests.js,1,1396
2268,ArrayExpression,nan,-1,-1,-1,209,57,209,78,packages\datadog-metrics\test\metrics_tests.js,1,1397
2269,MemberExpression,nan,-1,-1,-1,209,8,209,42,packages\datadog-metrics\test\metrics_tests.js,1,1398
2272,MemberExpression,nan,-1,-1,-1,210,8,210,37,packages\datadog-metrics\test\metrics_tests.js,1,1399
2274,ArrayExpression,nan,-1,-1,-1,211,57,211,78,packages\datadog-metrics\test\metrics_tests.js,1,1400
2275,MemberExpression,nan,-1,-1,-1,211,8,211,42,packages\datadog-metrics\test\metrics_tests.js,1,1401
2278,MemberExpression,nan,-1,-1,-1,212,8,212,37,packages\datadog-metrics\test\metrics_tests.js,1,1402
2280,ArrayExpression,nan,-1,-1,-1,213,57,213,78,packages\datadog-metrics\test\metrics_tests.js,1,1403
2281,MemberExpression,nan,-1,-1,-1,213,8,213,42,packages\datadog-metrics\test\metrics_tests.js,1,1404
2283,MemberExpression,nan,-1,-1,-1,220,8,220,18,packages\datadog-metrics\test\metrics_tests.js,1,1405
2286,MemberExpression,nan,-1,-1,-1,223,8,223,37,packages\datadog-metrics\test\metrics_tests.js,1,1406
2288,ArrayExpression,nan,-1,-1,-1,224,57,224,77,packages\datadog-metrics\test\metrics_tests.js,1,1407
2289,MemberExpression,nan,-1,-1,-1,224,8,224,42,packages\datadog-metrics\test\metrics_tests.js,1,1408
2292,MemberExpression,nan,-1,-1,-1,226,8,226,37,packages\datadog-metrics\test\metrics_tests.js,1,1409
2294,ArrayExpression,nan,-1,-1,-1,227,57,227,77,packages\datadog-metrics\test\metrics_tests.js,1,1410
2295,MemberExpression,nan,-1,-1,-1,227,8,227,42,packages\datadog-metrics\test\metrics_tests.js,1,1411
2296,Identifier,i,-1,-1,-1,231,24,231,25,packages\datadog-metrics\test\metrics_tests.js,1,1412
2299,Identifier,f,-1,-1,-1,234,8,234,9,packages\datadog-metrics\test\metrics_tests.js,1,1413
2300,CallExpression,nan,0,-1,-1,234,12,234,21,packages\datadog-metrics\test\metrics_tests.js,1,1414
2303,MemberExpression,nan,-1,-1,-1,236,8,236,37,packages\datadog-metrics\test\metrics_tests.js,1,1415
2305,ArrayExpression,nan,-1,-1,-1,237,57,237,78,packages\datadog-metrics\test\metrics_tests.js,1,1416
2306,MemberExpression,nan,-1,-1,-1,237,8,237,42,packages\datadog-metrics\test\metrics_tests.js,1,1417
2308,MemberExpression,nan,-1,-1,-1,244,8,244,37,packages\datadog-metrics\test\metrics_tests.js,1,1418
2310,MemberExpression,nan,-1,-1,-1,249,8,249,18,packages\datadog-metrics\test\metrics_tests.js,1,1419
2312,MemberExpression,nan,-1,-1,-1,251,8,251,30,packages\datadog-metrics\test\metrics_tests.js,1,1420
2315,MemberExpression,nan,-1,-1,-1,252,8,252,33,packages\datadog-metrics\test\metrics_tests.js,1,1421
2317,ArrayExpression,nan,-1,-1,-1,253,47,253,56,packages\datadog-metrics\test\metrics_tests.js,1,1422
2318,MemberExpression,nan,-1,-1,-1,253,8,253,38,packages\datadog-metrics\test\metrics_tests.js,1,1423
2321,MemberExpression,nan,-1,-1,-1,254,8,254,33,packages\datadog-metrics\test\metrics_tests.js,1,1424
2324,MemberExpression,nan,-1,-1,-1,255,8,255,33,packages\datadog-metrics\test\metrics_tests.js,1,1425
2326,ArrayExpression,nan,-1,-1,-1,256,49,256,71,packages\datadog-metrics\test\metrics_tests.js,1,1426
2327,MemberExpression,nan,-1,-1,-1,256,8,256,38,packages\datadog-metrics\test\metrics_tests.js,1,1427
2330,MemberExpression,nan,-1,-1,-1,261,8,261,18,packages\datadog-metrics\test\metrics_tests.js,1,1428
2332,MemberExpression,nan,-1,-1,-1,263,8,263,30,packages\datadog-metrics\test\metrics_tests.js,1,1429
2335,MemberExpression,nan,-1,-1,-1,264,8,264,33,packages\datadog-metrics\test\metrics_tests.js,1,1430
2337,ArrayExpression,nan,-1,-1,-1,265,47,265,56,packages\datadog-metrics\test\metrics_tests.js,1,1431
2338,MemberExpression,nan,-1,-1,-1,265,8,265,38,packages\datadog-metrics\test\metrics_tests.js,1,1432
2341,MemberExpression,nan,-1,-1,-1,266,8,266,33,packages\datadog-metrics\test\metrics_tests.js,1,1433
2344,MemberExpression,nan,-1,-1,-1,267,8,267,33,packages\datadog-metrics\test\metrics_tests.js,1,1434
2346,ArrayExpression,nan,-1,-1,-1,268,49,268,63,packages\datadog-metrics\test\metrics_tests.js,1,1435
2347,MemberExpression,nan,-1,-1,-1,268,8,268,38,packages\datadog-metrics\test\metrics_tests.js,1,1436
2350,MemberExpression,nan,-1,-1,-1,273,8,273,18,packages\datadog-metrics\test\metrics_tests.js,1,1437
2353,MemberExpression,nan,-1,-1,-1,274,8,274,18,packages\datadog-metrics\test\metrics_tests.js,1,1438
2356,MemberExpression,nan,-1,-1,-1,275,8,275,18,packages\datadog-metrics\test\metrics_tests.js,1,1439
2358,MemberExpression,nan,-1,-1,-1,278,8,278,30,packages\datadog-metrics\test\metrics_tests.js,1,1440
2359,ArrayExpression,nan,-1,-1,-1,279,31,283,9,packages\datadog-metrics\test\metrics_tests.js,1,1441
2360,MemberExpression,nan,-1,-1,-1,279,8,279,30,packages\datadog-metrics\test\metrics_tests.js,1,1442
2363,MemberExpression,nan,-1,-1,-1,288,8,288,18,packages\datadog-metrics\test\metrics_tests.js,1,1443
2366,MemberExpression,nan,-1,-1,-1,289,8,289,18,packages\datadog-metrics\test\metrics_tests.js,1,1444
2369,MemberExpression,nan,-1,-1,-1,290,8,290,18,packages\datadog-metrics\test\metrics_tests.js,1,1445
2371,MemberExpression,nan,-1,-1,-1,293,8,293,30,packages\datadog-metrics\test\metrics_tests.js,1,1446
2372,ArrayExpression,nan,-1,-1,-1,294,31,297,9,packages\datadog-metrics\test\metrics_tests.js,1,1447
2373,MemberExpression,nan,-1,-1,-1,294,8,294,30,packages\datadog-metrics\test\metrics_tests.js,1,1448
2374,MemberExpression,nan,-1,-1,-1,111,12,111,19,packages\datadog-metrics\test\metrics_tests.js,1,1449
2375,MemberExpression,nan,-1,-1,-1,128,12,128,19,packages\datadog-metrics\test\metrics_tests.js,1,1450
2376,MemberExpression,nan,-1,-1,-1,143,12,143,19,packages\datadog-metrics\test\metrics_tests.js,1,1451
2377,MemberExpression,nan,-1,-1,-1,158,12,158,19,packages\datadog-metrics\test\metrics_tests.js,1,1452
2378,MemberExpression,nan,-1,-1,-1,174,12,174,19,packages\datadog-metrics\test\metrics_tests.js,1,1453
2379,MemberExpression,nan,-1,-1,-1,180,12,180,19,packages\datadog-metrics\test\metrics_tests.js,1,1454
2380,CallExpression,nan,1,-1,-1,202,12,202,25,packages\datadog-metrics\test\metrics_tests.js,1,1455
2381,MemberExpression,nan,-1,-1,-1,204,12,204,19,packages\datadog-metrics\test\metrics_tests.js,1,1456
2382,CallExpression,nan,1,-1,-1,232,12,232,25,packages\datadog-metrics\test\metrics_tests.js,1,1457
2383,MemberExpression,nan,-1,-1,-1,234,12,234,19,packages\datadog-metrics\test\metrics_tests.js,1,1458
2384,Identifier,i,-1,-1,-1,202,23,202,24,packages\datadog-metrics\test\metrics_tests.js,1,1459
2385,MemberExpression,nan,-1,-1,-1,202,12,202,22,packages\datadog-metrics\test\metrics_tests.js,1,1460
2386,Identifier,i,-1,-1,-1,232,23,232,24,packages\datadog-metrics\test\metrics_tests.js,1,1461
2387,MemberExpression,nan,-1,-1,-1,232,12,232,22,packages\datadog-metrics\test\metrics_tests.js,1,1462
2388,Program,nan,-1,-1,-1,1,0,85,3,packages\datadog-metrics\test\module_tests.js,1,1463
2390,VariableDeclaration,nan,-1,-1,-1,3,0,3,29,packages\datadog-metrics\test\module_tests.js,1,1464
2391,VariableDeclaration,nan,-1,-1,-1,4,0,4,49,packages\datadog-metrics\test\module_tests.js,1,1465
2393,VariableDeclaration,nan,-1,-1,-1,9,0,9,19,packages\datadog-metrics\test\module_tests.js,1,1466
2398,CallExpression,nan,0,-1,-1,6,0,6,13,packages\datadog-metrics\test\module_tests.js,1,1467
2399,CallExpression,nan,1,-1,-1,13,0,16,2,packages\datadog-metrics\test\module_tests.js,1,1468
2400,CallExpression,nan,1,-1,-1,18,0,20,2,packages\datadog-metrics\test\module_tests.js,1,1469
2401,CallExpression,nan,2,-1,-1,22,0,85,2,packages\datadog-metrics\test\module_tests.js,1,1470
2402,MemberExpression,nan,-1,-1,-1,6,0,6,11,packages\datadog-metrics\test\module_tests.js,1,1471
2403,FunctionExpression,nan,-1,0,0,13,11,16,1,packages\datadog-metrics\test\module_tests.js,1,1472
2404,Identifier,beforeEach,-1,-1,-1,13,0,13,10,packages\datadog-metrics\test\module_tests.js,1,1473
2405,FunctionExpression,nan,-1,0,0,18,10,20,1,packages\datadog-metrics\test\module_tests.js,1,1474
2406,Identifier,afterEach,-1,-1,-1,18,0,18,9,packages\datadog-metrics\test\module_tests.js,1,1475
2408,FunctionExpression,nan,-1,0,0,22,28,85,1,packages\datadog-metrics\test\module_tests.js,1,1476
2409,Identifier,describe,-1,-1,-1,22,0,22,8,packages\datadog-metrics\test\module_tests.js,1,1477
2411,BlockStatement,nan,-1,-1,-1,13,22,16,1,packages\datadog-metrics\test\module_tests.js,1,1478
2413,BlockStatement,nan,-1,-1,-1,18,27,20,1,packages\datadog-metrics\test\module_tests.js,1,1479
2415,BlockStatement,nan,-1,-1,-1,22,39,85,1,packages\datadog-metrics\test\module_tests.js,1,1480
2424,UnaryExpression,nan,1,-1,-1,14,4,14,56,packages\datadog-metrics\test\module_tests.js,1,1481
2425,AssignmentExpression,nan,-1,-1,-1,15,4,15,36,packages\datadog-metrics\test\module_tests.js,1,1482
2426,AwaitExpression,nan,1,-1,-1,19,4,19,40,packages\datadog-metrics\test\module_tests.js,1,1483
2427,CallExpression,nan,2,-1,-1,23,4,29,6,packages\datadog-metrics\test\module_tests.js,1,1484
2428,CallExpression,nan,2,-1,-1,31,4,49,6,packages\datadog-metrics\test\module_tests.js,1,1485
2429,CallExpression,nan,2,-1,-1,51,4,70,6,packages\datadog-metrics\test\module_tests.js,1,1486
2430,CallExpression,nan,2,-1,-1,72,4,79,6,packages\datadog-metrics\test\module_tests.js,1,1487
2431,CallExpression,nan,2,-1,-1,81,4,84,6,packages\datadog-metrics\test\module_tests.js,1,1488
2432,MemberExpression,nan,-1,-1,-1,14,11,14,56,packages\datadog-metrics\test\module_tests.js,1,1489
2433,Identifier,metrics,-1,-1,-1,15,4,15,11,packages\datadog-metrics\test\module_tests.js,1,1490
2434,CallExpression,nan,1,-1,-1,15,14,15,36,packages\datadog-metrics\test\module_tests.js,1,1491
2435,CallExpression,nan,1,-1,-1,19,10,19,40,packages\datadog-metrics\test\module_tests.js,1,1492
2437,FunctionExpression,nan,-1,0,0,23,57,29,5,packages\datadog-metrics\test\module_tests.js,1,1493
2438,Identifier,it,-1,-1,-1,23,4,23,6,packages\datadog-metrics\test\module_tests.js,1,1494
2440,FunctionExpression,nan,-1,0,0,31,67,49,5,packages\datadog-metrics\test\module_tests.js,1,1495
2441,Identifier,it,-1,-1,-1,31,4,31,6,packages\datadog-metrics\test\module_tests.js,1,1496
2443,FunctionExpression,nan,-1,0,0,51,80,70,5,packages\datadog-metrics\test\module_tests.js,1,1497
2444,Identifier,it,-1,-1,-1,51,4,51,6,packages\datadog-metrics\test\module_tests.js,1,1498
2446,FunctionExpression,nan,-1,0,0,72,65,79,5,packages\datadog-metrics\test\module_tests.js,1,1499
2447,Identifier,it,-1,-1,-1,72,4,72,6,packages\datadog-metrics\test\module_tests.js,1,1500
2449,FunctionExpression,nan,-1,0,0,81,52,84,5,packages\datadog-metrics\test\module_tests.js,1,1501
2450,Identifier,it,-1,-1,-1,81,4,81,6,packages\datadog-metrics\test\module_tests.js,1,1502
2452,Identifier,require,-1,-1,-1,15,14,15,21,packages\datadog-metrics\test\module_tests.js,1,1503
2453,ObjectExpression,nan,-1,-1,-1,19,23,19,39,packages\datadog-metrics\test\module_tests.js,1,1504
2454,MemberExpression,nan,-1,-1,-1,19,10,19,22,packages\datadog-metrics\test\module_tests.js,1,1505
2456,BlockStatement,nan,-1,-1,-1,23,68,29,5,packages\datadog-metrics\test\module_tests.js,1,1506
2458,BlockStatement,nan,-1,-1,-1,31,84,49,5,packages\datadog-metrics\test\module_tests.js,1,1507
2460,BlockStatement,nan,-1,-1,-1,51,97,70,5,packages\datadog-metrics\test\module_tests.js,1,1508
2462,BlockStatement,nan,-1,-1,-1,72,76,79,5,packages\datadog-metrics\test\module_tests.js,1,1509
2464,BlockStatement,nan,-1,-1,-1,81,63,84,5,packages\datadog-metrics\test\module_tests.js,1,1510
2466,VariableDeclaration,nan,-1,-1,-1,25,8,27,11,packages\datadog-metrics\test\module_tests.js,1,1511
2488,CallExpression,nan,1,-1,-1,24,8,24,61,packages\datadog-metrics\test\module_tests.js,1,1512
2489,CallExpression,nan,2,-1,-1,28,8,28,38,packages\datadog-metrics\test\module_tests.js,1,1513
2490,CallExpression,nan,1,-1,-1,32,8,32,44,packages\datadog-metrics\test\module_tests.js,1,1514
2491,CallExpression,nan,1,-1,-1,33,8,43,10,packages\datadog-metrics\test\module_tests.js,1,1515
2492,CallExpression,nan,2,-1,-1,44,8,44,39,packages\datadog-metrics\test\module_tests.js,1,1516
2493,CallExpression,nan,1,-1,-1,45,8,45,41,packages\datadog-metrics\test\module_tests.js,1,1517
2494,CallExpression,nan,2,-1,-1,46,8,46,45,packages\datadog-metrics\test\module_tests.js,1,1518
2495,CallExpression,nan,2,-1,-1,47,8,47,47,packages\datadog-metrics\test\module_tests.js,1,1519
2496,AwaitExpression,nan,1,-1,-1,48,8,48,29,packages\datadog-metrics\test\module_tests.js,1,1520
2497,CallExpression,nan,1,-1,-1,52,8,52,44,packages\datadog-metrics\test\module_tests.js,1,1521
2498,CallExpression,nan,1,-1,-1,53,8,66,10,packages\datadog-metrics\test\module_tests.js,1,1522
2499,CallExpression,nan,3,-1,-1,67,8,67,48,packages\datadog-metrics\test\module_tests.js,1,1523
2500,CallExpression,nan,3,-1,-1,68,8,68,48,packages\datadog-metrics\test\module_tests.js,1,1524
2501,AwaitExpression,nan,1,-1,-1,69,8,69,29,packages\datadog-metrics\test\module_tests.js,1,1525
2502,AssignmentExpression,nan,-1,-1,-1,73,8,73,47,packages\datadog-metrics\test\module_tests.js,1,1526
2503,CallExpression,nan,2,-1,-1,74,8,74,39,packages\datadog-metrics\test\module_tests.js,1,1527
2504,CallExpression,nan,1,-1,-1,75,8,75,41,packages\datadog-metrics\test\module_tests.js,1,1528
2505,CallExpression,nan,2,-1,-1,76,8,76,45,packages\datadog-metrics\test\module_tests.js,1,1529
2506,CallExpression,nan,2,-1,-1,77,8,77,47,packages\datadog-metrics\test\module_tests.js,1,1530
2507,UnaryExpression,nan,1,-1,-1,78,8,78,42,packages\datadog-metrics\test\module_tests.js,1,1531
2508,CallExpression,nan,2,-1,-1,82,8,82,92,packages\datadog-metrics\test\module_tests.js,1,1532
2509,CallExpression,nan,2,-1,-1,83,8,83,86,packages\datadog-metrics\test\module_tests.js,1,1533
2511,MemberExpression,nan,-1,-1,-1,24,8,24,49,packages\datadog-metrics\test\module_tests.js,1,1534
2514,MemberExpression,nan,-1,-1,-1,28,8,28,20,packages\datadog-metrics\test\module_tests.js,1,1535
2516,MemberExpression,nan,-1,-1,-1,32,8,32,32,packages\datadog-metrics\test\module_tests.js,1,1536
2517,ObjectExpression,nan,-1,-1,-1,33,21,43,9,packages\datadog-metrics\test\module_tests.js,1,1537
2518,MemberExpression,nan,-1,-1,-1,33,8,33,20,packages\datadog-metrics\test\module_tests.js,1,1538
2521,MemberExpression,nan,-1,-1,-1,44,8,44,21,packages\datadog-metrics\test\module_tests.js,1,1539
2523,MemberExpression,nan,-1,-1,-1,45,8,45,25,packages\datadog-metrics\test\module_tests.js,1,1540
2526,MemberExpression,nan,-1,-1,-1,46,8,46,25,packages\datadog-metrics\test\module_tests.js,1,1541
2529,MemberExpression,nan,-1,-1,-1,47,8,47,25,packages\datadog-metrics\test\module_tests.js,1,1542
2530,CallExpression,nan,0,-1,-1,48,14,48,29,packages\datadog-metrics\test\module_tests.js,1,1543
2532,MemberExpression,nan,-1,-1,-1,52,8,52,32,packages\datadog-metrics\test\module_tests.js,1,1544
2533,ObjectExpression,nan,-1,-1,-1,53,21,66,9,packages\datadog-metrics\test\module_tests.js,1,1545
2534,MemberExpression,nan,-1,-1,-1,53,8,53,20,packages\datadog-metrics\test\module_tests.js,1,1546
2537,ArrayExpression,nan,-1,-1,-1,67,39,67,47,packages\datadog-metrics\test\module_tests.js,1,1547
2538,MemberExpression,nan,-1,-1,-1,67,8,67,21,packages\datadog-metrics\test\module_tests.js,1,1548
2541,ArrayExpression,nan,-1,-1,-1,68,39,68,47,packages\datadog-metrics\test\module_tests.js,1,1549
2542,MemberExpression,nan,-1,-1,-1,68,8,68,21,packages\datadog-metrics\test\module_tests.js,1,1550
2543,CallExpression,nan,0,-1,-1,69,14,69,29,packages\datadog-metrics\test\module_tests.js,1,1551
2544,MemberExpression,nan,-1,-1,-1,73,8,73,35,packages\datadog-metrics\test\module_tests.js,1,1552
2548,MemberExpression,nan,-1,-1,-1,74,8,74,21,packages\datadog-metrics\test\module_tests.js,1,1553
2550,MemberExpression,nan,-1,-1,-1,75,8,75,25,packages\datadog-metrics\test\module_tests.js,1,1554
2553,MemberExpression,nan,-1,-1,-1,76,8,76,25,packages\datadog-metrics\test\module_tests.js,1,1555
2556,MemberExpression,nan,-1,-1,-1,77,8,77,25,packages\datadog-metrics\test\module_tests.js,1,1556
2557,MemberExpression,nan,-1,-1,-1,78,15,78,42,packages\datadog-metrics\test\module_tests.js,1,1557
2559,MemberExpression,nan,-1,-1,-1,82,66,82,91,packages\datadog-metrics\test\module_tests.js,1,1558
2560,MemberExpression,nan,-1,-1,-1,82,8,82,46,packages\datadog-metrics\test\module_tests.js,1,1559
2562,MemberExpression,nan,-1,-1,-1,83,63,83,85,packages\datadog-metrics\test\module_tests.js,1,1560
2563,MemberExpression,nan,-1,-1,-1,83,8,83,46,packages\datadog-metrics\test\module_tests.js,1,1561
2564,MemberExpression,nan,-1,-1,-1,48,14,48,27,packages\datadog-metrics\test\module_tests.js,1,1562
2565,MemberExpression,nan,-1,-1,-1,69,14,69,27,packages\datadog-metrics\test\module_tests.js,1,1563
2566,Program,nan,-1,-1,-1,1,0,216,3,packages\datadog-metrics\test\reporters_tests.js,1,1564
2568,VariableDeclaration,nan,-1,-1,-1,3,0,3,29,packages\datadog-metrics\test\reporters_tests.js,1,1565
2569,VariableDeclaration,nan,-1,-1,-1,4,0,4,29,packages\datadog-metrics\test\reporters_tests.js,1,1566
2570,VariableDeclaration,nan,-1,-1,-1,6,0,6,70,packages\datadog-metrics\test\reporters_tests.js,1,1567
2571,VariableDeclaration,nan,-1,-1,-1,7,0,7,56,packages\datadog-metrics\test\reporters_tests.js,1,1568
2574,VariableDeclaration,nan,-1,-1,-1,12,0,16,2,packages\datadog-metrics\test\reporters_tests.js,1,1569
2578,CallExpression,nan,1,-1,-1,9,0,9,37,packages\datadog-metrics\test\reporters_tests.js,1,1570
2579,CallExpression,nan,0,-1,-1,10,0,10,13,packages\datadog-metrics\test\reporters_tests.js,1,1571
2580,CallExpression,nan,2,-1,-1,18,0,23,2,packages\datadog-metrics\test\reporters_tests.js,1,1572
2581,CallExpression,nan,2,-1,-1,25,0,216,2,packages\datadog-metrics\test\reporters_tests.js,1,1573
2582,CallExpression,nan,1,-1,-1,9,9,9,36,packages\datadog-metrics\test\reporters_tests.js,1,1574
2583,MemberExpression,nan,-1,-1,-1,9,0,9,8,packages\datadog-metrics\test\reporters_tests.js,1,1575
2584,MemberExpression,nan,-1,-1,-1,10,0,10,11,packages\datadog-metrics\test\reporters_tests.js,1,1576
2586,FunctionExpression,nan,-1,0,0,18,25,23,1,packages\datadog-metrics\test\reporters_tests.js,1,1577
2587,Identifier,describe,-1,-1,-1,18,0,18,8,packages\datadog-metrics\test\reporters_tests.js,1,1578
2589,FunctionExpression,nan,-1,0,0,25,28,216,1,packages\datadog-metrics\test\reporters_tests.js,1,1579
2590,Identifier,describe,-1,-1,-1,25,0,25,8,packages\datadog-metrics\test\reporters_tests.js,1,1580
2592,Identifier,require,-1,-1,-1,9,9,9,16,packages\datadog-metrics\test\reporters_tests.js,1,1581
2594,BlockStatement,nan,-1,-1,-1,18,36,23,1,packages\datadog-metrics\test\reporters_tests.js,1,1582
2596,BlockStatement,nan,-1,-1,-1,25,39,216,1,packages\datadog-metrics\test\reporters_tests.js,1,1583
2598,VariableDeclaration,nan,-1,-1,-1,26,4,27,59,packages\datadog-metrics\test\reporters_tests.js,1,1584
2605,CallExpression,nan,2,-1,-1,19,4,22,6,packages\datadog-metrics\test\reporters_tests.js,1,1585
2606,CallExpression,nan,1,-1,-1,29,4,31,6,packages\datadog-metrics\test\reporters_tests.js,1,1586
2607,CallExpression,nan,1,-1,-1,33,4,35,6,packages\datadog-metrics\test\reporters_tests.js,1,1587
2608,CallExpression,nan,1,-1,-1,37,4,40,6,packages\datadog-metrics\test\reporters_tests.js,1,1588
2609,CallExpression,nan,2,-1,-1,42,4,66,6,packages\datadog-metrics\test\reporters_tests.js,1,1589
2610,CallExpression,nan,2,-1,-1,68,4,196,6,packages\datadog-metrics\test\reporters_tests.js,1,1590
2611,CallExpression,nan,2,-1,-1,198,4,215,6,packages\datadog-metrics\test\reporters_tests.js,1,1591
2613,FunctionExpression,nan,-1,0,0,19,32,22,5,packages\datadog-metrics\test\reporters_tests.js,1,1592
2614,Identifier,it,-1,-1,-1,19,4,19,6,packages\datadog-metrics\test\reporters_tests.js,1,1593
2615,ArrowFunctionExpression,nan,-1,0,0,29,11,31,5,packages\datadog-metrics\test\reporters_tests.js,1,1594
2616,Identifier,before,-1,-1,-1,29,4,29,10,packages\datadog-metrics\test\reporters_tests.js,1,1595
2617,ArrowFunctionExpression,nan,-1,0,0,33,10,35,5,packages\datadog-metrics\test\reporters_tests.js,1,1596
2618,Identifier,after,-1,-1,-1,33,4,33,9,packages\datadog-metrics\test\reporters_tests.js,1,1597
2619,ArrowFunctionExpression,nan,-1,0,0,37,15,40,5,packages\datadog-metrics\test\reporters_tests.js,1,1598
2620,Identifier,beforeEach,-1,-1,-1,37,4,37,14,packages\datadog-metrics\test\reporters_tests.js,1,1599
2622,FunctionExpression,nan,-1,0,0,42,28,66,5,packages\datadog-metrics\test\reporters_tests.js,1,1600
2623,Identifier,describe,-1,-1,-1,42,4,42,12,packages\datadog-metrics\test\reporters_tests.js,1,1601
2625,FunctionExpression,nan,-1,0,0,68,23,196,5,packages\datadog-metrics\test\reporters_tests.js,1,1602
2626,Identifier,describe,-1,-1,-1,68,4,68,12,packages\datadog-metrics\test\reporters_tests.js,1,1603
2628,FunctionExpression,nan,-1,0,0,198,66,215,5,packages\datadog-metrics\test\reporters_tests.js,1,1604
2629,Identifier,it,-1,-1,-1,198,4,198,6,packages\datadog-metrics\test\reporters_tests.js,1,1605
2631,BlockStatement,nan,-1,-1,-1,19,49,22,5,packages\datadog-metrics\test\reporters_tests.js,1,1606
2633,BlockStatement,nan,-1,-1,-1,29,17,31,5,packages\datadog-metrics\test\reporters_tests.js,1,1607
2635,BlockStatement,nan,-1,-1,-1,33,16,35,5,packages\datadog-metrics\test\reporters_tests.js,1,1608
2637,BlockStatement,nan,-1,-1,-1,37,21,40,5,packages\datadog-metrics\test\reporters_tests.js,1,1609
2639,BlockStatement,nan,-1,-1,-1,42,39,66,5,packages\datadog-metrics\test\reporters_tests.js,1,1610
2641,BlockStatement,nan,-1,-1,-1,68,34,196,5,packages\datadog-metrics\test\reporters_tests.js,1,1611
2643,BlockStatement,nan,-1,-1,-1,198,83,215,5,packages\datadog-metrics\test\reporters_tests.js,1,1612
2644,VariableDeclaration,nan,-1,-1,-1,20,8,20,44,packages\datadog-metrics\test\reporters_tests.js,1,1613
2654,VariableDeclaration,nan,-1,-1,-1,69,8,69,21,packages\datadog-metrics\test\reporters_tests.js,1,1614
2665,VariableDeclaration,nan,-1,-1,-1,199,8,199,39,packages\datadog-metrics\test\reporters_tests.js,1,1615
2666,VariableDeclaration,nan,-1,-1,-1,200,8,200,30,packages\datadog-metrics\test\reporters_tests.js,1,1616
2668,VariableDeclaration,nan,-1,-1,-1,211,8,211,81,packages\datadog-metrics\test\reporters_tests.js,1,1617
2671,AwaitExpression,nan,1,-1,-1,21,8,21,43,packages\datadog-metrics\test\reporters_tests.js,1,1618
2672,CallExpression,nan,0,-1,-1,30,8,30,32,packages\datadog-metrics\test\reporters_tests.js,1,1619
2673,CallExpression,nan,0,-1,-1,34,8,34,31,packages\datadog-metrics\test\reporters_tests.js,1,1620
2674,CallExpression,nan,0,-1,-1,38,8,38,23,packages\datadog-metrics\test\reporters_tests.js,1,1621
2675,AssignmentExpression,nan,-1,-1,-1,39,8,39,53,packages\datadog-metrics\test\reporters_tests.js,1,1622
2676,CallExpression,nan,2,-1,-1,43,8,49,10,packages\datadog-metrics\test\reporters_tests.js,1,1623
2677,CallExpression,nan,2,-1,-1,51,8,55,10,packages\datadog-metrics\test\reporters_tests.js,1,1624
2678,CallExpression,nan,2,-1,-1,57,8,61,10,packages\datadog-metrics\test\reporters_tests.js,1,1625
2679,CallExpression,nan,2,-1,-1,63,8,65,10,packages\datadog-metrics\test\reporters_tests.js,1,1626
2680,CallExpression,nan,1,-1,-1,71,8,76,10,packages\datadog-metrics\test\reporters_tests.js,1,1627
2681,CallExpression,nan,2,-1,-1,78,8,84,10,packages\datadog-metrics\test\reporters_tests.js,1,1628
2682,CallExpression,nan,2,-1,-1,86,8,93,10,packages\datadog-metrics\test\reporters_tests.js,1,1629
2683,CallExpression,nan,2,-1,-1,95,8,105,10,packages\datadog-metrics\test\reporters_tests.js,1,1630
2684,CallExpression,nan,2,-1,-1,107,8,128,10,packages\datadog-metrics\test\reporters_tests.js,1,1631
2685,CallExpression,nan,2,-1,-1,130,8,151,10,packages\datadog-metrics\test\reporters_tests.js,1,1632
2686,CallExpression,nan,2,-1,-1,153,8,163,10,packages\datadog-metrics\test\reporters_tests.js,1,1633
2687,CallExpression,nan,2,-1,-1,165,8,178,10,packages\datadog-metrics\test\reporters_tests.js,1,1634
2688,CallExpression,nan,2,-1,-1,180,8,187,10,packages\datadog-metrics\test\reporters_tests.js,1,1635
2689,CallExpression,nan,2,-1,-1,189,8,195,10,packages\datadog-metrics\test\reporters_tests.js,1,1636
2690,CallExpression,nan,2,-1,-1,202,8,209,39,packages\datadog-metrics\test\reporters_tests.js,1,1637
2691,AwaitExpression,nan,1,-1,-1,212,8,212,69,packages\datadog-metrics\test\reporters_tests.js,1,1638
2692,CallExpression,nan,1,-1,-1,214,8,214,47,packages\datadog-metrics\test\reporters_tests.js,1,1639
2693,CallExpression,nan,1,-1,-1,21,14,21,43,packages\datadog-metrics\test\reporters_tests.js,1,1640
2694,MemberExpression,nan,-1,-1,-1,30,8,30,30,packages\datadog-metrics\test\reporters_tests.js,1,1641
2695,MemberExpression,nan,-1,-1,-1,34,8,34,29,packages\datadog-metrics\test\reporters_tests.js,1,1642
2696,MemberExpression,nan,-1,-1,-1,38,8,38,21,packages\datadog-metrics\test\reporters_tests.js,1,1643
2697,MemberExpression,nan,-1,-1,-1,39,8,39,19,packages\datadog-metrics\test\reporters_tests.js,1,1644
2698,CallExpression,nan,1,-1,-1,39,22,39,53,packages\datadog-metrics\test\reporters_tests.js,1,1645
2700,ArrowFunctionExpression,nan,-1,0,0,43,40,49,9,packages\datadog-metrics\test\reporters_tests.js,1,1646
2701,Identifier,it,-1,-1,-1,43,8,43,10,packages\datadog-metrics\test\reporters_tests.js,1,1647
2703,ArrowFunctionExpression,nan,-1,0,0,51,82,55,9,packages\datadog-metrics\test\reporters_tests.js,1,1648
2704,Identifier,it,-1,-1,-1,51,8,51,10,packages\datadog-metrics\test\reporters_tests.js,1,1649
2706,ArrowFunctionExpression,nan,-1,0,0,57,77,61,9,packages\datadog-metrics\test\reporters_tests.js,1,1650
2707,Identifier,it,-1,-1,-1,57,8,57,10,packages\datadog-metrics\test\reporters_tests.js,1,1651
2709,ArrowFunctionExpression,nan,-1,0,0,63,42,65,9,packages\datadog-metrics\test\reporters_tests.js,1,1652
2710,Identifier,it,-1,-1,-1,63,8,63,10,packages\datadog-metrics\test\reporters_tests.js,1,1653
2711,ArrowFunctionExpression,nan,-1,0,0,71,19,76,9,packages\datadog-metrics\test\reporters_tests.js,1,1654
2712,Identifier,beforeEach,-1,-1,-1,71,8,71,18,packages\datadog-metrics\test\reporters_tests.js,1,1655
2714,FunctionExpression,nan,-1,0,0,78,40,84,9,packages\datadog-metrics\test\reporters_tests.js,1,1656
2715,Identifier,it,-1,-1,-1,78,8,78,10,packages\datadog-metrics\test\reporters_tests.js,1,1657
2717,FunctionExpression,nan,-1,0,0,86,42,93,9,packages\datadog-metrics\test\reporters_tests.js,1,1658
2718,Identifier,it,-1,-1,-1,86,8,86,10,packages\datadog-metrics\test\reporters_tests.js,1,1659
2720,FunctionExpression,nan,-1,0,0,95,41,105,9,packages\datadog-metrics\test\reporters_tests.js,1,1660
2721,Identifier,it,-1,-1,-1,95,8,95,10,packages\datadog-metrics\test\reporters_tests.js,1,1661
2723,FunctionExpression,nan,-1,0,0,107,54,128,9,packages\datadog-metrics\test\reporters_tests.js,1,1662
2724,Identifier,it,-1,-1,-1,107,8,107,10,packages\datadog-metrics\test\reporters_tests.js,1,1663
2726,FunctionExpression,nan,-1,0,0,130,60,151,9,packages\datadog-metrics\test\reporters_tests.js,1,1664
2727,Identifier,it,-1,-1,-1,130,8,130,10,packages\datadog-metrics\test\reporters_tests.js,1,1665
2729,FunctionExpression,nan,-1,0,0,153,45,163,9,packages\datadog-metrics\test\reporters_tests.js,1,1666
2730,Identifier,it,-1,-1,-1,153,8,153,10,packages\datadog-metrics\test\reporters_tests.js,1,1667
2732,FunctionExpression,nan,-1,0,0,165,44,178,9,packages\datadog-metrics\test\reporters_tests.js,1,1668
2733,Identifier,it,-1,-1,-1,165,8,165,10,packages\datadog-metrics\test\reporters_tests.js,1,1669
2735,FunctionExpression,nan,-1,0,0,180,49,187,9,packages\datadog-metrics\test\reporters_tests.js,1,1670
2736,Identifier,it,-1,-1,-1,180,8,180,10,packages\datadog-metrics\test\reporters_tests.js,1,1671
2738,FunctionExpression,nan,-1,0,0,189,74,195,9,packages\datadog-metrics\test\reporters_tests.js,1,1672
2739,Identifier,it,-1,-1,-1,189,8,189,10,packages\datadog-metrics\test\reporters_tests.js,1,1673
2741,ObjectExpression,nan,-1,-1,-1,209,24,209,38,packages\datadog-metrics\test\reporters_tests.js,1,1674
2742,MemberExpression,nan,-1,-1,-1,202,8,209,18,packages\datadog-metrics\test\reporters_tests.js,1,1675
2743,CallExpression,nan,1,-1,-1,212,14,212,69,packages\datadog-metrics\test\reporters_tests.js,1,1676
2744,Identifier,apiKeys,-1,-1,-1,214,39,214,46,packages\datadog-metrics\test\reporters_tests.js,1,1677
2745,MemberExpression,nan,-1,-1,-1,214,8,214,38,packages\datadog-metrics\test\reporters_tests.js,1,1678
2746,ArrayExpression,nan,-1,-1,-1,21,30,21,42,packages\datadog-metrics\test\reporters_tests.js,1,1679
2747,MemberExpression,nan,-1,-1,-1,21,14,21,29,packages\datadog-metrics\test\reporters_tests.js,1,1680
2748,Identifier,originalEnv,-1,-1,-1,39,41,39,52,packages\datadog-metrics\test\reporters_tests.js,1,1681
2749,MemberExpression,nan,-1,-1,-1,39,22,39,40,packages\datadog-metrics\test\reporters_tests.js,1,1682
2751,BlockStatement,nan,-1,-1,-1,43,46,49,9,packages\datadog-metrics\test\reporters_tests.js,1,1683
2753,BlockStatement,nan,-1,-1,-1,51,88,55,9,packages\datadog-metrics\test\reporters_tests.js,1,1684
2755,BlockStatement,nan,-1,-1,-1,57,83,61,9,packages\datadog-metrics\test\reporters_tests.js,1,1685
2757,BlockStatement,nan,-1,-1,-1,63,48,65,9,packages\datadog-metrics\test\reporters_tests.js,1,1686
2759,BlockStatement,nan,-1,-1,-1,71,25,76,9,packages\datadog-metrics\test\reporters_tests.js,1,1687
2761,BlockStatement,nan,-1,-1,-1,78,58,84,9,packages\datadog-metrics\test\reporters_tests.js,1,1688
2763,BlockStatement,nan,-1,-1,-1,86,60,93,9,packages\datadog-metrics\test\reporters_tests.js,1,1689
2765,BlockStatement,nan,-1,-1,-1,95,59,105,9,packages\datadog-metrics\test\reporters_tests.js,1,1690
2767,BlockStatement,nan,-1,-1,-1,107,72,128,9,packages\datadog-metrics\test\reporters_tests.js,1,1691
2769,BlockStatement,nan,-1,-1,-1,130,78,151,9,packages\datadog-metrics\test\reporters_tests.js,1,1692
2771,BlockStatement,nan,-1,-1,-1,153,63,163,9,packages\datadog-metrics\test\reporters_tests.js,1,1693
2773,BlockStatement,nan,-1,-1,-1,165,62,178,9,packages\datadog-metrics\test\reporters_tests.js,1,1694
2775,BlockStatement,nan,-1,-1,-1,180,67,187,9,packages\datadog-metrics\test\reporters_tests.js,1,1695
2777,BlockStatement,nan,-1,-1,-1,189,91,195,9,packages\datadog-metrics\test\reporters_tests.js,1,1696
2778,CallExpression,nan,1,-1,-1,212,26,212,68,packages\datadog-metrics\test\reporters_tests.js,1,1697
2779,MemberExpression,nan,-1,-1,-1,212,14,212,25,packages\datadog-metrics\test\reporters_tests.js,1,1698
2780,VariableDeclaration,nan,-1,-1,-1,44,12,47,15,packages\datadog-metrics\test\reporters_tests.js,1,1699
2783,VariableDeclaration,nan,-1,-1,-1,53,12,53,51,packages\datadog-metrics\test\reporters_tests.js,1,1700
2786,VariableDeclaration,nan,-1,-1,-1,59,12,59,51,packages\datadog-metrics\test\reporters_tests.js,1,1701
2796,VariableDeclaration,nan,-1,-1,-1,108,12,108,33,packages\datadog-metrics\test\reporters_tests.js,1,1702
2799,VariableDeclaration,nan,-1,-1,-1,126,12,126,58,packages\datadog-metrics\test\reporters_tests.js,1,1703
2801,VariableDeclaration,nan,-1,-1,-1,131,12,131,33,packages\datadog-metrics\test\reporters_tests.js,1,1704
2804,VariableDeclaration,nan,-1,-1,-1,149,12,149,58,packages\datadog-metrics\test\reporters_tests.js,1,1705
2814,ArrowFunctionExpression,nan,-1,1,0,212,40,212,67,packages\datadog-metrics\test\reporters_tests.js,1,1706
2815,MemberExpression,nan,-1,-1,-1,212,26,212,39,packages\datadog-metrics\test\reporters_tests.js,1,1707
2816,CallExpression,nan,1,-1,-1,48,12,48,61,packages\datadog-metrics\test\reporters_tests.js,1,1708
2817,AssignmentExpression,nan,-1,-1,-1,52,12,52,47,packages\datadog-metrics\test\reporters_tests.js,1,1709
2818,CallExpression,nan,1,-1,-1,54,12,54,61,packages\datadog-metrics\test\reporters_tests.js,1,1710
2819,AssignmentExpression,nan,-1,-1,-1,58,12,58,42,packages\datadog-metrics\test\reporters_tests.js,1,1711
2820,CallExpression,nan,1,-1,-1,60,12,60,61,packages\datadog-metrics\test\reporters_tests.js,1,1712
2821,CallExpression,nan,1,-1,-1,64,12,64,73,packages\datadog-metrics\test\reporters_tests.js,1,1713
2822,AssignmentExpression,nan,-1,-1,-1,72,12,75,14,packages\datadog-metrics\test\reporters_tests.js,1,1714
2823,CallExpression,nan,2,-1,-1,79,12,81,43,packages\datadog-metrics\test\reporters_tests.js,1,1715
2824,AwaitExpression,nan,1,-1,-1,83,12,83,67,packages\datadog-metrics\test\reporters_tests.js,1,1716
2825,CallExpression,nan,2,-1,-1,87,12,90,53,packages\datadog-metrics\test\reporters_tests.js,1,1717
2826,AwaitExpression,nan,1,-1,-1,92,12,92,66,packages\datadog-metrics\test\reporters_tests.js,1,1718
2827,CallExpression,nan,2,-1,-1,96,12,102,43,packages\datadog-metrics\test\reporters_tests.js,1,1719
2828,AwaitExpression,nan,1,-1,-1,104,12,104,67,packages\datadog-metrics\test\reporters_tests.js,1,1720
2829,CallExpression,nan,1,-1,-1,110,12,122,18,packages\datadog-metrics\test\reporters_tests.js,1,1721
2830,AwaitExpression,nan,1,-1,-1,124,12,124,67,packages\datadog-metrics\test\reporters_tests.js,1,1722
2831,CallExpression,nan,2,-1,-1,127,12,127,49,packages\datadog-metrics\test\reporters_tests.js,1,1723
2832,CallExpression,nan,1,-1,-1,133,12,145,18,packages\datadog-metrics\test\reporters_tests.js,1,1724
2833,AwaitExpression,nan,1,-1,-1,147,12,147,67,packages\datadog-metrics\test\reporters_tests.js,1,1725
2834,CallExpression,nan,2,-1,-1,150,12,150,49,packages\datadog-metrics\test\reporters_tests.js,1,1726
2835,CallExpression,nan,1,-1,-1,154,12,160,18,packages\datadog-metrics\test\reporters_tests.js,1,1727
2836,AwaitExpression,nan,1,-1,-1,162,12,162,66,packages\datadog-metrics\test\reporters_tests.js,1,1728
2837,CallExpression,nan,2,-1,-1,166,12,175,43,packages\datadog-metrics\test\reporters_tests.js,1,1729
2838,AwaitExpression,nan,1,-1,-1,177,12,177,67,packages\datadog-metrics\test\reporters_tests.js,1,1730
2839,CallExpression,nan,1,-1,-1,181,12,184,54,packages\datadog-metrics\test\reporters_tests.js,1,1731
2840,AwaitExpression,nan,1,-1,-1,186,12,186,80,packages\datadog-metrics\test\reporters_tests.js,1,1732
2841,CallExpression,nan,2,-1,-1,190,12,192,54,packages\datadog-metrics\test\reporters_tests.js,1,1733
2842,AwaitExpression,nan,1,-1,-1,194,12,194,90,packages\datadog-metrics\test\reporters_tests.js,1,1734
2843,Identifier,r,-1,-1,-1,212,40,212,41,packages\datadog-metrics\test\reporters_tests.js,1,1735
2845,CallExpression,nan,1,-1,-1,212,45,212,67,packages\datadog-metrics\test\reporters_tests.js,1,1736
2846,Identifier,DatadogReporter,-1,-1,-1,48,45,48,60,packages\datadog-metrics\test\reporters_tests.js,1,1737
2847,MemberExpression,nan,-1,-1,-1,48,12,48,44,packages\datadog-metrics\test\reporters_tests.js,1,1738
2848,MemberExpression,nan,-1,-1,-1,52,12,52,39,packages\datadog-metrics\test\reporters_tests.js,1,1739
2850,Identifier,DatadogReporter,-1,-1,-1,54,45,54,60,packages\datadog-metrics\test\reporters_tests.js,1,1740
2851,MemberExpression,nan,-1,-1,-1,54,12,54,44,packages\datadog-metrics\test\reporters_tests.js,1,1741
2852,MemberExpression,nan,-1,-1,-1,58,12,58,34,packages\datadog-metrics\test\reporters_tests.js,1,1742
2854,Identifier,DatadogReporter,-1,-1,-1,60,45,60,60,packages\datadog-metrics\test\reporters_tests.js,1,1743
2855,MemberExpression,nan,-1,-1,-1,60,12,60,44,packages\datadog-metrics\test\reporters_tests.js,1,1744
2857,MemberExpression,nan,-1,-1,-1,64,12,64,54,packages\datadog-metrics\test\reporters_tests.js,1,1745
2858,Identifier,reporter,-1,-1,-1,72,12,72,20,packages\datadog-metrics\test\reporters_tests.js,1,1746
2859,NewExpression,nan,1,-1,-1,72,23,75,14,packages\datadog-metrics\test\reporters_tests.js,1,1747
2861,ObjectExpression,nan,-1,-1,-1,81,28,81,42,packages\datadog-metrics\test\reporters_tests.js,1,1748
2862,MemberExpression,nan,-1,-1,-1,79,12,81,22,packages\datadog-metrics\test\reporters_tests.js,1,1749
2863,MemberExpression,nan,-1,-1,-1,83,18,83,67,packages\datadog-metrics\test\reporters_tests.js,1,1750
2865,ObjectExpression,nan,-1,-1,-1,90,28,90,52,packages\datadog-metrics\test\reporters_tests.js,1,1751
2866,MemberExpression,nan,-1,-1,-1,87,12,90,22,packages\datadog-metrics\test\reporters_tests.js,1,1752
2867,MemberExpression,nan,-1,-1,-1,92,18,92,66,packages\datadog-metrics\test\reporters_tests.js,1,1753
2869,ObjectExpression,nan,-1,-1,-1,102,28,102,42,packages\datadog-metrics\test\reporters_tests.js,1,1754
2870,MemberExpression,nan,-1,-1,-1,96,12,102,22,packages\datadog-metrics\test\reporters_tests.js,1,1755
2871,MemberExpression,nan,-1,-1,-1,104,18,104,67,packages\datadog-metrics\test\reporters_tests.js,1,1756
2872,ArrowFunctionExpression,nan,-1,0,1,119,23,122,17,packages\datadog-metrics\test\reporters_tests.js,1,1757
2873,MemberExpression,nan,-1,-1,-1,110,12,119,22,packages\datadog-metrics\test\reporters_tests.js,1,1758
2874,MemberExpression,nan,-1,-1,-1,124,18,124,67,packages\datadog-metrics\test\reporters_tests.js,1,1759
2877,MemberExpression,nan,-1,-1,-1,127,12,127,38,packages\datadog-metrics\test\reporters_tests.js,1,1760
2878,ArrowFunctionExpression,nan,-1,0,1,142,23,145,17,packages\datadog-metrics\test\reporters_tests.js,1,1761
2879,MemberExpression,nan,-1,-1,-1,133,12,142,22,packages\datadog-metrics\test\reporters_tests.js,1,1762
2880,MemberExpression,nan,-1,-1,-1,147,18,147,67,packages\datadog-metrics\test\reporters_tests.js,1,1763
2883,MemberExpression,nan,-1,-1,-1,150,12,150,38,packages\datadog-metrics\test\reporters_tests.js,1,1764
2884,ObjectExpression,nan,-1,-1,-1,157,32,160,17,packages\datadog-metrics\test\reporters_tests.js,1,1765
2885,MemberExpression,nan,-1,-1,-1,154,12,157,31,packages\datadog-metrics\test\reporters_tests.js,1,1766
2886,MemberExpression,nan,-1,-1,-1,162,18,162,66,packages\datadog-metrics\test\reporters_tests.js,1,1767
2888,ObjectExpression,nan,-1,-1,-1,175,28,175,42,packages\datadog-metrics\test\reporters_tests.js,1,1768
2889,MemberExpression,nan,-1,-1,-1,166,12,175,22,packages\datadog-metrics\test\reporters_tests.js,1,1769
2890,MemberExpression,nan,-1,-1,-1,177,18,177,67,packages\datadog-metrics\test\reporters_tests.js,1,1770
2891,ObjectExpression,nan,-1,-1,-1,184,32,184,53,packages\datadog-metrics\test\reporters_tests.js,1,1771
2892,MemberExpression,nan,-1,-1,-1,181,12,184,31,packages\datadog-metrics\test\reporters_tests.js,1,1772
2893,CallExpression,nan,1,-1,-1,186,18,186,80,packages\datadog-metrics\test\reporters_tests.js,1,1773
2895,ObjectExpression,nan,-1,-1,-1,192,28,192,53,packages\datadog-metrics\test\reporters_tests.js,1,1774
2896,MemberExpression,nan,-1,-1,-1,190,12,192,22,packages\datadog-metrics\test\reporters_tests.js,1,1775
2897,CallExpression,nan,1,-1,-1,194,18,194,90,packages\datadog-metrics\test\reporters_tests.js,1,1776
2898,ArrayExpression,nan,-1,-1,-1,212,54,212,66,packages\datadog-metrics\test\reporters_tests.js,1,1777
2899,MemberExpression,nan,-1,-1,-1,212,45,212,53,packages\datadog-metrics\test\reporters_tests.js,1,1778
2900,ObjectExpression,nan,-1,-1,-1,72,43,75,13,packages\datadog-metrics\test\reporters_tests.js,1,1779
2901,Identifier,DatadogReporter,-1,-1,-1,72,27,72,42,packages\datadog-metrics\test\reporters_tests.js,1,1780
2903,BlockStatement,nan,-1,-1,-1,119,29,122,17,packages\datadog-metrics\test\reporters_tests.js,1,1781
2905,BlockStatement,nan,-1,-1,-1,142,29,145,17,packages\datadog-metrics\test\reporters_tests.js,1,1782
2907,MemberExpression,nan,-1,-1,-1,186,18,186,70,packages\datadog-metrics\test\reporters_tests.js,1,1783
2908,Identifier,AuthorizationError,-1,-1,-1,194,71,194,89,packages\datadog-metrics\test\reporters_tests.js,1,1784
2909,MemberExpression,nan,-1,-1,-1,194,18,194,70,packages\datadog-metrics\test\reporters_tests.js,1,1785
2911,ReturnStatement,nan,1,-1,-1,121,20,121,49,packages\datadog-metrics\test\reporters_tests.js,1,1786
2913,ReturnStatement,nan,1,-1,-1,144,20,144,49,packages\datadog-metrics\test\reporters_tests.js,1,1787
2914,CallExpression,nan,1,-1,-1,120,20,120,46,packages\datadog-metrics\test\reporters_tests.js,1,1788
2915,ArrayExpression,nan,-1,-1,-1,121,27,121,48,packages\datadog-metrics\test\reporters_tests.js,1,1789
2916,CallExpression,nan,1,-1,-1,143,20,143,46,packages\datadog-metrics\test\reporters_tests.js,1,1790
2917,ArrayExpression,nan,-1,-1,-1,144,27,144,48,packages\datadog-metrics\test\reporters_tests.js,1,1791
2918,CallExpression,nan,0,-1,-1,120,35,120,45,packages\datadog-metrics\test\reporters_tests.js,1,1792
2919,MemberExpression,nan,-1,-1,-1,120,20,120,34,packages\datadog-metrics\test\reporters_tests.js,1,1793
2920,CallExpression,nan,0,-1,-1,143,35,143,45,packages\datadog-metrics\test\reporters_tests.js,1,1794
2921,MemberExpression,nan,-1,-1,-1,143,20,143,34,packages\datadog-metrics\test\reporters_tests.js,1,1795
2922,MemberExpression,nan,-1,-1,-1,120,35,120,43,packages\datadog-metrics\test\reporters_tests.js,1,1796
2923,MemberExpression,nan,-1,-1,-1,143,35,143,43,packages\datadog-metrics\test\reporters_tests.js,1,1797
2924,Program,nan,-1,-1,-1,7,0,140,1,packages\datadog-metrics\test-other\integration_check.js,1,1798
2926,VariableDeclaration,nan,-1,-1,-1,9,0,9,62,packages\datadog-metrics\test-other\integration_check.js,1,1799
2927,VariableDeclaration,nan,-1,-1,-1,10,0,10,37,packages\datadog-metrics\test-other\integration_check.js,1,1800
2928,FunctionDeclaration,nan,-1,2,1,12,0,15,1,packages\datadog-metrics\test-other\integration_check.js,1,1801
2929,FunctionDeclaration,nan,-1,1,1,18,0,20,1,packages\datadog-metrics\test-other\integration_check.js,1,1802
2930,VariableDeclaration,nan,-1,-1,-1,23,0,23,36,packages\datadog-metrics\test-other\integration_check.js,1,1803
2931,VariableDeclaration,nan,-1,-1,-1,24,0,24,25,packages\datadog-metrics\test-other\integration_check.js,1,1804
2932,VariableDeclaration,nan,-1,-1,-1,27,0,27,35,packages\datadog-metrics\test-other\integration_check.js,1,1805
2933,VariableDeclaration,nan,-1,-1,-1,29,0,29,34,packages\datadog-metrics\test-other\integration_check.js,1,1806
2934,VariableDeclaration,nan,-1,-1,-1,31,0,34,2,packages\datadog-metrics\test-other\integration_check.js,1,1807
2935,VariableDeclaration,nan,-1,-1,-1,36,0,47,2,packages\datadog-metrics\test-other\integration_check.js,1,1808
2936,FunctionDeclaration,nan,-1,0,0,49,0,65,1,packages\datadog-metrics\test-other\integration_check.js,1,1809
2937,FunctionDeclaration,nan,-1,1,0,67,0,76,1,packages\datadog-metrics\test-other\integration_check.js,1,1810
2938,FunctionDeclaration,nan,-1,1,1,78,0,96,1,packages\datadog-metrics\test-other\integration_check.js,1,1811
2939,FunctionDeclaration,nan,-1,1,1,98,0,133,1,packages\datadog-metrics\test-other\integration_check.js,1,1812
2940,IfStatement,nan,-1,-1,-1,135,0,140,1,packages\datadog-metrics\test-other\integration_check.js,1,1813
2942,Identifier,floorTo,-1,-1,-1,12,9,12,16,packages\datadog-metrics\test-other\integration_check.js,1,1814
2943,Identifier,value,-1,-1,-1,12,17,12,22,packages\datadog-metrics\test-other\integration_check.js,1,1815
2944,Identifier,points,-1,-1,-1,12,24,12,30,packages\datadog-metrics\test-other\integration_check.js,1,1816
2946,BlockStatement,nan,-1,-1,-1,12,32,15,1,packages\datadog-metrics\test-other\integration_check.js,1,1817
2947,Identifier,sleep,-1,-1,-1,18,9,18,14,packages\datadog-metrics\test-other\integration_check.js,1,1818
2948,Identifier,milliseconds,-1,-1,-1,18,15,18,27,packages\datadog-metrics\test-other\integration_check.js,1,1819
2950,BlockStatement,nan,-1,-1,-1,18,29,20,1,packages\datadog-metrics\test-other\integration_check.js,1,1820
2951,Identifier,main,-1,-1,-1,49,15,49,19,packages\datadog-metrics\test-other\integration_check.js,1,1821
2953,BlockStatement,nan,-1,-1,-1,49,22,65,1,packages\datadog-metrics\test-other\integration_check.js,1,1822
2954,Identifier,sendMetric,-1,-1,-1,67,15,67,25,packages\datadog-metrics\test-other\integration_check.js,1,1823
2955,Identifier,metric,-1,-1,-1,67,26,67,32,packages\datadog-metrics\test-other\integration_check.js,1,1824
2957,BlockStatement,nan,-1,-1,-1,67,34,76,1,packages\datadog-metrics\test-other\integration_check.js,1,1825
2958,Identifier,queryMetric,-1,-1,-1,78,15,78,26,packages\datadog-metrics\test-other\integration_check.js,1,1826
2959,Identifier,metric,-1,-1,-1,78,27,78,33,packages\datadog-metrics\test-other\integration_check.js,1,1827
2961,BlockStatement,nan,-1,-1,-1,78,35,96,1,packages\datadog-metrics\test-other\integration_check.js,1,1828
2962,Identifier,waitForSentMetric,-1,-1,-1,98,15,98,32,packages\datadog-metrics\test-other\integration_check.js,1,1829
2963,Identifier,metric,-1,-1,-1,98,33,98,39,packages\datadog-metrics\test-other\integration_check.js,1,1830
2965,BlockStatement,nan,-1,-1,-1,98,41,133,1,packages\datadog-metrics\test-other\integration_check.js,1,1831
2966,BlockStatement,nan,-1,-1,-1,135,29,140,1,packages\datadog-metrics\test-other\integration_check.js,1,1832
2968,VariableDeclaration,nan,-1,-1,-1,13,4,13,32,packages\datadog-metrics\test-other\integration_check.js,1,1833
2969,ReturnStatement,nan,1,-1,-1,14,4,14,47,packages\datadog-metrics\test-other\integration_check.js,1,1834
2970,ReturnStatement,nan,1,-1,-1,19,4,19,57,packages\datadog-metrics\test-other\integration_check.js,1,1835
2972,ForOfStatement,nan,-1,-1,-1,52,4,54,5,packages\datadog-metrics\test-other\integration_check.js,1,1836
2974,ForOfStatement,nan,-1,-1,-1,58,4,64,5,packages\datadog-metrics\test-other\integration_check.js,1,1837
2976,ForOfStatement,nan,-1,-1,-1,70,4,75,5,packages\datadog-metrics\test-other\integration_check.js,1,1838
2977,VariableDeclaration,nan,-1,-1,-1,79,4,84,7,packages\datadog-metrics\test-other\integration_check.js,1,1839
2979,VariableDeclaration,nan,-1,-1,-1,86,4,86,56,packages\datadog-metrics\test-other\integration_check.js,1,1840
2980,VariableDeclaration,nan,-1,-1,-1,89,4,93,7,packages\datadog-metrics\test-other\integration_check.js,1,1841
2981,ReturnStatement,nan,1,-1,-1,95,4,95,41,packages\datadog-metrics\test-other\integration_check.js,1,1842
2982,VariableDeclaration,nan,-1,-1,-1,99,4,99,47,packages\datadog-metrics\test-other\integration_check.js,1,1843
2983,WhileStatement,nan,-1,-1,-1,100,4,129,5,packages\datadog-metrics\test-other\integration_check.js,1,1844
2985,ReturnStatement,nan,1,-1,-1,132,4,132,17,packages\datadog-metrics\test-other\integration_check.js,1,1845
2987,MemberExpression,nan,-1,-1,-1,135,4,135,16,packages\datadog-metrics\test-other\integration_check.js,1,1846
2988,Identifier,module,-1,-1,-1,135,21,135,27,packages\datadog-metrics\test-other\integration_check.js,1,1847
2990,NewExpression,nan,1,-1,-1,19,11,19,56,packages\datadog-metrics\test-other\integration_check.js,1,1848
2991,CallExpression,nan,1,-1,-1,50,4,50,52,packages\datadog-metrics\test-other\integration_check.js,1,1849
2992,VariableDeclaration,nan,-1,-1,-1,52,9,52,21,packages\datadog-metrics\test-other\integration_check.js,1,1850
2993,Identifier,testMetrics,-1,-1,-1,52,25,52,36,packages\datadog-metrics\test-other\integration_check.js,1,1851
2994,BlockStatement,nan,-1,-1,-1,52,38,54,5,packages\datadog-metrics\test-other\integration_check.js,1,1852
2995,AwaitExpression,nan,1,-1,-1,56,4,56,21,packages\datadog-metrics\test-other\integration_check.js,1,1853
2996,VariableDeclaration,nan,-1,-1,-1,58,9,58,21,packages\datadog-metrics\test-other\integration_check.js,1,1854
2997,Identifier,testMetrics,-1,-1,-1,58,25,58,36,packages\datadog-metrics\test-other\integration_check.js,1,1855
2998,BlockStatement,nan,-1,-1,-1,58,38,64,5,packages\datadog-metrics\test-other\integration_check.js,1,1856
2999,CallExpression,nan,1,-1,-1,68,4,68,76,packages\datadog-metrics\test-other\integration_check.js,1,1857
3000,VariableDeclaration,nan,-1,-1,-1,70,9,70,33,packages\datadog-metrics\test-other\integration_check.js,1,1858
3001,Identifier,testPoints,-1,-1,-1,70,37,70,47,packages\datadog-metrics\test-other\integration_check.js,1,1859
3002,BlockStatement,nan,-1,-1,-1,70,49,75,5,packages\datadog-metrics\test-other\integration_check.js,1,1860
3003,CallExpression,nan,1,-1,-1,85,4,85,72,packages\datadog-metrics\test-other\integration_check.js,1,1861
3004,LogicalExpression,nan,-1,-1,-1,95,11,95,40,packages\datadog-metrics\test-other\integration_check.js,1,1862
3006,BlockStatement,nan,-1,-1,-1,100,33,129,5,packages\datadog-metrics\test-other\integration_check.js,1,1863
3007,CallExpression,nan,1,-1,-1,131,4,131,70,packages\datadog-metrics\test-other\integration_check.js,1,1864
3009,CallExpression,nan,1,-1,-1,136,4,139,6,packages\datadog-metrics\test-other\integration_check.js,1,1865
3010,CallExpression,nan,1,-1,-1,14,11,14,37,packages\datadog-metrics\test-other\integration_check.js,1,1866
3011,Identifier,factor,-1,-1,-1,14,40,14,46,packages\datadog-metrics\test-other\integration_check.js,1,1867
3012,ArrowFunctionExpression,nan,-1,1,0,19,23,19,55,packages\datadog-metrics\test-other\integration_check.js,1,1868
3013,Identifier,Promise,-1,-1,-1,19,15,19,22,packages\datadog-metrics\test-other\integration_check.js,1,1869
3014,ObjectExpression,nan,-1,-1,-1,50,24,50,51,packages\datadog-metrics\test-other\integration_check.js,1,1870
3015,MemberExpression,nan,-1,-1,-1,50,4,50,23,packages\datadog-metrics\test-other\integration_check.js,1,1871
3017,CallExpression,nan,1,-1,-1,56,10,56,21,packages\datadog-metrics\test-other\integration_check.js,1,1872
3018,VariableDeclaration,nan,-1,-1,-1,59,8,59,55,packages\datadog-metrics\test-other\integration_check.js,1,1873
3019,IfStatement,nan,-1,-1,-1,61,8,63,9,packages\datadog-metrics\test-other\integration_check.js,1,1874
3020,TemplateLiteral,nan,-1,-1,-1,68,16,68,75,packages\datadog-metrics\test-other\integration_check.js,1,1875
3021,MemberExpression,nan,-1,-1,-1,68,4,68,15,packages\datadog-metrics\test-other\integration_check.js,1,1876
3024,ObjectExpression,nan,-1,-1,-1,85,37,85,71,packages\datadog-metrics\test-other\integration_check.js,1,1877
3025,MemberExpression,nan,-1,-1,-1,85,4,85,36,packages\datadog-metrics\test-other\integration_check.js,1,1878
3026,MemberExpression,nan,-1,-1,-1,95,11,95,22,packages\datadog-metrics\test-other\integration_check.js,1,1879
3027,MemberExpression,nan,-1,-1,-1,95,26,95,40,packages\datadog-metrics\test-other\integration_check.js,1,1880
3028,CallExpression,nan,0,-1,-1,100,11,100,21,packages\datadog-metrics\test-other\integration_check.js,1,1881
3029,Identifier,endTime,-1,-1,-1,100,24,100,31,packages\datadog-metrics\test-other\integration_check.js,1,1882
3031,VariableDeclaration,nan,-1,-1,-1,102,8,102,49,packages\datadog-metrics\test-other\integration_check.js,1,1883
3032,IfStatement,nan,-1,-1,-1,104,8,125,9,packages\datadog-metrics\test-other\integration_check.js,1,1884
3036,MemberExpression,nan,-1,-1,-1,131,4,131,15,packages\datadog-metrics\test-other\integration_check.js,1,1885
3037,ArrowFunctionExpression,nan,-1,1,0,136,17,139,5,packages\datadog-metrics\test-other\integration_check.js,1,1886
3038,MemberExpression,nan,-1,-1,-1,136,4,136,16,packages\datadog-metrics\test-other\integration_check.js,1,1887
3040,MemberExpression,nan,-1,-1,-1,14,11,14,21,packages\datadog-metrics\test-other\integration_check.js,1,1888
3041,Identifier,r,-1,-1,-1,19,23,19,24,packages\datadog-metrics\test-other\integration_check.js,1,1889
3043,CallExpression,nan,2,-1,-1,19,28,19,55,packages\datadog-metrics\test-other\integration_check.js,1,1890
3044,AwaitExpression,nan,1,-1,-1,53,8,53,32,packages\datadog-metrics\test-other\integration_check.js,1,1891
3046,Identifier,sleep,-1,-1,-1,56,10,56,15,packages\datadog-metrics\test-other\integration_check.js,1,1892
3047,BlockStatement,nan,-1,-1,-1,61,21,63,9,packages\datadog-metrics\test-other\integration_check.js,1,1893
3048,UnaryExpression,nan,1,-1,-1,61,12,61,19,packages\datadog-metrics\test-other\integration_check.js,1,1894
3049,CallExpression,nan,4,-1,-1,71,8,71,79,packages\datadog-metrics\test-other\integration_check.js,1,1895
3050,AwaitExpression,nan,1,-1,-1,72,8,74,10,packages\datadog-metrics\test-other\integration_check.js,1,1896
3051,MemberExpression,nan,-1,-1,-1,100,11,100,19,packages\datadog-metrics\test-other\integration_check.js,1,1897
3052,CallExpression,nan,1,-1,-1,101,8,101,93,packages\datadog-metrics\test-other\integration_check.js,1,1898
3053,BlockStatement,nan,-1,-1,-1,104,20,125,9,packages\datadog-metrics\test-other\integration_check.js,1,1899
3054,Identifier,series,-1,-1,-1,104,12,104,18,packages\datadog-metrics\test-other\integration_check.js,1,1900
3055,CallExpression,nan,1,-1,-1,127,8,127,95,packages\datadog-metrics\test-other\integration_check.js,1,1901
3056,AwaitExpression,nan,1,-1,-1,128,8,128,50,packages\datadog-metrics\test-other\integration_check.js,1,1902
3057,Identifier,error,-1,-1,-1,136,17,136,22,packages\datadog-metrics\test-other\integration_check.js,1,1903
3059,BlockStatement,nan,-1,-1,-1,136,26,139,5,packages\datadog-metrics\test-other\integration_check.js,1,1904
3060,Identifier,value,-1,-1,-1,14,22,14,27,packages\datadog-metrics\test-other\integration_check.js,1,1905
3061,Identifier,factor,-1,-1,-1,14,30,14,36,packages\datadog-metrics\test-other\integration_check.js,1,1906
3062,Identifier,r,-1,-1,-1,19,39,19,40,packages\datadog-metrics\test-other\integration_check.js,1,1907
3063,Identifier,milliseconds,-1,-1,-1,19,42,19,54,packages\datadog-metrics\test-other\integration_check.js,1,1908
3064,Identifier,setTimeout,-1,-1,-1,19,28,19,38,packages\datadog-metrics\test-other\integration_check.js,1,1909
3065,CallExpression,nan,1,-1,-1,53,14,53,32,packages\datadog-metrics\test-other\integration_check.js,1,1910
3067,Identifier,result,-1,-1,-1,61,13,61,19,packages\datadog-metrics\test-other\integration_check.js,1,1911
3068,MemberExpression,nan,-1,-1,-1,71,36,71,47,packages\datadog-metrics\test-other\integration_check.js,1,1912
3069,Identifier,value,-1,-1,-1,71,49,71,54,packages\datadog-metrics\test-other\integration_check.js,1,1913
3070,MemberExpression,nan,-1,-1,-1,71,56,71,67,packages\datadog-metrics\test-other\integration_check.js,1,1914
3071,Identifier,timestamp,-1,-1,-1,71,69,71,78,packages\datadog-metrics\test-other\integration_check.js,1,1915
3072,MemberExpression,nan,-1,-1,-1,71,8,71,35,packages\datadog-metrics\test-other\integration_check.js,1,1916
3073,NewExpression,nan,1,-1,-1,72,14,74,10,packages\datadog-metrics\test-other\integration_check.js,1,1917
3074,TemplateLiteral,nan,-1,-1,-1,101,20,101,92,packages\datadog-metrics\test-other\integration_check.js,1,1918
3075,MemberExpression,nan,-1,-1,-1,101,8,101,19,packages\datadog-metrics\test-other\integration_check.js,1,1919
3076,VariableDeclaration,nan,-1,-1,-1,105,12,115,15,packages\datadog-metrics\test-other\integration_check.js,1,1920
3077,IfStatement,nan,-1,-1,-1,117,12,124,13,packages\datadog-metrics\test-other\integration_check.js,1,1921
3078,TemplateLiteral,nan,-1,-1,-1,127,20,127,94,packages\datadog-metrics\test-other\integration_check.js,1,1922
3079,MemberExpression,nan,-1,-1,-1,127,8,127,19,packages\datadog-metrics\test-other\integration_check.js,1,1923
3080,CallExpression,nan,1,-1,-1,128,14,128,50,packages\datadog-metrics\test-other\integration_check.js,1,1924
3083,Identifier,metric,-1,-1,-1,53,25,53,31,packages\datadog-metrics\test-other\integration_check.js,1,1925
3084,Identifier,sendMetric,-1,-1,-1,53,14,53,24,packages\datadog-metrics\test-other\integration_check.js,1,1926
3085,AssignmentExpression,nan,-1,-1,-1,62,12,62,32,packages\datadog-metrics\test-other\integration_check.js,1,1927
3086,ArrowFunctionExpression,nan,-1,2,0,72,26,74,9,packages\datadog-metrics\test-other\integration_check.js,1,1928
3087,Identifier,Promise,-1,-1,-1,72,18,72,25,packages\datadog-metrics\test-other\integration_check.js,1,1929
3088,BlockStatement,nan,-1,-1,-1,117,23,120,13,packages\datadog-metrics\test-other\integration_check.js,1,1930
3089,Identifier,found,-1,-1,-1,117,16,117,21,packages\datadog-metrics\test-other\integration_check.js,1,1931
3091,Identifier,sleep,-1,-1,-1,128,14,128,19,packages\datadog-metrics\test-other\integration_check.js,1,1932
3092,AssignmentExpression,nan,-1,-1,-1,137,8,137,28,packages\datadog-metrics\test-other\integration_check.js,1,1933
3093,CallExpression,nan,1,-1,-1,138,8,138,28,packages\datadog-metrics\test-other\integration_check.js,1,1934
3094,MemberExpression,nan,-1,-1,-1,62,12,62,28,packages\datadog-metrics\test-other\integration_check.js,1,1935
3096,Identifier,resolve,-1,-1,-1,72,27,72,34,packages\datadog-metrics\test-other\integration_check.js,1,1936
3097,Identifier,reject,-1,-1,-1,72,36,72,42,packages\datadog-metrics\test-other\integration_check.js,1,1937
3099,BlockStatement,nan,-1,-1,-1,72,47,74,9,packages\datadog-metrics\test-other\integration_check.js,1,1938
3101,ReturnStatement,nan,1,-1,-1,119,16,119,28,packages\datadog-metrics\test-other\integration_check.js,1,1939
3102,Identifier,CHECK_INTERVAL_SECONDS,-1,-1,-1,128,20,128,42,packages\datadog-metrics\test-other\integration_check.js,1,1940
3104,MemberExpression,nan,-1,-1,-1,137,8,137,24,packages\datadog-metrics\test-other\integration_check.js,1,1941
3106,Identifier,error,-1,-1,-1,138,22,138,27,packages\datadog-metrics\test-other\integration_check.js,1,1942
3107,MemberExpression,nan,-1,-1,-1,138,8,138,21,packages\datadog-metrics\test-other\integration_check.js,1,1943
3109,CallExpression,nan,1,-1,-1,118,16,118,69,packages\datadog-metrics\test-other\integration_check.js,1,1944
3111,CallExpression,nan,2,-1,-1,73,12,73,49,packages\datadog-metrics\test-other\integration_check.js,1,1945
3113,MemberExpression,nan,-1,-1,-1,118,16,118,27,packages\datadog-metrics\test-other\integration_check.js,1,1946
3114,Identifier,resolve,-1,-1,-1,73,33,73,40,packages\datadog-metrics\test-other\integration_check.js,1,1947
3115,Identifier,reject,-1,-1,-1,73,42,73,48,packages\datadog-metrics\test-other\integration_check.js,1,1948
3116,MemberExpression,nan,-1,-1,-1,73,12,73,32,packages\datadog-metrics\test-other\integration_check.js,1,1949
