src,same_file,jaccard_val,dst
1350,1,0.0,257
1367,1,0.0,257
1712,1,0.0,257
1021,1,1.0,18
1372,1,-1.0,276
746,1,1.0,13
1373,1,-1.0,276
1374,1,-1.0,276
1378,1,-1.0,276
1379,1,-1.0,276
2009,1,0.0,257
1029,1,-1.0,284
1384,1,0.0,257
1728,1,1.0,16
1729,1,1.0,16
1033,1,1.0,18
1395,1,0.0,257
1396,1,1.0,19
1398,1,0.0,257
1742,1,0.0,257
1401,1,1.0,18
1405,1,-1.0,320
1044,1,-1.0,304
1045,1,1.0,12
1046,1,1.0,16
1416,1,0.0,257
1417,1,1.0,8
1758,1,1.0,13
2034,1,0.0,257
1433,1,1.0,13
2039,1,1.0,10
2046,1,0.0,257
2051,1,-1.0,320
2325,1,1.0,18
2327,1,-1.0,284
1070,1,1.0,18
1448,1,0.0,257
1474,1,1.0,18
1477,1,0.0,257
1089,1,1.0,9
2072,1,1.0,13
1090,1,1.0,18
1807,1,1.0,20
1093,1,1.0,20
795,1,1.0,9
1495,1,0.0,257
2076,1,1.0,13
1103,1,1.0,18
1498,1,-1.0,274
2078,1,1.0,13
1105,1,1.0,20
1501,1,-1.0,293
1812,1,-1.0,148
1503,1,0.0,257
1815,1,1.0,13
1107,1,1.0,18
1506,1,0.0,257
1506,0,0.0,2501
1509,1,0.0,257
1509,0,0.0,2501
1115,1,-1.0,284
1118,1,-1.0,284
1518,1,1.0,18
1831,1,1.0,16
1534,1,-1.0,320
1537,1,1.0,12
1836,1,1.0,13
1838,1,1.0,20
1544,1,0.0,257
1136,1,1.0,18
1843,1,1.0,20
1551,1,0.0,257
1140,1,1.0,18
556,1,1.0,18
2106,1,1.0,15
1573,1,1.0,15
567,1,1.0,13
1183,1,1.0,13
568,1,0.0,257
568,0,0.0,2501
572,1,0.0,257
572,0,0.0,2501
369,1,-1.0,289
1188,1,-1.0,320
1191,1,0.0,257
1191,0,0.0,2501
1580,1,-1.0,320
1193,1,1.0,18
1195,1,-1.0,320
1197,1,-1.0,314
2231,1,-1.0,320
2110,1,1.0,18
588,1,0.0,257
588,0,0.0,2501
378,1,1.0,18
383,1,-1.0,284
595,1,0.0,257
595,0,0.0,2501
386,1,-1.0,284
884,1,1.0,14
607,1,1.0,10
611,1,1.0,13
1889,1,-1.0,320
1891,1,1.0,10
1220,1,1.0,13
1896,1,0.0,257
1896,0,0.0,2501
1607,1,-1.0,304
1608,1,-1.0,314
898,1,-1.0,320
618,1,1.0,18
1611,1,-1.0,320
1227,1,1.0,18
1905,1,0.0,257
1905,0,0.0,2501
1229,1,-1.0,314
1909,1,-1.0,320
2235,1,-1.0,320
2123,1,-1.0,314
2125,1,0.0,257
2125,0,0.0,2501
1942,1,1.0,13
1649,1,1.0,13
1292,1,1.0,18
681,1,0.0,257
687,1,1.0,18
2157,1,1.0,15
1319,1,1.0,257
1986,1,-1.0,815
1682,1,1.0,17
1331,1,1.0,17
453,1,1.0,23
453,1,0.0,257
1697,1,-1.0,257
267,1,1.0,22
271,1,1.0,257
465,1,-1.0,728
2,1,-1.0,4
2583,1,1.0,2374
2752,1,1.0,2374
2584,0,0.0,257
2584,1,0.0,2501
2522,0,-1.0,289
2891,0,-1.0,320
2879,1,1.0,2379
2594,0,0.0,257
2594,1,0.0,2501
2526,1,1.0,2379
2531,0,-1.0,284
2601,0,0.0,257
2601,1,0.0,2501
2774,1,1.0,2374
2787,1,1.0,2501
2725,1,1.0,2378
2812,1,-1.0,2501
2365,1,-1.0,2367
2958,1,-1.0,2997
2961,0,-1.0,3127
2961,0,-1.0,3347
2961,0,-1.0,3601
2961,0,-1.0,6031
2961,0,-1.0,6644
2961,0,-1.0,7573
2961,0,-1.0,7867
2961,0,-1.0,7940
2961,0,-1.0,9964
2961,0,-1.0,10597
2961,0,-1.0,11580
2961,0,-1.0,12192
2961,0,-1.0,12377
2961,0,-1.0,12449
2961,0,-1.0,12841
2961,0,-1.0,14426
2961,0,-1.0,14837
2961,0,-1.0,15239
2961,0,-1.0,15288
2961,0,-1.0,15347
2961,0,-1.0,15489
2961,0,-1.0,15649
2961,0,-1.0,17235
2961,0,-1.0,18479
2961,0,-1.0,19788
2961,0,-1.0,21100
2961,0,-1.0,22121
2961,0,-1.0,22199
2961,0,-1.0,23522
2961,0,-1.0,24697
2961,0,-1.0,25404
2992,1,-1.0,2997
2964,1,-1.0,2997
3037,0,-1.0,284
2927,1,-1.0,2928
3093,1,-1.0,3098
3331,0,-1.0,2951
3137,0,1.0,23
3137,0,0.0,2384
3138,1,1.0,3132
3139,1,1.0,3132
3140,1,1.0,3132
3141,1,1.0,3132
3142,1,1.0,3132
3143,1,1.0,3132
3144,1,1.0,3132
3145,1,1.0,3132
3146,1,1.0,3132
3147,1,1.0,3132
3148,1,1.0,3132
3149,1,1.0,3132
3150,1,1.0,3132
3151,1,1.0,3132
3152,1,1.0,3132
3153,1,1.0,3132
3154,1,1.0,3132
3155,1,1.0,3132
3156,1,1.0,3132
3157,1,1.0,3132
3158,1,1.0,3132
3159,1,1.0,3132
3160,1,1.0,3132
3259,0,1.0,257
3259,0,0.0,2501
3161,1,1.0,3132
3261,0,1.0,257
3261,0,0.0,2501
3162,1,1.0,3132
3263,0,1.0,257
3263,0,0.0,2501
3163,1,1.0,3132
3265,0,1.0,257
3265,0,0.0,2501
3164,1,1.0,3132
3165,1,1.0,3132
3166,1,1.0,3132
3167,1,1.0,3132
3168,1,1.0,3132
3169,1,1.0,3132
3170,1,1.0,3132
3171,1,1.0,3132
3172,1,1.0,3132
3173,1,1.0,3132
3174,1,1.0,3132
3175,1,1.0,3132
3176,1,1.0,3132
3177,1,1.0,3132
3178,1,1.0,3132
3179,1,1.0,3132
3180,1,1.0,3132
3181,1,1.0,3132
3182,1,1.0,3132
3183,1,1.0,3132
3184,1,1.0,3132
3186,1,1.0,3132
3187,1,1.0,3132
3188,1,1.0,3132
3189,1,1.0,3132
3190,1,1.0,3132
3191,1,1.0,3132
3192,1,1.0,3132
3193,1,1.0,3132
3194,1,1.0,3132
3195,1,1.0,3132
3196,1,1.0,3132
3197,1,1.0,3132
3198,1,1.0,3132
3199,1,1.0,3132
3200,1,1.0,3132
3201,1,1.0,3132
3202,1,1.0,3132
3203,1,1.0,3132
3204,1,1.0,3132
3205,1,1.0,3132
3206,1,1.0,3132
3207,1,1.0,3132
3208,1,1.0,3132
3209,1,1.0,3132
3210,1,1.0,3132
3211,1,1.0,3132
3212,1,1.0,3132
3213,1,1.0,3132
3214,1,1.0,3132
3215,1,1.0,3132
3216,1,1.0,3132
3217,1,1.0,3132
3218,1,1.0,3132
3219,1,1.0,3132
3220,1,1.0,3132
3221,1,1.0,3132
3222,1,1.0,3132
3223,1,1.0,3132
3224,1,1.0,3132
3225,1,1.0,3132
3226,1,1.0,3132
3227,1,1.0,3132
3124,1,-1.0,3127
3124,0,1.0,2931
3525,0,-1.0,2949
3385,0,1.0,23
3385,0,0.0,2384
3386,0,1.0,23
3386,0,0.0,2384
3387,1,1.0,3352
3388,1,1.0,3352
3443,0,-1.0,284
3389,1,1.0,3352
3445,0,-1.0,284
3390,1,1.0,3352
3447,0,-1.0,284
3391,1,1.0,3352
3449,0,-1.0,284
3392,1,1.0,3352
3451,0,-1.0,284
3393,1,1.0,3352
3453,0,-1.0,284
3394,1,1.0,3352
3455,0,-1.0,284
3395,1,1.0,3352
3457,0,-1.0,284
3396,1,1.0,3352
3459,0,-1.0,284
3397,1,1.0,3352
3461,0,-1.0,284
3398,1,1.0,3352
3463,0,-1.0,284
3399,1,1.0,3352
3465,0,-1.0,284
3400,1,1.0,3352
3467,0,-1.0,284
3401,1,1.0,3352
3469,0,-1.0,284
3402,1,1.0,3352
3471,0,-1.0,284
3403,1,1.0,3352
3473,0,-1.0,284
3404,1,1.0,3352
3475,0,-1.0,284
3405,1,1.0,3352
3477,0,-1.0,284
3406,1,1.0,3352
3479,0,-1.0,284
3407,1,1.0,3352
3481,0,-1.0,284
3408,1,1.0,3352
3483,0,-1.0,284
3409,1,1.0,3352
3485,0,-1.0,284
3410,1,1.0,3352
3487,0,-1.0,284
3411,1,1.0,3352
3489,0,-1.0,284
3412,1,1.0,3352
3491,0,-1.0,284
3413,1,1.0,3352
3493,0,-1.0,284
3414,1,1.0,3352
3495,0,-1.0,284
3415,1,1.0,3352
3497,0,-1.0,284
3416,1,1.0,3352
3499,0,-1.0,284
3417,1,1.0,3352
3418,1,1.0,3352
3419,1,1.0,3352
3420,1,1.0,3352
3421,1,1.0,3352
3422,1,1.0,3352
3423,1,1.0,3352
3424,1,1.0,3352
3425,1,1.0,3352
3426,1,1.0,3352
3427,1,1.0,3352
3569,0,0.0,257
3569,0,0.0,2501
3511,0,-1.0,284
3428,1,1.0,3352
3587,0,0.0,257
3587,0,0.0,2501
3571,0,-1.0,284
3429,1,1.0,3352
3589,0,-1.0,338
3572,0,-1.0,284
3430,1,1.0,3352
3573,0,-1.0,330
3517,0,-1.0,284
3431,1,1.0,3352
3432,1,1.0,3352
3433,1,1.0,3352
3434,1,1.0,3352
3435,1,1.0,3352
3594,0,1.0,22
3594,0,0.0,2383
3436,1,-1.0,3523
3436,0,-1.0,2957
3344,1,-1.0,3347
3344,0,1.0,2931
6022,0,-1.0,276
6020,0,-1.0,2951
3612,0,1.0,23
3612,0,0.0,2384
3613,1,1.0,3606
3614,1,1.0,3606
3615,1,1.0,3606
3616,1,1.0,3606
3617,1,1.0,3606
3618,1,1.0,3606
3619,1,1.0,3606
3620,1,1.0,3606
3621,1,1.0,3606
3622,1,1.0,3606
3623,1,1.0,3606
3624,1,1.0,3606
3625,1,1.0,3606
3626,1,1.0,3606
3627,1,1.0,3606
3628,1,1.0,3606
3629,1,1.0,3606
3630,1,1.0,3606
3631,1,1.0,3606
3632,1,1.0,3606
3633,1,1.0,3606
3634,1,1.0,3606
3635,1,1.0,3606
3636,1,1.0,3606
3637,1,1.0,3606
3638,1,1.0,3606
3639,1,1.0,3606
3640,1,1.0,3606
3641,1,1.0,3606
3642,1,1.0,3606
3643,1,1.0,3606
3644,1,1.0,3606
3645,1,1.0,3606
3646,1,1.0,3606
3647,1,1.0,3606
3648,1,1.0,3606
3649,1,1.0,3606
3650,1,1.0,3606
3651,1,1.0,3606
3652,1,1.0,3606
3653,1,1.0,3606
3654,1,1.0,3606
3655,1,1.0,3606
3656,1,1.0,3606
3657,1,1.0,3606
3658,1,1.0,3606
3659,1,1.0,3606
3660,1,1.0,3606
3661,1,1.0,3606
3662,1,1.0,3606
3663,1,1.0,3606
3664,1,1.0,3606
3665,1,1.0,3606
3666,1,1.0,3606
3667,1,1.0,3606
3668,1,1.0,3606
3669,1,1.0,3606
3670,1,1.0,3606
3671,1,1.0,3606
3672,1,1.0,3606
3673,1,1.0,3606
3674,1,1.0,3606
3675,1,1.0,3606
3676,1,1.0,3606
3677,1,1.0,3606
3678,1,1.0,3606
3679,1,1.0,3606
3680,1,1.0,3606
3681,1,1.0,3606
3682,1,1.0,3606
3683,1,1.0,3606
3684,1,1.0,3606
3685,1,1.0,3606
3686,1,1.0,3606
3687,1,1.0,3606
3688,1,1.0,3606
3689,1,1.0,3606
3690,1,1.0,3606
3691,1,1.0,3606
3692,1,1.0,3606
3693,1,1.0,3606
3694,1,1.0,3606
3695,1,1.0,3606
3696,1,1.0,3606
3697,1,1.0,3606
3698,1,1.0,3606
3699,1,1.0,3606
3700,1,1.0,3606
3701,1,1.0,3606
3702,1,1.0,3606
3703,1,1.0,3606
3704,1,1.0,3606
3705,1,1.0,3606
3706,1,1.0,3606
3707,1,1.0,3606
3708,1,1.0,3606
3709,1,1.0,3606
3710,1,1.0,3606
3711,1,1.0,3606
3712,1,1.0,3606
3713,1,1.0,3606
3714,1,1.0,3606
3715,1,1.0,3606
3716,1,1.0,3606
3717,1,1.0,3606
3718,1,1.0,3606
3719,1,1.0,3606
3720,1,1.0,3606
3721,1,1.0,3606
3722,1,1.0,3606
3723,1,1.0,3606
3724,1,1.0,3606
3725,1,1.0,3606
3726,1,1.0,3606
3727,1,1.0,3606
3728,1,1.0,3606
3729,1,1.0,3606
3730,1,1.0,3606
3731,1,1.0,3606
3732,1,1.0,3606
3733,1,1.0,3606
3734,1,1.0,3606
3735,1,1.0,3606
3736,1,1.0,3606
3737,1,1.0,3606
3738,1,1.0,3606
3739,1,1.0,3606
3740,1,1.0,3606
3741,1,1.0,3606
3742,1,1.0,3606
3743,1,1.0,3606
3744,1,1.0,3606
3745,1,1.0,3606
3746,1,1.0,3606
3747,1,1.0,3606
3748,1,1.0,3606
3749,1,1.0,3606
3750,1,1.0,3606
3751,1,1.0,3606
3752,1,1.0,3606
3753,1,1.0,3606
3754,1,1.0,3606
3755,1,1.0,3606
3756,1,1.0,3606
3757,1,1.0,3606
3758,1,1.0,3606
3759,1,1.0,3606
3760,1,1.0,3606
3761,1,1.0,3606
3762,1,1.0,3606
3763,1,1.0,3606
3764,1,1.0,3606
3765,1,1.0,3606
3766,1,1.0,3606
3767,1,1.0,3606
3768,1,1.0,3606
3769,1,1.0,3606
3770,1,1.0,3606
3771,1,1.0,3606
3772,1,1.0,3606
3773,1,1.0,3606
3774,1,1.0,3606
3775,1,1.0,3606
3776,1,1.0,3606
3777,1,1.0,3606
3778,1,1.0,3606
3779,1,1.0,3606
3780,1,1.0,3606
3781,1,1.0,3606
3782,1,1.0,3606
3783,1,1.0,3606
3784,1,1.0,3606
3785,1,1.0,3606
3786,1,1.0,3606
3787,1,1.0,3606
3788,1,1.0,3606
3789,1,1.0,3606
3790,1,1.0,3606
3791,1,1.0,3606
3792,1,1.0,3606
3793,1,1.0,3606
3794,1,1.0,3606
3795,1,1.0,3606
3796,1,1.0,3606
3797,1,1.0,3606
3798,1,1.0,3606
3799,1,1.0,3606
3800,1,1.0,3606
3801,1,1.0,3606
3802,1,1.0,3606
3803,1,1.0,3606
3804,1,1.0,3606
3805,1,1.0,3606
3806,1,1.0,3606
3807,1,1.0,3606
3808,1,1.0,3606
3809,1,1.0,3606
3810,1,1.0,3606
3811,1,1.0,3606
3812,1,1.0,3606
3813,1,1.0,3606
3814,1,1.0,3606
3815,1,1.0,3606
3816,1,1.0,3606
3817,1,1.0,3606
3818,1,1.0,3606
3819,1,1.0,3606
3820,1,1.0,3606
3821,1,1.0,3606
3822,1,1.0,3606
3823,1,1.0,3606
3824,1,1.0,3606
3825,1,1.0,3606
3826,1,1.0,3606
3827,1,1.0,3606
3828,1,1.0,3606
3829,1,1.0,3606
3830,1,1.0,3606
3831,1,1.0,3606
3832,1,1.0,3606
3833,1,1.0,3606
3834,1,1.0,3606
3835,1,1.0,3606
3836,1,1.0,3606
3837,1,1.0,3606
3838,1,1.0,3606
3839,1,1.0,3606
3840,1,1.0,3606
3841,1,1.0,3606
3842,1,1.0,3606
3843,1,1.0,3606
3844,1,1.0,3606
3845,1,1.0,3606
3846,1,1.0,3606
3847,1,1.0,3606
3848,1,1.0,3606
3849,1,1.0,3606
3850,1,1.0,3606
3851,1,1.0,3606
3852,1,1.0,3606
3853,1,1.0,3606
3854,1,1.0,3606
3855,1,1.0,3606
3856,1,1.0,3606
3857,1,1.0,3606
3858,1,1.0,3606
3859,1,1.0,3606
3860,1,1.0,3606
3861,1,1.0,3606
3862,1,1.0,3606
3863,1,1.0,3606
3864,1,1.0,3606
3865,1,1.0,3606
3866,1,1.0,3606
3867,1,1.0,3606
3868,1,1.0,3606
3869,1,1.0,3606
3870,1,1.0,3606
3871,1,1.0,3606
3872,1,1.0,3606
3873,1,1.0,3606
3874,1,1.0,3606
3875,1,1.0,3606
3876,1,1.0,3606
3877,1,1.0,3606
3878,1,1.0,3606
3879,1,1.0,3606
3880,1,1.0,3606
3881,1,1.0,3606
3882,1,1.0,3606
3883,1,1.0,3606
3884,1,1.0,3606
3885,1,1.0,3606
3886,1,1.0,3606
3887,1,1.0,3606
3888,1,1.0,3606
3889,1,1.0,3606
3890,1,1.0,3606
3891,1,1.0,3606
3892,1,1.0,3606
3893,1,1.0,3606
3894,1,1.0,3606
3895,1,1.0,3606
3896,1,1.0,3606
3897,1,1.0,3606
3898,1,1.0,3606
3899,1,1.0,3606
3900,1,1.0,3606
3901,1,1.0,3606
3902,1,1.0,3606
3903,1,1.0,3606
3904,1,1.0,3606
3905,1,1.0,3606
3906,1,1.0,3606
3907,1,1.0,3606
3908,1,1.0,3606
3909,1,1.0,3606
3910,1,1.0,3606
3911,1,1.0,3606
3912,1,1.0,3606
3913,1,1.0,3606
3914,1,1.0,3606
3915,1,1.0,3606
3916,1,1.0,3606
3917,1,1.0,3606
3918,1,1.0,3606
3919,1,1.0,3606
3920,1,1.0,3606
3921,1,1.0,3606
3922,1,1.0,3606
3923,1,1.0,3606
3924,1,1.0,3606
3925,1,1.0,3606
3926,1,1.0,3606
3927,1,1.0,3606
3928,1,1.0,3606
3929,1,1.0,3606
3930,1,1.0,3606
3931,1,1.0,3606
3932,1,1.0,3606
3933,1,1.0,3606
3934,1,1.0,3606
3935,1,1.0,3606
3936,1,1.0,3606
3937,1,1.0,3606
3938,1,1.0,3606
3939,1,1.0,3606
3940,1,1.0,3606
3941,1,1.0,3606
3942,1,1.0,3606
3943,1,1.0,3606
3944,1,1.0,3606
3945,1,1.0,3606
3946,1,1.0,3606
3947,1,1.0,3606
3948,1,1.0,3606
3949,1,1.0,3606
3950,1,1.0,3606
3951,1,1.0,3606
3952,1,1.0,3606
3953,1,1.0,3606
3954,1,1.0,3606
3955,1,1.0,3606
3956,1,1.0,3606
3957,1,1.0,3606
3958,1,1.0,3606
3959,1,1.0,3606
3960,1,1.0,3606
3961,1,1.0,3606
3962,1,1.0,3606
3963,1,1.0,3606
3964,1,1.0,3606
3965,1,1.0,3606
3966,1,1.0,3606
3967,1,1.0,3606
3968,1,1.0,3606
3969,1,1.0,3606
3970,1,1.0,3606
3971,1,1.0,3606
3972,1,1.0,3606
3973,1,1.0,3606
3974,1,1.0,3606
3975,1,1.0,3606
3976,1,1.0,3606
3977,1,1.0,3606
3978,1,1.0,3606
3979,1,1.0,3606
3980,1,1.0,3606
3981,1,1.0,3606
3982,1,1.0,3606
3983,1,1.0,3606
3984,1,1.0,3606
3985,1,1.0,3606
3986,1,1.0,3606
3987,1,1.0,3606
3988,1,1.0,3606
3989,1,1.0,3606
3990,1,1.0,3606
3991,1,1.0,3606
3992,1,1.0,3606
3993,1,1.0,3606
3994,1,1.0,3606
3995,1,1.0,3606
3996,1,1.0,3606
3997,1,1.0,3606
3998,1,1.0,3606
3999,1,1.0,3606
4000,1,1.0,3606
4001,1,1.0,3606
4002,1,1.0,3606
4003,1,1.0,3606
4004,1,1.0,3606
4005,1,1.0,3606
4006,1,1.0,3606
4007,1,1.0,3606
4008,1,1.0,3606
4009,1,1.0,3606
4010,1,1.0,3606
4011,1,1.0,3606
4012,1,1.0,3606
4013,1,1.0,3606
4014,1,1.0,3606
4015,1,1.0,3606
4016,1,1.0,3606
4017,1,1.0,3606
4018,1,1.0,3606
4019,1,1.0,3606
4020,1,1.0,3606
4021,1,1.0,3606
4022,1,1.0,3606
4023,1,1.0,3606
4024,1,1.0,3606
4025,1,1.0,3606
4026,1,1.0,3606
4027,1,1.0,3606
4028,1,1.0,3606
4029,1,1.0,3606
4030,1,1.0,3606
4031,1,1.0,3606
4032,1,1.0,3606
4033,1,1.0,3606
4034,1,1.0,3606
4035,1,1.0,3606
4036,1,1.0,3606
4037,1,1.0,3606
4038,1,1.0,3606
4039,1,1.0,3606
4040,1,1.0,3606
4041,1,1.0,3606
4042,1,1.0,3606
4043,1,1.0,3606
4044,1,1.0,3606
4045,1,1.0,3606
4046,1,1.0,3606
4047,1,1.0,3606
4048,1,1.0,3606
4049,1,1.0,3606
4050,1,1.0,3606
4051,1,1.0,3606
4052,1,1.0,3606
4053,1,1.0,3606
4054,1,1.0,3606
4055,1,1.0,3606
4056,1,1.0,3606
4057,1,1.0,3606
4058,1,1.0,3606
4059,1,1.0,3606
4060,1,1.0,3606
4061,1,1.0,3606
4062,1,1.0,3606
4063,1,1.0,3606
4064,1,1.0,3606
4065,1,1.0,3606
4066,1,1.0,3606
4067,1,1.0,3606
4068,1,1.0,3606
4069,1,1.0,3606
4070,1,1.0,3606
4071,1,1.0,3606
4072,1,1.0,3606
4073,1,1.0,3606
4074,1,1.0,3606
4075,1,1.0,3606
4076,1,1.0,3606
4077,1,1.0,3606
4078,1,1.0,3606
4079,1,1.0,3606
4080,1,1.0,3606
4081,1,1.0,3606
4082,1,1.0,3606
4083,1,1.0,3606
4084,1,1.0,3606
4085,1,1.0,3606
4086,1,1.0,3606
4087,1,1.0,3606
4088,1,1.0,3606
4089,1,1.0,3606
4090,1,1.0,3606
4091,1,1.0,3606
4092,1,1.0,3606
4093,1,1.0,3606
4094,1,1.0,3606
4095,1,1.0,3606
4096,1,1.0,3606
4097,1,1.0,3606
4098,1,1.0,3606
4099,1,1.0,3606
4100,1,1.0,3606
4101,1,1.0,3606
4102,1,1.0,3606
4103,1,1.0,3606
4104,1,1.0,3606
4105,1,1.0,3606
4106,1,1.0,3606
4107,1,1.0,3606
4108,1,1.0,3606
4109,1,1.0,3606
4110,1,1.0,3606
4111,1,1.0,3606
4112,1,1.0,3606
4113,1,1.0,3606
4114,1,1.0,3606
4115,1,1.0,3606
4116,1,1.0,3606
4117,1,1.0,3606
4118,1,1.0,3606
4119,1,1.0,3606
4120,1,1.0,3606
4121,1,1.0,3606
4122,1,1.0,3606
4123,1,1.0,3606
4124,1,1.0,3606
4125,1,1.0,3606
4126,1,1.0,3606
4127,1,1.0,3606
4128,1,1.0,3606
4129,1,1.0,3606
4130,1,1.0,3606
4131,1,1.0,3606
4132,1,1.0,3606
4133,1,1.0,3606
4134,1,1.0,3606
4135,1,1.0,3606
4136,1,1.0,3606
4137,1,1.0,3606
4138,1,1.0,3606
4139,1,1.0,3606
4140,1,1.0,3606
4141,1,1.0,3606
4142,1,1.0,3606
4143,1,1.0,3606
4144,1,1.0,3606
4145,1,1.0,3606
4146,1,1.0,3606
4147,1,1.0,3606
4148,1,1.0,3606
4149,1,1.0,3606
4150,1,1.0,3606
4151,1,1.0,3606
4152,1,1.0,3606
4153,1,1.0,3606
4154,1,1.0,3606
4155,1,1.0,3606
4156,1,1.0,3606
4157,1,1.0,3606
4158,1,1.0,3606
4159,1,1.0,3606
4160,1,1.0,3606
4161,1,1.0,3606
4162,1,1.0,3606
4163,1,1.0,3606
4164,1,1.0,3606
4165,1,1.0,3606
4166,1,1.0,3606
4167,1,1.0,3606
4168,1,1.0,3606
4169,1,1.0,3606
4170,1,1.0,3606
4171,1,1.0,3606
4172,1,1.0,3606
4173,1,1.0,3606
4174,1,1.0,3606
4175,1,1.0,3606
4176,1,1.0,3606
4177,1,1.0,3606
4178,1,1.0,3606
4179,1,1.0,3606
4180,1,1.0,3606
4181,1,1.0,3606
4182,1,1.0,3606
4183,1,1.0,3606
4184,1,1.0,3606
4185,1,1.0,3606
4186,1,1.0,3606
4187,1,1.0,3606
4188,1,1.0,3606
4189,1,1.0,3606
4190,1,1.0,3606
4191,1,1.0,3606
4192,1,1.0,3606
4193,1,1.0,3606
4194,1,1.0,3606
4195,1,1.0,3606
4196,1,1.0,3606
4197,1,1.0,3606
4198,1,1.0,3606
4199,1,1.0,3606
4200,1,1.0,3606
4201,1,1.0,3606
4202,1,1.0,3606
4203,1,1.0,3606
4204,1,1.0,3606
4205,1,1.0,3606
4206,1,1.0,3606
4207,1,1.0,3606
4208,1,1.0,3606
4209,1,1.0,3606
4210,1,1.0,3606
4211,1,1.0,3606
4212,1,1.0,3606
4213,1,1.0,3606
4214,1,1.0,3606
4215,1,1.0,3606
4216,1,1.0,3606
4217,1,1.0,3606
4218,1,1.0,3606
4219,1,1.0,3606
4220,1,1.0,3606
4221,1,1.0,3606
4222,1,1.0,3606
4223,1,1.0,3606
4224,1,1.0,3606
4225,1,1.0,3606
4226,1,1.0,3606
4227,1,1.0,3606
4228,1,1.0,3606
4229,1,1.0,3606
4230,1,1.0,3606
4231,1,1.0,3606
4232,1,1.0,3606
4233,1,1.0,3606
4234,1,1.0,3606
4235,1,1.0,3606
4236,1,1.0,3606
4237,1,1.0,3606
4238,1,1.0,3606
4239,1,1.0,3606
4240,1,1.0,3606
4241,1,1.0,3606
4242,1,1.0,3606
4243,1,1.0,3606
4244,1,1.0,3606
4245,1,1.0,3606
4246,1,1.0,3606
4247,1,1.0,3606
4248,1,1.0,3606
4249,1,1.0,3606
4250,1,1.0,3606
4251,1,1.0,3606
4252,1,1.0,3606
4253,1,1.0,3606
4254,1,1.0,3606
4255,1,1.0,3606
4256,1,1.0,3606
4257,1,1.0,3606
4258,1,1.0,3606
4259,1,1.0,3606
4260,1,1.0,3606
4261,1,1.0,3606
4262,1,1.0,3606
4263,1,1.0,3606
4264,1,1.0,3606
4265,1,1.0,3606
4266,1,1.0,3606
4267,1,1.0,3606
4268,1,1.0,3606
4269,1,1.0,3606
4270,1,1.0,3606
4271,1,1.0,3606
4272,1,1.0,3606
4273,1,1.0,3606
4274,1,1.0,3606
4275,1,1.0,3606
4276,1,1.0,3606
4277,1,1.0,3606
4278,1,1.0,3606
4279,1,1.0,3606
4280,1,1.0,3606
4281,1,1.0,3606
4282,1,1.0,3606
4283,1,1.0,3606
4284,1,1.0,3606
4285,1,1.0,3606
4286,1,1.0,3606
4287,1,1.0,3606
4288,1,1.0,3606
4289,1,1.0,3606
4290,1,1.0,3606
4291,1,1.0,3606
4292,1,1.0,3606
4293,1,1.0,3606
4294,1,1.0,3606
4295,1,1.0,3606
4296,1,1.0,3606
4297,1,1.0,3606
4298,1,1.0,3606
4299,1,1.0,3606
4300,1,1.0,3606
4301,1,1.0,3606
4302,1,1.0,3606
4303,1,1.0,3606
4304,1,1.0,3606
4305,1,1.0,3606
4306,1,1.0,3606
4307,1,1.0,3606
4308,1,1.0,3606
4309,1,1.0,3606
4310,1,1.0,3606
4311,1,1.0,3606
4312,1,1.0,3606
4313,1,1.0,3606
4314,1,1.0,3606
4315,1,1.0,3606
4316,1,1.0,3606
4317,1,1.0,3606
4318,1,1.0,3606
4319,1,1.0,3606
4320,1,1.0,3606
4321,1,1.0,3606
4322,1,1.0,3606
4323,1,1.0,3606
4324,1,1.0,3606
4325,1,1.0,3606
4326,1,1.0,3606
4327,1,1.0,3606
4328,1,1.0,3606
4329,1,1.0,3606
4330,1,1.0,3606
4331,1,1.0,3606
4332,1,1.0,3606
4333,1,1.0,3606
4334,1,1.0,3606
4335,1,1.0,3606
4336,1,1.0,3606
4337,1,1.0,3606
4338,1,1.0,3606
4339,1,1.0,3606
4340,1,1.0,3606
4341,1,1.0,3606
4342,1,1.0,3606
4343,1,1.0,3606
4344,1,1.0,3606
4345,1,1.0,3606
4346,1,1.0,3606
4347,1,1.0,3606
4348,1,1.0,3606
4349,1,1.0,3606
4350,1,1.0,3606
4351,1,1.0,3606
4352,1,1.0,3606
4353,1,1.0,3606
4354,1,1.0,3606
4355,1,1.0,3606
4356,1,1.0,3606
4357,1,1.0,3606
4358,1,1.0,3606
4359,1,1.0,3606
4360,1,1.0,3606
4361,1,1.0,3606
4362,1,1.0,3606
4363,1,1.0,3606
4364,1,1.0,3606
4365,1,1.0,3606
4366,1,1.0,3606
4367,1,1.0,3606
4368,1,1.0,3606
4369,1,1.0,3606
4370,1,1.0,3606
4371,1,1.0,3606
4372,1,1.0,3606
4373,1,1.0,3606
4374,1,1.0,3606
4375,1,1.0,3606
4376,1,1.0,3606
4377,1,1.0,3606
4378,1,1.0,3606
4379,1,1.0,3606
4380,1,1.0,3606
4381,1,1.0,3606
4382,1,1.0,3606
4383,1,1.0,3606
4384,1,1.0,3606
4385,1,1.0,3606
4386,1,1.0,3606
4387,1,1.0,3606
4388,1,1.0,3606
4389,1,1.0,3606
4390,1,1.0,3606
4391,1,1.0,3606
4392,1,1.0,3606
4393,1,1.0,3606
4394,1,1.0,3606
4395,1,1.0,3606
4396,1,1.0,3606
4397,1,1.0,3606
4398,1,1.0,3606
4399,1,1.0,3606
4400,1,1.0,3606
4401,1,1.0,3606
4402,1,1.0,3606
4403,1,1.0,3606
4404,1,1.0,3606
4405,1,1.0,3606
4406,1,1.0,3606
4407,1,1.0,3606
4408,1,1.0,3606
4409,1,1.0,3606
4410,1,1.0,3606
4411,1,1.0,3606
4412,1,1.0,3606
4413,1,1.0,3606
4414,1,1.0,3606
4415,1,1.0,3606
4416,1,1.0,3606
4417,1,1.0,3606
4418,1,1.0,3606
4419,1,1.0,3606
4420,1,1.0,3606
4421,1,1.0,3606
4422,1,1.0,3606
4423,1,1.0,3606
4424,1,1.0,3606
4425,1,1.0,3606
4426,1,1.0,3606
4427,1,1.0,3606
4428,1,1.0,3606
4429,1,1.0,3606
4430,1,1.0,3606
4431,1,1.0,3606
4432,1,1.0,3606
4433,1,1.0,3606
4434,1,1.0,3606
4435,1,1.0,3606
4436,1,1.0,3606
4437,1,1.0,3606
4438,1,1.0,3606
4439,1,1.0,3606
4440,1,1.0,3606
4441,1,1.0,3606
4442,1,1.0,3606
4443,1,1.0,3606
4444,1,1.0,3606
4445,1,1.0,3606
4446,1,1.0,3606
4447,1,1.0,3606
4448,1,1.0,3606
4449,1,1.0,3606
4450,1,1.0,3606
4451,1,1.0,3606
4452,1,1.0,3606
4453,1,1.0,3606
4454,1,1.0,3606
4455,1,1.0,3606
4456,1,1.0,3606
4457,1,1.0,3606
4458,1,1.0,3606
4459,1,1.0,3606
4460,1,1.0,3606
4461,1,1.0,3606
4462,1,1.0,3606
4463,1,1.0,3606
4464,1,1.0,3606
4465,1,1.0,3606
4466,1,1.0,3606
4467,1,1.0,3606
4468,1,1.0,3606
4469,1,1.0,3606
4470,1,1.0,3606
4471,1,1.0,3606
4472,1,1.0,3606
4473,1,1.0,3606
4474,1,1.0,3606
4475,1,1.0,3606
4476,1,1.0,3606
4477,1,1.0,3606
4478,1,1.0,3606
4479,1,1.0,3606
4480,1,1.0,3606
4481,1,1.0,3606
4482,1,1.0,3606
4483,1,1.0,3606
4484,1,1.0,3606
4485,1,1.0,3606
4486,1,1.0,3606
4487,1,1.0,3606
4488,1,1.0,3606
4489,1,1.0,3606
4490,1,1.0,3606
4491,1,1.0,3606
4492,1,1.0,3606
4493,1,1.0,3606
4494,1,1.0,3606
4495,1,1.0,3606
4496,1,1.0,3606
4497,1,1.0,3606
4498,1,1.0,3606
4499,1,1.0,3606
4500,1,1.0,3606
4501,1,1.0,3606
4502,1,1.0,3606
4503,1,1.0,3606
4504,1,1.0,3606
4505,1,1.0,3606
4506,1,1.0,3606
4507,1,1.0,3606
4508,1,1.0,3606
4509,1,1.0,3606
4510,1,1.0,3606
4511,1,1.0,3606
4512,1,1.0,3606
4513,1,1.0,3606
4514,1,1.0,3606
4515,1,1.0,3606
4516,1,1.0,3606
4517,1,1.0,3606
4518,1,1.0,3606
4519,1,1.0,3606
4520,1,1.0,3606
4521,1,1.0,3606
4522,1,1.0,3606
4523,1,1.0,3606
4524,1,1.0,3606
4525,1,1.0,3606
4526,1,1.0,3606
4527,1,1.0,3606
4528,1,1.0,3606
4529,1,1.0,3606
4530,1,1.0,3606
4531,1,1.0,3606
4532,1,1.0,3606
4533,1,1.0,3606
4534,1,1.0,3606
4535,1,1.0,3606
4536,1,1.0,3606
4537,1,1.0,3606
4538,1,1.0,3606
4539,1,1.0,3606
4540,1,1.0,3606
4541,1,1.0,3606
4542,1,1.0,3606
4543,1,1.0,3606
4544,1,1.0,3606
4545,1,1.0,3606
4546,1,1.0,3606
4547,1,1.0,3606
4548,1,1.0,3606
4549,1,1.0,3606
4550,1,1.0,3606
4551,1,1.0,3606
4552,1,1.0,3606
4553,1,1.0,3606
4554,1,1.0,3606
4555,1,1.0,3606
4556,1,1.0,3606
4557,1,1.0,3606
4558,1,1.0,3606
4559,1,1.0,3606
4560,1,1.0,3606
4561,1,1.0,3606
4562,1,1.0,3606
4563,1,1.0,3606
4564,1,1.0,3606
4565,1,1.0,3606
4566,1,1.0,3606
4567,1,1.0,3606
4568,1,1.0,3606
4569,1,1.0,3606
3598,1,-1.0,3601
3598,0,1.0,2931
6356,0,1.0,23
6356,0,0.0,2384
6039,1,-1.0,6178
6039,1,-1.0,6238
6039,1,-1.0,6296
6039,1,-1.0,6329
6443,0,1.0,23
6443,0,0.0,2384
6444,0,1.0,23
6444,0,0.0,2384
6445,0,1.0,23
6445,0,0.0,2384
6446,0,1.0,23
6446,0,0.0,2384
6447,0,1.0,23
6447,0,0.0,2384
6448,0,1.0,23
6448,0,0.0,2384
6449,0,1.0,23
6449,0,0.0,2384
6047,0,1.0,23
6047,0,0.0,2384
6048,1,-1.0,6178
6048,1,-1.0,6238
6048,1,-1.0,6296
6048,1,-1.0,6329
6049,1,-1.0,6178
6049,1,-1.0,6238
6049,1,-1.0,6296
6049,1,-1.0,6329
6050,1,-1.0,6178
6050,1,-1.0,6238
6050,1,-1.0,6296
6050,1,-1.0,6329
6051,1,-1.0,6178
6051,1,-1.0,6238
6051,1,-1.0,6296
6051,1,-1.0,6329
6052,0,1.0,23
6052,0,0.0,2384
6053,1,-1.0,6178
6053,1,-1.0,6238
6053,1,-1.0,6296
6053,1,-1.0,6329
6054,1,-1.0,6178
6054,1,-1.0,6238
6054,1,-1.0,6296
6054,1,-1.0,6329
6055,1,-1.0,6178
6055,1,-1.0,6238
6055,1,-1.0,6296
6055,1,-1.0,6329
6056,1,-1.0,6178
6056,1,-1.0,6238
6056,1,-1.0,6296
6056,1,-1.0,6329
6057,0,1.0,23
6057,0,0.0,2384
6058,1,-1.0,6178
6058,1,-1.0,6238
6058,1,-1.0,6296
6058,1,-1.0,6329
6059,1,-1.0,6178
6059,1,-1.0,6238
6059,1,-1.0,6296
6059,1,-1.0,6329
6450,0,1.0,23
6450,0,0.0,2384
6451,0,-1.0,2951
6061,1,-1.0,6178
6061,1,-1.0,6238
6061,1,-1.0,6296
6061,1,-1.0,6329
6062,1,-1.0,6178
6062,1,-1.0,6238
6062,1,-1.0,6296
6062,1,-1.0,6329
6063,1,-1.0,6178
6063,1,-1.0,6238
6063,1,-1.0,6296
6063,1,-1.0,6329
6064,1,-1.0,6178
6064,1,-1.0,6238
6064,1,-1.0,6296
6064,1,-1.0,6329
6065,1,-1.0,6178
6065,1,-1.0,6238
6065,1,-1.0,6296
6065,1,-1.0,6329
6066,1,-1.0,6178
6066,1,-1.0,6238
6066,1,-1.0,6296
6066,1,-1.0,6329
6067,1,-1.0,6178
6067,1,-1.0,6238
6067,1,-1.0,6296
6067,1,-1.0,6329
6452,0,1.0,23
6452,0,0.0,2384
6453,0,1.0,23
6453,0,0.0,2384
6454,0,1.0,23
6454,0,0.0,2384
6455,0,1.0,23
6455,0,0.0,2384
6456,0,1.0,23
6456,0,0.0,2384
6457,0,1.0,23
6457,0,0.0,2384
6458,0,1.0,23
6458,0,0.0,2384
6459,0,1.0,23
6459,0,0.0,2384
6460,0,1.0,23
6460,0,0.0,2384
6461,0,1.0,23
6461,0,0.0,2384
6462,0,1.0,23
6462,0,0.0,2384
6463,0,1.0,23
6463,0,0.0,2384
6464,0,1.0,23
6464,0,0.0,2384
6465,0,1.0,23
6465,0,0.0,2384
6466,0,1.0,23
6466,0,0.0,2384
6467,0,1.0,23
6467,0,0.0,2384
6468,0,1.0,23
6468,0,0.0,2384
6469,0,1.0,23
6469,0,0.0,2384
6470,0,1.0,23
6470,0,0.0,2384
6471,0,1.0,23
6471,0,0.0,2384
6088,1,-1.0,6178
6088,1,-1.0,6238
6088,1,-1.0,6296
6088,1,-1.0,6329
6472,0,1.0,23
6472,0,0.0,2384
6473,0,-1.0,2951
6090,1,-1.0,6178
6090,1,-1.0,6238
6090,1,-1.0,6296
6090,1,-1.0,6329
6091,1,-1.0,6178
6091,1,-1.0,6238
6091,1,-1.0,6296
6091,1,-1.0,6329
6092,1,-1.0,6178
6092,1,-1.0,6238
6092,1,-1.0,6296
6092,1,-1.0,6329
6093,1,-1.0,6178
6093,1,-1.0,6238
6093,1,-1.0,6296
6093,1,-1.0,6329
6094,1,-1.0,6178
6094,1,-1.0,6238
6094,1,-1.0,6296
6094,1,-1.0,6329
6095,1,-1.0,6178
6095,1,-1.0,6238
6095,1,-1.0,6296
6095,1,-1.0,6329
6096,1,-1.0,6178
6096,1,-1.0,6238
6096,1,-1.0,6296
6096,1,-1.0,6329
6097,1,-1.0,6178
6097,1,-1.0,6238
6097,1,-1.0,6296
6097,1,-1.0,6329
6098,1,-1.0,6178
6098,1,-1.0,6238
6098,1,-1.0,6296
6098,1,-1.0,6329
6099,1,-1.0,6178
6099,1,-1.0,6238
6099,1,-1.0,6296
6099,1,-1.0,6329
6474,0,1.0,23
6474,0,0.0,2384
6475,0,1.0,23
6475,0,0.0,2384
6476,0,1.0,23
6476,0,0.0,2384
6477,0,1.0,23
6477,0,0.0,2384
6478,0,1.0,23
6478,0,0.0,2384
6479,0,1.0,23
6479,0,0.0,2384
6480,0,1.0,23
6480,0,0.0,2384
6481,0,1.0,23
6481,0,0.0,2384
6482,0,1.0,23
6482,0,0.0,2384
6483,0,1.0,23
6483,0,0.0,2384
6484,0,1.0,23
6484,0,0.0,2384
6485,0,1.0,23
6485,0,0.0,2384
6486,0,1.0,23
6486,0,0.0,2384
6487,0,1.0,23
6487,0,0.0,2384
6488,0,1.0,23
6488,0,0.0,2384
6489,0,1.0,23
6489,0,0.0,2384
6490,0,1.0,23
6490,0,0.0,2384
6117,1,-1.0,6178
6117,1,-1.0,6238
6117,1,-1.0,6296
6117,1,-1.0,6329
6491,0,1.0,23
6491,0,0.0,2384
6492,0,-1.0,2951
6119,1,-1.0,6178
6119,1,-1.0,6238
6119,1,-1.0,6296
6119,1,-1.0,6329
6120,1,-1.0,6178
6120,1,-1.0,6238
6120,1,-1.0,6296
6120,1,-1.0,6329
6121,1,-1.0,6178
6121,1,-1.0,6238
6121,1,-1.0,6296
6121,1,-1.0,6329
6122,1,-1.0,6178
6122,1,-1.0,6238
6122,1,-1.0,6296
6122,1,-1.0,6329
6123,1,-1.0,6178
6123,1,-1.0,6238
6123,1,-1.0,6296
6123,1,-1.0,6329
6124,1,-1.0,6178
6124,1,-1.0,6238
6124,1,-1.0,6296
6124,1,-1.0,6329
6493,0,1.0,23
6493,0,0.0,2384
6494,0,1.0,23
6494,0,0.0,2384
6495,0,1.0,23
6495,0,0.0,2384
6496,0,1.0,23
6496,0,0.0,2384
6497,0,1.0,23
6497,0,0.0,2384
6498,0,1.0,23
6498,0,0.0,2384
6499,0,1.0,23
6499,0,0.0,2384
6500,0,1.0,23
6500,0,0.0,2384
6501,0,-1.0,2951
6133,1,-1.0,6178
6133,1,-1.0,6238
6133,1,-1.0,6296
6133,1,-1.0,6329
6134,1,-1.0,6178
6134,1,-1.0,6238
6134,1,-1.0,6296
6134,1,-1.0,6329
6135,1,-1.0,6178
6135,1,-1.0,6238
6135,1,-1.0,6296
6135,1,-1.0,6329
6136,1,-1.0,6178
6136,1,-1.0,6238
6136,1,-1.0,6296
6136,1,-1.0,6329
6137,1,-1.0,6178
6137,1,-1.0,6238
6137,1,-1.0,6296
6137,1,-1.0,6329
6138,1,-1.0,6178
6138,1,-1.0,6238
6138,1,-1.0,6296
6138,1,-1.0,6329
6502,0,1.0,23
6502,0,0.0,2384
6503,0,1.0,23
6503,0,0.0,2384
6504,0,1.0,23
6504,0,0.0,2384
6505,0,1.0,23
6505,0,0.0,2384
6506,0,1.0,23
6506,0,0.0,2384
6507,0,1.0,23
6507,0,0.0,2384
6508,0,1.0,23
6508,0,0.0,2384
6028,1,-1.0,6031
6028,0,1.0,2931
6651,0,1.0,23
6651,0,0.0,2384
6652,1,-1.0,7046
6653,1,-1.0,7046
6654,1,-1.0,7046
6655,1,-1.0,7046
6656,1,-1.0,7046
6657,1,-1.0,7046
6658,1,-1.0,7046
6659,1,-1.0,7046
6660,1,-1.0,7046
6661,1,-1.0,7046
6662,1,-1.0,7046
6663,1,-1.0,7046
6664,1,-1.0,7046
6665,1,-1.0,7046
6666,1,-1.0,7046
6667,1,-1.0,7046
6668,1,-1.0,7046
6669,1,-1.0,7046
6670,1,-1.0,7046
6671,1,-1.0,7046
6672,1,-1.0,7046
6673,1,-1.0,7046
6674,1,-1.0,7046
6675,1,-1.0,7046
6676,1,-1.0,7046
6677,1,-1.0,7046
6678,1,-1.0,7046
6679,1,-1.0,7046
6680,1,-1.0,7046
6681,1,-1.0,7046
6682,1,-1.0,7046
6683,1,-1.0,7046
6684,1,-1.0,7046
6685,1,-1.0,7046
6686,1,-1.0,7046
6687,1,-1.0,7046
6688,1,-1.0,7046
6689,1,-1.0,7046
6690,1,-1.0,7046
6691,1,-1.0,7046
6692,1,-1.0,7046
6693,1,-1.0,7046
6694,1,-1.0,7046
6695,1,-1.0,7046
6696,1,-1.0,7046
6697,1,-1.0,7046
6698,1,-1.0,7046
6699,1,-1.0,7046
6700,1,-1.0,7046
6701,1,-1.0,7046
6702,1,-1.0,7046
6703,1,-1.0,7046
6704,1,-1.0,7046
6705,1,-1.0,7046
6706,1,-1.0,7046
6707,1,-1.0,7046
6708,1,-1.0,7046
6709,1,-1.0,7046
6710,1,-1.0,7046
6711,1,-1.0,7046
6712,1,-1.0,7046
6713,1,-1.0,7046
6714,1,-1.0,7046
6715,1,-1.0,7046
6716,1,-1.0,7046
6717,1,-1.0,7046
6718,1,-1.0,7046
7362,0,-1.0,2951
7363,0,1.0,257
7363,0,0.0,2501
7364,0,1.0,257
7364,0,0.0,2501
7365,0,1.0,257
7365,0,0.0,2501
7366,0,1.0,257
7366,0,0.0,2501
7367,0,1.0,257
7367,0,0.0,2501
7368,0,1.0,257
7368,0,0.0,2501
7369,0,1.0,257
7369,0,0.0,2501
7370,0,1.0,257
7370,0,0.0,2501
7371,0,1.0,257
7371,0,0.0,2501
7372,0,1.0,257
7372,0,0.0,2501
7373,0,1.0,257
7373,0,0.0,2501
7374,0,1.0,257
7374,0,0.0,2501
7375,0,1.0,257
7375,0,0.0,2501
7376,0,1.0,257
7376,0,0.0,2501
7377,0,1.0,257
7377,0,0.0,2501
7378,0,1.0,257
7378,0,0.0,2501
7379,0,1.0,257
7379,0,0.0,2501
7380,0,1.0,257
7380,0,0.0,2501
7381,0,1.0,257
7381,0,0.0,2501
7382,0,1.0,257
7382,0,0.0,2501
7383,0,1.0,257
7383,0,0.0,2501
6741,1,-1.0,7046
6742,1,-1.0,7046
6743,1,-1.0,7046
6744,1,-1.0,7046
6745,1,-1.0,7046
6746,1,-1.0,7046
6747,1,-1.0,7046
6748,1,-1.0,7046
6749,1,-1.0,7046
6750,1,-1.0,7046
7384,0,1.0,257
7384,0,0.0,2501
7385,0,1.0,257
7385,0,0.0,2501
7386,0,1.0,257
7386,0,0.0,2501
7387,0,1.0,257
7387,0,0.0,2501
7388,0,1.0,257
7388,0,0.0,2501
7389,0,1.0,257
7389,0,0.0,2501
7390,0,1.0,257
7390,0,0.0,2501
7391,0,1.0,257
7391,0,0.0,2501
7392,0,1.0,257
7392,0,0.0,2501
7393,0,1.0,257
7393,0,0.0,2501
7394,0,1.0,257
7394,0,0.0,2501
7395,0,1.0,257
7395,0,0.0,2501
7396,0,1.0,257
7396,0,0.0,2501
7397,0,1.0,257
7397,0,0.0,2501
7398,0,1.0,257
7398,0,0.0,2501
7399,0,1.0,257
7399,0,0.0,2501
7400,0,1.0,257
7400,0,0.0,2501
7401,0,1.0,257
7401,0,0.0,2501
7402,0,1.0,257
7402,0,0.0,2501
7403,0,1.0,257
7403,0,0.0,2501
7404,0,1.0,257
7404,0,0.0,2501
7405,0,1.0,257
7405,0,0.0,2501
7406,0,1.0,257
7406,0,0.0,2501
6774,1,-1.0,7046
6775,1,-1.0,7046
6776,1,-1.0,7046
6777,1,-1.0,7046
6778,1,-1.0,7046
6779,1,-1.0,7046
6780,1,-1.0,7046
6781,1,-1.0,7046
6782,1,-1.0,7046
6783,1,-1.0,7046
6784,1,-1.0,7046
6785,1,-1.0,7046
6786,1,-1.0,7046
7407,0,1.0,257
7407,0,0.0,2501
7408,0,1.0,257
7408,0,0.0,2501
7409,0,1.0,257
7409,0,0.0,2501
7410,0,1.0,257
7410,0,0.0,2501
7411,0,1.0,257
7411,0,0.0,2501
7412,0,1.0,257
7412,0,0.0,2501
7413,0,1.0,257
7413,0,0.0,2501
7414,0,1.0,257
7414,0,0.0,2501
7415,0,1.0,257
7415,0,0.0,2501
7416,0,1.0,257
7416,0,0.0,2501
7417,0,1.0,257
7417,0,0.0,2501
7418,0,1.0,257
7418,0,0.0,2501
7419,0,1.0,257
7419,0,0.0,2501
7420,0,1.0,257
7420,0,0.0,2501
7421,0,1.0,257
7421,0,0.0,2501
7422,0,1.0,257
7422,0,0.0,2501
7423,0,1.0,257
7423,0,0.0,2501
7424,0,1.0,257
7424,0,0.0,2501
7425,0,1.0,257
7425,0,0.0,2501
7426,0,1.0,257
7426,0,0.0,2501
7427,0,1.0,257
7427,0,0.0,2501
7428,0,1.0,257
7428,0,0.0,2501
7429,0,1.0,257
7429,0,0.0,2501
7430,0,1.0,257
7430,0,0.0,2501
7431,0,1.0,257
7431,0,0.0,2501
7432,0,1.0,257
7432,0,0.0,2501
7433,0,1.0,257
7433,0,0.0,2501
7434,0,1.0,257
7434,0,0.0,2501
7435,0,1.0,257
7435,0,0.0,2501
7436,0,1.0,257
7436,0,0.0,2501
6817,1,-1.0,7046
6818,1,-1.0,7046
6819,1,-1.0,7046
6820,1,-1.0,7046
7437,0,1.0,257
7437,0,0.0,2501
7438,0,1.0,257
7438,0,0.0,2501
7439,0,1.0,257
7439,0,0.0,2501
7440,0,1.0,257
7440,0,0.0,2501
7441,0,1.0,257
7441,0,0.0,2501
7442,0,1.0,257
7442,0,0.0,2501
7443,1,-1.0,7546
7443,0,1.0,257
7443,0,0.0,2501
7444,0,1.0,257
7444,0,0.0,2501
7445,0,1.0,257
7445,0,0.0,2501
7446,0,1.0,257
7446,0,0.0,2501
7447,0,1.0,257
7447,0,0.0,2501
7448,0,1.0,257
7448,0,0.0,2501
7449,0,1.0,257
7449,0,0.0,2501
7450,0,1.0,257
7450,0,0.0,2501
7451,0,1.0,257
7451,0,0.0,2501
7452,0,1.0,257
7452,0,0.0,2501
7453,0,1.0,257
7453,0,0.0,2501
7454,0,1.0,257
7454,0,0.0,2501
7455,0,1.0,257
7455,0,0.0,2501
7456,0,1.0,257
7456,0,0.0,2501
6641,1,-1.0,6644
6641,0,1.0,2931
7579,0,1.0,23
7579,0,0.0,2384
7854,0,-1.0,2951
7586,1,1.0,7578
7587,1,1.0,7578
7588,1,1.0,7578
7589,1,1.0,7578
7590,1,1.0,7578
7591,1,1.0,7578
7592,1,1.0,7578
7594,1,1.0,7578
7595,1,1.0,7578
7596,1,1.0,7578
7597,1,1.0,7578
7598,1,1.0,7578
7599,1,1.0,7578
7600,1,1.0,7578
7601,1,1.0,7578
7602,1,1.0,7578
7603,1,1.0,7578
7604,1,1.0,7578
7605,1,1.0,7578
7606,1,1.0,7578
7607,1,1.0,7578
7608,1,1.0,7578
7609,1,1.0,7578
7610,1,1.0,7578
7611,1,1.0,7578
7612,1,1.0,7578
7613,1,1.0,7578
7614,1,1.0,7578
7615,1,1.0,7578
7616,1,1.0,7578
7617,1,1.0,7578
7618,1,1.0,7578
7619,1,1.0,7578
7620,1,1.0,7578
7621,1,1.0,7578
7622,1,1.0,7578
7623,1,1.0,7578
7624,1,1.0,7578
7625,1,1.0,7578
7626,1,1.0,7578
7627,1,1.0,7578
7628,1,1.0,7578
7629,1,1.0,7578
7630,1,1.0,7578
7631,1,1.0,7578
7632,1,1.0,7578
7633,1,1.0,7578
7634,1,1.0,7578
7635,1,1.0,7578
7636,1,1.0,7578
7637,1,1.0,7578
7638,1,1.0,7578
7639,1,1.0,7578
7640,1,1.0,7578
7641,1,1.0,7578
7642,1,1.0,7578
7643,1,1.0,7578
7644,1,1.0,7578
7645,1,1.0,7578
7646,1,1.0,7578
7647,1,1.0,7578
7648,1,1.0,7578
7649,1,1.0,7578
7650,1,1.0,7578
7651,1,1.0,7578
7652,1,1.0,7578
7653,1,1.0,7578
7654,1,1.0,7578
7655,1,1.0,7578
7656,1,1.0,7578
7657,1,1.0,7578
7658,1,1.0,7578
7659,1,1.0,7578
7660,1,1.0,7578
7661,1,1.0,7578
7662,1,1.0,7578
7663,1,1.0,7578
7664,1,1.0,7578
7665,1,1.0,7578
7666,1,1.0,7578
7667,1,1.0,7578
7668,1,1.0,7578
7669,1,1.0,7578
7670,1,1.0,7578
7671,1,1.0,7578
7672,1,1.0,7578
7673,1,1.0,7578
7674,1,1.0,7578
7675,1,1.0,7578
7676,1,1.0,7578
7677,1,1.0,7578
7678,1,1.0,7578
7679,1,1.0,7578
7680,1,1.0,7578
7681,1,1.0,7578
7682,1,1.0,7578
7683,1,1.0,7578
7684,1,1.0,7578
7685,1,1.0,7578
7686,1,1.0,7578
7687,1,1.0,7578
7688,1,1.0,7578
7689,1,1.0,7578
7690,1,1.0,7578
7691,1,1.0,7578
7692,1,1.0,7578
7693,1,1.0,7578
7694,1,1.0,7578
7695,1,1.0,7578
7696,1,1.0,7578
7697,1,1.0,7578
7698,1,1.0,7578
7699,1,1.0,7578
7700,1,1.0,7578
7701,1,1.0,7578
7702,1,1.0,7578
7703,1,1.0,7578
7704,1,1.0,7578
7705,1,1.0,7578
7706,1,1.0,7578
7707,1,1.0,7578
7708,1,1.0,7578
7709,1,1.0,7578
7710,1,1.0,7578
7711,1,1.0,7578
7712,1,1.0,7578
7713,1,1.0,7578
7714,1,1.0,7578
7715,1,1.0,7578
7716,1,1.0,7578
7717,1,1.0,7578
7570,1,-1.0,7573
7570,0,1.0,2931
7927,0,-1.0,2951
7878,0,1.0,23
7878,0,0.0,2384
7879,1,1.0,7872
7880,1,1.0,7872
7881,1,1.0,7872
7882,1,1.0,7872
7883,1,1.0,7872
7884,1,1.0,7872
7885,1,1.0,7872
7886,1,1.0,7872
7887,1,1.0,7872
7888,1,1.0,7872
7889,1,1.0,7872
7890,1,1.0,7872
7891,1,1.0,7872
7892,1,1.0,7872
7893,1,1.0,7872
7894,1,1.0,7872
7895,1,1.0,7872
7897,1,1.0,7872
7898,1,1.0,7872
7899,1,1.0,7872
7900,1,1.0,7872
7864,1,-1.0,7867
7864,0,1.0,2931
9954,0,-1.0,2951
7951,0,1.0,23
7951,0,0.0,2384
7952,1,1.0,7945
7953,1,1.0,7945
7954,1,1.0,7945
7955,1,1.0,7945
7956,1,1.0,7945
7957,1,1.0,7945
7958,1,1.0,7945
7959,1,1.0,7945
7960,1,1.0,7945
7961,1,1.0,7945
7962,1,1.0,7945
7963,1,1.0,7945
7964,1,1.0,7945
7965,1,1.0,7945
7966,1,1.0,7945
7967,1,1.0,7945
7968,1,1.0,7945
7969,1,1.0,7945
7970,1,1.0,7945
7971,1,1.0,7945
7972,1,1.0,7945
7973,1,1.0,7945
7974,1,1.0,7945
7975,1,1.0,7945
7976,1,1.0,7945
7977,1,1.0,7945
7978,1,1.0,7945
7979,1,1.0,7945
7980,1,1.0,7945
7981,1,1.0,7945
7982,1,1.0,7945
7983,1,1.0,7945
7984,1,1.0,7945
7985,1,1.0,7945
7986,1,1.0,7945
7987,1,1.0,7945
7988,1,1.0,7945
7989,1,1.0,7945
7990,1,1.0,7945
7991,1,1.0,7945
7992,1,1.0,7945
7993,1,1.0,7945
7994,1,1.0,7945
7995,1,1.0,7945
7996,1,1.0,7945
7997,1,1.0,7945
7998,1,1.0,7945
7999,1,1.0,7945
8000,1,1.0,7945
8001,1,1.0,7945
8002,1,1.0,7945
8003,1,1.0,7945
8004,1,1.0,7945
8005,1,1.0,7945
8006,1,1.0,7945
8007,1,1.0,7945
8008,1,1.0,7945
8009,1,1.0,7945
8010,1,1.0,7945
8011,1,1.0,7945
8012,1,1.0,7945
8013,1,1.0,7945
8014,1,1.0,7945
8015,1,1.0,7945
8016,1,1.0,7945
8017,1,1.0,7945
8018,1,1.0,7945
8019,1,1.0,7945
8020,1,1.0,7945
8021,1,1.0,7945
8022,1,1.0,7945
8023,1,1.0,7945
8024,1,1.0,7945
8025,1,1.0,7945
8026,1,1.0,7945
8027,1,1.0,7945
8028,1,1.0,7945
8029,1,1.0,7945
8030,1,1.0,7945
8031,1,1.0,7945
8032,1,1.0,7945
8033,1,1.0,7945
8034,1,1.0,7945
8035,1,1.0,7945
8036,1,1.0,7945
8037,1,1.0,7945
8038,1,1.0,7945
8039,1,1.0,7945
8040,1,1.0,7945
8041,1,1.0,7945
8042,1,1.0,7945
8043,1,1.0,7945
8044,1,1.0,7945
8045,1,1.0,7945
8046,1,1.0,7945
8047,1,1.0,7945
8048,1,1.0,7945
8049,1,1.0,7945
8050,1,1.0,7945
8051,1,1.0,7945
8052,1,1.0,7945
8053,1,1.0,7945
8054,1,1.0,7945
8055,1,1.0,7945
8056,1,1.0,7945
8057,1,1.0,7945
8058,1,1.0,7945
8059,1,1.0,7945
8060,1,1.0,7945
8061,1,1.0,7945
8062,1,1.0,7945
8063,1,1.0,7945
8064,1,1.0,7945
8065,1,1.0,7945
8066,1,1.0,7945
8067,1,1.0,7945
8068,1,1.0,7945
8069,1,1.0,7945
8070,1,1.0,7945
8071,1,1.0,7945
8072,1,1.0,7945
8073,1,1.0,7945
8074,1,1.0,7945
8075,1,1.0,7945
8076,1,1.0,7945
8077,1,1.0,7945
8078,1,1.0,7945
8079,1,1.0,7945
8080,1,1.0,7945
8081,1,1.0,7945
8082,1,1.0,7945
8083,1,1.0,7945
8084,1,1.0,7945
8085,1,1.0,7945
8086,1,1.0,7945
8087,1,1.0,7945
8088,1,1.0,7945
8089,1,1.0,7945
8090,1,1.0,7945
8091,1,1.0,7945
8092,1,1.0,7945
8093,1,1.0,7945
8094,1,1.0,7945
8095,1,1.0,7945
8096,1,1.0,7945
8097,1,1.0,7945
8098,1,1.0,7945
8099,1,1.0,7945
8100,1,1.0,7945
8101,1,1.0,7945
8102,1,1.0,7945
8103,1,1.0,7945
8104,1,1.0,7945
8105,1,1.0,7945
8106,1,1.0,7945
8107,1,1.0,7945
8108,1,1.0,7945
8109,1,1.0,7945
8110,1,1.0,7945
8111,1,1.0,7945
8112,1,1.0,7945
8113,1,1.0,7945
8114,1,1.0,7945
8115,1,1.0,7945
8116,1,1.0,7945
8117,1,1.0,7945
8118,1,1.0,7945
8119,1,1.0,7945
8120,1,1.0,7945
8121,1,1.0,7945
8122,1,1.0,7945
8123,1,1.0,7945
8124,1,1.0,7945
8125,1,1.0,7945
8126,1,1.0,7945
8127,1,1.0,7945
8128,1,1.0,7945
8129,1,1.0,7945
8130,1,1.0,7945
8131,1,1.0,7945
8132,1,1.0,7945
8133,1,1.0,7945
8134,1,1.0,7945
8135,1,1.0,7945
8136,1,1.0,7945
8137,1,1.0,7945
8138,1,1.0,7945
8139,1,1.0,7945
8140,1,1.0,7945
8141,1,1.0,7945
8142,1,1.0,7945
8143,1,1.0,7945
8144,1,1.0,7945
8145,1,1.0,7945
8146,1,1.0,7945
8147,1,1.0,7945
8148,1,1.0,7945
8149,1,1.0,7945
8150,1,1.0,7945
8151,1,1.0,7945
8152,1,1.0,7945
8153,1,1.0,7945
8154,1,1.0,7945
8155,1,1.0,7945
8156,1,1.0,7945
8157,1,1.0,7945
8158,1,1.0,7945
8159,1,1.0,7945
8160,1,1.0,7945
8161,1,1.0,7945
8162,1,1.0,7945
8163,1,1.0,7945
8164,1,1.0,7945
8165,1,1.0,7945
8166,1,1.0,7945
8167,1,1.0,7945
8168,1,1.0,7945
8169,1,1.0,7945
8170,1,1.0,7945
8171,1,1.0,7945
8172,1,1.0,7945
8173,1,1.0,7945
8174,1,1.0,7945
8175,1,1.0,7945
8176,1,1.0,7945
8177,1,1.0,7945
8178,1,1.0,7945
8179,1,1.0,7945
8180,1,1.0,7945
8181,1,1.0,7945
8182,1,1.0,7945
8183,1,1.0,7945
8184,1,1.0,7945
8185,1,1.0,7945
8186,1,1.0,7945
8187,1,1.0,7945
8188,1,1.0,7945
8189,1,1.0,7945
8190,1,1.0,7945
8191,1,1.0,7945
8192,1,1.0,7945
8193,1,1.0,7945
8194,1,1.0,7945
8195,1,1.0,7945
8196,1,1.0,7945
8197,1,1.0,7945
8198,1,1.0,7945
8199,1,1.0,7945
8200,1,1.0,7945
8201,1,1.0,7945
8202,1,1.0,7945
8203,1,1.0,7945
8204,1,1.0,7945
8205,1,1.0,7945
8206,1,1.0,7945
8207,1,1.0,7945
8208,1,1.0,7945
8209,1,1.0,7945
8210,1,1.0,7945
8211,1,1.0,7945
8212,1,1.0,7945
8213,1,1.0,7945
8214,1,1.0,7945
8215,1,1.0,7945
8216,1,1.0,7945
8217,1,1.0,7945
8218,1,1.0,7945
8219,1,1.0,7945
8220,1,1.0,7945
8221,1,1.0,7945
8222,1,1.0,7945
8223,1,1.0,7945
8224,1,1.0,7945
8225,1,1.0,7945
8226,1,1.0,7945
8227,1,1.0,7945
8228,1,1.0,7945
8229,1,1.0,7945
8230,1,1.0,7945
8231,1,1.0,7945
8232,1,1.0,7945
8233,1,1.0,7945
8234,1,1.0,7945
8235,1,1.0,7945
8236,1,1.0,7945
8237,1,1.0,7945
8238,1,1.0,7945
8239,1,1.0,7945
8240,1,1.0,7945
8241,1,1.0,7945
8242,1,1.0,7945
8243,1,1.0,7945
8244,1,1.0,7945
8245,1,1.0,7945
8246,1,1.0,7945
8247,1,1.0,7945
8248,1,1.0,7945
8249,1,1.0,7945
8250,1,1.0,7945
8251,1,1.0,7945
8252,1,1.0,7945
8253,1,1.0,7945
8254,1,1.0,7945
8255,1,1.0,7945
8256,1,1.0,7945
8257,1,1.0,7945
8258,1,1.0,7945
8259,1,1.0,7945
8260,1,1.0,7945
8261,1,1.0,7945
8262,1,1.0,7945
8263,1,1.0,7945
8264,1,1.0,7945
8265,1,1.0,7945
8266,1,1.0,7945
8267,1,1.0,7945
8268,1,1.0,7945
8269,1,1.0,7945
8270,1,1.0,7945
8271,1,1.0,7945
8272,1,1.0,7945
8273,1,1.0,7945
8274,1,1.0,7945
8275,1,1.0,7945
8276,1,1.0,7945
8277,1,1.0,7945
8278,1,1.0,7945
8279,1,1.0,7945
8280,1,1.0,7945
8281,1,1.0,7945
8282,1,1.0,7945
8283,1,1.0,7945
8284,1,1.0,7945
8285,1,1.0,7945
8286,1,1.0,7945
8287,1,1.0,7945
8288,1,1.0,7945
8289,1,1.0,7945
8290,1,1.0,7945
8291,1,1.0,7945
8292,1,1.0,7945
8293,1,1.0,7945
8294,1,1.0,7945
8295,1,1.0,7945
8296,1,1.0,7945
8297,1,1.0,7945
8298,1,1.0,7945
8299,1,1.0,7945
8300,1,1.0,7945
8301,1,1.0,7945
8302,1,1.0,7945
8303,1,1.0,7945
8304,1,1.0,7945
8305,1,1.0,7945
8306,1,1.0,7945
8307,1,1.0,7945
8308,1,1.0,7945
8309,1,1.0,7945
8310,1,1.0,7945
8311,1,1.0,7945
8312,1,1.0,7945
8313,1,1.0,7945
8314,1,1.0,7945
8315,1,1.0,7945
8316,1,1.0,7945
8317,1,1.0,7945
8318,1,1.0,7945
8319,1,1.0,7945
8320,1,1.0,7945
8321,1,1.0,7945
8322,1,1.0,7945
8323,1,1.0,7945
8324,1,1.0,7945
8325,1,1.0,7945
8326,1,1.0,7945
8327,1,1.0,7945
8328,1,1.0,7945
8329,1,1.0,7945
8330,1,1.0,7945
8331,1,1.0,7945
8332,1,1.0,7945
8333,1,1.0,7945
8334,1,1.0,7945
8335,1,1.0,7945
8336,1,1.0,7945
8337,1,1.0,7945
8338,1,1.0,7945
8339,1,1.0,7945
8340,1,1.0,7945
8341,1,1.0,7945
8342,1,1.0,7945
8343,1,1.0,7945
8344,1,1.0,7945
8345,1,1.0,7945
8346,1,1.0,7945
8347,1,1.0,7945
8348,1,1.0,7945
8349,1,1.0,7945
8350,1,1.0,7945
8351,1,1.0,7945
8352,1,1.0,7945
8353,1,1.0,7945
8354,1,1.0,7945
8355,1,1.0,7945
8356,1,1.0,7945
8357,1,1.0,7945
8358,1,1.0,7945
8359,1,1.0,7945
8360,1,1.0,7945
8361,1,1.0,7945
8362,1,1.0,7945
8363,1,1.0,7945
8364,1,1.0,7945
8365,1,1.0,7945
8366,1,1.0,7945
8367,1,1.0,7945
8368,1,1.0,7945
8369,1,1.0,7945
8370,1,1.0,7945
8371,1,1.0,7945
8372,1,1.0,7945
8373,1,1.0,7945
8374,1,1.0,7945
8375,1,1.0,7945
8376,1,1.0,7945
8377,1,1.0,7945
8378,1,1.0,7945
8379,1,1.0,7945
8380,1,1.0,7945
8381,1,1.0,7945
8382,1,1.0,7945
8383,1,1.0,7945
8384,1,1.0,7945
8385,1,1.0,7945
8386,1,1.0,7945
8387,1,1.0,7945
8388,1,1.0,7945
8389,1,1.0,7945
8390,1,1.0,7945
8391,1,1.0,7945
8392,1,1.0,7945
8393,1,1.0,7945
8394,1,1.0,7945
8395,1,1.0,7945
8396,1,1.0,7945
8397,1,1.0,7945
8398,1,1.0,7945
8399,1,1.0,7945
8400,1,1.0,7945
8401,1,1.0,7945
8402,1,1.0,7945
8403,1,1.0,7945
8404,1,1.0,7945
8405,1,1.0,7945
8406,1,1.0,7945
8407,1,1.0,7945
8408,1,1.0,7945
8409,1,1.0,7945
8410,1,1.0,7945
8411,1,1.0,7945
8412,1,1.0,7945
8413,1,1.0,7945
8414,1,1.0,7945
8415,1,1.0,7945
8416,1,1.0,7945
8417,1,1.0,7945
8418,1,1.0,7945
8419,1,1.0,7945
8420,1,1.0,7945
8421,1,1.0,7945
8422,1,1.0,7945
8423,1,1.0,7945
8424,1,1.0,7945
8425,1,1.0,7945
8426,1,1.0,7945
8427,1,1.0,7945
8428,1,1.0,7945
8429,1,1.0,7945
8430,1,1.0,7945
8431,1,1.0,7945
8432,1,1.0,7945
8433,1,1.0,7945
8434,1,1.0,7945
8435,1,1.0,7945
8436,1,1.0,7945
8437,1,1.0,7945
8438,1,1.0,7945
8439,1,1.0,7945
8440,1,1.0,7945
8441,1,1.0,7945
8442,1,1.0,7945
8443,1,1.0,7945
8444,1,1.0,7945
8445,1,1.0,7945
8446,1,1.0,7945
8447,1,1.0,7945
8448,1,1.0,7945
8449,1,1.0,7945
8450,1,1.0,7945
8451,1,1.0,7945
8452,1,1.0,7945
8453,1,1.0,7945
8454,1,1.0,7945
8455,1,1.0,7945
8456,1,1.0,7945
8457,1,1.0,7945
8458,1,1.0,7945
8459,1,1.0,7945
8460,1,1.0,7945
8461,1,1.0,7945
8462,1,1.0,7945
8463,1,1.0,7945
8464,1,1.0,7945
8465,1,1.0,7945
8466,1,1.0,7945
8467,1,1.0,7945
8468,1,1.0,7945
8469,1,1.0,7945
8470,1,1.0,7945
8471,1,1.0,7945
8472,1,1.0,7945
8473,1,1.0,7945
8474,1,1.0,7945
8475,1,1.0,7945
8476,1,1.0,7945
8477,1,1.0,7945
8478,1,1.0,7945
8479,1,1.0,7945
8480,1,1.0,7945
8481,1,1.0,7945
8482,1,1.0,7945
8483,1,1.0,7945
8484,1,1.0,7945
8485,1,1.0,7945
8486,1,1.0,7945
8487,1,1.0,7945
8488,1,1.0,7945
8489,1,1.0,7945
8490,1,1.0,7945
8491,1,1.0,7945
8492,1,1.0,7945
8493,1,1.0,7945
8494,1,1.0,7945
8495,1,1.0,7945
8496,1,1.0,7945
8497,1,1.0,7945
8498,1,1.0,7945
8499,1,1.0,7945
8500,1,1.0,7945
8501,1,1.0,7945
8502,1,1.0,7945
8503,1,1.0,7945
8504,1,1.0,7945
8505,1,1.0,7945
8506,1,1.0,7945
8507,1,1.0,7945
8508,1,1.0,7945
8509,1,1.0,7945
8510,1,1.0,7945
8511,1,1.0,7945
8512,1,1.0,7945
8513,1,1.0,7945
8514,1,1.0,7945
8515,1,1.0,7945
8516,1,1.0,7945
8517,1,1.0,7945
8518,1,1.0,7945
8519,1,1.0,7945
8520,1,1.0,7945
8521,1,1.0,7945
8522,1,1.0,7945
8523,1,1.0,7945
8524,1,1.0,7945
8525,1,1.0,7945
8526,1,1.0,7945
8527,1,1.0,7945
8528,1,1.0,7945
8529,1,1.0,7945
8530,1,1.0,7945
8531,1,1.0,7945
8532,1,1.0,7945
8533,1,1.0,7945
8534,1,1.0,7945
8535,1,1.0,7945
8536,1,1.0,7945
8537,1,1.0,7945
8538,1,1.0,7945
8539,1,1.0,7945
8540,1,1.0,7945
8541,1,1.0,7945
8542,1,1.0,7945
8543,1,1.0,7945
8544,1,1.0,7945
8545,1,1.0,7945
8546,1,1.0,7945
8547,1,1.0,7945
8548,1,1.0,7945
8549,1,1.0,7945
8550,1,1.0,7945
8551,1,1.0,7945
8552,1,1.0,7945
8553,1,1.0,7945
8554,1,1.0,7945
8555,1,1.0,7945
8556,1,1.0,7945
8557,1,1.0,7945
8558,1,1.0,7945
8559,1,1.0,7945
8560,1,1.0,7945
8561,1,1.0,7945
8562,1,1.0,7945
8563,1,1.0,7945
8564,1,1.0,7945
8565,1,1.0,7945
8566,1,1.0,7945
8567,1,1.0,7945
8568,1,1.0,7945
8569,1,1.0,7945
8570,1,1.0,7945
8571,1,1.0,7945
8572,1,1.0,7945
8573,1,1.0,7945
8574,1,1.0,7945
8575,1,1.0,7945
8576,1,1.0,7945
8577,1,1.0,7945
8578,1,1.0,7945
8579,1,1.0,7945
8580,1,1.0,7945
8581,1,1.0,7945
8582,1,1.0,7945
8583,1,1.0,7945
8584,1,1.0,7945
8585,1,1.0,7945
8586,1,1.0,7945
8587,1,1.0,7945
8588,1,1.0,7945
8589,1,1.0,7945
8590,1,1.0,7945
8591,1,1.0,7945
8592,1,1.0,7945
8593,1,1.0,7945
8594,1,1.0,7945
8595,1,1.0,7945
8596,1,1.0,7945
8597,1,1.0,7945
8598,1,1.0,7945
8599,1,1.0,7945
8600,1,1.0,7945
8601,1,1.0,7945
8602,1,1.0,7945
8603,1,1.0,7945
8604,1,1.0,7945
8605,1,1.0,7945
8606,1,1.0,7945
8607,1,1.0,7945
8608,1,1.0,7945
8609,1,1.0,7945
8610,1,1.0,7945
8611,1,1.0,7945
8612,1,1.0,7945
8613,1,1.0,7945
8614,1,1.0,7945
8615,1,1.0,7945
8616,1,1.0,7945
8617,1,1.0,7945
8618,1,1.0,7945
8619,1,1.0,7945
8620,1,1.0,7945
8621,1,1.0,7945
8622,1,1.0,7945
8623,1,1.0,7945
8624,1,1.0,7945
8625,1,1.0,7945
8626,1,1.0,7945
8627,1,1.0,7945
8628,1,1.0,7945
8629,1,1.0,7945
8630,1,1.0,7945
8631,1,1.0,7945
8632,1,1.0,7945
8633,1,1.0,7945
8634,1,1.0,7945
8635,1,1.0,7945
8636,1,1.0,7945
8637,1,1.0,7945
8638,1,1.0,7945
8639,1,1.0,7945
8640,1,1.0,7945
8641,1,1.0,7945
8642,1,1.0,7945
8643,1,1.0,7945
8644,1,1.0,7945
8645,1,1.0,7945
8646,1,1.0,7945
8647,1,1.0,7945
8648,1,1.0,7945
8649,1,1.0,7945
8650,1,1.0,7945
8651,1,1.0,7945
8652,1,1.0,7945
8653,1,1.0,7945
8654,1,1.0,7945
8655,1,1.0,7945
8656,1,1.0,7945
8657,1,1.0,7945
8658,1,1.0,7945
8659,1,1.0,7945
8660,1,1.0,7945
8661,1,1.0,7945
8662,1,1.0,7945
8663,1,1.0,7945
8664,1,1.0,7945
8665,1,1.0,7945
8666,1,1.0,7945
8667,1,1.0,7945
8668,1,1.0,7945
8669,1,1.0,7945
8670,1,1.0,7945
8671,1,1.0,7945
8672,1,1.0,7945
8673,1,1.0,7945
8674,1,1.0,7945
8675,1,1.0,7945
8676,1,1.0,7945
8677,1,1.0,7945
8678,1,1.0,7945
8679,1,1.0,7945
8680,1,1.0,7945
8681,1,1.0,7945
8682,1,1.0,7945
8683,1,1.0,7945
8684,1,1.0,7945
8685,1,1.0,7945
8686,1,1.0,7945
8687,1,1.0,7945
8688,1,1.0,7945
8689,1,1.0,7945
8690,1,1.0,7945
8691,1,1.0,7945
8692,1,1.0,7945
8693,1,1.0,7945
8694,1,1.0,7945
8695,1,1.0,7945
8696,1,1.0,7945
8697,1,1.0,7945
8698,1,1.0,7945
8699,1,1.0,7945
8700,1,1.0,7945
8701,1,1.0,7945
8702,1,1.0,7945
8703,1,1.0,7945
8704,1,1.0,7945
8705,1,1.0,7945
8706,1,1.0,7945
8707,1,1.0,7945
8708,1,1.0,7945
8709,1,1.0,7945
8710,1,1.0,7945
8711,1,1.0,7945
8712,1,1.0,7945
8713,1,1.0,7945
8714,1,1.0,7945
8715,1,1.0,7945
8716,1,1.0,7945
8717,1,1.0,7945
8718,1,1.0,7945
8719,1,1.0,7945
8720,1,1.0,7945
8721,1,1.0,7945
8722,1,1.0,7945
8723,1,1.0,7945
8724,1,1.0,7945
8725,1,1.0,7945
8726,1,1.0,7945
8727,1,1.0,7945
8728,1,1.0,7945
8729,1,1.0,7945
8730,1,1.0,7945
8731,1,1.0,7945
8732,1,1.0,7945
8733,1,1.0,7945
8734,1,1.0,7945
8735,1,1.0,7945
8736,1,1.0,7945
8737,1,1.0,7945
8738,1,1.0,7945
8739,1,1.0,7945
8740,1,1.0,7945
8741,1,1.0,7945
8742,1,1.0,7945
8743,1,1.0,7945
8744,1,1.0,7945
8745,1,1.0,7945
8746,1,1.0,7945
8747,1,1.0,7945
8748,1,1.0,7945
8749,1,1.0,7945
8750,1,1.0,7945
8751,1,1.0,7945
8752,1,1.0,7945
8753,1,1.0,7945
8754,1,1.0,7945
8755,1,1.0,7945
8756,1,1.0,7945
8757,1,1.0,7945
8758,1,1.0,7945
8759,1,1.0,7945
8760,1,1.0,7945
8761,1,1.0,7945
8762,1,1.0,7945
8763,1,1.0,7945
8764,1,1.0,7945
8765,1,1.0,7945
8766,1,1.0,7945
8767,1,1.0,7945
8768,1,1.0,7945
8769,1,1.0,7945
8770,1,1.0,7945
8771,1,1.0,7945
8772,1,1.0,7945
8773,1,1.0,7945
8774,1,1.0,7945
8775,1,1.0,7945
8776,1,1.0,7945
8777,1,1.0,7945
8778,1,1.0,7945
8779,1,1.0,7945
8780,1,1.0,7945
8781,1,1.0,7945
8782,1,1.0,7945
8783,1,1.0,7945
8784,1,1.0,7945
8785,1,1.0,7945
8786,1,1.0,7945
8787,1,1.0,7945
8788,1,1.0,7945
8789,1,1.0,7945
8790,1,1.0,7945
8791,1,1.0,7945
8792,1,1.0,7945
8793,1,1.0,7945
8794,1,1.0,7945
8795,1,1.0,7945
8796,1,1.0,7945
8797,1,1.0,7945
8798,1,1.0,7945
8799,1,1.0,7945
8800,1,1.0,7945
8801,1,1.0,7945
8802,1,1.0,7945
8803,1,1.0,7945
8804,1,1.0,7945
8805,1,1.0,7945
8806,1,1.0,7945
8807,1,1.0,7945
8808,1,1.0,7945
8809,1,1.0,7945
8810,1,1.0,7945
8811,1,1.0,7945
8812,1,1.0,7945
8813,1,1.0,7945
8814,1,1.0,7945
8815,1,1.0,7945
8816,1,1.0,7945
8817,1,1.0,7945
8818,1,1.0,7945
8819,1,1.0,7945
8820,1,1.0,7945
8821,1,1.0,7945
8822,1,1.0,7945
8823,1,1.0,7945
8824,1,1.0,7945
8825,1,1.0,7945
8826,1,1.0,7945
8827,1,1.0,7945
8828,1,1.0,7945
8829,1,1.0,7945
8830,1,1.0,7945
8831,1,1.0,7945
8832,1,1.0,7945
8833,1,1.0,7945
8834,1,1.0,7945
8835,1,1.0,7945
8836,1,1.0,7945
8837,1,1.0,7945
8838,1,1.0,7945
8839,1,1.0,7945
8840,1,1.0,7945
8841,1,1.0,7945
8842,1,1.0,7945
8843,1,1.0,7945
8844,1,1.0,7945
8845,1,1.0,7945
8846,1,1.0,7945
8847,1,1.0,7945
8848,1,1.0,7945
8849,1,1.0,7945
8850,1,1.0,7945
8851,1,1.0,7945
8852,1,1.0,7945
8853,1,1.0,7945
8854,1,1.0,7945
8855,1,1.0,7945
8856,1,1.0,7945
8857,1,1.0,7945
8858,1,1.0,7945
8859,1,1.0,7945
8860,1,1.0,7945
8861,1,1.0,7945
8862,1,1.0,7945
8863,1,1.0,7945
8864,1,1.0,7945
8865,1,1.0,7945
8866,1,1.0,7945
8867,1,1.0,7945
8868,1,1.0,7945
8869,1,1.0,7945
8870,1,1.0,7945
8871,1,1.0,7945
8872,1,1.0,7945
8873,1,1.0,7945
8874,1,1.0,7945
8875,1,1.0,7945
8876,1,1.0,7945
8877,1,1.0,7945
8878,1,1.0,7945
8879,1,1.0,7945
8880,1,1.0,7945
8881,1,1.0,7945
8882,1,1.0,7945
8883,1,1.0,7945
8884,1,1.0,7945
8885,1,1.0,7945
8886,1,1.0,7945
8887,1,1.0,7945
8888,1,1.0,7945
8889,1,1.0,7945
8890,1,1.0,7945
8891,1,1.0,7945
8892,1,1.0,7945
8893,1,1.0,7945
8894,1,1.0,7945
8895,1,1.0,7945
8896,1,1.0,7945
8897,1,1.0,7945
8898,1,1.0,7945
8899,1,1.0,7945
8900,1,1.0,7945
8901,1,1.0,7945
8902,1,1.0,7945
8903,1,1.0,7945
8904,1,1.0,7945
8905,1,1.0,7945
8906,1,1.0,7945
8907,1,1.0,7945
8908,1,1.0,7945
8909,1,1.0,7945
8910,1,1.0,7945
8911,1,1.0,7945
8912,1,1.0,7945
8913,1,1.0,7945
8914,1,1.0,7945
8915,1,1.0,7945
8916,1,1.0,7945
8917,1,1.0,7945
8918,1,1.0,7945
8919,1,1.0,7945
8920,1,1.0,7945
8921,1,1.0,7945
8922,1,1.0,7945
8923,1,1.0,7945
8924,1,1.0,7945
8925,1,1.0,7945
8926,1,1.0,7945
8927,1,1.0,7945
8928,1,1.0,7945
8929,1,1.0,7945
8930,1,1.0,7945
8931,1,1.0,7945
8932,1,1.0,7945
8933,1,1.0,7945
8934,1,1.0,7945
8935,1,1.0,7945
8936,1,1.0,7945
8937,1,1.0,7945
8938,1,1.0,7945
8939,1,1.0,7945
8940,1,1.0,7945
8941,1,1.0,7945
8942,1,1.0,7945
8943,1,1.0,7945
8944,1,1.0,7945
8945,1,1.0,7945
8946,1,1.0,7945
8947,1,1.0,7945
8948,1,1.0,7945
8949,1,1.0,7945
8950,1,1.0,7945
8951,1,1.0,7945
7937,1,-1.0,7940
7937,0,1.0,2931
9972,0,1.0,23
9972,0,0.0,2384
10134,0,1.0,257
10134,0,0.0,2501
10136,0,1.0,257
10136,0,0.0,2501
10510,0,1.0,257
10510,0,0.0,2501
10141,0,1.0,257
10141,0,0.0,2501
10144,0,-1.0,274
9995,0,-1.0,2953
10149,0,-1.0,274
9997,0,-1.0,2953
9998,0,-1.0,2953
10157,0,-1.0,276
10000,0,-1.0,2953
10001,0,-1.0,2953
10165,0,-1.0,276
10003,0,-1.0,2953
10004,0,-1.0,2953
10005,0,-1.0,2951
10176,0,-1.0,278
10007,0,-1.0,2953
10181,0,-1.0,278
10009,0,-1.0,2953
10010,0,-1.0,2951
10189,0,-1.0,280
10012,0,-1.0,2953
10013,0,-1.0,2953
10197,0,-1.0,280
10015,0,-1.0,2953
10016,0,-1.0,2953
10017,0,-1.0,2953
10208,0,-1.0,282
10019,0,-1.0,2953
10020,0,-1.0,2953
10216,0,-1.0,282
10022,0,-1.0,2953
10023,0,-1.0,2953
10024,0,-1.0,2953
10227,0,-1.0,284
10026,0,-1.0,2953
10027,0,-1.0,2953
10235,0,-1.0,284
10029,0,-1.0,2953
10030,0,-1.0,2953
10031,0,-1.0,2951
10246,0,-1.0,287
10033,0,-1.0,2953
10034,0,-1.0,2953
10254,0,-1.0,287
10036,0,-1.0,2953
10037,0,-1.0,2953
10038,0,-1.0,2951
10265,0,-1.0,289
10040,0,-1.0,2953
10041,0,-1.0,2953
10273,0,-1.0,289
10043,0,-1.0,2953
10044,0,-1.0,2953
10045,0,-1.0,2951
10284,0,-1.0,291
10047,0,-1.0,2953
10289,0,-1.0,291
10049,0,-1.0,2953
10050,0,-1.0,2951
10297,0,-1.0,293
10052,0,-1.0,2953
10302,0,-1.0,293
10054,0,-1.0,2953
10055,0,-1.0,2951
10310,0,-1.0,295
10057,0,-1.0,2953
10315,0,-1.0,295
10059,0,-1.0,2953
10060,0,-1.0,2951
10061,0,-1.0,148
10062,0,-1.0,2953
10327,0,-1.0,298
10064,0,-1.0,2953
10065,0,-1.0,2953
10335,0,-1.0,298
10067,0,-1.0,2953
10068,0,-1.0,2953
10069,0,-1.0,2951
10346,0,-1.0,300
10071,0,-1.0,2953
10072,0,-1.0,2953
10354,0,-1.0,300
10074,0,-1.0,2953
10075,0,-1.0,2953
10076,0,-1.0,2951
10365,0,-1.0,304
10078,0,-1.0,2953
10079,0,-1.0,2953
10373,0,-1.0,304
10081,0,-1.0,2953
10082,0,-1.0,2953
10083,0,-1.0,2953
10384,0,-1.0,312
10085,0,-1.0,2953
10389,0,-1.0,312
10087,0,-1.0,2953
10088,0,-1.0,2953
10397,0,-1.0,314
10090,0,-1.0,2953
10091,0,-1.0,2953
10405,0,-1.0,314
10093,0,-1.0,2953
10094,0,-1.0,2953
10095,0,-1.0,2953
10416,0,-1.0,316
10097,0,-1.0,2953
10421,0,-1.0,316
10099,0,-1.0,2953
10100,0,-1.0,2951
10429,0,-1.0,330
10102,0,-1.0,2953
10434,0,-1.0,320
10104,0,-1.0,2953
10105,0,-1.0,2953
10442,0,-1.0,320
10107,0,-1.0,2953
10108,0,-1.0,2953
10109,0,-1.0,2953
10453,0,-1.0,322
10111,0,-1.0,2953
10458,0,-1.0,322
10113,0,-1.0,2953
10114,0,-1.0,2953
10115,0,-1.0,176
10116,0,-1.0,2953
10117,0,-1.0,178
10118,0,-1.0,2953
10119,0,-1.0,182
10120,0,-1.0,2953
10121,0,-1.0,186
10122,0,-1.0,2953
10485,0,-1.0,338
10124,0,-1.0,2953
10490,0,-1.0,338
10126,0,-1.0,2953
10127,0,-1.0,2953
10128,0,-1.0,815
10129,0,-1.0,2953
10131,0,-1.0,2953
9961,1,-1.0,9964
9961,0,1.0,2931
11510,0,-1.0,2951
11511,1,-1.0,11482
11511,1,-1.0,11484
11511,1,-1.0,11486
11511,1,-1.0,11488
11511,1,-1.0,11490
11511,1,-1.0,11492
11511,1,-1.0,11494
11511,1,-1.0,11496
11511,1,-1.0,11498
11511,1,-1.0,11500
11511,1,-1.0,11502
11511,1,-1.0,11504
11511,1,-1.0,11506
11511,1,-1.0,11508
11511,0,-1.0,2957
10613,0,1.0,23
10613,0,0.0,2384
10614,1,1.0,10602
10615,1,1.0,10602
10616,1,1.0,10602
10617,1,1.0,10602
10618,1,1.0,10602
10619,1,1.0,10602
10621,1,1.0,10602
10622,1,1.0,10602
10623,1,1.0,10602
10624,1,1.0,10602
10625,1,1.0,10602
10626,1,1.0,10602
10627,1,1.0,10602
10628,1,1.0,10602
10630,1,1.0,10602
10631,1,1.0,10602
10632,1,1.0,10602
10633,1,1.0,10602
10634,1,1.0,10602
10635,1,1.0,10602
10636,1,1.0,10602
10637,1,1.0,10602
10638,1,1.0,10602
10639,1,1.0,10602
10640,1,1.0,10602
10641,1,1.0,10602
10642,1,1.0,10602
10643,1,1.0,10602
10644,1,1.0,10602
10645,1,1.0,10602
10646,1,1.0,10602
10647,1,1.0,10602
10648,1,1.0,10602
10649,1,1.0,10602
10650,1,1.0,10602
10651,1,1.0,10602
10652,1,1.0,10602
10653,1,1.0,10602
10654,1,1.0,10602
10655,1,1.0,10602
10656,1,1.0,10602
10657,1,1.0,10602
10658,1,1.0,10602
10659,1,1.0,10602
10660,1,1.0,10602
10661,1,1.0,10602
10662,1,1.0,10602
10663,1,1.0,10602
10664,1,1.0,10602
10665,1,1.0,10602
10666,1,1.0,10602
10667,1,1.0,10602
10668,1,1.0,10602
10669,1,1.0,10602
10670,1,1.0,10602
10671,1,1.0,10602
10672,1,1.0,10602
10673,1,1.0,10602
10674,1,1.0,10602
10675,1,1.0,10602
10676,1,1.0,10602
10677,1,1.0,10602
10678,1,1.0,10602
10679,1,1.0,10602
10680,1,1.0,10602
10681,1,1.0,10602
10682,1,1.0,10602
10683,1,1.0,10602
10684,1,1.0,10602
10685,1,1.0,10602
10686,1,1.0,10602
10687,1,1.0,10602
10688,1,1.0,10602
10689,1,1.0,10602
10690,1,1.0,10602
10691,1,1.0,10602
10692,1,1.0,10602
10693,1,1.0,10602
10694,1,1.0,10602
10695,1,1.0,10602
10696,1,1.0,10602
10697,1,1.0,10602
10698,1,1.0,10602
10699,1,1.0,10602
10700,1,1.0,10602
10701,1,1.0,10602
10702,1,1.0,10602
10703,1,1.0,10602
10704,1,1.0,10602
10705,1,1.0,10602
10706,1,1.0,10602
10707,1,1.0,10602
10708,1,1.0,10602
10709,1,1.0,10602
10710,1,1.0,10602
10711,1,1.0,10602
10712,1,1.0,10602
10713,1,1.0,10602
10714,1,1.0,10602
10715,1,1.0,10602
10716,1,1.0,10602
10717,1,1.0,10602
10718,1,1.0,10602
10719,1,1.0,10602
10720,1,1.0,10602
10721,1,1.0,10602
10722,1,1.0,10602
10723,1,1.0,10602
10724,1,1.0,10602
10725,1,1.0,10602
10726,1,1.0,10602
10727,1,1.0,10602
10728,1,1.0,10602
10729,1,1.0,10602
10730,1,1.0,10602
10731,1,1.0,10602
10732,1,1.0,10602
10733,1,1.0,10602
10734,1,1.0,10602
10735,1,1.0,10602
10736,1,1.0,10602
10737,1,1.0,10602
10738,1,1.0,10602
10739,1,1.0,10602
10740,1,1.0,10602
10741,1,1.0,10602
10742,1,1.0,10602
10743,1,1.0,10602
10744,1,1.0,10602
10745,1,1.0,10602
10746,1,1.0,10602
10747,1,1.0,10602
10748,1,1.0,10602
10749,1,1.0,10602
10750,1,1.0,10602
10751,1,1.0,10602
10752,1,1.0,10602
10753,1,1.0,10602
10754,1,1.0,10602
10755,1,1.0,10602
10756,1,1.0,10602
10757,1,1.0,10602
10758,1,1.0,10602
10759,1,1.0,10602
10760,1,1.0,10602
10761,1,1.0,10602
10762,1,1.0,10602
10763,1,1.0,10602
10764,1,1.0,10602
10765,1,1.0,10602
10766,1,1.0,10602
10767,1,1.0,10602
10768,1,1.0,10602
10769,1,1.0,10602
10770,1,1.0,10602
10771,1,1.0,10602
10772,1,1.0,10602
10773,1,1.0,10602
10774,1,1.0,10602
10775,1,1.0,10602
10776,1,1.0,10602
10777,1,1.0,10602
10778,1,1.0,10602
10779,1,1.0,10602
10780,1,1.0,10602
10781,1,1.0,10602
10782,1,1.0,10602
10783,1,1.0,10602
10784,1,1.0,10602
10785,1,1.0,10602
10786,1,1.0,10602
10787,1,1.0,10602
10788,1,1.0,10602
10789,1,1.0,10602
10790,1,1.0,10602
10791,1,1.0,10602
10792,1,1.0,10602
10793,1,1.0,10602
10794,1,1.0,10602
10795,1,1.0,10602
10796,1,1.0,10602
10797,1,1.0,10602
10798,1,1.0,10602
10799,1,1.0,10602
10800,1,1.0,10602
10801,1,1.0,10602
10802,1,1.0,10602
10803,1,1.0,10602
10804,1,1.0,10602
10805,1,1.0,10602
10806,1,1.0,10602
10807,1,1.0,10602
10808,1,1.0,10602
10809,1,1.0,10602
10810,1,1.0,10602
10811,1,1.0,10602
10812,1,1.0,10602
10813,1,1.0,10602
10814,1,1.0,10602
10815,1,1.0,10602
10816,1,1.0,10602
10817,1,1.0,10602
10818,1,1.0,10602
10819,1,1.0,10602
10820,1,1.0,10602
10821,1,1.0,10602
10822,1,1.0,10602
10823,1,1.0,10602
10824,1,1.0,10602
10825,1,1.0,10602
10826,1,1.0,10602
10827,1,1.0,10602
10828,1,1.0,10602
10829,1,1.0,10602
10830,1,1.0,10602
10831,1,1.0,10602
10832,1,1.0,10602
10833,1,1.0,10602
10834,1,1.0,10602
10835,1,1.0,10602
10836,1,1.0,10602
10837,1,1.0,10602
10838,1,1.0,10602
10839,1,1.0,10602
10840,1,1.0,10602
10841,1,1.0,10602
10842,1,1.0,10602
10843,1,1.0,10602
10844,1,1.0,10602
10845,1,1.0,10602
10846,1,1.0,10602
10847,1,1.0,10602
10848,1,1.0,10602
10849,1,1.0,10602
10850,1,1.0,10602
10851,1,1.0,10602
10852,1,1.0,10602
10853,1,1.0,10602
10854,1,1.0,10602
10855,1,1.0,10602
10856,1,1.0,10602
10857,1,1.0,10602
10858,1,1.0,10602
10859,1,1.0,10602
10860,1,1.0,10602
10861,1,1.0,10602
10862,1,1.0,10602
10863,1,1.0,10602
10864,1,1.0,10602
10865,1,1.0,10602
10866,1,1.0,10602
10867,1,1.0,10602
10868,1,1.0,10602
10869,1,1.0,10602
10870,1,1.0,10602
10871,1,1.0,10602
10872,1,1.0,10602
10873,1,1.0,10602
10874,1,1.0,10602
10875,1,1.0,10602
10876,1,1.0,10602
10877,1,1.0,10602
10878,1,1.0,10602
10879,1,1.0,10602
10880,1,1.0,10602
10881,1,1.0,10602
10882,1,1.0,10602
10883,1,1.0,10602
10884,1,1.0,10602
10885,1,1.0,10602
10886,1,1.0,10602
10887,1,1.0,10602
10888,1,1.0,10602
10889,1,1.0,10602
10890,1,1.0,10602
10891,1,1.0,10602
10892,1,1.0,10602
10893,1,1.0,10602
10894,1,1.0,10602
10895,1,1.0,10602
10896,1,1.0,10602
10897,1,1.0,10602
10898,1,1.0,10602
10899,1,1.0,10602
10900,1,1.0,10602
10901,1,1.0,10602
10902,1,1.0,10602
10903,1,1.0,10602
10904,1,1.0,10602
10905,1,1.0,10602
10907,1,1.0,10602
10908,1,1.0,10602
10909,1,1.0,10602
10910,1,1.0,10602
10911,1,1.0,10602
10912,1,1.0,10602
10913,1,1.0,10602
10914,1,1.0,10602
10915,1,1.0,10602
10916,1,1.0,10602
10917,1,1.0,10602
10918,1,1.0,10602
10919,1,1.0,10602
10920,1,1.0,10602
10921,1,1.0,10602
10922,1,1.0,10602
10923,1,1.0,10602
10924,1,1.0,10602
10925,1,1.0,10602
10926,1,1.0,10602
10927,1,1.0,10602
10928,1,1.0,10602
10929,1,1.0,10602
10930,1,1.0,10602
10931,1,1.0,10602
10932,1,1.0,10602
10933,1,1.0,10602
10934,1,1.0,10602
10935,1,1.0,10602
10936,1,1.0,10602
10937,1,1.0,10602
10938,1,1.0,10602
10939,1,1.0,10602
10940,1,1.0,10602
10941,1,1.0,10602
10942,1,1.0,10602
10943,1,1.0,10602
10944,1,1.0,10602
10945,1,1.0,10602
10946,1,1.0,10602
10947,1,1.0,10602
10948,1,1.0,10602
10949,1,1.0,10602
10950,1,1.0,10602
10951,1,1.0,10602
10952,1,1.0,10602
10953,1,1.0,10602
10954,1,1.0,10602
10955,1,1.0,10602
10956,1,1.0,10602
10957,1,1.0,10602
10958,1,1.0,10602
10959,1,1.0,10602
10960,1,1.0,10602
10961,1,1.0,10602
10962,1,1.0,10602
10963,1,1.0,10602
10964,1,1.0,10602
10965,1,1.0,10602
10966,1,1.0,10602
10967,1,1.0,10602
10968,1,1.0,10602
10969,1,1.0,10602
10970,1,1.0,10602
10971,1,1.0,10602
10972,1,1.0,10602
10973,1,1.0,10602
10974,1,1.0,10602
10975,1,1.0,10602
10976,1,1.0,10602
10977,1,1.0,10602
10978,1,1.0,10602
10979,1,1.0,10602
10980,1,1.0,10602
10981,1,1.0,10602
10982,1,1.0,10602
10983,1,1.0,10602
10984,1,1.0,10602
10985,1,1.0,10602
10986,1,1.0,10602
10987,1,1.0,10602
10988,1,1.0,10602
10989,1,1.0,10602
10990,1,1.0,10602
10991,1,1.0,10602
10992,1,1.0,10602
10993,1,1.0,10602
10994,1,1.0,10602
10995,1,1.0,10602
10996,1,1.0,10602
10997,1,1.0,10602
10998,1,1.0,10602
10999,1,1.0,10602
11000,1,1.0,10602
11001,1,1.0,10602
11002,1,1.0,10602
11003,1,1.0,10602
11004,1,1.0,10602
11005,1,1.0,10602
11006,1,1.0,10602
11007,1,1.0,10602
11008,1,1.0,10602
11009,1,1.0,10602
11010,1,1.0,10602
11011,1,1.0,10602
11012,1,1.0,10602
11013,1,1.0,10602
11014,1,1.0,10602
11015,1,1.0,10602
11016,1,1.0,10602
11017,1,1.0,10602
11018,1,1.0,10602
11019,1,1.0,10602
11020,1,1.0,10602
11021,1,1.0,10602
11022,1,1.0,10602
11023,1,1.0,10602
11024,1,1.0,10602
11025,1,1.0,10602
11026,1,1.0,10602
11027,1,1.0,10602
11028,1,1.0,10602
11029,1,1.0,10602
11030,1,1.0,10602
11031,1,1.0,10602
11032,1,1.0,10602
11033,1,1.0,10602
11034,1,1.0,10602
11035,1,1.0,10602
11538,0,-1.0,333
11036,1,1.0,10603
11539,0,-1.0,333
11037,1,1.0,10603
11540,0,-1.0,333
11038,1,1.0,10603
11541,0,-1.0,333
11039,1,1.0,10603
11542,0,-1.0,333
11040,1,1.0,10603
11543,0,-1.0,333
11041,1,1.0,10603
11544,0,-1.0,333
11042,1,1.0,10603
11545,0,-1.0,333
11043,1,1.0,10603
11546,0,-1.0,333
11044,1,1.0,10603
11547,0,-1.0,333
11045,1,1.0,10603
11548,0,-1.0,333
11046,1,1.0,10603
11549,0,-1.0,333
11047,1,1.0,10603
11550,0,-1.0,333
11048,1,1.0,10603
11551,1,-1.0,11570
11551,0,-1.0,333
11049,1,1.0,10603
10594,1,-1.0,10597
10594,0,1.0,2931
11966,0,-1.0,2949
11590,0,1.0,23
11590,0,0.0,2384
11967,0,-1.0,293
11591,1,1.0,11585
11968,0,-1.0,148
11592,1,1.0,11585
11723,0,-1.0,291
11593,1,1.0,11585
11725,0,-1.0,284
11594,1,1.0,11585
11727,0,-1.0,284
11595,1,1.0,11585
11729,0,-1.0,284
11596,1,1.0,11585
11731,0,-1.0,284
11597,1,1.0,11585
11733,0,-1.0,284
11598,1,1.0,11585
11735,0,-1.0,284
11599,1,1.0,11585
11737,0,-1.0,284
11600,1,1.0,11585
11739,0,-1.0,284
11601,1,1.0,11585
11979,0,1.0,257
11979,0,0.0,2501
11741,0,-1.0,284
11602,1,1.0,11585
11743,0,-1.0,287
11603,1,1.0,11585
11982,0,-1.0,289
11604,1,1.0,11585
11747,0,-1.0,298
11605,1,1.0,11585
11749,0,-1.0,300
11606,1,1.0,11585
11985,0,-1.0,815
11607,1,1.0,11585
11753,0,1.0,257
11753,0,0.0,2501
11754,0,-1.0,293
11609,1,1.0,11585
11989,0,-1.0,148
11610,1,1.0,11585
11990,0,-1.0,291
11611,1,1.0,11585
11991,0,-1.0,284
11612,1,1.0,11585
11992,0,-1.0,287
11613,1,1.0,11585
11764,0,-1.0,289
11614,1,1.0,11585
11766,0,-1.0,298
11615,1,1.0,11585
11997,0,-1.0,300
11616,1,1.0,11585
11998,0,-1.0,815
11617,1,1.0,11585
11772,0,1.0,257
11772,0,0.0,2501
12001,0,-1.0,293
11619,1,1.0,11585
11775,0,-1.0,148
11620,1,1.0,11585
11777,0,-1.0,291
11621,1,1.0,11585
11779,0,-1.0,284
11622,1,1.0,11585
11781,0,-1.0,287
11623,1,1.0,11585
12008,0,-1.0,289
11624,1,1.0,11585
11785,0,-1.0,298
11625,1,1.0,11585
11787,0,-1.0,300
11626,1,1.0,11585
12012,0,-1.0,815
11627,1,1.0,11585
11791,0,1.0,257
11791,0,0.0,2501
12016,0,-1.0,293
11629,1,1.0,11585
11794,0,-1.0,148
11630,1,1.0,11585
11796,0,-1.0,291
11631,1,1.0,11585
11798,0,-1.0,284
11632,1,1.0,11585
11800,0,-1.0,287
11633,1,1.0,11585
12022,0,-1.0,289
11634,1,1.0,11585
12023,0,-1.0,298
11635,1,1.0,11585
12024,0,-1.0,298
11636,1,1.0,11585
11808,0,-1.0,298
11637,1,1.0,11585
11810,0,-1.0,300
11638,1,1.0,11585
12139,0,-1.0,815
11639,1,1.0,11585
11815,0,1.0,257
11815,0,0.0,2501
11816,0,-1.0,293
11641,1,1.0,11585
12029,0,-1.0,148
11642,1,1.0,11585
12030,0,-1.0,291
11643,1,1.0,11585
11822,0,-1.0,284
11644,1,1.0,11585
11824,0,-1.0,289
11645,1,1.0,11585
11826,0,-1.0,298
11646,1,1.0,11585
11828,0,-1.0,300
11647,1,1.0,11585
12037,0,-1.0,815
11648,1,1.0,11585
11832,0,1.0,257
11832,0,0.0,2501
12040,0,-1.0,293
11650,1,1.0,11585
12041,0,-1.0,148
11651,1,1.0,11585
12042,0,-1.0,291
11652,1,1.0,11585
11839,0,-1.0,284
11653,1,1.0,11585
11841,0,-1.0,287
11654,1,1.0,11585
12045,0,-1.0,289
11655,1,1.0,11585
11845,0,-1.0,298
11656,1,1.0,11585
11847,0,-1.0,300
11657,1,1.0,11585
12048,0,-1.0,815
11658,1,1.0,11585
11851,0,1.0,257
11851,0,0.0,2501
11852,0,-1.0,284
11660,1,1.0,11585
12053,0,-1.0,815
11854,0,-1.0,284
11661,1,1.0,11585
12055,0,-1.0,815
11856,0,-1.0,284
11662,1,1.0,11585
11858,0,-1.0,284
11663,1,1.0,11585
12059,0,-1.0,178
11860,0,-1.0,284
11664,1,1.0,11585
11862,0,-1.0,284
11665,1,1.0,11585
11864,0,-1.0,284
11666,1,1.0,11585
12063,0,-1.0,284
11667,1,1.0,11585
12064,0,-1.0,284
11668,1,1.0,11585
12065,0,-1.0,284
11669,1,1.0,11585
12066,0,-1.0,284
11670,1,1.0,11585
12067,0,-1.0,284
11671,1,1.0,11585
11876,0,-1.0,284
11672,1,1.0,11585
11878,0,-1.0,284
11673,1,1.0,11585
12070,0,-1.0,284
11674,1,1.0,11585
12071,0,-1.0,287
11675,1,1.0,11585
12072,0,-1.0,298
11676,1,1.0,11585
12073,0,-1.0,287
11677,1,1.0,11585
12074,0,-1.0,298
11678,1,1.0,11585
11890,0,-1.0,300
11679,1,1.0,11585
12076,0,-1.0,289
11680,1,1.0,11585
12077,0,-1.0,298
11681,1,1.0,11585
11896,0,-1.0,298
11682,1,1.0,11585
12079,0,-1.0,298
11683,1,1.0,11585
11900,0,-1.0,298
11684,1,1.0,11585
12081,0,-1.0,298
11685,1,1.0,11585
11904,0,-1.0,298
11686,1,1.0,11585
11906,0,-1.0,298
11687,1,1.0,11585
12084,0,-1.0,298
11688,1,1.0,11585
12085,0,-1.0,300
11689,1,1.0,11585
11912,0,-1.0,300
11690,1,1.0,11585
12087,0,-1.0,300
11691,1,1.0,11585
11916,0,-1.0,300
11692,1,1.0,11585
12089,0,-1.0,300
11693,1,1.0,11585
11920,0,-1.0,300
11694,1,1.0,11585
11922,0,-1.0,300
11695,1,1.0,11585
12092,0,-1.0,300
11696,1,1.0,11585
11926,0,-1.0,287
11697,1,1.0,11585
12094,0,-1.0,287
11698,1,1.0,11585
11930,0,-1.0,287
11699,1,1.0,11585
12096,0,-1.0,287
11700,1,1.0,11585
11934,0,-1.0,287
11701,1,1.0,11585
12098,0,-1.0,287
11702,1,1.0,11585
12099,0,-1.0,287
11703,1,1.0,11585
11940,0,-1.0,287
11704,1,1.0,11585
11942,0,-1.0,289
11705,1,1.0,11585
12102,0,-1.0,289
11706,1,1.0,11585
11946,0,-1.0,289
11707,1,1.0,11585
12104,0,-1.0,289
11708,1,1.0,11585
11950,0,-1.0,289
11709,1,1.0,11585
12106,0,-1.0,289
11710,1,1.0,11585
12107,0,-1.0,289
11711,1,1.0,11585
11956,0,-1.0,289
11712,1,1.0,11585
12109,0,-1.0,291
11713,1,1.0,11585
12110,0,-1.0,291
11714,1,1.0,11585
11962,0,-1.0,291
11715,1,1.0,11585
11964,0,-1.0,291
11716,1,1.0,11585
11577,1,-1.0,11580
11577,0,1.0,2931
12364,0,-1.0,2951
12203,0,1.0,23
12203,0,0.0,2384
12204,1,1.0,12197
12205,1,1.0,12197
12206,1,1.0,12197
12207,1,1.0,12197
12208,1,1.0,12197
12209,1,1.0,12197
12210,1,1.0,12197
12211,1,1.0,12197
12212,1,1.0,12197
12213,1,1.0,12197
12214,1,1.0,12197
12215,1,1.0,12197
12216,1,1.0,12197
12217,1,1.0,12197
12218,1,1.0,12197
12219,1,1.0,12197
12220,1,1.0,12197
12221,1,1.0,12197
12222,1,1.0,12197
12223,1,1.0,12197
12224,1,1.0,12197
12225,1,1.0,12197
12226,1,1.0,12197
12227,1,1.0,12197
12228,1,1.0,12197
12229,1,1.0,12197
12230,1,1.0,12197
12231,1,1.0,12197
12232,1,1.0,12197
12233,1,1.0,12197
12234,1,1.0,12197
12235,1,1.0,12197
12236,1,1.0,12197
12237,1,1.0,12197
12238,1,1.0,12197
12239,1,1.0,12197
12240,1,1.0,12197
12241,1,1.0,12197
12242,1,1.0,12197
12243,1,1.0,12197
12245,1,1.0,12197
12246,1,1.0,12197
12247,1,1.0,12197
12248,1,1.0,12197
12249,1,1.0,12197
12250,1,1.0,12197
12251,1,1.0,12197
12252,1,1.0,12197
12253,1,1.0,12197
12254,1,1.0,12197
12255,1,1.0,12197
12256,1,1.0,12197
12257,1,1.0,12197
12258,1,1.0,12197
12259,1,1.0,12197
12260,1,1.0,12197
12261,1,1.0,12197
12262,1,1.0,12197
12263,1,1.0,12197
12264,1,1.0,12197
12265,1,1.0,12197
12266,1,1.0,12197
12267,1,1.0,12197
12268,1,1.0,12197
12269,1,1.0,12197
12270,1,1.0,12197
12271,1,1.0,12197
12272,1,1.0,12197
12273,1,1.0,12197
12274,1,1.0,12197
12275,1,1.0,12197
12276,1,1.0,12197
12277,1,1.0,12197
12278,1,1.0,12197
12279,1,1.0,12197
12280,1,1.0,12197
12281,1,1.0,12197
12189,1,-1.0,12192
12189,0,1.0,2931
12437,0,-1.0,2951
12389,0,1.0,23
12389,0,0.0,2384
12390,1,1.0,12382
12391,1,1.0,12382
12392,1,1.0,12382
12393,1,1.0,12382
12394,1,1.0,12382
12395,1,1.0,12382
12396,1,1.0,12382
12397,1,1.0,12382
12398,1,1.0,12382
12399,1,1.0,12382
12400,1,1.0,12382
12401,1,1.0,12382
12402,1,1.0,12382
12403,1,1.0,12382
12404,1,1.0,12382
12405,1,1.0,12382
12406,1,1.0,12382
12407,1,1.0,12382
12408,1,1.0,12382
12409,1,1.0,12382
12410,1,1.0,12382
12411,1,1.0,12382
12374,1,-1.0,12377
12374,0,1.0,2931
12455,0,1.0,23
12455,0,0.0,2384
12456,1,-1.0,12690
12457,1,-1.0,12690
12458,1,-1.0,12690
12459,1,-1.0,12690
12460,1,-1.0,12690
12461,1,-1.0,12690
12462,1,-1.0,12690
12463,1,-1.0,12690
12464,1,-1.0,12690
12465,1,-1.0,12690
12466,1,-1.0,12690
12467,1,-1.0,12690
12468,1,-1.0,12690
12469,1,-1.0,12690
12470,1,-1.0,12690
12471,1,-1.0,12690
12472,1,-1.0,12690
12473,1,-1.0,12690
12474,1,-1.0,12690
12475,1,-1.0,12690
12476,1,-1.0,12690
12477,1,-1.0,12690
12478,1,-1.0,12690
12479,1,-1.0,12690
12480,1,-1.0,12690
12481,1,-1.0,12690
12482,1,-1.0,12690
12483,1,-1.0,12690
12484,1,-1.0,12690
12485,1,-1.0,12690
12486,1,-1.0,12690
12487,1,-1.0,12690
12488,1,-1.0,12690
12489,1,-1.0,12690
12490,1,-1.0,12690
12491,1,-1.0,12690
12492,1,-1.0,12690
12493,1,-1.0,12690
12494,1,-1.0,12690
12495,1,-1.0,12690
12496,1,-1.0,12690
12497,1,-1.0,12690
12829,0,-1.0,2951
12499,1,-1.0,12690
12500,1,-1.0,12690
12501,1,-1.0,12690
12502,1,-1.0,12690
12503,1,-1.0,12690
12504,1,-1.0,12690
12505,1,-1.0,12690
12506,1,-1.0,12690
12507,1,-1.0,12690
12508,1,-1.0,12690
12509,1,-1.0,12690
12510,1,-1.0,12690
12511,1,-1.0,12690
12512,1,-1.0,12690
12513,1,-1.0,12690
12514,1,-1.0,12690
12515,1,-1.0,12690
12516,1,-1.0,12690
12517,1,-1.0,12690
12518,1,-1.0,12690
12519,1,-1.0,12690
12520,1,-1.0,12690
12521,1,-1.0,12690
12522,1,-1.0,12690
12523,1,-1.0,12690
12524,1,-1.0,12690
12525,1,-1.0,12690
12526,1,-1.0,12690
12527,1,-1.0,12690
12528,1,-1.0,12690
12529,1,-1.0,12690
12530,1,-1.0,12690
12531,1,-1.0,12690
12532,1,-1.0,12690
12533,1,-1.0,12690
12534,1,-1.0,12690
12535,1,-1.0,12690
12536,1,-1.0,12690
12537,1,-1.0,12690
12538,1,-1.0,12690
12539,1,-1.0,12690
12540,1,-1.0,12690
12541,1,-1.0,12690
12542,1,-1.0,12690
12543,1,-1.0,12690
12544,1,-1.0,12690
12545,1,-1.0,12690
12546,1,-1.0,12690
12547,1,-1.0,12690
12548,1,-1.0,12690
12549,1,-1.0,12690
12550,1,-1.0,12690
12551,1,-1.0,12690
12552,1,-1.0,12690
12553,1,-1.0,12690
12554,1,-1.0,12690
12555,1,-1.0,12690
12556,1,-1.0,12690
12557,1,-1.0,12690
12558,1,-1.0,12690
12559,1,-1.0,12690
12560,1,-1.0,12690
12561,1,-1.0,12690
12562,1,-1.0,12690
12563,1,-1.0,12690
12564,1,-1.0,12690
12565,1,-1.0,12690
12566,1,-1.0,12690
12567,1,-1.0,12690
12568,1,-1.0,12690
12569,1,-1.0,12690
12570,1,-1.0,12690
12571,1,-1.0,12690
12572,1,-1.0,12690
12573,1,-1.0,12690
12574,1,-1.0,12690
12575,1,-1.0,12690
12576,1,-1.0,12690
12577,1,-1.0,12690
12578,1,-1.0,12690
12579,1,-1.0,12690
12580,1,-1.0,12690
12581,1,-1.0,12690
12582,1,-1.0,12690
12583,1,-1.0,12690
12584,1,-1.0,12690
12585,1,-1.0,12690
12586,1,-1.0,12690
12587,1,-1.0,12690
12588,1,-1.0,12690
12589,1,-1.0,12690
12590,1,-1.0,12690
12591,1,-1.0,12690
12592,1,-1.0,12690
12593,1,-1.0,12690
12594,1,-1.0,12690
12595,1,-1.0,12690
12596,1,-1.0,12690
12597,1,-1.0,12690
12598,1,-1.0,12690
12599,1,-1.0,12690
12600,1,-1.0,12690
12601,1,-1.0,12690
12602,1,-1.0,12690
12603,1,-1.0,12690
12604,1,-1.0,12690
12605,1,-1.0,12690
12606,1,-1.0,12690
12607,1,-1.0,12690
12608,1,-1.0,12690
12609,1,-1.0,12690
12610,1,-1.0,12690
12611,1,-1.0,12690
12613,1,-1.0,12690
12614,1,-1.0,12690
12615,1,-1.0,12690
12616,1,-1.0,12690
12617,1,-1.0,12690
12618,1,-1.0,12690
12619,1,-1.0,12690
12620,1,-1.0,12690
12621,1,-1.0,12690
12622,1,-1.0,12690
12623,1,-1.0,12690
12624,1,-1.0,12690
12625,1,-1.0,12690
12626,1,-1.0,12690
12627,1,-1.0,12690
12628,1,-1.0,12690
12446,1,-1.0,12449
12446,0,1.0,2931
12847,0,1.0,23
12847,0,0.0,2384
12848,1,-1.0,14379
12849,1,-1.0,14379
12850,1,-1.0,14379
12851,1,-1.0,14379
12852,1,-1.0,14379
12853,1,-1.0,14379
12854,1,-1.0,14379
12855,1,-1.0,14379
12856,1,-1.0,14379
12857,1,-1.0,14379
12858,1,-1.0,14379
12859,1,-1.0,14379
12860,1,-1.0,14379
12861,1,-1.0,14379
12862,1,-1.0,14379
12863,1,-1.0,14379
12864,1,-1.0,14379
12865,1,-1.0,14379
12866,1,-1.0,14379
12867,1,-1.0,14379
12868,1,-1.0,14379
12869,1,-1.0,14379
12870,1,-1.0,14379
12871,1,-1.0,14379
12872,1,-1.0,14379
12873,1,-1.0,14379
12874,1,-1.0,14379
12875,1,-1.0,14379
12876,1,-1.0,14379
12877,1,-1.0,14379
12878,1,-1.0,14379
12879,1,-1.0,14379
12880,1,-1.0,14379
12881,1,-1.0,14379
12882,1,-1.0,14379
12883,1,-1.0,14379
12884,1,-1.0,14379
12885,1,-1.0,14379
12886,1,-1.0,14379
12887,1,-1.0,14379
12888,1,-1.0,14379
12889,1,-1.0,14379
12890,1,-1.0,14379
12891,1,-1.0,14379
12892,1,-1.0,14379
12893,1,-1.0,14379
12894,1,-1.0,14379
12895,1,-1.0,14379
12896,1,-1.0,14379
12897,1,-1.0,14379
12898,1,-1.0,14379
12899,1,-1.0,14379
12900,1,-1.0,14379
12901,1,-1.0,14379
12902,1,-1.0,14379
12903,1,-1.0,14379
12904,1,-1.0,14379
12905,1,-1.0,14379
12906,1,-1.0,14379
12907,1,-1.0,14379
12908,1,-1.0,14379
12909,1,-1.0,14379
12910,1,-1.0,14379
12911,1,-1.0,14379
12912,1,-1.0,14379
12913,1,-1.0,14379
12914,1,-1.0,14379
12915,1,-1.0,14379
12916,1,-1.0,14379
12917,1,-1.0,14379
12918,1,-1.0,14379
12919,1,-1.0,14379
12920,1,-1.0,14379
12921,1,-1.0,14379
12922,1,-1.0,14379
12923,1,-1.0,14379
12924,1,-1.0,14379
12925,1,-1.0,14379
12926,1,-1.0,14379
12927,1,-1.0,14379
12928,1,-1.0,14379
12929,1,-1.0,14379
12930,1,-1.0,14379
12931,1,-1.0,14379
12932,1,-1.0,14379
12933,1,-1.0,14379
12934,1,-1.0,14379
12935,1,-1.0,14379
12936,1,-1.0,14379
12937,1,-1.0,14379
12938,1,-1.0,14379
12939,1,-1.0,14379
12940,1,-1.0,14379
12941,1,-1.0,14379
12942,1,-1.0,14379
12943,1,-1.0,14379
12944,1,-1.0,14379
12945,1,-1.0,14379
12946,1,-1.0,14379
12947,1,-1.0,14379
12948,1,-1.0,14379
12949,1,-1.0,14379
12950,1,-1.0,14379
12951,1,-1.0,14379
12952,1,-1.0,14379
12953,1,-1.0,14379
12954,1,-1.0,14379
12955,1,-1.0,14379
12956,1,-1.0,14379
12957,1,-1.0,14379
12958,1,-1.0,14379
12959,1,-1.0,14379
12960,1,-1.0,14379
12961,1,-1.0,14379
12962,1,-1.0,14379
12963,1,-1.0,14379
12964,1,-1.0,14379
12965,1,-1.0,14379
12966,1,-1.0,14379
12967,1,-1.0,14379
12968,1,-1.0,14379
12969,1,-1.0,14379
12970,1,-1.0,14379
12971,1,-1.0,14379
12972,1,-1.0,14379
12973,1,-1.0,14379
12974,1,-1.0,14379
12975,1,-1.0,14379
12976,1,-1.0,14379
12977,1,-1.0,14379
12978,1,-1.0,14379
12979,1,-1.0,14379
12980,1,-1.0,14379
12981,1,-1.0,14379
12982,1,-1.0,14379
12983,1,-1.0,14379
12984,1,-1.0,14379
12985,1,-1.0,14379
12986,1,-1.0,14379
12987,1,-1.0,14379
12988,1,-1.0,14379
12989,1,-1.0,14379
12990,1,-1.0,14379
12991,1,-1.0,14379
12992,1,-1.0,14379
12993,1,-1.0,14379
12994,1,-1.0,14379
12995,1,-1.0,14379
12996,1,-1.0,14379
12997,1,-1.0,14379
12998,1,-1.0,14379
12999,1,-1.0,14379
13000,1,-1.0,14379
13001,1,-1.0,14379
13002,1,-1.0,14379
13003,1,-1.0,14379
13004,1,-1.0,14379
13005,1,-1.0,14379
13006,1,-1.0,14379
13007,1,-1.0,14379
13008,1,-1.0,14379
13009,1,-1.0,14379
13010,1,-1.0,14379
13011,1,-1.0,14379
13012,1,-1.0,14379
13013,1,-1.0,14379
13014,1,-1.0,14379
13015,1,-1.0,14379
13016,1,-1.0,14379
13017,1,-1.0,14379
13018,1,-1.0,14379
13019,1,-1.0,14379
13020,1,-1.0,14379
13021,1,-1.0,14379
13022,1,-1.0,14379
13023,1,-1.0,14379
13024,1,-1.0,14379
13025,1,-1.0,14379
13026,1,-1.0,14379
13027,1,-1.0,14379
13028,1,-1.0,14379
13029,1,-1.0,14379
13030,1,-1.0,14379
13031,1,-1.0,14379
13032,1,-1.0,14379
13033,1,-1.0,14379
13034,1,-1.0,14379
13035,1,-1.0,14379
13036,1,-1.0,14379
13037,1,-1.0,14379
13038,1,-1.0,14379
13039,1,-1.0,14379
13040,1,-1.0,14379
13041,1,-1.0,14379
13042,1,-1.0,14379
13043,1,-1.0,14379
13044,1,-1.0,14379
13045,1,-1.0,14379
13046,1,-1.0,14379
13047,1,-1.0,14379
13048,1,-1.0,14379
13049,1,-1.0,14379
13050,1,-1.0,14379
13051,1,-1.0,14379
13052,1,-1.0,14379
13053,1,-1.0,14379
13054,1,-1.0,14379
13055,1,-1.0,14379
13056,1,-1.0,14379
13057,1,-1.0,14379
13058,1,-1.0,14379
13059,1,-1.0,14379
13060,1,-1.0,14379
13061,1,-1.0,14379
13062,1,-1.0,14379
13063,1,-1.0,14379
13064,1,-1.0,14379
13065,1,-1.0,14379
13066,1,-1.0,14379
13067,1,-1.0,14379
13068,1,-1.0,14379
13069,1,-1.0,14379
13070,1,-1.0,14379
13071,1,-1.0,14379
13072,1,-1.0,14379
13073,1,-1.0,14379
13074,1,-1.0,14379
13075,1,-1.0,14379
13076,1,-1.0,14379
13077,1,-1.0,14379
13078,1,-1.0,14379
13079,1,-1.0,14379
13080,1,-1.0,14379
13081,1,-1.0,14379
13082,1,-1.0,14379
13083,1,-1.0,14379
13084,1,-1.0,14379
13085,1,-1.0,14379
13086,1,-1.0,14379
13087,1,-1.0,14379
13088,1,-1.0,14379
13089,1,-1.0,14379
13090,1,-1.0,14379
13091,1,-1.0,14379
13092,1,-1.0,14379
13093,1,-1.0,14379
13094,1,-1.0,14379
13095,1,-1.0,14379
13096,1,-1.0,14379
13097,1,-1.0,14379
13098,1,-1.0,14379
13099,1,-1.0,14379
13100,1,-1.0,14379
13101,1,-1.0,14379
13102,1,-1.0,14379
13103,1,-1.0,14379
13104,1,-1.0,14379
13105,1,-1.0,14379
13106,1,-1.0,14379
13107,1,-1.0,14379
13108,1,-1.0,14379
13109,1,-1.0,14379
13110,1,-1.0,14379
13111,1,-1.0,14379
13112,1,-1.0,14379
13113,1,-1.0,14379
13114,1,-1.0,14379
13115,1,-1.0,14379
13116,1,-1.0,14379
13117,1,-1.0,14379
13118,1,-1.0,14379
13119,1,-1.0,14379
13120,1,-1.0,14379
13121,1,-1.0,14379
13122,1,-1.0,14379
13123,1,-1.0,14379
13124,1,-1.0,14379
13125,1,-1.0,14379
13126,1,-1.0,14379
13127,1,-1.0,14379
13128,1,-1.0,14379
13129,1,-1.0,14379
13130,1,-1.0,14379
13131,1,-1.0,14379
13132,1,-1.0,14379
13133,1,-1.0,14379
13134,1,-1.0,14379
13135,1,-1.0,14379
13136,1,-1.0,14379
13137,1,-1.0,14379
13138,1,-1.0,14379
13139,1,-1.0,14379
13140,1,-1.0,14379
13141,1,-1.0,14379
13142,1,-1.0,14379
13143,1,-1.0,14379
13144,1,-1.0,14379
13145,1,-1.0,14379
13146,1,-1.0,14379
13147,1,-1.0,14379
13148,1,-1.0,14379
13149,1,-1.0,14379
13150,1,-1.0,14379
13151,1,-1.0,14379
13152,1,-1.0,14379
13153,1,-1.0,14379
13154,1,-1.0,14379
13155,1,-1.0,14379
13156,1,-1.0,14379
13157,1,-1.0,14379
13158,1,-1.0,14379
13159,1,-1.0,14379
13160,1,-1.0,14379
13161,1,-1.0,14379
13162,1,-1.0,14379
13163,1,-1.0,14379
13164,1,-1.0,14379
13165,1,-1.0,14379
13166,1,-1.0,14379
13167,1,-1.0,14379
13168,1,-1.0,14379
13169,1,-1.0,14379
13170,1,-1.0,14379
13171,1,-1.0,14379
13172,1,-1.0,14379
13173,1,-1.0,14379
13174,1,-1.0,14379
13175,1,-1.0,14379
13176,1,-1.0,14379
13177,1,-1.0,14379
13178,1,-1.0,14379
13179,1,-1.0,14379
13180,1,-1.0,14379
13181,1,-1.0,14379
13182,1,-1.0,14379
13183,1,-1.0,14379
13184,1,-1.0,14379
13185,1,-1.0,14379
13186,1,-1.0,14379
13187,1,-1.0,14379
13188,1,-1.0,14379
13189,1,-1.0,14379
13190,1,-1.0,14379
13191,1,-1.0,14379
13192,1,-1.0,14379
13193,1,-1.0,14379
13194,1,-1.0,14379
13195,1,-1.0,14379
13196,1,-1.0,14379
13197,1,-1.0,14379
13198,1,-1.0,14379
13199,1,-1.0,14379
13200,1,-1.0,14379
13201,1,-1.0,14379
13202,1,-1.0,14379
13203,1,-1.0,14379
13204,1,-1.0,14379
13205,1,-1.0,14379
13206,1,-1.0,14379
13207,1,-1.0,14379
13208,1,-1.0,14379
13209,1,-1.0,14379
13210,1,-1.0,14379
13211,1,-1.0,14379
13212,1,-1.0,14379
13213,1,-1.0,14379
13214,1,-1.0,14379
13215,1,-1.0,14379
13216,1,-1.0,14379
13217,1,-1.0,14379
13218,1,-1.0,14379
13219,1,-1.0,14379
13220,1,-1.0,14379
13221,1,-1.0,14379
13222,1,-1.0,14379
13223,1,-1.0,14379
13224,1,-1.0,14379
13225,1,-1.0,14379
13226,1,-1.0,14379
13227,1,-1.0,14379
13228,1,-1.0,14379
13229,1,-1.0,14379
13230,1,-1.0,14379
13231,1,-1.0,14379
13232,1,-1.0,14379
13233,1,-1.0,14379
13234,1,-1.0,14379
13235,1,-1.0,14379
13236,1,-1.0,14379
13237,1,-1.0,14379
13238,1,-1.0,14379
13239,1,-1.0,14379
13240,1,-1.0,14379
13241,1,-1.0,14379
13242,1,-1.0,14379
13243,1,-1.0,14379
13244,1,-1.0,14379
13245,1,-1.0,14379
13246,1,-1.0,14379
13247,1,-1.0,14379
13248,1,-1.0,14379
13249,1,-1.0,14379
13250,1,-1.0,14379
13251,1,-1.0,14379
13252,1,-1.0,14379
13253,1,-1.0,14379
13254,1,-1.0,14379
13255,1,-1.0,14379
13256,1,-1.0,14379
13257,1,-1.0,14379
13258,1,-1.0,14379
13259,1,-1.0,14379
13260,1,-1.0,14379
13261,1,-1.0,14379
13262,1,-1.0,14379
13263,1,-1.0,14379
13264,1,-1.0,14379
13265,1,-1.0,14379
13266,1,-1.0,14379
13267,1,-1.0,14379
13268,1,-1.0,14379
13269,1,-1.0,14379
13270,1,-1.0,14379
13271,1,-1.0,14379
13272,1,-1.0,14379
13273,1,-1.0,14379
13274,1,-1.0,14379
13275,1,-1.0,14379
13276,1,-1.0,14379
13277,1,-1.0,14379
13278,1,-1.0,14379
13279,1,-1.0,14379
13280,1,-1.0,14379
13281,1,-1.0,14379
13282,1,-1.0,14379
13283,1,-1.0,14379
13284,1,-1.0,14379
13285,1,-1.0,14379
13286,1,-1.0,14379
13287,1,-1.0,14379
13288,1,-1.0,14379
13289,1,-1.0,14379
13290,1,-1.0,14379
13291,1,-1.0,14379
13292,1,-1.0,14379
13293,1,-1.0,14379
13294,1,-1.0,14379
13295,1,-1.0,14379
13296,1,-1.0,14379
13297,1,-1.0,14379
13298,1,-1.0,14379
13299,1,-1.0,14379
13300,1,-1.0,14379
13301,1,-1.0,14379
13302,1,-1.0,14379
13303,1,-1.0,14379
13304,1,-1.0,14379
13305,1,-1.0,14379
13306,1,-1.0,14379
13307,1,-1.0,14379
13308,1,-1.0,14379
13309,1,-1.0,14379
13310,1,-1.0,14379
13311,1,-1.0,14379
13312,1,-1.0,14379
13313,1,-1.0,14379
13314,1,-1.0,14379
13315,1,-1.0,14379
13316,1,-1.0,14379
13317,1,-1.0,14379
13318,1,-1.0,14379
13319,1,-1.0,14379
13320,1,-1.0,14379
13321,1,-1.0,14379
13322,1,-1.0,14379
13323,1,-1.0,14379
13324,1,-1.0,14379
13325,1,-1.0,14379
13326,1,-1.0,14379
13327,1,-1.0,14379
13328,1,-1.0,14379
13329,1,-1.0,14379
13330,1,-1.0,14379
13331,1,-1.0,14379
13332,1,-1.0,14379
13333,1,-1.0,14379
13334,1,-1.0,14379
13335,1,-1.0,14379
13336,1,-1.0,14379
13337,1,-1.0,14379
13338,1,-1.0,14379
13339,1,-1.0,14379
13340,1,-1.0,14379
13341,1,-1.0,14379
13342,1,-1.0,14379
13343,1,-1.0,14379
13344,1,-1.0,14379
13345,1,-1.0,14379
13346,1,-1.0,14379
13347,1,-1.0,14379
13348,1,-1.0,14379
13349,1,-1.0,14379
13350,1,-1.0,14379
13351,1,-1.0,14379
13352,1,-1.0,14379
13353,1,-1.0,14379
13354,1,-1.0,14379
13355,1,-1.0,14379
13356,1,-1.0,14379
13357,1,-1.0,14379
13358,1,-1.0,14379
13359,1,-1.0,14379
13360,1,-1.0,14379
13361,1,-1.0,14379
13362,1,-1.0,14379
13363,1,-1.0,14379
13364,1,-1.0,14379
13365,1,-1.0,14379
13366,1,-1.0,14379
13367,1,-1.0,14379
13368,1,-1.0,14379
13369,1,-1.0,14379
13370,1,-1.0,14379
13371,1,-1.0,14379
13372,1,-1.0,14379
13373,1,-1.0,14379
13374,1,-1.0,14379
13375,1,-1.0,14379
13376,1,-1.0,14379
13377,1,-1.0,14379
13378,1,-1.0,14379
13379,1,-1.0,14379
13380,1,-1.0,14379
13381,1,-1.0,14379
13382,1,-1.0,14379
13383,1,-1.0,14379
13384,1,-1.0,14379
13385,1,-1.0,14379
13386,1,-1.0,14379
13387,1,-1.0,14379
13388,1,-1.0,14379
13389,1,-1.0,14379
13390,1,-1.0,14379
13391,1,-1.0,14379
13392,1,-1.0,14379
13393,1,-1.0,14379
13394,1,-1.0,14379
13395,1,-1.0,14379
13396,1,-1.0,14379
13397,1,-1.0,14379
13398,1,-1.0,14379
13399,1,-1.0,14379
13400,1,-1.0,14379
13401,1,-1.0,14379
13402,1,-1.0,14379
13403,1,-1.0,14379
13404,1,-1.0,14379
13405,1,-1.0,14379
13406,1,-1.0,14379
13407,1,-1.0,14379
13408,1,-1.0,14379
13409,1,-1.0,14379
13410,1,-1.0,14379
13411,1,-1.0,14379
13412,1,-1.0,14379
13413,1,-1.0,14379
13414,1,-1.0,14379
13415,1,-1.0,14379
13416,1,-1.0,14379
13417,1,-1.0,14379
13418,1,-1.0,14379
13419,1,-1.0,14379
13420,1,-1.0,14379
13421,1,-1.0,14379
13422,1,-1.0,14379
13423,1,-1.0,14379
13424,1,-1.0,14379
13425,1,-1.0,14379
13426,1,-1.0,14379
13427,1,-1.0,14379
13428,1,-1.0,14379
13429,1,-1.0,14379
13430,1,-1.0,14379
13431,1,-1.0,14379
13432,1,-1.0,14379
13433,1,-1.0,14379
13434,1,-1.0,14379
13435,1,-1.0,14379
13436,1,-1.0,14379
13437,1,-1.0,14379
13438,1,-1.0,14379
13439,1,-1.0,14379
13440,1,-1.0,14379
13441,1,-1.0,14379
13442,1,-1.0,14379
13443,1,-1.0,14379
13444,1,-1.0,14379
13445,1,-1.0,14379
13446,1,-1.0,14379
13447,1,-1.0,14379
13448,1,-1.0,14379
13449,1,-1.0,14379
13450,1,-1.0,14379
13451,1,-1.0,14379
13452,1,-1.0,14379
13453,1,-1.0,14379
13454,1,-1.0,14379
13455,1,-1.0,14379
13456,1,-1.0,14379
13457,1,-1.0,14379
13458,1,-1.0,14379
13459,1,-1.0,14379
13460,1,-1.0,14379
13461,1,-1.0,14379
13462,1,-1.0,14379
13463,1,-1.0,14379
13464,1,-1.0,14379
13465,1,-1.0,14379
13466,1,-1.0,14379
13467,1,-1.0,14379
13468,1,-1.0,14379
13469,1,-1.0,14379
13470,1,-1.0,14379
13471,1,-1.0,14379
13472,1,-1.0,14379
13473,1,-1.0,14379
13474,1,-1.0,14379
13475,1,-1.0,14379
13476,1,-1.0,14379
13477,1,-1.0,14379
13478,1,-1.0,14379
13479,1,-1.0,14379
13480,1,-1.0,14379
13481,1,-1.0,14379
13482,1,-1.0,14379
13483,1,-1.0,14379
13484,1,-1.0,14379
13485,1,-1.0,14379
13486,1,-1.0,14379
13487,1,-1.0,14379
13488,1,-1.0,14379
13489,1,-1.0,14379
13490,1,-1.0,14379
13491,1,-1.0,14379
13492,1,-1.0,14379
13493,1,-1.0,14379
13494,1,-1.0,14379
13495,1,-1.0,14379
13496,1,-1.0,14379
13497,1,-1.0,14379
13498,1,-1.0,14379
13499,1,-1.0,14379
13500,1,-1.0,14379
13501,1,-1.0,14379
13502,1,-1.0,14379
13503,1,-1.0,14379
13504,1,-1.0,14379
13505,1,-1.0,14379
13506,1,-1.0,14379
13507,1,-1.0,14379
13508,1,-1.0,14379
13509,1,-1.0,14379
13510,1,-1.0,14379
13511,1,-1.0,14379
13512,1,-1.0,14379
13513,1,-1.0,14379
13514,1,-1.0,14379
13515,1,-1.0,14379
13516,1,-1.0,14379
13517,1,-1.0,14379
13518,1,-1.0,14379
13519,1,-1.0,14379
13520,1,-1.0,14379
13521,1,-1.0,14379
13522,1,-1.0,14379
13523,1,-1.0,14379
13524,1,-1.0,14379
13525,1,-1.0,14379
13526,1,-1.0,14379
13527,1,-1.0,14379
13528,1,-1.0,14379
13529,1,-1.0,14379
13530,1,-1.0,14379
13531,1,-1.0,14379
13532,1,-1.0,14379
13533,1,-1.0,14379
13534,1,-1.0,14379
13535,1,-1.0,14379
13536,1,-1.0,14379
13537,1,-1.0,14379
13538,1,-1.0,14379
13539,1,-1.0,14379
13540,1,-1.0,14379
13541,1,-1.0,14379
13542,1,-1.0,14379
13543,1,-1.0,14379
13544,1,-1.0,14379
13545,1,-1.0,14379
13546,1,-1.0,14379
13547,1,-1.0,14379
13548,1,-1.0,14379
13549,1,-1.0,14379
13550,1,-1.0,14379
13551,1,-1.0,14379
13552,1,-1.0,14379
13553,1,-1.0,14379
13554,1,-1.0,14379
13555,1,-1.0,14379
13556,1,-1.0,14379
13557,1,-1.0,14379
13558,1,-1.0,14379
13559,1,-1.0,14379
13560,1,-1.0,14379
13561,1,-1.0,14379
13562,1,-1.0,14379
13563,1,-1.0,14379
13564,1,-1.0,14379
13565,1,-1.0,14379
13566,1,-1.0,14379
13567,1,-1.0,14379
13568,1,-1.0,14379
13569,1,-1.0,14379
13570,1,-1.0,14379
13571,1,-1.0,14379
13572,1,-1.0,14379
13573,1,-1.0,14379
13574,1,-1.0,14379
13575,1,-1.0,14379
13576,1,-1.0,14379
13577,1,-1.0,14379
13578,1,-1.0,14379
14414,0,-1.0,2951
13581,1,-1.0,14379
13582,1,-1.0,14379
13583,1,-1.0,14379
13584,1,-1.0,14379
13585,1,-1.0,14379
13586,1,-1.0,14379
13587,1,-1.0,14379
13588,1,-1.0,14379
13589,1,-1.0,14379
13590,1,-1.0,14379
13591,1,-1.0,14379
13592,1,-1.0,14379
13593,1,-1.0,14379
13594,1,-1.0,14379
13595,1,-1.0,14379
13596,1,-1.0,14379
13597,1,-1.0,14379
13598,1,-1.0,14379
13599,1,-1.0,14379
13600,1,-1.0,14379
13601,1,-1.0,14379
13602,1,-1.0,14379
13603,1,-1.0,14379
13604,1,-1.0,14379
13605,1,-1.0,14379
12838,1,-1.0,12841
12838,0,1.0,2931
14826,0,-1.0,2951
14436,0,1.0,23
14436,0,0.0,2384
14437,1,1.0,14431
14438,1,1.0,14431
14439,1,1.0,14431
14440,1,1.0,14431
14441,1,1.0,14431
14442,1,1.0,14431
14443,1,1.0,14431
14444,1,1.0,14431
14445,1,1.0,14431
14446,1,1.0,14431
14447,1,1.0,14431
14448,1,1.0,14431
14449,1,1.0,14431
14450,1,1.0,14431
14451,1,1.0,14431
14452,1,1.0,14431
14453,1,1.0,14431
14454,1,1.0,14431
14455,1,1.0,14431
14456,1,1.0,14431
14457,1,1.0,14431
14458,1,1.0,14431
14459,1,1.0,14431
14460,1,1.0,14431
14461,1,1.0,14431
14462,1,1.0,14431
14463,1,1.0,14431
14464,1,1.0,14431
14465,1,1.0,14431
14466,1,1.0,14431
14467,1,1.0,14431
14468,1,1.0,14431
14469,1,1.0,14431
14470,1,1.0,14431
14471,1,1.0,14431
14472,1,1.0,14431
14473,1,1.0,14431
14474,1,1.0,14431
14475,1,1.0,14431
14476,1,1.0,14431
14477,1,1.0,14431
14478,1,1.0,14431
14479,1,1.0,14431
14480,1,1.0,14431
14481,1,1.0,14431
14482,1,1.0,14431
14483,1,1.0,14431
14484,1,1.0,14431
14485,1,1.0,14431
14486,1,1.0,14431
14487,1,1.0,14431
14488,1,1.0,14431
14489,1,1.0,14431
14490,1,1.0,14431
14491,1,1.0,14431
14492,1,1.0,14431
14493,1,1.0,14431
14494,1,1.0,14431
14495,1,1.0,14431
14496,1,1.0,14431
14497,1,1.0,14431
14498,1,1.0,14431
14499,1,1.0,14431
14500,1,1.0,14431
14501,1,1.0,14431
14502,1,1.0,14431
14503,1,1.0,14431
14504,1,1.0,14431
14505,1,1.0,14431
14506,1,1.0,14431
14507,1,1.0,14431
14508,1,1.0,14431
14509,1,1.0,14431
14510,1,1.0,14431
14511,1,1.0,14431
14512,1,1.0,14431
14513,1,1.0,14431
14514,1,1.0,14431
14515,1,1.0,14431
14516,1,1.0,14431
14517,1,1.0,14431
14518,1,1.0,14431
14519,1,1.0,14431
14520,1,1.0,14431
14521,1,1.0,14431
14522,1,1.0,14431
14523,1,1.0,14431
14524,1,1.0,14431
14525,1,1.0,14431
14526,1,1.0,14431
14527,1,1.0,14431
14528,1,1.0,14431
14529,1,1.0,14431
14530,1,1.0,14431
14531,1,1.0,14431
14532,1,1.0,14431
14533,1,1.0,14431
14534,1,1.0,14431
14535,1,1.0,14431
14536,1,1.0,14431
14537,1,1.0,14431
14538,1,1.0,14431
14539,1,1.0,14431
14540,1,1.0,14431
14541,1,1.0,14431
14542,1,1.0,14431
14543,1,1.0,14431
14544,1,1.0,14431
14545,1,1.0,14431
14546,1,1.0,14431
14547,1,1.0,14431
14548,1,1.0,14431
14549,1,1.0,14431
14550,1,1.0,14431
14551,1,1.0,14431
14552,1,1.0,14431
14553,1,1.0,14431
14554,1,1.0,14431
14555,1,1.0,14431
14556,1,1.0,14431
14557,1,1.0,14431
14558,1,1.0,14431
14559,1,1.0,14431
14560,1,1.0,14431
14561,1,1.0,14431
14562,1,1.0,14431
14563,1,1.0,14431
14564,1,1.0,14431
14565,1,1.0,14431
14566,1,1.0,14431
14567,1,1.0,14431
14568,1,1.0,14431
14569,1,1.0,14431
14570,1,1.0,14431
14571,1,1.0,14431
14572,1,1.0,14431
14573,1,1.0,14431
14574,1,1.0,14431
14575,1,1.0,14431
14576,1,1.0,14431
14577,1,1.0,14431
14578,1,1.0,14431
14579,1,1.0,14431
14580,1,1.0,14431
14581,1,1.0,14431
14582,1,1.0,14431
14583,1,1.0,14431
14584,1,1.0,14431
14585,1,1.0,14431
14586,1,1.0,14431
14587,1,1.0,14431
14588,1,1.0,14431
14589,1,1.0,14431
14590,1,1.0,14431
14591,1,1.0,14431
14592,1,1.0,14431
14593,1,1.0,14431
14594,1,1.0,14431
14595,1,1.0,14431
14596,1,1.0,14431
14597,1,1.0,14431
14598,1,1.0,14431
14599,1,1.0,14431
14600,1,1.0,14431
14601,1,1.0,14431
14602,1,1.0,14431
14604,1,1.0,14431
14605,1,1.0,14431
14606,1,1.0,14431
14607,1,1.0,14431
14608,1,1.0,14431
14609,1,1.0,14431
14610,1,1.0,14431
14611,1,1.0,14431
14612,1,1.0,14431
14613,1,1.0,14431
14614,1,1.0,14431
14615,1,1.0,14431
14616,1,1.0,14431
14617,1,1.0,14431
14618,1,1.0,14431
14619,1,1.0,14431
14620,1,1.0,14431
14621,1,1.0,14431
14622,1,1.0,14431
14623,1,1.0,14431
14624,1,1.0,14431
14625,1,1.0,14431
14626,1,1.0,14431
14627,1,1.0,14431
14628,1,1.0,14431
14423,1,-1.0,14426
14423,0,1.0,2931
14843,0,1.0,23
14843,0,0.0,2384
14844,1,-1.0,15084
14845,1,-1.0,15084
14846,1,-1.0,15084
14847,1,-1.0,15084
14848,1,-1.0,15084
14849,1,-1.0,15084
14850,1,-1.0,15084
14851,1,-1.0,15084
14852,1,-1.0,15084
14853,1,-1.0,15084
14854,1,-1.0,15084
14855,1,-1.0,15084
14856,1,-1.0,15084
14857,1,-1.0,15084
14858,1,-1.0,15084
14859,1,-1.0,15084
14860,1,-1.0,15084
14861,1,-1.0,15084
14862,1,-1.0,15084
14863,1,-1.0,15084
14864,1,-1.0,15084
14865,1,-1.0,15084
14866,1,-1.0,15084
14867,1,-1.0,15084
14868,1,-1.0,15084
14869,1,-1.0,15084
14870,1,-1.0,15084
14871,1,-1.0,15084
14872,1,-1.0,15084
14873,1,-1.0,15084
14874,1,-1.0,15084
14875,1,-1.0,15084
14876,1,-1.0,15084
14877,1,-1.0,15084
14878,1,-1.0,15084
14879,1,-1.0,15084
14880,1,-1.0,15084
14881,1,-1.0,15084
14882,1,-1.0,15084
14883,1,-1.0,15084
14884,1,-1.0,15084
14885,1,-1.0,15084
14886,1,-1.0,15084
15227,0,-1.0,2951
14888,1,-1.0,15084
14889,1,-1.0,15084
14890,1,-1.0,15084
14891,1,-1.0,15084
14892,1,-1.0,15084
14893,1,-1.0,15084
14894,1,-1.0,15084
14895,1,-1.0,15084
14896,1,-1.0,15084
14897,1,-1.0,15084
14898,1,-1.0,15084
14899,1,-1.0,15084
14900,1,-1.0,15084
14901,1,-1.0,15084
14902,1,-1.0,15084
14903,1,-1.0,15084
14904,1,-1.0,15084
14905,1,-1.0,15084
14906,1,-1.0,15084
14907,1,-1.0,15084
14908,1,-1.0,15084
14909,1,-1.0,15084
14910,1,-1.0,15084
14911,1,-1.0,15084
14912,1,-1.0,15084
14913,1,-1.0,15084
14914,1,-1.0,15084
14915,1,-1.0,15084
14916,1,-1.0,15084
14917,1,-1.0,15084
14918,1,-1.0,15084
14919,1,-1.0,15084
14920,1,-1.0,15084
14921,1,-1.0,15084
14922,1,-1.0,15084
14923,1,-1.0,15084
14924,1,-1.0,15084
14925,1,-1.0,15084
14926,1,-1.0,15084
14927,1,-1.0,15084
14928,1,-1.0,15084
14929,1,-1.0,15084
14930,1,-1.0,15084
14931,1,-1.0,15084
14932,1,-1.0,15084
14933,1,-1.0,15084
14934,1,-1.0,15084
14935,1,-1.0,15084
14936,1,-1.0,15084
14937,1,-1.0,15084
14938,1,-1.0,15084
14939,1,-1.0,15084
14940,1,-1.0,15084
14941,1,-1.0,15084
14942,1,-1.0,15084
14943,1,-1.0,15084
14944,1,-1.0,15084
14945,1,-1.0,15084
14946,1,-1.0,15084
14947,1,-1.0,15084
14948,1,-1.0,15084
14949,1,-1.0,15084
14950,1,-1.0,15084
14951,1,-1.0,15084
14952,1,-1.0,15084
14953,1,-1.0,15084
14954,1,-1.0,15084
14955,1,-1.0,15084
14956,1,-1.0,15084
14958,1,-1.0,15084
14959,1,-1.0,15084
14960,1,-1.0,15084
14961,1,-1.0,15084
14962,1,-1.0,15084
14963,1,-1.0,15084
14964,1,-1.0,15084
14965,1,-1.0,15084
14966,1,-1.0,15084
14967,1,-1.0,15084
14968,1,-1.0,15084
14969,1,-1.0,15084
14970,1,-1.0,15084
14971,1,-1.0,15084
14972,1,-1.0,15084
14973,1,-1.0,15084
14974,1,-1.0,15084
14975,1,-1.0,15084
14976,1,-1.0,15084
14977,1,-1.0,15084
14978,1,-1.0,15084
14979,1,-1.0,15084
14980,1,-1.0,15084
14981,1,-1.0,15084
14982,1,-1.0,15084
14983,1,-1.0,15084
14984,1,-1.0,15084
14985,1,-1.0,15084
14986,1,-1.0,15084
14987,1,-1.0,15084
14988,1,-1.0,15084
14989,1,-1.0,15084
14990,1,-1.0,15084
14991,1,-1.0,15084
14992,1,-1.0,15084
14993,1,-1.0,15084
14994,1,-1.0,15084
14995,1,-1.0,15084
14996,1,-1.0,15084
14997,1,-1.0,15084
14998,1,-1.0,15084
14999,1,-1.0,15084
15000,1,-1.0,15084
15001,1,-1.0,15084
15002,1,-1.0,15084
15003,1,-1.0,15084
15004,1,-1.0,15084
15005,1,-1.0,15084
15006,1,-1.0,15084
15007,1,-1.0,15084
15008,1,-1.0,15084
15009,1,-1.0,15084
15010,1,-1.0,15084
15011,1,-1.0,15084
15012,1,-1.0,15084
15013,1,-1.0,15084
15014,1,-1.0,15084
15015,1,-1.0,15084
15016,1,-1.0,15084
15017,1,-1.0,15084
15018,1,-1.0,15084
15019,1,-1.0,15084
15020,1,-1.0,15084
15021,1,-1.0,15084
14834,1,-1.0,14837
14834,0,1.0,2931
15276,0,-1.0,2951
15245,0,1.0,23
15245,0,0.0,2384
15246,1,-1.0,15256
15247,1,-1.0,15256
15248,1,-1.0,15256
15250,1,-1.0,15256
15251,1,-1.0,15256
15252,1,-1.0,15256
15253,1,-1.0,15256
15254,1,-1.0,15256
15236,1,-1.0,15239
15236,0,1.0,2931
15294,0,1.0,23
15294,0,0.0,2384
15309,0,1.0,257
15309,0,0.0,2501
15312,0,-1.0,333
15314,0,-1.0,318
15305,0,-1.0,2951
15285,1,-1.0,15288
15285,0,1.0,2931
15453,0,-1.0,278
15442,0,-1.0,2951
15456,0,-1.0,278
15443,0,-1.0,2951
15459,0,-1.0,316
15444,0,-1.0,2951
15462,0,-1.0,316
15445,0,-1.0,2951
15446,1,-1.0,15432
15446,1,-1.0,15434
15446,1,-1.0,15436
15446,1,-1.0,15438
15446,1,-1.0,15440
15446,0,-1.0,2957
15364,0,1.0,23
15364,0,0.0,2384
15365,1,1.0,15352
15366,1,1.0,15352
15367,1,1.0,15352
15368,1,1.0,15352
15369,1,1.0,15352
15370,1,1.0,15352
15371,1,1.0,15352
15372,1,1.0,15352
15373,1,1.0,15352
15374,1,1.0,15352
15375,1,1.0,15352
15376,1,1.0,15352
15377,1,1.0,15352
15378,1,1.0,15352
15379,1,1.0,15352
15380,1,1.0,15352
15381,1,1.0,15352
15382,1,1.0,15352
15383,1,1.0,15352
15384,1,1.0,15352
15385,1,1.0,15352
15386,1,1.0,15352
15387,1,1.0,15352
15388,1,1.0,15352
15389,1,1.0,15352
15390,1,1.0,15352
15391,1,1.0,15352
15392,1,1.0,15352
15393,1,1.0,15352
15473,0,-1.0,316
15394,1,1.0,15353
15474,0,-1.0,316
15395,1,1.0,15353
15475,0,-1.0,316
15396,1,1.0,15353
15476,0,-1.0,316
15397,1,1.0,15353
15477,0,-1.0,316
15398,1,1.0,15353
15344,1,-1.0,15347
15344,0,1.0,2931
15627,0,-1.0,2951
15501,0,1.0,23
15501,0,0.0,2384
15629,1,1.0,15494
15503,1,1.0,15494
15504,1,1.0,15494
15505,1,1.0,15494
15506,1,1.0,15494
15508,1,1.0,15494
15509,1,1.0,15494
15510,1,1.0,15494
15511,1,1.0,15494
15512,1,1.0,15494
15513,1,1.0,15494
15514,1,1.0,15494
15515,1,1.0,15494
15516,1,1.0,15494
15517,1,1.0,15494
15518,1,1.0,15494
15519,1,1.0,15494
15520,1,1.0,15494
15521,1,1.0,15494
15522,1,1.0,15494
15523,1,1.0,15494
15524,1,1.0,15494
15525,1,1.0,15494
15526,1,1.0,15494
15527,1,1.0,15494
15528,1,1.0,15494
15529,1,1.0,15494
15530,1,1.0,15494
15531,1,1.0,15494
15532,1,1.0,15494
15533,1,1.0,15494
15534,1,1.0,15494
15535,1,1.0,15494
15536,1,1.0,15494
15537,1,1.0,15494
15538,1,1.0,15494
15539,1,1.0,15494
15540,1,1.0,15494
15541,1,1.0,15494
15542,1,1.0,15494
15543,1,1.0,15494
15544,1,1.0,15494
15545,1,1.0,15494
15546,1,1.0,15494
15547,1,1.0,15494
15548,1,1.0,15494
15549,1,1.0,15494
15550,1,1.0,15494
15551,1,1.0,15494
15552,1,1.0,15494
15553,1,1.0,15494
15554,1,1.0,15494
15555,1,1.0,15494
15556,1,1.0,15494
15557,1,1.0,15494
15558,1,1.0,15494
15559,1,1.0,15494
15560,1,1.0,15494
15561,1,1.0,15494
15486,1,-1.0,15489
15486,0,1.0,2931
15655,0,1.0,23
15655,0,0.0,2384
15656,1,-1.0,17191
15657,1,-1.0,17191
15658,1,-1.0,17191
15659,1,-1.0,17191
15660,1,-1.0,17191
15661,1,-1.0,17191
15662,1,-1.0,17191
15663,1,-1.0,17191
15664,1,-1.0,17191
15665,1,-1.0,17191
15666,1,-1.0,17191
15667,1,-1.0,17191
15668,1,-1.0,17191
15669,1,-1.0,17191
15670,1,-1.0,17191
15671,1,-1.0,17191
15672,1,-1.0,17191
15673,1,-1.0,17191
15674,1,-1.0,17191
15675,1,-1.0,17191
15676,1,-1.0,17191
15677,1,-1.0,17191
15678,1,-1.0,17191
15679,1,-1.0,17191
15680,1,-1.0,17191
15681,1,-1.0,17191
15682,1,-1.0,17191
15683,1,-1.0,17191
15684,1,-1.0,17191
15685,1,-1.0,17191
15686,1,-1.0,17191
15687,1,-1.0,17191
15688,1,-1.0,17191
15689,1,-1.0,17191
15690,1,-1.0,17191
15691,1,-1.0,17191
15692,1,-1.0,17191
15693,1,-1.0,17191
15694,1,-1.0,17191
15695,1,-1.0,17191
15696,1,-1.0,17191
15697,1,-1.0,17191
15698,1,-1.0,17191
15699,1,-1.0,17191
15700,1,-1.0,17191
15701,1,-1.0,17191
15702,1,-1.0,17191
15703,1,-1.0,17191
15704,1,-1.0,17191
15705,1,-1.0,17191
15706,1,-1.0,17191
15707,1,-1.0,17191
15708,1,-1.0,17191
15709,1,-1.0,17191
15710,1,-1.0,17191
15711,1,-1.0,17191
15712,1,-1.0,17191
15713,1,-1.0,17191
15714,1,-1.0,17191
15715,1,-1.0,17191
15716,1,-1.0,17191
15717,1,-1.0,17191
15718,1,-1.0,17191
15719,1,-1.0,17191
15720,1,-1.0,17191
15721,1,-1.0,17191
15722,1,-1.0,17191
15723,1,-1.0,17191
15724,1,-1.0,17191
15725,1,-1.0,17191
15726,1,-1.0,17191
15727,1,-1.0,17191
15728,1,-1.0,17191
15729,1,-1.0,17191
15730,1,-1.0,17191
15731,1,-1.0,17191
15732,1,-1.0,17191
15733,1,-1.0,17191
15734,1,-1.0,17191
15735,1,-1.0,17191
15736,1,-1.0,17191
15737,1,-1.0,17191
15738,1,-1.0,17191
15739,1,-1.0,17191
15740,1,-1.0,17191
15741,1,-1.0,17191
15742,1,-1.0,17191
15743,1,-1.0,17191
15744,1,-1.0,17191
15745,1,-1.0,17191
15746,1,-1.0,17191
15747,1,-1.0,17191
15748,1,-1.0,17191
15749,1,-1.0,17191
15750,1,-1.0,17191
15751,1,-1.0,17191
15752,1,-1.0,17191
15753,1,-1.0,17191
15754,1,-1.0,17191
15755,1,-1.0,17191
15756,1,-1.0,17191
15757,1,-1.0,17191
15758,1,-1.0,17191
15759,1,-1.0,17191
15760,1,-1.0,17191
15761,1,-1.0,17191
15762,1,-1.0,17191
15763,1,-1.0,17191
15764,1,-1.0,17191
15765,1,-1.0,17191
15766,1,-1.0,17191
15767,1,-1.0,17191
15768,1,-1.0,17191
15769,1,-1.0,17191
15770,1,-1.0,17191
15771,1,-1.0,17191
15772,1,-1.0,17191
15773,1,-1.0,17191
15774,1,-1.0,17191
15775,1,-1.0,17191
15776,1,-1.0,17191
15777,1,-1.0,17191
15778,1,-1.0,17191
15779,1,-1.0,17191
15780,1,-1.0,17191
15781,1,-1.0,17191
15782,1,-1.0,17191
15783,1,-1.0,17191
15784,1,-1.0,17191
15785,1,-1.0,17191
15786,1,-1.0,17191
15787,1,-1.0,17191
15788,1,-1.0,17191
15789,1,-1.0,17191
15790,1,-1.0,17191
15791,1,-1.0,17191
15792,1,-1.0,17191
15793,1,-1.0,17191
15794,1,-1.0,17191
15795,1,-1.0,17191
15796,1,-1.0,17191
15797,1,-1.0,17191
15798,1,-1.0,17191
15799,1,-1.0,17191
15800,1,-1.0,17191
15801,1,-1.0,17191
15802,1,-1.0,17191
15803,1,-1.0,17191
15804,1,-1.0,17191
15805,1,-1.0,17191
15806,1,-1.0,17191
15807,1,-1.0,17191
15808,1,-1.0,17191
15809,1,-1.0,17191
15810,1,-1.0,17191
15811,1,-1.0,17191
15812,1,-1.0,17191
15813,1,-1.0,17191
15814,1,-1.0,17191
15815,1,-1.0,17191
15816,1,-1.0,17191
15817,1,-1.0,17191
15818,1,-1.0,17191
15819,1,-1.0,17191
15820,1,-1.0,17191
15821,1,-1.0,17191
15822,1,-1.0,17191
15823,1,-1.0,17191
15824,1,-1.0,17191
15825,1,-1.0,17191
15826,1,-1.0,17191
15827,1,-1.0,17191
15828,1,-1.0,17191
15829,1,-1.0,17191
15830,1,-1.0,17191
15831,1,-1.0,17191
15832,1,-1.0,17191
15833,1,-1.0,17191
15834,1,-1.0,17191
15835,1,-1.0,17191
15836,1,-1.0,17191
15837,1,-1.0,17191
15838,1,-1.0,17191
15839,1,-1.0,17191
15840,1,-1.0,17191
15841,1,-1.0,17191
15842,1,-1.0,17191
15843,1,-1.0,17191
15844,1,-1.0,17191
15845,1,-1.0,17191
15846,1,-1.0,17191
15847,1,-1.0,17191
15848,1,-1.0,17191
15849,1,-1.0,17191
15850,1,-1.0,17191
15851,1,-1.0,17191
15852,1,-1.0,17191
15853,1,-1.0,17191
15854,1,-1.0,17191
15855,1,-1.0,17191
15856,1,-1.0,17191
15857,1,-1.0,17191
15858,1,-1.0,17191
15859,1,-1.0,17191
15860,1,-1.0,17191
15861,1,-1.0,17191
15862,1,-1.0,17191
15863,1,-1.0,17191
15864,1,-1.0,17191
15865,1,-1.0,17191
15866,1,-1.0,17191
15867,1,-1.0,17191
15868,1,-1.0,17191
15869,1,-1.0,17191
15870,1,-1.0,17191
15871,1,-1.0,17191
15872,1,-1.0,17191
15873,1,-1.0,17191
15874,1,-1.0,17191
15875,1,-1.0,17191
15876,1,-1.0,17191
15877,1,-1.0,17191
15878,1,-1.0,17191
15879,1,-1.0,17191
15880,1,-1.0,17191
15881,1,-1.0,17191
15882,1,-1.0,17191
15883,1,-1.0,17191
15884,1,-1.0,17191
15885,1,-1.0,17191
15886,1,-1.0,17191
15887,1,-1.0,17191
15888,1,-1.0,17191
15889,1,-1.0,17191
15890,1,-1.0,17191
15891,1,-1.0,17191
15892,1,-1.0,17191
15893,1,-1.0,17191
15894,1,-1.0,17191
15895,1,-1.0,17191
15896,1,-1.0,17191
15897,1,-1.0,17191
15898,1,-1.0,17191
15899,1,-1.0,17191
15900,1,-1.0,17191
15901,1,-1.0,17191
15902,1,-1.0,17191
15903,1,-1.0,17191
15904,1,-1.0,17191
15905,1,-1.0,17191
15906,1,-1.0,17191
15907,1,-1.0,17191
15908,1,-1.0,17191
15909,1,-1.0,17191
15910,1,-1.0,17191
15911,1,-1.0,17191
15912,1,-1.0,17191
15913,1,-1.0,17191
15914,1,-1.0,17191
15915,1,-1.0,17191
15916,1,-1.0,17191
15917,1,-1.0,17191
15918,1,-1.0,17191
15919,1,-1.0,17191
15920,1,-1.0,17191
15921,1,-1.0,17191
15922,1,-1.0,17191
15923,1,-1.0,17191
15924,1,-1.0,17191
15925,1,-1.0,17191
15926,1,-1.0,17191
15927,1,-1.0,17191
15928,1,-1.0,17191
15929,1,-1.0,17191
15930,1,-1.0,17191
15931,1,-1.0,17191
15932,1,-1.0,17191
15933,1,-1.0,17191
15934,1,-1.0,17191
15935,1,-1.0,17191
15936,1,-1.0,17191
15937,1,-1.0,17191
15938,1,-1.0,17191
15939,1,-1.0,17191
15940,1,-1.0,17191
15941,1,-1.0,17191
15942,1,-1.0,17191
15943,1,-1.0,17191
15944,1,-1.0,17191
15945,1,-1.0,17191
15946,1,-1.0,17191
15947,1,-1.0,17191
15948,1,-1.0,17191
15949,1,-1.0,17191
15950,1,-1.0,17191
15951,1,-1.0,17191
15952,1,-1.0,17191
15953,1,-1.0,17191
15954,1,-1.0,17191
15955,1,-1.0,17191
15956,1,-1.0,17191
15957,1,-1.0,17191
15958,1,-1.0,17191
15959,1,-1.0,17191
15960,1,-1.0,17191
15961,1,-1.0,17191
15962,1,-1.0,17191
15963,1,-1.0,17191
15964,1,-1.0,17191
15965,1,-1.0,17191
15966,1,-1.0,17191
15967,1,-1.0,17191
15968,1,-1.0,17191
15969,1,-1.0,17191
15970,1,-1.0,17191
15971,1,-1.0,17191
15972,1,-1.0,17191
15973,1,-1.0,17191
15974,1,-1.0,17191
15975,1,-1.0,17191
15976,1,-1.0,17191
15977,1,-1.0,17191
15978,1,-1.0,17191
15979,1,-1.0,17191
15980,1,-1.0,17191
15981,1,-1.0,17191
15982,1,-1.0,17191
15983,1,-1.0,17191
15984,1,-1.0,17191
15985,1,-1.0,17191
15986,1,-1.0,17191
15987,1,-1.0,17191
15988,1,-1.0,17191
15989,1,-1.0,17191
15990,1,-1.0,17191
15991,1,-1.0,17191
15992,1,-1.0,17191
15993,1,-1.0,17191
15994,1,-1.0,17191
15995,1,-1.0,17191
15996,1,-1.0,17191
15997,1,-1.0,17191
15998,1,-1.0,17191
15999,1,-1.0,17191
16000,1,-1.0,17191
16001,1,-1.0,17191
16002,1,-1.0,17191
16003,1,-1.0,17191
16004,1,-1.0,17191
16005,1,-1.0,17191
16006,1,-1.0,17191
16007,1,-1.0,17191
16008,1,-1.0,17191
16009,1,-1.0,17191
16010,1,-1.0,17191
16011,1,-1.0,17191
16012,1,-1.0,17191
16013,1,-1.0,17191
16014,1,-1.0,17191
16015,1,-1.0,17191
16016,1,-1.0,17191
16017,1,-1.0,17191
16018,1,-1.0,17191
16019,1,-1.0,17191
16020,1,-1.0,17191
16021,1,-1.0,17191
16022,1,-1.0,17191
16023,1,-1.0,17191
16024,1,-1.0,17191
16025,1,-1.0,17191
16026,1,-1.0,17191
16027,1,-1.0,17191
16028,1,-1.0,17191
16029,1,-1.0,17191
16030,1,-1.0,17191
16031,1,-1.0,17191
16032,1,-1.0,17191
16033,1,-1.0,17191
16034,1,-1.0,17191
16035,1,-1.0,17191
16036,1,-1.0,17191
16037,1,-1.0,17191
16038,1,-1.0,17191
16039,1,-1.0,17191
16040,1,-1.0,17191
16041,1,-1.0,17191
16042,1,-1.0,17191
16043,1,-1.0,17191
16044,1,-1.0,17191
16045,1,-1.0,17191
16046,1,-1.0,17191
16047,1,-1.0,17191
16048,1,-1.0,17191
16049,1,-1.0,17191
16050,1,-1.0,17191
16051,1,-1.0,17191
16052,1,-1.0,17191
16053,1,-1.0,17191
16054,1,-1.0,17191
16055,1,-1.0,17191
16056,1,-1.0,17191
16057,1,-1.0,17191
16058,1,-1.0,17191
16059,1,-1.0,17191
16060,1,-1.0,17191
16061,1,-1.0,17191
16062,1,-1.0,17191
16063,1,-1.0,17191
16064,1,-1.0,17191
16065,1,-1.0,17191
16066,1,-1.0,17191
16067,1,-1.0,17191
16068,1,-1.0,17191
16069,1,-1.0,17191
16070,1,-1.0,17191
16071,1,-1.0,17191
16072,1,-1.0,17191
16073,1,-1.0,17191
16074,1,-1.0,17191
16075,1,-1.0,17191
16076,1,-1.0,17191
16077,1,-1.0,17191
16078,1,-1.0,17191
16079,1,-1.0,17191
16080,1,-1.0,17191
16081,1,-1.0,17191
16082,1,-1.0,17191
16083,1,-1.0,17191
16084,1,-1.0,17191
16085,1,-1.0,17191
16086,1,-1.0,17191
16087,1,-1.0,17191
16088,1,-1.0,17191
16089,1,-1.0,17191
16090,1,-1.0,17191
16091,1,-1.0,17191
16092,1,-1.0,17191
16093,1,-1.0,17191
16094,1,-1.0,17191
16095,1,-1.0,17191
16096,1,-1.0,17191
16097,1,-1.0,17191
16098,1,-1.0,17191
16099,1,-1.0,17191
16100,1,-1.0,17191
16101,1,-1.0,17191
16102,1,-1.0,17191
16103,1,-1.0,17191
16104,1,-1.0,17191
16105,1,-1.0,17191
16106,1,-1.0,17191
16107,1,-1.0,17191
16108,1,-1.0,17191
16109,1,-1.0,17191
16110,1,-1.0,17191
16111,1,-1.0,17191
16112,1,-1.0,17191
16113,1,-1.0,17191
16114,1,-1.0,17191
16115,1,-1.0,17191
16116,1,-1.0,17191
16117,1,-1.0,17191
16118,1,-1.0,17191
16119,1,-1.0,17191
16120,1,-1.0,17191
16121,1,-1.0,17191
16122,1,-1.0,17191
16123,1,-1.0,17191
16124,1,-1.0,17191
16125,1,-1.0,17191
16126,1,-1.0,17191
16127,1,-1.0,17191
16128,1,-1.0,17191
16129,1,-1.0,17191
16130,1,-1.0,17191
16131,1,-1.0,17191
16132,1,-1.0,17191
16133,1,-1.0,17191
16134,1,-1.0,17191
16135,1,-1.0,17191
16136,1,-1.0,17191
16137,1,-1.0,17191
16138,1,-1.0,17191
16139,1,-1.0,17191
16140,1,-1.0,17191
16141,1,-1.0,17191
16142,1,-1.0,17191
16143,1,-1.0,17191
16144,1,-1.0,17191
16145,1,-1.0,17191
16146,1,-1.0,17191
16147,1,-1.0,17191
16148,1,-1.0,17191
16149,1,-1.0,17191
16150,1,-1.0,17191
16151,1,-1.0,17191
16152,1,-1.0,17191
16153,1,-1.0,17191
16154,1,-1.0,17191
16155,1,-1.0,17191
16156,1,-1.0,17191
16157,1,-1.0,17191
16158,1,-1.0,17191
16159,1,-1.0,17191
16160,1,-1.0,17191
16161,1,-1.0,17191
16162,1,-1.0,17191
16163,1,-1.0,17191
16164,1,-1.0,17191
16165,1,-1.0,17191
16166,1,-1.0,17191
16167,1,-1.0,17191
16168,1,-1.0,17191
16169,1,-1.0,17191
16170,1,-1.0,17191
16171,1,-1.0,17191
16172,1,-1.0,17191
16173,1,-1.0,17191
16174,1,-1.0,17191
16175,1,-1.0,17191
16176,1,-1.0,17191
16177,1,-1.0,17191
16178,1,-1.0,17191
16179,1,-1.0,17191
16180,1,-1.0,17191
16181,1,-1.0,17191
16182,1,-1.0,17191
16183,1,-1.0,17191
16184,1,-1.0,17191
16185,1,-1.0,17191
16186,1,-1.0,17191
16187,1,-1.0,17191
16188,1,-1.0,17191
16189,1,-1.0,17191
16190,1,-1.0,17191
16191,1,-1.0,17191
16192,1,-1.0,17191
16193,1,-1.0,17191
16194,1,-1.0,17191
16195,1,-1.0,17191
16196,1,-1.0,17191
16197,1,-1.0,17191
16198,1,-1.0,17191
16199,1,-1.0,17191
16200,1,-1.0,17191
16201,1,-1.0,17191
16202,1,-1.0,17191
16203,1,-1.0,17191
16204,1,-1.0,17191
16205,1,-1.0,17191
16206,1,-1.0,17191
16207,1,-1.0,17191
16208,1,-1.0,17191
16209,1,-1.0,17191
16210,1,-1.0,17191
16211,1,-1.0,17191
16212,1,-1.0,17191
16213,1,-1.0,17191
16214,1,-1.0,17191
16215,1,-1.0,17191
16216,1,-1.0,17191
16217,1,-1.0,17191
16218,1,-1.0,17191
16219,1,-1.0,17191
16220,1,-1.0,17191
16221,1,-1.0,17191
16222,1,-1.0,17191
16223,1,-1.0,17191
16224,1,-1.0,17191
16225,1,-1.0,17191
16226,1,-1.0,17191
16227,1,-1.0,17191
16228,1,-1.0,17191
16229,1,-1.0,17191
16230,1,-1.0,17191
16231,1,-1.0,17191
16232,1,-1.0,17191
16233,1,-1.0,17191
16234,1,-1.0,17191
16235,1,-1.0,17191
16236,1,-1.0,17191
16237,1,-1.0,17191
16238,1,-1.0,17191
16239,1,-1.0,17191
16240,1,-1.0,17191
16241,1,-1.0,17191
16242,1,-1.0,17191
16243,1,-1.0,17191
16244,1,-1.0,17191
16245,1,-1.0,17191
16246,1,-1.0,17191
16247,1,-1.0,17191
16248,1,-1.0,17191
16249,1,-1.0,17191
16250,1,-1.0,17191
16251,1,-1.0,17191
16252,1,-1.0,17191
16253,1,-1.0,17191
16254,1,-1.0,17191
16255,1,-1.0,17191
16256,1,-1.0,17191
16257,1,-1.0,17191
16258,1,-1.0,17191
16259,1,-1.0,17191
16260,1,-1.0,17191
16261,1,-1.0,17191
16262,1,-1.0,17191
16263,1,-1.0,17191
16264,1,-1.0,17191
16265,1,-1.0,17191
16266,1,-1.0,17191
16267,1,-1.0,17191
16268,1,-1.0,17191
16269,1,-1.0,17191
16270,1,-1.0,17191
16271,1,-1.0,17191
16272,1,-1.0,17191
16273,1,-1.0,17191
16274,1,-1.0,17191
16275,1,-1.0,17191
16276,1,-1.0,17191
16277,1,-1.0,17191
16278,1,-1.0,17191
16279,1,-1.0,17191
16280,1,-1.0,17191
16281,1,-1.0,17191
16282,1,-1.0,17191
16283,1,-1.0,17191
16284,1,-1.0,17191
16285,1,-1.0,17191
16286,1,-1.0,17191
16287,1,-1.0,17191
16288,1,-1.0,17191
16289,1,-1.0,17191
16290,1,-1.0,17191
16291,1,-1.0,17191
16292,1,-1.0,17191
16293,1,-1.0,17191
16294,1,-1.0,17191
16295,1,-1.0,17191
16296,1,-1.0,17191
16297,1,-1.0,17191
16298,1,-1.0,17191
16299,1,-1.0,17191
16300,1,-1.0,17191
16301,1,-1.0,17191
16302,1,-1.0,17191
16303,1,-1.0,17191
16304,1,-1.0,17191
16305,1,-1.0,17191
16306,1,-1.0,17191
16307,1,-1.0,17191
16308,1,-1.0,17191
16309,1,-1.0,17191
16310,1,-1.0,17191
16311,1,-1.0,17191
16312,1,-1.0,17191
16313,1,-1.0,17191
16314,1,-1.0,17191
16315,1,-1.0,17191
16316,1,-1.0,17191
16317,1,-1.0,17191
16318,1,-1.0,17191
16319,1,-1.0,17191
16320,1,-1.0,17191
16321,1,-1.0,17191
16322,1,-1.0,17191
16323,1,-1.0,17191
16324,1,-1.0,17191
16325,1,-1.0,17191
16326,1,-1.0,17191
16327,1,-1.0,17191
16328,1,-1.0,17191
16329,1,-1.0,17191
16330,1,-1.0,17191
16331,1,-1.0,17191
16332,1,-1.0,17191
16333,1,-1.0,17191
16334,1,-1.0,17191
16335,1,-1.0,17191
16336,1,-1.0,17191
16337,1,-1.0,17191
16338,1,-1.0,17191
16339,1,-1.0,17191
16340,1,-1.0,17191
16341,1,-1.0,17191
16342,1,-1.0,17191
16343,1,-1.0,17191
16344,1,-1.0,17191
16345,1,-1.0,17191
16346,1,-1.0,17191
16347,1,-1.0,17191
16348,1,-1.0,17191
16349,1,-1.0,17191
16350,1,-1.0,17191
16351,1,-1.0,17191
16352,1,-1.0,17191
16353,1,-1.0,17191
16354,1,-1.0,17191
16355,1,-1.0,17191
16356,1,-1.0,17191
16357,1,-1.0,17191
16358,1,-1.0,17191
16359,1,-1.0,17191
16360,1,-1.0,17191
16361,1,-1.0,17191
16362,1,-1.0,17191
16363,1,-1.0,17191
16364,1,-1.0,17191
16365,1,-1.0,17191
16366,1,-1.0,17191
16367,1,-1.0,17191
16368,1,-1.0,17191
16369,1,-1.0,17191
16370,1,-1.0,17191
16371,1,-1.0,17191
16372,1,-1.0,17191
16373,1,-1.0,17191
16374,1,-1.0,17191
16375,1,-1.0,17191
16376,1,-1.0,17191
16377,1,-1.0,17191
16378,1,-1.0,17191
16379,1,-1.0,17191
16380,1,-1.0,17191
16381,1,-1.0,17191
16382,1,-1.0,17191
16383,1,-1.0,17191
16384,1,-1.0,17191
16385,1,-1.0,17191
16386,1,-1.0,17191
16387,1,-1.0,17191
16388,1,-1.0,17191
16389,1,-1.0,17191
16390,1,-1.0,17191
16391,1,-1.0,17191
16392,1,-1.0,17191
16393,1,-1.0,17191
16394,1,-1.0,17191
16395,1,-1.0,17191
16396,1,-1.0,17191
16397,1,-1.0,17191
16398,1,-1.0,17191
16399,1,-1.0,17191
17223,0,-1.0,2951
16402,1,-1.0,17191
16403,1,-1.0,17191
16404,1,-1.0,17191
16405,1,-1.0,17191
16406,1,-1.0,17191
16407,1,-1.0,17191
16408,1,-1.0,17191
16409,1,-1.0,17191
16410,1,-1.0,17191
16411,1,-1.0,17191
16412,1,-1.0,17191
16413,1,-1.0,17191
16414,1,-1.0,17191
16415,1,-1.0,17191
16416,1,-1.0,17191
16417,1,-1.0,17191
16418,1,-1.0,17191
16419,1,-1.0,17191
16420,1,-1.0,17191
16421,1,-1.0,17191
16422,1,-1.0,17191
16423,1,-1.0,17191
15646,1,-1.0,15649
15646,0,1.0,2931
18303,0,-1.0,2951
18304,1,-1.0,18211
18304,1,-1.0,18213
18304,1,-1.0,18215
18304,1,-1.0,18217
18304,1,-1.0,18219
18304,1,-1.0,18221
18304,1,-1.0,18223
18304,1,-1.0,18225
18304,1,-1.0,18227
18304,1,-1.0,18229
18304,1,-1.0,18231
18304,1,-1.0,18233
18304,1,-1.0,18235
18304,1,-1.0,18237
18304,1,-1.0,18239
18304,1,-1.0,18241
18304,1,-1.0,18243
18304,1,-1.0,18245
18304,1,-1.0,18247
18304,1,-1.0,18249
18304,1,-1.0,18251
18304,1,-1.0,18253
18304,1,-1.0,18255
18304,1,-1.0,18257
18304,1,-1.0,18259
18304,1,-1.0,18261
18304,1,-1.0,18263
18304,1,-1.0,18265
18304,1,-1.0,18267
18304,1,-1.0,18269
18304,1,-1.0,18271
18304,1,-1.0,18273
18304,1,-1.0,18275
18304,1,-1.0,18277
18304,1,-1.0,18279
18304,1,-1.0,18281
18304,1,-1.0,18283
18304,1,-1.0,18285
18304,1,-1.0,18287
18304,1,-1.0,18289
18304,1,-1.0,18291
18304,1,-1.0,18293
18304,1,-1.0,18295
18304,1,-1.0,18297
18304,1,-1.0,18299
18304,1,-1.0,18301
18304,0,-1.0,2957
17252,0,1.0,23
17252,0,0.0,2384
17253,0,-1.0,2949
17254,1,1.0,17240
17255,1,1.0,17240
17256,1,1.0,17240
17257,1,1.0,17240
17258,1,1.0,17240
17259,1,1.0,17240
17260,1,1.0,17240
17261,1,1.0,17240
17262,1,1.0,17240
17263,1,1.0,17240
17264,1,1.0,17240
17265,1,1.0,17240
17266,1,1.0,17240
17267,1,1.0,17240
17268,1,1.0,17240
17269,1,1.0,17240
17270,1,1.0,17240
17271,1,1.0,17240
17272,1,1.0,17240
17273,1,1.0,17240
17274,1,1.0,17240
17275,1,1.0,17240
17276,1,1.0,17240
17277,1,1.0,17240
17278,1,1.0,17240
17279,1,1.0,17240
17280,1,1.0,17240
17281,1,1.0,17240
17282,1,1.0,17240
17283,1,1.0,17240
17284,1,1.0,17240
17285,1,1.0,17240
17286,1,1.0,17240
17287,1,1.0,17240
17288,1,1.0,17240
17289,1,1.0,17240
17290,1,1.0,17240
17291,1,1.0,17240
17292,1,1.0,17240
17293,1,1.0,17240
17294,1,1.0,17240
17295,1,1.0,17240
17296,1,1.0,17240
17297,1,1.0,17240
17298,1,1.0,17240
17299,1,1.0,17240
17300,1,1.0,17240
17301,1,1.0,17240
17302,1,1.0,17240
17303,1,1.0,17240
17304,1,1.0,17240
17305,1,1.0,17240
17306,1,1.0,17240
17307,1,1.0,17240
17308,1,1.0,17240
17309,1,1.0,17240
17310,1,1.0,17240
17311,1,1.0,17240
17312,1,1.0,17240
17313,1,1.0,17240
17314,1,1.0,17240
17315,1,1.0,17240
17316,1,1.0,17240
17317,1,1.0,17240
17318,1,1.0,17240
17319,1,1.0,17240
17320,1,1.0,17240
17321,1,1.0,17240
17322,1,1.0,17240
17323,1,1.0,17240
17324,1,1.0,17240
17325,1,1.0,17240
17326,1,1.0,17240
17327,1,1.0,17240
17328,1,1.0,17240
17329,1,1.0,17240
17330,1,1.0,17240
17331,1,1.0,17240
17332,1,1.0,17240
17333,1,1.0,17240
17334,1,1.0,17240
17335,1,1.0,17240
17336,1,1.0,17240
17337,1,1.0,17240
17338,1,1.0,17240
17339,1,1.0,17240
17340,1,1.0,17240
17341,1,1.0,17240
17342,1,1.0,17240
17343,1,1.0,17240
17344,1,1.0,17240
17345,1,1.0,17240
17346,1,1.0,17240
17347,1,1.0,17240
17348,1,1.0,17240
17349,1,1.0,17240
17350,1,1.0,17240
17351,1,1.0,17240
17352,1,1.0,17240
17353,1,1.0,17240
17354,1,1.0,17240
17355,1,1.0,17240
17356,1,1.0,17240
17357,1,1.0,17240
17358,1,1.0,17240
17359,1,1.0,17240
17360,1,1.0,17240
17361,1,1.0,17240
17362,1,1.0,17240
17363,1,1.0,17240
17364,1,1.0,17240
17365,1,1.0,17240
17366,1,1.0,17240
17367,1,1.0,17240
17368,1,1.0,17240
17369,1,1.0,17240
17370,1,1.0,17240
17371,1,1.0,17240
17372,1,1.0,17240
17373,1,1.0,17240
17374,1,1.0,17240
17375,1,1.0,17240
17376,1,1.0,17240
17377,1,1.0,17240
17378,1,1.0,17240
17379,1,1.0,17240
17380,1,1.0,17240
17381,1,1.0,17240
17382,1,1.0,17240
17383,1,1.0,17240
17384,1,1.0,17240
17385,1,1.0,17240
17386,1,1.0,17240
17387,1,1.0,17240
17388,1,1.0,17240
17389,1,1.0,17240
17390,1,1.0,17240
17391,1,1.0,17240
17392,1,1.0,17240
17393,1,1.0,17240
17394,1,1.0,17240
17395,1,1.0,17240
17396,1,1.0,17240
17397,1,1.0,17240
17398,1,1.0,17240
17399,1,1.0,17240
17400,1,1.0,17240
17401,1,1.0,17240
17402,1,1.0,17240
17403,1,1.0,17240
17404,1,1.0,17240
17405,1,1.0,17240
17406,1,1.0,17240
17407,1,1.0,17240
17408,1,1.0,17240
17409,1,1.0,17240
17410,1,1.0,17240
17411,1,1.0,17240
17412,1,1.0,17240
17413,1,1.0,17240
17414,1,1.0,17240
17415,1,1.0,17240
17416,1,1.0,17240
17417,1,1.0,17240
17418,1,1.0,17240
17419,1,1.0,17240
17420,1,1.0,17240
17421,1,1.0,17240
17422,1,1.0,17240
17423,1,1.0,17240
17424,1,1.0,17240
17425,1,1.0,17240
17426,1,1.0,17240
17427,1,1.0,17240
17428,1,1.0,17240
17429,1,1.0,17240
17430,1,1.0,17240
17431,1,1.0,17240
17432,1,1.0,17240
17433,1,1.0,17240
17434,1,1.0,17240
17435,1,1.0,17240
17436,1,1.0,17240
17437,1,1.0,17240
17438,1,1.0,17240
17439,1,1.0,17240
17440,1,1.0,17240
17441,1,1.0,17240
17442,1,1.0,17240
17443,1,1.0,17240
17444,1,1.0,17240
17445,1,1.0,17240
17446,1,1.0,17240
17447,1,1.0,17240
17448,1,1.0,17240
17449,1,1.0,17240
17450,1,1.0,17240
17451,1,1.0,17240
17452,1,1.0,17240
17453,1,1.0,17240
17454,1,1.0,17240
17455,1,1.0,17240
17456,1,1.0,17240
17457,1,1.0,17240
17458,1,1.0,17240
17459,1,1.0,17240
17460,1,1.0,17240
17461,1,1.0,17240
17462,1,1.0,17240
17463,1,1.0,17240
17464,1,1.0,17240
17465,1,1.0,17240
17466,1,1.0,17240
17467,1,1.0,17240
17468,1,1.0,17240
17469,1,1.0,17240
17470,1,1.0,17240
17471,1,1.0,17240
17472,1,1.0,17240
17473,1,1.0,17240
17474,1,1.0,17240
17475,1,1.0,17240
17476,1,1.0,17240
17477,1,1.0,17240
17478,1,1.0,17240
17479,1,1.0,17240
17480,1,1.0,17240
17481,1,1.0,17240
17482,1,1.0,17240
17483,1,1.0,17240
17484,1,1.0,17240
17485,1,1.0,17240
17486,1,1.0,17240
17487,1,1.0,17240
17488,1,1.0,17240
17489,1,1.0,17240
17490,1,1.0,17240
17491,1,1.0,17240
17492,1,1.0,17240
17493,1,1.0,17240
17494,1,1.0,17240
17495,1,1.0,17240
17496,1,1.0,17240
17497,1,1.0,17240
17498,1,1.0,17240
17499,1,1.0,17240
17500,1,1.0,17240
17501,1,1.0,17240
17502,1,1.0,17240
17503,1,1.0,17240
17504,1,1.0,17240
17505,1,1.0,17240
17506,1,1.0,17240
17507,1,1.0,17240
17508,1,1.0,17240
17509,1,1.0,17240
17510,1,1.0,17240
17511,1,1.0,17240
17512,1,1.0,17240
17513,1,1.0,17240
17514,1,1.0,17240
17515,1,1.0,17240
17516,1,1.0,17240
17517,1,1.0,17240
17518,1,1.0,17240
17519,1,1.0,17240
17520,1,1.0,17240
17521,1,1.0,17240
17522,1,1.0,17240
17523,1,1.0,17240
17524,1,1.0,17240
17525,1,1.0,17240
17526,1,1.0,17240
17527,1,1.0,17240
17528,1,1.0,17240
17529,1,1.0,17240
17530,1,1.0,17240
17531,1,1.0,17240
17532,1,1.0,17240
17533,1,1.0,17240
17534,1,1.0,17240
17535,1,1.0,17240
17536,1,1.0,17240
17537,1,1.0,17240
17538,1,1.0,17240
17539,1,1.0,17240
17540,1,1.0,17240
17541,1,1.0,17240
17542,1,1.0,17240
17543,1,1.0,17240
17544,1,1.0,17240
17545,1,1.0,17240
17546,1,1.0,17240
17547,1,1.0,17240
17548,1,1.0,17240
17549,1,1.0,17240
17550,1,1.0,17240
17551,1,1.0,17240
17552,1,1.0,17240
17553,1,1.0,17240
17554,1,1.0,17240
17555,1,1.0,17240
17556,1,1.0,17240
17557,1,1.0,17240
17558,1,1.0,17240
17559,1,1.0,17240
17560,1,1.0,17240
17561,1,1.0,17240
17562,1,1.0,17240
17563,1,1.0,17240
17564,1,1.0,17240
17565,1,1.0,17240
17566,1,1.0,17240
17567,1,1.0,17240
17568,1,1.0,17240
17569,1,1.0,17240
17570,1,1.0,17240
17571,1,1.0,17240
17572,1,1.0,17240
17573,1,1.0,17240
17574,1,1.0,17240
17575,1,1.0,17240
17576,1,1.0,17240
17577,1,1.0,17240
17578,1,1.0,17240
17579,1,1.0,17240
17580,1,1.0,17240
17581,1,1.0,17240
17582,1,1.0,17240
17583,1,1.0,17240
17584,1,1.0,17240
17585,1,1.0,17240
17586,1,1.0,17240
17587,1,1.0,17240
17588,1,1.0,17240
17589,1,1.0,17240
17590,1,1.0,17240
17591,1,1.0,17240
17592,1,1.0,17240
17593,1,1.0,17240
17594,1,1.0,17240
17595,1,1.0,17240
17596,1,1.0,17240
17597,1,1.0,17240
17598,1,1.0,17240
17599,1,1.0,17240
17600,1,1.0,17240
17601,1,1.0,17240
17602,1,1.0,17240
17603,1,1.0,17240
17604,1,1.0,17240
17605,1,1.0,17240
17606,1,1.0,17240
17607,1,1.0,17240
17608,1,1.0,17240
17609,1,1.0,17240
17610,1,1.0,17240
17611,1,1.0,17240
17612,1,1.0,17240
17613,1,1.0,17240
17614,1,1.0,17240
17615,1,1.0,17240
17616,1,1.0,17240
17617,1,1.0,17240
17618,1,1.0,17240
17619,1,1.0,17240
17620,1,1.0,17240
17621,1,1.0,17240
17622,1,1.0,17240
17623,1,1.0,17240
17624,1,1.0,17240
17625,1,1.0,17240
17626,1,1.0,17240
17627,1,1.0,17240
17628,1,1.0,17240
17629,1,1.0,17240
17630,1,1.0,17240
17631,1,1.0,17240
17632,1,1.0,17240
17633,1,1.0,17240
17634,1,1.0,17240
17635,1,1.0,17240
17636,1,1.0,17240
17637,1,1.0,17240
17638,1,1.0,17240
17639,1,1.0,17240
17640,1,1.0,17240
17641,1,1.0,17240
17642,1,1.0,17240
17643,1,1.0,17240
17644,1,1.0,17240
17645,1,1.0,17240
17646,1,1.0,17240
17647,1,1.0,17240
17648,1,1.0,17240
17649,1,1.0,17240
17650,1,1.0,17240
17651,1,1.0,17240
17652,1,1.0,17240
17653,1,1.0,17240
17654,1,1.0,17240
17655,1,1.0,17240
17656,1,1.0,17240
17657,1,1.0,17240
17658,1,1.0,17240
17659,1,1.0,17240
17660,1,1.0,17240
17661,1,1.0,17240
17662,1,1.0,17240
17663,1,1.0,17240
17664,1,1.0,17240
17665,1,1.0,17240
17666,1,1.0,17240
17667,1,1.0,17240
17668,1,1.0,17240
17669,1,1.0,17240
17670,1,1.0,17240
17671,1,1.0,17240
17672,1,1.0,17240
17673,1,1.0,17240
17674,1,1.0,17240
17675,1,1.0,17240
17676,1,1.0,17240
17677,1,1.0,17240
17678,1,1.0,17240
17679,1,1.0,17240
17680,1,1.0,17240
17681,1,1.0,17240
17682,1,1.0,17240
17683,1,1.0,17240
17684,1,1.0,17240
17685,1,1.0,17240
17686,1,1.0,17240
17687,1,1.0,17240
17688,1,1.0,17240
17689,1,1.0,17240
17690,1,1.0,17240
17691,1,1.0,17240
17692,1,1.0,17240
17693,1,1.0,17240
17694,1,1.0,17240
17695,1,1.0,17240
17696,1,1.0,17240
17697,1,1.0,17240
17698,1,1.0,17240
17699,1,1.0,17240
17700,1,1.0,17240
17701,1,1.0,17240
18360,0,-1.0,322
17702,1,1.0,17241
18407,0,1.0,257
18407,0,0.0,2501
18361,0,-1.0,322
17703,1,1.0,17241
18362,0,-1.0,322
17704,1,1.0,17241
18363,0,-1.0,322
17705,1,1.0,17241
18364,0,-1.0,322
17706,1,1.0,17241
18365,0,-1.0,322
17707,1,1.0,17241
18366,0,-1.0,322
17708,1,1.0,17241
18367,0,-1.0,322
17709,1,1.0,17241
18368,0,-1.0,322
17710,1,1.0,17241
18369,0,-1.0,322
17711,1,1.0,17241
18370,0,-1.0,322
17712,1,1.0,17241
18371,0,-1.0,322
17713,1,1.0,17241
18372,0,-1.0,322
17714,1,1.0,17241
18373,0,-1.0,322
17715,1,1.0,17241
18374,0,-1.0,322
17716,1,1.0,17241
18375,0,-1.0,322
17717,1,1.0,17241
18376,0,-1.0,322
17718,1,1.0,17241
18377,0,-1.0,322
17719,1,1.0,17241
18378,0,-1.0,322
17720,1,1.0,17241
18379,0,-1.0,322
17721,1,1.0,17241
18380,0,-1.0,322
17722,1,1.0,17241
18381,0,-1.0,322
17723,1,1.0,17241
18382,0,-1.0,322
17724,1,1.0,17241
18383,0,-1.0,322
17725,1,1.0,17241
18438,0,1.0,257
18438,0,0.0,2501
18384,0,-1.0,322
17726,1,1.0,17241
18385,0,-1.0,322
17727,1,1.0,17241
18386,0,-1.0,322
17728,1,1.0,17241
18387,0,-1.0,322
17729,1,1.0,17241
18388,0,-1.0,322
17730,1,1.0,17241
18389,0,-1.0,322
17731,1,1.0,17241
18390,0,-1.0,322
17732,1,1.0,17241
18391,0,-1.0,322
17733,1,1.0,17241
18392,0,-1.0,322
17734,1,1.0,17241
18393,0,-1.0,322
17735,1,1.0,17241
18394,0,-1.0,322
17736,1,1.0,17241
18395,0,-1.0,322
17737,1,1.0,17241
18396,0,-1.0,322
17738,1,1.0,17241
18397,0,-1.0,322
17739,1,1.0,17241
18398,0,-1.0,322
17740,1,1.0,17241
18399,0,-1.0,322
17741,1,1.0,17241
18400,0,-1.0,322
17742,1,1.0,17241
18401,0,-1.0,322
17743,1,1.0,17241
18402,0,-1.0,322
17744,1,1.0,17241
18403,0,-1.0,322
17745,1,1.0,17241
18404,0,-1.0,322
17746,1,1.0,17241
18405,0,-1.0,322
17747,1,1.0,17241
17232,1,-1.0,17235
17232,0,1.0,2931
19644,0,-1.0,176
19589,0,-1.0,2951
19590,1,-1.0,19485
19590,1,-1.0,19487
19590,1,-1.0,19489
19590,1,-1.0,19491
19590,1,-1.0,19493
19590,1,-1.0,19495
19590,1,-1.0,19497
19590,1,-1.0,19499
19590,1,-1.0,19501
19590,1,-1.0,19503
19590,1,-1.0,19505
19590,1,-1.0,19507
19590,1,-1.0,19509
19590,1,-1.0,19511
19590,1,-1.0,19513
19590,1,-1.0,19515
19590,1,-1.0,19517
19590,1,-1.0,19519
19590,1,-1.0,19521
19590,1,-1.0,19523
19590,1,-1.0,19525
19590,1,-1.0,19527
19590,1,-1.0,19529
19590,1,-1.0,19531
19590,1,-1.0,19533
19590,1,-1.0,19535
19590,1,-1.0,19537
19590,1,-1.0,19539
19590,1,-1.0,19541
19590,1,-1.0,19543
19590,1,-1.0,19545
19590,1,-1.0,19547
19590,1,-1.0,19549
19590,1,-1.0,19551
19590,1,-1.0,19553
19590,1,-1.0,19555
19590,1,-1.0,19557
19590,1,-1.0,19559
19590,1,-1.0,19561
19590,1,-1.0,19563
19590,1,-1.0,19565
19590,1,-1.0,19567
19590,1,-1.0,19569
19590,1,-1.0,19571
19590,1,-1.0,19573
19590,1,-1.0,19575
19590,1,-1.0,19577
19590,1,-1.0,19579
19590,1,-1.0,19581
19590,1,-1.0,19583
19590,1,-1.0,19585
19590,1,-1.0,19587
19590,0,-1.0,2957
18495,0,1.0,23
18495,0,0.0,2384
18496,1,1.0,18484
18497,1,1.0,18484
18498,1,1.0,18484
18499,1,1.0,18484
18500,1,1.0,18484
18501,1,1.0,18484
18502,1,1.0,18484
18503,1,1.0,18484
18504,1,1.0,18484
18505,1,1.0,18484
18506,1,1.0,18484
18507,1,1.0,18484
18508,1,1.0,18484
18509,1,1.0,18484
18510,1,1.0,18484
18511,1,1.0,18484
18512,1,1.0,18484
18513,1,1.0,18484
18514,1,1.0,18484
18515,1,1.0,18484
18516,1,1.0,18484
18517,1,1.0,18484
18518,1,1.0,18484
18519,1,1.0,18484
18520,1,1.0,18484
18521,1,1.0,18484
18522,1,1.0,18484
18523,1,1.0,18484
18524,1,1.0,18484
18525,1,1.0,18484
18526,1,1.0,18484
18527,1,1.0,18484
18528,1,1.0,18484
18529,1,1.0,18484
18530,1,1.0,18484
18531,1,1.0,18484
18532,1,1.0,18484
18533,1,1.0,18484
18534,1,1.0,18484
18535,1,1.0,18484
18536,1,1.0,18484
18537,1,1.0,18484
18538,1,1.0,18484
18539,1,1.0,18484
18540,1,1.0,18484
18541,1,1.0,18484
18542,1,1.0,18484
18543,1,1.0,18484
18544,1,1.0,18484
18545,1,1.0,18484
18546,1,1.0,18484
18547,1,1.0,18484
18548,1,1.0,18484
18549,1,1.0,18484
18550,1,1.0,18484
18551,1,1.0,18484
18552,1,1.0,18484
18553,1,1.0,18484
18554,1,1.0,18484
18555,1,1.0,18484
18556,1,1.0,18484
18557,1,1.0,18484
18558,1,1.0,18484
18559,1,1.0,18484
18560,1,1.0,18484
18561,1,1.0,18484
18562,1,1.0,18484
18563,1,1.0,18484
18564,1,1.0,18484
18565,1,1.0,18484
18566,1,1.0,18484
18567,1,1.0,18484
18568,1,1.0,18484
18569,1,1.0,18484
18570,1,1.0,18484
18571,1,1.0,18484
18572,1,1.0,18484
18574,1,1.0,18484
18575,1,1.0,18484
18576,1,1.0,18484
18577,1,1.0,18484
18578,1,1.0,18484
18579,1,1.0,18484
18580,1,1.0,18484
18581,1,1.0,18484
18582,1,1.0,18484
18583,1,1.0,18484
18584,1,1.0,18484
18585,1,1.0,18484
18586,1,1.0,18484
18587,1,1.0,18484
18588,1,1.0,18484
18589,1,1.0,18484
18590,1,1.0,18484
18591,1,1.0,18484
18592,1,1.0,18484
18593,1,1.0,18484
18594,1,1.0,18484
18595,1,1.0,18484
18596,1,1.0,18484
18597,1,1.0,18484
18598,1,1.0,18484
18599,1,1.0,18484
18600,1,1.0,18484
18601,1,1.0,18484
18602,1,1.0,18484
18603,1,1.0,18484
18604,1,1.0,18484
18605,1,1.0,18484
18606,1,1.0,18484
18607,1,1.0,18484
18608,1,1.0,18484
18609,1,1.0,18484
18610,1,1.0,18484
18611,1,1.0,18484
18612,1,1.0,18484
18613,1,1.0,18484
18614,1,1.0,18484
18615,1,1.0,18484
18616,1,1.0,18484
18617,1,1.0,18484
18618,1,1.0,18484
18619,1,1.0,18484
18620,1,1.0,18484
18621,1,1.0,18484
18623,1,1.0,18484
18624,1,1.0,18484
18625,1,1.0,18484
18626,1,1.0,18484
18627,1,1.0,18484
18628,1,1.0,18484
18629,1,1.0,18484
18630,1,1.0,18484
18631,1,1.0,18484
18632,1,1.0,18484
18633,1,1.0,18484
18634,1,1.0,18484
18635,1,1.0,18484
18636,1,1.0,18484
18637,1,1.0,18484
18638,1,1.0,18484
18639,1,1.0,18484
18640,1,1.0,18484
18641,1,1.0,18484
18642,1,1.0,18484
18643,1,1.0,18484
18644,1,1.0,18484
18645,1,1.0,18484
18646,1,1.0,18484
18647,1,1.0,18484
18648,1,1.0,18484
18649,1,1.0,18484
18650,1,1.0,18484
18651,1,1.0,18484
18652,1,1.0,18484
18653,1,1.0,18484
18654,1,1.0,18484
18655,1,1.0,18484
18656,1,1.0,18484
18657,1,1.0,18484
18658,1,1.0,18484
18659,1,1.0,18484
18660,1,1.0,18484
18661,1,1.0,18484
18662,1,1.0,18484
18663,1,1.0,18484
18664,1,1.0,18484
18665,1,1.0,18484
18666,1,1.0,18484
18667,1,1.0,18484
18668,1,1.0,18484
18669,1,1.0,18484
18670,1,1.0,18484
18671,1,1.0,18484
18673,1,1.0,18484
18674,1,1.0,18484
18675,1,1.0,18484
18676,1,1.0,18484
18677,1,1.0,18484
18678,1,1.0,18484
18679,1,1.0,18484
18680,1,1.0,18484
18681,1,1.0,18484
18682,1,1.0,18484
18683,1,1.0,18484
18684,1,1.0,18484
18685,1,1.0,18484
18686,1,1.0,18484
18687,1,1.0,18484
18688,1,1.0,18484
18689,1,1.0,18484
18690,1,1.0,18484
18691,1,1.0,18484
18692,1,1.0,18484
18693,1,1.0,18484
18694,1,1.0,18484
18695,1,1.0,18484
18696,1,1.0,18484
18697,1,1.0,18484
18698,1,1.0,18484
18699,1,1.0,18484
18700,1,1.0,18484
18701,1,1.0,18484
18702,1,1.0,18484
18703,1,1.0,18484
18704,1,1.0,18484
18705,1,1.0,18484
18706,1,1.0,18484
18707,1,1.0,18484
18708,1,1.0,18484
18709,1,1.0,18484
18710,1,1.0,18484
18711,1,1.0,18484
18712,1,1.0,18484
18713,1,1.0,18484
18714,1,1.0,18484
18715,1,1.0,18484
18716,1,1.0,18484
18717,1,1.0,18484
18719,1,1.0,18484
18720,1,1.0,18484
18721,1,1.0,18484
18722,1,1.0,18484
18723,1,1.0,18484
18724,1,1.0,18484
18725,1,1.0,18484
18726,1,1.0,18484
18727,1,1.0,18484
18728,1,1.0,18484
18729,1,1.0,18484
18730,1,1.0,18484
18731,1,1.0,18484
18732,1,1.0,18484
18733,1,1.0,18484
18734,1,1.0,18484
18735,1,1.0,18484
18736,1,1.0,18484
18737,1,1.0,18484
18738,1,1.0,18484
18739,1,1.0,18484
18740,1,1.0,18484
18741,1,1.0,18484
18742,1,1.0,18484
18743,1,1.0,18484
18744,1,1.0,18484
18745,1,1.0,18484
18746,1,1.0,18484
18747,1,1.0,18484
18748,1,1.0,18484
18749,1,1.0,18484
18750,1,1.0,18484
18751,1,1.0,18484
18752,1,1.0,18484
18753,1,1.0,18484
18754,1,1.0,18484
18755,1,1.0,18484
18756,1,1.0,18484
18757,1,1.0,18484
18758,1,1.0,18484
18759,1,1.0,18484
18760,1,1.0,18484
18761,1,1.0,18484
18762,1,1.0,18484
18763,1,1.0,18484
18764,1,1.0,18484
18765,1,1.0,18484
18766,1,1.0,18484
18767,1,1.0,18484
18768,1,1.0,18484
18769,1,1.0,18484
18770,1,1.0,18484
18772,1,1.0,18484
18773,1,1.0,18484
18774,1,1.0,18484
18775,1,1.0,18484
18776,1,1.0,18484
18777,1,1.0,18484
18778,1,1.0,18484
18779,1,1.0,18484
18780,1,1.0,18484
18781,1,1.0,18484
18782,1,1.0,18484
18783,1,1.0,18484
18784,1,1.0,18484
18785,1,1.0,18484
18786,1,1.0,18484
18787,1,1.0,18484
18788,1,1.0,18484
18789,1,1.0,18484
18790,1,1.0,18484
18791,1,1.0,18484
18792,1,1.0,18484
18793,1,1.0,18484
18794,1,1.0,18484
18795,1,1.0,18484
18796,1,1.0,18484
18797,1,1.0,18484
18798,1,1.0,18484
18799,1,1.0,18484
18800,1,1.0,18484
18801,1,1.0,18484
18802,1,1.0,18484
18803,1,1.0,18484
18804,1,1.0,18484
18805,1,1.0,18484
18806,1,1.0,18484
18807,1,1.0,18484
18808,1,1.0,18484
18809,1,1.0,18484
18810,1,1.0,18484
18811,1,1.0,18484
18812,1,1.0,18484
18813,1,1.0,18484
18814,1,1.0,18484
18815,1,1.0,18484
18816,1,1.0,18484
18817,1,1.0,18484
18818,1,1.0,18484
18819,1,1.0,18484
18820,1,1.0,18484
18821,1,1.0,18484
18823,1,1.0,18484
18824,1,1.0,18484
18825,1,1.0,18484
18826,1,1.0,18484
18827,1,1.0,18484
18828,1,1.0,18484
18829,1,1.0,18484
18830,1,1.0,18484
18831,1,1.0,18484
18832,1,1.0,18484
18833,1,1.0,18484
18834,1,1.0,18484
18835,1,1.0,18484
18836,1,1.0,18484
18837,1,1.0,18484
18838,1,1.0,18484
18839,1,1.0,18484
18840,1,1.0,18484
18841,1,1.0,18484
18842,1,1.0,18484
18843,1,1.0,18484
18844,1,1.0,18484
18845,1,1.0,18484
18846,1,1.0,18484
18847,1,1.0,18484
18848,1,1.0,18484
18849,1,1.0,18484
18850,1,1.0,18484
18851,1,1.0,18484
18852,1,1.0,18484
18853,1,1.0,18484
18854,1,1.0,18484
18855,1,1.0,18484
18856,1,1.0,18484
18857,1,1.0,18484
18858,1,1.0,18484
18859,1,1.0,18484
18860,1,1.0,18484
18861,1,1.0,18484
18862,1,1.0,18484
18863,1,1.0,18484
18864,1,1.0,18484
18865,1,1.0,18484
18866,1,1.0,18484
18867,1,1.0,18484
18868,1,1.0,18484
18869,1,1.0,18484
18870,1,1.0,18484
18871,1,1.0,18484
18872,1,1.0,18484
18874,1,1.0,18484
18875,1,1.0,18484
18876,1,1.0,18484
18877,1,1.0,18484
18878,1,1.0,18484
18879,1,1.0,18484
18880,1,1.0,18484
18881,1,1.0,18484
18882,1,1.0,18484
18883,1,1.0,18484
18884,1,1.0,18484
18885,1,1.0,18484
18886,1,1.0,18484
18887,1,1.0,18484
18888,1,1.0,18484
18889,1,1.0,18484
18890,1,1.0,18484
18891,1,1.0,18484
18892,1,1.0,18484
18893,1,1.0,18484
18894,1,1.0,18484
18895,1,1.0,18484
18896,1,1.0,18484
18897,1,1.0,18484
18898,1,1.0,18484
18899,1,1.0,18484
18900,1,1.0,18484
18901,1,1.0,18484
18902,1,1.0,18484
18903,1,1.0,18484
18904,1,1.0,18484
18905,1,1.0,18484
18906,1,1.0,18484
18907,1,1.0,18484
18908,1,1.0,18484
18909,1,1.0,18484
18910,1,1.0,18484
18911,1,1.0,18484
18912,1,1.0,18484
18913,1,1.0,18484
18914,1,1.0,18484
18915,1,1.0,18484
18916,1,1.0,18484
18917,1,1.0,18484
18918,1,1.0,18484
18919,1,1.0,18484
18921,1,1.0,18484
18922,1,1.0,18484
18923,1,1.0,18484
18924,1,1.0,18484
18925,1,1.0,18484
18926,1,1.0,18484
18927,1,1.0,18484
18928,1,1.0,18484
18929,1,1.0,18484
18930,1,1.0,18484
18931,1,1.0,18484
18932,1,1.0,18484
18933,1,1.0,18484
18934,1,1.0,18484
18935,1,1.0,18484
18936,1,1.0,18484
18937,1,1.0,18484
18938,1,1.0,18484
18939,1,1.0,18484
18940,1,1.0,18484
18941,1,1.0,18484
18942,1,1.0,18484
18943,1,1.0,18484
18944,1,1.0,18484
18945,1,1.0,18484
19651,0,-1.0,176
18946,1,1.0,18485
19704,0,1.0,257
19704,0,0.0,2501
19652,0,-1.0,176
18947,1,1.0,18485
19653,0,-1.0,176
18948,1,1.0,18485
19654,0,-1.0,176
18949,1,1.0,18485
19655,0,-1.0,176
18950,1,1.0,18485
19656,0,-1.0,176
18951,1,1.0,18485
19657,0,-1.0,176
18952,1,1.0,18485
19658,0,-1.0,176
18953,1,1.0,18485
19659,0,-1.0,176
18954,1,1.0,18485
19660,0,-1.0,176
18955,1,1.0,18485
19661,0,-1.0,176
18956,1,1.0,18485
19662,0,-1.0,176
18957,1,1.0,18485
19663,0,-1.0,176
18958,1,1.0,18485
19664,0,-1.0,176
18959,1,1.0,18485
19665,0,-1.0,176
18960,1,1.0,18485
19666,0,-1.0,176
18961,1,1.0,18485
19667,0,-1.0,176
18962,1,1.0,18485
19668,0,-1.0,176
18963,1,1.0,18485
19669,1,-1.0,19727
19669,0,-1.0,176
18964,1,1.0,18485
19670,0,-1.0,176
18965,1,1.0,18485
19671,0,-1.0,176
18966,1,1.0,18485
19672,0,-1.0,176
18967,1,1.0,18485
19673,0,-1.0,176
18968,1,1.0,18485
19674,0,-1.0,176
18969,1,1.0,18485
19675,0,-1.0,176
18970,1,1.0,18485
19676,0,-1.0,176
18971,1,1.0,18485
19677,0,-1.0,176
18972,1,1.0,18485
19740,0,1.0,257
19740,0,0.0,2501
19678,0,-1.0,176
18973,1,1.0,18485
19679,0,-1.0,176
18974,1,1.0,18485
19680,0,-1.0,176
18975,1,1.0,18485
19681,0,-1.0,176
18976,1,1.0,18485
19682,0,-1.0,176
18977,1,1.0,18485
19683,0,-1.0,176
18978,1,1.0,18485
19684,0,-1.0,176
18979,1,1.0,18485
19685,0,-1.0,176
18980,1,1.0,18485
19686,0,-1.0,176
18981,1,1.0,18485
19687,0,-1.0,176
18982,1,1.0,18485
19688,0,-1.0,176
18983,1,1.0,18485
19689,0,-1.0,176
18984,1,1.0,18485
19690,0,-1.0,176
18985,1,1.0,18485
19691,0,-1.0,176
18986,1,1.0,18485
19692,0,-1.0,176
18987,1,1.0,18485
19693,0,-1.0,176
18988,1,1.0,18485
19694,0,-1.0,176
18989,1,1.0,18485
19695,1,-1.0,19763
19695,0,-1.0,176
18990,1,1.0,18485
19696,0,-1.0,176
18991,1,1.0,18485
19697,0,-1.0,176
18992,1,1.0,18485
19698,0,-1.0,176
18993,1,1.0,18485
19699,0,-1.0,176
18994,1,1.0,18485
19700,0,-1.0,176
18995,1,1.0,18485
19701,0,-1.0,176
18996,1,1.0,18485
19702,0,-1.0,176
18997,1,1.0,18485
18476,1,-1.0,18479
18476,0,1.0,2931
20968,0,-1.0,178
20916,0,-1.0,2951
20917,1,-1.0,20753
20917,1,-1.0,20755
20917,1,-1.0,20757
20917,1,-1.0,20759
20917,1,-1.0,20761
20917,1,-1.0,20763
20917,1,-1.0,20765
20917,1,-1.0,20767
20917,1,-1.0,20769
20917,1,-1.0,20771
20917,1,-1.0,20773
20917,1,-1.0,20775
20917,1,-1.0,20777
20917,1,-1.0,20779
20917,1,-1.0,20781
20917,1,-1.0,20783
20917,1,-1.0,20785
20917,1,-1.0,20787
20917,1,-1.0,20789
20917,1,-1.0,20791
20917,1,-1.0,20793
20917,1,-1.0,20795
20917,1,-1.0,20797
20917,1,-1.0,20799
20917,1,-1.0,20801
20917,1,-1.0,20803
20917,1,-1.0,20805
20917,1,-1.0,20807
20917,1,-1.0,20809
20917,1,-1.0,20811
20917,1,-1.0,20813
20917,1,-1.0,20815
20917,1,-1.0,20817
20917,1,-1.0,20819
20917,1,-1.0,20821
20917,1,-1.0,20823
20917,1,-1.0,20825
20917,1,-1.0,20827
20917,1,-1.0,20829
20917,1,-1.0,20831
20917,1,-1.0,20833
20917,1,-1.0,20835
20917,1,-1.0,20837
20917,1,-1.0,20839
20917,1,-1.0,20841
20917,1,-1.0,20843
20917,1,-1.0,20845
20917,1,-1.0,20847
20917,0,-1.0,2957
19804,0,1.0,23
19804,0,0.0,2384
19805,1,1.0,19793
19806,1,1.0,19793
19807,1,1.0,19793
19808,1,1.0,19793
19809,1,1.0,19793
19810,1,1.0,19793
19811,1,1.0,19793
19812,1,1.0,19793
19813,1,1.0,19793
19814,1,1.0,19793
19815,1,1.0,19793
19816,1,1.0,19793
19817,1,1.0,19793
19818,1,1.0,19793
19819,1,1.0,19793
19820,1,1.0,19793
19821,1,1.0,19793
19822,1,1.0,19793
19823,1,1.0,19793
19824,1,1.0,19793
19825,1,1.0,19793
19826,1,1.0,19793
19827,1,1.0,19793
19828,1,1.0,19793
19829,1,1.0,19793
19830,1,1.0,19793
19831,1,1.0,19793
19832,1,1.0,19793
19833,1,1.0,19793
19834,1,1.0,19793
19835,1,1.0,19793
19836,1,1.0,19793
19837,1,1.0,19793
19838,1,1.0,19793
19839,1,1.0,19793
19840,1,1.0,19793
19841,1,1.0,19793
19842,1,1.0,19793
19843,1,1.0,19793
19844,1,1.0,19793
19845,1,1.0,19793
19846,1,1.0,19793
19847,1,1.0,19793
19848,1,1.0,19793
19849,1,1.0,19793
19850,1,1.0,19793
19851,1,1.0,19793
19852,1,1.0,19793
19853,1,1.0,19793
19854,1,1.0,19793
19855,1,1.0,19793
19856,1,1.0,19793
19857,1,1.0,19793
19858,1,1.0,19793
19859,1,1.0,19793
19860,1,1.0,19793
19861,1,1.0,19793
19862,1,1.0,19793
19863,1,1.0,19793
19864,1,1.0,19793
19865,1,1.0,19793
19866,1,1.0,19793
19867,1,1.0,19793
19868,1,1.0,19793
19869,1,1.0,19793
19870,1,1.0,19793
19871,1,1.0,19793
19872,1,1.0,19793
19873,1,1.0,19793
19874,1,1.0,19793
19875,1,1.0,19793
19876,1,1.0,19793
19877,1,1.0,19793
19878,1,1.0,19793
19879,1,1.0,19793
19880,1,1.0,19793
19881,1,1.0,19793
19882,1,1.0,19793
19883,1,1.0,19793
19885,1,1.0,19793
19886,1,1.0,19793
19887,1,1.0,19793
19888,1,1.0,19793
19889,1,1.0,19793
19890,1,1.0,19793
19891,1,1.0,19793
19892,1,1.0,19793
19893,1,1.0,19793
19894,1,1.0,19793
19895,1,1.0,19793
19896,1,1.0,19793
19897,1,1.0,19793
19898,1,1.0,19793
19899,1,1.0,19793
19900,1,1.0,19793
19901,1,1.0,19793
19902,1,1.0,19793
19903,1,1.0,19793
19904,1,1.0,19793
19905,1,1.0,19793
19906,1,1.0,19793
19907,1,1.0,19793
19908,1,1.0,19793
19909,1,1.0,19793
19910,1,1.0,19793
19911,1,1.0,19793
19912,1,1.0,19793
19913,1,1.0,19793
19914,1,1.0,19793
19915,1,1.0,19793
19916,1,1.0,19793
19917,1,1.0,19793
19918,1,1.0,19793
19919,1,1.0,19793
19920,1,1.0,19793
19921,1,1.0,19793
19922,1,1.0,19793
19923,1,1.0,19793
19924,1,1.0,19793
19925,1,1.0,19793
19927,1,1.0,19793
19928,1,1.0,19793
19929,1,1.0,19793
19930,1,1.0,19793
19931,1,1.0,19793
19932,1,1.0,19793
19933,1,1.0,19793
19934,1,1.0,19793
19935,1,1.0,19793
19936,1,1.0,19793
19937,1,1.0,19793
19938,1,1.0,19793
19939,1,1.0,19793
19940,1,1.0,19793
19941,1,1.0,19793
19942,1,1.0,19793
19943,1,1.0,19793
19944,1,1.0,19793
19945,1,1.0,19793
19946,1,1.0,19793
19947,1,1.0,19793
19948,1,1.0,19793
19949,1,1.0,19793
19950,1,1.0,19793
19951,1,1.0,19793
19952,1,1.0,19793
19953,1,1.0,19793
19954,1,1.0,19793
19955,1,1.0,19793
19956,1,1.0,19793
19957,1,1.0,19793
19958,1,1.0,19793
19959,1,1.0,19793
19960,1,1.0,19793
19961,1,1.0,19793
19962,1,1.0,19793
19963,1,1.0,19793
19964,1,1.0,19793
19966,1,1.0,19793
19967,1,1.0,19793
19968,1,1.0,19793
19969,1,1.0,19793
19970,1,1.0,19793
19971,1,1.0,19793
19972,1,1.0,19793
19973,1,1.0,19793
19974,1,1.0,19793
19975,1,1.0,19793
19976,1,1.0,19793
19977,1,1.0,19793
19978,1,1.0,19793
19979,1,1.0,19793
19980,1,1.0,19793
19981,1,1.0,19793
19982,1,1.0,19793
19983,1,1.0,19793
19984,1,1.0,19793
19985,1,1.0,19793
19986,1,1.0,19793
19987,1,1.0,19793
19988,1,1.0,19793
19989,1,1.0,19793
19990,1,1.0,19793
19991,1,1.0,19793
19992,1,1.0,19793
19993,1,1.0,19793
19994,1,1.0,19793
19995,1,1.0,19793
19996,1,1.0,19793
19997,1,1.0,19793
19998,1,1.0,19793
19999,1,1.0,19793
20000,1,1.0,19793
20001,1,1.0,19793
20002,1,1.0,19793
20003,1,1.0,19793
20004,1,1.0,19793
20005,1,1.0,19793
20007,1,1.0,19793
20008,1,1.0,19793
20009,1,1.0,19793
20010,1,1.0,19793
20011,1,1.0,19793
20012,1,1.0,19793
20013,1,1.0,19793
20014,1,1.0,19793
20015,1,1.0,19793
20016,1,1.0,19793
20017,1,1.0,19793
20018,1,1.0,19793
20019,1,1.0,19793
20020,1,1.0,19793
20021,1,1.0,19793
20022,1,1.0,19793
20023,1,1.0,19793
20024,1,1.0,19793
20025,1,1.0,19793
20026,1,1.0,19793
20027,1,1.0,19793
20028,1,1.0,19793
20029,1,1.0,19793
20030,1,1.0,19793
20031,1,1.0,19793
20032,1,1.0,19793
20033,1,1.0,19793
20034,1,1.0,19793
20035,1,1.0,19793
20036,1,1.0,19793
20037,1,1.0,19793
20038,1,1.0,19793
20039,1,1.0,19793
20040,1,1.0,19793
20041,1,1.0,19793
20042,1,1.0,19793
20043,1,1.0,19793
20044,1,1.0,19793
20045,1,1.0,19793
20046,1,1.0,19793
20049,1,1.0,19793
20050,1,1.0,19793
20051,1,1.0,19793
20052,1,1.0,19793
20053,1,1.0,19793
20054,1,1.0,19793
20055,1,1.0,19793
20056,1,1.0,19793
20057,1,1.0,19793
20058,1,1.0,19793
20059,1,1.0,19793
20060,1,1.0,19793
20061,1,1.0,19793
20062,1,1.0,19793
20063,1,1.0,19793
20064,1,1.0,19793
20065,1,1.0,19793
20066,1,1.0,19793
20067,1,1.0,19793
20068,1,1.0,19793
20069,1,1.0,19793
20070,1,1.0,19793
20071,1,1.0,19793
20072,1,1.0,19793
20073,1,1.0,19793
20074,1,1.0,19793
20075,1,1.0,19793
20076,1,1.0,19793
20077,1,1.0,19793
20078,1,1.0,19793
20079,1,1.0,19793
20080,1,1.0,19793
20081,1,1.0,19793
20082,1,1.0,19793
20083,1,1.0,19793
20084,1,1.0,19793
20085,1,1.0,19793
20086,1,1.0,19793
20087,1,1.0,19793
20089,1,1.0,19793
20090,1,1.0,19793
20091,1,1.0,19793
20092,1,1.0,19793
20093,1,1.0,19793
20094,1,1.0,19793
20095,1,1.0,19793
20096,1,1.0,19793
20097,1,1.0,19793
20098,1,1.0,19793
20099,1,1.0,19793
20100,1,1.0,19793
20101,1,1.0,19793
20102,1,1.0,19793
20103,1,1.0,19793
20104,1,1.0,19793
20105,1,1.0,19793
20106,1,1.0,19793
20107,1,1.0,19793
20108,1,1.0,19793
20109,1,1.0,19793
20110,1,1.0,19793
20111,1,1.0,19793
20112,1,1.0,19793
20113,1,1.0,19793
20114,1,1.0,19793
20115,1,1.0,19793
20116,1,1.0,19793
20117,1,1.0,19793
20118,1,1.0,19793
20119,1,1.0,19793
20120,1,1.0,19793
20121,1,1.0,19793
20122,1,1.0,19793
20123,1,1.0,19793
20125,1,1.0,19793
20126,1,1.0,19793
20127,1,1.0,19793
20128,1,1.0,19793
20129,1,1.0,19793
20130,1,1.0,19793
20131,1,1.0,19793
20132,1,1.0,19793
20133,1,1.0,19793
20134,1,1.0,19793
20135,1,1.0,19793
20136,1,1.0,19793
20137,1,1.0,19793
20138,1,1.0,19793
20139,1,1.0,19793
20140,1,1.0,19793
20141,1,1.0,19793
20142,1,1.0,19793
20143,1,1.0,19793
20144,1,1.0,19793
20145,1,1.0,19793
20146,1,1.0,19793
20147,1,1.0,19793
20148,1,1.0,19793
20149,1,1.0,19793
20150,1,1.0,19793
20151,1,1.0,19793
20152,1,1.0,19793
20153,1,1.0,19793
20154,1,1.0,19793
20155,1,1.0,19793
20156,1,1.0,19793
20157,1,1.0,19793
20158,1,1.0,19793
20159,1,1.0,19793
20160,1,1.0,19793
20161,1,1.0,19793
20162,1,1.0,19793
20163,1,1.0,19793
20164,1,1.0,19793
20166,1,1.0,19793
20167,1,1.0,19793
20168,1,1.0,19793
20169,1,1.0,19793
20170,1,1.0,19793
20171,1,1.0,19793
20172,1,1.0,19793
20173,1,1.0,19793
20174,1,1.0,19793
20175,1,1.0,19793
20176,1,1.0,19793
20177,1,1.0,19793
20178,1,1.0,19793
20179,1,1.0,19793
20180,1,1.0,19793
20181,1,1.0,19793
20182,1,1.0,19793
20183,1,1.0,19793
20184,1,1.0,19793
20185,1,1.0,19793
20186,1,1.0,19793
20187,1,1.0,19793
20188,1,1.0,19793
20189,1,1.0,19793
20190,1,1.0,19793
20191,1,1.0,19793
20192,1,1.0,19793
20193,1,1.0,19793
20194,1,1.0,19793
20195,1,1.0,19793
20196,1,1.0,19793
20197,1,1.0,19793
20198,1,1.0,19793
20199,1,1.0,19793
20200,1,1.0,19793
20201,1,1.0,19793
20202,1,1.0,19793
20203,1,1.0,19793
20204,1,1.0,19793
20205,1,1.0,19793
20206,1,1.0,19793
20207,1,1.0,19793
20208,1,1.0,19793
20209,1,1.0,19793
20210,1,1.0,19793
20211,1,1.0,19793
20212,1,1.0,19793
20213,1,1.0,19793
20975,0,-1.0,178
20214,1,1.0,19794
21024,0,1.0,257
21024,0,0.0,2501
20976,0,-1.0,178
20215,1,1.0,19794
20977,0,-1.0,178
20216,1,1.0,19794
20978,0,-1.0,178
20217,1,1.0,19794
20979,0,-1.0,178
20218,1,1.0,19794
20980,0,-1.0,178
20219,1,1.0,19794
20981,0,-1.0,178
20220,1,1.0,19794
20982,0,-1.0,178
20221,1,1.0,19794
20983,0,-1.0,178
20222,1,1.0,19794
20984,0,-1.0,178
20223,1,1.0,19794
20985,0,-1.0,178
20224,1,1.0,19794
20986,0,-1.0,178
20225,1,1.0,19794
20987,0,-1.0,178
20226,1,1.0,19794
20988,0,-1.0,178
20227,1,1.0,19794
20989,0,-1.0,178
20228,1,1.0,19794
20990,0,-1.0,178
20229,1,1.0,19794
20991,0,-1.0,178
20230,1,1.0,19794
20992,0,-1.0,178
20231,1,1.0,19794
20993,1,-1.0,21047
20993,0,-1.0,178
20232,1,1.0,19794
20994,0,-1.0,178
20233,1,1.0,19794
20995,0,-1.0,178
20234,1,1.0,19794
20996,0,-1.0,178
20235,1,1.0,19794
20997,0,-1.0,178
20236,1,1.0,19794
20998,0,-1.0,178
20237,1,1.0,19794
20999,0,-1.0,178
20238,1,1.0,19794
21056,0,1.0,257
21056,0,0.0,2501
21000,0,-1.0,178
20239,1,1.0,19794
21001,0,-1.0,178
20240,1,1.0,19794
21002,0,-1.0,178
20241,1,1.0,19794
21003,0,-1.0,178
20242,1,1.0,19794
21004,0,-1.0,178
20243,1,1.0,19794
21005,0,-1.0,178
20244,1,1.0,19794
21006,0,-1.0,178
20245,1,1.0,19794
21007,0,-1.0,178
20246,1,1.0,19794
21008,0,-1.0,178
20247,1,1.0,19794
21009,0,-1.0,178
20248,1,1.0,19794
21010,0,-1.0,178
20249,1,1.0,19794
21011,0,-1.0,178
20250,1,1.0,19794
21012,0,-1.0,178
20251,1,1.0,19794
21013,0,-1.0,178
20252,1,1.0,19794
21014,0,-1.0,178
20253,1,1.0,19794
21015,0,-1.0,178
20254,1,1.0,19794
21016,0,-1.0,178
20255,1,1.0,19794
21017,1,-1.0,21079
21017,0,-1.0,178
20256,1,1.0,19794
21018,0,-1.0,178
20257,1,1.0,19794
21019,0,-1.0,178
20258,1,1.0,19794
21020,0,-1.0,178
20259,1,1.0,19794
21021,0,-1.0,178
20260,1,1.0,19794
21022,0,-1.0,178
20261,1,1.0,19794
20263,1,1.0,19793
20264,1,1.0,19793
20265,1,1.0,19793
20266,1,1.0,19793
20267,1,1.0,19793
20268,1,1.0,19793
20269,1,1.0,19793
20270,1,1.0,19793
20271,1,1.0,19793
20272,1,1.0,19793
20273,1,1.0,19793
20274,1,1.0,19793
20275,1,1.0,19793
20276,1,1.0,19793
20277,1,1.0,19793
20278,1,1.0,19793
20279,1,1.0,19793
20280,1,1.0,19793
20281,1,1.0,19793
20282,1,1.0,19793
20283,1,1.0,19793
20284,1,1.0,19793
20285,1,1.0,19793
20286,1,1.0,19793
20288,1,1.0,19793
20289,1,1.0,19793
20290,1,1.0,19793
20291,1,1.0,19793
20292,1,1.0,19793
20293,1,1.0,19793
20294,1,1.0,19793
20295,1,1.0,19793
20296,1,1.0,19793
20297,1,1.0,19793
20298,1,1.0,19793
20299,1,1.0,19793
20300,1,1.0,19793
20301,1,1.0,19793
20302,1,1.0,19793
20303,1,1.0,19793
20304,1,1.0,19793
20305,1,1.0,19793
20306,1,1.0,19793
20307,1,1.0,19793
20308,1,1.0,19793
20309,1,1.0,19793
20310,1,1.0,19793
20311,1,1.0,19793
20312,1,1.0,19793
19785,1,-1.0,19788
19785,0,1.0,2931
22109,0,-1.0,2951
21111,0,1.0,23
21111,0,0.0,2384
21112,1,1.0,21105
21113,1,1.0,21105
21114,1,1.0,21105
21115,1,1.0,21105
21116,1,1.0,21105
21117,1,1.0,21105
21118,1,1.0,21105
21119,1,1.0,21105
21120,1,1.0,21105
21121,1,1.0,21105
21122,1,1.0,21105
21123,1,1.0,21105
21124,1,1.0,21105
21125,1,1.0,21105
21126,1,1.0,21105
21127,1,1.0,21105
21128,1,1.0,21105
21129,1,1.0,21105
21130,1,1.0,21105
21131,1,1.0,21105
21132,1,1.0,21105
21133,1,1.0,21105
21134,1,1.0,21105
21135,1,1.0,21105
21136,1,1.0,21105
21137,1,1.0,21105
21138,1,1.0,21105
21139,1,1.0,21105
21140,1,1.0,21105
21141,1,1.0,21105
21142,1,1.0,21105
21143,1,1.0,21105
21144,1,1.0,21105
21145,1,1.0,21105
21146,1,1.0,21105
21147,1,1.0,21105
21148,1,1.0,21105
21149,1,1.0,21105
21150,1,1.0,21105
21151,1,1.0,21105
21152,1,1.0,21105
21153,1,1.0,21105
21154,1,1.0,21105
21155,1,1.0,21105
21156,1,1.0,21105
21157,1,1.0,21105
21158,1,1.0,21105
21159,1,1.0,21105
21160,1,1.0,21105
21161,1,1.0,21105
21162,1,1.0,21105
21163,1,1.0,21105
21164,1,1.0,21105
21165,1,1.0,21105
21166,1,1.0,21105
21167,1,1.0,21105
21168,1,1.0,21105
21169,1,1.0,21105
21170,1,1.0,21105
21171,1,1.0,21105
21172,1,1.0,21105
21173,1,1.0,21105
21174,1,1.0,21105
21175,1,1.0,21105
21176,1,1.0,21105
21177,1,1.0,21105
21178,1,1.0,21105
21179,1,1.0,21105
21180,1,1.0,21105
21181,1,1.0,21105
21182,1,1.0,21105
21183,1,1.0,21105
21184,1,1.0,21105
21185,1,1.0,21105
21186,1,1.0,21105
21187,1,1.0,21105
21188,1,1.0,21105
21189,1,1.0,21105
21190,1,1.0,21105
21191,1,1.0,21105
21192,1,1.0,21105
21193,1,1.0,21105
21194,1,1.0,21105
21195,1,1.0,21105
21196,1,1.0,21105
21197,1,1.0,21105
21198,1,1.0,21105
21199,1,1.0,21105
21200,1,1.0,21105
21201,1,1.0,21105
21202,1,1.0,21105
21203,1,1.0,21105
21204,1,1.0,21105
21205,1,1.0,21105
21206,1,1.0,21105
21207,1,1.0,21105
21208,1,1.0,21105
21209,1,1.0,21105
21210,1,1.0,21105
21211,1,1.0,21105
21212,1,1.0,21105
21213,1,1.0,21105
21214,1,1.0,21105
21215,1,1.0,21105
21216,1,1.0,21105
21217,1,1.0,21105
21218,1,1.0,21105
21219,1,1.0,21105
21220,1,1.0,21105
21221,1,1.0,21105
21222,1,1.0,21105
21223,1,1.0,21105
21224,1,1.0,21105
21225,1,1.0,21105
21226,1,1.0,21105
21227,1,1.0,21105
21228,1,1.0,21105
21229,1,1.0,21105
21230,1,1.0,21105
21231,1,1.0,21105
21232,1,1.0,21105
21233,1,1.0,21105
21234,1,1.0,21105
21235,1,1.0,21105
21236,1,1.0,21105
21237,1,1.0,21105
21238,1,1.0,21105
21239,1,1.0,21105
21240,1,1.0,21105
21241,1,1.0,21105
21242,1,1.0,21105
21243,1,1.0,21105
21244,1,1.0,21105
21245,1,1.0,21105
21246,1,1.0,21105
21247,1,1.0,21105
21248,1,1.0,21105
21249,1,1.0,21105
21250,1,1.0,21105
21251,1,1.0,21105
21252,1,1.0,21105
21253,1,1.0,21105
21254,1,1.0,21105
21255,1,1.0,21105
21256,1,1.0,21105
21257,1,1.0,21105
21258,1,1.0,21105
21259,1,1.0,21105
21260,1,1.0,21105
21261,1,1.0,21105
21262,1,1.0,21105
21263,1,1.0,21105
21264,1,1.0,21105
21265,1,1.0,21105
21266,1,1.0,21105
21267,1,1.0,21105
21268,1,1.0,21105
21269,1,1.0,21105
21270,1,1.0,21105
21271,1,1.0,21105
21272,1,1.0,21105
21273,1,1.0,21105
21274,1,1.0,21105
21275,1,1.0,21105
21276,1,1.0,21105
21277,1,1.0,21105
21278,1,1.0,21105
21279,1,1.0,21105
21280,1,1.0,21105
21281,1,1.0,21105
21282,1,1.0,21105
21283,1,1.0,21105
21284,1,1.0,21105
21285,1,1.0,21105
21286,1,1.0,21105
21287,1,1.0,21105
21288,1,1.0,21105
21289,1,1.0,21105
21290,1,1.0,21105
21291,1,1.0,21105
21292,1,1.0,21105
21293,1,1.0,21105
21294,1,1.0,21105
21295,1,1.0,21105
21296,1,1.0,21105
21297,1,1.0,21105
21298,1,1.0,21105
21299,1,1.0,21105
21300,1,1.0,21105
21301,1,1.0,21105
21302,1,1.0,21105
21303,1,1.0,21105
21304,1,1.0,21105
21305,1,1.0,21105
21306,1,1.0,21105
21307,1,1.0,21105
21308,1,1.0,21105
21309,1,1.0,21105
21310,1,1.0,21105
21311,1,1.0,21105
21312,1,1.0,21105
21313,1,1.0,21105
21314,1,1.0,21105
21315,1,1.0,21105
21316,1,1.0,21105
21317,1,1.0,21105
21318,1,1.0,21105
21319,1,1.0,21105
21320,1,1.0,21105
21321,1,1.0,21105
21322,1,1.0,21105
21323,1,1.0,21105
21324,1,1.0,21105
21325,1,1.0,21105
21326,1,1.0,21105
21327,1,1.0,21105
21328,1,1.0,21105
21329,1,1.0,21105
21330,1,1.0,21105
21331,1,1.0,21105
21332,1,1.0,21105
21333,1,1.0,21105
21334,1,1.0,21105
21335,1,1.0,21105
21336,1,1.0,21105
21337,1,1.0,21105
21338,1,1.0,21105
21339,1,1.0,21105
21340,1,1.0,21105
21341,1,1.0,21105
21342,1,1.0,21105
21343,1,1.0,21105
21344,1,1.0,21105
21345,1,1.0,21105
21346,1,1.0,21105
21347,1,1.0,21105
21348,1,1.0,21105
21349,1,1.0,21105
21350,1,1.0,21105
21351,1,1.0,21105
21352,1,1.0,21105
21353,1,1.0,21105
21354,1,1.0,21105
21355,1,1.0,21105
21356,1,1.0,21105
21357,1,1.0,21105
21358,1,1.0,21105
21359,1,1.0,21105
21360,1,1.0,21105
21361,1,1.0,21105
21362,1,1.0,21105
21363,1,1.0,21105
21364,1,1.0,21105
21365,1,1.0,21105
21366,1,1.0,21105
21367,1,1.0,21105
21368,1,1.0,21105
21369,1,1.0,21105
21370,1,1.0,21105
21371,1,1.0,21105
21372,1,1.0,21105
21373,1,1.0,21105
21374,1,1.0,21105
21375,1,1.0,21105
21376,1,1.0,21105
21377,1,1.0,21105
21378,1,1.0,21105
21379,1,1.0,21105
21380,1,1.0,21105
21381,1,1.0,21105
21382,1,1.0,21105
21383,1,1.0,21105
21384,1,1.0,21105
21385,1,1.0,21105
21386,1,1.0,21105
21387,1,1.0,21105
21388,1,1.0,21105
21389,1,1.0,21105
21390,1,1.0,21105
21391,1,1.0,21105
21392,1,1.0,21105
21393,1,1.0,21105
21394,1,1.0,21105
21395,1,1.0,21105
21396,1,1.0,21105
21397,1,1.0,21105
21398,1,1.0,21105
21399,1,1.0,21105
21400,1,1.0,21105
21401,1,1.0,21105
21402,1,1.0,21105
21403,1,1.0,21105
21404,1,1.0,21105
21405,1,1.0,21105
21406,1,1.0,21105
21407,1,1.0,21105
21408,1,1.0,21105
21409,1,1.0,21105
21410,1,1.0,21105
21411,1,1.0,21105
21412,1,1.0,21105
21413,1,1.0,21105
21414,1,1.0,21105
21415,1,1.0,21105
21416,1,1.0,21105
21417,1,1.0,21105
21418,1,1.0,21105
21419,1,1.0,21105
21420,1,1.0,21105
21421,1,1.0,21105
21422,1,1.0,21105
21423,1,1.0,21105
21424,1,1.0,21105
21425,1,1.0,21105
21426,1,1.0,21105
21427,1,1.0,21105
21428,1,1.0,21105
21429,1,1.0,21105
21430,1,1.0,21105
21431,1,1.0,21105
21432,1,1.0,21105
21433,1,1.0,21105
21434,1,1.0,21105
21435,1,1.0,21105
21436,1,1.0,21105
21437,1,1.0,21105
21438,1,1.0,21105
21439,1,1.0,21105
21440,1,1.0,21105
21441,1,1.0,21105
21442,1,1.0,21105
21443,1,1.0,21105
21444,1,1.0,21105
21445,1,1.0,21105
21446,1,1.0,21105
21447,1,1.0,21105
21448,1,1.0,21105
21449,1,1.0,21105
21450,1,1.0,21105
21451,1,1.0,21105
21452,1,1.0,21105
21453,1,1.0,21105
21454,1,1.0,21105
21455,1,1.0,21105
21456,1,1.0,21105
21457,1,1.0,21105
21458,1,1.0,21105
21459,1,1.0,21105
21460,1,1.0,21105
21461,1,1.0,21105
21462,1,1.0,21105
21463,1,1.0,21105
21464,1,1.0,21105
21465,1,1.0,21105
21466,1,1.0,21105
21467,1,1.0,21105
21468,1,1.0,21105
21469,1,1.0,21105
21470,1,1.0,21105
21471,1,1.0,21105
21472,1,1.0,21105
21473,1,1.0,21105
21474,1,1.0,21105
21475,1,1.0,21105
21476,1,1.0,21105
21477,1,1.0,21105
21478,1,1.0,21105
21479,1,1.0,21105
21480,1,1.0,21105
21481,1,1.0,21105
21482,1,1.0,21105
21483,1,1.0,21105
21484,1,1.0,21105
21485,1,1.0,21105
21486,1,1.0,21105
21487,1,1.0,21105
21488,1,1.0,21105
21489,1,1.0,21105
21490,1,1.0,21105
21491,1,1.0,21105
21492,1,1.0,21105
21493,1,1.0,21105
21494,1,1.0,21105
21495,1,1.0,21105
21496,1,1.0,21105
21497,1,1.0,21105
21498,1,1.0,21105
21499,1,1.0,21105
21500,1,1.0,21105
21501,1,1.0,21105
21502,1,1.0,21105
21503,1,1.0,21105
21504,1,1.0,21105
21505,1,1.0,21105
21506,1,1.0,21105
21507,1,1.0,21105
21508,1,1.0,21105
21509,1,1.0,21105
21510,1,1.0,21105
21511,1,1.0,21105
21512,1,1.0,21105
21513,1,1.0,21105
21514,1,1.0,21105
21515,1,1.0,21105
21516,1,1.0,21105
21517,1,1.0,21105
21518,1,1.0,21105
21519,1,1.0,21105
21520,1,1.0,21105
21521,1,1.0,21105
21522,1,1.0,21105
21523,1,1.0,21105
21524,1,1.0,21105
21525,1,1.0,21105
21526,1,1.0,21105
21527,1,1.0,21105
21528,1,1.0,21105
21529,1,1.0,21105
21530,1,1.0,21105
21531,1,1.0,21105
21532,1,1.0,21105
21533,1,1.0,21105
21534,1,1.0,21105
21535,1,1.0,21105
21536,1,1.0,21105
21537,1,1.0,21105
21538,1,1.0,21105
21539,1,1.0,21105
21540,1,1.0,21105
21541,1,1.0,21105
21542,1,1.0,21105
21543,1,1.0,21105
21544,1,1.0,21105
21545,1,1.0,21105
21546,1,1.0,21105
21547,1,1.0,21105
21548,1,1.0,21105
21549,1,1.0,21105
21550,1,1.0,21105
21551,1,1.0,21105
21552,1,1.0,21105
21553,1,1.0,21105
21554,1,1.0,21105
21555,1,1.0,21105
21556,1,1.0,21105
21557,1,1.0,21105
21558,1,1.0,21105
21559,1,1.0,21105
21560,1,1.0,21105
21561,1,1.0,21105
21562,1,1.0,21105
21563,1,1.0,21105
21564,1,1.0,21105
21565,1,1.0,21105
21566,1,1.0,21105
21567,1,1.0,21105
21568,1,1.0,21105
21569,1,1.0,21105
21570,1,1.0,21105
21571,1,1.0,21105
21572,1,1.0,21105
21573,1,1.0,21105
21574,1,1.0,21105
21575,1,1.0,21105
21576,1,1.0,21105
21577,1,1.0,21105
21578,1,1.0,21105
21579,1,1.0,21105
21580,1,1.0,21105
21581,1,1.0,21105
21582,1,1.0,21105
21583,1,1.0,21105
21584,1,1.0,21105
21585,1,1.0,21105
21586,1,1.0,21105
21587,1,1.0,21105
21588,1,1.0,21105
21589,1,1.0,21105
21590,1,1.0,21105
21591,1,1.0,21105
21592,1,1.0,21105
21593,1,1.0,21105
21594,1,1.0,21105
21595,1,1.0,21105
21596,1,1.0,21105
21597,1,1.0,21105
21598,1,1.0,21105
21599,1,1.0,21105
21600,1,1.0,21105
21601,1,1.0,21105
21602,1,1.0,21105
21603,1,1.0,21105
21604,1,1.0,21105
21605,1,1.0,21105
21606,1,1.0,21105
21607,1,1.0,21105
21608,1,1.0,21105
21097,1,-1.0,21100
21097,0,1.0,2931
22127,0,1.0,23
22127,0,0.0,2384
22191,0,-1.0,182
22188,0,-1.0,2951
22132,1,1.0,22126
22133,1,1.0,22126
22134,1,1.0,22126
22135,1,1.0,22126
22136,1,1.0,22126
22137,1,1.0,22126
22138,1,1.0,22126
22139,1,1.0,22126
22140,1,1.0,22126
22141,1,1.0,22126
22142,1,1.0,22126
22143,1,1.0,22126
22144,1,1.0,22126
22145,1,1.0,22126
22146,1,1.0,22126
22147,1,1.0,22126
22148,1,1.0,22126
22149,1,1.0,22126
22150,1,1.0,22126
22151,1,1.0,22126
22152,1,1.0,22126
22153,1,1.0,22126
22118,1,-1.0,22121
22118,0,1.0,2931
23373,0,-1.0,186
23315,0,-1.0,2951
23316,1,-1.0,23205
23316,1,-1.0,23207
23316,1,-1.0,23209
23316,1,-1.0,23211
23316,1,-1.0,23213
23316,1,-1.0,23215
23316,1,-1.0,23217
23316,1,-1.0,23219
23316,1,-1.0,23221
23316,1,-1.0,23223
23316,1,-1.0,23225
23316,1,-1.0,23227
23316,1,-1.0,23229
23316,1,-1.0,23231
23316,1,-1.0,23233
23316,1,-1.0,23235
23316,1,-1.0,23237
23316,1,-1.0,23239
23316,1,-1.0,23241
23316,1,-1.0,23243
23316,1,-1.0,23245
23316,1,-1.0,23247
23316,1,-1.0,23249
23316,1,-1.0,23251
23316,1,-1.0,23253
23316,1,-1.0,23255
23316,1,-1.0,23257
23316,1,-1.0,23259
23316,1,-1.0,23261
23316,1,-1.0,23263
23316,1,-1.0,23265
23316,1,-1.0,23267
23316,1,-1.0,23269
23316,1,-1.0,23271
23316,1,-1.0,23273
23316,1,-1.0,23275
23316,1,-1.0,23277
23316,1,-1.0,23279
23316,1,-1.0,23281
23316,1,-1.0,23283
23316,1,-1.0,23285
23316,1,-1.0,23287
23316,1,-1.0,23289
23316,1,-1.0,23291
23316,1,-1.0,23293
23316,1,-1.0,23295
23316,1,-1.0,23297
23316,1,-1.0,23299
23316,1,-1.0,23301
23316,1,-1.0,23303
23316,1,-1.0,23305
23316,1,-1.0,23307
23316,1,-1.0,23309
23316,1,-1.0,23311
23316,1,-1.0,23313
23316,0,-1.0,2957
22216,0,1.0,23
22216,0,0.0,2384
22217,1,1.0,22204
22218,1,1.0,22204
22219,1,1.0,22204
22220,1,1.0,22204
22221,1,1.0,22204
22222,1,1.0,22204
22223,1,1.0,22204
22224,1,1.0,22204
22225,1,1.0,22204
22226,1,1.0,22204
22227,1,1.0,22204
22228,1,1.0,22204
22229,1,1.0,22204
22230,1,1.0,22204
22231,1,1.0,22204
22232,1,1.0,22204
22233,1,1.0,22204
22234,1,1.0,22204
22235,1,1.0,22204
22236,1,1.0,22204
22237,1,1.0,22204
22238,1,1.0,22204
22239,1,1.0,22204
22240,1,1.0,22204
22241,1,1.0,22204
22242,1,1.0,22204
22243,1,1.0,22204
22244,1,1.0,22204
22245,1,1.0,22204
22246,1,1.0,22204
22247,1,1.0,22204
22248,1,1.0,22204
22249,1,1.0,22204
22250,1,1.0,22204
22251,1,1.0,22204
22252,1,1.0,22204
22253,1,1.0,22204
22254,1,1.0,22204
22255,1,1.0,22204
22256,1,1.0,22204
22257,1,1.0,22204
22258,1,1.0,22204
22259,1,1.0,22204
22260,1,1.0,22204
22261,1,1.0,22204
22262,1,1.0,22204
22263,1,1.0,22204
22264,1,1.0,22204
22265,1,1.0,22204
22266,1,1.0,22204
22267,1,1.0,22204
22268,1,1.0,22204
22269,1,1.0,22204
22270,1,1.0,22204
22271,1,1.0,22204
22272,1,1.0,22204
22273,1,1.0,22204
22274,1,1.0,22204
22275,1,1.0,22204
22276,1,1.0,22204
22277,1,1.0,22204
22278,1,1.0,22204
22279,1,1.0,22204
22280,1,1.0,22204
22281,1,1.0,22204
22282,1,1.0,22204
22283,1,1.0,22204
22284,1,1.0,22204
22285,1,1.0,22204
22287,1,1.0,22204
22288,1,1.0,22204
22289,1,1.0,22204
22290,1,1.0,22204
22291,1,1.0,22204
22292,1,1.0,22204
22293,1,1.0,22204
22294,1,1.0,22204
22295,1,1.0,22204
22296,1,1.0,22204
22297,1,1.0,22204
22298,1,1.0,22204
22299,1,1.0,22204
22300,1,1.0,22204
22301,1,1.0,22204
22302,1,1.0,22204
22303,1,1.0,22204
22304,1,1.0,22204
22305,1,1.0,22204
22306,1,1.0,22204
22307,1,1.0,22204
22308,1,1.0,22204
22309,1,1.0,22204
22310,1,1.0,22204
22311,1,1.0,22204
22312,1,1.0,22204
22313,1,1.0,22204
22314,1,1.0,22204
22315,1,1.0,22204
22316,1,1.0,22204
22317,1,1.0,22204
22318,1,1.0,22204
22319,1,1.0,22204
22320,1,1.0,22204
22321,1,1.0,22204
22322,1,1.0,22204
22323,1,1.0,22204
22324,1,1.0,22204
22325,1,1.0,22204
22326,1,1.0,22204
22327,1,1.0,22204
22328,1,1.0,22204
22329,1,1.0,22204
22330,1,1.0,22204
22331,1,1.0,22204
22332,1,1.0,22204
22333,1,1.0,22204
22334,1,1.0,22204
22335,1,1.0,22204
22336,1,1.0,22204
22337,1,1.0,22204
22338,1,1.0,22204
22339,1,1.0,22204
22340,1,1.0,22204
22341,1,1.0,22204
22342,1,1.0,22204
22343,1,1.0,22204
22344,1,1.0,22204
22345,1,1.0,22204
22346,1,1.0,22204
22347,1,1.0,22204
22348,1,1.0,22204
22350,1,1.0,22204
22351,1,1.0,22204
22352,1,1.0,22204
22353,1,1.0,22204
22354,1,1.0,22204
22355,1,1.0,22204
22356,1,1.0,22204
22357,1,1.0,22204
22358,1,1.0,22204
22359,1,1.0,22204
22360,1,1.0,22204
22361,1,1.0,22204
22362,1,1.0,22204
22363,1,1.0,22204
22364,1,1.0,22204
22365,1,1.0,22204
22366,1,1.0,22204
22367,1,1.0,22204
22368,1,1.0,22204
22369,1,1.0,22204
22370,1,1.0,22204
22371,1,1.0,22204
22372,1,1.0,22204
22373,1,1.0,22204
22374,1,1.0,22204
22375,1,1.0,22204
22376,1,1.0,22204
22377,1,1.0,22204
22378,1,1.0,22204
22379,1,1.0,22204
22380,1,1.0,22204
22381,1,1.0,22204
22382,1,1.0,22204
22383,1,1.0,22204
22384,1,1.0,22204
22385,1,1.0,22204
22386,1,1.0,22204
22387,1,1.0,22204
22388,1,1.0,22204
22389,1,1.0,22204
22390,1,1.0,22204
22391,1,1.0,22204
22392,1,1.0,22204
22393,1,1.0,22204
22394,1,1.0,22204
22395,1,1.0,22204
22396,1,1.0,22204
22397,1,1.0,22204
22398,1,1.0,22204
22399,1,1.0,22204
22400,1,1.0,22204
22401,1,1.0,22204
22402,1,1.0,22204
22403,1,1.0,22204
22404,1,1.0,22204
22405,1,1.0,22204
22407,1,1.0,22204
22408,1,1.0,22204
22409,1,1.0,22204
22410,1,1.0,22204
22411,1,1.0,22204
22412,1,1.0,22204
22413,1,1.0,22204
22414,1,1.0,22204
22415,1,1.0,22204
22416,1,1.0,22204
22417,1,1.0,22204
22418,1,1.0,22204
22419,1,1.0,22204
22420,1,1.0,22204
22421,1,1.0,22204
22422,1,1.0,22204
22423,1,1.0,22204
22424,1,1.0,22204
22425,1,1.0,22204
22426,1,1.0,22204
22427,1,1.0,22204
22428,1,1.0,22204
22429,1,1.0,22204
22430,1,1.0,22204
22431,1,1.0,22204
22432,1,1.0,22204
22433,1,1.0,22204
22434,1,1.0,22204
22435,1,1.0,22204
22436,1,1.0,22204
22437,1,1.0,22204
22438,1,1.0,22204
22439,1,1.0,22204
22440,1,1.0,22204
22441,1,1.0,22204
22442,1,1.0,22204
22443,1,1.0,22204
22444,1,1.0,22204
22445,1,1.0,22204
22446,1,1.0,22204
22447,1,1.0,22204
22448,1,1.0,22204
22449,1,1.0,22204
22450,1,1.0,22204
22451,1,1.0,22204
22452,1,1.0,22204
22453,1,1.0,22204
22454,1,1.0,22204
22455,1,1.0,22204
22457,1,1.0,22204
22458,1,1.0,22204
22459,1,1.0,22204
22460,1,1.0,22204
22461,1,1.0,22204
22462,1,1.0,22204
22463,1,1.0,22204
22464,1,1.0,22204
22465,1,1.0,22204
22466,1,1.0,22204
22467,1,1.0,22204
22468,1,1.0,22204
22469,1,1.0,22204
22470,1,1.0,22204
22471,1,1.0,22204
22472,1,1.0,22204
22473,1,1.0,22204
22474,1,1.0,22204
22475,1,1.0,22204
22476,1,1.0,22204
22477,1,1.0,22204
22478,1,1.0,22204
22479,1,1.0,22204
22480,1,1.0,22204
22481,1,1.0,22204
22482,1,1.0,22204
22483,1,1.0,22204
22484,1,1.0,22204
22485,1,1.0,22204
22486,1,1.0,22204
22487,1,1.0,22204
22488,1,1.0,22204
22489,1,1.0,22204
22490,1,1.0,22204
22491,1,1.0,22204
22492,1,1.0,22204
22493,1,1.0,22204
22494,1,1.0,22204
22495,1,1.0,22204
22496,1,1.0,22204
22497,1,1.0,22204
22498,1,1.0,22204
22499,1,1.0,22204
22500,1,1.0,22204
22501,1,1.0,22204
22502,1,1.0,22204
22503,1,1.0,22204
22504,1,1.0,22204
22505,1,1.0,22204
22506,1,1.0,22204
22507,1,1.0,22204
22508,1,1.0,22204
22510,1,1.0,22204
22511,1,1.0,22204
22512,1,1.0,22204
22513,1,1.0,22204
22514,1,1.0,22204
22515,1,1.0,22204
22516,1,1.0,22204
22517,1,1.0,22204
22518,1,1.0,22204
22519,1,1.0,22204
22520,1,1.0,22204
22521,1,1.0,22204
22522,1,1.0,22204
22523,1,1.0,22204
22524,1,1.0,22204
22525,1,1.0,22204
22526,1,1.0,22204
22527,1,1.0,22204
22528,1,1.0,22204
22529,1,1.0,22204
22530,1,1.0,22204
22531,1,1.0,22204
22532,1,1.0,22204
22533,1,1.0,22204
22534,1,1.0,22204
22535,1,1.0,22204
22536,1,1.0,22204
22537,1,1.0,22204
22538,1,1.0,22204
22539,1,1.0,22204
22540,1,1.0,22204
22541,1,1.0,22204
22542,1,1.0,22204
22543,1,1.0,22204
22544,1,1.0,22204
22545,1,1.0,22204
22546,1,1.0,22204
22547,1,1.0,22204
22548,1,1.0,22204
22549,1,1.0,22204
22550,1,1.0,22204
22552,1,1.0,22204
22553,1,1.0,22204
22554,1,1.0,22204
22555,1,1.0,22204
22556,1,1.0,22204
22557,1,1.0,22204
22558,1,1.0,22204
22559,1,1.0,22204
22560,1,1.0,22204
22561,1,1.0,22204
22562,1,1.0,22204
22563,1,1.0,22204
22564,1,1.0,22204
22565,1,1.0,22204
22566,1,1.0,22204
22567,1,1.0,22204
22568,1,1.0,22204
22569,1,1.0,22204
22570,1,1.0,22204
22571,1,1.0,22204
22572,1,1.0,22204
22573,1,1.0,22204
22574,1,1.0,22204
22575,1,1.0,22204
22576,1,1.0,22204
22577,1,1.0,22204
22578,1,1.0,22204
22579,1,1.0,22204
22580,1,1.0,22204
22581,1,1.0,22204
22582,1,1.0,22204
22583,1,1.0,22204
22584,1,1.0,22204
22585,1,1.0,22204
22586,1,1.0,22204
22587,1,1.0,22204
22588,1,1.0,22204
22589,1,1.0,22204
22590,1,1.0,22204
22591,1,1.0,22204
22592,1,1.0,22204
22593,1,1.0,22204
22594,1,1.0,22204
22595,1,1.0,22204
22596,1,1.0,22204
22597,1,1.0,22204
22598,1,1.0,22204
22599,1,1.0,22204
22600,1,1.0,22204
22601,1,1.0,22204
22602,1,1.0,22204
22604,1,1.0,22204
22605,1,1.0,22204
22606,1,1.0,22204
22607,1,1.0,22204
22608,1,1.0,22204
22609,1,1.0,22204
22610,1,1.0,22204
22611,1,1.0,22204
22612,1,1.0,22204
22613,1,1.0,22204
22614,1,1.0,22204
22615,1,1.0,22204
22616,1,1.0,22204
22617,1,1.0,22204
22618,1,1.0,22204
22619,1,1.0,22204
22620,1,1.0,22204
22621,1,1.0,22204
22622,1,1.0,22204
22623,1,1.0,22204
22624,1,1.0,22204
22625,1,1.0,22204
22626,1,1.0,22204
22627,1,1.0,22204
22628,1,1.0,22204
22629,1,1.0,22204
22630,1,1.0,22204
22631,1,1.0,22204
22632,1,1.0,22204
22633,1,1.0,22204
22634,1,1.0,22204
22635,1,1.0,22204
22636,1,1.0,22204
22637,1,1.0,22204
22638,1,1.0,22204
22639,1,1.0,22204
22640,1,1.0,22204
22641,1,1.0,22204
22642,1,1.0,22204
22643,1,1.0,22204
22644,1,1.0,22204
22645,1,1.0,22204
22646,1,1.0,22204
22647,1,1.0,22204
22648,1,1.0,22204
22649,1,1.0,22204
22650,1,1.0,22204
22651,1,1.0,22204
22652,1,1.0,22204
22653,1,1.0,22204
22654,1,1.0,22204
22655,1,1.0,22204
22656,1,1.0,22204
22657,1,1.0,22204
22658,1,1.0,22204
22659,1,1.0,22204
22660,1,1.0,22204
22661,1,1.0,22204
22662,1,1.0,22204
22663,1,1.0,22204
22664,1,1.0,22204
22665,1,1.0,22204
23381,0,-1.0,186
22666,1,1.0,22205
23437,0,1.0,257
23437,0,0.0,2501
23382,0,-1.0,186
22667,1,1.0,22205
23383,0,-1.0,186
22668,1,1.0,22205
23384,0,-1.0,186
22669,1,1.0,22205
23385,0,-1.0,186
22670,1,1.0,22205
23386,0,-1.0,186
22671,1,1.0,22205
23387,0,-1.0,186
22672,1,1.0,22205
23388,0,-1.0,186
22673,1,1.0,22205
23389,0,-1.0,186
22674,1,1.0,22205
23390,0,-1.0,186
22675,1,1.0,22205
23391,0,-1.0,186
22676,1,1.0,22205
23392,0,-1.0,186
22677,1,1.0,22205
23393,0,-1.0,186
22678,1,1.0,22205
23394,0,-1.0,186
22679,1,1.0,22205
23395,0,-1.0,186
22680,1,1.0,22205
23396,0,-1.0,186
22681,1,1.0,22205
23397,0,-1.0,186
22682,1,1.0,22205
23398,0,-1.0,186
22683,1,1.0,22205
23399,1,-1.0,23460
23399,0,-1.0,186
22684,1,1.0,22205
23400,0,-1.0,186
22685,1,1.0,22205
23401,0,-1.0,186
22686,1,1.0,22205
23402,0,-1.0,186
22687,1,1.0,22205
23403,0,-1.0,186
22688,1,1.0,22205
23404,0,-1.0,186
22689,1,1.0,22205
23405,0,-1.0,186
22690,1,1.0,22205
23406,0,-1.0,186
22691,1,1.0,22205
23407,0,-1.0,186
22692,1,1.0,22205
23408,0,-1.0,186
22693,1,1.0,22205
23409,0,-1.0,186
22694,1,1.0,22205
23474,0,1.0,257
23474,0,0.0,2501
23410,0,-1.0,186
22695,1,1.0,22205
23411,0,-1.0,186
22696,1,1.0,22205
23412,0,-1.0,186
22697,1,1.0,22205
23413,0,-1.0,186
22698,1,1.0,22205
23414,0,-1.0,186
22699,1,1.0,22205
23415,0,-1.0,186
22700,1,1.0,22205
23416,0,-1.0,186
22701,1,1.0,22205
23417,0,-1.0,186
22702,1,1.0,22205
23418,0,-1.0,186
22703,1,1.0,22205
23419,0,-1.0,186
22704,1,1.0,22205
23420,0,-1.0,186
22705,1,1.0,22205
23421,0,-1.0,186
22706,1,1.0,22205
23422,0,-1.0,186
22707,1,1.0,22205
23423,0,-1.0,186
22708,1,1.0,22205
23424,0,-1.0,186
22709,1,1.0,22205
23425,0,-1.0,186
22710,1,1.0,22205
23426,0,-1.0,186
22711,1,1.0,22205
23427,1,-1.0,23497
23427,0,-1.0,186
22712,1,1.0,22205
23428,0,-1.0,186
22713,1,1.0,22205
23429,0,-1.0,186
22714,1,1.0,22205
23430,0,-1.0,186
22715,1,1.0,22205
23431,0,-1.0,186
22716,1,1.0,22205
23432,0,-1.0,186
22717,1,1.0,22205
23433,0,-1.0,186
22718,1,1.0,22205
23434,0,-1.0,186
22719,1,1.0,22205
23435,0,-1.0,186
22720,1,1.0,22205
22196,1,-1.0,22199
22196,0,1.0,2931
24587,0,-1.0,2951
24588,1,-1.0,24533
24588,1,-1.0,24535
24588,1,-1.0,24537
24588,1,-1.0,24539
24588,1,-1.0,24541
24588,1,-1.0,24543
24588,1,-1.0,24545
24588,1,-1.0,24547
24588,1,-1.0,24549
24588,1,-1.0,24551
24588,1,-1.0,24553
24588,1,-1.0,24555
24588,1,-1.0,24557
24588,1,-1.0,24559
24588,1,-1.0,24561
24588,1,-1.0,24563
24588,1,-1.0,24565
24588,1,-1.0,24567
24588,1,-1.0,24569
24588,1,-1.0,24571
24588,1,-1.0,24573
24588,1,-1.0,24575
24588,1,-1.0,24577
24588,1,-1.0,24579
24588,1,-1.0,24581
24588,1,-1.0,24583
24588,1,-1.0,24585
24588,0,-1.0,2957
23539,0,1.0,23
23539,0,0.0,2384
23540,0,-1.0,2949
23541,1,1.0,23527
23542,1,1.0,23527
23543,1,1.0,23527
23544,1,1.0,23527
23545,1,1.0,23527
23546,1,1.0,23527
23547,1,1.0,23527
23548,1,1.0,23527
23549,1,1.0,23527
23550,1,1.0,23527
23551,1,1.0,23527
23552,1,1.0,23527
23553,1,1.0,23527
23556,1,1.0,23527
23558,1,1.0,23527
23560,1,1.0,23527
23562,1,1.0,23527
23564,1,1.0,23527
23566,1,1.0,23527
23568,1,1.0,23527
23570,1,1.0,23527
23572,1,1.0,23527
23573,1,1.0,23527
23574,1,1.0,23527
23575,1,1.0,23527
23576,1,1.0,23527
23577,1,1.0,23527
23578,1,1.0,23527
23579,1,1.0,23527
23580,1,1.0,23527
23581,1,1.0,23527
23582,1,1.0,23527
23583,1,1.0,23527
23584,1,1.0,23527
23585,1,1.0,23527
23586,1,1.0,23527
23587,1,1.0,23527
23588,1,1.0,23527
23589,1,1.0,23527
23590,1,1.0,23527
23591,1,1.0,23527
23592,1,1.0,23527
23593,1,1.0,23527
23594,1,1.0,23527
23595,1,1.0,23527
23596,1,1.0,23527
23597,1,1.0,23527
23598,1,1.0,23527
23599,1,1.0,23527
23600,1,1.0,23527
23601,1,1.0,23527
23602,1,1.0,23527
23603,1,1.0,23527
23604,1,1.0,23527
23605,1,1.0,23527
23606,1,1.0,23527
23607,1,1.0,23527
23608,1,1.0,23527
23609,1,1.0,23527
23610,1,1.0,23527
23611,1,1.0,23527
23612,1,1.0,23527
23613,1,1.0,23527
23614,1,1.0,23527
23615,1,1.0,23527
23616,1,1.0,23527
23617,1,1.0,23527
23618,1,1.0,23527
23619,1,1.0,23527
23620,1,1.0,23527
23621,1,1.0,23527
23622,1,1.0,23527
23623,1,1.0,23527
23624,1,1.0,23527
23625,1,1.0,23527
23626,1,1.0,23527
23627,1,1.0,23527
23628,1,1.0,23527
23629,1,1.0,23527
23630,1,1.0,23527
23631,1,1.0,23527
23632,1,1.0,23527
23633,1,1.0,23527
23634,1,1.0,23527
23635,1,1.0,23527
23636,1,1.0,23527
23637,1,1.0,23527
23638,1,1.0,23527
23639,1,1.0,23527
23640,1,1.0,23527
23641,1,1.0,23527
23642,1,1.0,23527
23643,1,1.0,23527
23644,1,1.0,23527
23645,1,1.0,23527
23646,1,1.0,23527
23647,1,1.0,23527
23648,1,1.0,23527
23649,1,1.0,23527
23650,1,1.0,23527
23651,1,1.0,23527
23652,1,1.0,23527
23653,1,1.0,23527
23654,1,1.0,23527
23655,1,1.0,23527
23656,1,1.0,23527
23657,1,1.0,23527
23658,1,1.0,23527
23659,1,1.0,23527
23660,1,1.0,23527
23661,1,1.0,23527
23662,1,1.0,23527
23663,1,1.0,23527
23664,1,1.0,23527
23665,1,1.0,23527
23666,1,1.0,23527
23667,1,1.0,23527
23668,1,1.0,23527
23669,1,1.0,23527
23670,1,1.0,23527
23671,1,1.0,23527
23672,1,1.0,23527
23673,1,1.0,23527
23674,1,1.0,23527
23675,1,1.0,23527
23676,1,1.0,23527
23677,1,1.0,23527
23678,1,1.0,23527
23679,1,1.0,23527
23680,1,1.0,23527
23681,1,1.0,23527
23682,1,1.0,23527
23683,1,1.0,23527
23684,1,1.0,23527
23685,1,1.0,23527
23686,1,1.0,23527
23687,1,1.0,23527
23688,1,1.0,23527
23689,1,1.0,23527
23690,1,1.0,23527
23691,1,1.0,23527
23692,1,1.0,23527
23693,1,1.0,23527
23694,1,1.0,23527
23695,1,1.0,23527
23696,1,1.0,23527
23697,1,1.0,23527
23698,1,1.0,23527
23699,1,1.0,23527
23700,1,1.0,23527
23701,1,1.0,23527
23702,1,1.0,23527
23703,1,1.0,23527
23704,1,1.0,23527
23705,1,1.0,23527
23706,1,1.0,23527
23707,1,1.0,23527
23708,1,1.0,23527
23709,1,1.0,23527
23710,1,1.0,23527
23711,1,1.0,23527
23712,1,1.0,23527
23713,1,1.0,23527
23714,1,1.0,23527
23715,1,1.0,23527
23716,1,1.0,23527
23717,1,1.0,23527
23718,1,1.0,23527
23719,1,1.0,23527
23720,1,1.0,23527
23721,1,1.0,23527
23722,1,1.0,23527
23723,1,1.0,23527
23724,1,1.0,23527
23725,1,1.0,23527
23726,1,1.0,23527
23727,1,1.0,23527
23728,1,1.0,23527
23729,1,1.0,23527
23730,1,1.0,23527
23731,1,1.0,23527
23732,1,1.0,23527
23733,1,1.0,23527
23734,1,1.0,23527
23735,1,1.0,23527
23736,1,1.0,23527
23737,1,1.0,23527
23738,1,1.0,23527
23739,1,1.0,23527
23740,1,1.0,23527
23741,1,1.0,23527
23742,1,1.0,23527
23743,1,1.0,23527
23744,1,1.0,23527
23745,1,1.0,23527
23746,1,1.0,23527
23747,1,1.0,23527
23748,1,1.0,23527
23749,1,1.0,23527
23750,1,1.0,23527
23751,1,1.0,23527
23752,1,1.0,23527
23753,1,1.0,23527
23754,1,1.0,23527
23755,1,1.0,23527
23756,1,1.0,23527
23757,1,1.0,23527
23758,1,1.0,23527
23759,1,1.0,23527
23760,1,1.0,23527
23761,1,1.0,23527
23762,1,1.0,23527
23763,1,1.0,23527
23764,1,1.0,23527
23765,1,1.0,23527
23766,1,1.0,23527
23767,1,1.0,23527
23768,1,1.0,23527
23769,1,1.0,23527
23770,1,1.0,23527
23771,1,1.0,23527
23772,1,1.0,23527
23773,1,1.0,23527
23774,1,1.0,23527
23775,1,1.0,23527
23776,1,1.0,23527
23777,1,1.0,23527
23778,1,1.0,23527
23779,1,1.0,23527
23780,1,1.0,23527
23781,1,1.0,23527
23782,1,1.0,23527
23783,1,1.0,23527
23784,1,1.0,23527
23785,1,1.0,23527
23786,1,1.0,23527
23787,1,1.0,23527
23788,1,1.0,23527
23789,1,1.0,23527
23790,1,1.0,23527
23791,1,1.0,23527
23792,1,1.0,23527
23793,1,1.0,23527
23794,1,1.0,23527
23795,1,1.0,23527
23796,1,1.0,23527
23797,1,1.0,23527
23798,1,1.0,23527
23799,1,1.0,23527
23800,1,1.0,23527
23801,1,1.0,23527
23802,1,1.0,23527
23803,1,1.0,23527
23804,1,1.0,23527
23805,1,1.0,23527
23806,1,1.0,23527
23807,1,1.0,23527
23808,1,1.0,23527
23809,1,1.0,23527
23810,1,1.0,23527
23811,1,1.0,23527
23812,1,1.0,23527
23813,1,1.0,23527
23814,1,1.0,23527
23815,1,1.0,23527
23816,1,1.0,23527
23817,1,1.0,23527
23818,1,1.0,23527
23819,1,1.0,23527
23820,1,1.0,23527
23821,1,1.0,23527
23822,1,1.0,23527
23823,1,1.0,23527
23824,1,1.0,23527
23825,1,1.0,23527
23826,1,1.0,23527
23827,1,1.0,23527
23828,1,1.0,23527
23829,1,1.0,23527
23830,1,1.0,23527
23831,1,1.0,23527
23832,1,1.0,23527
23833,1,1.0,23527
23834,1,1.0,23527
23835,1,1.0,23527
23836,1,1.0,23527
23837,1,1.0,23527
23838,1,1.0,23527
23839,1,1.0,23527
23840,1,1.0,23527
23841,1,1.0,23527
23842,1,1.0,23527
23843,1,1.0,23527
23844,1,1.0,23527
23845,1,1.0,23527
23846,1,1.0,23527
23847,1,1.0,23527
23848,1,1.0,23527
23849,1,1.0,23527
23850,1,1.0,23527
23851,1,1.0,23527
23852,1,1.0,23527
23853,1,1.0,23527
23854,1,1.0,23527
23855,1,1.0,23527
23856,1,1.0,23527
23857,1,1.0,23527
23858,1,1.0,23527
23859,1,1.0,23527
23860,1,1.0,23527
23861,1,1.0,23527
23862,1,1.0,23527
23863,1,1.0,23527
23864,1,1.0,23527
23865,1,1.0,23527
23866,1,1.0,23527
23867,1,1.0,23527
23868,1,1.0,23527
23869,1,1.0,23527
23870,1,1.0,23527
23871,1,1.0,23527
23872,1,1.0,23527
23873,1,1.0,23527
23874,1,1.0,23527
23875,1,1.0,23527
23876,1,1.0,23527
23877,1,1.0,23527
23878,1,1.0,23527
23879,1,1.0,23527
23880,1,1.0,23527
23881,1,1.0,23527
23882,1,1.0,23527
23883,1,1.0,23527
23884,1,1.0,23527
23885,1,1.0,23527
23886,1,1.0,23527
23887,1,1.0,23527
23888,1,1.0,23527
23889,1,1.0,23527
23890,1,1.0,23527
23891,1,1.0,23527
23892,1,1.0,23527
23893,1,1.0,23527
23894,1,1.0,23527
23895,1,1.0,23527
23896,1,1.0,23527
23897,1,1.0,23527
23898,1,1.0,23527
23899,1,1.0,23527
23900,1,1.0,23527
23901,1,1.0,23527
23902,1,1.0,23527
23903,1,1.0,23527
23904,1,1.0,23527
23905,1,1.0,23527
23906,1,1.0,23527
23907,1,1.0,23527
23908,1,1.0,23527
23909,1,1.0,23527
23910,1,1.0,23527
23911,1,1.0,23527
23912,1,1.0,23527
23913,1,1.0,23527
23914,1,1.0,23527
23915,1,1.0,23527
23916,1,1.0,23527
23917,1,1.0,23527
23918,1,1.0,23527
23919,1,1.0,23527
23920,1,1.0,23527
23921,1,1.0,23527
23922,1,1.0,23527
23923,1,1.0,23527
23924,1,1.0,23527
23925,1,1.0,23527
23926,1,1.0,23527
23927,1,1.0,23527
23928,1,1.0,23527
23929,1,1.0,23527
23930,1,1.0,23527
23931,1,1.0,23527
23932,1,1.0,23527
23933,1,1.0,23527
23934,1,1.0,23527
23935,1,1.0,23527
23936,1,1.0,23527
23937,1,1.0,23527
23938,1,1.0,23527
23939,1,1.0,23527
23940,1,1.0,23527
23941,1,1.0,23527
23942,1,1.0,23527
23943,1,1.0,23527
23945,1,1.0,23527
23946,1,1.0,23527
23947,1,1.0,23527
23948,1,1.0,23527
23949,1,1.0,23527
23950,1,1.0,23527
23951,1,1.0,23527
23952,1,1.0,23527
23953,1,1.0,23527
23954,1,1.0,23527
23955,1,1.0,23527
23956,1,1.0,23527
23957,1,1.0,23527
23958,1,1.0,23527
23959,1,1.0,23527
23960,1,1.0,23527
23961,1,1.0,23527
23962,1,1.0,23527
23963,1,1.0,23527
23964,1,1.0,23527
23965,1,1.0,23527
23966,1,1.0,23527
23967,1,1.0,23527
23968,1,1.0,23527
23969,1,1.0,23527
23970,1,1.0,23527
23971,1,1.0,23527
23972,1,1.0,23527
23973,1,1.0,23527
23974,1,1.0,23527
23975,1,1.0,23527
23976,1,1.0,23527
23977,1,1.0,23527
23978,1,1.0,23527
23979,1,1.0,23527
23980,1,1.0,23527
23981,1,1.0,23527
23982,1,1.0,23527
23983,1,1.0,23527
23984,1,1.0,23527
23985,1,1.0,23527
23986,1,1.0,23527
23987,1,1.0,23527
23988,1,1.0,23527
23989,1,1.0,23527
23990,1,1.0,23527
23991,1,1.0,23527
23992,1,1.0,23527
23993,1,1.0,23527
23994,1,1.0,23527
23995,1,1.0,23527
23996,1,1.0,23527
23997,1,1.0,23527
23998,1,1.0,23527
23999,1,1.0,23527
24000,1,1.0,23527
24001,1,1.0,23527
24002,1,1.0,23527
24003,1,1.0,23527
24004,1,1.0,23527
24005,1,1.0,23527
24006,1,1.0,23527
24007,1,1.0,23527
24008,1,1.0,23527
24009,1,1.0,23527
24010,1,1.0,23527
24011,1,1.0,23527
24012,1,1.0,23527
24013,1,1.0,23527
24014,1,1.0,23527
24015,1,1.0,23527
24016,1,1.0,23527
24017,1,1.0,23527
24018,1,1.0,23527
24019,1,1.0,23527
24020,1,1.0,23527
24626,0,-1.0,338
24021,1,1.0,23528
24654,0,1.0,257
24654,0,0.0,2501
24627,0,-1.0,338
24022,1,1.0,23528
24628,0,-1.0,338
24023,1,1.0,23528
24629,0,-1.0,338
24024,1,1.0,23528
24630,0,-1.0,338
24025,1,1.0,23528
24631,0,-1.0,338
24026,1,1.0,23528
24632,0,-1.0,338
24027,1,1.0,23528
24633,0,-1.0,338
24028,1,1.0,23528
24634,0,-1.0,338
24029,1,1.0,23528
24635,0,-1.0,338
24030,1,1.0,23528
24636,0,-1.0,338
24031,1,1.0,23528
24637,0,-1.0,338
24032,1,1.0,23528
24638,0,-1.0,338
24033,1,1.0,23528
24639,0,-1.0,338
24034,1,1.0,23528
24640,0,-1.0,338
24035,1,1.0,23528
24641,0,-1.0,338
24036,1,1.0,23528
24642,0,-1.0,338
24037,1,1.0,23528
24643,0,-1.0,338
24038,1,1.0,23528
24644,0,-1.0,338
24039,1,1.0,23528
24645,0,-1.0,338
24040,1,1.0,23528
24646,0,-1.0,338
24041,1,1.0,23528
24647,0,-1.0,338
24042,1,1.0,23528
24648,0,-1.0,338
24043,1,1.0,23528
24649,0,-1.0,338
24044,1,1.0,23528
24650,0,-1.0,338
24045,1,1.0,23528
24651,0,-1.0,338
24046,1,1.0,23528
24652,0,-1.0,338
24047,1,1.0,23528
23519,1,-1.0,23522
23519,0,1.0,2931
25396,0,-1.0,815
25393,0,-1.0,2951
24707,0,1.0,23
24707,0,0.0,2384
24708,1,1.0,24702
24709,1,1.0,24702
24710,1,1.0,24702
24711,1,1.0,24702
24712,1,1.0,24702
24713,1,1.0,24702
24714,1,1.0,24702
24715,1,1.0,24702
24716,1,1.0,24702
24717,1,1.0,24702
24718,1,1.0,24702
24719,1,1.0,24702
24720,1,1.0,24702
24721,1,1.0,24702
24722,1,1.0,24702
24723,1,1.0,24702
24724,1,1.0,24702
24725,1,1.0,24702
24726,1,1.0,24702
24727,1,1.0,24702
24728,1,1.0,24702
24729,1,1.0,24702
24730,1,1.0,24702
24731,1,1.0,24702
24732,1,1.0,24702
24733,1,1.0,24702
24734,1,1.0,24702
24735,1,1.0,24702
24737,1,1.0,24702
24738,1,1.0,24702
24739,1,1.0,24702
24740,1,1.0,24702
24741,1,1.0,24702
24742,1,1.0,24702
24743,1,1.0,24702
24744,1,1.0,24702
24745,1,1.0,24702
24746,1,1.0,24702
24747,1,1.0,24702
24748,1,1.0,24702
24749,1,1.0,24702
24750,1,1.0,24702
24751,1,1.0,24702
24752,1,1.0,24702
24753,1,1.0,24702
24754,1,1.0,24702
24755,1,1.0,24702
24756,1,1.0,24702
24757,1,1.0,24702
24758,1,1.0,24702
24759,1,1.0,24702
24760,1,1.0,24702
24761,1,1.0,24702
24762,1,1.0,24702
24763,1,1.0,24702
24764,1,1.0,24702
24765,1,1.0,24702
24766,1,1.0,24702
24767,1,1.0,24702
24768,1,1.0,24702
24769,1,1.0,24702
24770,1,1.0,24702
24771,1,1.0,24702
24772,1,1.0,24702
24773,1,1.0,24702
24774,1,1.0,24702
24775,1,1.0,24702
24776,1,1.0,24702
24777,1,1.0,24702
24778,1,1.0,24702
24779,1,1.0,24702
24780,1,1.0,24702
24781,1,1.0,24702
24782,1,1.0,24702
24783,1,1.0,24702
24784,1,1.0,24702
24785,1,1.0,24702
24786,1,1.0,24702
24787,1,1.0,24702
24788,1,1.0,24702
24789,1,1.0,24702
24790,1,1.0,24702
24791,1,1.0,24702
24792,1,1.0,24702
24793,1,1.0,24702
24794,1,1.0,24702
24795,1,1.0,24702
24796,1,1.0,24702
24797,1,1.0,24702
24798,1,1.0,24702
24799,1,1.0,24702
24800,1,1.0,24702
24801,1,1.0,24702
24802,1,1.0,24702
24803,1,1.0,24702
24804,1,1.0,24702
24805,1,1.0,24702
24806,1,1.0,24702
24807,1,1.0,24702
24808,1,1.0,24702
24809,1,1.0,24702
24810,1,1.0,24702
24811,1,1.0,24702
24812,1,1.0,24702
24813,1,1.0,24702
24814,1,1.0,24702
24815,1,1.0,24702
24816,1,1.0,24702
24817,1,1.0,24702
24818,1,1.0,24702
24819,1,1.0,24702
24820,1,1.0,24702
24821,1,1.0,24702
24822,1,1.0,24702
24823,1,1.0,24702
24824,1,1.0,24702
24825,1,1.0,24702
24826,1,1.0,24702
24827,1,1.0,24702
24828,1,1.0,24702
24829,1,1.0,24702
24830,1,1.0,24702
24831,1,1.0,24702
24832,1,1.0,24702
24833,1,1.0,24702
24834,1,1.0,24702
24835,1,1.0,24702
24836,1,1.0,24702
24837,1,1.0,24702
24838,1,1.0,24702
24839,1,1.0,24702
24840,1,1.0,24702
24841,1,1.0,24702
24842,1,1.0,24702
24843,1,1.0,24702
24844,1,1.0,24702
24845,1,1.0,24702
24846,1,1.0,24702
24847,1,1.0,24702
24848,1,1.0,24702
24849,1,1.0,24702
24850,1,1.0,24702
24851,1,1.0,24702
24852,1,1.0,24702
24853,1,1.0,24702
24854,1,1.0,24702
24855,1,1.0,24702
24856,1,1.0,24702
24857,1,1.0,24702
24858,1,1.0,24702
24859,1,1.0,24702
24860,1,1.0,24702
24861,1,1.0,24702
24862,1,1.0,24702
24863,1,1.0,24702
24864,1,1.0,24702
24865,1,1.0,24702
24866,1,1.0,24702
24867,1,1.0,24702
24868,1,1.0,24702
24869,1,1.0,24702
24870,1,1.0,24702
24871,1,1.0,24702
24872,1,1.0,24702
24873,1,1.0,24702
24874,1,1.0,24702
24875,1,1.0,24702
24876,1,1.0,24702
24877,1,1.0,24702
24878,1,1.0,24702
24879,1,1.0,24702
24880,1,1.0,24702
24881,1,1.0,24702
24882,1,1.0,24702
24883,1,1.0,24702
24884,1,1.0,24702
24885,1,1.0,24702
24886,1,1.0,24702
24887,1,1.0,24702
24888,1,1.0,24702
24889,1,1.0,24702
24890,1,1.0,24702
24891,1,1.0,24702
24892,1,1.0,24702
24893,1,1.0,24702
24894,1,1.0,24702
24895,1,1.0,24702
24896,1,1.0,24702
24897,1,1.0,24702
24898,1,1.0,24702
24899,1,1.0,24702
24900,1,1.0,24702
24901,1,1.0,24702
24902,1,1.0,24702
24903,1,1.0,24702
24904,1,1.0,24702
24905,1,1.0,24702
24906,1,1.0,24702
24907,1,1.0,24702
24908,1,1.0,24702
24909,1,1.0,24702
24910,1,1.0,24702
24911,1,1.0,24702
24912,1,1.0,24702
24913,1,1.0,24702
24914,1,1.0,24702
24915,1,1.0,24702
24916,1,1.0,24702
24917,1,1.0,24702
24918,1,1.0,24702
24919,1,1.0,24702
24920,1,1.0,24702
24921,1,1.0,24702
24922,1,1.0,24702
24923,1,1.0,24702
24924,1,1.0,24702
24925,1,1.0,24702
24926,1,1.0,24702
24927,1,1.0,24702
24928,1,1.0,24702
24929,1,1.0,24702
24930,1,1.0,24702
24931,1,1.0,24702
24932,1,1.0,24702
24933,1,1.0,24702
24934,1,1.0,24702
24935,1,1.0,24702
24936,1,1.0,24702
24937,1,1.0,24702
24938,1,1.0,24702
24939,1,1.0,24702
24940,1,1.0,24702
24941,1,1.0,24702
24942,1,1.0,24702
24943,1,1.0,24702
24944,1,1.0,24702
24945,1,1.0,24702
24946,1,1.0,24702
24947,1,1.0,24702
24948,1,1.0,24702
24949,1,1.0,24702
24950,1,1.0,24702
24951,1,1.0,24702
24952,1,1.0,24702
24953,1,1.0,24702
24954,1,1.0,24702
24955,1,1.0,24702
24956,1,1.0,24702
24957,1,1.0,24702
24958,1,1.0,24702
24959,1,1.0,24702
24960,1,1.0,24702
24961,1,1.0,24702
24962,1,1.0,24702
24963,1,1.0,24702
24964,1,1.0,24702
24965,1,1.0,24702
24966,1,1.0,24702
24967,1,1.0,24702
24968,1,1.0,24702
24969,1,1.0,24702
24970,1,1.0,24702
24971,1,1.0,24702
24972,1,1.0,24702
24973,1,1.0,24702
24974,1,1.0,24702
24975,1,1.0,24702
24976,1,1.0,24702
24977,1,1.0,24702
24978,1,1.0,24702
24979,1,1.0,24702
24980,1,1.0,24702
24981,1,1.0,24702
24982,1,1.0,24702
24983,1,1.0,24702
24984,1,1.0,24702
24985,1,1.0,24702
24986,1,1.0,24702
24987,1,1.0,24702
24988,1,1.0,24702
24989,1,1.0,24702
24990,1,1.0,24702
24991,1,1.0,24702
24992,1,1.0,24702
24993,1,1.0,24702
24994,1,1.0,24702
24995,1,1.0,24702
24996,1,1.0,24702
24997,1,1.0,24702
24998,1,1.0,24702
24999,1,1.0,24702
25000,1,1.0,24702
25001,1,1.0,24702
25002,1,1.0,24702
25003,1,1.0,24702
25004,1,1.0,24702
25005,1,1.0,24702
25006,1,1.0,24702
25007,1,1.0,24702
25008,1,1.0,24702
25009,1,1.0,24702
25010,1,1.0,24702
25011,1,1.0,24702
25012,1,1.0,24702
25013,1,1.0,24702
25014,1,1.0,24702
25015,1,1.0,24702
25016,1,1.0,24702
25017,1,1.0,24702
25018,1,1.0,24702
25019,1,1.0,24702
25020,1,1.0,24702
25021,1,1.0,24702
25022,1,1.0,24702
25023,1,1.0,24702
25024,1,1.0,24702
25025,1,1.0,24702
25026,1,1.0,24702
25027,1,1.0,24702
25028,1,1.0,24702
25029,1,1.0,24702
25030,1,1.0,24702
25031,1,1.0,24702
25032,1,1.0,24702
25033,1,1.0,24702
25034,1,1.0,24702
25035,1,1.0,24702
25036,1,1.0,24702
25037,1,1.0,24702
25038,1,1.0,24702
25039,1,1.0,24702
25040,1,1.0,24702
24694,1,-1.0,24697
24694,0,1.0,2931
25500,0,-1.0,2951
25414,0,1.0,23
25414,0,0.0,2384
25415,1,1.0,25409
25416,1,1.0,25409
25417,1,1.0,25409
25418,1,1.0,25409
25419,1,1.0,25409
25420,1,1.0,25409
25421,1,1.0,25409
25422,1,1.0,25409
25423,1,1.0,25409
25424,1,1.0,25409
25425,1,1.0,25409
25426,1,1.0,25409
25427,1,1.0,25409
25428,1,1.0,25409
25429,1,1.0,25409
25430,1,1.0,25409
25431,1,1.0,25409
25432,1,1.0,25409
25433,1,1.0,25409
25434,1,1.0,25409
25435,1,1.0,25409
25436,1,1.0,25409
25438,1,1.0,25409
25439,1,1.0,25409
25440,1,1.0,25409
25441,1,1.0,25409
25442,1,1.0,25409
25443,1,1.0,25409
25444,1,1.0,25409
25445,1,1.0,25409
25446,1,1.0,25409
25447,1,1.0,25409
25448,1,1.0,25409
25449,1,1.0,25409
25401,1,-1.0,25404
25401,0,1.0,2931
