src,dst
0,1
2,3
2,4
4,5
4,6
6,7
6,8
6,9
6,10
6,11
6,12
6,13
6,14
6,15
6,16
6,17
6,18
6,19
6,20
6,21
6,22
6,23
6,24
8,59
8,60
8,61
8,62
9,63
9,64
9,65
9,66
9,67
10,68
10,69
10,70
12,71
12,72
12,73
12,74
13,75
13,76
13,77
14,78
14,79
14,80
14,81
14,82
15,83
15,84
15,85
16,86
16,87
16,88
16,89
17,90
17,91
17,92
17,93
18,94
18,95
18,96
18,97
18,98
19,99
19,100
19,101
19,102
20,103
20,104
20,105
20,106
20,107
21,108
21,109
21,110
21,111
22,112
22,113
22,114
23,115
23,116
23,117
24,121
24,122
25,123
25,124
26,125
26,126
27,127
27,128
28,129
28,130
29,131
29,132
30,133
30,134
31,135
31,136
32,137
32,138
33,139
33,140
34,141
34,142
35,143
35,144
36,145
36,146
37,147
37,148
38,149
38,150
39,151
39,152
40,153
40,154
41,155
41,156
42,157
42,158
43,159
43,160
44,161
44,162
45,163
45,164
46,165
46,166
47,167
47,168
48,169
48,170
49,171
49,172
50,173
50,174
51,175
51,176
52,177
52,178
53,179
53,180
54,181
54,182
55,183
55,184
56,185
56,186
57,187
57,188
58,189
58,190
62,191
62,192
62,193
62,194
62,195
62,196
62,197
62,198
67,199
70,200
70,201
70,202
70,203
74,204
74,205
74,206
74,207
74,208
74,209
77,210
77,211
77,212
82,213
82,214
85,215
85,216
85,217
89,218
89,219
89,220
89,221
89,222
89,223
89,224
93,225
93,226
93,227
93,228
93,229
93,230
93,231
98,232
98,233
98,234
98,235
98,236
98,237
98,238
98,239
98,240
98,241
102,242
102,243
102,244
102,245
102,246
102,247
102,248
102,249
102,250
102,251
107,252
107,253
107,254
111,255
114,256
114,257
114,258
114,259
114,260
117,261
117,262
117,263
117,264
117,265
118,266
118,267
119,268
119,269
120,270
120,271
122,272
124,273
124,274
126,275
126,276
128,277
128,278
130,279
130,280
132,281
132,282
134,283
134,284
136,285
138,286
138,287
140,288
140,289
142,290
142,291
144,292
144,293
146,294
146,295
148,296
150,297
150,298
152,299
152,300
154,301
154,302
156,303
156,304
158,305
158,306
160,307
160,308
162,309
162,310
164,311
164,312
166,313
166,314
168,315
168,316
170,317
170,318
172,319
172,320
174,321
174,322
176,323
176,324
176,325
178,326
178,327
178,328
180,329
180,330
182,331
184,332
184,333
186,334
186,335
186,336
188,337
188,338
190,339
190,340
192,341
192,342
193,349
193,350
194,353
195,354
195,355
196,356
196,357
198,360
199,361
199,362
201,363
205,364
206,365
206,366
207,367
208,369
208,370
209,375
212,376
213,377
214,378
216,379
217,380
219,381
220,382
220,383
221,384
222,385
222,386
223,392
224,396
227,397
230,399
230,400
231,401
234,403
235,404
236,405
236,406
237,407
238,408
238,409
240,410
240,411
241,412
243,413
243,414
244,421
244,422
245,423
245,424
247,426
250,427
250,428
251,431
253,432
253,433
254,434
255,435
257,436
257,437
257,438
259,451
259,452
260,454
261,455
261,456
263,457
264,458
265,459
267,460
267,461
269,462
269,463
271,464
274,467
276,468
276,469
278,470
280,471
280,472
282,473
282,474
284,475
284,476
285,477
287,478
287,479
289,480
289,481
291,482
293,483
295,484
296,485
298,486
298,487
300,488
300,489
302,490
302,491
304,492
304,493
306,494
306,495
308,496
310,497
312,498
314,499
314,500
316,501
316,502
318,503
320,504
320,505
322,506
322,507
322,508
325,509
325,510
325,511
328,512
328,513
328,514
328,515
330,516
331,517
333,518
333,519
336,520
336,521
336,522
338,523
338,524
338,525
340,526
340,527
341,528
341,529
342,530
342,531
343,532
343,533
344,534
344,535
345,536
345,537
346,538
346,539
347,540
347,541
348,542
349,543
349,544
349,545
351,546
351,547
352,548
352,549
358,552
358,553
359,554
359,555
360,556
360,557
361,558
362,559
363,560
363,561
364,566
365,568
366,569
368,571
368,572
369,573
371,574
372,575
372,576
373,577
373,578
374,579
374,580
375,581
377,584
377,585
378,588
378,589
378,590
379,591
381,593
382,595
383,596
383,597
385,599
385,600
386,601
387,602
387,603
388,604
388,605
389,606
389,607
390,608
390,609
391,610
391,611
392,612
392,613
393,615
393,616
394,617
394,618
395,619
396,620
397,624
398,630
398,631
399,632
399,633
399,634
399,635
402,638
405,642
405,643
406,644
408,646
410,649
411,650
411,651
413,652
413,653
414,654
414,655
415,656
415,657
416,658
416,659
417,660
417,661
418,662
418,663
419,664
419,665
420,666
421,667
421,668
421,669
425,670
425,671
426,676
427,681
428,682
429,683
429,684
430,685
430,686
431,687
431,688
432,689
435,690
438,693
438,694
438,695
438,696
438,697
438,698
439,699
439,700
440,701
441,702
442,703
443,704
444,705
445,706
446,707
447,708
448,709
449,710
449,711
450,712
450,713
451,717
453,718
453,719
455,720
456,721
457,724
458,725
465,728
465,729
466,730
467,731
467,732
467,733
469,734
469,735
469,736
469,737
469,738
470,739
470,740
470,741
472,742
474,743
474,744
476,745
477,746
479,747
481,748
482,749
483,750
484,751
487,752
489,753
491,754
491,755
491,756
491,757
491,758
493,759
493,760
495,761
495,762
495,763
495,764
496,765
497,766
498,767
498,768
500,769
500,770
502,771
502,772
502,773
502,774
503,775
503,776
503,777
503,778
503,779
505,780
505,781
505,782
505,783
505,784
505,785
505,786
505,787
508,788
508,789
508,790
508,791
510,792
511,793
513,794
515,798
516,799
516,800
517,801
519,802
519,803
519,804
519,805
519,806
519,807
519,808
521,809
522,810
525,811
525,812
525,813
527,814
527,815
528,816
529,817
530,818
531,819
541,820
543,823
544,826
545,828
551,840
556,841
556,842
556,843
558,844
560,848
561,852
563,854
566,855
567,856
567,857
568,858
568,859
572,862
578,865
578,866
581,870
583,872
584,874
585,875
587,876
588,877
588,878
592,879
593,880
595,881
600,884
607,885
607,886
609,887
611,888
611,889
612,890
612,891
613,893
614,894
614,895
616,896
616,897
618,898
618,899
618,900
620,903
621,906
621,907
622,908
622,909
625,912
625,913
626,914
626,915
627,916
628,917
629,918
631,919
631,920
631,921
633,927
634,928
635,930
635,931
637,932
642,942
642,943
643,944
644,946
646,950
648,951
649,952
652,953
653,954
654,955
655,956
665,957
667,961
667,962
668,964
669,966
673,972
676,973
678,975
680,976
681,977
687,978
687,979
687,980
689,981
689,982
694,987
694,988
695,990
696,991
697,992
698,993
713,994
713,995
714,996
714,997
717,999
720,1000
721,1001
724,1003
726,1004
726,1005
728,1006
732,1007
733,1008
735,1010
736,1011
737,1014
738,1015
740,1017
740,1018
741,1019
742,1020
744,1021
745,1022
746,1023
746,1024
755,1026
756,1027
757,1028
757,1029
758,1033
760,1035
762,1037
762,1038
763,1039
763,1040
764,1044
765,1045
766,1046
768,1048
770,1050
772,1051
772,1052
773,1057
773,1058
774,1059
776,1060
777,1064
777,1065
778,1068
779,1070
781,1071
781,1072
782,1077
783,1080
784,1081
785,1082
786,1083
787,1086
789,1088
791,1090
794,1093
795,1096
795,1097
795,1098
796,1102
796,1103
797,1104
797,1105
798,1106
800,1107
801,1108
803,1109
803,1110
804,1112
804,1113
805,1114
805,1115
806,1117
806,1118
807,1123
807,1124
808,1132
812,1135
813,1136
815,1137
816,1139
817,1140
817,1141
824,1143
824,1144
825,1145
825,1146
827,1149
828,1150
829,1152
830,1153
830,1154
831,1155
831,1156
832,1157
832,1158
833,1159
833,1160
836,1161
837,1162
837,1163
838,1164
838,1165
839,1166
844,1167
847,1172
847,1173
848,1176
849,1177
849,1178
850,1179
851,1180
860,1184
861,1185
861,1186
863,1187
863,1188
864,1189
866,1190
866,1191
867,1192
867,1193
868,1194
868,1195
869,1196
869,1197
870,1198
870,1199
871,1202
871,1203
873,1204
875,1206
882,1209
883,1210
883,1211
884,1214
884,1215
884,1216
890,1217
890,1218
892,1219
892,1220
897,1222
897,1223
898,1224
898,1225
901,1226
901,1227
902,1228
902,1229
903,1230
903,1231
904,1234
904,1235
905,1236
907,1237
909,1238
910,1241
910,1242
911,1243
911,1244
913,1245
922,1247
922,1248
923,1249
924,1250
924,1251
925,1252
925,1253
926,1254
927,1257
927,1258
928,1261
929,1263
929,1264
930,1265
931,1266
931,1267
935,1268
935,1269
936,1270
936,1271
937,1272
937,1273
938,1274
938,1275
939,1276
940,1277
940,1278
941,1279
941,1280
947,1281
947,1282
948,1283
949,1284
950,1285
952,1286
954,1292
954,1293
960,1294
963,1295
965,1298
966,1299
967,1301
968,1302
968,1303
969,1304
969,1305
970,1306
970,1307
971,1308
971,1309
973,1310
974,1313
974,1314
982,1315
983,1316
986,1317
986,1318
987,1319
989,1320
989,1321
990,1322
991,1325
991,1326
991,1327
991,1328
993,1332
993,1333
998,1334
998,1335
999,1338
1000,1339
1002,1340
1003,1341
1006,1347
1009,1349
1009,1350
1010,1351
1011,1354
1012,1357
1012,1358
1013,1359
1013,1360
1014,1363
1016,1364
1016,1365
1020,1366
1020,1367
1020,1368
1021,1369
1021,1370
1021,1371
1022,1372
1027,1382
1028,1384
1029,1385
1029,1386
1030,1387
1031,1388
1031,1389
1032,1390
1033,1391
1033,1392
1033,1393
1034,1394
1034,1395
1035,1396
1036,1397
1036,1398
1037,1399
1038,1400
1039,1401
1040,1402
1041,1403
1042,1404
1042,1405
1043,1406
1044,1407
1044,1408
1045,1409
1045,1410
1046,1411
1046,1412
1047,1413
1047,1414
1049,1415
1049,1416
1050,1417
1051,1418
1052,1419
1053,1420
1054,1421
1055,1422
1056,1423
1056,1424
1057,1425
1057,1426
1059,1427
1059,1428
1060,1429
1060,1430
1061,1432
1061,1433
1062,1434
1063,1435
1063,1436
1064,1437
1064,1438
1066,1439
1066,1440
1067,1441
1067,1442
1068,1443
1069,1444
1070,1445
1070,1446
1070,1447
1071,1448
1072,1449
1072,1450
1073,1451
1073,1452
1074,1453
1075,1454
1075,1455
1076,1456
1076,1457
1078,1460
1078,1461
1079,1462
1080,1463
1081,1466
1082,1467
1084,1470
1084,1471
1085,1472
1085,1473
1086,1474
1086,1475
1087,1476
1087,1477
1088,1478
1089,1481
1089,1482
1089,1483
1090,1487
1090,1488
1090,1489
1093,1491
1093,1492
1099,1493
1099,1494
1103,1495
1103,1496
1103,1497
1105,1498
1105,1499
1106,1501
1106,1502
1107,1503
1107,1504
1107,1505
1109,1506
1110,1507
1111,1508
1111,1509
1112,1510
1112,1511
1113,1512
1114,1513
1115,1514
1115,1515
1116,1516
1116,1517
1117,1518
1118,1519
1118,1520
1119,1521
1119,1522
1120,1523
1121,1524
1122,1525
1122,1526
1123,1527
1124,1528
1125,1529
1125,1530
1126,1531
1127,1532
1128,1533
1128,1534
1129,1535
1130,1536
1130,1537
1131,1538
1131,1539
1136,1544
1136,1545
1136,1546
1136,1547
1137,1548
1137,1549
1138,1550
1138,1551
1140,1552
1140,1553
1140,1554
1144,1558
1151,1561
1169,1564
1176,1567
1181,1572
1181,1573
1183,1574
1183,1575
1188,1576
1188,1577
1191,1578
1191,1579
1193,1580
1193,1581
1193,1582
1195,1583
1195,1584
1197,1585
1197,1586
1198,1587
1199,1589
1200,1590
1200,1591
1201,1592
1201,1593
1205,1594
1205,1595
1208,1597
1212,1598
1220,1603
1220,1604
1223,1607
1223,1608
1223,1609
1223,1610
1227,1611
1227,1612
1227,1613
1229,1614
1229,1615
1231,1619
1232,1620
1232,1621
1233,1622
1233,1623
1239,1624
1239,1625
1242,1626
1244,1627
1244,1628
1251,1629
1255,1631
1255,1632
1257,1633
1262,1636
1263,1637
1265,1638
1275,1639
1278,1640
1280,1641
1285,1647
1290,1650
1291,1651
1291,1652
1292,1653
1292,1654
1292,1655
1300,1663
1309,1664
1310,1665
1319,1671
1319,1672
1325,1678
1326,1679
1327,1680
1327,1681
1328,1682
1329,1683
1330,1686
1331,1687
1331,1688
1331,1689
1338,1691
1341,1693
1342,1694
1342,1695
1344,1696
1344,1697
1347,1698
1348,1699
1350,1700
1350,1701
1351,1702
1351,1703
1363,1704
1367,1709
1367,1710
1369,1711
1369,1712
1369,1713
1372,1714
1372,1715
1373,1716
1373,1717
1374,1718
1374,1719
1378,1721
1378,1722
1379,1723
1379,1724
1382,1726
1384,1727
1389,1728
1389,1729
1389,1730
1389,1731
1395,1732
1395,1733
1396,1734
1396,1735
1396,1736
1398,1739
1398,1740
1399,1741
1401,1742
1401,1743
1401,1744
1405,1745
1405,1746
1414,1747
1416,1748
1416,1749
1417,1750
1417,1751
1417,1752
1418,1755
1419,1756
1428,1760
1429,1761
1429,1762
1430,1763
1433,1764
1433,1765
1436,1766
1436,1767
1438,1771
1442,1775
1443,1778
1448,1779
1449,1780
1450,1781
1464,1792
1465,1793
1466,1795
1468,1797
1469,1798
1474,1799
1474,1800
1474,1801
1477,1802
1477,1803
1484,1804
1484,1805
1490,1806
1490,1807
1495,1808
1495,1809
1498,1810
1501,1811
1502,1812
1503,1813
1503,1814
1506,1816
1506,1817
1509,1818
1509,1819
1510,1820
1511,1821
1518,1822
1518,1823
1518,1824
1527,1828
1530,1829
1530,1830
1534,1831
1534,1832
1537,1833
1537,1834
1540,1835
1540,1836
1541,1837
1541,1838
1544,1841
1544,1842
1549,1843
1551,1844
1551,1845
1555,1846
1555,1847
1556,1848
1556,1849
1557,1850
1557,1851
1559,1857
1559,1858
1560,1859
1564,1862
1565,1863
1566,1864
1568,1866
1568,1867
1573,1868
1573,1869
1580,1872
1580,1873
1583,1874
1585,1875
1585,1876
1585,1877
1585,1878
1587,1879
1588,1881
1588,1882
1589,1883
1599,1888
1599,1889
1600,1890
1600,1891
1601,1892
1601,1893
1602,1894
1605,1895
1605,1896
1606,1897
1607,1898
1607,1899
1608,1900
1608,1901
1611,1902
1611,1903
1614,1904
1614,1905
1614,1906
1614,1907
1616,1908
1616,1909
1617,1912
1617,1913
1618,1914
1618,1915
1619,1916
1626,1917
1634,1927
1634,1928
1635,1929
1641,1938
1641,1939
1642,1941
1642,1942
1643,1943
1644,1944
1645,1945
1645,1946
1646,1947
1646,1948
1647,1949
1647,1950
1649,1952
1649,1953
1652,1954
1657,1955
1657,1956
1658,1957
1658,1958
1659,1959
1659,1960
1660,1961
1660,1962
1660,1963
1661,1964
1661,1965
1662,1966
1665,1967
1666,1969
1667,1970
1667,1971
1668,1972
1669,1973
1675,1976
1675,1977
1676,1978
1676,1979
1677,1980
1677,1981
1678,1982
1680,1984
1682,1985
1682,1986
1682,1987
1684,1988
1684,1989
1685,1990
1685,1991
1690,1992
1690,1993
1691,1994
1691,1995
1693,1997
1697,1998
1697,1999
1703,2000
1704,2001
1707,2005
1712,2006
1712,2007
1725,2008
1725,2009
1728,2012
1728,2013
1728,2014
1729,2015
1729,2016
1729,2017
1742,2019
1742,2020
1747,2021
1758,2025
1758,2026
1761,2034
1762,2035
1763,2036
1766,2037
1768,2038
1768,2039
1769,2041
1769,2042
1770,2043
1772,2045
1772,2046
1776,2048
1776,2049
1777,2050
1777,2051
1778,2052
1784,2055
1784,2056
1785,2057
1785,2058
1786,2059
1786,2060
1787,2061
1787,2062
1788,2063
1788,2064
1789,2065
1789,2066
1794,2067
1796,2070
1807,2073
1807,2074
1812,2079
1815,2080
1815,2081
1820,2082
1828,2084
1831,2086
1831,2087
1836,2088
1836,2089
1838,2090
1838,2091
1838,2092
1839,2093
1839,2094
1840,2095
1840,2096
1843,2097
1843,2098
1843,2099
1849,2100
1860,2101
1865,2105
1865,2106
1870,2107
1870,2108
1880,2109
1880,2110
1887,2112
1889,2113
1889,2114
1891,2115
1891,2116
1893,2117
1896,2118
1905,2119
1905,2120
1909,2121
1910,2122
1910,2123
1913,2124
1913,2125
1913,2126
1913,2127
1923,2130
1923,2131
1926,2132
1926,2133
1928,2134
1928,2135
1935,2138
1938,2146
1938,2147
1942,2148
1942,2149
1946,2150
1948,2151
1949,2152
1958,2153
1961,2154
1968,2156
1981,2160
1981,2161
1982,2162
1986,2170
1989,2171
1994,2172
1994,2173
1996,2174
1996,2175
2009,2181
2011,2182
2029,2188
2031,2189
2034,2190
2039,2192
2039,2193
2040,2194
2042,2195
2042,2196
2046,2200
2046,2201
2051,2202
2052,2204
2052,2205
2053,2207
2053,2208
2054,2209
2054,2210
2072,2214
2072,2215
2076,2216
2076,2217
2078,2218
2078,2219
2082,2220
2084,2221
2106,2227
2106,2228
2107,2229
2107,2230
2110,2231
2110,2232
2110,2233
2123,2235
2123,2236
2125,2237
2125,2238
2130,2239
2132,2240
2151,2247
2157,2254
2157,2255
2160,2257
2161,2258
2161,2259
2162,2260
2164,2261
2165,2262
2166,2263
2166,2264
2168,2265
2186,2270
2197,2273
2199,2274
2203,2275
2203,2276
2204,2277
2206,2278
2211,2279
2212,2280
2213,2281
2231,2295
2231,2296
2235,2297
2239,2298
2239,2299
2240,2300
2240,2301
2240,2302
2248,2308
2248,2309
2253,2311
2265,2314
2266,2315
2266,2316
2270,2320
2276,2324
2277,2326
2277,2327
2301,2335
2301,2336
2304,2340
2306,2341
2307,2342
2310,2343
2325,2347
2325,2348
2326,2349
2327,2350
2327,2351
2358,2361
2358,2362
2364,2365
2365,2366
2365,2367
2367,2368
2367,2369
2369,2370
2369,2371
2369,2372
2369,2373
2369,2374
2369,2375
2369,2376
2369,2377
2369,2378
2369,2379
2369,2380
2369,2381
2369,2382
2369,2383
2369,2384
2369,2385
2369,2386
2370,2387
2370,2388
2370,2389
2370,2390
2371,2391
2371,2392
2371,2393
2371,2394
2371,2395
2372,2396
2372,2397
2372,2398
2373,2399
2373,2400
2373,2401
2373,2402
2374,2403
2374,2404
2374,2405
2375,2406
2375,2407
2375,2408
2375,2409
2375,2410
2376,2411
2376,2412
2376,2413
2377,2414
2377,2415
2377,2416
2377,2417
2378,2418
2378,2419
2378,2420
2378,2421
2379,2422
2379,2423
2379,2424
2379,2425
2379,2426
2380,2427
2380,2428
2380,2429
2380,2430
2381,2431
2381,2432
2381,2433
2381,2434
2381,2435
2382,2436
2382,2437
2382,2438
2382,2439
2383,2440
2383,2441
2383,2442
2384,2443
2384,2444
2384,2445
2390,2448
2390,2449
2390,2450
2390,2451
2390,2452
2390,2453
2395,2454
2398,2455
2398,2456
2398,2457
2398,2458
2402,2459
2402,2460
2402,2461
2402,2462
2402,2463
2405,2464
2405,2465
2410,2466
2410,2467
2413,2468
2413,2469
2417,2470
2417,2471
2417,2472
2417,2473
2417,2474
2417,2475
2417,2476
2421,2477
2421,2478
2421,2479
2421,2480
2421,2481
2426,2482
2426,2483
2426,2484
2426,2485
2426,2486
2426,2487
2426,2488
2426,2489
2430,2490
2430,2491
2430,2492
2430,2493
2430,2494
2430,2495
2430,2496
2430,2497
2435,2498
2435,2499
2439,2500
2442,2501
2442,2502
2442,2503
2442,2504
2445,2505
2445,2506
2445,2507
2445,2508
2445,2509
2449,2510
2449,2511
2450,2512
2450,2513
2451,2514
2453,2515
2454,2516
2454,2517
2456,2518
2460,2519
2461,2520
2461,2521
2462,2522
2463,2523
2465,2524
2466,2525
2467,2526
2468,2527
2469,2528
2471,2529
2472,2530
2472,2531
2473,2532
2473,2533
2474,2534
2474,2535
2475,2536
2476,2537
2480,2538
2480,2539
2481,2540
2484,2541
2485,2542
2485,2543
2486,2544
2486,2545
2488,2546
2488,2547
2489,2548
2491,2549
2491,2550
2492,2551
2492,2552
2494,2553
2497,2554
2499,2555
2500,2556
2501,2557
2501,2558
2501,2559
2503,2560
2503,2561
2504,2562
2505,2563
2505,2564
2507,2565
2508,2566
2509,2567
2510,2568
2511,2569
2511,2570
2512,2571
2516,2575
2517,2576
2518,2577
2519,2582
2520,2584
2521,2585
2522,2586
2523,2588
2525,2591
2526,2594
2526,2595
2526,2596
2527,2597
2529,2599
2530,2601
2531,2602
2531,2603
2532,2604
2534,2605
2536,2606
2536,2607
2537,2609
2538,2614
2538,2615
2538,2616
2539,2617
2539,2618
2542,2622
2544,2623
2546,2626
2547,2627
2547,2628
2549,2629
2550,2630
2550,2631
2551,2632
2553,2637
2554,2642
2554,2643
2556,2644
2559,2645
2559,2646
2559,2647
2559,2648
2559,2649
2559,2650
2563,2651
2564,2652
2565,2655
2566,2656
2569,2659
2570,2660
2571,2661
2574,2663
2575,2664
2579,2669
2582,2670
2583,2671
2583,2672
2584,2673
2584,2674
2588,2675
2588,2676
2590,2678
2593,2679
2594,2680
2594,2681
2598,2682
2599,2683
2601,2684
2609,2685
2609,2686
2610,2688
2610,2689
2611,2690
2612,2691
2613,2692
2614,2693
2614,2694
2615,2695
2616,2696
2616,2697
2618,2698
2618,2699
2618,2700
2620,2701
2623,2702
2623,2703
2625,2704
2626,2705
2630,2706
2631,2707
2632,2708
2634,2710
2637,2711
2639,2713
2641,2714
2646,2717
2646,2718
2647,2719
2647,2720
2648,2721
2649,2722
2650,2723
2650,2724
2651,2729
2652,2730
2655,2732
2656,2735
2658,2737
2658,2738
2661,2739
2662,2741
2675,2753
2675,2754
2677,2755
2677,2756
2685,2763
2693,2765
2695,2766
2696,2768
2702,2769
2703,2770
2703,2771
2708,2779
2709,2781
2711,2782
2712,2785
2712,2786
2717,2787
2719,2788
2721,2789
2721,2790
2721,2791
2722,2793
2723,2795
2725,2796
2725,2797
2725,2798
2728,2799
2728,2800
2731,2802
2732,2803
2732,2804
2734,2806
2734,2807
2735,2808
2736,2811
2736,2812
2740,2813
2745,2814
2752,2815
2752,2816
2753,2817
2754,2818
2758,2819
2762,2820
2767,2822
2768,2823
2769,2824
2774,2826
2774,2827
2778,2828
2780,2829
2782,2830
2787,2832
2787,2833
2789,2836
2791,2837
2792,2838
2793,2839
2794,2840
2795,2841
2799,2842
2799,2843
2800,2844
2800,2845
2803,2846
2804,2847
2805,2848
2805,2849
2808,2850
2812,2851
2812,2852
2814,2853
2817,2854
2830,2862
2836,2864
2837,2867
2837,2868
2842,2873
2842,2874
2846,2875
2847,2876
2855,2878
2855,2879
2858,2880
2858,2881
2861,2882
2863,2884
2864,2885
2865,2887
2879,2891
2879,2892
2879,2893
2880,2894
2891,2909
2891,2910
2894,2911
2894,2912
2894,2913
2895,2914
2895,2915
2901,2916
2903,2919
2903,2920
2912,2921
2912,2922
2916,2923
2925,2926
2925,2927
2927,2928
2928,2929
2929,2930
2929,2931
2929,2932
2929,2933
2931,2934
2931,2935
2931,2936
2931,2937
2932,2938
2933,2944
2937,2945
2937,2946
2939,2948
2939,2949
2940,2950
2940,2951
2941,2952
2941,2953
2942,2954
2942,2955
2943,2956
2943,2957
2947,2966
2949,2967
2949,2968
2951,2969
2951,2970
2951,2971
2953,2972
2953,2973
2953,2974
2955,2975
2955,2976
2955,2977
2955,2978
2955,2979
2957,2980
2957,2981
2957,2982
2958,2983
2959,2984
2959,2985
2960,2986
2960,2987
2961,2988
2962,2989
2963,2990
2963,2991
2964,2995
2965,2996
2965,2997
2968,2998
2971,2999
2974,3000
2979,3001
2979,3002
2979,3003
2982,3004
2982,3005
2982,3006
2985,3007
2987,3008
2992,3011
2997,3012
2997,3013
2998,3015
2999,3017
2999,3018
3000,3020
3000,3021
3002,3023
3003,3024
3003,3025
3006,3027
3006,3028
3009,3030
3014,3032
3016,3034
3018,3035
3019,3036
3021,3037
3021,3038
3022,3039
3025,3041
3026,3042
3028,3043
3037,3050
3037,3051
3038,3052
3038,3053
3040,3058
3041,3060
3043,3066
3043,3067
3044,3069
3044,3070
3045,3071
3046,3072
3049,3077
3052,3078
3053,3079
3059,3080
3063,3083
3070,3084
3090,3091
3092,3097
3093,3098
3093,3099
3094,3100
3094,3101
3095,3102
3096,3103
3098,3104
3098,3105
3101,3106
3101,3107
3110,3114
3111,3115
3111,3116
3112,3117
3112,3118
3122,3123
3124,3127
3124,3128
3125,3129
3126,3130
3127,3131
3131,3132
3132,3133
3132,3134
3132,3135
3132,3136
3137,3228
3137,3229
3138,3230
3139,3231
3140,3232
3140,3233
3141,3234
3142,3235
3143,3236
3143,3237
3144,3238
3145,3239
3146,3240
3147,3241
3148,3242
3148,3243
3149,3244
3150,3245
3150,3246
3151,3247
3152,3248
3153,3249
3154,3250
3155,3251
3156,3252
3156,3253
3157,3254
3158,3255
3158,3256
3159,3257
3160,3258
3161,3259
3161,3260
3162,3261
3162,3262
3163,3263
3163,3264
3164,3265
3164,3266
3165,3267
3166,3268
3167,3269
3168,3270
3169,3271
3170,3272
3171,3273
3172,3274
3173,3275
3174,3276
3175,3277
3176,3278
3177,3279
3178,3280
3179,3281
3180,3282
3181,3283
3182,3284
3183,3285
3184,3286
3185,3287
3185,3288
3186,3289
3187,3290
3188,3291
3189,3292
3190,3293
3191,3294
3192,3295
3193,3296
3194,3297
3195,3298
3196,3299
3197,3300
3198,3301
3199,3302
3200,3303
3201,3304
3202,3305
3203,3306
3204,3307
3205,3308
3206,3309
3207,3310
3208,3311
3209,3312
3210,3313
3211,3314
3212,3315
3213,3316
3214,3317
3215,3318
3216,3319
3217,3320
3218,3321
3219,3322
3220,3323
3221,3324
3222,3325
3223,3326
3224,3327
3225,3328
3226,3329
3227,3330
3259,3332
3259,3333
3261,3334
3263,3335
3265,3336
3288,3337
3331,3338
3331,3339
3331,3340
3339,3341
3342,3343
3344,3347
3344,3348
3345,3349
3346,3350
3347,3351
3351,3352
3351,3353
3351,3354
3351,3355
3351,3356
3351,3357
3351,3358
3351,3359
3351,3360
3351,3361
3351,3362
3351,3363
3351,3364
3351,3365
3351,3366
3351,3367
3351,3368
3351,3369
3351,3370
3351,3371
3351,3372
3351,3373
3351,3374
3351,3375
3351,3376
3351,3377
3351,3378
3351,3379
3351,3380
3351,3381
3352,3382
3352,3383
3352,3384
3385,3437
3385,3438
3386,3439
3386,3440
3387,3441
3388,3442
3389,3443
3389,3444
3390,3445
3390,3446
3391,3447
3391,3448
3392,3449
3392,3450
3393,3451
3393,3452
3394,3453
3394,3454
3395,3455
3395,3456
3396,3457
3396,3458
3397,3459
3397,3460
3398,3461
3398,3462
3399,3463
3399,3464
3400,3465
3400,3466
3401,3467
3401,3468
3402,3469
3402,3470
3403,3471
3403,3472
3404,3473
3404,3474
3405,3475
3405,3476
3406,3477
3406,3478
3407,3479
3407,3480
3408,3481
3408,3482
3409,3483
3409,3484
3410,3485
3410,3486
3411,3487
3411,3488
3412,3489
3412,3490
3413,3491
3413,3492
3414,3493
3414,3494
3415,3495
3415,3496
3416,3497
3416,3498
3417,3499
3417,3500
3418,3501
3419,3502
3420,3503
3421,3504
3422,3505
3423,3506
3424,3507
3425,3508
3426,3509
3427,3510
3428,3511
3428,3512
3429,3513
3429,3514
3430,3515
3430,3516
3431,3517
3431,3518
3432,3519
3433,3520
3434,3521
3435,3522
3436,3523
3436,3524
3443,3530
3445,3531
3447,3532
3449,3533
3451,3534
3453,3535
3455,3536
3457,3537
3459,3538
3461,3539
3463,3540
3465,3541
3467,3542
3469,3543
3471,3544
3473,3545
3475,3546
3477,3547
3479,3548
3481,3549
3483,3550
3485,3551
3487,3552
3489,3553
3491,3554
3493,3555
3495,3556
3497,3557
3499,3558
3511,3569
3511,3570
3513,3571
3515,3572
3517,3573
3517,3574
3523,3583
3525,3584
3525,3585
3569,3586
3571,3587
3571,3588
3572,3589
3572,3590
3573,3591
3587,3592
3589,3593
3594,3595
3596,3597
3598,3601
3598,3602
3599,3603
3600,3604
3601,3605
3605,3606
3606,3607
3606,3608
3606,3609
3606,3610
3606,3611
3612,4570
3612,4571
3613,4572
3614,4573
3614,4574
3615,4575
3615,4576
3615,4577
3616,4578
3616,4579
3616,4580
3616,4581
3617,4582
3617,4583
3618,4584
3618,4585
3619,4586
3619,4587
3619,4588
3620,4589
3620,4590
3620,4591
3621,4592
3622,4593
3622,4594
3623,4595
3623,4596
3624,4597
3624,4598
3624,4599
3625,4600
3625,4601
3626,4602
3627,4603
3627,4604
3627,4605
3628,4606
3628,4607
3629,4608
3630,4609
3630,4610
3631,4611
3631,4612
3632,4613
3632,4614
3632,4615
3633,4616
3633,4617
3634,4618
3635,4619
3635,4620
3635,4621
3636,4622
3636,4623
3637,4624
3638,4625
3638,4626
3639,4627
3639,4628
3640,4629
3640,4630
3640,4631
3641,4632
3641,4633
3642,4634
3643,4635
3643,4636
3643,4637
3644,4638
3644,4639
3645,4640
3646,4641
3646,4642
3647,4643
3647,4644
3648,4645
3648,4646
3648,4647
3649,4648
3650,4649
3651,4650
3652,4651
3652,4652
3653,4653
3653,4654
3654,4655
3654,4656
3655,4657
3655,4658
3656,4659
3657,4660
3658,4661
3659,4662
3659,4663
3660,4664
3660,4665
3661,4666
3662,4667
3663,4668
3664,4669
3665,4670
3666,4671
3666,4672
3667,4673
3668,4674
3668,4675
3669,4676
3669,4677
3669,4678
3670,4679
3670,4680
3670,4681
3671,4682
3671,4683
3672,4684
3673,4685
3674,4686
3675,4687
3675,4688
3675,4689
3676,4690
3676,4691
3677,4692
3677,4693
3677,4694
3677,4695
3678,4696
3679,4697
3680,4698
3680,4699
3681,4700
3681,4701
3682,4702
3683,4703
3684,4704
3684,4705
3685,4706
3685,4707
3686,4708
3686,4709
3687,4710
3687,4711
3688,4712
3689,4713
3689,4714
3690,4715
3690,4716
3691,4717
3691,4718
3692,4719
3693,4720
3693,4721
3694,4722
3694,4723
3695,4724
3695,4725
3696,4726
3696,4727
3697,4728
3698,4729
3699,4730
3700,4731
3701,4732
3701,4733
3702,4734
3702,4735
3703,4736
3704,4737
3705,4738
3706,4739
3707,4740
3707,4741
3708,4742
3709,4743
3709,4744
3710,4745
3710,4746
3711,4747
3712,4748
3713,4749
3713,4750
3714,4751
3715,4752
3716,4753
3717,4754
3718,4755
3718,4756
3719,4757
3720,4758
3721,4759
3721,4760
3722,4761
3723,4762
3724,4763
3724,4764
3725,4765
3725,4766
3726,4767
3727,4768
3728,4769
3729,4770
3730,4771
3730,4772
3731,4773
3731,4774
3732,4775
3733,4776
3733,4777
3734,4778
3734,4779
3735,4780
3735,4781
3736,4782
3736,4783
3737,4784
3738,4785
3739,4786
3739,4787
3740,4788
3741,4789
3741,4790
3742,4791
3742,4792
3743,4793
3744,4794
3745,4795
3746,4796
3747,4797
3748,4798
3748,4799
3749,4800
3750,4801
3750,4802
3751,4803
3752,4804
3752,4805
3753,4806
3754,4807
3754,4808
3755,4809
3755,4810
3756,4811
3757,4812
3758,4813
3758,4814
3759,4815
3759,4816
3760,4817
3761,4818
3761,4819
3762,4820
3763,4821
3764,4822
3764,4823
3765,4824
3765,4825
3766,4826
3766,4827
3767,4828
3767,4829
3768,4830
3769,4831
3769,4832
3770,4833
3771,4834
3772,4835
3773,4836
3773,4837
3774,4838
3775,4839
3775,4840
3776,4841
3776,4842
3777,4843
3777,4844
3778,4845
3779,4846
3780,4847
3781,4848
3782,4849
3783,4850
3784,4851
3785,4852
3786,4853
3786,4854
3787,4855
3788,4856
3788,4857
3789,4858
3790,4859
3791,4860
3792,4861
3792,4862
3793,4863
3794,4864
3795,4865
3796,4866
3796,4867
3797,4868
3797,4869
3798,4870
3798,4871
3799,4872
3800,4873
3800,4874
3801,4875
3801,4876
3802,4877
3803,4878
3804,4879
3805,4880
3805,4881
3806,4882
3806,4883
3807,4884
3808,4885
3808,4886
3809,4887
3810,4888
3811,4889
3811,4890
3812,4891
3812,4892
3813,4893
3813,4894
3814,4895
3815,4896
3816,4897
3817,4898
3817,4899
3818,4900
3819,4901
3820,4902
3821,4903
3822,4904
3823,4905
3824,4906
3825,4907
3826,4908
3826,4909
3827,4910
3828,4911
3828,4912
3829,4913
3829,4914
3830,4915
3830,4916
3831,4917
3832,4918
3833,4919
3834,4920
3835,4921
3835,4922
3836,4923
3837,4924
3837,4925
3838,4926
3839,4927
3840,4928
3841,4929
3841,4930
3842,4931
3843,4932
3844,4933
3845,4934
3845,4935
3846,4936
3847,4937
3848,4938
3848,4939
3849,4940
3850,4941
3851,4942
3851,4943
3852,4944
3852,4945
3853,4946
3853,4947
3854,4948
3854,4949
3855,4950
3856,4951
3856,4952
3857,4953
3857,4954
3858,4955
3858,4956
3859,4957
3859,4958
3860,4959
3860,4960
3861,4961
3862,4962
3863,4963
3863,4964
3864,4965
3864,4966
3865,4967
3865,4968
3866,4969
3867,4970
3867,4971
3868,4972
3868,4973
3869,4974
3869,4975
3870,4976
3871,4977
3872,4978
3873,4979
3873,4980
3874,4981
3875,4982
3876,4983
3876,4984
3877,4985
3878,4986
3878,4987
3879,4988
3879,4989
3880,4990
3881,4991
3882,4992
3883,4993
3884,4994
3885,4995
3886,4996
3887,4997
3887,4998
3888,4999
3889,5000
3890,5001
3891,5002
3891,5003
3892,5004
3892,5005
3893,5006
3894,5007
3894,5008
3895,5009
3895,5010
3896,5011
3897,5012
3898,5013
3899,5014
3899,5015
3900,5016
3900,5017
3901,5018
3902,5019
3903,5020
3904,5021
3905,5022
3906,5023
3906,5024
3907,5025
3907,5026
3908,5027
3908,5028
3909,5029
3909,5030
3910,5031
3910,5032
3911,5033
3911,5034
3912,5035
3913,5036
3913,5037
3914,5038
3915,5039
3915,5040
3916,5041
3917,5042
3917,5043
3918,5044
3918,5045
3919,5046
3919,5047
3920,5048
3921,5049
3922,5050
3922,5051
3923,5052
3923,5053
3924,5054
3924,5055
3925,5056
3926,5057
3927,5058
3928,5059
3928,5060
3929,5061
3929,5062
3930,5063
3931,5064
3932,5065
3932,5066
3933,5067
3934,5068
3934,5069
3935,5070
3935,5071
3936,5072
3936,5073
3937,5074
3937,5075
3938,5076
3939,5077
3939,5078
3940,5079
3940,5080
3941,5081
3942,5082
3942,5083
3943,5084
3943,5085
3944,5086
3945,5087
3946,5088
3947,5089
3948,5090
3949,5091
3950,5092
3950,5093
3951,5094
3951,5095
3952,5096
3953,5097
3953,5098
3954,5099
3954,5100
3955,5101
3955,5102
3956,5103
3956,5104
3957,5105
3958,5106
3959,5107
3959,5108
3960,5109
3960,5110
3961,5111
3962,5112
3963,5113
3963,5114
3964,5115
3964,5116
3965,5117
3965,5118
3966,5119
3966,5120
3967,5121
3968,5122
3969,5123
3970,5124
3971,5125
3972,5126
3973,5127
3974,5128
3974,5129
3975,5130
3975,5131
3976,5132
3977,5133
3977,5134
3978,5135
3978,5136
3979,5137
3979,5138
3980,5139
3981,5140
3981,5141
3982,5142
3982,5143
3983,5144
3983,5145
3984,5146
3985,5147
3986,5148
3987,5149
3987,5150
3988,5151
3988,5152
3989,5153
3989,5154
3990,5155
3990,5156
3991,5157
3992,5158
3992,5159
3993,5160
3994,5161
3995,5162
3995,5163
3996,5164
3997,5165
3998,5166
3999,5167
4000,5168
4001,5169
4002,5170
4003,5171
4003,5172
4004,5173
4004,5174
4005,5175
4006,5176
4006,5177
4007,5178
4007,5179
4008,5180
4009,5181
4009,5182
4010,5183
4010,5184
4011,5185
4011,5186
4012,5187
4012,5188
4013,5189
4014,5190
4015,5191
4015,5192
4016,5193
4017,5194
4018,5195
4019,5196
4020,5197
4020,5198
4021,5199
4022,5200
4023,5201
4024,5202
4025,5203
4026,5204
4026,5205
4027,5206
4027,5207
4028,5208
4028,5209
4029,5210
4030,5211
4030,5212
4031,5213
4031,5214
4032,5215
4033,5216
4034,5217
4034,5218
4035,5219
4035,5220
4036,5221
4036,5222
4037,5223
4037,5224
4038,5225
4038,5226
4039,5227
4040,5228
4040,5229
4041,5230
4042,5231
4043,5232
4044,5233
4045,5234
4045,5235
4046,5236
4047,5237
4047,5238
4048,5239
4048,5240
4049,5241
4049,5242
4050,5243
4050,5244
4051,5245
4051,5246
4052,5247
4053,5248
4053,5249
4054,5250
4055,5251
4056,5252
4057,5253
4058,5254
4059,5255
4060,5256
4060,5257
4061,5258
4061,5259
4062,5260
4063,5261
4063,5262
4064,5263
4065,5264
4065,5265
4066,5266
4067,5267
4067,5268
4068,5269
4068,5270
4069,5271
4069,5272
4070,5273
4070,5274
4071,5275
4071,5276
4072,5277
4073,5278
4073,5279
4074,5280
4075,5281
4075,5282
4076,5283
4076,5284
4077,5285
4077,5286
4078,5287
4079,5288
4080,5289
4081,5290
4081,5291
4082,5292
4082,5293
4083,5294
4084,5295
4084,5296
4085,5297
4086,5298
4086,5299
4087,5300
4087,5301
4088,5302
4088,5303
4089,5304
4090,5305
4090,5306
4091,5307
4091,5308
4092,5309
4093,5310
4094,5311
4094,5312
4095,5313
4095,5314
4096,5315
4097,5316
4098,5317
4099,5318
4099,5319
4100,5320
4101,5321
4102,5322
4102,5323
4103,5324
4103,5325
4104,5326
4105,5327
4105,5328
4106,5329
4106,5330
4107,5331
4107,5332
4108,5333
4108,5334
4109,5335
4109,5336
4110,5337
4110,5338
4111,5339
4111,5340
4112,5341
4112,5342
4113,5343
4114,5344
4114,5345
4115,5346
4115,5347
4116,5348
4117,5349
4117,5350
4118,5351
4119,5352
4120,5353
4121,5354
4121,5355
4122,5356
4122,5357
4123,5358
4123,5359
4124,5360
4125,5361
4126,5362
4127,5363
4128,5364
4129,5365
4130,5366
4131,5367
4132,5368
4133,5369
4134,5370
4134,5371
4135,5372
4135,5373
4136,5374
4136,5375
4137,5376
4138,5377
4138,5378
4139,5379
4140,5380
4140,5381
4141,5382
4141,5383
4142,5384
4143,5385
4144,5386
4145,5387
4146,5388
4146,5389
4147,5390
4147,5391
4148,5392
4148,5393
4149,5394
4149,5395
4150,5396
4150,5397
4151,5398
4151,5399
4152,5400
4153,5401
4153,5402
4154,5403
4155,5404
4156,5405
4156,5406
4157,5407
4158,5408
4159,5409
4160,5410
4160,5411
4161,5412
4162,5413
4163,5414
4163,5415
4164,5416
4164,5417
4165,5418
4165,5419
4166,5420
4166,5421
4167,5422
4168,5423
4169,5424
4169,5425
4170,5426
4171,5427
4172,5428
4173,5429
4173,5430
4174,5431
4174,5432
4175,5433
4176,5434
4176,5435
4177,5436
4178,5437
4178,5438
4179,5439
4179,5440
4180,5441
4180,5442
4181,5443
4182,5444
4183,5445
4183,5446
4184,5447
4185,5448
4185,5449
4186,5450
4187,5451
4188,5452
4188,5453
4189,5454
4190,5455
4190,5456
4191,5457
4191,5458
4192,5459
4192,5460
4193,5461
4193,5462
4194,5463
4194,5464
4195,5465
4195,5466
4196,5467
4196,5468
4197,5469
4198,5470
4199,5471
4200,5472
4200,5473
4201,5474
4202,5475
4202,5476
4203,5477
4204,5478
4204,5479
4205,5480
4205,5481
4206,5482
4207,5483
4207,5484
4208,5485
4209,5486
4210,5487
4210,5488
4211,5489
4212,5490
4212,5491
4213,5492
4213,5493
4214,5494
4214,5495
4215,5496
4216,5497
4217,5498
4218,5499
4218,5500
4219,5501
4220,5502
4220,5503
4221,5504
4222,5505
4223,5506
4223,5507
4224,5508
4225,5509
4226,5510
4227,5511
4228,5512
4228,5513
4229,5514
4229,5515
4230,5516
4231,5517
4232,5518
4232,5519
4233,5520
4234,5521
4235,5522
4236,5523
4237,5524
4237,5525
4238,5526
4239,5527
4239,5528
4240,5529
4240,5530
4241,5531
4241,5532
4242,5533
4243,5534
4243,5535
4244,5536
4245,5537
4245,5538
4246,5539
4246,5540
4247,5541
4247,5542
4248,5543
4249,5544
4250,5545
4251,5546
4251,5547
4252,5548
4253,5549
4254,5550
4254,5551
4255,5552
4256,5553
4257,5554
4257,5555
4258,5556
4259,5557
4260,5558
4261,5559
4261,5560
4262,5561
4262,5562
4263,5563
4263,5564
4264,5565
4264,5566
4265,5567
4266,5568
4267,5569
4267,5570
4268,5571
4268,5572
4269,5573
4270,5574
4271,5575
4271,5576
4272,5577
4272,5578
4273,5579
4273,5580
4274,5581
4275,5582
4275,5583
4276,5584
4276,5585
4277,5586
4278,5587
4278,5588
4279,5589
4279,5590
4280,5591
4280,5592
4281,5593
4282,5594
4283,5595
4284,5596
4285,5597
4285,5598
4286,5599
4286,5600
4287,5601
4287,5602
4288,5603
4289,5604
4290,5605
4291,5606
4292,5607
4293,5608
4293,5609
4294,5610
4295,5611
4295,5612
4296,5613
4296,5614
4297,5615
4298,5616
4298,5617
4299,5618
4299,5619
4300,5620
4300,5621
4301,5622
4301,5623
4302,5624
4303,5625
4304,5626
4304,5627
4305,5628
4306,5629
4307,5630
4307,5631
4308,5632
4309,5633
4310,5634
4310,5635
4311,5636
4311,5637
4312,5638
4313,5639
4313,5640
4314,5641
4315,5642
4315,5643
4316,5644
4316,5645
4317,5646
4318,5647
4318,5648
4319,5649
4320,5650
4320,5651
4321,5652
4322,5653
4322,5654
4323,5655
4323,5656
4324,5657
4325,5658
4326,5659
4326,5660
4327,5661
4328,5662
4329,5663
4329,5664
4330,5665
4331,5666
4332,5667
4332,5668
4333,5669
4334,5670
4335,5671
4335,5672
4336,5673
4337,5674
4337,5675
4338,5676
4339,5677
4339,5678
4340,5679
4341,5680
4341,5681
4342,5682
4343,5683
4343,5684
4344,5685
4344,5686
4345,5687
4346,5688
4346,5689
4347,5690
4347,5691
4348,5692
4348,5693
4349,5694
4350,5695
4350,5696
4351,5697
4352,5698
4352,5699
4353,5700
4353,5701
4354,5702
4354,5703
4355,5704
4356,5705
4356,5706
4357,5707
4357,5708
4358,5709
4358,5710
4359,5711
4360,5712
4360,5713
4361,5714
4362,5715
4362,5716
4363,5717
4364,5718
4364,5719
4365,5720
4365,5721
4366,5722
4367,5723
4367,5724
4368,5725
4369,5726
4369,5727
4370,5728
4370,5729
4371,5730
4371,5731
4372,5732
4373,5733
4373,5734
4374,5735
4375,5736
4375,5737
4376,5738
4376,5739
4377,5740
4377,5741
4378,5742
4378,5743
4379,5744
4379,5745
4380,5746
4380,5747
4381,5748
4382,5749
4382,5750
4383,5751
4384,5752
4385,5753
4385,5754
4386,5755
4386,5756
4387,5757
4388,5758
4389,5759
4389,5760
4390,5761
4390,5762
4391,5763
4392,5764
4393,5765
4393,5766
4394,5767
4395,5768
4396,5769
4397,5770
4398,5771
4398,5772
4399,5773
4400,5774
4400,5775
4401,5776
4401,5777
4402,5778
4403,5779
4404,5780
4405,5781
4406,5782
4407,5783
4408,5784
4409,5785
4410,5786
4410,5787
4411,5788
4412,5789
4413,5790
4413,5791
4414,5792
4414,5793
4415,5794
4416,5795
4416,5796
4417,5797
4417,5798
4418,5799
4418,5800
4419,5801
4420,5802
4421,5803
4421,5804
4422,5805
4422,5806
4423,5807
4423,5808
4424,5809
4424,5810
4425,5811
4425,5812
4426,5813
4426,5814
4427,5815
4427,5816
4428,5817
4429,5818
4429,5819
4430,5820
4430,5821
4431,5822
4431,5823
4432,5824
4433,5825
4434,5826
4434,5827
4435,5828
4435,5829
4436,5830
4437,5831
4437,5832
4438,5833
4438,5834
4439,5835
4440,5836
4441,5837
4442,5838
4443,5839
4443,5840
4444,5841
4445,5842
4445,5843
4446,5844
4446,5845
4447,5846
4447,5847
4448,5848
4449,5849
4450,5850
4450,5851
4451,5852
4452,5853
4452,5854
4453,5855
4453,5856
4454,5857
4455,5858
4456,5859
4456,5860
4457,5861
4457,5862
4458,5863
4458,5864
4459,5865
4459,5866
4460,5867
4460,5868
4461,5869
4462,5870
4463,5871
4463,5872
4464,5873
4464,5874
4465,5875
4466,5876
4467,5877
4468,5878
4468,5879
4469,5880
4470,5881
4470,5882
4471,5883
4471,5884
4472,5885
4472,5886
4473,5887
4473,5888
4474,5889
4475,5890
4475,5891
4476,5892
4477,5893
4478,5894
4479,5895
4480,5896
4481,5897
4482,5898
4482,5899
4483,5900
4484,5901
4485,5902
4485,5903
4486,5904
4487,5905
4487,5906
4488,5907
4489,5908
4489,5909
4490,5910
4491,5911
4492,5912
4492,5913
4493,5914
4494,5915
4494,5916
4495,5917
4496,5918
4496,5919
4497,5920
4497,5921
4498,5922
4499,5923
4499,5924
4500,5925
4500,5926
4501,5927
4502,5928
4503,5929
4504,5930
4505,5931
4505,5932
4506,5933
4506,5934
4507,5935
4507,5936
4508,5937
4509,5938
4509,5939
4510,5940
4511,5941
4512,5942
4512,5943
4513,5944
4514,5945
4514,5946
4515,5947
4516,5948
4517,5949
4517,5950
4518,5951
4518,5952
4519,5953
4519,5954
4520,5955
4521,5956
4522,5957
4523,5958
4523,5959
4524,5960
4525,5961
4525,5962
4526,5963
4527,5964
4528,5965
4529,5966
4530,5967
4531,5968
4532,5969
4533,5970
4534,5971
4534,5972
4535,5973
4536,5974
4537,5975
4538,5976
4539,5977
4540,5978
4540,5979
4541,5980
4542,5981
4543,5982
4544,5983
4545,5984
4546,5985
4547,5986
4548,5987
4549,5988
4550,5989
4551,5990
4552,5991
4552,5992
4553,5993
4554,5994
4554,5995
4555,5996
4556,5997
4556,5998
4557,5999
4557,6000
4558,6001
4558,6002
4559,6003
4560,6004
4560,6005
4561,6006
4561,6007
4562,6008
4562,6009
4563,6010
4563,6011
4564,6012
4565,6013
4566,6014
4567,6015
4568,6016
4568,6017
4569,6018
4569,6019
6020,6021
6020,6022
6020,6023
6022,6024
6022,6025
6026,6027
6028,6031
6028,6032
6029,6033
6030,6034
6031,6035
6035,6036
6035,6037
6035,6038
6039,6146
6040,6147
6040,6148
6041,6149
6041,6150
6042,6151
6042,6152
6043,6153
6043,6154
6044,6155
6044,6156
6045,6157
6045,6158
6046,6159
6046,6160
6047,6161
6047,6162
6048,6163
6049,6164
6050,6165
6051,6166
6052,6167
6052,6168
6053,6169
6054,6170
6055,6171
6056,6172
6057,6173
6057,6174
6058,6175
6059,6176
6060,6177
6060,6178
6061,6179
6061,6180
6062,6181
6062,6182
6063,6183
6063,6184
6064,6185
6064,6186
6065,6187
6065,6188
6066,6189
6066,6190
6067,6191
6067,6192
6067,6193
6068,6194
6068,6195
6069,6196
6069,6197
6070,6198
6070,6199
6071,6200
6071,6201
6072,6202
6072,6203
6073,6204
6073,6205
6074,6206
6074,6207
6075,6208
6075,6209
6076,6210
6076,6211
6077,6212
6077,6213
6078,6214
6078,6215
6079,6216
6079,6217
6080,6218
6080,6219
6081,6220
6081,6221
6082,6222
6082,6223
6083,6224
6083,6225
6084,6226
6084,6227
6085,6228
6085,6229
6086,6230
6086,6231
6087,6232
6087,6233
6088,6234
6088,6235
6088,6236
6089,6237
6089,6238
6090,6239
6090,6240
6091,6241
6091,6242
6092,6243
6092,6244
6093,6245
6093,6246
6094,6247
6094,6248
6095,6249
6095,6250
6096,6251
6096,6252
6097,6253
6097,6254
6098,6255
6098,6256
6099,6257
6099,6258
6100,6259
6100,6260
6101,6261
6101,6262
6102,6263
6102,6264
6103,6265
6103,6266
6104,6267
6104,6268
6105,6269
6105,6270
6106,6271
6106,6272
6107,6273
6107,6274
6108,6275
6108,6276
6109,6277
6109,6278
6110,6279
6110,6280
6111,6281
6111,6282
6112,6283
6112,6284
6113,6285
6113,6286
6114,6287
6114,6288
6115,6289
6115,6290
6116,6291
6116,6292
6117,6293
6117,6294
6118,6295
6118,6296
6119,6297
6119,6298
6119,6299
6120,6300
6120,6301
6121,6302
6121,6303
6121,6304
6122,6305
6122,6306
6122,6307
6123,6308
6123,6309
6123,6310
6124,6311
6124,6312
6124,6313
6125,6314
6125,6315
6126,6316
6126,6317
6127,6318
6127,6319
6128,6320
6128,6321
6129,6322
6129,6323
6130,6324
6130,6325
6131,6326
6131,6327
6132,6328
6132,6329
6133,6330
6133,6331
6134,6332
6134,6333
6135,6334
6135,6335
6136,6336
6136,6337
6137,6338
6137,6339
6138,6340
6138,6341
6139,6342
6139,6343
6140,6344
6140,6345
6141,6346
6141,6347
6142,6348
6142,6349
6143,6350
6143,6351
6144,6352
6144,6353
6145,6354
6145,6355
6147,6358
6149,6359
6151,6360
6153,6361
6155,6362
6157,6363
6159,6364
6178,6378
6178,6379
6178,6380
6194,6381
6196,6382
6198,6383
6200,6384
6202,6385
6204,6386
6206,6387
6208,6388
6210,6389
6212,6390
6214,6391
6216,6392
6218,6393
6220,6394
6222,6395
6224,6396
6226,6397
6228,6398
6230,6399
6232,6400
6238,6401
6238,6402
6238,6403
6259,6404
6261,6405
6263,6406
6265,6407
6267,6408
6269,6409
6271,6410
6273,6411
6275,6412
6277,6413
6279,6414
6281,6415
6283,6416
6285,6417
6287,6418
6289,6419
6291,6420
6296,6421
6296,6422
6296,6423
6314,6424
6316,6425
6318,6426
6320,6427
6322,6428
6324,6429
6326,6430
6329,6431
6329,6432
6329,6433
6342,6434
6344,6435
6346,6436
6348,6437
6350,6438
6352,6439
6354,6440
6356,6441
6356,6442
6443,6509
6444,6510
6445,6511
6445,6512
6446,6513
6447,6514
6448,6515
6449,6516
6450,6517
6450,6518
6451,6519
6451,6520
6451,6521
6452,6522
6452,6523
6453,6524
6453,6525
6454,6526
6454,6527
6455,6528
6455,6529
6456,6530
6456,6531
6457,6532
6457,6533
6458,6534
6458,6535
6459,6536
6459,6537
6460,6538
6460,6539
6461,6540
6461,6541
6462,6542
6462,6543
6463,6544
6463,6545
6464,6546
6464,6547
6465,6548
6465,6549
6466,6550
6466,6551
6467,6552
6467,6553
6468,6554
6468,6555
6469,6556
6469,6557
6470,6558
6470,6559
6471,6560
6471,6561
6472,6562
6472,6563
6473,6564
6473,6565
6473,6566
6474,6567
6474,6568
6475,6569
6475,6570
6476,6571
6476,6572
6477,6573
6477,6574
6478,6575
6478,6576
6479,6577
6479,6578
6480,6579
6480,6580
6481,6581
6481,6582
6482,6583
6482,6584
6483,6585
6483,6586
6484,6587
6484,6588
6485,6589
6485,6590
6486,6591
6486,6592
6487,6593
6487,6594
6488,6595
6488,6596
6489,6597
6489,6598
6490,6599
6490,6600
6491,6601
6491,6602
6492,6603
6492,6604
6492,6605
6493,6606
6493,6607
6494,6608
6494,6609
6495,6610
6495,6611
6496,6612
6496,6613
6497,6614
6497,6615
6498,6616
6498,6617
6499,6618
6499,6619
6500,6620
6500,6621
6501,6622
6501,6623
6501,6624
6502,6625
6502,6626
6503,6627
6503,6628
6504,6629
6504,6630
6505,6631
6505,6632
6506,6633
6506,6634
6507,6635
6507,6636
6508,6637
6508,6638
6639,6640
6641,6644
6641,6645
6642,6646
6643,6647
6644,6648
6648,6649
6648,6650
6651,6841
6651,6842
6652,6843
6652,6844
6653,6845
6653,6846
6653,6847
6654,6848
6654,6849
6654,6850
6654,6851
6655,6852
6655,6853
6655,6854
6655,6855
6656,6856
6656,6857
6657,6858
6657,6859
6658,6860
6658,6861
6659,6862
6659,6863
6660,6864
6660,6865
6661,6866
6661,6867
6662,6868
6662,6869
6663,6870
6663,6871
6664,6872
6664,6873
6665,6874
6665,6875
6666,6876
6666,6877
6667,6878
6667,6879
6668,6880
6668,6881
6669,6882
6669,6883
6670,6884
6670,6885
6670,6886
6670,6887
6671,6888
6671,6889
6671,6890
6671,6891
6672,6892
6672,6893
6672,6894
6672,6895
6673,6896
6673,6897
6673,6898
6673,6899
6674,6900
6674,6901
6674,6902
6674,6903
6675,6904
6675,6905
6675,6906
6675,6907
6676,6908
6676,6909
6676,6910
6676,6911
6677,6912
6677,6913
6677,6914
6678,6915
6678,6916
6678,6917
6678,6918
6678,6919
6679,6920
6679,6921
6679,6922
6680,6923
6680,6924
6680,6925
6680,6926
6680,6927
6681,6928
6681,6929
6681,6930
6682,6931
6682,6932
6682,6933
6682,6934
6682,6935
6683,6936
6683,6937
6683,6938
6684,6939
6684,6940
6684,6941
6685,6942
6685,6943
6685,6944
6685,6945
6685,6946
6686,6947
6686,6948
6686,6949
6687,6950
6687,6951
6687,6952
6687,6953
6687,6954
6688,6955
6688,6956
6688,6957
6689,6958
6689,6959
6689,6960
6689,6961
6689,6962
6690,6963
6690,6964
6690,6965
6691,6966
6691,6967
6691,6968
6692,6969
6692,6970
6692,6971
6692,6972
6692,6973
6693,6974
6693,6975
6693,6976
6694,6977
6694,6978
6694,6979
6694,6980
6694,6981
6695,6982
6695,6983
6695,6984
6696,6985
6696,6986
6696,6987
6696,6988
6696,6989
6697,6990
6697,6991
6697,6992
6698,6993
6698,6994
6699,6995
6699,6996
6699,6997
6700,6998
6700,6999
6701,7000
6701,7001
6701,7002
6702,7003
6702,7004
6703,7005
6703,7006
6703,7007
6704,7008
6704,7009
6705,7010
6705,7011
6705,7012
6706,7013
6706,7014
6707,7015
6707,7016
6707,7017
6708,7018
6708,7019
6709,7020
6709,7021
6709,7022
6710,7023
6710,7024
6711,7025
6711,7026
6711,7027
6712,7028
6712,7029
6713,7030
6713,7031
6713,7032
6714,7033
6714,7034
6715,7035
6715,7036
6715,7037
6716,7038
6716,7039
6717,7040
6717,7041
6717,7042
6718,7043
6718,7044
6719,7045
6719,7046
6720,7047
6720,7048
6721,7049
6721,7050
6722,7051
6722,7052
6723,7053
6723,7054
6724,7055
6724,7056
6725,7057
6725,7058
6726,7059
6726,7060
6727,7061
6727,7062
6728,7063
6728,7064
6729,7065
6729,7066
6730,7067
6730,7068
6731,7069
6731,7070
6732,7071
6732,7072
6733,7073
6733,7074
6734,7075
6734,7076
6735,7077
6735,7078
6736,7079
6736,7080
6737,7081
6737,7082
6738,7083
6738,7084
6739,7085
6739,7086
6740,7087
6740,7088
6741,7089
6742,7090
6742,7091
6743,7092
6744,7093
6745,7094
6746,7095
6747,7096
6748,7097
6749,7098
6750,7099
6751,7100
6751,7101
6752,7102
6752,7103
6753,7104
6753,7105
6754,7106
6754,7107
6755,7108
6755,7109
6756,7110
6756,7111
6757,7112
6757,7113
6758,7114
6758,7115
6759,7116
6759,7117
6760,7118
6760,7119
6761,7120
6761,7121
6762,7122
6762,7123
6763,7124
6763,7125
6764,7126
6764,7127
6765,7128
6765,7129
6766,7130
6766,7131
6767,7132
6767,7133
6768,7134
6768,7135
6769,7136
6769,7137
6770,7138
6770,7139
6771,7140
6771,7141
6772,7142
6772,7143
6773,7144
6773,7145
6774,7146
6775,7147
6775,7148
6776,7149
6777,7150
6778,7151
6779,7152
6780,7153
6781,7154
6782,7155
6783,7156
6784,7157
6785,7158
6786,7159
6787,7160
6787,7161
6788,7162
6788,7163
6789,7164
6789,7165
6790,7166
6790,7167
6791,7168
6791,7169
6792,7170
6792,7171
6793,7172
6793,7173
6794,7174
6794,7175
6795,7176
6795,7177
6796,7178
6796,7179
6797,7180
6797,7181
6798,7182
6798,7183
6799,7184
6799,7185
6800,7186
6800,7187
6801,7188
6801,7189
6802,7190
6802,7191
6803,7192
6803,7193
6804,7194
6804,7195
6805,7196
6805,7197
6806,7198
6806,7199
6807,7200
6807,7201
6808,7202
6808,7203
6809,7204
6809,7205
6810,7206
6810,7207
6811,7208
6811,7209
6812,7210
6812,7211
6813,7212
6813,7213
6814,7214
6814,7215
6815,7216
6815,7217
6816,7218
6816,7219
6817,7220
6818,7221
6818,7222
6819,7223
6820,7224
6821,7225
6821,7226
6822,7227
6822,7228
6823,7229
6823,7230
6824,7231
6824,7232
6825,7233
6825,7234
6826,7235
6826,7236
6827,7237
6827,7238
6828,7239
6828,7240
6829,7241
6829,7242
6830,7243
6830,7244
6831,7245
6831,7246
6832,7247
6832,7248
6833,7249
6833,7250
6834,7251
6834,7252
6835,7253
6835,7254
6836,7255
6836,7256
6837,7257
6837,7258
6838,7259
6838,7260
6839,7261
6839,7262
6840,7263
6840,7264
7046,7265
7046,7266
7046,7267
7047,7268
7049,7269
7051,7270
7053,7271
7055,7272
7057,7273
7059,7274
7061,7275
7063,7276
7065,7277
7067,7278
7069,7279
7071,7280
7073,7281
7075,7282
7077,7283
7079,7284
7081,7285
7083,7286
7085,7287
7087,7288
7100,7289
7102,7290
7104,7291
7106,7292
7108,7293
7110,7294
7112,7295
7114,7296
7116,7297
7118,7298
7120,7299
7122,7300
7124,7301
7126,7302
7128,7303
7130,7304
7132,7305
7134,7306
7136,7307
7138,7308
7140,7309
7142,7310
7144,7311
7160,7312
7162,7313
7164,7314
7166,7315
7168,7316
7170,7317
7172,7318
7174,7319
7176,7320
7178,7321
7180,7322
7182,7323
7184,7324
7186,7325
7188,7326
7190,7327
7192,7328
7194,7329
7196,7330
7198,7331
7200,7332
7202,7333
7204,7334
7206,7335
7208,7336
7210,7337
7212,7338
7214,7339
7216,7340
7218,7341
7225,7342
7227,7343
7229,7344
7231,7345
7233,7346
7235,7347
7237,7348
7239,7349
7241,7350
7243,7351
7245,7352
7247,7353
7249,7354
7251,7355
7253,7356
7255,7357
7257,7358
7259,7359
7261,7360
7263,7361
7362,7457
7362,7458
7362,7459
7363,7460
7363,7461
7364,7462
7365,7463
7366,7464
7367,7465
7368,7466
7369,7467
7370,7468
7371,7469
7372,7470
7373,7471
7373,7472
7374,7473
7374,7474
7375,7475
7376,7476
7377,7477
7378,7478
7379,7479
7380,7480
7381,7481
7382,7482
7383,7483
7384,7484
7385,7485
7386,7486
7387,7487
7388,7488
7389,7489
7390,7490
7391,7491
7392,7492
7393,7493
7394,7494
7395,7495
7396,7496
7397,7497
7398,7498
7399,7499
7400,7500
7401,7501
7402,7502
7403,7503
7404,7504
7405,7505
7406,7506
7407,7507
7408,7508
7409,7509
7410,7510
7411,7511
7412,7512
7413,7513
7414,7514
7415,7515
7416,7516
7417,7517
7418,7518
7419,7519
7420,7520
7421,7521
7422,7522
7423,7523
7424,7524
7425,7525
7426,7526
7427,7527
7428,7528
7429,7529
7430,7530
7431,7531
7432,7532
7433,7533
7434,7534
7435,7535
7436,7536
7437,7537
7437,7538
7438,7539
7439,7540
7440,7541
7441,7542
7441,7543
7442,7544
7442,7545
7443,7546
7443,7547
7444,7548
7444,7549
7445,7550
7445,7551
7446,7552
7447,7553
7448,7554
7449,7555
7450,7556
7451,7557
7452,7558
7453,7559
7454,7560
7455,7561
7456,7562
7458,7563
7473,7564
7546,7565
7548,7566
7550,7567
7568,7569
7570,7573
7570,7574
7571,7575
7572,7576
7573,7577
7577,7578
7578,7580
7578,7581
7578,7582
7578,7583
7578,7584
7578,7585
7579,7718
7579,7719
7586,7720
7587,7721
7588,7722
7589,7723
7590,7724
7591,7725
7592,7726
7593,7727
7593,7728
7594,7729
7595,7730
7596,7731
7597,7732
7598,7733
7599,7734
7600,7735
7601,7736
7602,7737
7603,7738
7604,7739
7605,7740
7606,7741
7607,7742
7608,7743
7609,7744
7610,7745
7611,7746
7612,7747
7613,7748
7614,7749
7615,7750
7616,7751
7617,7752
7618,7753
7619,7754
7620,7755
7621,7756
7622,7757
7623,7758
7624,7759
7625,7760
7626,7761
7627,7762
7628,7763
7629,7764
7630,7765
7631,7766
7632,7767
7633,7768
7634,7769
7635,7770
7636,7771
7637,7772
7638,7773
7639,7774
7640,7775
7641,7776
7642,7777
7643,7778
7644,7779
7645,7780
7646,7781
7647,7782
7648,7783
7649,7784
7650,7785
7651,7786
7652,7787
7653,7788
7654,7789
7655,7790
7656,7791
7657,7792
7658,7793
7659,7794
7660,7795
7661,7796
7662,7797
7663,7798
7664,7799
7665,7800
7666,7801
7667,7802
7668,7803
7669,7804
7670,7805
7671,7806
7672,7807
7673,7808
7674,7809
7675,7810
7676,7811
7677,7812
7678,7813
7679,7814
7680,7815
7681,7816
7682,7817
7683,7818
7684,7819
7685,7820
7686,7821
7687,7822
7688,7823
7689,7824
7690,7825
7691,7826
7692,7827
7693,7828
7694,7829
7695,7830
7696,7831
7697,7832
7698,7833
7699,7834
7700,7835
7701,7836
7702,7837
7703,7838
7704,7839
7705,7840
7706,7841
7707,7842
7708,7843
7709,7844
7710,7845
7711,7846
7712,7847
7713,7848
7714,7849
7715,7850
7716,7851
7717,7852
7728,7855
7853,7856
7853,7857
7854,7858
7854,7859
7854,7860
7859,7861
7862,7863
7864,7867
7864,7868
7865,7869
7866,7870
7867,7871
7871,7872
7872,7873
7872,7874
7872,7875
7872,7876
7872,7877
7878,7901
7878,7902
7879,7903
7880,7904
7881,7905
7882,7906
7883,7907
7884,7908
7885,7909
7886,7910
7887,7911
7888,7912
7889,7913
7890,7914
7891,7915
7892,7916
7893,7917
7894,7918
7895,7919
7896,7920
7896,7921
7897,7922
7898,7923
7899,7924
7900,7925
7921,7928
7926,7929
7926,7930
7927,7931
7927,7932
7927,7933
7932,7934
7935,7936
7937,7940
7937,7941
7938,7942
7939,7943
7940,7944
7944,7945
7945,7946
7945,7947
7945,7948
7945,7949
7945,7950
7951,8952
7951,8953
7952,8954
7953,8955
7954,8956
7955,8957
7956,8958
7957,8959
7958,8960
7959,8961
7960,8962
7961,8963
7962,8964
7963,8965
7964,8966
7965,8967
7966,8968
7967,8969
7968,8970
7969,8971
7970,8972
7971,8973
7972,8974
7973,8975
7974,8976
7975,8977
7976,8978
7977,8979
7978,8980
7979,8981
7980,8982
7981,8983
7982,8984
7983,8985
7984,8986
7985,8987
7986,8988
7987,8989
7988,8990
7989,8991
7990,8992
7991,8993
7992,8994
7993,8995
7994,8996
7995,8997
7996,8998
7997,8999
7998,9000
7999,9001
8000,9002
8001,9003
8002,9004
8003,9005
8004,9006
8005,9007
8006,9008
8007,9009
8008,9010
8009,9011
8010,9012
8011,9013
8012,9014
8013,9015
8014,9016
8015,9017
8016,9018
8017,9019
8018,9020
8019,9021
8020,9022
8021,9023
8022,9024
8023,9025
8024,9026
8025,9027
8026,9028
8027,9029
8028,9030
8029,9031
8030,9032
8031,9033
8032,9034
8033,9035
8034,9036
8035,9037
8036,9038
8037,9039
8038,9040
8039,9041
8040,9042
8041,9043
8042,9044
8043,9045
8044,9046
8045,9047
8046,9048
8047,9049
8048,9050
8049,9051
8050,9052
8051,9053
8052,9054
8053,9055
8054,9056
8055,9057
8056,9058
8057,9059
8058,9060
8059,9061
8060,9062
8061,9063
8062,9064
8063,9065
8064,9066
8065,9067
8066,9068
8067,9069
8068,9070
8069,9071
8070,9072
8071,9073
8072,9074
8073,9075
8074,9076
8075,9077
8076,9078
8077,9079
8078,9080
8079,9081
8080,9082
8081,9083
8082,9084
8083,9085
8084,9086
8085,9087
8086,9088
8087,9089
8088,9090
8089,9091
8090,9092
8091,9093
8092,9094
8093,9095
8094,9096
8095,9097
8096,9098
8097,9099
8098,9100
8099,9101
8100,9102
8101,9103
8102,9104
8103,9105
8104,9106
8105,9107
8106,9108
8107,9109
8108,9110
8109,9111
8110,9112
8111,9113
8112,9114
8113,9115
8114,9116
8115,9117
8116,9118
8117,9119
8118,9120
8119,9121
8120,9122
8121,9123
8122,9124
8123,9125
8124,9126
8125,9127
8126,9128
8127,9129
8128,9130
8129,9131
8130,9132
8131,9133
8132,9134
8133,9135
8134,9136
8135,9137
8136,9138
8137,9139
8138,9140
8139,9141
8140,9142
8141,9143
8142,9144
8143,9145
8144,9146
8145,9147
8146,9148
8147,9149
8148,9150
8149,9151
8150,9152
8151,9153
8152,9154
8153,9155
8154,9156
8155,9157
8156,9158
8157,9159
8158,9160
8159,9161
8160,9162
8161,9163
8162,9164
8163,9165
8164,9166
8165,9167
8166,9168
8167,9169
8168,9170
8169,9171
8170,9172
8171,9173
8172,9174
8173,9175
8174,9176
8175,9177
8176,9178
8177,9179
8178,9180
8179,9181
8180,9182
8181,9183
8182,9184
8183,9185
8184,9186
8185,9187
8186,9188
8187,9189
8188,9190
8189,9191
8190,9192
8191,9193
8192,9194
8193,9195
8194,9196
8195,9197
8196,9198
8197,9199
8198,9200
8199,9201
8200,9202
8201,9203
8202,9204
8203,9205
8204,9206
8205,9207
8206,9208
8207,9209
8208,9210
8209,9211
8210,9212
8211,9213
8212,9214
8213,9215
8214,9216
8215,9217
8216,9218
8217,9219
8218,9220
8219,9221
8220,9222
8221,9223
8222,9224
8223,9225
8224,9226
8225,9227
8226,9228
8227,9229
8228,9230
8229,9231
8230,9232
8231,9233
8232,9234
8233,9235
8234,9236
8235,9237
8236,9238
8237,9239
8238,9240
8239,9241
8240,9242
8241,9243
8242,9244
8243,9245
8244,9246
8245,9247
8246,9248
8247,9249
8248,9250
8249,9251
8250,9252
8251,9253
8252,9254
8253,9255
8254,9256
8255,9257
8256,9258
8257,9259
8258,9260
8259,9261
8260,9262
8261,9263
8262,9264
8263,9265
8264,9266
8265,9267
8266,9268
8267,9269
8268,9270
8269,9271
8270,9272
8271,9273
8272,9274
8273,9275
8274,9276
8275,9277
8276,9278
8277,9279
8278,9280
8279,9281
8280,9282
8281,9283
8282,9284
8283,9285
8284,9286
8285,9287
8286,9288
8287,9289
8288,9290
8289,9291
8290,9292
8291,9293
8292,9294
8293,9295
8294,9296
8295,9297
8296,9298
8297,9299
8298,9300
8299,9301
8300,9302
8301,9303
8302,9304
8303,9305
8304,9306
8305,9307
8306,9308
8307,9309
8308,9310
8309,9311
8310,9312
8311,9313
8312,9314
8313,9315
8314,9316
8315,9317
8316,9318
8317,9319
8318,9320
8319,9321
8320,9322
8321,9323
8322,9324
8323,9325
8324,9326
8325,9327
8326,9328
8327,9329
8328,9330
8329,9331
8330,9332
8331,9333
8332,9334
8333,9335
8334,9336
8335,9337
8336,9338
8337,9339
8338,9340
8339,9341
8340,9342
8341,9343
8342,9344
8343,9345
8344,9346
8345,9347
8346,9348
8347,9349
8348,9350
8349,9351
8350,9352
8351,9353
8352,9354
8353,9355
8354,9356
8355,9357
8356,9358
8357,9359
8358,9360
8359,9361
8360,9362
8361,9363
8362,9364
8363,9365
8364,9366
8365,9367
8366,9368
8367,9369
8368,9370
8369,9371
8370,9372
8371,9373
8372,9374
8373,9375
8374,9376
8375,9377
8376,9378
8377,9379
8378,9380
8379,9381
8380,9382
8381,9383
8382,9384
8383,9385
8384,9386
8385,9387
8386,9388
8387,9389
8388,9390
8389,9391
8390,9392
8391,9393
8392,9394
8393,9395
8394,9396
8395,9397
8396,9398
8397,9399
8398,9400
8399,9401
8400,9402
8401,9403
8402,9404
8403,9405
8404,9406
8405,9407
8406,9408
8407,9409
8408,9410
8409,9411
8410,9412
8411,9413
8412,9414
8413,9415
8414,9416
8415,9417
8416,9418
8417,9419
8418,9420
8419,9421
8420,9422
8421,9423
8422,9424
8423,9425
8424,9426
8425,9427
8426,9428
8427,9429
8428,9430
8429,9431
8430,9432
8431,9433
8432,9434
8433,9435
8434,9436
8435,9437
8436,9438
8437,9439
8438,9440
8439,9441
8440,9442
8441,9443
8442,9444
8443,9445
8444,9446
8445,9447
8446,9448
8447,9449
8448,9450
8449,9451
8450,9452
8451,9453
8452,9454
8453,9455
8454,9456
8455,9457
8456,9458
8457,9459
8458,9460
8459,9461
8460,9462
8461,9463
8462,9464
8463,9465
8464,9466
8465,9467
8466,9468
8467,9469
8468,9470
8469,9471
8470,9472
8471,9473
8472,9474
8473,9475
8474,9476
8475,9477
8476,9478
8477,9479
8478,9480
8479,9481
8480,9482
8481,9483
8482,9484
8483,9485
8484,9486
8485,9487
8486,9488
8487,9489
8488,9490
8489,9491
8490,9492
8491,9493
8492,9494
8493,9495
8494,9496
8495,9497
8496,9498
8497,9499
8498,9500
8499,9501
8500,9502
8501,9503
8502,9504
8503,9505
8504,9506
8505,9507
8506,9508
8507,9509
8508,9510
8509,9511
8510,9512
8511,9513
8512,9514
8513,9515
8514,9516
8515,9517
8516,9518
8517,9519
8518,9520
8519,9521
8520,9522
8521,9523
8522,9524
8523,9525
8524,9526
8525,9527
8526,9528
8527,9529
8528,9530
8529,9531
8530,9532
8531,9533
8532,9534
8533,9535
8534,9536
8535,9537
8536,9538
8537,9539
8538,9540
8539,9541
8540,9542
8541,9543
8542,9544
8543,9545
8544,9546
8545,9547
8546,9548
8547,9549
8548,9550
8549,9551
8550,9552
8551,9553
8552,9554
8553,9555
8554,9556
8555,9557
8556,9558
8557,9559
8558,9560
8559,9561
8560,9562
8561,9563
8562,9564
8563,9565
8564,9566
8565,9567
8566,9568
8567,9569
8568,9570
8569,9571
8570,9572
8571,9573
8572,9574
8573,9575
8574,9576
8575,9577
8576,9578
8577,9579
8578,9580
8579,9581
8580,9582
8581,9583
8582,9584
8583,9585
8584,9586
8585,9587
8586,9588
8587,9589
8588,9590
8589,9591
8590,9592
8591,9593
8592,9594
8593,9595
8594,9596
8595,9597
8596,9598
8597,9599
8598,9600
8599,9601
8600,9602
8601,9603
8602,9604
8603,9605
8604,9606
8605,9607
8606,9608
8607,9609
8608,9610
8609,9611
8610,9612
8611,9613
8612,9614
8613,9615
8614,9616
8615,9617
8616,9618
8617,9619
8618,9620
8619,9621
8620,9622
8621,9623
8622,9624
8623,9625
8624,9626
8625,9627
8626,9628
8627,9629
8628,9630
8629,9631
8630,9632
8631,9633
8632,9634
8633,9635
8634,9636
8635,9637
8636,9638
8637,9639
8638,9640
8639,9641
8640,9642
8641,9643
8642,9644
8643,9645
8644,9646
8645,9647
8646,9648
8647,9649
8648,9650
8649,9651
8650,9652
8651,9653
8652,9654
8653,9655
8654,9656
8655,9657
8656,9658
8657,9659
8658,9660
8659,9661
8660,9662
8661,9663
8662,9664
8663,9665
8664,9666
8665,9667
8666,9668
8667,9669
8668,9670
8669,9671
8670,9672
8671,9673
8672,9674
8673,9675
8674,9676
8675,9677
8676,9678
8677,9679
8678,9680
8679,9681
8680,9682
8681,9683
8682,9684
8683,9685
8684,9686
8685,9687
8686,9688
8687,9689
8688,9690
8689,9691
8690,9692
8691,9693
8692,9694
8693,9695
8694,9696
8695,9697
8696,9698
8697,9699
8698,9700
8699,9701
8700,9702
8701,9703
8702,9704
8703,9705
8704,9706
8705,9707
8706,9708
8707,9709
8708,9710
8709,9711
8710,9712
8711,9713
8712,9714
8713,9715
8714,9716
8715,9717
8716,9718
8717,9719
8718,9720
8719,9721
8720,9722
8721,9723
8722,9724
8723,9725
8724,9726
8725,9727
8726,9728
8727,9729
8728,9730
8729,9731
8730,9732
8731,9733
8732,9734
8733,9735
8734,9736
8735,9737
8736,9738
8737,9739
8738,9740
8739,9741
8740,9742
8741,9743
8742,9744
8743,9745
8744,9746
8745,9747
8746,9748
8747,9749
8748,9750
8749,9751
8750,9752
8751,9753
8752,9754
8753,9755
8754,9756
8755,9757
8756,9758
8757,9759
8758,9760
8759,9761
8760,9762
8761,9763
8762,9764
8763,9765
8764,9766
8765,9767
8766,9768
8767,9769
8768,9770
8769,9771
8770,9772
8771,9773
8772,9774
8773,9775
8774,9776
8775,9777
8776,9778
8777,9779
8778,9780
8779,9781
8780,9782
8781,9783
8782,9784
8783,9785
8784,9786
8785,9787
8786,9788
8787,9789
8788,9790
8789,9791
8790,9792
8791,9793
8792,9794
8793,9795
8794,9796
8795,9797
8796,9798
8797,9799
8798,9800
8799,9801
8800,9802
8801,9803
8802,9804
8803,9805
8804,9806
8805,9807
8806,9808
8807,9809
8808,9810
8809,9811
8810,9812
8811,9813
8812,9814
8813,9815
8814,9816
8815,9817
8816,9818
8817,9819
8818,9820
8819,9821
8820,9822
8821,9823
8822,9824
8823,9825
8824,9826
8825,9827
8826,9828
8827,9829
8828,9830
8829,9831
8830,9832
8831,9833
8832,9834
8833,9835
8834,9836
8835,9837
8836,9838
8837,9839
8838,9840
8839,9841
8840,9842
8841,9843
8842,9844
8843,9845
8844,9846
8845,9847
8846,9848
8847,9849
8848,9850
8849,9851
8850,9852
8851,9853
8852,9854
8853,9855
8854,9856
8855,9857
8856,9858
8857,9859
8858,9860
8859,9861
8860,9862
8861,9863
8862,9864
8863,9865
8864,9866
8865,9867
8866,9868
8867,9869
8868,9870
8869,9871
8870,9872
8871,9873
8872,9874
8873,9875
8874,9876
8875,9877
8876,9878
8877,9879
8878,9880
8879,9881
8880,9882
8881,9883
8882,9884
8883,9885
8884,9886
8885,9887
8886,9888
8887,9889
8888,9890
8889,9891
8890,9892
8891,9893
8892,9894
8893,9895
8894,9896
8895,9897
8896,9898
8897,9899
8898,9900
8899,9901
8900,9902
8901,9903
8902,9904
8903,9905
8904,9906
8905,9907
8906,9908
8907,9909
8908,9910
8909,9911
8910,9912
8911,9913
8912,9914
8913,9915
8914,9916
8915,9917
8916,9918
8917,9919
8918,9920
8919,9921
8920,9922
8921,9923
8922,9924
8923,9925
8924,9926
8925,9927
8926,9928
8927,9929
8928,9930
8929,9931
8930,9932
8931,9933
8932,9934
8933,9935
8934,9936
8935,9937
8936,9938
8937,9939
8938,9940
8939,9941
8940,9942
8941,9943
8942,9944
8943,9945
8944,9946
8945,9947
8946,9948
8947,9949
8948,9950
8949,9951
8950,9952
8951,9953
9954,9955
9954,9956
9954,9957
9956,9958
9959,9960
9961,9964
9961,9965
9962,9966
9963,9967
9964,9968
9968,9969
9968,9970
9968,9971
9969,9973
9969,9974
9971,9977
9972,9978
9972,9979
9974,9980
9975,9981
9975,9982
9976,9983
9976,9984
9980,9987
9987,10132
9988,10133
9988,10134
9989,10135
9989,10136
9990,10137
9991,10138
9991,10139
9992,10140
9992,10141
9993,10142
9994,10143
9994,10144
9995,10145
9995,10146
9995,10147
9996,10148
9996,10149
9997,10150
9997,10151
9997,10152
9998,10153
9998,10154
9998,10155
9999,10156
9999,10157
10000,10158
10000,10159
10000,10160
10001,10161
10001,10162
10001,10163
10002,10164
10002,10165
10003,10166
10003,10167
10003,10168
10004,10169
10004,10170
10004,10171
10005,10172
10005,10173
10005,10174
10006,10175
10006,10176
10007,10177
10007,10178
10007,10179
10008,10180
10008,10181
10009,10182
10009,10183
10009,10184
10010,10185
10010,10186
10010,10187
10011,10188
10011,10189
10012,10190
10012,10191
10012,10192
10013,10193
10013,10194
10013,10195
10014,10196
10014,10197
10015,10198
10015,10199
10015,10200
10016,10201
10016,10202
10016,10203
10017,10204
10017,10205
10017,10206
10018,10207
10018,10208
10019,10209
10019,10210
10019,10211
10020,10212
10020,10213
10020,10214
10021,10215
10021,10216
10022,10217
10022,10218
10022,10219
10023,10220
10023,10221
10023,10222
10024,10223
10024,10224
10024,10225
10025,10226
10025,10227
10026,10228
10026,10229
10026,10230
10027,10231
10027,10232
10027,10233
10028,10234
10028,10235
10029,10236
10029,10237
10029,10238
10030,10239
10030,10240
10030,10241
10031,10242
10031,10243
10031,10244
10032,10245
10032,10246
10033,10247
10033,10248
10033,10249
10034,10250
10034,10251
10034,10252
10035,10253
10035,10254
10036,10255
10036,10256
10036,10257
10037,10258
10037,10259
10037,10260
10038,10261
10038,10262
10038,10263
10039,10264
10039,10265
10040,10266
10040,10267
10040,10268
10041,10269
10041,10270
10041,10271
10042,10272
10042,10273
10043,10274
10043,10275
10043,10276
10044,10277
10044,10278
10044,10279
10045,10280
10045,10281
10045,10282
10046,10283
10046,10284
10047,10285
10047,10286
10047,10287
10048,10288
10048,10289
10049,10290
10049,10291
10049,10292
10050,10293
10050,10294
10050,10295
10051,10296
10051,10297
10052,10298
10052,10299
10052,10300
10053,10301
10053,10302
10054,10303
10054,10304
10054,10305
10055,10306
10055,10307
10055,10308
10056,10309
10056,10310
10057,10311
10057,10312
10057,10313
10058,10314
10058,10315
10059,10316
10059,10317
10059,10318
10060,10319
10060,10320
10060,10321
10061,10322
10062,10323
10062,10324
10062,10325
10063,10326
10063,10327
10064,10328
10064,10329
10064,10330
10065,10331
10065,10332
10065,10333
10066,10334
10066,10335
10067,10336
10067,10337
10067,10338
10068,10339
10068,10340
10068,10341
10069,10342
10069,10343
10069,10344
10070,10345
10070,10346
10071,10347
10071,10348
10071,10349
10072,10350
10072,10351
10072,10352
10073,10353
10073,10354
10074,10355
10074,10356
10074,10357
10075,10358
10075,10359
10075,10360
10076,10361
10076,10362
10076,10363
10077,10364
10077,10365
10078,10366
10078,10367
10078,10368
10079,10369
10079,10370
10079,10371
10080,10372
10080,10373
10081,10374
10081,10375
10081,10376
10082,10377
10082,10378
10082,10379
10083,10380
10083,10381
10083,10382
10084,10383
10084,10384
10085,10385
10085,10386
10085,10387
10086,10388
10086,10389
10087,10390
10087,10391
10087,10392
10088,10393
10088,10394
10088,10395
10089,10396
10089,10397
10090,10398
10090,10399
10090,10400
10091,10401
10091,10402
10091,10403
10092,10404
10092,10405
10093,10406
10093,10407
10093,10408
10094,10409
10094,10410
10094,10411
10095,10412
10095,10413
10095,10414
10096,10415
10096,10416
10097,10417
10097,10418
10097,10419
10098,10420
10098,10421
10099,10422
10099,10423
10099,10424
10100,10425
10100,10426
10100,10427
10101,10428
10101,10429
10102,10430
10102,10431
10102,10432
10103,10433
10103,10434
10104,10435
10104,10436
10104,10437
10105,10438
10105,10439
10105,10440
10106,10441
10106,10442
10107,10443
10107,10444
10107,10445
10108,10446
10108,10447
10108,10448
10109,10449
10109,10450
10109,10451
10110,10452
10110,10453
10111,10454
10111,10455
10111,10456
10112,10457
10112,10458
10113,10459
10113,10460
10113,10461
10114,10462
10114,10463
10114,10464
10115,10465
10115,10466
10116,10467
10116,10468
10116,10469
10117,10470
10117,10471
10118,10472
10118,10473
10118,10474
10119,10475
10120,10476
10120,10477
10120,10478
10121,10479
10121,10480
10122,10481
10122,10482
10122,10483
10123,10484
10123,10485
10124,10486
10124,10487
10124,10488
10125,10489
10125,10490
10126,10491
10126,10492
10126,10493
10127,10494
10127,10495
10127,10496
10128,10497
10129,10498
10129,10499
10129,10500
10130,10501
10131,10502
10131,10503
10131,10504
10134,10506
10134,10507
10136,10508
10136,10509
10139,10510
10141,10511
10141,10512
10144,10513
10149,10514
10157,10515
10157,10516
10165,10517
10165,10518
10176,10519
10181,10520
10189,10521
10189,10522
10197,10523
10197,10524
10208,10525
10208,10526
10216,10527
10216,10528
10227,10529
10227,10530
10235,10531
10235,10532
10246,10533
10246,10534
10254,10535
10254,10536
10265,10537
10265,10538
10273,10539
10273,10540
10284,10541
10289,10542
10297,10543
10302,10544
10310,10545
10315,10546
10327,10547
10327,10548
10335,10549
10335,10550
10346,10551
10346,10552
10354,10553
10354,10554
10365,10555
10365,10556
10373,10557
10373,10558
10384,10559
10389,10560
10397,10561
10397,10562
10405,10563
10405,10564
10416,10565
10421,10566
10429,10567
10434,10568
10434,10569
10442,10570
10442,10571
10453,10572
10453,10573
10458,10574
10458,10575
10485,10576
10485,10577
10490,10578
10490,10579
10505,10581
10510,10582
10510,10583
10580,10585
10586,10589
10587,10590
10588,10591
10592,10593
10594,10597
10594,10598
10595,10599
10596,10600
10597,10601
10601,10602
10601,10603
10602,10604
10602,10605
10602,10606
10602,10607
10602,10608
10603,10609
10603,10610
10603,10611
10603,10612
10613,11050
10613,11051
10614,11052
10615,11053
10616,11054
10616,11055
10617,11056
10617,11057
10618,11058
10619,11059
10620,11060
10621,11061
10622,11062
10623,11063
10623,11064
10624,11065
10624,11066
10625,11067
10625,11068
10626,11069
10626,11070
10627,11071
10628,11072
10629,11073
10630,11074
10631,11075
10632,11076
10633,11077
10634,11078
10635,11079
10636,11080
10637,11081
10638,11082
10639,11083
10640,11084
10641,11085
10642,11086
10643,11087
10644,11088
10645,11089
10646,11090
10647,11091
10648,11092
10649,11093
10650,11094
10651,11095
10652,11096
10653,11097
10654,11098
10655,11099
10656,11100
10657,11101
10658,11102
10659,11103
10660,11104
10661,11105
10662,11106
10663,11107
10664,11108
10665,11109
10666,11110
10667,11111
10668,11112
10669,11113
10670,11114
10671,11115
10672,11116
10673,11117
10674,11118
10675,11119
10676,11120
10677,11121
10678,11122
10679,11123
10680,11124
10681,11125
10682,11126
10683,11127
10684,11128
10685,11129
10686,11130
10687,11131
10688,11132
10689,11133
10690,11134
10691,11135
10692,11136
10693,11137
10694,11138
10695,11139
10696,11140
10697,11141
10698,11142
10699,11143
10700,11144
10701,11145
10702,11146
10703,11147
10704,11148
10705,11149
10706,11150
10707,11151
10708,11152
10709,11153
10710,11154
10711,11155
10712,11156
10713,11157
10714,11158
10715,11159
10716,11160
10717,11161
10718,11162
10719,11163
10720,11164
10721,11165
10722,11166
10723,11167
10724,11168
10725,11169
10726,11170
10727,11171
10728,11172
10729,11173
10730,11174
10731,11175
10732,11176
10733,11177
10734,11178
10735,11179
10736,11180
10737,11181
10738,11182
10739,11183
10740,11184
10741,11185
10742,11186
10743,11187
10744,11188
10745,11189
10746,11190
10747,11191
10748,11192
10749,11193
10750,11194
10751,11195
10752,11196
10753,11197
10754,11198
10755,11199
10756,11200
10757,11201
10758,11202
10759,11203
10760,11204
10761,11205
10762,11206
10763,11207
10764,11208
10765,11209
10766,11210
10767,11211
10768,11212
10769,11213
10770,11214
10771,11215
10772,11216
10773,11217
10774,11218
10775,11219
10776,11220
10777,11221
10778,11222
10779,11223
10780,11224
10781,11225
10782,11226
10783,11227
10784,11228
10785,11229
10786,11230
10787,11231
10788,11232
10789,11233
10790,11234
10791,11235
10792,11236
10793,11237
10794,11238
10795,11239
10796,11240
10797,11241
10798,11242
10799,11243
10800,11244
10801,11245
10802,11246
10803,11247
10804,11248
10805,11249
10806,11250
10807,11251
10808,11252
10809,11253
10810,11254
10811,11255
10812,11256
10813,11257
10814,11258
10815,11259
10816,11260
10817,11261
10818,11262
10819,11263
10820,11264
10821,11265
10822,11266
10823,11267
10824,11268
10825,11269
10826,11270
10827,11271
10828,11272
10829,11273
10830,11274
10831,11275
10832,11276
10833,11277
10834,11278
10835,11279
10836,11280
10837,11281
10838,11282
10839,11283
10840,11284
10841,11285
10842,11286
10843,11287
10844,11288
10845,11289
10846,11290
10847,11291
10848,11292
10849,11293
10850,11294
10851,11295
10852,11296
10853,11297
10854,11298
10855,11299
10856,11300
10857,11301
10858,11302
10859,11303
10860,11304
10861,11305
10862,11306
10863,11307
10864,11308
10865,11309
10866,11310
10867,11311
10868,11312
10869,11313
10870,11314
10871,11315
10872,11316
10873,11317
10874,11318
10875,11319
10876,11320
10877,11321
10878,11322
10879,11323
10880,11324
10881,11325
10882,11326
10883,11327
10884,11328
10885,11329
10886,11330
10887,11331
10888,11332
10889,11333
10890,11334
10891,11335
10892,11336
10893,11337
10894,11338
10895,11339
10896,11340
10897,11341
10898,11342
10899,11343
10900,11344
10901,11345
10902,11346
10903,11347
10904,11348
10905,11349
10906,11350
10906,11351
10907,11352
10908,11353
10909,11354
10909,11355
10910,11356
10911,11357
10912,11358
10913,11359
10914,11360
10915,11361
10916,11362
10917,11363
10918,11364
10919,11365
10920,11366
10921,11367
10922,11368
10923,11369
10924,11370
10925,11371
10926,11372
10927,11373
10928,11374
10929,11375
10930,11376
10931,11377
10932,11378
10933,11379
10934,11380
10935,11381
10936,11382
10937,11383
10938,11384
10939,11385
10940,11386
10941,11387
10942,11388
10943,11389
10944,11390
10945,11391
10946,11392
10947,11393
10948,11394
10949,11395
10950,11396
10951,11397
10952,11398
10953,11399
10954,11400
10955,11401
10956,11402
10957,11403
10958,11404
10959,11405
10960,11406
10961,11407
10962,11408
10963,11409
10964,11410
10965,11411
10966,11412
10967,11413
10968,11414
10969,11415
10970,11416
10971,11417
10972,11418
10973,11419
10974,11420
10975,11421
10976,11422
10977,11423
10978,11424
10979,11425
10980,11426
10981,11427
10982,11428
10983,11429
10984,11430
10985,11431
10986,11432
10987,11433
10988,11434
10989,11435
10990,11436
10991,11437
10992,11438
10993,11439
10994,11440
10995,11441
10996,11442
10997,11443
10998,11444
10999,11445
11000,11446
11001,11447
11002,11448
11003,11449
11004,11450
11005,11451
11006,11452
11007,11453
11008,11454
11009,11455
11010,11456
11011,11457
11012,11458
11013,11459
11014,11460
11015,11461
11016,11462
11017,11463
11018,11464
11019,11465
11020,11466
11021,11467
11022,11468
11023,11469
11024,11470
11025,11471
11026,11472
11027,11473
11028,11474
11029,11475
11030,11476
11031,11477
11032,11478
11033,11479
11034,11480
11035,11481
11036,11482
11036,11483
11037,11484
11037,11485
11038,11486
11038,11487
11039,11488
11039,11489
11040,11490
11040,11491
11041,11492
11041,11493
11042,11494
11042,11495
11043,11496
11043,11497
11044,11498
11044,11499
11045,11500
11045,11501
11046,11502
11046,11503
11047,11504
11047,11505
11048,11506
11048,11507
11049,11508
11049,11509
11351,11516
11482,11517
11484,11518
11486,11519
11488,11520
11490,11521
11492,11522
11494,11523
11496,11524
11498,11525
11500,11526
11502,11527
11504,11528
11506,11529
11508,11530
11510,11531
11510,11532
11510,11533
11511,11534
11511,11535
11511,11536
11532,11537
11538,11552
11538,11553
11539,11554
11540,11555
11541,11556
11542,11557
11542,11558
11543,11559
11543,11560
11544,11561
11545,11562
11546,11563
11547,11564
11548,11565
11549,11566
11549,11567
11550,11568
11550,11569
11551,11570
11551,11571
11566,11572
11568,11573
11570,11574
11575,11576
11577,11580
11577,11581
11578,11582
11579,11583
11580,11584
11584,11585
11584,11586
11585,11587
11585,11588
11585,11589
11590,11717
11590,11718
11591,11719
11591,11720
11592,11721
11592,11722
11593,11723
11593,11724
11594,11725
11594,11726
11595,11727
11595,11728
11596,11729
11596,11730
11597,11731
11597,11732
11598,11733
11598,11734
11599,11735
11599,11736
11600,11737
11600,11738
11601,11739
11601,11740
11602,11741
11602,11742
11603,11743
11603,11744
11604,11745
11604,11746
11605,11747
11605,11748
11606,11749
11606,11750
11607,11751
11608,11752
11608,11753
11609,11754
11609,11755
11610,11756
11610,11757
11611,11758
11611,11759
11612,11760
11612,11761
11613,11762
11613,11763
11614,11764
11614,11765
11615,11766
11615,11767
11616,11768
11616,11769
11617,11770
11618,11771
11618,11772
11619,11773
11619,11774
11620,11775
11620,11776
11621,11777
11621,11778
11622,11779
11622,11780
11623,11781
11623,11782
11624,11783
11624,11784
11625,11785
11625,11786
11626,11787
11626,11788
11627,11789
11628,11790
11628,11791
11629,11792
11629,11793
11630,11794
11630,11795
11631,11796
11631,11797
11632,11798
11632,11799
11633,11800
11633,11801
11634,11802
11634,11803
11635,11804
11635,11805
11636,11806
11636,11807
11637,11808
11637,11809
11638,11810
11638,11811
11639,11812
11639,11813
11640,11814
11640,11815
11641,11816
11641,11817
11642,11818
11642,11819
11643,11820
11643,11821
11644,11822
11644,11823
11645,11824
11645,11825
11646,11826
11646,11827
11647,11828
11647,11829
11648,11830
11649,11831
11649,11832
11650,11833
11650,11834
11651,11835
11651,11836
11652,11837
11652,11838
11653,11839
11653,11840
11654,11841
11654,11842
11655,11843
11655,11844
11656,11845
11656,11846
11657,11847
11657,11848
11658,11849
11659,11850
11659,11851
11660,11852
11660,11853
11661,11854
11661,11855
11662,11856
11662,11857
11663,11858
11663,11859
11664,11860
11664,11861
11665,11862
11665,11863
11666,11864
11666,11865
11667,11866
11667,11867
11668,11868
11668,11869
11669,11870
11669,11871
11670,11872
11670,11873
11671,11874
11671,11875
11672,11876
11672,11877
11673,11878
11673,11879
11674,11880
11674,11881
11675,11882
11675,11883
11676,11884
11676,11885
11677,11886
11677,11887
11678,11888
11678,11889
11679,11890
11679,11891
11680,11892
11680,11893
11681,11894
11681,11895
11682,11896
11682,11897
11683,11898
11683,11899
11684,11900
11684,11901
11685,11902
11685,11903
11686,11904
11686,11905
11687,11906
11687,11907
11688,11908
11688,11909
11689,11910
11689,11911
11690,11912
11690,11913
11691,11914
11691,11915
11692,11916
11692,11917
11693,11918
11693,11919
11694,11920
11694,11921
11695,11922
11695,11923
11696,11924
11696,11925
11697,11926
11697,11927
11698,11928
11698,11929
11699,11930
11699,11931
11700,11932
11700,11933
11701,11934
11701,11935
11702,11936
11702,11937
11703,11938
11703,11939
11704,11940
11704,11941
11705,11942
11705,11943
11706,11944
11706,11945
11707,11946
11707,11947
11708,11948
11708,11949
11709,11950
11709,11951
11710,11952
11710,11953
11711,11954
11711,11955
11712,11956
11712,11957
11713,11958
11713,11959
11714,11960
11714,11961
11715,11962
11715,11963
11716,11964
11716,11965
11719,11967
11721,11968
11723,11969
11725,11970
11725,11971
11727,11972
11729,11973
11731,11974
11733,11975
11735,11976
11737,11977
11739,11978
11741,11979
11741,11980
11743,11981
11745,11982
11747,11983
11749,11984
11753,11987
11754,11988
11756,11989
11758,11990
11760,11991
11762,11992
11764,11993
11764,11994
11766,11995
11766,11996
11768,11997
11772,12000
11773,12001
11775,12002
11777,12003
11779,12004
11779,12005
11781,12006
11781,12007
11783,12008
11785,12009
11787,12010
11787,12011
11791,12014
11791,12015
11792,12016
11794,12017
11796,12018
11798,12019
11800,12020
11800,12021
11802,12022
11804,12023
11806,12024
11808,12025
11810,12026
11815,12027
11816,12028
11818,12029
11820,12030
11822,12031
11822,12032
11824,12033
11826,12034
11826,12035
11828,12036
11832,12039
11833,12040
11835,12041
11837,12042
11839,12043
11841,12044
11843,12045
11845,12046
11847,12047
11851,12050
11852,12051
11852,12052
11854,12053
11854,12054
11856,12055
11856,12056
11858,12057
11858,12058
11860,12059
11860,12060
11862,12061
11864,12062
11866,12063
11868,12064
11870,12065
11872,12066
11874,12067
11876,12068
11878,12069
11880,12070
11882,12071
11884,12072
11886,12073
11888,12074
11890,12075
11892,12076
11894,12077
11896,12078
11898,12079
11900,12080
11902,12081
11904,12082
11906,12083
11908,12084
11910,12085
11912,12086
11914,12087
11916,12088
11918,12089
11920,12090
11922,12091
11924,12092
11926,12093
11928,12094
11930,12095
11932,12096
11934,12097
11936,12098
11938,12099
11940,12100
11942,12101
11944,12102
11946,12103
11948,12104
11950,12105
11952,12106
11954,12107
11956,12108
11958,12109
11960,12110
11962,12111
11964,12112
11966,12113
11966,12114
11967,12115
11968,12116
11979,12117
11982,12118
11985,12119
11986,12120
11989,12121
11990,12122
11991,12123
11992,12124
11992,12125
11997,12126
11997,12127
11998,12128
11999,12129
12001,12130
12008,12131
12012,12132
12013,12133
12016,12134
12022,12135
12023,12136
12024,12137
12029,12140
12030,12141
12037,12142
12038,12143
12040,12144
12041,12145
12042,12146
12045,12147
12048,12148
12049,12149
12053,12150
12055,12151
12057,12152
12059,12153
12063,12154
12063,12155
12064,12156
12065,12157
12066,12158
12067,12159
12070,12160
12070,12161
12071,12162
12072,12163
12073,12164
12074,12165
12076,12166
12077,12167
12079,12168
12081,12169
12084,12170
12085,12171
12087,12172
12089,12173
12092,12174
12094,12175
12096,12176
12098,12177
12099,12178
12102,12179
12104,12180
12106,12181
12107,12182
12109,12183
12110,12184
12138,12185
12139,12186
12187,12188
12189,12192
12189,12193
12190,12194
12191,12195
12192,12196
12196,12197
12197,12198
12197,12199
12197,12200
12197,12201
12197,12202
12203,12282
12203,12283
12204,12284
12205,12285
12206,12286
12207,12287
12208,12288
12209,12289
12210,12290
12211,12291
12212,12292
12213,12293
12214,12294
12215,12295
12216,12296
12217,12297
12218,12298
12219,12299
12220,12300
12221,12301
12222,12302
12223,12303
12224,12304
12225,12305
12226,12306
12227,12307
12228,12308
12229,12309
12230,12310
12231,12311
12232,12312
12233,12313
12234,12314
12235,12315
12236,12316
12237,12317
12238,12318
12239,12319
12240,12320
12241,12321
12242,12322
12243,12323
12244,12324
12244,12325
12245,12326
12246,12327
12247,12328
12248,12329
12249,12330
12250,12331
12251,12332
12252,12333
12253,12334
12254,12335
12255,12336
12256,12337
12257,12338
12258,12339
12259,12340
12260,12341
12261,12342
12262,12343
12263,12344
12264,12345
12265,12346
12266,12347
12267,12348
12268,12349
12269,12350
12270,12351
12271,12352
12272,12353
12273,12354
12274,12355
12275,12356
12276,12357
12277,12358
12278,12359
12279,12360
12280,12361
12281,12362
12325,12365
12363,12366
12363,12367
12364,12368
12364,12369
12364,12370
12369,12371
12372,12373
12374,12377
12374,12378
12375,12379
12376,12380
12377,12381
12381,12382
12382,12383
12382,12384
12382,12385
12382,12386
12382,12387
12382,12388
12389,12412
12389,12413
12390,12414
12391,12415
12392,12416
12393,12417
12394,12418
12395,12419
12396,12420
12397,12421
12398,12422
12399,12423
12400,12424
12401,12425
12402,12426
12403,12427
12404,12428
12405,12429
12406,12430
12407,12431
12408,12432
12409,12433
12410,12434
12411,12435
12436,12438
12436,12439
12437,12440
12437,12441
12437,12442
12441,12443
12444,12445
12446,12449
12446,12450
12447,12451
12448,12452
12449,12453
12453,12454
12455,12629
12455,12630
12456,12631
12457,12632
12457,12633
12458,12634
12458,12635
12459,12636
12459,12637
12459,12638
12460,12639
12461,12640
12461,12641
12462,12642
12462,12643
12463,12644
12463,12645
12463,12646
12464,12647
12465,12648
12466,12649
12467,12650
12468,12651
12469,12652
12470,12653
12471,12654
12472,12655
12473,12656
12474,12657
12475,12658
12476,12659
12477,12660
12478,12661
12479,12662
12480,12663
12481,12664
12482,12665
12482,12666
12483,12667
12484,12668
12485,12669
12486,12670
12486,12671
12487,12672
12487,12673
12488,12674
12488,12675
12489,12676
12490,12677
12491,12678
12492,12679
12492,12680
12493,12681
12494,12682
12494,12683
12495,12684
12495,12685
12495,12686
12496,12687
12497,12688
12498,12689
12498,12690
12499,12691
12500,12692
12501,12693
12502,12694
12503,12695
12504,12696
12505,12697
12506,12698
12507,12699
12508,12700
12509,12701
12510,12702
12511,12703
12512,12704
12513,12705
12514,12706
12515,12707
12516,12708
12517,12709
12518,12710
12519,12711
12520,12712
12521,12713
12522,12714
12523,12715
12524,12716
12525,12717
12526,12718
12527,12719
12528,12720
12529,12721
12530,12722
12531,12723
12532,12724
12533,12725
12534,12726
12535,12727
12536,12728
12537,12729
12538,12730
12539,12731
12540,12732
12541,12733
12542,12734
12543,12735
12544,12736
12545,12737
12546,12738
12547,12739
12548,12740
12549,12741
12550,12742
12551,12743
12552,12744
12553,12745
12554,12746
12555,12747
12556,12748
12557,12749
12558,12750
12559,12751
12560,12752
12561,12753
12562,12754
12563,12755
12564,12756
12565,12757
12566,12758
12567,12759
12568,12760
12569,12761
12570,12762
12571,12763
12572,12764
12573,12765
12574,12766
12575,12767
12576,12768
12577,12769
12578,12770
12579,12771
12580,12772
12581,12773
12582,12774
12583,12775
12584,12776
12585,12777
12586,12778
12587,12779
12588,12780
12589,12781
12590,12782
12591,12783
12592,12784
12593,12785
12594,12786
12595,12787
12596,12788
12597,12789
12598,12790
12599,12791
12600,12792
12601,12793
12602,12794
12603,12795
12604,12796
12605,12797
12606,12798
12607,12799
12608,12800
12609,12801
12610,12802
12611,12803
12612,12804
12612,12805
12613,12806
12614,12807
12615,12808
12616,12809
12617,12810
12618,12811
12619,12812
12620,12813
12621,12814
12622,12815
12623,12816
12624,12817
12625,12818
12626,12819
12627,12820
12628,12821
12690,12822
12690,12823
12690,12824
12690,12825
12690,12826
12805,12827
12828,12830
12828,12831
12829,12832
12829,12833
12829,12834
12833,12835
12836,12837
12838,12841
12838,12842
12839,12843
12840,12844
12841,12845
12845,12846
12847,13606
12847,13607
12848,13608
12849,13609
12849,13610
12850,13611
12850,13612
12851,13613
12851,13614
12851,13615
12852,13616
12853,13617
12854,13618
12855,13619
12856,13620
12857,13621
12858,13622
12859,13623
12860,13624
12861,13625
12861,13626
12862,13627
12862,13628
12863,13629
12863,13630
12863,13631
12864,13632
12864,13633
12865,13634
12865,13635
12865,13636
12866,13637
12866,13638
12867,13639
12867,13640
12867,13641
12868,13642
12868,13643
12869,13644
12869,13645
12869,13646
12870,13647
12870,13648
12871,13649
12871,13650
12871,13651
12872,13652
12873,13653
12873,13654
12874,13655
12875,13656
12876,13657
12876,13658
12877,13659
12877,13660
12878,13661
12879,13662
12880,13663
12881,13664
12882,13665
12883,13666
12884,13667
12885,13668
12886,13669
12887,13670
12887,13671
12888,13672
12888,13673
12889,13674
12889,13675
12890,13676
12891,13677
12892,13678
12893,13679
12893,13680
12894,13681
12895,13682
12896,13683
12897,13684
12898,13685
12899,13686
12900,13687
12901,13688
12902,13689
12903,13690
12904,13691
12905,13692
12906,13693
12907,13694
12908,13695
12909,13696
12910,13697
12911,13698
12912,13699
12913,13700
12914,13701
12915,13702
12916,13703
12917,13704
12918,13705
12919,13706
12920,13707
12921,13708
12922,13709
12923,13710
12924,13711
12925,13712
12926,13713
12927,13714
12928,13715
12929,13716
12930,13717
12931,13718
12932,13719
12933,13720
12934,13721
12935,13722
12936,13723
12937,13724
12938,13725
12939,13726
12940,13727
12941,13728
12942,13729
12943,13730
12944,13731
12945,13732
12946,13733
12947,13734
12948,13735
12949,13736
12950,13737
12951,13738
12952,13739
12953,13740
12954,13741
12955,13742
12956,13743
12957,13744
12958,13745
12959,13746
12960,13747
12961,13748
12962,13749
12963,13750
12964,13751
12965,13752
12966,13753
12967,13754
12968,13755
12969,13756
12970,13757
12971,13758
12972,13759
12973,13760
12974,13761
12975,13762
12976,13763
12977,13764
12978,13765
12979,13766
12980,13767
12981,13768
12982,13769
12983,13770
12984,13771
12985,13772
12986,13773
12987,13774
12988,13775
12989,13776
12990,13777
12991,13778
12992,13779
12993,13780
12994,13781
12995,13782
12996,13783
12997,13784
12998,13785
12999,13786
13000,13787
13001,13788
13002,13789
13003,13790
13004,13791
13005,13792
13006,13793
13007,13794
13008,13795
13009,13796
13010,13797
13011,13798
13012,13799
13013,13800
13014,13801
13015,13802
13016,13803
13017,13804
13018,13805
13019,13806
13020,13807
13021,13808
13022,13809
13023,13810
13024,13811
13025,13812
13026,13813
13027,13814
13028,13815
13029,13816
13030,13817
13031,13818
13032,13819
13033,13820
13034,13821
13035,13822
13036,13823
13037,13824
13038,13825
13039,13826
13040,13827
13041,13828
13042,13829
13043,13830
13044,13831
13045,13832
13046,13833
13047,13834
13048,13835
13049,13836
13050,13837
13051,13838
13052,13839
13053,13840
13054,13841
13055,13842
13056,13843
13057,13844
13058,13845
13059,13846
13060,13847
13061,13848
13062,13849
13063,13850
13064,13851
13065,13852
13066,13853
13067,13854
13068,13855
13069,13856
13070,13857
13071,13858
13072,13859
13073,13860
13074,13861
13075,13862
13076,13863
13077,13864
13078,13865
13079,13866
13080,13867
13081,13868
13082,13869
13083,13870
13084,13871
13085,13872
13086,13873
13087,13874
13088,13875
13089,13876
13090,13877
13091,13878
13092,13879
13093,13880
13094,13881
13095,13882
13096,13883
13097,13884
13098,13885
13099,13886
13100,13887
13101,13888
13102,13889
13103,13890
13104,13891
13105,13892
13106,13893
13107,13894
13108,13895
13109,13896
13110,13897
13111,13898
13112,13899
13113,13900
13114,13901
13115,13902
13116,13903
13117,13904
13118,13905
13119,13906
13120,13907
13121,13908
13122,13909
13123,13910
13124,13911
13125,13912
13126,13913
13127,13914
13128,13915
13129,13916
13130,13917
13131,13918
13132,13919
13133,13920
13134,13921
13135,13922
13136,13923
13137,13924
13138,13925
13139,13926
13140,13927
13141,13928
13142,13929
13143,13930
13144,13931
13145,13932
13146,13933
13147,13934
13148,13935
13149,13936
13150,13937
13151,13938
13152,13939
13153,13940
13154,13941
13155,13942
13156,13943
13157,13944
13158,13945
13159,13946
13160,13947
13161,13948
13162,13949
13163,13950
13164,13951
13165,13952
13166,13953
13167,13954
13168,13955
13169,13956
13170,13957
13171,13958
13172,13959
13173,13960
13174,13961
13175,13962
13176,13963
13177,13964
13178,13965
13179,13966
13180,13967
13181,13968
13182,13969
13183,13970
13184,13971
13185,13972
13186,13973
13187,13974
13188,13975
13189,13976
13190,13977
13191,13978
13192,13979
13193,13980
13194,13981
13195,13982
13196,13983
13197,13984
13198,13985
13199,13986
13200,13987
13201,13988
13202,13989
13203,13990
13204,13991
13205,13992
13206,13993
13207,13994
13208,13995
13209,13996
13210,13997
13211,13998
13212,13999
13213,14000
13214,14001
13215,14002
13216,14003
13217,14004
13218,14005
13219,14006
13220,14007
13221,14008
13222,14009
13223,14010
13224,14011
13225,14012
13226,14013
13227,14014
13228,14015
13229,14016
13230,14017
13231,14018
13232,14019
13233,14020
13234,14021
13235,14022
13236,14023
13237,14024
13238,14025
13239,14026
13240,14027
13241,14028
13242,14029
13243,14030
13244,14031
13245,14032
13246,14033
13247,14034
13248,14035
13249,14036
13250,14037
13251,14038
13252,14039
13253,14040
13254,14041
13255,14042
13256,14043
13257,14044
13258,14045
13259,14046
13260,14047
13261,14048
13262,14049
13263,14050
13264,14051
13265,14052
13266,14053
13267,14054
13268,14055
13269,14056
13270,14057
13271,14058
13272,14059
13273,14060
13274,14061
13275,14062
13276,14063
13277,14064
13278,14065
13279,14066
13280,14067
13281,14068
13282,14069
13283,14070
13284,14071
13285,14072
13286,14073
13287,14074
13288,14075
13289,14076
13290,14077
13291,14078
13292,14079
13293,14080
13294,14081
13295,14082
13296,14083
13297,14084
13298,14085
13299,14086
13300,14087
13301,14088
13302,14089
13303,14090
13304,14091
13305,14092
13306,14093
13307,14094
13308,14095
13309,14096
13310,14097
13311,14098
13312,14099
13313,14100
13314,14101
13315,14102
13316,14103
13317,14104
13318,14105
13319,14106
13320,14107
13321,14108
13322,14109
13323,14110
13324,14111
13325,14112
13326,14113
13327,14114
13328,14115
13329,14116
13330,14117
13331,14118
13332,14119
13333,14120
13334,14121
13335,14122
13336,14123
13337,14124
13338,14125
13339,14126
13340,14127
13341,14128
13342,14129
13343,14130
13344,14131
13345,14132
13346,14133
13347,14134
13348,14135
13349,14136
13350,14137
13351,14138
13352,14139
13353,14140
13354,14141
13355,14142
13356,14143
13357,14144
13358,14145
13359,14146
13360,14147
13361,14148
13362,14149
13363,14150
13364,14151
13365,14152
13366,14153
13367,14154
13368,14155
13369,14156
13370,14157
13371,14158
13372,14159
13373,14160
13374,14161
13375,14162
13376,14163
13377,14164
13378,14165
13379,14166
13380,14167
13381,14168
13382,14169
13383,14170
13384,14171
13385,14172
13386,14173
13387,14174
13388,14175
13389,14176
13390,14177
13391,14178
13392,14179
13393,14180
13394,14181
13395,14182
13396,14183
13397,14184
13398,14185
13399,14186
13400,14187
13401,14188
13402,14189
13403,14190
13404,14191
13405,14192
13406,14193
13407,14194
13408,14195
13409,14196
13410,14197
13411,14198
13412,14199
13413,14200
13414,14201
13415,14202
13416,14203
13417,14204
13418,14205
13419,14206
13420,14207
13421,14208
13422,14209
13423,14210
13424,14211
13425,14212
13426,14213
13427,14214
13428,14215
13429,14216
13430,14217
13431,14218
13432,14219
13433,14220
13434,14221
13435,14222
13436,14223
13437,14224
13438,14225
13439,14226
13440,14227
13441,14228
13442,14229
13443,14230
13444,14231
13445,14232
13446,14233
13447,14234
13448,14235
13449,14236
13450,14237
13451,14238
13452,14239
13453,14240
13454,14241
13455,14242
13456,14243
13457,14244
13458,14245
13459,14246
13460,14247
13461,14248
13462,14249
13463,14250
13464,14251
13465,14252
13466,14253
13467,14254
13468,14255
13469,14256
13470,14257
13471,14258
13472,14259
13473,14260
13474,14261
13475,14262
13476,14263
13477,14264
13478,14265
13479,14266
13480,14267
13481,14268
13482,14269
13483,14270
13484,14271
13485,14272
13486,14273
13487,14274
13488,14275
13489,14276
13490,14277
13491,14278
13492,14279
13493,14280
13494,14281
13495,14282
13496,14283
13497,14284
13498,14285
13499,14286
13500,14287
13501,14288
13502,14289
13503,14290
13504,14291
13505,14292
13506,14293
13507,14294
13508,14295
13509,14296
13510,14297
13511,14298
13512,14299
13513,14300
13514,14301
13515,14302
13516,14303
13517,14304
13518,14305
13519,14306
13520,14307
13521,14308
13522,14309
13523,14310
13524,14311
13525,14312
13526,14313
13527,14314
13528,14315
13529,14316
13530,14317
13531,14318
13532,14319
13533,14320
13534,14321
13535,14322
13536,14323
13537,14324
13538,14325
13539,14326
13540,14327
13541,14328
13542,14329
13543,14330
13544,14331
13545,14332
13546,14333
13547,14334
13548,14335
13549,14336
13550,14337
13551,14338
13552,14339
13553,14340
13554,14341
13555,14342
13556,14343
13557,14344
13558,14345
13559,14346
13560,14347
13561,14348
13562,14349
13563,14350
13564,14351
13565,14352
13566,14353
13567,14354
13568,14355
13568,14356
13569,14357
13569,14358
13570,14359
13570,14360
13570,14361
13571,14362
13572,14363
13572,14364
13573,14365
13573,14366
13574,14367
13574,14368
13574,14369
13575,14370
13576,14371
13576,14372
13577,14373
13577,14374
13578,14375
13578,14376
13578,14377
13579,14378
13579,14379
13580,14380
13580,14381
13581,14382
13582,14383
13583,14384
13584,14385
13585,14386
13586,14387
13587,14388
13588,14389
13589,14390
13590,14391
13591,14392
13592,14393
13593,14394
13594,14395
13595,14396
13596,14397
13597,14398
13598,14399
13599,14400
13600,14401
13601,14402
13602,14403
13603,14404
13604,14405
13605,14406
14379,14407
14379,14408
14379,14409
14379,14410
14379,14411
14381,14412
14413,14415
14413,14416
14414,14417
14414,14418
14414,14419
14418,14420
14421,14422
14423,14426
14423,14427
14424,14428
14425,14429
14426,14430
14430,14431
14431,14432
14431,14433
14431,14434
14431,14435
14436,14629
14436,14630
14437,14631
14438,14632
14439,14633
14440,14634
14441,14635
14442,14636
14442,14637
14443,14638
14444,14639
14444,14640
14445,14641
14446,14642
14447,14643
14448,14644
14449,14645
14450,14646
14451,14647
14452,14648
14453,14649
14454,14650
14455,14651
14456,14652
14457,14653
14458,14654
14459,14655
14460,14656
14461,14657
14462,14658
14463,14659
14464,14660
14465,14661
14466,14662
14467,14663
14468,14664
14469,14665
14470,14666
14471,14667
14472,14668
14473,14669
14474,14670
14475,14671
14476,14672
14477,14673
14478,14674
14479,14675
14480,14676
14481,14677
14482,14678
14483,14679
14484,14680
14485,14681
14486,14682
14487,14683
14488,14684
14489,14685
14490,14686
14491,14687
14492,14688
14493,14689
14494,14690
14495,14691
14496,14692
14497,14693
14498,14694
14499,14695
14500,14696
14501,14697
14502,14698
14503,14699
14504,14700
14505,14701
14506,14702
14507,14703
14508,14704
14509,14705
14510,14706
14511,14707
14512,14708
14513,14709
14514,14710
14515,14711
14516,14712
14517,14713
14518,14714
14519,14715
14520,14716
14521,14717
14522,14718
14523,14719
14524,14720
14525,14721
14526,14722
14527,14723
14528,14724
14529,14725
14530,14726
14531,14727
14532,14728
14533,14729
14534,14730
14535,14731
14536,14732
14537,14733
14538,14734
14539,14735
14540,14736
14541,14737
14542,14738
14543,14739
14544,14740
14545,14741
14546,14742
14547,14743
14548,14744
14549,14745
14550,14746
14551,14747
14552,14748
14553,14749
14554,14750
14555,14751
14556,14752
14557,14753
14558,14754
14559,14755
14560,14756
14561,14757
14562,14758
14563,14759
14564,14760
14565,14761
14566,14762
14567,14763
14568,14764
14569,14765
14570,14766
14571,14767
14572,14768
14573,14769
14574,14770
14575,14771
14576,14772
14577,14773
14578,14774
14579,14775
14580,14776
14581,14777
14582,14778
14583,14779
14584,14780
14585,14781
14586,14782
14587,14783
14588,14784
14589,14785
14590,14786
14591,14787
14592,14788
14593,14789
14594,14790
14595,14791
14596,14792
14597,14793
14598,14794
14599,14795
14600,14796
14601,14797
14602,14798
14603,14799
14603,14800
14604,14801
14605,14802
14606,14803
14607,14804
14608,14805
14609,14806
14610,14807
14611,14808
14612,14809
14613,14810
14614,14811
14615,14812
14616,14813
14617,14814
14618,14815
14619,14816
14620,14817
14621,14818
14622,14819
14623,14820
14624,14821
14625,14822
14626,14823
14627,14824
14628,14825
14800,14827
14826,14828
14826,14829
14826,14830
14829,14831
14832,14833
14834,14837
14834,14838
14835,14839
14836,14840
14837,14841
14841,14842
14843,15022
14843,15023
14844,15024
14845,15025
14845,15026
14846,15027
14846,15028
14847,15029
14847,15030
14847,15031
14848,15032
14849,15033
14849,15034
14850,15035
14850,15036
14851,15037
14851,15038
14851,15039
14852,15040
14853,15041
14854,15042
14855,15043
14856,15044
14857,15045
14858,15046
14859,15047
14860,15048
14861,15049
14862,15050
14863,15051
14864,15052
14865,15053
14866,15054
14867,15055
14868,15056
14869,15057
14870,15058
14870,15059
14871,15060
14872,15061
14873,15062
14874,15063
14874,15064
14875,15065
14875,15066
14876,15067
14876,15068
14877,15069
14878,15070
14879,15071
14880,15072
14881,15073
14881,15074
14882,15075
14883,15076
14883,15077
14884,15078
14884,15079
14884,15080
14885,15081
14886,15082
14887,15083
14887,15084
14888,15085
14889,15086
14890,15087
14891,15088
14892,15089
14893,15090
14894,15091
14895,15092
14896,15093
14897,15094
14898,15095
14899,15096
14900,15097
14901,15098
14902,15099
14903,15100
14904,15101
14905,15102
14906,15103
14907,15104
14908,15105
14909,15106
14910,15107
14911,15108
14912,15109
14913,15110
14914,15111
14915,15112
14916,15113
14917,15114
14918,15115
14919,15116
14920,15117
14921,15118
14922,15119
14923,15120
14924,15121
14925,15122
14926,15123
14927,15124
14928,15125
14929,15126
14930,15127
14931,15128
14932,15129
14933,15130
14934,15131
14935,15132
14936,15133
14937,15134
14938,15135
14939,15136
14940,15137
14941,15138
14942,15139
14943,15140
14944,15141
14945,15142
14946,15143
14947,15144
14948,15145
14949,15146
14950,15147
14951,15148
14952,15149
14953,15150
14954,15151
14955,15152
14956,15153
14957,15154
14957,15155
14958,15156
14959,15157
14960,15158
14961,15159
14962,15160
14963,15161
14964,15162
14965,15163
14966,15164
14967,15165
14968,15166
14969,15167
14970,15168
14971,15169
14972,15170
14973,15171
14974,15172
14975,15173
14976,15174
14977,15175
14978,15176
14979,15177
14980,15178
14981,15179
14982,15180
14983,15181
14984,15182
14985,15183
14986,15184
14987,15185
14988,15186
14989,15187
14990,15188
14991,15189
14992,15190
14993,15191
14994,15192
14995,15193
14996,15194
14997,15195
14998,15196
14999,15197
15000,15198
15001,15199
15002,15200
15003,15201
15004,15202
15005,15203
15006,15204
15007,15205
15008,15206
15009,15207
15010,15208
15011,15209
15012,15210
15013,15211
15014,15212
15015,15213
15016,15214
15017,15215
15018,15216
15019,15217
15020,15218
15021,15219
15084,15220
15084,15221
15084,15222
15084,15223
15084,15224
15155,15225
15226,15228
15226,15229
15227,15230
15227,15231
15227,15232
15231,15233
15234,15235
15236,15239
15236,15240
15237,15241
15238,15242
15239,15243
15244,15255
15244,15256
15245,15257
15245,15258
15246,15259
15247,15260
15248,15261
15249,15262
15249,15263
15250,15264
15251,15265
15252,15266
15253,15267
15254,15268
15256,15269
15256,15270
15256,15271
15256,15272
15256,15273
15263,15274
15275,15277
15275,15278
15276,15279
15276,15280
15276,15281
15280,15282
15283,15284
15285,15288
15285,15289
15286,15290
15287,15291
15288,15292
15292,15293
15293,15295
15294,15296
15294,15297
15295,15299
15300,15306
15300,15307
15301,15308
15301,15309
15302,15310
15303,15311
15303,15312
15304,15313
15304,15314
15305,15316
15305,15317
15305,15318
15307,15319
15309,15320
15312,15321
15314,15322
15315,15323
15315,15324
15316,15326
15317,15327
15328,15331
15329,15333
15332,15334
15335,15339
15336,15340
15337,15341
15342,15343
15344,15347
15344,15348
15345,15349
15346,15350
15347,15351
15351,15352
15351,15353
15352,15354
15352,15355
15352,15356
15352,15357
15352,15358
15352,15359
15353,15360
15353,15361
15353,15362
15353,15363
15364,15399
15364,15400
15365,15401
15366,15402
15366,15403
15367,15404
15368,15405
15368,15406
15369,15407
15370,15408
15371,15409
15372,15410
15373,15411
15374,15412
15375,15413
15376,15414
15377,15415
15378,15416
15379,15417
15380,15418
15381,15419
15382,15420
15383,15421
15384,15422
15385,15423
15386,15424
15387,15425
15388,15426
15389,15427
15390,15428
15391,15429
15392,15430
15393,15431
15394,15432
15394,15433
15395,15434
15395,15435
15396,15436
15396,15437
15397,15438
15397,15439
15398,15440
15398,15441
15432,15447
15434,15448
15436,15449
15438,15450
15440,15451
15442,15452
15442,15453
15442,15454
15443,15455
15443,15456
15443,15457
15444,15458
15444,15459
15444,15460
15445,15461
15445,15462
15445,15463
15446,15464
15446,15465
15446,15466
15453,15467
15456,15468
15459,15469
15459,15470
15462,15471
15462,15472
15473,15478
15474,15479
15475,15480
15476,15481
15477,15482
15477,15483
15484,15485
15486,15489
15486,15490
15487,15491
15488,15492
15489,15493
15493,15494
15493,15495
15494,15496
15494,15497
15494,15498
15494,15499
15494,15500
15495,15502
15501,15562
15501,15563
15502,15565
15503,15566
15504,15567
15505,15568
15506,15569
15507,15570
15507,15571
15508,15572
15509,15573
15510,15574
15511,15575
15512,15576
15513,15577
15514,15578
15515,15579
15516,15580
15517,15581
15518,15582
15519,15583
15520,15584
15521,15585
15522,15586
15523,15587
15524,15588
15525,15589
15526,15590
15527,15591
15528,15592
15529,15593
15530,15594
15531,15595
15532,15596
15533,15597
15534,15598
15535,15599
15536,15600
15537,15601
15538,15602
15539,15603
15540,15604
15541,15605
15542,15606
15543,15607
15544,15608
15545,15609
15546,15610
15547,15611
15548,15612
15549,15613
15550,15614
15551,15615
15552,15616
15553,15617
15554,15618
15555,15619
15556,15620
15557,15621
15558,15622
15559,15623
15560,15624
15561,15625
15571,15630
15626,15631
15626,15632
15627,15633
15627,15634
15627,15635
15628,15636
15628,15637
15629,15638
15629,15639
15629,15640
15634,15641
15638,15642
15639,15643
15644,15645
15646,15649
15646,15650
15647,15651
15648,15652
15649,15653
15653,15654
15655,16424
15655,16425
15656,16426
15657,16427
15657,16428
15658,16429
15658,16430
15659,16431
15659,16432
15659,16433
15660,16434
15661,16435
15661,16436
15662,16437
15662,16438
15663,16439
15663,16440
15663,16441
15664,16442
15665,16443
15665,16444
15666,16445
15666,16446
15667,16447
15667,16448
15667,16449
15668,16450
15669,16451
15670,16452
15671,16453
15672,16454
15673,16455
15674,16456
15675,16457
15676,16458
15677,16459
15678,16460
15679,16461
15680,16462
15681,16463
15682,16464
15683,16465
15684,16466
15685,16467
15685,16468
15686,16469
15687,16470
15688,16471
15689,16472
15689,16473
15690,16474
15690,16475
15691,16476
15691,16477
15692,16478
15693,16479
15694,16480
15695,16481
15695,16482
15696,16483
15697,16484
15697,16485
15698,16486
15698,16487
15698,16488
15699,16489
15700,16490
15701,16491
15702,16492
15703,16493
15704,16494
15705,16495
15706,16496
15707,16497
15708,16498
15709,16499
15710,16500
15711,16501
15712,16502
15713,16503
15714,16504
15715,16505
15716,16506
15717,16507
15718,16508
15719,16509
15720,16510
15721,16511
15722,16512
15723,16513
15724,16514
15725,16515
15726,16516
15727,16517
15728,16518
15729,16519
15730,16520
15731,16521
15732,16522
15733,16523
15734,16524
15735,16525
15736,16526
15737,16527
15738,16528
15739,16529
15740,16530
15741,16531
15742,16532
15743,16533
15744,16534
15745,16535
15746,16536
15747,16537
15748,16538
15749,16539
15750,16540
15751,16541
15752,16542
15753,16543
15754,16544
15755,16545
15756,16546
15757,16547
15758,16548
15759,16549
15760,16550
15761,16551
15762,16552
15763,16553
15764,16554
15765,16555
15766,16556
15767,16557
15768,16558
15769,16559
15770,16560
15771,16561
15772,16562
15773,16563
15774,16564
15775,16565
15776,16566
15777,16567
15778,16568
15779,16569
15780,16570
15781,16571
15782,16572
15783,16573
15784,16574
15785,16575
15786,16576
15787,16577
15788,16578
15789,16579
15790,16580
15791,16581
15792,16582
15793,16583
15794,16584
15795,16585
15796,16586
15797,16587
15798,16588
15799,16589
15800,16590
15801,16591
15802,16592
15803,16593
15804,16594
15805,16595
15806,16596
15807,16597
15808,16598
15809,16599
15810,16600
15811,16601
15812,16602
15813,16603
15814,16604
15815,16605
15816,16606
15817,16607
15818,16608
15819,16609
15820,16610
15821,16611
15822,16612
15823,16613
15824,16614
15825,16615
15826,16616
15827,16617
15828,16618
15829,16619
15830,16620
15831,16621
15832,16622
15833,16623
15834,16624
15835,16625
15836,16626
15837,16627
15838,16628
15839,16629
15840,16630
15841,16631
15842,16632
15843,16633
15844,16634
15845,16635
15846,16636
15847,16637
15848,16638
15849,16639
15850,16640
15851,16641
15852,16642
15853,16643
15854,16644
15855,16645
15856,16646
15857,16647
15858,16648
15859,16649
15860,16650
15861,16651
15862,16652
15863,16653
15864,16654
15865,16655
15866,16656
15867,16657
15868,16658
15869,16659
15870,16660
15871,16661
15872,16662
15873,16663
15874,16664
15875,16665
15876,16666
15877,16667
15878,16668
15879,16669
15880,16670
15881,16671
15882,16672
15883,16673
15884,16674
15885,16675
15886,16676
15887,16677
15888,16678
15889,16679
15890,16680
15891,16681
15892,16682
15893,16683
15894,16684
15895,16685
15896,16686
15897,16687
15898,16688
15899,16689
15900,16690
15901,16691
15902,16692
15903,16693
15904,16694
15905,16695
15906,16696
15907,16697
15908,16698
15909,16699
15910,16700
15911,16701
15912,16702
15913,16703
15914,16704
15915,16705
15916,16706
15917,16707
15918,16708
15919,16709
15920,16710
15921,16711
15922,16712
15923,16713
15924,16714
15925,16715
15926,16716
15927,16717
15928,16718
15929,16719
15930,16720
15931,16721
15932,16722
15933,16723
15934,16724
15935,16725
15936,16726
15937,16727
15938,16728
15939,16729
15940,16730
15941,16731
15942,16732
15943,16733
15944,16734
15945,16735
15946,16736
15947,16737
15948,16738
15949,16739
15950,16740
15951,16741
15952,16742
15953,16743
15954,16744
15955,16745
15956,16746
15957,16747
15958,16748
15959,16749
15960,16750
15961,16751
15962,16752
15963,16753
15964,16754
15965,16755
15966,16756
15967,16757
15968,16758
15969,16759
15970,16760
15971,16761
15972,16762
15973,16763
15974,16764
15975,16765
15976,16766
15977,16767
15978,16768
15979,16769
15980,16770
15981,16771
15982,16772
15983,16773
15984,16774
15985,16775
15986,16776
15987,16777
15988,16778
15989,16779
15990,16780
15991,16781
15992,16782
15993,16783
15994,16784
15995,16785
15996,16786
15997,16787
15998,16788
15999,16789
16000,16790
16001,16791
16002,16792
16003,16793
16004,16794
16005,16795
16006,16796
16007,16797
16008,16798
16009,16799
16010,16800
16011,16801
16012,16802
16013,16803
16014,16804
16015,16805
16016,16806
16017,16807
16018,16808
16019,16809
16020,16810
16021,16811
16022,16812
16023,16813
16024,16814
16025,16815
16026,16816
16027,16817
16028,16818
16029,16819
16030,16820
16031,16821
16032,16822
16033,16823
16034,16824
16035,16825
16036,16826
16037,16827
16038,16828
16039,16829
16040,16830
16041,16831
16042,16832
16043,16833
16044,16834
16045,16835
16046,16836
16047,16837
16048,16838
16049,16839
16050,16840
16051,16841
16052,16842
16053,16843
16054,16844
16055,16845
16056,16846
16057,16847
16058,16848
16059,16849
16060,16850
16061,16851
16062,16852
16063,16853
16064,16854
16065,16855
16066,16856
16067,16857
16068,16858
16069,16859
16070,16860
16071,16861
16072,16862
16073,16863
16074,16864
16075,16865
16076,16866
16077,16867
16078,16868
16079,16869
16080,16870
16081,16871
16082,16872
16083,16873
16084,16874
16085,16875
16086,16876
16087,16877
16088,16878
16089,16879
16090,16880
16091,16881
16092,16882
16093,16883
16094,16884
16095,16885
16096,16886
16097,16887
16098,16888
16099,16889
16100,16890
16101,16891
16102,16892
16103,16893
16104,16894
16105,16895
16106,16896
16107,16897
16108,16898
16109,16899
16110,16900
16111,16901
16112,16902
16113,16903
16114,16904
16115,16905
16116,16906
16117,16907
16118,16908
16119,16909
16120,16910
16121,16911
16122,16912
16123,16913
16124,16914
16125,16915
16126,16916
16127,16917
16128,16918
16129,16919
16130,16920
16131,16921
16132,16922
16133,16923
16134,16924
16135,16925
16136,16926
16137,16927
16138,16928
16139,16929
16140,16930
16141,16931
16142,16932
16143,16933
16144,16934
16145,16935
16146,16936
16147,16937
16148,16938
16149,16939
16150,16940
16151,16941
16152,16942
16153,16943
16154,16944
16155,16945
16156,16946
16157,16947
16158,16948
16159,16949
16160,16950
16161,16951
16162,16952
16163,16953
16164,16954
16165,16955
16166,16956
16167,16957
16168,16958
16169,16959
16170,16960
16171,16961
16172,16962
16173,16963
16174,16964
16175,16965
16176,16966
16177,16967
16178,16968
16179,16969
16180,16970
16181,16971
16182,16972
16183,16973
16184,16974
16185,16975
16186,16976
16187,16977
16188,16978
16189,16979
16190,16980
16191,16981
16192,16982
16193,16983
16194,16984
16195,16985
16196,16986
16197,16987
16198,16988
16199,16989
16200,16990
16201,16991
16202,16992
16203,16993
16204,16994
16205,16995
16206,16996
16207,16997
16208,16998
16209,16999
16210,17000
16211,17001
16212,17002
16213,17003
16214,17004
16215,17005
16216,17006
16217,17007
16218,17008
16219,17009
16220,17010
16221,17011
16222,17012
16223,17013
16224,17014
16225,17015
16226,17016
16227,17017
16228,17018
16229,17019
16230,17020
16231,17021
16232,17022
16233,17023
16234,17024
16235,17025
16236,17026
16237,17027
16238,17028
16239,17029
16240,17030
16241,17031
16242,17032
16243,17033
16244,17034
16245,17035
16246,17036
16247,17037
16248,17038
16249,17039
16250,17040
16251,17041
16252,17042
16253,17043
16254,17044
16255,17045
16256,17046
16257,17047
16258,17048
16259,17049
16260,17050
16261,17051
16262,17052
16263,17053
16264,17054
16265,17055
16266,17056
16267,17057
16268,17058
16269,17059
16270,17060
16271,17061
16272,17062
16273,17063
16274,17064
16275,17065
16276,17066
16277,17067
16278,17068
16279,17069
16280,17070
16281,17071
16282,17072
16283,17073
16284,17074
16285,17075
16286,17076
16287,17077
16288,17078
16289,17079
16290,17080
16291,17081
16292,17082
16293,17083
16294,17084
16295,17085
16296,17086
16297,17087
16298,17088
16299,17089
16300,17090
16301,17091
16302,17092
16303,17093
16304,17094
16305,17095
16306,17096
16307,17097
16308,17098
16309,17099
16310,17100
16311,17101
16312,17102
16313,17103
16314,17104
16315,17105
16316,17106
16317,17107
16318,17108
16319,17109
16320,17110
16321,17111
16322,17112
16323,17113
16324,17114
16325,17115
16326,17116
16327,17117
16328,17118
16329,17119
16330,17120
16331,17121
16332,17122
16333,17123
16334,17124
16335,17125
16336,17126
16337,17127
16338,17128
16339,17129
16340,17130
16341,17131
16342,17132
16343,17133
16344,17134
16345,17135
16346,17136
16347,17137
16348,17138
16349,17139
16350,17140
16351,17141
16352,17142
16353,17143
16354,17144
16355,17145
16356,17146
16357,17147
16358,17148
16359,17149
16360,17150
16361,17151
16362,17152
16363,17153
16364,17154
16365,17155
16366,17156
16367,17157
16368,17158
16369,17159
16370,17160
16371,17161
16372,17162
16373,17163
16374,17164
16375,17165
16376,17166
16377,17167
16378,17168
16379,17169
16380,17170
16381,17171
16382,17172
16383,17173
16384,17174
16385,17175
16386,17176
16387,17177
16388,17178
16389,17179
16390,17180
16391,17181
16392,17182
16393,17183
16394,17184
16395,17185
16396,17186
16397,17187
16398,17188
16399,17189
16400,17190
16400,17191
16401,17192
16401,17193
16402,17194
16403,17195
16404,17196
16405,17197
16406,17198
16407,17199
16408,17200
16409,17201
16410,17202
16411,17203
16412,17204
16413,17205
16414,17206
16415,17207
16416,17208
16417,17209
16418,17210
16419,17211
16420,17212
16421,17213
16422,17214
16423,17215
17191,17216
17191,17217
17191,17218
17191,17219
17191,17220
17193,17221
17222,17224
17222,17225
17223,17226
17223,17227
17223,17228
17227,17229
17230,17231
17232,17235
17232,17236
17233,17237
17234,17238
17235,17239
17239,17240
17239,17241
17240,17242
17240,17243
17240,17244
17240,17245
17240,17246
17240,17247
17241,17248
17241,17249
17241,17250
17241,17251
17252,17748
17252,17749
17253,17750
17254,17751
17255,17752
17255,17753
17256,17754
17257,17755
17258,17756
17259,17757
17260,17758
17261,17759
17262,17760
17263,17761
17264,17762
17265,17763
17265,17764
17266,17765
17266,17766
17267,17767
17267,17768
17268,17769
17268,17770
17269,17771
17269,17772
17270,17773
17270,17774
17271,17775
17271,17776
17272,17777
17273,17778
17273,17779
17274,17780
17274,17781
17275,17782
17276,17783
17276,17784
17277,17785
17278,17786
17279,17787
17279,17788
17280,17789
17281,17790
17282,17791
17283,17792
17284,17793
17285,17794
17286,17795
17287,17796
17288,17797
17289,17798
17290,17799
17291,17800
17292,17801
17293,17802
17294,17803
17295,17804
17296,17805
17297,17806
17298,17807
17299,17808
17300,17809
17301,17810
17302,17811
17303,17812
17304,17813
17305,17814
17306,17815
17307,17816
17308,17817
17309,17818
17310,17819
17311,17820
17312,17821
17313,17822
17314,17823
17315,17824
17316,17825
17317,17826
17318,17827
17319,17828
17320,17829
17321,17830
17322,17831
17323,17832
17324,17833
17325,17834
17326,17835
17327,17836
17328,17837
17329,17838
17330,17839
17331,17840
17332,17841
17333,17842
17334,17843
17335,17844
17336,17845
17337,17846
17338,17847
17339,17848
17340,17849
17341,17850
17342,17851
17343,17852
17344,17853
17345,17854
17346,17855
17347,17856
17348,17857
17349,17858
17350,17859
17351,17860
17352,17861
17353,17862
17354,17863
17355,17864
17356,17865
17357,17866
17358,17867
17359,17868
17360,17869
17361,17870
17362,17871
17363,17872
17364,17873
17365,17874
17366,17875
17367,17876
17368,17877
17369,17878
17370,17879
17371,17880
17372,17881
17373,17882
17374,17883
17375,17884
17376,17885
17377,17886
17378,17887
17379,17888
17380,17889
17381,17890
17382,17891
17383,17892
17384,17893
17385,17894
17386,17895
17387,17896
17388,17897
17389,17898
17390,17899
17391,17900
17392,17901
17393,17902
17394,17903
17395,17904
17396,17905
17397,17906
17398,17907
17399,17908
17400,17909
17401,17910
17402,17911
17403,17912
17404,17913
17405,17914
17406,17915
17407,17916
17408,17917
17409,17918
17410,17919
17411,17920
17412,17921
17413,17922
17414,17923
17415,17924
17416,17925
17417,17926
17418,17927
17419,17928
17420,17929
17421,17930
17422,17931
17423,17932
17424,17933
17425,17934
17426,17935
17427,17936
17428,17937
17429,17938
17430,17939
17431,17940
17432,17941
17433,17942
17434,17943
17435,17944
17436,17945
17437,17946
17438,17947
17439,17948
17440,17949
17441,17950
17442,17951
17443,17952
17444,17953
17445,17954
17446,17955
17447,17956
17448,17957
17449,17958
17450,17959
17451,17960
17452,17961
17453,17962
17454,17963
17455,17964
17456,17965
17457,17966
17458,17967
17459,17968
17460,17969
17461,17970
17462,17971
17463,17972
17464,17973
17465,17974
17466,17975
17467,17976
17468,17977
17469,17978
17470,17979
17471,17980
17472,17981
17473,17982
17474,17983
17475,17984
17476,17985
17477,17986
17478,17987
17479,17988
17480,17989
17481,17990
17482,17991
17483,17992
17484,17993
17485,17994
17486,17995
17487,17996
17488,17997
17489,17998
17490,17999
17491,18000
17492,18001
17493,18002
17494,18003
17495,18004
17496,18005
17497,18006
17498,18007
17499,18008
17500,18009
17501,18010
17502,18011
17503,18012
17504,18013
17505,18014
17506,18015
17507,18016
17508,18017
17509,18018
17510,18019
17511,18020
17512,18021
17513,18022
17514,18023
17515,18024
17516,18025
17517,18026
17518,18027
17519,18028
17520,18029
17521,18030
17522,18031
17523,18032
17524,18033
17525,18034
17526,18035
17527,18036
17528,18037
17529,18038
17530,18039
17531,18040
17532,18041
17533,18042
17534,18043
17535,18044
17536,18045
17537,18046
17538,18047
17539,18048
17540,18049
17541,18050
17542,18051
17543,18052
17544,18053
17545,18054
17546,18055
17547,18056
17548,18057
17549,18058
17550,18059
17551,18060
17552,18061
17553,18062
17554,18063
17555,18064
17556,18065
17557,18066
17558,18067
17559,18068
17560,18069
17561,18070
17562,18071
17563,18072
17564,18073
17565,18074
17566,18075
17567,18076
17568,18077
17569,18078
17570,18079
17571,18080
17572,18081
17573,18082
17574,18083
17575,18084
17576,18085
17577,18086
17578,18087
17579,18088
17580,18089
17581,18090
17582,18091
17583,18092
17584,18093
17585,18094
17586,18095
17587,18096
17588,18097
17589,18098
17590,18099
17591,18100
17592,18101
17593,18102
17594,18103
17595,18104
17596,18105
17597,18106
17598,18107
17599,18108
17600,18109
17601,18110
17602,18111
17603,18112
17604,18113
17605,18114
17606,18115
17607,18116
17608,18117
17609,18118
17610,18119
17611,18120
17612,18121
17613,18122
17614,18123
17615,18124
17616,18125
17617,18126
17618,18127
17619,18128
17620,18129
17621,18130
17622,18131
17623,18132
17624,18133
17625,18134
17626,18135
17627,18136
17628,18137
17629,18138
17630,18139
17631,18140
17632,18141
17633,18142
17634,18143
17635,18144
17636,18145
17637,18146
17638,18147
17639,18148
17640,18149
17641,18150
17642,18151
17643,18152
17644,18153
17645,18154
17646,18155
17647,18156
17648,18157
17649,18158
17650,18159
17651,18160
17652,18161
17653,18162
17654,18163
17655,18164
17656,18165
17657,18166
17658,18167
17659,18168
17660,18169
17661,18170
17662,18171
17663,18172
17664,18173
17665,18174
17666,18175
17667,18176
17668,18177
17669,18178
17670,18179
17671,18180
17672,18181
17673,18182
17674,18183
17675,18184
17676,18185
17677,18186
17678,18187
17679,18188
17680,18189
17681,18190
17682,18191
17683,18192
17684,18193
17685,18194
17686,18195
17687,18196
17688,18197
17689,18198
17690,18199
17691,18200
17692,18201
17693,18202
17694,18203
17695,18204
17696,18205
17697,18206
17698,18207
17699,18208
17700,18209
17701,18210
17702,18211
17702,18212
17703,18213
17703,18214
17704,18215
17704,18216
17705,18217
17705,18218
17706,18219
17706,18220
17707,18221
17707,18222
17708,18223
17708,18224
17709,18225
17709,18226
17710,18227
17710,18228
17711,18229
17711,18230
17712,18231
17712,18232
17713,18233
17713,18234
17714,18235
17714,18236
17715,18237
17715,18238
17716,18239
17716,18240
17717,18241
17717,18242
17718,18243
17718,18244
17719,18245
17719,18246
17720,18247
17720,18248
17721,18249
17721,18250
17722,18251
17722,18252
17723,18253
17723,18254
17724,18255
17724,18256
17725,18257
17725,18258
17726,18259
17726,18260
17727,18261
17727,18262
17728,18263
17728,18264
17729,18265
17729,18266
17730,18267
17730,18268
17731,18269
17731,18270
17732,18271
17732,18272
17733,18273
17733,18274
17734,18275
17734,18276
17735,18277
17735,18278
17736,18279
17736,18280
17737,18281
17737,18282
17738,18283
17738,18284
17739,18285
17739,18286
17740,18287
17740,18288
17741,18289
17741,18290
17742,18291
17742,18292
17743,18293
17743,18294
17744,18295
17744,18296
17745,18297
17745,18298
17746,18299
17746,18300
17747,18301
17747,18302
18211,18307
18213,18308
18215,18309
18217,18310
18219,18311
18221,18312
18223,18313
18225,18314
18227,18315
18229,18316
18231,18317
18233,18318
18235,18319
18237,18320
18239,18321
18241,18322
18243,18323
18245,18324
18247,18325
18249,18326
18251,18327
18253,18328
18255,18329
18257,18330
18259,18331
18261,18332
18263,18333
18265,18334
18267,18335
18269,18336
18271,18337
18273,18338
18275,18339
18277,18340
18279,18341
18281,18342
18283,18343
18285,18344
18287,18345
18289,18346
18291,18347
18293,18348
18295,18349
18297,18350
18299,18351
18301,18352
18303,18353
18303,18354
18303,18355
18304,18356
18304,18357
18304,18358
18354,18359
18360,18406
18361,18407
18361,18408
18362,18409
18363,18410
18363,18411
18364,18412
18365,18413
18365,18414
18366,18415
18366,18416
18367,18417
18368,18418
18369,18419
18370,18420
18371,18421
18371,18422
18372,18423
18372,18424
18373,18425
18374,18426
18375,18427
18376,18428
18376,18429
18377,18430
18378,18431
18379,18432
18380,18433
18381,18434
18381,18435
18382,18436
18383,18437
18384,18438
18384,18439
18385,18440
18386,18441
18386,18442
18387,18443
18388,18444
18388,18445
18389,18446
18389,18447
18390,18448
18391,18449
18392,18450
18393,18451
18394,18452
18394,18453
18395,18454
18395,18455
18396,18456
18397,18457
18398,18458
18399,18459
18399,18460
18400,18461
18401,18462
18402,18463
18403,18464
18404,18465
18404,18466
18405,18467
18407,18468
18421,18469
18423,18470
18438,18471
18452,18472
18454,18473
18474,18475
18476,18479
18476,18480
18477,18481
18478,18482
18479,18483
18483,18484
18483,18485
18484,18486
18484,18487
18484,18488
18484,18489
18484,18490
18485,18491
18485,18492
18485,18493
18485,18494
18495,18998
18495,18999
18496,19000
18497,19001
18498,19002
18499,19003
18500,19004
18501,19005
18502,19006
18503,19007
18504,19008
18505,19009
18506,19010
18507,19011
18508,19012
18509,19013
18510,19014
18511,19015
18512,19016
18513,19017
18514,19018
18515,19019
18516,19020
18517,19021
18518,19022
18519,19023
18520,19024
18521,19025
18522,19026
18523,19027
18524,19028
18525,19029
18526,19030
18526,19031
18527,19032
18527,19033
18528,19034
18528,19035
18529,19036
18529,19037
18530,19038
18530,19039
18531,19040
18531,19041
18532,19042
18532,19043
18533,19044
18533,19045
18534,19046
18534,19047
18535,19048
18535,19049
18536,19050
18536,19051
18537,19052
18537,19053
18538,19054
18538,19055
18539,19056
18539,19057
18540,19058
18540,19059
18541,19060
18541,19061
18542,19062
18542,19063
18543,19064
18543,19065
18544,19066
18544,19067
18545,19068
18545,19069
18546,19070
18546,19071
18547,19072
18547,19073
18548,19074
18548,19075
18549,19076
18549,19077
18550,19078
18550,19079
18551,19080
18551,19081
18552,19082
18552,19083
18553,19084
18553,19085
18554,19086
18554,19087
18555,19088
18555,19089
18556,19090
18557,19091
18557,19092
18558,19093
18558,19094
18559,19095
18560,19096
18561,19097
18562,19098
18563,19099
18563,19100
18564,19101
18565,19102
18565,19103
18566,19104
18567,19105
18568,19106
18569,19107
18570,19108
18571,19109
18572,19110
18573,19111
18574,19112
18575,19113
18576,19114
18577,19115
18578,19116
18579,19117
18580,19118
18581,19119
18582,19120
18583,19121
18584,19122
18585,19123
18586,19124
18587,19125
18588,19126
18589,19127
18590,19128
18591,19129
18592,19130
18593,19131
18594,19132
18595,19133
18596,19134
18597,19135
18598,19136
18599,19137
18600,19138
18601,19139
18602,19140
18603,19141
18604,19142
18605,19143
18606,19144
18607,19145
18608,19146
18609,19147
18610,19148
18611,19149
18612,19150
18613,19151
18614,19152
18615,19153
18616,19154
18617,19155
18618,19156
18619,19157
18620,19158
18621,19159
18622,19160
18623,19161
18624,19162
18625,19163
18626,19164
18627,19165
18628,19166
18629,19167
18630,19168
18631,19169
18632,19170
18633,19171
18634,19172
18635,19173
18636,19174
18637,19175
18638,19176
18639,19177
18640,19178
18641,19179
18642,19180
18643,19181
18644,19182
18645,19183
18646,19184
18647,19185
18648,19186
18649,19187
18650,19188
18651,19189
18652,19190
18653,19191
18654,19192
18655,19193
18656,19194
18657,19195
18658,19196
18659,19197
18660,19198
18661,19199
18662,19200
18663,19201
18664,19202
18665,19203
18666,19204
18667,19205
18668,19206
18669,19207
18670,19208
18671,19209
18672,19210
18673,19211
18674,19212
18675,19213
18676,19214
18677,19215
18678,19216
18679,19217
18680,19218
18681,19219
18682,19220
18683,19221
18684,19222
18685,19223
18686,19224
18687,19225
18688,19226
18689,19227
18690,19228
18691,19229
18692,19230
18693,19231
18694,19232
18695,19233
18696,19234
18697,19235
18698,19236
18699,19237
18700,19238
18701,19239
18702,19240
18703,19241
18704,19242
18705,19243
18706,19244
18707,19245
18708,19246
18709,19247
18710,19248
18711,19249
18712,19250
18713,19251
18714,19252
18715,19253
18716,19254
18717,19255
18718,19256
18719,19257
18720,19258
18721,19259
18722,19260
18723,19261
18724,19262
18725,19263
18726,19264
18727,19265
18728,19266
18729,19267
18730,19268
18731,19269
18732,19270
18733,19271
18734,19272
18735,19273
18736,19274
18737,19275
18738,19276
18739,19277
18740,19278
18741,19279
18742,19280
18743,19281
18744,19282
18745,19283
18746,19284
18747,19285
18748,19286
18749,19287
18750,19288
18751,19289
18752,19290
18753,19291
18754,19292
18755,19293
18756,19294
18757,19295
18758,19296
18759,19297
18760,19298
18761,19299
18762,19300
18763,19301
18764,19302
18765,19303
18766,19304
18767,19305
18768,19306
18769,19307
18770,19308
18771,19309
18772,19310
18773,19311
18774,19312
18775,19313
18776,19314
18777,19315
18778,19316
18779,19317
18780,19318
18781,19319
18782,19320
18783,19321
18784,19322
18785,19323
18786,19324
18787,19325
18788,19326
18789,19327
18790,19328
18791,19329
18792,19330
18793,19331
18794,19332
18795,19333
18796,19334
18797,19335
18798,19336
18799,19337
18800,19338
18801,19339
18802,19340
18803,19341
18804,19342
18805,19343
18806,19344
18807,19345
18808,19346
18809,19347
18810,19348
18811,19349
18812,19350
18813,19351
18814,19352
18815,19353
18816,19354
18817,19355
18818,19356
18819,19357
18820,19358
18821,19359
18822,19360
18823,19361
18824,19362
18825,19363
18826,19364
18827,19365
18828,19366
18829,19367
18830,19368
18831,19369
18832,19370
18833,19371
18834,19372
18835,19373
18836,19374
18837,19375
18838,19376
18839,19377
18840,19378
18841,19379
18842,19380
18843,19381
18844,19382
18845,19383
18846,19384
18847,19385
18848,19386
18849,19387
18850,19388
18851,19389
18852,19390
18853,19391
18854,19392
18855,19393
18856,19394
18857,19395
18858,19396
18859,19397
18860,19398
18861,19399
18862,19400
18863,19401
18864,19402
18865,19403
18866,19404
18867,19405
18868,19406
18869,19407
18870,19408
18871,19409
18872,19410
18873,19411
18874,19412
18875,19413
18876,19414
18877,19415
18878,19416
18879,19417
18880,19418
18881,19419
18882,19420
18883,19421
18884,19422
18885,19423
18886,19424
18887,19425
18888,19426
18889,19427
18890,19428
18891,19429
18892,19430
18893,19431
18894,19432
18895,19433
18896,19434
18897,19435
18898,19436
18899,19437
18900,19438
18901,19439
18902,19440
18903,19441
18904,19442
18905,19443
18906,19444
18907,19445
18908,19446
18909,19447
18910,19448
18911,19449
18912,19450
18913,19451
18914,19452
18915,19453
18916,19454
18917,19455
18918,19456
18919,19457
18920,19458
18921,19459
18922,19460
18923,19461
18924,19462
18925,19463
18926,19464
18927,19465
18928,19466
18929,19467
18930,19468
18931,19469
18932,19470
18933,19471
18934,19472
18935,19473
18936,19474
18937,19475
18938,19476
18939,19477
18940,19478
18941,19479
18942,19480
18943,19481
18944,19482
18945,19483
18945,19484
18946,19485
18946,19486
18947,19487
18947,19488
18948,19489
18948,19490
18949,19491
18949,19492
18950,19493
18950,19494
18951,19495
18951,19496
18952,19497
18952,19498
18953,19499
18953,19500
18954,19501
18954,19502
18955,19503
18955,19504
18956,19505
18956,19506
18957,19507
18957,19508
18958,19509
18958,19510
18959,19511
18959,19512
18960,19513
18960,19514
18961,19515
18961,19516
18962,19517
18962,19518
18963,19519
18963,19520
18964,19521
18964,19522
18965,19523
18965,19524
18966,19525
18966,19526
18967,19527
18967,19528
18968,19529
18968,19530
18969,19531
18969,19532
18970,19533
18970,19534
18971,19535
18971,19536
18972,19537
18972,19538
18973,19539
18973,19540
18974,19541
18974,19542
18975,19543
18975,19544
18976,19545
18976,19546
18977,19547
18977,19548
18978,19549
18978,19550
18979,19551
18979,19552
18980,19553
18980,19554
18981,19555
18981,19556
18982,19557
18982,19558
18983,19559
18983,19560
18984,19561
18984,19562
18985,19563
18985,19564
18986,19565
18986,19566
18987,19567
18987,19568
18988,19569
18988,19570
18989,19571
18989,19572
18990,19573
18990,19574
18991,19575
18991,19576
18992,19577
18992,19578
18993,19579
18993,19580
18994,19581
18994,19582
18995,19583
18995,19584
18996,19585
18996,19586
18997,19587
18997,19588
19485,19591
19487,19592
19489,19593
19491,19594
19493,19595
19495,19596
19497,19597
19499,19598
19501,19599
19503,19600
19505,19601
19507,19602
19509,19603
19511,19604
19513,19605
19515,19606
19517,19607
19519,19608
19521,19609
19523,19610
19525,19611
19527,19612
19529,19613
19531,19614
19533,19615
19535,19616
19537,19617
19539,19618
19541,19619
19543,19620
19545,19621
19547,19622
19549,19623
19551,19624
19553,19625
19555,19626
19557,19627
19559,19628
19561,19629
19563,19630
19565,19631
19567,19632
19569,19633
19571,19634
19573,19635
19575,19636
19577,19637
19579,19638
19581,19639
19583,19640
19585,19641
19587,19642
19589,19643
19589,19644
19589,19645
19590,19646
19590,19647
19590,19648
19644,19649
19644,19650
19651,19703
19652,19704
19652,19705
19653,19706
19654,19707
19654,19708
19655,19709
19656,19710
19656,19711
19657,19712
19657,19713
19658,19714
19659,19715
19660,19716
19661,19717
19662,19718
19662,19719
19663,19720
19663,19721
19664,19722
19665,19723
19666,19724
19667,19725
19668,19726
19669,19727
19669,19728
19670,19729
19671,19730
19671,19731
19672,19732
19673,19733
19673,19734
19674,19735
19675,19736
19675,19737
19676,19738
19677,19739
19678,19740
19678,19741
19679,19742
19680,19743
19680,19744
19681,19745
19682,19746
19682,19747
19683,19748
19683,19749
19684,19750
19685,19751
19686,19752
19687,19753
19688,19754
19688,19755
19689,19756
19689,19757
19690,19758
19691,19759
19692,19760
19693,19761
19694,19762
19695,19763
19695,19764
19696,19765
19697,19766
19697,19767
19698,19768
19699,19769
19699,19770
19700,19771
19701,19772
19701,19773
19702,19774
19704,19775
19718,19776
19720,19777
19727,19778
19740,19779
19754,19780
19756,19781
19763,19782
19783,19784
19785,19788
19785,19789
19786,19790
19787,19791
19788,19792
19792,19793
19792,19794
19793,19795
19793,19796
19793,19797
19793,19798
19793,19799
19794,19800
19794,19801
19794,19802
19794,19803
19804,20313
19804,20314
19805,20315
19806,20316
19807,20317
19808,20318
19809,20319
19810,20320
19811,20321
19812,20322
19813,20323
19814,20324
19815,20325
19816,20326
19817,20327
19818,20328
19819,20329
19820,20330
19821,20331
19822,20332
19823,20333
19824,20334
19825,20335
19826,20336
19827,20337
19828,20338
19829,20339
19830,20340
19831,20341
19832,20342
19833,20343
19834,20344
19835,20345
19836,20346
19836,20347
19837,20348
19837,20349
19838,20350
19838,20351
19839,20352
19839,20353
19840,20354
19840,20355
19841,20356
19841,20357
19842,20358
19842,20359
19843,20360
19843,20361
19844,20362
19844,20363
19845,20364
19845,20365
19846,20366
19846,20367
19847,20368
19847,20369
19848,20370
19848,20371
19849,20372
19849,20373
19850,20374
19850,20375
19851,20376
19851,20377
19852,20378
19852,20379
19853,20380
19853,20381
19854,20382
19854,20383
19855,20384
19855,20385
19856,20386
19856,20387
19857,20388
19858,20389
19858,20390
19859,20391
19859,20392
19860,20393
19860,20394
19861,20395
19862,20396
19863,20397
19863,20398
19864,20399
19865,20400
19866,20401
19867,20402
19868,20403
19869,20404
19870,20405
19871,20406
19872,20407
19873,20408
19874,20409
19875,20410
19875,20411
19876,20412
19877,20413
19878,20414
19879,20415
19880,20416
19880,20417
19881,20418
19882,20419
19883,20420
19884,20421
19885,20422
19886,20423
19887,20424
19888,20425
19889,20426
19890,20427
19891,20428
19892,20429
19893,20430
19894,20431
19895,20432
19896,20433
19897,20434
19898,20435
19899,20436
19900,20437
19901,20438
19902,20439
19903,20440
19904,20441
19905,20442
19906,20443
19907,20444
19908,20445
19909,20446
19910,20447
19911,20448
19912,20449
19913,20450
19914,20451
19915,20452
19916,20453
19917,20454
19918,20455
19919,20456
19920,20457
19921,20458
19922,20459
19923,20460
19924,20461
19925,20462
19926,20463
19927,20464
19928,20465
19929,20466
19930,20467
19931,20468
19932,20469
19933,20470
19934,20471
19935,20472
19936,20473
19937,20474
19938,20475
19939,20476
19940,20477
19941,20478
19942,20479
19943,20480
19944,20481
19945,20482
19946,20483
19947,20484
19948,20485
19949,20486
19950,20487
19951,20488
19952,20489
19953,20490
19954,20491
19955,20492
19956,20493
19957,20494
19958,20495
19959,20496
19960,20497
19961,20498
19962,20499
19963,20500
19964,20501
19965,20502
19966,20503
19967,20504
19968,20505
19969,20506
19970,20507
19971,20508
19972,20509
19973,20510
19974,20511
19975,20512
19976,20513
19977,20514
19978,20515
19979,20516
19980,20517
19981,20518
19982,20519
19983,20520
19984,20521
19985,20522
19986,20523
19987,20524
19988,20525
19989,20526
19990,20527
19991,20528
19992,20529
19993,20530
19994,20531
19995,20532
19996,20533
19997,20534
19998,20535
19999,20536
20000,20537
20001,20538
20002,20539
20003,20540
20004,20541
20005,20542
20006,20543
20007,20544
20008,20545
20009,20546
20010,20547
20011,20548
20012,20549
20013,20550
20014,20551
20015,20552
20016,20553
20017,20554
20018,20555
20019,20556
20020,20557
20021,20558
20022,20559
20023,20560
20024,20561
20025,20562
20026,20563
20027,20564
20028,20565
20029,20566
20030,20567
20031,20568
20032,20569
20033,20570
20034,20571
20035,20572
20036,20573
20037,20574
20038,20575
20039,20576
20040,20577
20041,20578
20042,20579
20043,20580
20044,20581
20045,20582
20046,20583
20047,20584
20048,20585
20048,20586
20049,20587
20050,20588
20051,20589
20052,20590
20053,20591
20054,20592
20055,20593
20056,20594
20057,20595
20058,20596
20059,20597
20060,20598
20061,20599
20062,20600
20063,20601
20064,20602
20065,20603
20066,20604
20067,20605
20068,20606
20069,20607
20070,20608
20071,20609
20072,20610
20073,20611
20074,20612
20075,20613
20076,20614
20077,20615
20078,20616
20079,20617
20080,20618
20081,20619
20082,20620
20083,20621
20084,20622
20085,20623
20086,20624
20087,20625
20088,20626
20089,20627
20090,20628
20091,20629
20092,20630
20093,20631
20094,20632
20095,20633
20096,20634
20097,20635
20098,20636
20099,20637
20100,20638
20101,20639
20102,20640
20103,20641
20104,20642
20105,20643
20106,20644
20107,20645
20108,20646
20109,20647
20110,20648
20111,20649
20112,20650
20113,20651
20114,20652
20115,20653
20116,20654
20117,20655
20118,20656
20119,20657
20120,20658
20121,20659
20122,20660
20123,20661
20124,20662
20125,20663
20126,20664
20127,20665
20128,20666
20129,20667
20130,20668
20131,20669
20132,20670
20133,20671
20134,20672
20135,20673
20136,20674
20137,20675
20138,20676
20139,20677
20140,20678
20141,20679
20142,20680
20143,20681
20144,20682
20145,20683
20146,20684
20147,20685
20148,20686
20149,20687
20150,20688
20151,20689
20152,20690
20153,20691
20154,20692
20155,20693
20156,20694
20157,20695
20158,20696
20159,20697
20160,20698
20161,20699
20162,20700
20163,20701
20164,20702
20165,20703
20166,20704
20167,20705
20168,20706
20169,20707
20170,20708
20171,20709
20172,20710
20173,20711
20174,20712
20175,20713
20176,20714
20177,20715
20178,20716
20179,20717
20180,20718
20181,20719
20182,20720
20183,20721
20184,20722
20185,20723
20186,20724
20187,20725
20188,20726
20189,20727
20190,20728
20191,20729
20192,20730
20193,20731
20194,20732
20195,20733
20196,20734
20197,20735
20198,20736
20199,20737
20200,20738
20201,20739
20202,20740
20203,20741
20204,20742
20205,20743
20206,20744
20207,20745
20208,20746
20209,20747
20210,20748
20211,20749
20212,20750
20213,20751
20213,20752
20214,20753
20214,20754
20215,20755
20215,20756
20216,20757
20216,20758
20217,20759
20217,20760
20218,20761
20218,20762
20219,20763
20219,20764
20220,20765
20220,20766
20221,20767
20221,20768
20222,20769
20222,20770
20223,20771
20223,20772
20224,20773
20224,20774
20225,20775
20225,20776
20226,20777
20226,20778
20227,20779
20227,20780
20228,20781
20228,20782
20229,20783
20229,20784
20230,20785
20230,20786
20231,20787
20231,20788
20232,20789
20232,20790
20233,20791
20233,20792
20234,20793
20234,20794
20235,20795
20235,20796
20236,20797
20236,20798
20237,20799
20237,20800
20238,20801
20238,20802
20239,20803
20239,20804
20240,20805
20240,20806
20241,20807
20241,20808
20242,20809
20242,20810
20243,20811
20243,20812
20244,20813
20244,20814
20245,20815
20245,20816
20246,20817
20246,20818
20247,20819
20247,20820
20248,20821
20248,20822
20249,20823
20249,20824
20250,20825
20250,20826
20251,20827
20251,20828
20252,20829
20252,20830
20253,20831
20253,20832
20254,20833
20254,20834
20255,20835
20255,20836
20256,20837
20256,20838
20257,20839
20257,20840
20258,20841
20258,20842
20259,20843
20259,20844
20260,20845
20260,20846
20261,20847
20261,20848
20262,20849
20263,20850
20264,20851
20265,20852
20266,20853
20267,20854
20268,20855
20268,20856
20269,20857
20269,20858
20270,20859
20270,20860
20271,20861
20271,20862
20272,20863
20273,20864
20273,20865
20274,20866
20275,20867
20275,20868
20276,20869
20277,20870
20278,20871
20279,20872
20280,20873
20281,20874
20281,20875
20282,20876
20282,20877
20283,20878
20284,20879
20285,20880
20286,20881
20287,20882
20288,20883
20289,20884
20290,20885
20291,20886
20292,20887
20293,20888
20293,20889
20294,20890
20294,20891
20295,20892
20295,20893
20296,20894
20296,20895
20297,20896
20298,20897
20298,20898
20299,20899
20300,20900
20300,20901
20301,20902
20302,20903
20303,20904
20304,20905
20305,20906
20306,20907
20307,20908
20307,20909
20308,20910
20308,20911
20309,20912
20310,20913
20311,20914
20312,20915
20586,20918
20753,20919
20755,20920
20757,20921
20759,20922
20761,20923
20763,20924
20765,20925
20767,20926
20769,20927
20771,20928
20773,20929
20775,20930
20777,20931
20779,20932
20781,20933
20783,20934
20785,20935
20787,20936
20789,20937
20791,20938
20793,20939
20795,20940
20797,20941
20799,20942
20801,20943
20803,20944
20805,20945
20807,20946
20809,20947
20811,20948
20813,20949
20815,20950
20817,20951
20819,20952
20821,20953
20823,20954
20825,20955
20827,20956
20829,20957
20831,20958
20833,20959
20835,20960
20837,20961
20839,20962
20841,20963
20843,20964
20845,20965
20847,20966
20916,20967
20916,20968
20916,20969
20917,20970
20917,20971
20917,20972
20968,20973
20968,20974
20975,21023
20976,21024
20976,21025
20977,21026
20978,21027
20978,21028
20979,21029
20980,21030
20980,21031
20981,21032
20981,21033
20982,21034
20983,21035
20984,21036
20985,21037
20986,21038
20986,21039
20987,21040
20987,21041
20988,21042
20989,21043
20990,21044
20991,21045
20992,21046
20993,21047
20993,21048
20994,21049
20995,21050
20996,21051
20997,21052
20997,21053
20998,21054
20999,21055
21000,21056
21000,21057
21001,21058
21002,21059
21002,21060
21003,21061
21004,21062
21004,21063
21005,21064
21005,21065
21006,21066
21007,21067
21008,21068
21009,21069
21010,21070
21010,21071
21011,21072
21011,21073
21012,21074
21013,21075
21014,21076
21015,21077
21016,21078
21017,21079
21017,21080
21018,21081
21019,21082
21020,21083
21021,21084
21021,21085
21022,21086
21024,21087
21038,21088
21040,21089
21047,21090
21056,21091
21070,21092
21072,21093
21079,21094
21095,21096
21097,21100
21097,21101
21098,21102
21099,21103
21100,21104
21104,21105
21105,21106
21105,21107
21105,21108
21105,21109
21105,21110
21111,21609
21111,21610
21112,21611
21113,21612
21114,21613
21115,21614
21116,21615
21117,21616
21118,21617
21119,21618
21120,21619
21121,21620
21122,21621
21123,21622
21124,21623
21125,21624
21126,21625
21127,21626
21128,21627
21129,21628
21130,21629
21131,21630
21132,21631
21133,21632
21134,21633
21135,21634
21136,21635
21137,21636
21138,21637
21139,21638
21140,21639
21141,21640
21142,21641
21143,21642
21144,21643
21145,21644
21146,21645
21147,21646
21148,21647
21149,21648
21150,21649
21151,21650
21152,21651
21153,21652
21154,21653
21155,21654
21156,21655
21157,21656
21158,21657
21159,21658
21160,21659
21161,21660
21162,21661
21163,21662
21164,21663
21165,21664
21166,21665
21167,21666
21168,21667
21169,21668
21170,21669
21171,21670
21172,21671
21173,21672
21174,21673
21175,21674
21176,21675
21177,21676
21178,21677
21179,21678
21180,21679
21181,21680
21182,21681
21183,21682
21184,21683
21185,21684
21186,21685
21187,21686
21188,21687
21189,21688
21190,21689
21191,21690
21192,21691
21193,21692
21194,21693
21195,21694
21196,21695
21197,21696
21198,21697
21199,21698
21200,21699
21201,21700
21202,21701
21203,21702
21204,21703
21205,21704
21206,21705
21207,21706
21208,21707
21209,21708
21210,21709
21211,21710
21212,21711
21213,21712
21214,21713
21215,21714
21216,21715
21217,21716
21218,21717
21219,21718
21220,21719
21221,21720
21222,21721
21223,21722
21224,21723
21225,21724
21226,21725
21227,21726
21228,21727
21229,21728
21230,21729
21231,21730
21232,21731
21233,21732
21234,21733
21235,21734
21236,21735
21237,21736
21238,21737
21239,21738
21240,21739
21241,21740
21242,21741
21243,21742
21244,21743
21245,21744
21246,21745
21247,21746
21248,21747
21249,21748
21250,21749
21251,21750
21252,21751
21253,21752
21254,21753
21255,21754
21256,21755
21257,21756
21258,21757
21259,21758
21260,21759
21261,21760
21262,21761
21263,21762
21264,21763
21265,21764
21266,21765
21267,21766
21268,21767
21269,21768
21270,21769
21271,21770
21272,21771
21273,21772
21274,21773
21275,21774
21276,21775
21277,21776
21278,21777
21279,21778
21280,21779
21281,21780
21282,21781
21283,21782
21284,21783
21285,21784
21286,21785
21287,21786
21288,21787
21289,21788
21290,21789
21291,21790
21292,21791
21293,21792
21294,21793
21295,21794
21296,21795
21297,21796
21298,21797
21299,21798
21300,21799
21301,21800
21302,21801
21303,21802
21304,21803
21305,21804
21306,21805
21307,21806
21308,21807
21309,21808
21310,21809
21311,21810
21312,21811
21313,21812
21314,21813
21315,21814
21316,21815
21317,21816
21318,21817
21319,21818
21320,21819
21321,21820
21322,21821
21323,21822
21324,21823
21325,21824
21326,21825
21327,21826
21328,21827
21329,21828
21330,21829
21331,21830
21332,21831
21333,21832
21334,21833
21335,21834
21336,21835
21337,21836
21338,21837
21339,21838
21340,21839
21341,21840
21342,21841
21343,21842
21344,21843
21345,21844
21346,21845
21347,21846
21348,21847
21349,21848
21350,21849
21351,21850
21352,21851
21353,21852
21354,21853
21355,21854
21356,21855
21357,21856
21358,21857
21359,21858
21360,21859
21361,21860
21362,21861
21363,21862
21364,21863
21365,21864
21366,21865
21367,21866
21368,21867
21369,21868
21370,21869
21371,21870
21372,21871
21373,21872
21374,21873
21375,21874
21376,21875
21377,21876
21378,21877
21379,21878
21380,21879
21381,21880
21382,21881
21383,21882
21384,21883
21385,21884
21386,21885
21387,21886
21388,21887
21389,21888
21390,21889
21391,21890
21392,21891
21393,21892
21394,21893
21395,21894
21396,21895
21397,21896
21398,21897
21399,21898
21400,21899
21401,21900
21402,21901
21403,21902
21404,21903
21405,21904
21406,21905
21407,21906
21408,21907
21409,21908
21410,21909
21411,21910
21412,21911
21413,21912
21414,21913
21415,21914
21416,21915
21417,21916
21418,21917
21419,21918
21420,21919
21421,21920
21422,21921
21423,21922
21424,21923
21425,21924
21426,21925
21427,21926
21428,21927
21429,21928
21430,21929
21431,21930
21432,21931
21433,21932
21434,21933
21435,21934
21436,21935
21437,21936
21438,21937
21439,21938
21440,21939
21441,21940
21442,21941
21443,21942
21444,21943
21445,21944
21446,21945
21447,21946
21448,21947
21449,21948
21450,21949
21451,21950
21452,21951
21453,21952
21454,21953
21455,21954
21456,21955
21457,21956
21458,21957
21459,21958
21460,21959
21461,21960
21462,21961
21463,21962
21464,21963
21465,21964
21466,21965
21467,21966
21468,21967
21469,21968
21470,21969
21471,21970
21472,21971
21473,21972
21474,21973
21475,21974
21476,21975
21477,21976
21478,21977
21479,21978
21480,21979
21481,21980
21482,21981
21483,21982
21484,21983
21485,21984
21486,21985
21487,21986
21488,21987
21489,21988
21490,21989
21491,21990
21492,21991
21493,21992
21494,21993
21495,21994
21496,21995
21497,21996
21498,21997
21499,21998
21500,21999
21501,22000
21502,22001
21503,22002
21504,22003
21505,22004
21506,22005
21507,22006
21508,22007
21509,22008
21510,22009
21511,22010
21512,22011
21513,22012
21514,22013
21515,22014
21516,22015
21517,22016
21518,22017
21519,22018
21520,22019
21521,22020
21522,22021
21523,22022
21524,22023
21525,22024
21526,22025
21527,22026
21528,22027
21529,22028
21530,22029
21531,22030
21532,22031
21533,22032
21534,22033
21535,22034
21536,22035
21537,22036
21538,22037
21539,22038
21540,22039
21541,22040
21542,22041
21543,22042
21544,22043
21545,22044
21546,22045
21547,22046
21548,22047
21549,22048
21550,22049
21551,22050
21552,22051
21553,22052
21554,22053
21555,22054
21556,22055
21557,22056
21558,22057
21559,22058
21560,22059
21561,22060
21562,22061
21563,22062
21564,22063
21565,22064
21566,22065
21567,22066
21568,22067
21569,22068
21570,22069
21571,22070
21572,22071
21573,22072
21574,22073
21575,22074
21576,22075
21577,22076
21578,22077
21579,22078
21580,22079
21581,22080
21582,22081
21583,22082
21584,22083
21585,22084
21586,22085
21587,22086
21588,22087
21589,22088
21590,22089
21591,22090
21592,22091
21593,22092
21594,22093
21595,22094
21596,22095
21597,22096
21598,22097
21599,22098
21600,22099
21601,22100
21602,22101
21603,22102
21604,22103
21605,22104
21606,22105
21607,22106
21608,22107
22108,22110
22108,22111
22109,22112
22109,22113
22109,22114
22113,22115
22116,22117
22118,22121
22118,22122
22119,22123
22120,22124
22121,22125
22125,22126
22126,22128
22126,22129
22126,22130
22126,22131
22127,22154
22127,22155
22132,22156
22133,22157
22134,22158
22135,22159
22136,22160
22137,22161
22137,22162
22137,22163
22138,22164
22138,22165
22139,22166
22139,22167
22140,22168
22140,22169
22141,22170
22141,22171
22142,22172
22143,22173
22143,22174
22144,22175
22145,22176
22145,22177
22146,22178
22147,22179
22147,22180
22148,22181
22149,22182
22150,22183
22151,22184
22152,22185
22153,22186
22153,22187
22188,22190
22188,22191
22188,22192
22191,22193
22194,22195
22196,22199
22196,22200
22197,22201
22198,22202
22199,22203
22203,22204
22203,22205
22204,22206
22204,22207
22204,22208
22204,22209
22204,22210
22204,22211
22205,22212
22205,22213
22205,22214
22205,22215
22216,22721
22216,22722
22217,22723
22218,22724
22219,22725
22220,22726
22221,22727
22222,22728
22223,22729
22224,22730
22225,22731
22226,22732
22227,22733
22228,22734
22229,22735
22230,22736
22231,22737
22232,22738
22233,22739
22234,22740
22234,22741
22235,22742
22235,22743
22236,22744
22236,22745
22237,22746
22238,22747
22239,22748
22240,22749
22241,22750
22241,22751
22242,22752
22242,22753
22243,22754
22243,22755
22244,22756
22244,22757
22245,22758
22246,22759
22247,22760
22248,22761
22249,22762
22250,22763
22251,22764
22252,22765
22253,22766
22253,22767
22254,22768
22254,22769
22255,22770
22255,22771
22256,22772
22256,22773
22257,22774
22257,22775
22258,22776
22258,22777
22259,22778
22259,22779
22260,22780
22260,22781
22261,22782
22262,22783
22262,22784
22263,22785
22263,22786
22264,22787
22264,22788
22265,22789
22265,22790
22266,22791
22267,22792
22268,22793
22269,22794
22270,22795
22270,22796
22271,22797
22271,22798
22272,22799
22272,22800
22273,22801
22273,22802
22274,22803
22274,22804
22275,22805
22275,22806
22276,22807
22276,22808
22277,22809
22277,22810
22278,22811
22278,22812
22279,22813
22279,22814
22280,22815
22280,22816
22281,22817
22281,22818
22282,22819
22282,22820
22283,22821
22283,22822
22284,22823
22285,22824
22286,22825
22287,22826
22288,22827
22289,22828
22290,22829
22291,22830
22292,22831
22293,22832
22294,22833
22295,22834
22296,22835
22297,22836
22298,22837
22299,22838
22300,22839
22301,22840
22302,22841
22303,22842
22304,22843
22305,22844
22306,22845
22307,22846
22308,22847
22309,22848
22310,22849
22311,22850
22312,22851
22313,22852
22314,22853
22315,22854
22316,22855
22317,22856
22318,22857
22319,22858
22320,22859
22321,22860
22322,22861
22323,22862
22324,22863
22325,22864
22326,22865
22327,22866
22328,22867
22329,22868
22330,22869
22331,22870
22332,22871
22333,22872
22334,22873
22335,22874
22336,22875
22337,22876
22338,22877
22339,22878
22340,22879
22341,22880
22342,22881
22343,22882
22344,22883
22345,22884
22346,22885
22347,22886
22348,22887
22349,22888
22350,22889
22351,22890
22352,22891
22353,22892
22354,22893
22355,22894
22356,22895
22357,22896
22358,22897
22359,22898
22360,22899
22361,22900
22362,22901
22363,22902
22364,22903
22365,22904
22366,22905
22367,22906
22368,22907
22369,22908
22370,22909
22371,22910
22372,22911
22373,22912
22374,22913
22375,22914
22376,22915
22377,22916
22378,22917
22379,22918
22380,22919
22381,22920
22382,22921
22383,22922
22384,22923
22385,22924
22386,22925
22387,22926
22388,22927
22389,22928
22390,22929
22391,22930
22392,22931
22393,22932
22394,22933
22395,22934
22396,22935
22397,22936
22398,22937
22399,22938
22400,22939
22401,22940
22402,22941
22403,22942
22404,22943
22405,22944
22406,22945
22407,22946
22408,22947
22409,22948
22410,22949
22411,22950
22412,22951
22413,22952
22414,22953
22415,22954
22416,22955
22417,22956
22418,22957
22419,22958
22420,22959
22421,22960
22422,22961
22423,22962
22424,22963
22425,22964
22426,22965
22427,22966
22428,22967
22429,22968
22430,22969
22431,22970
22432,22971
22433,22972
22434,22973
22435,22974
22436,22975
22437,22976
22438,22977
22439,22978
22440,22979
22441,22980
22442,22981
22443,22982
22444,22983
22445,22984
22446,22985
22447,22986
22448,22987
22449,22988
22450,22989
22451,22990
22452,22991
22453,22992
22454,22993
22455,22994
22456,22995
22457,22996
22458,22997
22459,22998
22460,22999
22461,23000
22462,23001
22463,23002
22464,23003
22465,23004
22466,23005
22467,23006
22468,23007
22469,23008
22470,23009
22471,23010
22472,23011
22473,23012
22474,23013
22475,23014
22476,23015
22477,23016
22478,23017
22479,23018
22480,23019
22481,23020
22482,23021
22483,23022
22484,23023
22485,23024
22486,23025
22487,23026
22488,23027
22489,23028
22490,23029
22491,23030
22492,23031
22493,23032
22494,23033
22495,23034
22496,23035
22497,23036
22498,23037
22499,23038
22500,23039
22501,23040
22502,23041
22503,23042
22504,23043
22505,23044
22506,23045
22507,23046
22508,23047
22509,23048
22510,23049
22511,23050
22512,23051
22513,23052
22514,23053
22515,23054
22516,23055
22517,23056
22518,23057
22519,23058
22520,23059
22521,23060
22522,23061
22523,23062
22524,23063
22525,23064
22526,23065
22527,23066
22528,23067
22529,23068
22530,23069
22531,23070
22532,23071
22533,23072
22534,23073
22535,23074
22536,23075
22537,23076
22538,23077
22539,23078
22540,23079
22541,23080
22542,23081
22543,23082
22544,23083
22545,23084
22546,23085
22547,23086
22548,23087
22549,23088
22550,23089
22551,23090
22552,23091
22553,23092
22554,23093
22555,23094
22556,23095
22557,23096
22558,23097
22559,23098
22560,23099
22561,23100
22562,23101
22563,23102
22564,23103
22565,23104
22566,23105
22567,23106
22568,23107
22569,23108
22570,23109
22571,23110
22572,23111
22573,23112
22574,23113
22575,23114
22576,23115
22577,23116
22578,23117
22579,23118
22580,23119
22581,23120
22582,23121
22583,23122
22584,23123
22585,23124
22586,23125
22587,23126
22588,23127
22589,23128
22590,23129
22591,23130
22592,23131
22593,23132
22594,23133
22595,23134
22596,23135
22597,23136
22598,23137
22599,23138
22600,23139
22601,23140
22602,23141
22603,23142
22604,23143
22605,23144
22606,23145
22607,23146
22608,23147
22609,23148
22610,23149
22611,23150
22612,23151
22613,23152
22614,23153
22615,23154
22616,23155
22617,23156
22618,23157
22619,23158
22620,23159
22621,23160
22622,23161
22623,23162
22624,23163
22625,23164
22626,23165
22627,23166
22628,23167
22629,23168
22630,23169
22631,23170
22632,23171
22633,23172
22634,23173
22635,23174
22636,23175
22637,23176
22638,23177
22639,23178
22640,23179
22641,23180
22642,23181
22643,23182
22644,23183
22645,23184
22646,23185
22647,23186
22648,23187
22649,23188
22650,23189
22651,23190
22652,23191
22653,23192
22654,23193
22655,23194
22656,23195
22657,23196
22658,23197
22659,23198
22660,23199
22661,23200
22662,23201
22663,23202
22664,23203
22665,23204
22666,23205
22666,23206
22667,23207
22667,23208
22668,23209
22668,23210
22669,23211
22669,23212
22670,23213
22670,23214
22671,23215
22671,23216
22672,23217
22672,23218
22673,23219
22673,23220
22674,23221
22674,23222
22675,23223
22675,23224
22676,23225
22676,23226
22677,23227
22677,23228
22678,23229
22678,23230
22679,23231
22679,23232
22680,23233
22680,23234
22681,23235
22681,23236
22682,23237
22682,23238
22683,23239
22683,23240
22684,23241
22684,23242
22685,23243
22685,23244
22686,23245
22686,23246
22687,23247
22687,23248
22688,23249
22688,23250
22689,23251
22689,23252
22690,23253
22690,23254
22691,23255
22691,23256
22692,23257
22692,23258
22693,23259
22693,23260
22694,23261
22694,23262
22695,23263
22695,23264
22696,23265
22696,23266
22697,23267
22697,23268
22698,23269
22698,23270
22699,23271
22699,23272
22700,23273
22700,23274
22701,23275
22701,23276
22702,23277
22702,23278
22703,23279
22703,23280
22704,23281
22704,23282
22705,23283
22705,23284
22706,23285
22706,23286
22707,23287
22707,23288
22708,23289
22708,23290
22709,23291
22709,23292
22710,23293
22710,23294
22711,23295
22711,23296
22712,23297
22712,23298
22713,23299
22713,23300
22714,23301
22714,23302
22715,23303
22715,23304
22716,23305
22716,23306
22717,23307
22717,23308
22718,23309
22718,23310
22719,23311
22719,23312
22720,23313
22720,23314
23205,23317
23207,23318
23209,23319
23211,23320
23213,23321
23215,23322
23217,23323
23219,23324
23221,23325
23223,23326
23225,23327
23227,23328
23229,23329
23231,23330
23233,23331
23235,23332
23237,23333
23239,23334
23241,23335
23243,23336
23245,23337
23247,23338
23249,23339
23251,23340
23253,23341
23255,23342
23257,23343
23259,23344
23261,23345
23263,23346
23265,23347
23267,23348
23269,23349
23271,23350
23273,23351
23275,23352
23277,23353
23279,23354
23281,23355
23283,23356
23285,23357
23287,23358
23289,23359
23291,23360
23293,23361
23295,23362
23297,23363
23299,23364
23301,23365
23303,23366
23305,23367
23307,23368
23309,23369
23311,23370
23313,23371
23315,23372
23315,23373
23315,23374
23316,23375
23316,23376
23316,23377
23373,23378
23373,23379
23373,23380
23381,23436
23382,23437
23382,23438
23383,23439
23384,23440
23384,23441
23385,23442
23386,23443
23386,23444
23387,23445
23387,23446
23388,23447
23389,23448
23390,23449
23391,23450
23392,23451
23392,23452
23393,23453
23393,23454
23394,23455
23395,23456
23396,23457
23397,23458
23398,23459
23399,23460
23399,23461
23400,23462
23401,23463
23401,23464
23402,23465
23403,23466
23404,23467
23405,23468
23406,23469
23407,23470
23407,23471
23408,23472
23409,23473
23410,23474
23410,23475
23411,23476
23412,23477
23412,23478
23413,23479
23414,23480
23414,23481
23415,23482
23415,23483
23416,23484
23417,23485
23418,23486
23419,23487
23420,23488
23420,23489
23421,23490
23421,23491
23422,23492
23423,23493
23424,23494
23425,23495
23426,23496
23427,23497
23427,23498
23428,23499
23429,23500
23429,23501
23430,23502
23431,23503
23432,23504
23433,23505
23434,23506
23434,23507
23435,23508
23437,23509
23451,23510
23453,23511
23460,23512
23474,23513
23488,23514
23490,23515
23497,23516
23517,23518
23519,23522
23519,23523
23520,23524
23521,23525
23522,23526
23526,23527
23526,23528
23527,23529
23527,23530
23527,23531
23527,23532
23527,23533
23527,23534
23528,23535
23528,23536
23528,23537
23528,23538
23539,24048
23539,24049
23540,24050
23541,24051
23542,24052
23543,24053
23544,24054
23544,24055
23545,24056
23546,24057
23547,24058
23548,24059
23549,24060
23550,24061
23551,24062
23552,24063
23553,24064
23554,24065
23555,24066
23556,24067
23557,24068
23558,24069
23559,24070
23560,24071
23561,24072
23562,24073
23563,24074
23564,24075
23565,24076
23566,24077
23567,24078
23568,24079
23569,24080
23570,24081
23571,24082
23572,24083
23573,24084
23574,24085
23575,24086
23576,24087
23577,24088
23578,24089
23579,24090
23580,24091
23581,24092
23582,24093
23583,24094
23584,24095
23585,24096
23586,24097
23587,24098
23588,24099
23589,24100
23590,24101
23591,24102
23592,24103
23593,24104
23594,24105
23595,24106
23596,24107
23597,24108
23598,24109
23599,24110
23600,24111
23601,24112
23602,24113
23603,24114
23604,24115
23605,24116
23606,24117
23607,24118
23608,24119
23609,24120
23610,24121
23611,24122
23612,24123
23613,24124
23614,24125
23615,24126
23616,24127
23617,24128
23618,24129
23619,24130
23620,24131
23621,24132
23622,24133
23623,24134
23624,24135
23625,24136
23626,24137
23627,24138
23628,24139
23629,24140
23630,24141
23631,24142
23632,24143
23633,24144
23634,24145
23635,24146
23636,24147
23637,24148
23638,24149
23639,24150
23640,24151
23641,24152
23642,24153
23643,24154
23644,24155
23645,24156
23646,24157
23647,24158
23648,24159
23649,24160
23650,24161
23651,24162
23652,24163
23653,24164
23654,24165
23655,24166
23656,24167
23657,24168
23658,24169
23659,24170
23660,24171
23661,24172
23662,24173
23663,24174
23664,24175
23665,24176
23666,24177
23667,24178
23668,24179
23669,24180
23670,24181
23671,24182
23672,24183
23673,24184
23674,24185
23675,24186
23676,24187
23677,24188
23678,24189
23679,24190
23680,24191
23681,24192
23682,24193
23683,24194
23684,24195
23685,24196
23686,24197
23687,24198
23688,24199
23689,24200
23690,24201
23691,24202
23692,24203
23693,24204
23694,24205
23695,24206
23696,24207
23697,24208
23698,24209
23699,24210
23700,24211
23701,24212
23702,24213
23703,24214
23704,24215
23705,24216
23706,24217
23707,24218
23708,24219
23709,24220
23710,24221
23711,24222
23712,24223
23713,24224
23714,24225
23715,24226
23716,24227
23717,24228
23718,24229
23719,24230
23720,24231
23721,24232
23722,24233
23723,24234
23724,24235
23725,24236
23726,24237
23727,24238
23728,24239
23729,24240
23730,24241
23731,24242
23732,24243
23733,24244
23734,24245
23735,24246
23736,24247
23737,24248
23738,24249
23739,24250
23740,24251
23741,24252
23742,24253
23743,24254
23744,24255
23745,24256
23746,24257
23747,24258
23748,24259
23749,24260
23750,24261
23751,24262
23752,24263
23753,24264
23754,24265
23755,24266
23756,24267
23757,24268
23758,24269
23759,24270
23760,24271
23761,24272
23762,24273
23763,24274
23764,24275
23765,24276
23766,24277
23767,24278
23768,24279
23769,24280
23770,24281
23771,24282
23772,24283
23773,24284
23774,24285
23775,24286
23776,24287
23777,24288
23778,24289
23779,24290
23780,24291
23781,24292
23782,24293
23783,24294
23784,24295
23785,24296
23786,24297
23787,24298
23788,24299
23789,24300
23790,24301
23791,24302
23792,24303
23793,24304
23794,24305
23795,24306
23796,24307
23797,24308
23798,24309
23799,24310
23800,24311
23801,24312
23802,24313
23803,24314
23804,24315
23805,24316
23806,24317
23807,24318
23808,24319
23809,24320
23810,24321
23811,24322
23812,24323
23813,24324
23814,24325
23815,24326
23816,24327
23817,24328
23818,24329
23819,24330
23820,24331
23821,24332
23822,24333
23823,24334
23824,24335
23825,24336
23826,24337
23827,24338
23828,24339
23829,24340
23830,24341
23831,24342
23832,24343
23833,24344
23834,24345
23835,24346
23836,24347
23837,24348
23838,24349
23839,24350
23840,24351
23841,24352
23842,24353
23843,24354
23844,24355
23845,24356
23846,24357
23847,24358
23848,24359
23849,24360
23850,24361
23851,24362
23852,24363
23853,24364
23854,24365
23855,24366
23856,24367
23857,24368
23858,24369
23859,24370
23860,24371
23861,24372
23862,24373
23863,24374
23864,24375
23865,24376
23866,24377
23867,24378
23868,24379
23869,24380
23870,24381
23871,24382
23872,24383
23873,24384
23874,24385
23875,24386
23876,24387
23877,24388
23878,24389
23879,24390
23880,24391
23881,24392
23882,24393
23883,24394
23884,24395
23885,24396
23886,24397
23887,24398
23888,24399
23889,24400
23890,24401
23891,24402
23892,24403
23893,24404
23894,24405
23895,24406
23896,24407
23897,24408
23898,24409
23899,24410
23900,24411
23901,24412
23902,24413
23903,24414
23904,24415
23905,24416
23906,24417
23907,24418
23908,24419
23909,24420
23910,24421
23911,24422
23912,24423
23913,24424
23914,24425
23915,24426
23916,24427
23917,24428
23918,24429
23919,24430
23920,24431
23921,24432
23922,24433
23923,24434
23924,24435
23925,24436
23926,24437
23927,24438
23928,24439
23929,24440
23930,24441
23931,24442
23932,24443
23933,24444
23934,24445
23935,24446
23936,24447
23937,24448
23938,24449
23939,24450
23940,24451
23941,24452
23942,24453
23943,24454
23944,24455
23944,24456
23945,24457
23946,24458
23947,24459
23948,24460
23949,24461
23950,24462
23951,24463
23952,24464
23953,24465
23954,24466
23955,24467
23956,24468
23957,24469
23958,24470
23959,24471
23960,24472
23961,24473
23962,24474
23963,24475
23964,24476
23965,24477
23966,24478
23967,24479
23968,24480
23969,24481
23970,24482
23971,24483
23972,24484
23973,24485
23974,24486
23975,24487
23976,24488
23977,24489
23978,24490
23979,24491
23980,24492
23981,24493
23982,24494
23983,24495
23984,24496
23985,24497
23986,24498
23987,24499
23988,24500
23989,24501
23990,24502
23991,24503
23992,24504
23993,24505
23994,24506
23995,24507
23996,24508
23997,24509
23998,24510
23999,24511
24000,24512
24001,24513
24002,24514
24003,24515
24004,24516
24005,24517
24006,24518
24007,24519
24008,24520
24009,24521
24010,24522
24011,24523
24012,24524
24013,24525
24014,24526
24015,24527
24016,24528
24017,24529
24018,24530
24019,24531
24020,24532
24021,24533
24021,24534
24022,24535
24022,24536
24023,24537
24023,24538
24024,24539
24024,24540
24025,24541
24025,24542
24026,24543
24026,24544
24027,24545
24027,24546
24028,24547
24028,24548
24029,24549
24029,24550
24030,24551
24030,24552
24031,24553
24031,24554
24032,24555
24032,24556
24033,24557
24033,24558
24034,24559
24034,24560
24035,24561
24035,24562
24036,24563
24036,24564
24037,24565
24037,24566
24038,24567
24038,24568
24039,24569
24039,24570
24040,24571
24040,24572
24041,24573
24041,24574
24042,24575
24042,24576
24043,24577
24043,24578
24044,24579
24044,24580
24045,24581
24045,24582
24046,24583
24046,24584
24047,24585
24047,24586
24456,24591
24533,24592
24535,24593
24537,24594
24539,24595
24541,24596
24543,24597
24545,24598
24547,24599
24549,24600
24551,24601
24553,24602
24555,24603
24557,24604
24559,24605
24561,24606
24563,24607
24565,24608
24567,24609
24569,24610
24571,24611
24573,24612
24575,24613
24577,24614
24579,24615
24581,24616
24583,24617
24585,24618
24587,24619
24587,24620
24587,24621
24588,24622
24588,24623
24588,24624
24620,24625
24626,24653
24627,24654
24627,24655
24628,24656
24628,24657
24629,24658
24630,24659
24630,24660
24631,24661
24632,24662
24632,24663
24633,24664
24633,24665
24634,24666
24635,24667
24636,24668
24637,24669
24638,24670
24638,24671
24639,24672
24639,24673
24640,24674
24641,24675
24642,24676
24643,24677
24644,24678
24645,24679
24646,24680
24647,24681
24647,24682
24648,24683
24649,24684
24650,24685
24651,24686
24651,24687
24652,24688
24654,24689
24670,24690
24672,24691
24692,24693
24694,24697
24694,24698
24695,24699
24696,24700
24697,24701
24701,24702
24702,24703
24702,24704
24702,24705
24702,24706
24707,25041
24707,25042
24708,25043
24709,25044
24710,25045
24711,25046
24712,25047
24713,25048
24714,25049
24715,25050
24716,25051
24717,25052
24718,25053
24719,25054
24720,25055
24721,25056
24722,25057
24722,25058
24723,25059
24724,25060
24724,25061
24725,25062
24725,25063
24726,25064
24726,25065
24727,25066
24727,25067
24728,25068
24728,25069
24729,25070
24729,25071
24730,25072
24730,25073
24731,25074
24732,25075
24733,25076
24734,25077
24734,25078
24735,25079
24735,25080
24736,25081
24736,25082
24737,25083
24738,25084
24739,25085
24740,25086
24741,25087
24742,25088
24743,25089
24743,25090
24744,25091
24744,25092
24745,25093
24745,25094
24746,25095
24746,25096
24747,25097
24747,25098
24748,25099
24748,25100
24749,25101
24750,25102
24751,25103
24752,25104
24753,25105
24754,25106
24755,25107
24756,25108
24757,25109
24758,25110
24759,25111
24760,25112
24761,25113
24762,25114
24763,25115
24764,25116
24765,25117
24766,25118
24767,25119
24768,25120
24769,25121
24770,25122
24771,25123
24772,25124
24773,25125
24774,25126
24775,25127
24776,25128
24777,25129
24778,25130
24779,25131
24780,25132
24781,25133
24782,25134
24783,25135
24784,25136
24785,25137
24786,25138
24787,25139
24788,25140
24789,25141
24790,25142
24791,25143
24792,25144
24793,25145
24794,25146
24795,25147
24796,25148
24797,25149
24798,25150
24799,25151
24800,25152
24801,25153
24802,25154
24803,25155
24804,25156
24805,25157
24806,25158
24807,25159
24808,25160
24809,25161
24810,25162
24811,25163
24812,25164
24813,25165
24814,25166
24815,25167
24816,25168
24817,25169
24818,25170
24819,25171
24820,25172
24821,25173
24822,25174
24823,25175
24824,25176
24825,25177
24826,25178
24827,25179
24828,25180
24829,25181
24830,25182
24831,25183
24832,25184
24833,25185
24834,25186
24835,25187
24836,25188
24837,25189
24838,25190
24839,25191
24840,25192
24841,25193
24842,25194
24843,25195
24844,25196
24845,25197
24846,25198
24847,25199
24848,25200
24849,25201
24850,25202
24851,25203
24852,25204
24853,25205
24854,25206
24855,25207
24856,25208
24857,25209
24858,25210
24859,25211
24860,25212
24861,25213
24862,25214
24863,25215
24864,25216
24865,25217
24866,25218
24867,25219
24868,25220
24869,25221
24870,25222
24871,25223
24872,25224
24873,25225
24874,25226
24875,25227
24876,25228
24877,25229
24878,25230
24879,25231
24880,25232
24881,25233
24882,25234
24883,25235
24884,25236
24885,25237
24886,25238
24887,25239
24888,25240
24889,25241
24890,25242
24891,25243
24892,25244
24893,25245
24894,25246
24895,25247
24896,25248
24897,25249
24898,25250
24899,25251
24900,25252
24901,25253
24902,25254
24903,25255
24904,25256
24905,25257
24906,25258
24907,25259
24908,25260
24909,25261
24910,25262
24911,25263
24912,25264
24913,25265
24914,25266
24915,25267
24916,25268
24917,25269
24918,25270
24919,25271
24920,25272
24921,25273
24922,25274
24923,25275
24924,25276
24925,25277
24926,25278
24927,25279
24928,25280
24929,25281
24930,25282
24931,25283
24932,25284
24933,25285
24934,25286
24935,25287
24936,25288
24937,25289
24938,25290
24939,25291
24940,25292
24941,25293
24942,25294
24943,25295
24944,25296
24945,25297
24946,25298
24947,25299
24948,25300
24949,25301
24950,25302
24951,25303
24952,25304
24953,25305
24954,25306
24955,25307
24956,25308
24957,25309
24958,25310
24959,25311
24960,25312
24961,25313
24962,25314
24963,25315
24964,25316
24965,25317
24966,25318
24967,25319
24968,25320
24969,25321
24970,25322
24971,25323
24972,25324
24973,25325
24974,25326
24975,25327
24976,25328
24977,25329
24978,25330
24979,25331
24980,25332
24981,25333
24982,25334
24983,25335
24984,25336
24985,25337
24986,25338
24987,25339
24988,25340
24989,25341
24990,25342
24991,25343
24992,25344
24993,25345
24994,25346
24995,25347
24996,25348
24997,25349
24998,25350
24999,25351
25000,25352
25001,25353
25002,25354
25003,25355
25004,25356
25005,25357
25006,25358
25007,25359
25008,25360
25009,25361
25010,25362
25011,25363
25012,25364
25013,25365
25014,25366
25015,25367
25016,25368
25017,25369
25018,25370
25019,25371
25020,25372
25021,25373
25022,25374
25023,25375
25024,25376
25025,25377
25026,25378
25027,25379
25028,25380
25029,25381
25030,25382
25031,25383
25032,25384
25033,25385
25034,25386
25035,25387
25036,25388
25037,25389
25038,25390
25039,25391
25040,25392
25082,25394
25393,25395
25393,25396
25393,25397
25396,25398
25399,25400
25401,25404
25401,25405
25402,25406
25403,25407
25404,25408
25408,25409
25409,25410
25409,25411
25409,25412
25409,25413
25414,25450
25414,25451
25415,25452
25416,25453
25417,25454
25418,25455
25419,25456
25420,25457
25421,25458
25422,25459
25423,25460
25424,25461
25425,25462
25426,25463
25426,25464
25427,25465
25428,25466
25428,25467
25429,25468
25429,25469
25430,25470
25430,25471
25431,25472
25431,25473
25432,25474
25432,25475
25433,25476
25433,25477
25434,25478
25434,25479
25435,25480
25436,25481
25436,25482
25437,25483
25437,25484
25438,25485
25439,25486
25440,25487
25441,25488
25441,25489
25442,25490
25442,25491
25443,25492
25443,25493
25444,25494
25445,25495
25446,25496
25447,25497
25448,25498
25449,25499
25484,25501
25500,25502
25500,25503
25500,25504
25503,25505
