src,dst
3000,23257
14261,7120
9245,18299
7153,24557
9219,23223
5727,6269
780,24539
19372,6283
2378,7245
6870,7253
15311,24571
1863,13
14124,24561
9556,7940
9015,18237
19713,2373
4693,7116
335,23271
24374,19487
17890,11494
2728,15256
14336,11506
4883,23528
624,23241
11571,6031
23118,10
22904,14426
3522,7134
4826,282
22852,24573
19490,15256
24200,18485
255,19527
15464,19563
14641,7184
19150,23239
2192,23273
10317,3132
21964,24585
20830,20779
20931,7573
13620,25409
20313,19539
10313,7212
4609,6153
5871,23247
1883,20803
16936,6326
15652,11580
20631,18283
5671,302
5174,12
18083,7202
4689,7872
7845,7192
12307,11488
802,7071
1902,10
20514,6208
1480,14837
6027,19571
5328,12192
13790,20797
4849,18271
11336,18299
18433,18299
9340,23261
857,23235
9177,23239
15600,3523
2908,7182
20724,20827
20565,322
20655,6214
2828,7200
2080,23207
20906,23287
5130,18219
6944,19793
697,6346
19166,7114
11265,7259
9494,20841
721,15347
1467,20761
20332,182
9183,24565
21757,6259
20844,20837
5745,10603
22982,182
24657,23229
25118,18259
1532,23522
21927,11585
24356,12197
817,19559
11450,18275
16954,20833
5105,18285
674,2373
4709,20813
22175,20833
2516,22205
6843,7235
17079,7061
9015,6261
601,2375
12367,320
23349,18221
9054,7085
1049,3098
5646,20781
11087,23237
487,3606
2596,18277
2895,7210
11070,20819
1445,7073
22072,18291
20880,18283
23128,178
10537,11492
21666,25409
6906,7227
23152,20789
22121,7049
12721,21100
25360,18263
20906,21
474,2381
5543,20821
18873,7075
12449,7239
6433,24547
14139,18299
3521,7945
24391,11482
4923,2367
19144,23305
6248,22121
25228,6220
19088,23297
9977,7120
14034,2375
793,18275
750,18295
2943,9964
5944,6281
5260,7231
21026,12197
11468,7077
5272,7945
21026,6316
2011,18283
16921,11492
16921,21047
25078,7081
2819,7164
5039,15256
25223,2949
10291,23219
13648,23253
9318,7051
3073,23233
7489,6273
22887,10597
15411,6159
771,23249
16886,18293
6156,23295
6953,308
23207,19519
9917,11494
19007,6644
1380,3127
1737,7053
15469,6289
19722,2955
23318,19565
19243,20769
22983,7198
294,2373
9217,18287
7186,7063
9990,24579
16439,7872
14,7055
24162,7182
7194,7112
517,302
12200,2949
2866,18249
997,15
963,12449
25329,19521
10143,7136
19467,7182
4691,19541
19789,7124
7110,19567
25481,4
5326,7206
21717,11488
25189,7253
14742,2997
5052,18231
487,18287
15355,19567
23258,15256
17796,18299
19184,23245
9476,23235
15299,7057
18250,6644
20586,23301
10258,3352
12322,18267
25485,176
4638,7083
12301,19573
14373,21047
5357,274
5765,20837
11820,2375
1790,2381
5310,7051
5835,24567
20610,312
12318,23497
102,6218
4672,24565
16520,274
5865,6204
22814,25404
4984,19513
5871,13
16611,20789
15084,7208
15441,24533
5263,24547
5597,18241
22095,7164
7087,24563
17875,6342
5281,23289
6882,20791
10323,6194
10540,19507
5562,19491
13744,19559
114,333
24567,6212
24087,23287
25102,7178
23220,18485
5872,20799
23216,25404
9094,2949
463,18297
10177,7210
12728,20833
14787,280
9968,19525
22794,24577
11790,15489
2811,304
10278,19557
19031,15239
1465,7142
21772,7168
16528,7182
24381,2381
6863,7225
15046,7184
12722,7235
20934,15440
101,24697
3325,23265
19395,23207
514,23215
24357,20797
16899,23273
11282,17191
13821,20801
23508,24561
19276,6204
7480,19519
16701,7055
16840,7104
20593,7057
19513,18217
10592,2383
10419,18293
13722,6232
304,23231
6422,19567
19150,20781
7238,18269
11589,3132
14063,17235
5601,23213
9346,23309
1086,282
5459,24547
18256,284
24488,23295
4822,20847
19711,23311
24208,18223
23270,7218
9842,316
10481,2370
5546,9969
3603,316
5467,20833
15419,7142
15423,7206
19021,23251
21978,15434
7341,7243
20643,11486
11910,25404
1663,19567
1565,6198
10507,18223
24413,23265
2539,18239
12282,11482
17962,7166
4964,7055
5936,19577
21051,7126
7290,19529
24395,15440
7794,2949
21035,24565
17107,7227
11523,19788
5103,7046
675,7162
2807,2953
11329,289
11416,24537
15455,20835
7866,7166
25124,19491
15641,23285
4708,23273
18493,6222
1430,20805
9495,18269
17100,7182
9183,24577
2108,308
4934,7122
5263,148
10340,6238
7741,6230
9638,7077
17826,2997
1471,12
18119,19545
21929,23281
7319,7085
7912,6218
650,23263
15298,24567
4877,6153
2893,23291
13961,23263
21933,7945
6255,20801
10042,19563
1924,7940
5296,11506
23314,8
10282,23
23264,7079
11937,18273
5654,23229
3252,24579
18022,23249
16533,6265
5167,23245
20856,6350
7288,7212
7901,20819
19733,176
7555,7164
1641,7251
20618,23231
9005,20
12765,24537
19772,24547
5640,19529
6381,20765
13889,20759
13904,7160
19249,23265
24593,7108
17908,19495
9001,21047
24492,23
16460,7164
25130,176
11208,7231
9286,2367
24527,19727
803,23295
16975,23229
2063,19555
711,19537
16713,24537
3551,12841
2629,22121
6338,7046
3470,23213
3490,7132
1068,304
3556,18229
24351,6291
14325,11494
22988,24541
14328,20789
44,7047
11574,7218
11294,12690
22995,18281
2965,6220
17834,12449
10349,19531
7934,7087
25117,10597
20262,14
16997,18225
10070,23275
25045,7867
19331,24577
1895,24569
1291,20759
483,6324
21808,10
19028,20843
10234,19577
2280,19793
17844,7231
24345,14426
17933,2378
7358,23299
22171,7237
11473,18255
1773,6279
25375,7122
2859,7067
5106,7940
15272,6228
23282,7136
3135,7057
20568,7138
19524,19505
13891,19539
25261,3127
24176,21105
19310,17240
9861,7255
9224,19487
5562,23205
11285,7259
13865,23229
5611,9964
3590,23301
7166,6218
6414,20781
10446,15347
7547,7241
17994,14837
1862,6214
21671,2384
7943,23295
5423,19515
19340,20753
10198,6275
16758,7110
14818,18221
17854,23287
911,19541
17873,6218
2596,2379
1841,11585
23308,7124
12787,19549
15625,19555
2458,2376
19319,23259
2647,257
5643,7079
399,23227
25195,7118
5258,23303
3241,18211
16820,20829
24303,7227
14724,7229
9456,6329
17020,330
22178,6354
23295,6265
21805,176
11955,19541
20897,7059
5543,24545
129,7259
72,18215
10268,7214
25316,19555
9949,7249
20652,19575
307,6283
2930,20793
3071,11504
9678,23267
3285,20775
24229,20777
2397,19547
22036,19575
5622,3601
104,22199
14803,7196
25088,21105
1059,7075
594,24559
6222,23297
18206,12377
1817,9964
17107,19559
17193,6269
21053,6279
17884,7239
1967,18285
14185,7188
2252,15347
1725,10597
16570,19561
2496,24581
1119,6198
15361,24565
15463,19517
18151,20777
1385,7204
859,11508
1643,11570
471,6261
11959,7126
7255,15347
20852,15239
24082,6291
14141,20825
17927,19551
9879,25404
9365,23285
24375,6326
1239,7196
6288,20767
19456,23231
22174,2381
14702,7216
5536,7051
13752,6210
9240,316
10390,10602
2712,24697
1113,19553
4842,6285
3581,24545
9869,6216
19047,6149
17771,20845
2387,6326
25259,280
5146,23219
2922,7136
5946,7239
9974,18297
14639,6320
12100,280
25323,6218
9429,15347
23505,312
4859,2955
17776,23265
16889,19529
21932,7216
1851,7110
22865,7051
5862,3347
11367,18484
8991,22126
25134,21100
1684,7053
14311,6147
23538,20807
16986,14431
2075,6346
16989,20765
20886,18233
4705,7206
18295,20799
4621,19565
17023,23289
20427,18267
1102,19509
5279,18291
23147,7255
676,18247
18058,14
415,2378
12352,19503
1523,11506
5833,24569
3314,20761
475,7073
3080,19491
18478,2501
13980,6267
16772,7253
5945,23293
1297,16
20589,23221
13987,19543
1641,20837
7124,6273
1683,24537
18336,19527
23076,22205
4841,7102
5742,6324
23470,7178
9386,2380
7733,6342
14802,7112
14227,6218
7310,18479
2558,7247
12823,6220
17186,257
5625,11500
2080,19575
165,7184
11171,7186
20493,6159
18264,18287
9118,7204
22025,14
19076,2372
19450,23221
1980,7198
5520,2380
12119,11580
5162,6326
5344,6194
16870,18281
22199,6194
6162,7063
1412,18484
22056,19557
11863,7051
5448,7075
1965,23209
7265,6224
12415,7162
3300,6238
16447,14426
1582,18211
7172,10
17884,291
1672,18267
12014,7251
23441,15288
5905,12841
19625,19499
3544,7136
3024,17235
1784,2374
21632,6238
8985,20833
835,6216
1531,20795
17904,19573
9790,6320
754,19501
18183,24547
11346,20783
25475,2370
10527,302
16841,24537
5535,18213
5806,6210
22157,11506
9232,18215
1787,11504
22215,11486
6347,19563
20006,19
1609,14431
21945,19587
19354,8
14125,7188
7530,24579
15497,23257
7129,19547
1008,6147
11064,7227
264,15489
25234,7202
4924,318
167,18239
5643,23289
24116,19577
12700,18247
2356,2997
16704,23285
25343,15432
24326,23299
6885,24567
5351,7227
25198,19501
5349,23227
13606,6232
15177,10603
14837,19577
3060,7172
25280,3606
19161,20759
278,186
2946,19571
5443,18255
10423,19571
9159,7198
19586,24579
24423,7176
20340,19585
17027,257
7462,7237
11797,6289
14379,18255
19335,24541
11817,20829
2737,24569
3588,6226
54,7081
16584,24585
16894,6224
21676,2931
2359,23257
6169,19517
15145,24585
22797,23460
23525,7212
514,24543
17028,11508
5965,23245
5104,7253
6314,21079
15411,10
2081,23243
9683,6354
5814,19511
9714,18213
13663,18251
19431,7249
19353,284
14241,7128
25287,21079
9220,19521
230,7180
6218,20783
23524,7255
14796,19519
9597,23237
2687,23227
1730,15489
16743,18275
24053,7162
12695,6178
1052,23253
17900,18227
24566,11496
4627,176
11886,7202
12009,7138
10546,18223
25203,7253
9076,7144
16623,14431
1333,19527
16916,11484
5781,24579
11573,6320
4832,17191
22862,19571
7490,19579
11215,287
2995,19571
12130,20837
2942,306
11574,20815
25491,7178
9525,24571
18309,176
1467,7229
4831,6281
21991,18259
21912,6214
20627,3127
23020,24535
1120,6212
9152,19559
24140,11484
9354,17241
5995,20753
3048,23219
5275,278
1318,20797
2363,23253
612,314
25325,7945
15451,6157
574,17191
906,10597
1760,7202
6588,18484
1214,18301
22985,17241
14160,15239
197,19585
5844,19587
5366,24553
23460,11482
9377,19567
5342,20837
5765,23289
4878,6320
11312,20757
17040,7081
11720,7087
7090,12690
5164,20773
5379,12192
14047,20845
25298,19545
1998,7170
14183,18299
22008,20803
22975,20775
407,2370
4685,6230
10193,18265
5571,19487
18267,23253
1709,7196
21035,7546
20372,7116
16566,23247
18351,10603
2079,6342
6393,19561
14405,7053
24152,19559
3063,7241
7253,23311
20477,7073
3047,7229
25394,7112
22740,23253
198,2931
1863,11508
7024,11496
7264,24585
11506,19525
7028,23215
12361,7196
18331,23293
22166,22121
9601,23293
6604,7138
21873,19579
24115,23267
6908,20769
60,257
7747,2949
25152,18479
18199,20
16611,23265
9093,18237
7742,7160
1759,19493
14200,20797
402,11484
13869,17235
7481,7247
5062,7053
5236,15288
6618,19557
17836,23253
23297,20763
20591,23259
23524,2949
25473,18239
18333,19571
14762,7204
20554,20823
24121,18231
5660,8
14274,24575
399,23213
943,12841
9378,18275
5226,19727
2809,12197
19432,23303
25144,6212
10411,18221
2130,15256
10184,19793
23477,7945
22104,6261
16748,6314
13791,19567
2118,13
7574,19533
912,20803
23040,333
9417,19561
15592,815
20830,18273
16508,23249
12782,2373
14201,18241
9321,322
11397,18293
19791,23528
14059,14
5552,19561
3494,7184
21914,7128
14740,11498
25249,18235
372,11502
9937,20819
24662,20753
9778,3606
5677,17191
9771,19571
11050,2379
21988,24535
23498,23217
16499,6214
1775,3098
682,11496
17131,6350
10014,19549
2367,20797
14224,276
2675,19499
15145,20843
9649,19557
23187,7216
7553,23289
22033,20761
5425,18479
10164,20777
21095,23527
15219,7245
4809,18269
22965,19553
1125,7053
4747,3098
1043,17
16799,9969
22214,19525
15230,11502
9247,18291
11855,20789
7086,8
10190,3601
9797,287
158,6285
11415,18484
19327,22205
1182,23497
18003,19545
5576,19555
18266,23209
7111,3132
22036,2380
12756,2955
11125,10597
5572,11580
5895,7108
16853,19533
223,22126
471,15084
5076,18299
6268,23223
20717,6238
9097,20789
3303,19567
2257,7102
20425,11570
957,333
19330,15436
639,19539
9930,23265
1456,6220
2466,2955
10440,7225
3578,20815
1388,6212
10353,20809
10420,18255
4683,22126
4821,2384
11350,24551
9212,7112
9581,7237
316,19527
14065,7180
5694,3347
21824,7170
17822,20845
19488,18285
1289,18301
23438,7051
19525,6222
5002,6232
1841,20843
14117,7867
5212,24549
11321,23259
24425,20769
15301,7184
9598,2370
12645,11486
14400,20825
5369,6157
17241,19551
6288,15438
1077,23215
5657,11482
19473,7578
562,333
21944,19543
25376,19585
3319,20825
9472,310
13889,18261
4813,18215
19046,11508
1620,20825
16544,24585
11083,7069
20601,23237
15083,24553
3269,7208
25388,274
3066,15649
1847,6218
12306,7071
19258,24539
3494,18269
590,7162
14191,7186
719,18269
261,20821
15320,7140
5277,18275
2359,11498
18238,19763
9664,6322
12701,19551
21889,6344
5908,6218
7289,7138
9012,6228
18019,23309
24257,18485
25258,291
22836,15432
10021,24583
5810,11570
5117,2957
19287,20831
6624,20817
823,22205
10219,7235
14650,7202
16622,23217
8988,7184
2073,23313
3494,136
14100,6218
23082,19537
15299,19539
11720,17240
2271,23522
19449,308
21051,7233
11823,23263
15579,23211
22762,18221
23058,7126
5547,6263
24625,7190
18494,19485
13991,22126
19399,19495
21725,6320
25183,17191
2015,23267
22073,19491
5177,20847
12046,6155
3519,7170
19417,18235
1884,6157
18082,6238
9389,6271
473,20765
21638,3601
18439,22
12636,728
20405,21079
20662,22126
15352,20821
11371,19535
16993,7053
307,14379
7026,18265
2530,23269
17891,23279
6184,11502
9196,24555
9745,7184
388,7087
14654,6267
1253,24581
15490,23289
956,19557
15447,2377
16887,21047
18333,20761
579,24569
4894,7047
7220,18299
17989,6275
23040,22
24060,19487
17922,6232
22020,2374
5958,20773
18011,14426
18329,23223
19140,24539
13893,20813
15266,322
24118,7104
688,20781
2670,11484
5128,2384
19398,23211
17880,20757
15402,7053
25084,18257
18125,7046
17211,18297
99,10603
15183,17
14360,293
2032,6224
19170,6273
15494,16
4960,13
24200,7144
23144,7261
23325,6198
19506,6283
24506,15084
15220,20785
7902,24545
14658,6210
5504,23
14063,24535
22878,19485
9629,15
22071,19763
3007,14
6575,7196
2844,20819
5347,19499
22770,23301
17065,7144
15417,12
6348,312
1726,19523
20821,3352
17804,19581
14031,20847
2410,7087
20887,23253
5331,21047
1899,6265
3577,7184
12827,3352
7836,23297
553,7162
19065,6267
7084,20803
9493,20791
21873,19549
13939,257
20665,18239
2436,7114
22120,7116
9676,19537
25392,21100
24541,19495
25347,314
11537,12377
17204,24573
9677,7225
6988,18295
24114,19565
10084,2374
12424,282
7160,7112
7524,7210
5569,19569
24385,6232
10321,23253
1988,7049
5916,20805
5612,14431
22836,23235
18343,7075
12324,24697
6254,23497
280,20837
2930,23275
891,7872
5645,9
3520,11484
16567,24567
22043,7168
14401,2382
5673,22205
25485,11488
11417,7083
14814,18233
9019,7218
25465,7235
851,11494
23364,6228
9328,20799
9534,23229
11203,6291
20379,2371
19634,20791
1452,18253
5921,7100
24394,276
18104,7120
17056,7100
15217,20765
12768,23301
21781,12
1163,6151
13919,287
21939,23307
22885,19495
20820,15084
22983,23227
868,11492
9594,2383
9115,15440
5387,11498
3315,2374
6898,20
10307,2931
273,6287
18429,20803
12174,18283
9986,23259
15427,20759
5850,7227
17018,24555
14248,20829
4741,6208
11252,16
17139,6322
19583,24563
9261,7214
21854,7083
10487,18257
19036,7229
19012,12
23048,24541
19051,18241
24083,2378
5573,12382
1582,11580
9989,6202
6418,19493
5675,2377
17836,3523
7175,18275
17800,24547
2358,23223
725,19583
25465,19577
9596,18237
7343,9964
22792,19549
991,7188
5775,7263
11143,3098
18041,7194
6899,23257
245,24547
24492,19561
12365,14
17236,20823
19552,20845
12413,6196
17231,18267
9876,17241
23443,7573
21987,7233
21027,18
10390,7053
2367,14
92,15084
5722,318
23106,7872
842,6269
18217,6232
16642,7546
15264,24547
2357,7186
17795,23271
4818,18239
16735,7061
12757,19545
717,6318
25452,23287
21805,333
7741,6320
9570,20815
7225,148
2634,7578
5833,2382
2939,2371
19774,19549
11136,7867
15267,6320
1886,7200
23036,19547
6976,19503
4795,11498
24136,11580
3267,20797
23525,7065
10456,23
16756,6281
8964,15352
1825,293
15049,23249
17136,7261
17766,11496
9272,7112
17144,20787
24259,15
14837,23225
9405,293
24049,6228
789,24551
24192,7945
15325,12841
18018,7073
14660,21105
313,19509
17875,20755
437,23223
1875,7067
15265,7046
17029,22199
3524,20775
9321,23527
3582,11498
18297,23293
16504,11494
25270,20795
7215,19493
6434,23257
17212,2949
5918,20837
5826,7079
25314,3352
9276,6350
12361,6198
16749,2375
19152,3132
19374,7049
20593,20813
2420,18221
5330,3523
19242,20823
14361,23297
527,2367
12342,289
24058,6224
18144,24539
19451,7261
130,6273
20962,20809
17021,15352
15455,11486
13857,7118
24584,310
5004,6178
4716,7233
21914,19577
2409,6031
19607,10602
3600,6267
2370,19527
22888,7257
7018,7085
5304,7046
2099,19581
940,23307
11305,6316
1666,7063
9040,20795
1329,7128
2017,20803
6227,6198
22092,18271
11757,19567
9934,6194
5729,22121
25492,18235
19370,8
23371,21100
13818,2382
3104,20799
19199,7108
24086,2370
1730,2377
14164,24533
13994,14426
9143,20843
14814,19503
4629,11496
11414,7083
9463,18484
22832,7172
2427,24581
19629,7243
1078,23211
11331,23247
2446,23285
23463,6202
6957,3098
5758,23291
18175,23285
24297,23528
7137,19763
11277,308
1591,6208
13671,23287
14712,3127
876,7104
5810,24557
2262,20753
25456,23527
779,20835
23164,3132
25250,23209
9228,7194
19305,2953
19187,19579
10440,23527
19529,14431
1119,20819
12384,20843
20717,15352
19568,23235
1788,15353
12287,7257
126,3601
13818,284
14426,298
14702,18301
14655,19561
25085,7112
4742,7077
13579,6200
17762,18277
6573,24547
15587,18251
313,21105
15321,12841
21104,19573
19100,7188
7140,7104
18349,11496
25498,7071
19107,19551
14196,6194
16817,6147
25471,18301
17055,2380
24688,7114
12653,20793
6276,7085
3312,7055
2792,18241
14710,19533
662,20833
9139,11508
11336,6216
19147,23259
16785,10602
20370,20793
9665,7069
3119,19565
21889,19565
6935,20759
24402,19539
5027,176
25286,7206
17104,23301
2844,24697
12414,9964
20792,6151
3055,23239
21793,12841
18419,23303
16852,20759
1235,20809
7804,20809
12052,15440
1671,19485
7218,6210
2957,18217
9051,23303
2267,7182
112,11496
17878,7071
3048,3132
300,18257
9476,3098
5204,291
9982,23267
876,6320
18051,23287
17091,6220
19451,3352
11342,19503
23348,23229
20546,2931
11235,6329
11874,20821
11463,23211
12420,6644
21854,6287
15164,11496
16804,12841
2840,19581
9320,300
1291,12841
9097,11482
9771,23271
23174,23289
112,18221
15334,11482
19536,3523
1381,24577
20387,23223
3276,6151
12425,20843
20457,15440
21899,19539
20517,7067
7908,20841
9773,7940
25124,25409
15051,7118
11812,15434
19639,19513
6275,18295
874,18267
23201,20775
5493,6322
2675,19527
1955,11488
14011,23237
13624,23307
21908,20789
9841,19788
25388,6218
25110,19501
14197,6153
1445,20753
6882,7102
23262,19553
22168,20767
18278,20755
24272,7227
9238,21
11734,3347
14721,24557
7206,24535
19488,20771
9531,18484
14710,23301
12039,7134
4786,7126
22800,19525
25171,18229
1254,9969
17224,293
5354,19581
10274,23227
1871,7102
6232,6031
23263,25409
10559,20787
19475,18237
5108,23231
10607,17191
2445,7180
23012,7208
2939,10603
498,6644
9493,7198
24100,7061
2491,22199
11390,21
16437,11498
3577,7083
14684,22204
1475,24547
11931,18243
22079,20825
13945,20825
19723,11486
2561,24557
15219,24561
2851,6289
3558,19515
17928,6287
16986,2372
9657,20811
20817,23205
20662,18255
1687,2370
1391,18225
18146,23221
14416,6200
14749,282
13953,6281
5578,22204
1630,22121
4643,318
21647,2928
10259,18283
2750,19493
922,23245
18346,7081
18076,19519
19516,7046
22082,25409
7503,6289
2358,24567
9976,7212
15181,24583
22856,18233
1426,6352
87,7253
6950,23207
5930,12
1834,6320
5077,18233
5546,24573
14076,2373
1216,14
9561,295
11587,7100
11233,7073
2919,2501
6301,7212
14352,7206
18208,24549
24252,6354
22840,7077
9958,7180
5323,2374
2272,7247
9508,20821
8953,300
23309,176
22024,18275
19160,6198
1684,23207
14676,7059
22128,6210
17757,7255
3356,15440
22820,11484
6395,7114
1130,7227
5853,7229
9924,6031
12174,23289
16716,7253
13832,7162
14254,7170
966,20813
1354,24543
5128,23265
23222,23229
872,333
20728,19555
503,11506
4804,20815
11452,23281
21687,6344
19466,23303
19137,18485
13770,6283
7030,23213
367,18295
6619,23287
590,19487
19514,24559
10611,19794
19092,18219
24689,24533
25285,9
3604,19571
3085,18283
10552,20845
2603,24697
9027,19553
21025,25404
22889,7053
202,330
6934,7194
24661,7208
7060,24549
2247,23233
16776,23297
5241,7170
11247,300
15580,19557
9838,7164
306,23289
21855,17240
12335,12449
22900,18261
12671,18479
9952,24563
1919,6157
21921,6147
23288,23287
1881,23253
17157,11585
18316,19553
22721,18257
9421,7212
20532,20787
14155,815
23525,23285
14425,7102
17794,298
11932,6226
5025,7237
17932,18277
9262,7071
160,23233
14011,23269
10604,20759
9197,23249
24531,23205
10374,7872
1406,2957
10383,2373
21802,11494
6886,20779
939,23259
16839,320
19640,338
16605,295
17116,20789
7057,7132
463,7126
15354,19537
1053,18293
24176,7573
7021,7546
7537,20765
20408,15
789,23221
14328,289
9393,7261
18494,9969
22083,20787
9458,176
7575,6147
4593,18247
7092,11508
14362,7132
14154,7057
5434,23279
6197,7168
12300,7144
12388,20815
23254,6226
5476,11484
6350,2955
6236,18281
5274,7190
16572,330
16535,7079
11309,23
16552,20797
12112,18277
2170,18287
4982,23307
22155,7259
24700,7214
10301,20829
1818,24571
6265,20813
23237,6232
16991,330
16541,7124
16486,7081
2132,18231
25409,24702
5823,20819
11863,7247
401,20761
5421,6271
12705,18287
23476,18271
2636,11506
20599,19571
13706,7061
19593,19517
22022,7081
6397,20815
11257,7227
19403,23295
6287,17191
21910,23205
9237,24533
9508,24697
18051,19788
6351,17235
20888,7174
17229,11506
12137,23251
10125,19541
13923,20809
21652,23217
19142,18257
7849,7259
23530,19547
363,7069
3132,6147
23459,20825
2285,7186
14121,23269
6548,7210
18466,6320
5416,2374
20926,20803
16613,11492
6862,182
20704,23279
3285,7190
12186,20831
447,7253
19605,19577
9633,19551
696,8
25227,2380
22456,20847
7838,11506
20719,10603
7106,20769
19458,7075
5726,20831
4641,23287
19599,15436
7901,18253
5160,20785
10259,2378
10132,14431
18412,23253
5223,23247
4861,7102
17142,18479
6374,7186
20973,20795
24081,9964
459,23223
1932,7239
19340,18257
18241,15438
4680,23243
14827,182
23375,6314
14666,24697
12288,2372
1366,23251
22187,7144
15349,23221
9579,18253
15419,7100
20451,7945
2711,19503
21965,19
19633,20839
20493,7178
25411,6157
3235,6230
15414,7194
11762,7206
25206,24555
379,12377
3597,20803
20385,3601
11608,19793
21627,7170
25107,284
21998,7227
24539,18263
19388,19553
2719,18235
2634,23251
20627,6329
16526,7120
414,19527
1261,14
1171,24581
9490,6196
4663,11486
14406,6238
15311,12382
22078,20843
24165,6269
694,6346
5748,2931
5714,18301
16946,18221
2489,7259
18173,24579
6855,11504
16659,2377
14261,10603
11445,15438
13801,19515
25235,3098
14349,7174
7509,18267
4811,7194
18034,6354
11512,6273
7084,22204
1793,24697
979,20813
13607,24549
16533,18277
20652,7067
15160,293
7261,7253
2361,6346
5663,7166
10422,6320
19782,24573
23145,24537
18358,23497
16779,7077
16560,4
2279,23263
5786,15494
5179,6214
1437,19567
25360,19794
235,6265
24166,7063
1447,18243
24150,23245
3562,7206
895,20773
2111,7184
22842,20803
17154,20795
4671,6316
21819,182
3282,11496
23563,15436
25068,728
5889,19507
24370,278
2673,11490
460,23522
14712,298
13717,11492
5321,18275
15266,6342
19725,24579
6567,18291
23509,7051
20407,6342
12158,11585
20763,19535
20457,18275
2184,24702
5435,7546
15183,284
11722,12377
13975,19517
14111,19579
1224,7247
6869,7110
18076,24565
6412,11482
15565,6275
24295,23283
7328,178
11450,19531
5167,23217
5092,24551
10334,7174
11290,23245
2416,24535
549,7190
11649,6344
7269,23309
15654,20827
13684,12
15123,23253
11132,20843
12434,23522
25075,6279
3380,23229
12197,11498
18091,19491
4792,24555
3104,7243
14320,6285
18065,18259
17956,24579
17165,7186
3,24563
19556,7259
17947,287
13623,18241
9324,7140
11742,18219
9760,2371
25088,22126
15077,2997
2604,23285
25377,15256
5989,19497
2175,6153
23017,302
5619,20775
6618,19527
9784,6228
17097,19539
2229,322
12433,24535
7034,20833
17955,23233
23360,20843
5102,7198
5084,20797
16513,24539
21069,14431
9751,7162
10420,18253
20871,23309
16950,7142
24462,19579
10443,20801
4850,7067
7513,7216
9689,20771
18333,6273
24548,7263
5548,7249
22776,7057
1782,10602
5285,19525
19623,18253
1953,19579
20565,23223
24197,24553
156,6224
3039,23239
21677,20811
2397,7057
18319,23303
4653,11580
13754,19541
21891,23527
9218,2380
9273,7114
19747,23528
14352,15432
367,10597
756,7210
12172,20817
1139,15352
4851,12377
2779,20829
7476,18267
15262,182
24465,7241
10161,19533
11465,19563
24201,12690
6570,7186
9104,6644
7825,18285
17898,18293
15105,20829
2182,17
1969,23231
2746,2953
7322,19503
19400,7867
1508,18249
12692,18291
947,6204
22162,7233
15103,11488
21666,18237
18133,282
9849,7164
24283,19513
1737,20809
18185,300
12677,17241
621,7235
20462,3127
303,7100
4974,19541
20752,24559
24345,7940
17856,23249
9901,19493
6856,2375
1643,7114
22175,6348
14179,22
5425,7104
7263,8
14013,7087
5050,7128
15234,19543
10524,18269
10320,295
3534,24579
15585,7257
2746,23231
4613,18229
6536,18289
725,7077
1141,18281
24524,7132
24364,7138
16930,7200
24575,23460
2960,9969
24423,7075
22795,18281
16870,19555
7566,20821
5405,7160
5787,18293
20314,8
21885,24545
16843,6157
10571,7200
3364,7057
6592,18261
13829,7079
1531,7204
15433,19567
1243,19511
72,7132
2938,7573
19780,6228
807,15489
24141,18211
14821,6326
21675,7104
9036,4
25461,7196
23172,18257
9343,19531
5597,6318
25132,7194
5628,310
17967,7063
6378,20787
20718,7081
19646,2379
7746,19519
1792,20763
10137,24571
7301,2374
1982,7132
20907,7162
15044,6324
24361,15
14217,6228
2868,11502
25086,18289
5209,7160
14387,7225
9099,3127
23528,23225
697,23307
22182,11502
5344,20809
7551,2501
21999,11482
19748,182
24335,6316
5331,7081
1088,19497
21758,276
18049,18265
25159,11504
17047,20823
22048,7136
11525,18484
5472,6224
6349,24569
24147,23249
6221,6261
23056,11504
7016,7206
17812,11570
15625,293
25189,318
24083,12192
7048,18249
1309,23221
5996,15440
20452,14426
22905,19501
417,23313
6346,19563
17228,24585
19322,2955
20970,7255
536,6277
6411,20771
11751,24543
673,6220
11944,6285
23525,24569
4942,6196
14324,7182
2025,18269
2059,20819
6624,7061
2070,23241
115,2951
17218,6206
5451,23307
17905,19485
21874,23259
16714,12
16790,2949
12452,24555
10484,2951
23267,24559
2280,24557
20490,2372
20476,19583
25092,20843
22939,6320
24471,24702
20595,12377
10581,7172
7156,186
9562,20805
24310,23211
1658,24535
5850,20787
10313,6322
16693,23527
1803,19493
11297,7136
1674,20789
24471,15353
19460,17
2319,19581
6848,320
6394,7053
6954,19545
8969,6155
6355,316
7308,19577
12431,14431
17830,18235
357,18287
24604,7229
25275,15084
353,24535
15498,23293
9890,23229
6883,6194
1661,2997
22812,14426
12814,7573
24141,7106
12322,6352
17163,18287
21807,12
18469,19585
24573,22121
2538,7122
23297,20813
14367,7190
23253,23271
12826,15440
19029,7251
5098,19489
6879,7112
17749,7075
4945,15256
247,18227
1364,10
10494,7059
14063,19569
19227,19505
4773,7067
19550,19505
25291,6350
9797,20839
22802,23313
22182,11504
23200,6198
19788,7118
23470,15353
12686,2380
9109,333
16945,20793
20467,6354
15181,7168
9463,19553
18072,6206
24343,284
10220,7227
12717,24559
2529,6228
7930,6149
13781,274
2931,19539
25214,14431
2680,24533
22040,23215
5416,19567
14768,23209
23236,18267
132,20805
12285,24535
17933,310
22908,23215
14789,3132
24127,11482
14193,18293
5585,7243
2069,24575
24537,7231
11583,19573
11442,7160
13807,6644
20435,20799
13822,6159
6949,11492
10328,24585
14196,23267
10220,14426
22794,18229
12648,19535
11724,6159
18289,19549
19447,18213
24487,18275
972,24553
22954,6273
6216,19537
5691,19549
18289,6212
9571,6261
12695,23235
9562,19537
15275,10
23340,19489
5010,19543
2483,23215
19234,19497
19575,6210
23455,14426
5118,7144
15484,9964
3523,23299
15612,23281
5649,2377
5152,18217
24665,14
22184,23255
881,3347
18416,7204
11084,6226
8958,11490
25171,6216
5673,24702
16991,312
20724,7144
2862,2381
5406,6275
12162,18479
17956,15440
23121,24559
17886,12377
16876,23221
21936,7055
9318,11494
10364,19485
7158,20819
24605,6314
21806,7174
3533,6147
9691,6291
7076,186
9779,18301
9784,15347
12450,20809
14688,18265
22945,23522
5167,7046
859,2379
6389,6194
24663,7112
1166,17191
17760,2953
23204,15649
20801,7257
194,12690
18015,287
10213,6350
13700,19489
15633,24555
1062,23227
18129,2378
9221,20799
11315,19
20668,24563
18412,24567
2104,3132
17784,18271
20405,7162
17193,7174
11987,23460
22751,17235
20657,20835
6167,6200
5833,330
20371,18259
20544,24585
20777,19539
5344,7075
2887,19535
1725,11490
7873,2377
11484,23307
3126,7198
7155,23522
23028,6285
24174,20809
14294,15352
17858,18235
5962,11482
5170,7061
2696,23263
6340,18289
14729,24533
23502,7047
2668,24545
1,23247
15472,2367
15429,2380
11080,2931
22102,7134
9309,7108
14838,6151
6354,24561
10035,7110
13918,2501
24343,276
13839,6326
11229,7104
2923,18485
17216,7216
18185,6259
158,10597
13625,18245
19703,330
3031,12
15339,15432
9651,23313
24451,3098
7485,6224
2968,19487
5737,23227
9820,19561
17087,7218
435,15347
6205,15434
11829,19513
17853,18265
20812,17191
7144,19553
7459,24543
5160,2380
6886,7164
24180,7134
13751,19577
11470,7225
11581,24565
2712,7237
14082,18215
23123,322
10025,23221
14667,18223
9441,10
6198,178
24232,23219
2782,20827
25286,18297
5850,23245
21900,7075
1584,7136
20811,24571
4632,23221
15492,7120
21859,18261
10234,18279
9589,19581
2742,17240
23190,9
20872,24697
18189,23219
1630,19519
10042,2376
2155,6352
9928,6267
16693,7166
19464,23245
14079,20783
12150,19727
25337,11484
12660,7174
375,18251
4583,2501
2158,6287
6905,6214
16514,7112
11198,6214
9198,19587
492,7073
1908,6342
14020,7142
3080,18211
6294,23261
25495,24573
11163,11496
24537,23522
17,23259
5649,7073
14222,6314
25202,6267
25388,24561
5781,24575
18202,7945
11353,23313
3446,7212
18192,289
10210,7055
24425,7255
10452,3523
16484,23311
158,19559
20803,22121
617,20789
19199,2373
21889,7106
13921,20779
213,18213
25058,6644
21837,274
23162,19491
1732,20833
15568,23257
12802,7204
1808,7071
19544,15489
14819,306
14757,7257
10204,20791
23282,23265
1481,24565
10498,310
21718,7053
16959,19575
14632,7573
5369,20819
19153,15440
112,21100
9915,320
9967,176
1166,7142
23261,6267
4708,7053
2995,17
6008,19525
14165,24577
11415,3347
19358,11504
23138,7206
25248,24557
13985,18225
24409,18301
14676,7198
1723,20811
3082,320
454,24563
11859,20821
9636,24557
9197,24555
9283,7059
11996,19573
24510,20765
7329,7192
10239,24577
9473,2928
24492,19515
21870,23227
21043,2376
22207,19763
14251,312
2534,12197
1538,18223
25219,20845
6854,19571
22999,20839
813,20841
954,3606
22087,6232
19618,19585
5889,20795
24395,6289
21928,7051
4619,19519
23095,23257
19469,18283
4958,11580
5069,7134
21859,21079
19228,23291
9437,18281
14721,20825
3019,24697
1619,2383
10592,289
12174,20789
14657,19537
11788,24553
14275,18245
5018,18253
24676,19763
7191,23245
10394,23209
11523,23528
9603,22126
24530,148
1656,19523
2588,7210
4578,19515
13734,19537
10242,20753
24358,19788
7288,7140
25363,19533
19750,7208
16608,20775
20642,18275
15620,7142
1795,19569
3114,280
15103,23497
15602,19485
2976,18297
11212,18225
24312,291
1426,15352
1222,2379
19609,18287
1962,19489
3250,7263
20375,312
14146,19495
14419,23229
19641,6291
10439,314
6566,7136
12792,7120
5308,15239
11157,7192
25194,20771
9578,23243
24225,7124
5122,7063
6268,276
1507,18237
5389,18241
2595,24563
9656,7108
19472,19545
9323,18291
22843,7206
23335,295
1620,20837
9982,257
12100,302
20495,7106
18082,7142
18286,7867
13770,6344
16856,7940
17054,7204
15215,7079
5809,23213
9394,18251
22971,11500
15044,6275
1283,7176
18267,338
17894,6159
9347,19509
21816,3523
17929,18241
11557,22
2968,19489
522,2378
415,18251
1882,23289
25311,7126
25108,24541
1391,6151
20633,23219
12136,19499
9921,24573
6526,19525
1837,2374
11073,7069
12147,19793
23109,6157
1972,7247
866,11492
7110,24569
394,20775
6419,12382
2940,24549
17188,19583
22954,24565
9770,7059
594,2367
22058,18273
9306,24575
20630,282
20553,7077
15065,19563
5857,24697
1768,14426
11264,23255
21745,20785
15609,302
23058,18301
2178,306
2346,20757
14780,18229
19707,6232
2671,7057
1732,20823
9368,20757
14107,23277
22884,8
9067,148
5895,22126
20479,18267
5370,7128
14670,23255
5354,6261
10555,23227
10590,24585
3050,23299
14320,2928
1610,15494
21104,9964
1434,15347
13710,7081
5274,14379
6534,7174
2199,20801
10593,23285
15438,19587
19156,6289
1643,19509
12832,11580
24515,23235
9483,7231
19295,18211
23285,23295
409,10
23320,15239
24350,15256
406,23271
11307,18289
14319,14837
25064,18283
20966,20827
9072,316
2951,6226
236,20823
18306,22205
6897,24565
20568,6354
21780,6194
9322,17
24249,19513
454,19763
16801,14426
14252,23527
22031,19587
15031,3523
25203,19521
5468,7085
549,23271
7726,6285
6401,8
15205,19561
19716,6200
16591,19513
7507,24541
307,23269
735,7122
10362,24535
1111,19493
4803,2382
918,23313
23536,11580
2738,2383
10527,6151
1363,7188
21906,7212
11558,24567
4600,24577
638,18245
17013,18277
469,306
19343,19485
9481,18237
23529,24535
7124,6314
6257,19585
20374,20779
16830,18293
25345,24577
248,23241
6264,11488
13841,20777
25154,12377
21756,7142
9587,18479
5148,13
11071,7162
1803,20815
11908,18233
14139,23221
25491,7214
24059,3352
14377,11496
10541,7124
19108,7049
10220,176
9671,7253
272,22126
1043,6204
18118,20753
11972,24533
1147,3606
5486,24551
18058,19793
228,23235
2059,14379
25303,282
1030,23301
25152,19561
20363,7176
4593,6261
16491,7247
5497,23283
14082,23245
17920,2378
733,2376
11240,19513
19585,14
16980,23261
21807,19549
11583,6196
6425,2928
16452,21047
21906,22204
14151,24539
1125,10602
10319,2951
6946,23460
19569,18243
9926,15489
19510,19557
2759,19519
449,7204
6291,20821
5458,25404
7142,18261
2492,3347
22047,23249
2955,20785
4901,24581
22730,7196
17120,20765
24624,7166
5814,11490
5845,18215
3441,6220
16424,18277
14012,11506
19460,18479
21773,20811
14237,19525
5938,6354
22744,7229
5235,6261
23010,18227
6352,18479
5293,6320
11069,20799
13615,20779
12677,19495
13854,6214
5718,19541
19361,9964
15134,10602
24112,6644
5642,293
1556,23219
24253,23285
17099,20809
20601,2951
22124,18265
25394,11490
22966,304
7225,11484
752,19581
14707,22126
20884,20787
12728,24535
9930,7114
17140,310
25407,11484
2535,20831
816,18269
14365,20795
23,6267
7762,330
2872,24533
2395,6346
12444,11494
4952,19507
18280,9
2041,6230
24297,20779
15169,20835
5738,19
437,23527
12826,7124
19618,7051
6598,23269
19523,18237
24702,306
925,6267
12454,6194
305,7204
5368,15432
2699,19519
25322,304
16627,6210
23106,2379
5170,22204
2837,7245
14392,20763
13994,18249
14691,278
3123,3347
19186,23245
15195,284
18460,20799
73,20805
5910,23285
23513,3601
21860,7573
24558,15438
10148,19517
22808,19587
15412,21105
9235,7212
7511,23267
260,23211
22925,11482
895,24579
7151,7872
11350,20793
17015,18237
24549,23522
483,2367
2223,19497
3506,19545
22737,19567
24557,7087
20905,23287
16470,6202
12382,6216
24134,316
23458,289
1428,7184
6260,23527
11207,18263
1677,18229
19224,23281
15172,19583
17961,19555
9963,20843
4765,19523
5067,6279
13837,22121
9587,19
17070,19557
5420,19543
14359,3347
9802,7202
4815,18231
18105,7144
9980,7120
7776,308
19063,6224
23347,7138
4657,19497
73,14431
1381,18213
24568,23237
21710,2501
16924,7218
5527,7085
5974,18283
21711,6346
9953,6326
6370,23313
16758,7172
12314,322
20730,6296
325,6348
21089,20831
10275,19555
7226,24585
6345,19794
1821,338
11445,20755
25074,23243
22054,18241
16565,23269
17949,6224
12803,6238
3604,136
10260,6147
20971,24559
17147,19549
21073,6314
13874,7061
19566,7253
5308,6261
2726,280
2250,6314
24053,23205
5632,178
21715,6159
2304,23253
22980,14431
3335,23251
23061,21
9584,2953
2977,24557
23011,23297
2503,7065
18011,12192
19420,7083
9301,9969
2871,18235
17017,19581
11191,2371
7930,7136
12759,24557
9140,15494
25201,19793
7018,23255
16844,18213
357,23269
18313,19489
20912,7057
17776,7235
21660,24563
15632,23209
15034,2931
16582,6157
5181,19553
16646,18301
5715,23497
1852,11498
18088,6204
352,2370
5907,7136
11425,24565
15201,287
5161,6198
22204,318
10498,19543
19131,23209
11324,24557
3283,25409
688,18251
17051,11502
4842,23307
17851,2381
11276,2501
21065,20783
1098,6318
9865,24549
24184,23311
24360,6157
22205,7182
6390,18215
2783,304
1041,24551
23462,21100
17184,7166
22814,11486
7204,24543
14135,7940
18771,7051
10438,11580
9899,7102
11145,7073
16451,24561
2447,24575
5995,24697
14809,3606
79,23251
89,18229
9966,6147
19234,19545
11736,24702
1192,6644
14698,21
9531,19579
17068,18263
9369,23460
6644,289
9013,14837
25101,22126
19526,7196
25104,18295
2537,7210
24437,20807
2669,17191
1042,7114
19743,6287
14340,15353
17760,6296
25217,7122
2701,18281
16600,7126
4640,18251
12681,12192
21612,23301
10582,20847
10452,6644
15083,815
17240,6289
20680,6271
16725,7162
1186,23267
4786,23259
15092,18213
19091,11585
14124,18293
11437,20841
20953,18275
6616,2379
25206,23221
1848,7241
20335,20787
12051,23251
25288,11488
10537,6287
20800,24561
11183,23527
22088,6153
16699,7247
11571,9964
21096,20791
14416,19487
5107,18225
7545,23225
21630,7214
10261,20789
1429,20815
8962,23522
1749,19577
18417,7164
20699,23267
1445,6212
5554,18
9085,7106
25288,19501
15589,18243
12676,6352
5653,20813
11814,18233
3541,20825
302,7546
18427,19527
20573,23237
9244,20753
7774,19531
2931,24581
12442,20843
15071,24565
15406,7063
24067,6200
434,18484
2556,19519
5589,11506
22954,18243
18287,7073
3000,24535
18053,7206
2233,11502
20859,7075
5595,18233
11182,6314
2600,19503
22921,6200
9405,18271
23242,11498
10393,7126
9811,19575
9638,7245
14080,330
4683,6232
4858,330
1052,815
16996,24549
22195,20789
17859,20
16600,7085
21873,15084
21817,7085
23045,7204
2436,291
12673,19507
2718,314
23151,2949
7211,20805
2105,2928
7825,6259
4866,23271
7753,7251
4596,11488
14335,7073
18471,24555
2523,20807
25313,23305
24556,7578
17203,295
6886,815
5097,312
18279,7940
24487,14431
789,6296
22750,23243
7335,20797
15052,7073
11760,18223
10610,278
11412,7257
11462,18247
11490,6214
24404,11492
22190,7164
18031,257
9716,6287
4604,23213
23229,23253
1440,7051
19527,19525
18014,12
19160,6206
14384,7945
7926,7134
3305,10
4625,23265
18032,18215
16524,18253
16732,2928
19755,20841
583,7049
5158,2373
6309,6198
23351,6200
20583,23287
6307,6265
18288,293
2255,23253
9120,302
18161,17235
5100,6200
1672,18257
22128,316
3264,19788
1977,15438
20805,23522
24108,23281
5633,20761
12498,136
16955,11500
13944,19521
1176,3098
18287,3098
23268,6230
1443,18221
12043,23285
20322,24533
20361,24553
24295,280
15047,7049
475,322
13620,18301
6938,300
10177,24545
9374,19517
16583,2501
20579,23305
5624,24565
2199,20
21814,7546
16975,322
2137,6157
19399,7134
1097,14837
16560,7546
2965,304
18221,7164
23177,815
2990,6216
22007,7128
19050,18287
11164,20841
7338,23257
16812,15353
18109,19571
13799,24557
14755,20773
7808,20765
2402,320
25155,24697
5969,6208
19335,6222
42,7168
20506,23237
18308,7136
15331,19543
1616,2931
25042,19561
20784,7067
21810,19489
19165,276
5640,13
19104,18253
19046,7053
5329,6275
2563,20753
7307,7164
10528,6283
5743,2949
22883,7055
954,23307
3441,6206
10056,2931
2389,318
5886,23269
19138,19485
9842,11488
12165,18243
6510,15489
147,7057
16905,12690
19341,23207
259,6226
1638,7057
9111,15494
328,19511
14378,19555
6390,23285
22842,19727
11477,6267
5076,21
20772,2370
5177,7178
20620,23261
12302,15432
583,7075
1263,19513
6586,9964
21870,24577
1453,7229
920,7085
5361,23207
2852,20767
5074,20833
10471,18233
14422,3098
5374,18283
1562,23311
17198,6326
23149,24569
1247,14
3333,7249
25487,20763
9323,728
20574,7174
16647,7261
21700,21100
20866,20803
62,20
7729,3127
22873,7170
24164,7071
14782,11490
9576,25409
6038,19581
18333,23209
6945,19557
9556,20811
3472,19523
11189,20821
9170,23237
14204,7192
5175,7124
5818,6232
4581,21100
19263,18277
14425,23239
15349,19793
1157,7212
11482,6228
3370,2383
2643,2380
10233,19517
4627,2955
15048,6346
6551,23285
6995,23241
13714,24557
1162,18235
7358,15353
1133,18277
2229,11506
2617,20755
19645,23528
2400,15352
3578,6644
21609,6324
5347,20829
14312,22121
16630,6224
1651,7186
5432,23207
16460,15432
14788,6212
17018,7120
25249,20781
5381,23245
5565,18484
12100,6157
20697,2371
11746,18215
17036,3606
9863,22204
3245,20777
23518,20763
5924,312
23465,20823
13675,7225
4937,11490
22983,310
7340,23211
9733,7075
20564,23528
7193,19497
5819,19503
19141,23293
1998,19485
2069,7229
4808,20833
11760,7144
19722,6230
108,300
19221,24581
7030,20765
1801,7075
1842,7184
19295,338
516,23527
19450,7108
2141,7140
14753,7180
229,7188
19222,24535
15642,19763
1747,24567
9486,18225
2701,6265
25462,22204
17021,14431
13899,314
7178,7247
12321,20799
14189,7257
16987,23221
22130,11580
2924,18289
9064,15
5484,11488
847,7259
6917,19727
18190,19487
7719,19489
1949,22121
5779,6216
278,7063
18424,24549
6555,7138
24376,23305
7250,6031
22776,23265
16632,20815
5291,17240
19008,21
14206,11492
7474,23219
13793,300
25089,2381
14155,19763
23078,11508
16441,7188
9037,24533
13712,7128
5491,20789
134,23289
21095,19575
5322,3352
22960,322
18425,7087
19465,19501
19469,20777
9989,23257
23367,23
3256,22
5077,6157
4938,11484
5655,19493
9704,182
295,18297
5091,6208
9953,21105
2563,9964
1668,19503
9254,20757
23353,6259
1091,11496
17842,20771
17110,20823
496,6196
22007,23239
6960,24555
973,19763
12367,22121
14371,20819
15283,276
18771,178
11301,6198
19576,6224
12629,7085
16521,20771
9004,19581
21036,18289
10202,6277
25130,304
22010,19565
7750,7128
23043,6322
24459,6326
5020,20819
11097,18261
23496,23522
21822,19763
4583,23283
7026,22204
25203,17241
792,7079
21915,7192
17766,2371
11734,728
23039,6147
1793,20787
867,6218
1082,7047
19052,2381
17915,2367
7749,6277
9923,6216
20664,6324
14670,21100
19779,6196
25182,23301
19216,17241
7480,7047
19048,7138
20389,23243
7733,6316
7238,24573
21048,19507
12288,24581
9710,7160
928,7940
11240,18273
14071,6277
20830,7176
17113,7046
14828,19509
938,23299
21825,7059
1513,6159
9740,6261
10161,18245
5807,23227
15213,23249
2167,11496
5113,23255
10247,18485
23325,7069
500,20825
25132,24549
951,18249
15482,18223
5975,6346
23114,6316
931,6218
12413,22205
1837,2374
19013,7867
16698,23233
9177,11585
1776,2957
15263,19519
22843,24573
1931,20801
5515,20775
4787,2378
19274,18293
15426,815
16613,12382
13722,23243
455,23295
6375,12841
1439,7194
5695,7178
14079,23311
9643,18253
19722,18239
6611,7079
11933,23225
23287,24575
1882,19577
25174,6204
17757,24577
10287,21079
3059,7578
11905,298
17834,19563
7528,6222
1874,6291
2074,20825
14378,19571
18122,23281
23107,3347
24493,6273
22746,7059
1326,18283
7933,7202
1267,20775
6910,19535
1491,7164
19703,7069
1681,18251
12683,24539
22028,2949
5123,19577
24173,24579
3018,18289
13878,20771
16607,23267
21646,19727
8969,7166
6224,12192
21891,23297
11092,7245
25237,18245
4721,3523
222,24555
21707,20817
10602,314
15094,24547
20509,23225
11148,11570
19396,7100
5324,7075
13939,11570
21781,12377
23177,15
10542,6232
9922,6644
11426,24533
17963,7049
172,22
11253,3606
22769,19583
2414,289
969,24573
22160,19487
2982,6279
1778,18233
995,7051
22889,19525
17874,11502
25246,19541
18429,7231
22871,20781
7041,7124
90,24573
7526,11496
5126,7106
18451,24575
4884,9
9135,24545
5897,333
2244,23263
3533,11498
12153,19519
5881,7170
4974,24539
9172,19499
13875,19517
6640,333
20637,15436
16756,7867
25266,7085
9577,7235
4983,11498
11290,24561
219,7104
2602,20791
18057,6230
15113,19587
14222,7083
454,7118
21790,19727
5485,276
2503,7247
3038,6275
11157,19541
10042,24697
22958,2370
20699,7176
1457,7114
19166,7067
15150,815
14168,7128
2699,6224
23303,23215
1058,18301
2012,19555
18067,18241
7020,7216
1911,12841
9723,6318
14137,23239
9576,7069
707,333
14653,23257
22974,20809
1042,21079
11263,14379
15611,7940
20940,20773
12195,19557
21057,176
11372,6210
10179,24545
31,18229
21917,6153
9799,7218
3081,7188
6360,23307
15351,176
20380,7261
1648,3352
5774,7160
23027,7188
633,7192
19609,7194
7945,7235
24656,19559
23463,7212
21090,23277
20485,19507
19614,20817
20484,19535
25452,18215
23555,6230
14696,6350
25213,7867
11237,24567
8997,7196
5054,23205
9303,10597
16892,11506
17774,24565
7009,20785
2032,23
3352,20753
13967,12690
23058,7079
3559,6267
21831,18221
16913,11500
9984,6346
24245,2371
7006,23522
20402,6342
5485,6218
113,15436
9820,6200
2242,22204
13774,7206
20842,24537
476,6230
1542,6232
1527,22204
6349,7087
1715,6151
711,20823
24584,18227
288,23215
145,7049
7499,18251
7179,7140
17940,20767
13860,7083
1181,7263
19487,320
3230,11492
24054,23237
9923,6224
12187,7134
2086,18235
21625,20847
4847,23283
19586,728
20330,20837
5433,24545
11395,7087
2759,7229
11127,7227
238,19583
19222,19521
3076,23207
23160,312
2507,17240
998,18263
5796,6220
841,18267
653,7057
7848,7083
10548,136
23005,20793
19801,19788
7532,23227
5995,24547
20767,18265
2026,21100
21054,23263
25254,304
4817,20763
11455,7075
13746,18265
11765,17191
16928,18247
24386,23241
22763,11490
6589,24575
1380,20817
17062,22
9061,2951
19005,293
2390,18
16643,20799
25350,7257
24250,23303
803,6204
24319,19523
25334,7253
18309,7140
23197,20815
14129,24585
6909,7047
17181,19794
4809,23253
23251,12377
24690,7166
5382,11580
14073,6320
22722,10603
1960,10603
13904,23221
18021,6644
12116,7170
10538,15256
4915,19569
21818,24585
25362,21
3291,6269
7848,24533
19015,19511
13751,16
16879,10602
19568,19525
9624,18217
19570,15438
14282,6352
11789,15256
24481,20773
22773,24702
16604,21105
9215,2367
2047,6147
11522,7047
12806,20767
1933,23293
24386,6230
14241,6155
4837,24571
20343,23221
19802,23225
23461,2955
11649,7077
16677,24583
9600,23223
16634,19539
2218,19575
12287,19583
5156,320
7720,19567
19643,6238
2549,2377
1100,24563
16432,18485
20476,6226
221,23261
10341,23251
2636,23297
6315,18283
23452,17235
17148,23247
13838,7075
24131,14431
18098,18297
8973,7202
2946,23311
14160,21079
17952,23251
3508,20839
1504,15649
16437,6346
23497,148
1215,24585
209,24581
2772,24581
1325,7138
10520,18484
23365,18285
12754,7227
4805,7055
2068,2376
16435,6275
23172,21
18231,20805
6215,11492
6202,14837
21917,6322
19442,23291
6338,23261
25264,23271
20416,6346
15197,20827
14215,19501
2622,20831
20817,7243
4824,11506
24625,20841
24564,23243
12649,14426
5284,23241
10014,19551
25202,186
12200,18231
15500,310
4689,6289
17225,20759
15341,7116
23086,18221
20873,23303
12835,23227
9114,15347
970,19575
19759,20797
23377,19527
14336,20837
10168,19531
3507,19571
17108,23281
7875,18235
22102,6342
13640,19521
2272,20837
22176,19499
9322,19541
14311,15
1298,20753
5667,23233
20665,6281
19501,2373
1666,11504
6357,276
1087,7259
20613,20841
18330,7546
11975,322
13927,19585
2283,20781
14718,22204
14240,19793
23454,18251
14150,23255
5900,23233
1680,25409
19456,18229
19614,19489
13917,6196
24286,19553
1032,23245
20406,19523
256,4
1972,7227
9189,18225
20957,7218
7784,7069
24493,306
14697,18229
14349,7202
2071,7162
17987,7261
12362,20811
14128,20813
19041,23241
4655,6644
1127,310
20364,11496
14734,7118
11928,7122
20880,23207
3452,18247
10601,7104
23273,24561
19279,19495
6526,19543
19772,20777
24141,338
6436,7202
436,12690
329,23215
20402,6230
11479,20839
11283,23267
13775,23273
9976,17235
509,6206
2468,23313
7044,19515
19450,6346
1255,9
1325,11484
20710,20761
12758,6644
14082,19553
15605,19569
14112,6196
9827,19505
15471,276
2635,23
18132,24565
19082,20793
12325,19545
5016,12449
3545,23235
2784,6212
1458,7237
20595,2374
22869,19577
7104,20841
4573,24537
16494,15438
3002,10597
4649,7578
2690,24567
3083,23235
11817,23460
7055,7261
24326,2997
60,316
10544,24567
2290,23245
12129,20847
2032,19559
6932,6265
17946,22126
19606,19529
20859,23225
6332,15256
22930,24533
9942,14379
11208,24575
25154,23305
12161,23241
15217,18269
20543,7057
15426,17235
10328,24537
15484,7083
6294,7192
25192,19533
2075,18211
15481,23217
688,18301
10351,23229
1099,18237
6862,18295
14259,312
9418,7100
14655,7212
3042,6644
133,20769
5184,19788
20317,136
18197,7253
1497,20753
24263,19515
5480,7071
12169,7087
16508,20767
15327,15434
14823,7231
15267,20791
2340,23460
20947,6214
1085,7263
5553,20813
22349,7178
3368,23205
703,24543
9828,7055
414,18255
6383,7079
7099,7198
13820,6269
20624,7075
23486,6275
2605,20813
11358,20769
19116,274
5630,7059
1376,13
20361,20845
497,15352
2744,7047
19368,7168
24442,19583
19549,2376
19250,300
20357,15494
11189,7162
12684,18217
20760,20803
2538,7071
13688,19487
17102,23283
6532,2382
16671,23293
1444,18227
20836,295
9027,19507
19736,19541
4610,14
15259,8
11441,308
4744,298
1250,7081
20367,19794
19359,18273
14764,25404
9561,20783
21709,302
19267,6281
9208,18263
22885,2370
12373,24559
1610,19487
25092,18253
20332,23239
19255,22205
9054,23271
14775,7134
13790,21105
15043,23265
6227,7138
15408,18299
1413,23211
21644,19521
544,6279
4791,14837
22981,24581
19,15353
22106,19727
19504,6296
9514,23237
11110,11488
24348,11570
2595,20777
1259,6344
7129,280
512,282
7784,19579
16560,11508
9324,7190
5816,18275
1380,18255
24257,6289
1077,23223
9676,18265
523,2383
21768,23527
2493,15440
409,20831
16682,18219
11937,23237
20635,19567
14409,9969
22208,23253
15643,19493
10472,18241
6254,23251
1879,6275
21053,24697
24678,7136
16590,12192
1596,6281
16525,23460
14024,7174
20701,7057
16668,148
4768,11488
5758,19513
21926,19553
18267,12197
7299,12449
9462,7073
2140,11504
24098,23303
24342,24545
24250,7573
15616,15494
25358,330
1516,7128
21960,19527
6167,23311
10465,15438
10166,21079
5161,2379
6527,11482
24617,18295
19464,20783
16970,7083
3555,306
24342,20789
9777,7251
6594,13
353,24697
16716,20791
9103,7237
7525,6342
876,276
14149,7176
5866,20755
6292,25409
11562,15649
131,19493
22781,19
22098,6296
6978,19497
19770,2380
5397,7245
6030,25404
10375,11488
3350,7200
14013,20785
19033,20823
12344,19513
6004,12841
25123,7243
20886,15434
2818,20827
11927,18219
9416,15434
16860,23209
6181,18484
1101,23215
2340,9969
10401,7118
2535,7160
21034,7233
20944,20765
9727,18243
20959,18293
14378,18253
7535,7142
9943,12377
9181,19517
24269,19559
456,12449
835,18479
5294,18281
3003,18295
2334,23261
4982,19727
2386,23229
9940,19559
23036,7210
896,18223
869,23289
11332,7231
23171,6285
5930,23251
19238,19587
24681,11570
9502,19585
7827,308
9331,14837
24611,19491
9346,7120
16564,12377
9212,7162
24458,19727
21960,6147
19265,24555
19229,23237
5095,6287
6,20763
17162,6318
18449,6222
5497,18293
22044,20817
552,6316
12640,19533
21086,7233
12420,6149
1494,19763
25220,7116
9124,18251
24396,11500
449,18221
10446,19511
1647,6320
1945,16
25048,6031
12122,24545
2941,23281
19750,6031
23480,24581
2800,7241
5217,6289
23343,23215
25232,19487
18224,14379
12133,23295
22999,2373
21086,3127
646,24545
14793,7051
2754,15434
417,6285
19563,24573
20337,23309
7037,19509
7062,23281
1878,7102
21747,7130
11085,2997
18346,6273
1833,23245
7871,18275
12720,11484
5651,6296
657,18277
1925,23307
204,18281
4939,19788
6291,19495
1967,6232
14433,3352
11456,2997
5484,7128
16492,7204
23380,20769
17888,20761
5866,10603
19305,3098
1899,2375
11734,23249
23281,20821
6644,6149
23349,20837
24426,15432
25457,23239
22115,280
4779,6263
24366,23231
18042,6326
5055,12382
18451,23277
7301,24577
19355,6230
25043,23219
16610,20783
12187,11500
5097,293
14001,20773
882,23217
15404,18299
17885,20833
14408,298
2690,6291
5997,6271
10572,19581
616,2374
3090,19793
23325,6155
2416,19513
14635,7046
1297,20815
15303,2953
918,7186
21970,7061
10567,7202
6520,18287
23358,23219
14302,7162
4755,23215
3438,24541
16985,14379
5680,2953
19362,18289
11884,19553
22603,23231
12710,19587
22882,7144
20606,6326
10557,18295
7302,7253
15401,7136
7933,7077
2201,6159
6914,7142
6852,2379
22823,3098
2869,4
23445,7144
16966,2931
4936,7206
9175,2379
9965,23309
21798,6316
1073,19499
10629,6348
11234,24561
11132,20813
19516,23311
9763,19501
16868,23225
21957,7102
2129,18
1354,19487
24172,20777
16791,6216
24265,21
24087,7202
9161,15436
2189,20829
6282,20
964,314
2366,7202
21943,18293
1734,7186
1706,19583
9896,18484
19557,23217
17839,19509
7303,11585
13944,7069
1968,3606
7050,24575
11446,7104
6639,6265
16947,23277
9523,6031
11192,19527
14735,7214
19321,7243
12,6281
2479,11498
5186,7216
2279,19763
20648,19545
25309,19549
4694,10597
9656,18255
2061,7124
11972,23460
6285,18291
97,25404
11628,7140
21641,20821
1591,20817
16583,20769
1944,7263
24619,19521
10486,2382
18146,20795
7046,24545
394,7138
4705,23267
24153,20831
13731,19559
17879,2953
12142,23235
21685,18479
13884,19527
14296,18211
7824,291
7027,20753
6868,15084
5517,18227
9318,6322
7337,6204
6293,19505
14092,7231
12691,7071
5631,300
21980,19571
15637,6350
2993,302
509,19763
2984,19527
6862,6218
742,182
10355,11502
5608,18257
23129,19493
2529,2379
13952,186
10610,19763
23132,23211
20503,19763
6345,2380
12640,2949
7202,6157
24136,19575
20945,19497
2834,6287
21858,23207
5387,20779
15357,12690
16800,7136
20881,16
12119,19559
9582,23527
20581,24563
19291,23241
11353,20831
4709,24559
13809,23281
16680,148
18225,7176
20418,7190
23491,22126
10531,7174
19575,23297
19085,293
217,7251
12709,287
3347,9964
11413,23253
11314,7229
299,274
9000,18221
19611,12197
19712,20833
24608,18249
4585,18293
10540,11506
19533,23527
2473,2931
1903,23497
17760,14426
9575,11496
24558,15432
18225,7176
14,2379
2963,6159
23059,330
18165,6275
14040,7114
426,19793
23211,19727
2291,7225
14190,19579
12752,23209
24306,23207
2224,19567
9712,14431
12691,18295
656,18243
14364,12
12702,19485
23150,11482
24182,6285
15300,20807
1269,20791
7836,23217
21751,14379
10051,15239
19424,18227
9199,15438
18085,3606
13800,18285
6936,12
7921,14379
6880,19555
5017,2371
1085,7083
24387,6279
9671,18251
18465,7168
553,6275
10584,23241
20351,20753
3241,20757
5042,3347
3340,6285
4857,7136
1309,23269
18472,7196
20375,23287
23356,19573
16535,19503
9916,7118
6426,18233
7828,7174
12662,7184
1202,20785
16921,6149
17122,2370
20585,19535
4830,7245
3316,19501
5842,23291
1364,6159
445,7063
9272,6232
15107,19543
19471,24547
11092,19505
16714,23221
16900,178
16502,19505
16433,12377
2096,19573
5806,19585
24352,17
24180,18219
16435,20777
2469,18283
21968,20795
1514,24549
2896,23259
15620,19489
21765,19543
19430,23291
21979,318
25318,20803
22017,295
7102,7118
21906,6178
24557,7055
5968,23205
21634,7063
11886,20761
7073,6344
18166,6214
11240,6210
25395,18263
1782,20823
24706,23217
24543,24535
12365,23269
10248,2382
10475,318
1795,20809
20698,3132
9117,7174
16754,23275
20913,24575
14262,6159
13692,19493
10426,15494
21794,15347
2028,17241
5900,15256
10611,23265
22058,3127
15603,2383
1313,19525
18292,25409
2211,6204
19346,6204
1067,13
19622,6230
23135,2957
6903,4
5559,7166
5995,21079
1795,15434
4803,18233
12828,6031
19458,20839
15228,7196
17180,11570
25369,15347
7247,2380
2994,19495
11797,15432
21867,24547
18058,11484
23088,19
25361,19573
22835,20771
17013,23267
19634,19547
5650,23243
16962,7190
20657,11508
20809,20775
23047,20765
24699,23267
15233,18243
20564,23273
19385,19727
4695,7069
21851,23299
9690,18217
7111,7059
2562,14431
9480,2371
7264,6216
5900,7190
11799,18251
21719,18211
14004,18283
499,23305
3337,176
16513,20819
22886,318
19178,7174
14178,19579
24050,6296
2243,7061
22039,24579
14673,178
5386,14379
147,7263
25342,22
16936,17240
2261,2931
19191,15649
3100,18291
11288,18301
3133,25409
21857,20837
19483,20755
1006,6348
6238,18233
23270,7132
19726,24581
16741,7046
19070,20763
18266,178
14378,18247
12020,19505
6565,23205
11994,7118
5063,7202
12716,2928
20495,18211
18029,20759
21878,6269
25104,16
4577,2371
25400,312
2779,6291
5719,6232
1979,16
12032,7132
10381,6224
20951,7231
22737,18239
17177,19794
15026,7212
1491,316
10559,7208
2141,6210
5146,19543
6613,7104
17880,18233
7486,298
12444,3347
524,18247
22724,18247
7556,7546
17973,11504
13685,19551
9641,23301
5242,18287
13806,20815
19588,15434
17152,19513
429,2384
20376,19567
7513,7247
1108,23223
25120,310
1243,7144
10291,7047
24674,7210
9721,23227
11874,21079
2908,6218
2381,7180
11274,6031
23216,19513
6610,6324
2541,15649
14147,7192
933,7118
12282,310
9021,21
3319,7251
10187,6296
22887,18243
14076,6198
4987,18253
1561,23245
13740,18281
2957,7168
19440,24539
2372,7214
7247,7172
12670,7120
18336,19553
23332,24702
5467,24585
3133,24543
15607,23277
5627,20775
1703,7259
3314,19793
1686,6275
25456,23522
244,19485
12710,23271
3510,7243
8953,18253
9425,18213
7183,23223
16453,3606
8984,23303
14123,15347
14402,7261
915,24581
1834,19509
630,12690
12661,7245
4671,6275
14009,19727
11298,6031
13794,18301
13809,7140
620,19585
12728,24553
7344,11570
9015,23255
5939,11508
18115,15649
2356,7126
1420,23257
20644,15494
672,17191
7540,20771
11141,2957
8970,300
9870,20815
25294,23217
19741,186
144,20785
6184,19557
2712,19519
2223,18249
15418,11585
25277,6320
11429,7257
6601,7106
7758,17
23569,7162
6440,20753
6871,20831
5888,23235
11180,11580
23058,3523
4625,20797
1429,19575
1053,19485
7217,22199
19760,6261
9493,6159
22215,9964
9311,7077
24057,320
14804,12
24302,19557
18468,20769
5143,7867
384,7047
3239,19557
7467,23307
11069,19519
4770,304
1673,7198
2416,276
17038,2377
5843,21047
20765,4
13891,3523
21983,14431
17890,19547
9110,23271
18254,289
874,23243
24163,19513
12137,23217
17965,18484
16787,20775
8954,21105
10171,18295
19040,15440
2602,23247
11323,20807
7557,6314
14357,23219
19163,14431
444,18279
735,6329
24663,7067
10291,6210
25179,20799
12716,19579
1865,7188
15256,19497
23555,18243
6950,18273
2947,7087
6915,18295
6589,19788
15143,289
3048,7206
1471,3606
9451,7164
14103,19509
4921,19587
8991,7225
22928,2953
6278,19489
25163,20799
16945,7176
7240,6159
3104,7144
586,11570
21892,19567
363,6147
19330,20783
22952,23223
14008,7118
19482,20785
19790,318
11310,6031
11251,21
9510,6644
2458,15288
14630,21
13620,23303
5601,19763
193,23255
21883,2955
7568,19531
23035,23295
16785,6285
1380,23265
17880,7178
23346,23303
12695,23241
10395,24533
7508,23227
7722,7867
20707,18291
16561,23249
11870,23247
23179,23259
19503,7263
2655,6263
15562,20809
5851,7202
15229,7253
14344,6214
14336,23259
7339,18283
19615,282
10514,6267
9816,24585
14825,6031
6411,2370
16813,19543
24287,24583
1210,7578
11782,7116
21753,6275
21627,7162
87,18219
2680,6352
20821,23287
11504,23307
14818,274
15334,23209
25330,2931
25186,19549
18180,6206
6865,278
16884,15436
24149,14426
11927,7261
4900,20825
24431,23257
21059,7124
2065,23255
16992,15084
9587,22121
3010,7110
17856,338
11130,19509
16487,18301
24521,12192
5667,318
24129,20837
5126,19515
2261,11482
5214,23460
24529,6352
13982,6320
11757,3347
11253,23227
1713,24559
12004,22199
20567,7247
17177,25409
14057,24577
4750,6261
17046,20789
15320,6296
1432,2376
17174,20841
4789,23257
14134,20793
14733,7118
2930,11500
20368,23239
24177,7075
4603,7065
14828,3523
2723,23223
20574,9964
6003,24571
20692,2953
12075,7142
6345,18479
740,23528
22082,278
6841,18279
490,2381
15226,11490
4877,274
12119,6204
14748,6289
18346,18257
6358,18279
11397,24553
23228,287
5343,20829
19604,20809
17024,19489
12353,7059
24365,24567
15085,6316
16592,3606
1440,18215
22023,21100
25168,7178
20796,2373
15507,284
2798,274
7835,15288
14413,7196
12832,23247
6278,23313
23350,19567
2199,20817
14289,7176
1325,284
7273,18221
11063,23269
11859,6644
7779,17235
20678,2370
10551,298
10320,6031
2402,19513
22772,18485
20709,23257
6588,6289
12166,24549
14089,19583
5258,19519
5803,7231
5467,7239
4828,24579
14176,20755
9669,20769
12174,20811
1445,18281
16510,7178
5025,148
7293,24559
6985,24569
9098,11494
16659,7940
5220,20841
3340,293
4929,20811
9915,23277
16449,19545
9983,2379
5723,10603
21661,18281
7258,21047
9718,7166
20513,24565
24382,6210
24292,6153
2562,23528
24120,7241
10489,2378
23000,6273
4957,15438
7802,20847
3458,7178
17860,24585
16663,6198
24558,19549
16919,23287
24736,316
19198,6157
7169,19499
19776,6324
5810,14426
16599,18239
21047,11580
15050,282
2144,7186
7762,18259
12712,7192
3268,18281
24414,6230
9812,20791
15302,19525
24079,182
2520,23211
19162,2367
19541,18257
9393,20811
16806,18211
5522,7046
5750,18215
1996,24537
12428,322
20801,6261
14655,7069
1015,338
10558,20827
2900,16
23049,24697
19246,23207
900,2381
2970,24535
13754,24543
19252,9
16838,23303
15173,18285
22120,20841
3532,6220
11827,19533
12130,2370
23039,7182
14299,7132
23072,6318
9643,24549
2422,11486
19542,11498
15576,7174
24396,18247
1854,20787
15242,12690
21026,280
18138,7055
9441,24579
20705,18
22863,7069
673,18301
19161,6224
24111,6208
15271,18485
10592,7184
19765,7202
24531,306
12416,17235
5790,17240
5257,24555
3242,300
4602,298
19470,23297
14777,23297
15565,7116
22101,815
14363,24539
18225,14837
23501,20819
5344,15352
22793,6216
791,18283
20502,7116
14006,6226
15088,3601
7851,7069
25208,23235
2771,18233
9360,20845
19149,6291
1264,20839
4846,19763
21651,11492
9164,19794
5160,6329
11303,24573
1675,18479
22832,20809
13820,6224
19306,7206
18450,276
21830,23527
3486,20787
7512,15438
4898,2957
668,23261
1847,19579
9104,23233
24250,24549
5173,274
9969,24545
13860,23293
5208,3523
16639,23221
23378,18227
7896,18279
25074,7126
22937,2380
1332,18273
4789,3347
314,310
22935,23267
16703,12192
11217,19529
10557,24541
1505,15649
20433,24571
7188,7178
16431,19493
16633,6346
4711,11484
4767,19543
5310,6200
12635,6314
23259,23289
366,20829
7724,11494
20724,6204
16737,6269
5534,19529
23017,23253
18182,20753
6230,6287
14793,23275
9445,23522
405,7132
1167,24571
14375,7083
9765,7118
19515,20785
7298,7188
215,6230
11811,20759
15406,7235
6950,23497
5268,7110
170,6320
23348,19511
15301,22
17748,19553
3102,15256
5154,6314
24120,278
16877,23269
10223,6222
17163,20759
5954,24575
1589,6216
25454,18289
6255,18301
7154,7243
18050,21047
18089,20763
18262,24569
23494,287
17966,9969
6864,18283
179,19503
5387,21100
9276,23207
2800,282
5641,23460
7471,24535
2859,20843
9138,308
20561,19587
763,7225
634,19583
2295,23209
7462,306
3032,7132
1955,19547
13676,23243
21866,13
13909,7112
20477,2953
16474,7186
13650,20787
4706,23313
18277,20805
2543,7940
24696,6316
13896,11492
15403,7249
9272,19561
11722,6149
21106,6281
7072,19549
15641,298
15026,15438
16469,18241
24562,7164
6596,6226
15205,289
24520,18265
17127,274
11305,20837
2178,6277
9898,23247
2555,23253
19567,18299
24668,24565
11527,19573
9763,19531
6361,24573
14717,3098
19781,20787
22743,6157
23061,6354
6308,6324
6528,22
7574,23311
10277,16
2899,23223
21721,19521
12421,280
7752,7210
17998,2384
7583,18239
21874,23217
17773,23293
16698,23309
16692,7212
25490,2951
17938,23213
6624,12197
25161,2376
4721,24569
5825,19727
19732,24565
1748,18221
14394,6329
16588,12841
7014,23289
22816,11570
5906,7120
9050,18291
2264,20785
18425,148
18175,18247
22947,24577
2416,23215
2022,18261
11817,7202
6036,18301
11303,24567
1586,6322
9796,19557
9026,9
24134,23522
13889,18241
19435,18484
2087,24533
22183,6261
10545,12449
404,19561
21848,23303
13893,2375
9574,19585
18466,20845
23313,7162
228,23243
12185,22121
4846,6273
9191,18289
5334,23251
25274,6210
22846,24697
16982,20841
6908,7059
19006,20783
24054,23497
21710,6238
9453,7573
11344,23527
19383,6287
19176,7188
21923,11490
1196,15
9319,7546
25215,3127
21885,15347
25325,20845
5521,7083
22802,19788
7008,20783
17932,24579
13893,19581
5772,19561
10495,11585
5650,289
2045,23283
17184,18213
18244,6269
11207,186
21628,3347
15323,6222
6897,6344
24615,23269
13930,18299
9119,7138
21936,6279
17024,18287
4680,18243
883,20847
9089,7235
25486,23309
14390,23261
21839,20809
6941,7140
22783,23227
2608,7085
5371,289
24264,298
18101,10602
25464,7162
1234,15256
1207,19511
5269,11482
6942,19525
7578,23283
19604,8
2833,23309
2492,18219
5069,318
236,23233
9858,23207
11297,6316
14680,289
7053,7239
7803,2951
24255,19537
15266,302
19515,24585
16806,20825
13854,6222
18037,19525
7029,18285
6387,7182
14721,22
25302,20785
18188,19503
18171,20843
9522,3132
23200,20829
9731,186
21822,12
19167,23285
3024,19509
2813,23247
19336,7237
5328,20791
6197,274
9479,7578
10410,19557
3375,7075
23342,7134
476,7872
9466,7237
10229,7231
20905,7198
18455,7059
14683,7079
5187,7069
1719,24549
19063,19553
25276,23305
15178,20839
6274,2931
17111,6259
9164,18279
13645,19543
24440,24559
2402,10597
20932,18479
7328,19559
19390,7940
16622,21
15130,23301
7150,19575
4726,7188
13991,20795
17022,4
18357,23279
14223,18237
22840,2367
368,19499
20783,20803
9347,7872
9121,20841
5649,19525
5504,7202
23080,10602
12709,330
20441,15494
7334,19553
20464,25409
5990,6316
9541,7108
22938,7065
20910,18251
9303,24543
12795,7573
20629,19497
715,728
5046,22121
15224,2367
12672,15432
12114,6318
24608,8
18230,276
11056,7176
17909,23295
11344,7239
19708,20775
736,19553
2943,19491
988,18247
17868,23219
12822,19493
24605,12192
24116,7172
6198,7867
936,2382
14368,20769
14812,6212
1064,24545
17886,11494
25111,23271
16808,282
11275,25404
5537,10603
13714,4
7776,18257
24341,7578
12662,20817
15180,7546
2698,302
6590,24567
9887,23283
7800,7110
1449,11494
1850,2370
52,23309
13614,25409
19322,19487
3543,6275
24343,23255
1738,7186
1702,2375
22980,15489
24221,20755
2919,7263
11298,7190
2931,19491
25236,2949
23037,7047
24516,11506
24580,20845
2827,18225
3109,2928
9154,6269
25301,3132
10140,23305
19736,7067
10158,176
21900,19551
17793,6220
11931,19553
23143,2370
7188,320
25279,20839
9766,6230
6249,19529
20466,20837
1906,136
18573,7102
11387,6147
22940,274
6270,7168
16648,7061
13898,136
7824,24579
2673,6326
20591,20773
9185,18271
16512,24555
24596,19581
1427,17241
19026,18225
24472,14426
7816,19727
21695,18261
19106,6261
21841,19545
12357,24537
21771,14426
12355,15494
19054,18219
10566,20757
23351,308
6413,18271
19127,23281
12321,19793
9717,23259
14193,23297
20515,6153
24126,20805
21638,20843
15313,289
2201,280
15565,23247
23260,6281
4614,304
4684,20813
21794,7198
5115,257
24510,12382
2865,18263
10348,23207
1507,2370
14289,7940
22035,23301
16794,22199
299,7124
19749,7047
10008,19543
22017,24579
401,24553
818,6153
5421,6157
4877,2381
14699,21
16616,19551
2566,19485
22126,280
5498,15256
7188,18235
5862,20765
6369,11488
4593,2379
19375,15434
22932,9969
1310,6206
9993,7059
20449,6350
10304,19553
22551,23281
20834,6178
5109,7259
20600,7047
20658,7940
15133,318
21706,7126
17160,14837
10596,19567
24354,18257
14411,7198
16491,6346
9158,20771
4940,6224
23151,22205
11760,287
21643,7872
56,7233
3236,15352
19926,24571
9237,20787
16908,257
1722,7104
14761,186
19169,6354
6266,3523
2726,4
11393,12197
4988,18271
21039,19521
18214,24569
14698,15489
24104,6314
20452,2377
22732,293
2315,14426
23322,23251
7002,13
6428,6196
17838,23460
3041,3352
14136,2379
24513,7241
10288,7046
11391,20775
1245,24565
25285,7225
92,18233
12383,11486
15573,2370
25504,15084
9891,18237
3317,6259
22798,25404
946,20825
7212,7255
3335,6198
15428,19497
1357,7106
25108,24539
215,7212
5472,23223
1095,19579
25368,15434
16860,7261
9530,276
22992,20767
24556,23231
14824,18297
121,7079
15030,6159
11776,2374
13931,19495
6341,14379
2308,23307
10560,6263
24176,4
11065,12192
14366,7110
22161,7202
23270,7100
22801,3127
24456,23313
20441,24561
11349,23257
3320,310
7052,6350
23256,7166
373,7263
14837,7164
6384,20785
11383,11496
5194,23215
7040,7130
19365,18237
2969,6644
18458,6265
615,20829
15206,23293
4642,6232
597,18263
25284,7120
14767,20789
14054,24702
16982,18247
730,6322
5244,7160
279,20781
11799,23279
6999,18484
5429,23305
7577,20791
1056,7046
15177,23285
2073,2375
11423,7051
19183,7136
521,18273
22095,23289
10140,7061
5457,12382
1759,7081
11558,23309
5478,7160
312,23289
597,25409
11825,18247
17800,24543
21837,7061
2117,6210
12120,182
4936,19485
17970,19543
12732,18253
2671,19503
14079,20787
7500,20793
2449,6204
7490,7051
1347,7196
23327,7132
730,7170
721,20837
17017,23460
4884,15489
13784,19523
1499,19535
1431,17235
19439,291
5114,23223
2641,6275
7162,316
1753,24561
4838,7940
1307,18271
20478,20795
7232,7255
13927,23497
2738,23273
14654,304
4643,15256
23091,20801
2600,18253
1786,7118
14135,2951
2236,7051
3117,7198
7254,11498
16607,6224
1638,11508
21650,23227
574,20811
1960,23213
14362,19
21872,2378
4704,23309
20644,20771
1487,6147
11908,10
24336,20757
12650,7180
17944,18213
11118,19567
11768,7253
5423,7138
16961,21047
3478,10597
12757,2931
13739,7233
14095,20833
23000,19579
19115,19551
6283,11502
22179,23235
24613,11498
9647,7176
768,312
7512,25404
6412,7134
915,20787
16667,23275
3064,20785
15331,23285
1869,18215
5724,23235
2617,19535
18076,2931
11452,18249
14243,19529
15041,23221
7358,7063
18269,19537
14632,7243
7070,7114
12337,2383
10392,20789
15053,2371
13820,17191
19426,6206
6576,6265
24216,23303
11971,3523
12359,23269
24438,282
14000,18
16443,18271
5971,3523
23255,18485
6224,18243
1127,7073
3107,23205
13820,7061
19443,7245
7743,6261
17127,322
4858,6324
20322,23249
21661,20841
10428,333
5949,18291
19119,2380
19000,6159
1361,3606
4950,20827
24506,19529
11248,7049
9081,22204
9095,23497
7255,2380
9939,6348
9370,23303
24330,178
14071,23237
20927,7176
18250,20787
122,19583
7333,18261
17016,7867
974,23277
11783,19501
22901,24543
21895,18
1109,6147
2716,7253
16518,274
12826,322
768,19565
24364,23243
7104,18277
22988,24533
5992,815
23126,14837
22024,2381
118,18297
11258,19517
18111,7104
16570,19581
22756,20831
25329,6285
17924,20841
10484,20757
812,23311
24585,6224
17088,14
5138,20807
11277,12
9559,304
13608,23527
2119,6265
15214,7216
121,11496
4816,10
2683,18253
14030,19499
5263,7126
2044,7235
24348,20803
15283,11506
20549,23263
11252,7200
10604,182
25285,9
16720,23225
24692,7945
5841,7172
893,17241
14045,18233
18045,21047
10166,19513
16895,186
6599,7160
11955,7061
2248,20841
21990,17191
5378,18263
14272,11494
16869,7190
2875,23303
7059,3132
2115,7114
12659,18259
25411,6342
1295,6320
2826,11488
1293,11506
7778,17
3547,6226
23301,24539
10607,7225
17246,18221
2963,23227
1735,6346
13856,7136
9087,18297
22798,12377
3065,20831
2224,23263
22023,25409
6579,18291
5014,6265
14682,7255
1777,19543
7202,7100
14074,23301
5677,20759
9125,24583
24125,23211
11273,6342
3507,23497
5974,18301
5605,176
21622,6269
5651,18277
15162,18285
69,6204
14054,7162
9683,18255
6917,20839
2985,7087
6383,24541
11481,2501
11370,22205
24621,7200
20479,7065
10305,310
3360,18235
5294,20799
3564,2371
1128,24545
2132,18243
15283,20817
15339,308
2751,22
18024,24543
10544,6283
7585,22
9725,7180
5400,295
25202,18213
6542,7122
21766,10597
5285,18215
23136,22126
9523,6344
19638,6273
17871,20823
6271,7136
7777,19559
20849,21105
9890,25404
11782,6269
11954,7237
658,7118
14777,15434
7149,6159
5720,24555
19386,7180
3375,12377
19267,2377
23483,20845
2865,6322
14071,7112
5847,6200
7161,6153
10548,22199
5189,15494
1651,23528
18348,18239
2814,24565
19538,22121
24049,20845
1456,3098
23107,186
2781,7172
11842,19515
1653,19794
20520,20773
21886,22204
7739,17235
24139,23245
7206,11492
11859,6287
973,6200
1731,19579
15069,2955
15310,20757
24178,6320
295,7116
18001,22
797,6151
14179,6210
20713,7202
25090,19794
14738,7204
448,2997
11288,6326
4963,7142
19205,6212
19280,291
14258,7235
7295,15084
25201,287
24225,18217
12703,3132
12131,7116
1701,15494
15029,7067
7076,24573
9768,15352
18058,12
14798,23237
1109,6322
19377,18261
8984,24559
19229,6200
12157,338
1335,17241
23346,6320
14004,7110
5062,18239
2723,6216
20636,7180
9453,338
3036,18271
15133,330
6934,7233
12843,19517
422,7114
706,24565
964,2375
12131,6149
21107,6230
24131,3606
14000,19521
25157,6314
1250,6208
23135,6291
20551,20811
17002,330
182,257
10906,23227
20844,2951
9762,2949
10278,23281
9236,17191
4643,6218
3358,338
15134,18297
217,19511
18223,20831
20665,11482
17212,14379
1587,186
6205,23313
7913,6320
3583,7046
6868,20815
21914,2955
1770,6279
16741,19525
12194,12
22843,11494
4983,728
16573,7069
1761,19569
5350,6196
20435,20829
19158,20831
24247,23209
25114,2384
19787,20769
19239,23305
6415,7186
3083,6226
5860,15436
2356,24585
25159,280
14212,7255
14074,2501
24529,23301
5085,6644
19506,20807
20661,6346
11977,6206
4968,19539
10211,3523
1157,280
25114,23311
9623,21100
18040,24561
21073,316
1741,19497
7796,7245
21968,2383
168,7087
4670,6322
4741,7059
17145,6151
7208,20817
1315,22205
7141,18484
20697,24567
18216,2378
1741,23255
19312,20771
7940,23217
14838,7194
17189,18219
22947,19503
487,287
20650,18484
775,23215
14239,24549
17878,330
4752,23231
25249,6644
4674,20783
20739,19537
24555,25404
19706,7206
19151,20815
3256,6210
682,24697
21922,6208
4972,23275
17788,21
5882,17191
22128,18217
25238,10603
6932,22121
2163,7114
16887,23313
11481,7053
15427,19539
21666,15440
20485,20815
7844,20753
17166,19513
282,23245
19297,23219
14265,7257
19275,23225
9936,6159
5037,25409
552,20761
9448,19533
1078,7202
18265,7194
20497,19503
6089,7061
1165,7194
20482,284
7324,23275
13809,3127
20334,20837
22840,18275
772,18289
21862,7104
18,19794
15479,10
7903,23301
300,7102
11380,7136
23264,19489
5204,20827
739,7136
14322,6208
2512,6269
1465,7229
12349,7069
23043,19575
1283,23221
6915,19549
14120,20775
5446,7073
24586,7136
20744,7237
9657,18217
9477,15256
23283,7231
124,23233
15100,23241
10516,19493
6927,20817
5926,18267
16834,11492
17857,20803
441,19501
18290,14837
13891,7872
24148,7128
7781,2376
14011,12192
23138,11492
19285,6287
17983,6296
5876,23223
14701,23283
5455,24571
11271,19793
9347,7124
31,20795
22849,23241
11220,7104
2905,6296
18020,18484
1702,20757
13731,6155
20549,24559
22867,20781
9487,7140
13665,7546
22944,17191
389,6218
14201,23305
11479,21079
18475,2375
7091,11482
7361,19489
23534,6222
4658,23237
10380,7120
12337,20767
1067,24563
4571,6159
15562,19525
14126,6210
768,14431
16864,24559
11086,276
6251,2367
19027,22204
22965,19499
25215,7235
5837,14
4716,2383
25475,23269
19158,6283
5104,2383
12244,19505
23280,13
366,6314
1340,291
17860,7132
9869,18211
12714,306
25458,6275
24668,23225
889,14837
2317,19567
19529,23235
18488,18221
20885,6322
6437,19537
13621,19577
1766,815
11145,19585
2188,308
19468,15288
3522,7188
17951,6281
13649,2955
5914,24585
9172,6352
18293,19587
9085,7188
14788,11585
16672,20829
10286,23253
1179,6277
9170,7188
12192,12449
14086,6269
15411,7077
11106,6354
15094,11506
15155,295
9912,24537
24330,3132
20330,19525
13658,19567
25409,7243
9158,20803
15502,18295
11119,14379
9890,19517
7285,330
18156,15239
2811,15438
12124,24569
11446,23313
19038,23263
18271,19585
18449,18213
3530,6354
22949,7164
15480,18277
701,7142
23025,19547
14723,815
9370,20813
14187,6259
10435,15432
13718,20765
9730,19515
19212,11508
1155,12690
24396,18299
14023,7214
10329,23229
6559,19541
20471,11494
6245,338
11196,7243
14698,20825
3545,7198
501,7071
16637,2997
23271,23299
25170,23311
14098,23528
16700,7083
23184,330
5707,6289
11830,18269
16963,20815
12108,8
16964,18291
10513,2372
1969,23311
25111,19501
9419,19525
22900,23209
11453,7100
24369,10597
12310,21079
505,23247
5372,20783
19280,23460
2101,11482
17955,18265
24195,15256
5438,23275
10180,20771
3300,7212
6896,19794
25328,18219
1695,7166
3540,19559
20426,23287
13808,18239
20517,6346
12175,20811
20821,18279
18226,23287
17941,15438
10199,318
690,23460
16790,2375
38,280
22163,18255
2417,330
3529,7247
341,19515
2751,7132
5156,18255
6013,16
6279,20847
3543,6273
860,7178
19581,2377
3584,11488
11287,3132
11495,19545
17973,18265
21620,7134
17930,728
7031,6224
23450,6277
24542,7057
9038,6285
16583,2374
513,2377
2558,6320
7281,287
11425,18243
25236,23231
13728,20841
2660,24702
1842,24702
2381,24555
17185,24573
11272,308
7015,7940
8969,9964
22184,15649
1025,23528
5548,24579
10566,7057
6290,23
1727,25409
8995,18229
12163,23225
18053,7172
22938,20811
19393,22126
15088,23277
2871,308
11853,10
12095,302
20918,19535
20787,23235
13885,20835
24342,19547
1840,2381
2029,18219
17123,23311
14721,19517
20428,20801
9283,15084
11130,2373
25131,20755
25369,11488
18031,20801
1109,19567
933,22126
19306,15489
19098,23283
17750,6263
25174,3098
10196,21
9192,6155
5848,6263
21695,18273
18095,20755
6611,136
9940,6202
9412,18484
6883,6348
11508,19587
7326,3132
565,14426
13676,19581
12632,20845
11369,10603
15076,2928
7868,19529
19581,7263
21894,18233
11562,3127
2442,7214
13725,19499
14219,10
5498,19527
9674,20789
9172,14
21958,20783
3065,19509
24432,23275
7074,18283
4923,7237
16806,20803
19234,15256
55,23269
9658,11490
1252,7190
11118,2370
2761,7202
14235,23287
11880,23247
24536,6320
23249,18293
15037,23528
1558,23245
9114,23279
19768,6350
723,9
25080,11482
11881,20765
1884,20787
9752,19485
7258,7073
14327,19579
12088,23301
45,6204
9904,6348
24519,6210
21050,7174
7948,21047
24542,7063
1965,21105
323,6151
23217,21100
2911,178
21746,7255
2022,6326
17105,23267
9034,19567
19429,300
17820,19501
6429,18257
19094,24585
12648,6271
7255,20769
11768,19551
21727,19577
2754,23527
24157,2373
19379,19521
23532,20793
9984,2384
3252,7170
4988,19511
1276,7071
2465,7087
10223,19583
9055,7231
9402,24543
10514,280
21903,24569
7947,20825
11443,7172
3118,24697
3575,6261
24523,20815
23290,6208
7520,20767
5763,2367
3025,182
21729,7214
17151,3601
1259,19521
19095,182
176,19497
5486,7051
24276,7174
3269,7061
74,7194
23178,7051
9042,23269
6359,7237
17814,24539
1977,7102
7909,18259
2595,20811
2657,6279
3257,24565
24279,11502
19334,6320
2111,23305
1051,19557
13711,7263
916,2376
20738,19585
5481,7081
4691,15649
20709,282
367,7046
19548,20771
1865,6222
22021,7164
23355,7051
14415,23271
2200,7225
2833,20781
20464,7196
5687,23269
4756,10603
4930,23221
51,2384
492,11488
13729,18295
12169,11492
3546,9964
21921,23279
2285,2957
3326,19489
9848,19551
5145,20839
2351,18231
16991,20801
1748,6157
16650,18267
7460,2374
10564,23229
21764,6329
1057,24565
14094,23277
6523,20829
16645,23
14629,306
22968,14426
9572,7067
16928,6352
733,11484
7831,7081
123,24545
10463,9964
7862,23225
9895,19527
18230,18215
37,12197
22023,24533
2619,6296
19011,7867
108,176
11404,6285
9219,7186
2061,6222
20463,23245
12784,24545
11501,6222
6242,24569
7340,11500
24560,7112
1745,274
6185,20799
3239,18237
15321,7247
16891,18289
9756,23309
14028,20803
2767,19
7126,20775
14392,2949
4876,18279
5660,15434
1735,7100
20648,19788
18033,7186
17868,7178
11181,23305
19248,6178
24359,19551
3098,7237
22776,23243
7744,19553
19347,7049
1819,306
11344,19519
21761,24541
14644,23253
20777,6346
6550,24537
20904,22126
16967,23229
2821,6326
20401,7235
1881,6320
9214,2383
10150,23261
9483,19517
22194,6151
3067,15256
24354,18267
23125,18273
1082,7243
17894,6198
17071,3523
2093,274
15210,24563
11988,19539
5093,2384
20451,19523
20832,728
5051,20817
23361,20829
25496,19501
14005,7102
5848,7130
9834,3098
2421,24569
14740,7057
7202,6318
3107,2367
19251,7106
857,15649
15160,7190
19323,6238
945,6194
13807,21
17162,23237
20405,7940
19715,20813
12133,18479
9440,7085
19140,7120
19242,19557
25408,18235
21961,6178
179,6281
15363,18301
24623,6318
16965,11506
763,23263
2048,6206
5579,23263
5138,23259
24456,2383
4865,7225
19015,7138
19772,19581
23028,11490
17822,18237
13848,20847
12733,23247
6197,18223
9918,306
9351,176
17802,11585
22028,6281
23306,7122
2848,728
16671,20787
17949,7106
11883,318
1458,7245
6417,19493
22089,8
20502,6216
16445,6202
7816,23205
23032,20783
21679,2374
5800,22121
22915,7046
15298,18221
25324,9964
20875,7168
9547,20779
12660,24545
2381,7546
12382,7578
22795,7204
2991,11488
23489,19521
14261,23279
12828,23217
9602,7138
822,20773
15111,19519
12103,7075
10274,6224
13842,7174
25112,20825
9251,7200
2195,6222
7928,6202
18191,7073
9999,23287
18358,316
23350,6314
7310,7138
7098,2384
19189,11585
9473,18479
20329,19499
10224,11492
14250,7172
3252,24567
19255,18217
1750,6261
20814,6220
5585,14
22064,18227
25362,7257
13871,17
12425,7216
5250,12449
2717,6220
4659,23297
18283,6230
5351,6202
5484,728
21959,6220
5014,24535
13823,18265
7731,24585
21628,23209
1442,20763
5478,7085
15163,7227
19128,23283
8982,14379
23328,9964
5300,11502
23272,15347
1505,298
677,6275
8992,20787
6255,23255
12793,7180
5972,6318
1776,14426
2441,6273
22020,19495
11535,6208
21765,24547
7796,18287
5874,23237
1159,6196
3035,7049
11570,19555
11462,23527
4808,19513
18305,6200
6217,7210
15233,284
22033,23528
15148,316
22160,23257
5619,6350
19703,18
6904,18301
11380,19577
11364,6329
4621,7144
167,11504
23469,7071
24356,23279
9770,24547
19554,23205
179,15432
18251,19503
1652,7178
1741,312
3128,7061
13912,7172
5211,19537
21641,23225
409,306
21918,24581
14193,18251
19610,18257
23538,298
22865,20761
1735,14837
1550,19497
15271,18
5009,18241
23043,18295
11196,23253
6306,6178
19335,20799
9499,14431
5136,257
10276,2953
9925,18225
10413,284
2689,7867
15624,276
14800,4
17127,3127
92,23235
6261,7578
5193,19763
13633,6354
13722,7196
16941,11585
5583,7241
5361,7198
6358,19547
950,15432
7789,18485
9562,20783
7765,20793
914,23243
17845,7164
14130,23245
25183,6222
9206,6226
24232,2379
13948,6283
11855,2928
5070,19533
20788,19788
7763,7945
1650,7140
12842,2376
18461,2501
12187,24571
2169,186
7262,18233
2161,17
207,7257
1799,19585
912,7061
5159,23283
9345,7202
12823,10
1643,6218
9836,14379
16530,23229
23214,7176
12814,314
21882,23253
7132,23285
2234,19489
19125,24571
18210,23285
17932,25404
6540,7257
12634,24583
5328,23269
20828,7186
20489,18253
170,7170
22772,7229
24337,2955
21969,7051
14059,23285
9437,7108
13661,11498
5756,182
10502,6194
11431,25404
24056,2383
25409,14431
21658,7118
7252,24697
11101,15438
12175,15489
17819,6644
11464,23263
2036,20763
11914,304
10574,2373
15302,18265
15088,11570
15432,15
4859,7225
5266,22126
6926,18225
11320,7237
13909,6155
23200,19491
20960,182
9510,20819
13724,11508
4716,7170
12728,19539
1491,11585
9151,289
24146,19515
6334,20775
23306,7263
183,280
9192,18479
5352,19495
7733,14426
14412,25409
13943,19519
2718,282
5085,10597
2015,2378
5675,7172
5956,19579
1634,14426
24595,6210
561,19563
20734,23297
5916,15432
2911,2955
19057,7100
13815,6324
24343,9
5253,298
11526,19577
21093,6232
735,23261
12820,7053
16909,6316
613,23528
24420,2953
19239,7212
24603,2374
2254,23231
5104,7055
7519,318
10597,7069
12097,6204
20858,280
11770,18227
10464,20785
9927,7945
2335,6269
14341,23289
1329,24539
10379,7085
20449,15256
7578,2373
10204,7218
14788,16
9289,7122
16443,18217
176,24569
15215,12841
18291,7210
25309,18243
2374,7247
23468,7241
14210,2379
247,7061
10377,23261
6368,17240
19016,7235
18264,287
11297,7069
17852,18215
7769,7162
14353,9
16544,186
24059,18249
9959,6212
7121,20783
5995,20803
12365,24571
10473,18484
5990,7253
409,23243
25322,18235
25389,13
1533,2377
17203,7057
22014,7184
1002,7182
7750,330
13904,10597
6339,17191
5760,23460
5138,19543
19337,3523
18231,7257
24166,15438
3320,7055
16971,7061
5279,20791
5213,7182
21635,18215
9809,20803
11867,24563
10568,23291
2818,23285
5284,11486
15433,19555
19524,302
18355,19583
20476,6157
16901,11492
1856,23251
22828,7061
832,23233
24063,6346
11589,23271
437,7136
21693,18279
9880,19527
3552,18221
18132,24571
25098,6157
15488,7069
11529,23273
22169,23293
2336,316
938,24555
18130,23251
20680,7239
24270,7122
2895,7214
4936,7188
19430,7261
2488,25409
13778,14379
5597,6196
5173,18273
14246,12
11440,7251
22815,18251
21684,14426
12816,15489
20795,19541
20950,23225
7271,19547
11283,7112
7276,9969
7314,20767
2687,18301
4860,18233
1577,6200
15056,19
5869,23307
13767,6285
9868,291
12841,20777
23468,18297
14285,7142
19344,7216
12823,7233
9352,24543
12147,20815
974,19563
6637,18295
11557,7208
20964,15288
1576,7164
6211,7110
13860,24569
23485,24545
13892,23229
24341,23243
303,20789
18183,6644
12054,6283
21666,19531
12377,23287
2602,7047
3241,2367
19236,23275
5101,7261
7488,308
1270,6198
5867,19491
4801,24551
18308,19553
22195,19521
1656,293
1001,7257
5784,19788
6347,2928
9623,18229
6634,16
13710,19575
19709,7106
20857,12449
925,7124
1779,7128
1059,7063
5784,20799
5010,23245
18271,2377
9885,7075
17764,18479
23001,19794
24658,18484
13886,19495
25235,23221
2745,23285
14238,310
18113,20767
5772,20837
20536,18271
9737,20781
6307,10
122,274
11987,2376
10471,23257
1937,11498
17970,15347
22050,20827
15105,7251
577,7118
9024,7118
19305,320
10323,10597
9364,7872
1899,2370
1186,7126
840,18231
5197,11585
18160,23239
9866,2376
4722,7067
5969,15239
7721,23
1810,24559
2285,20821
826,15494
5195,23245
2378,6159
13607,2951
3036,318
19190,18265
1508,23275
3113,6287
23476,7046
12449,19521
11237,12197
9980,25404
5934,23291
497,14426
18088,23295
11871,7142
20325,20753
7010,19583
16722,19567
2419,136
15135,18275
14035,7196
24548,23247
4713,6346
5593,314
3234,6228
1818,23221
22951,2501
9684,19543
1456,2377
13621,19519
21651,7114
4974,23497
6640,23283
20402,18
20923,20769
4580,7214
21959,284
16735,6259
21731,23219
24263,19557
24419,7227
25347,19533
24658,20817
112,6273
276,7243
22887,11486
20463,19507
15408,23245
2289,7216
7347,20769
24340,23
21787,23229
1276,6226
6851,23497
17087,19559
16687,7114
2326,18237
22868,7202
6945,10603
11507,24557
2890,10
6018,20763
15422,6031
9157,7239
259,18259
2867,18261
10511,18225
19735,17
9915,23273
15170,3523
11953,333
7806,19497
12788,298
18261,2377
11978,24563
5826,20811
11869,7227
716,6287
23223,18251
3016,7073
2001,20837
17229,6281
433,18479
16652,20777
14260,6212
17828,2949
3277,19571
21905,20817
216,7073
20456,24583
17097,19513
2446,23269
7827,24539
1402,18251
20704,7206
15188,19573
22987,6204
20731,20847
23143,12192
7075,6259
9888,19579
15164,257
671,20767
11745,7194
7792,19559
10139,23245
9620,7261
1873,2997
18276,20801
24158,18275
1492,23309
2022,7247
18182,23257
10509,7239
12115,6316
1363,20775
2955,6350
9406,18225
24179,23227
1149,18243
9819,6216
16568,9964
5852,19585
25222,23
7936,24569
18205,19565
1673,7208
6280,320
861,23209
317,6214
9827,11500
55,6218
1034,7227
25141,19501
9096,2372
15353,19497
2928,7245
21037,2370
24409,7945
1344,18259
16922,291
1006,7061
3583,19555
690,18239
10383,3347
7785,6224
2869,23219
25177,2955
14276,17241
7345,19521
15172,23215
20620,4
13833,7053
25091,318
10063,24553
2068,7263
11285,18241
19055,23293
3300,14426
24079,19583
12126,6273
11341,20837
14293,18285
19771,7208
18999,18289
18198,6289
4897,20835
10534,18285
13836,18291
5427,19763
22876,23
2065,7231
1228,18223
12670,15434
4596,7872
9867,304
7847,7872
14812,6228
18026,6230
19639,20763
885,18221
10298,6226
20804,18259
3382,20819
14248,7233
20588,21
17240,2371
14138,18225
12131,6644
9294,18225
14046,20765
3384,24702
25182,23253
12733,18221
3538,23257
10457,11502
17830,23283
9586,7170
19608,19487
25086,19571
6916,7182
1786,23283
25291,4
3523,274
5873,20765
19141,6342
1155,19527
25465,7079
9515,18247
1171,24537
1696,7198
113,14
7280,20783
19223,7263
11891,18299
16917,7251
20855,11486
11325,7170
24276,18237
12746,23251
1168,15352
17238,3132
18217,23229
16489,2501
5237,19493
20512,6206
5810,2931
25110,2381
15135,20781
10042,18221
23062,312
20918,20819
20397,19567
17787,20779
854,316
12333,19521
23287,18291
6861,728
14841,19533
802,18267
7497,7546
20653,7162
19535,23251
1467,7116
2411,6214
2834,24569
12069,23219
19408,7047
23140,11486
6438,18295
24189,7144
5271,19541
13973,3606
25100,22
10324,20793
406,23223
519,2375
2637,7132
20958,2371
19534,7202
20336,6031
14161,7140
19376,2376
5587,7069
17147,6326
10222,12449
19489,23309
16443,24575
19780,19513
5473,24559
19081,21100
19566,20797
24394,330
15100,24549
756,18217
3106,7055
19350,15288
1571,7573
2494,11500
9649,19543
6161,23257
4787,2383
5633,7075
19350,7867
11580,7206
14202,23255
18337,19493
25249,274
7254,13
9691,24569
14420,23237
1205,11488
20526,308
19569,7160
22044,18263
12742,6289
2396,11486
16530,7138
18156,23227
21718,7170
2689,24567
27,15438
11189,24551
13904,20793
5749,19557
5923,18281
5927,6198
17191,23227
21993,7261
19479,7053
3283,291
17021,6222
2420,18243
22130,23245
559,7872
20447,6214
10312,2951
2952,276
11385,7069
11216,18249
20398,23247
12731,7872
2368,14379
2657,23209
783,2381
18319,2373
680,7063
7129,6159
5306,23528
11229,278
9308,7168
20691,24583
1723,7573
7559,320
18277,18255
13776,20825
2357,7578
15437,19519
1387,7190
1507,23257
19092,24559
13705,7102
14785,7176
24250,23205
13645,3132
78,20843
2283,316
4904,6277
23302,23311
19006,14379
342,6259
23509,7047
19274,300
6191,19489
2642,11506
546,11486
669,23215
15259,23267
18044,3127
9863,20761
23158,20825
1867,18219
18155,7160
4686,15436
18456,23253
4994,21105
18252,20781
22209,2383
6410,23275
12773,19763
9863,17241
23068,20769
18042,19523
4766,12192
22930,19497
2942,312
24054,7176
1274,23
10089,24565
20533,6269
1132,7075
1589,18213
10338,6326
19601,24569
11936,10603
700,6316
11125,7192
10317,6326
20743,19579
5792,11508
18428,19511
189,11488
14402,20789
3516,3606
7920,23285
17933,18269
5269,23311
14005,12382
775,3523
13963,7237
19755,20839
2704,20799
17907,23293
16845,19539
13738,24579
7053,24575
4923,23217
24615,7237
11842,7106
23358,23211
1242,2373
13637,7166
1759,19513
2335,6202
7023,2367
22780,284
5858,15084
3,6155
1760,21105
19141,23293
5988,20773
414,7216
2726,7104
18108,7872
1957,20765
1057,19547
22207,23309
2899,20777
21821,6350
24229,6289
15161,20805
1804,320
23235,6342
7874,24551
6915,22126
12753,15239
25306,7200
9528,20833
5866,23217
23477,18265
18474,19487
12060,19545
19207,6208
4606,15494
3249,6350
9005,22
19926,18267
17212,23
15425,7231
4887,6322
4818,18223
7793,300
17106,2371
2751,7184
5793,11504
6261,6157
843,18219
5341,7073
18134,20803
11915,24567
11203,19553
11375,2383
7773,12690
5490,6324
24230,24549
21910,20831
11437,3601
11584,20805
5749,316
25210,3523
17866,6348
6843,23301
20943,6644
22081,10
5383,3601
12647,18293
1954,19575
19466,20827
18215,7132
5464,7182
2511,7069
5258,25404
4869,20821
11564,2949
22894,24571
15029,306
11185,6149
7240,15084
1088,21079
24217,7184
1182,23281
24302,7202
9695,11490
14306,19559
14688,2381
5355,18219
18771,312
11303,20835
9169,20835
680,18293
11254,18227
20449,19497
7513,20779
14334,6216
18481,9964
14010,6230
20791,6155
15141,148
9006,18217
19265,7188
22104,6157
10568,6159
12121,23251
14388,17191
19319,18225
22032,11496
19801,18241
10262,19491
17835,815
23117,2955
4749,18271
2548,23205
21052,11570
15449,2383
11241,7251
14000,7168
248,24533
1816,18263
16747,11506
2805,11494
924,23271
445,6214
16472,19793
5579,11508
11051,23307
9672,2380
11395,18211
24490,8
18048,7867
9977,20777
23081,7136
15346,6230
19261,11498
5694,23221
5017,20757
14681,6210
24421,7210
2384,18275
20727,19535
11196,6222
9964,2375
18083,18215
11761,18239
15416,19511
10046,15434
6178,11585
23040,19497
17103,7053
12161,6157
3527,11482
938,2931
19088,23277
23004,24565
277,19513
11146,322
6293,20775
13863,20833
14701,11506
14218,15347
3580,6267
6571,23528
14195,18293
17118,330
17095,18215
21977,289
2081,7067
4772,7073
11421,11504
23174,18227
21752,18257
5872,3352
15622,2377
12,7184
2667,23275
20971,19519
9009,7945
102,7214
21617,298
9009,19511
5283,19521
14313,7047
13846,9969
10598,19537
22957,306
13657,19567
15161,18225
2115,6348
5880,19533
24331,24559
18121,23243
12714,289
20796,19509
20481,19585
9882,178
25249,20819
4746,4
6904,7087
14264,7122
23329,20821
5510,6283
9902,3127
21823,22199
5531,6644
4658,23237
1974,11508
18275,10597
9503,7178
14399,2379
24543,20807
20652,11482
14282,7263
9226,24553
25111,19517
2299,15649
19347,304
4601,24565
24475,6354
11184,6269
23202,2957
768,15494
11427,19529
12726,24579
9121,815
1931,24563
15126,23313
5274,7247
13943,7178
14336,7184
25122,304
11386,6283
25258,6226
7483,182
23201,23305
13617,20785
9507,7198
11284,7100
9773,19553
18052,7212
14725,186
23293,7085
19083,19491
15150,19527
7463,276
5469,23247
2371,6218
14228,7114
7484,20793
5576,7212
22953,11496
21892,6269
21963,11496
987,304
1871,23301
25134,15432
24438,7138
407,24573
14212,7130
12761,19727
16804,6220
24278,24559
16793,17240
11126,6271
24476,19565
9354,7057
21873,24539
16509,15438
7054,7160
2689,23225
16436,7229
13718,2376
1393,14379
7331,176
11523,6232
1965,19519
7260,7573
7505,136
25064,11492
7057,17240
1596,18267
24421,15352
5082,20813
1321,23263
12804,2379
14823,22121
21034,7051
11377,7162
12143,7259
19464,11498
14182,7178
25484,304
1138,6324
24185,19545
10363,20831
9100,3347
1601,7945
21992,18485
3042,23
19079,23293
14200,18484
12148,11496
5646,11484
13907,11482
21919,23293
17885,23528
16695,7235
6185,15436
25093,2379
19210,23205
18278,22204
24101,2955
25260,20839
18266,3127
19347,23301
14034,6342
16816,23243
2649,22126
508,7186
9065,20817
22154,11502
6572,7251
22043,2367
14366,2953
23369,7116
19555,18229
25297,18285
294,17240
9765,19489
5686,15352
25067,15256
22747,2997
7013,20847
20643,6344
2020,7194
2745,6147
5195,24565
22873,6296
3548,12
4856,257
10342,7186
13961,24585
11552,23460
2807,18277
2351,21105
1779,24561
15418,19583
16771,23229
9103,19545
23467,7216
2382,298
17043,6344
19760,6318
1741,11570
22861,19571
11293,15084
20636,14379
2224,23497
942,136
2244,18255
21061,6230
5749,25409
23262,19507
16714,2953
5927,19533
14732,23295
6563,298
5560,24535
16400,2375
15232,6352
1593,338
2169,6316
11196,308
1919,6289
3069,19495
10420,20843
3285,293
16530,7218
7742,7110
1135,11492
1186,25404
11886,15288
19624,10
5804,6267
3301,23277
15607,4
15342,18243
19044,20775
1187,23237
16770,18239
5261,20827
15158,19555
7298,7142
2251,6289
21080,7235
13650,24557
9210,3352
15624,20761
6986,23217
7934,18479
561,6214
25080,284
392,7196
25095,7546
19255,6214
22194,280
5640,18297
15352,7055
15465,7237
479,20787
19443,20769
7459,20819
24655,24557
5023,7128
2966,3523
306,3127
15490,22205
9267,19495
14808,23221
1641,24555
19041,20787
18220,6218
6176,2367
584,18484
1279,23225
11759,6222
21766,7204
24358,7200
18153,19491
25093,23239
23205,9964
24307,18279
24141,6216
17137,6352
5045,24575
11718,7124
23174,19559
23204,11585
4759,20811
9511,7945
13756,2382
19176,815
638,11502
2022,11494
12179,19794
1789,289
22964,19573
5710,23253
1530,12382
6359,21105
256,23235
11473,20807
7308,18275
72,24575
6604,6196
7795,20765
24095,7128
22853,23207
20600,23287
6319,7241
5613,11585
3368,20801
19040,7241
11977,11486
12371,17191
7346,23213
4734,22199
6916,6194
22049,19585
22456,24561
9856,7071
16718,7079
4922,7170
19791,19497
1974,23283
20901,15438
3611,23269
4657,7069
12175,6326
1726,24535
22111,6198
14139,19577
9422,20839
12796,24567
19058,24571
9924,19793
20438,19503
3020,7206
253,148
917,23219
24152,24585
5449,11570
1490,7114
19091,276
17108,20789
18339,23205
14783,23297
2280,20785
24610,7872
7356,7225
5111,6265
9477,7245
3244,7083
11574,2370
14161,11494
17973,6324
1595,6232
25246,19513
15631,18484
986,291
12359,293
20379,23275
13680,2373
17810,19571
19224,257
12244,18227
24664,20781
9023,7214
21037,314
5800,18245
2835,18277
15161,23213
5011,18231
2380,7204
18458,11504
2068,7940
20839,23237
11251,7261
5564,2501
24583,23231
1632,7872
2701,2375
18271,15353
1988,20805
18168,2949
5566,7075
11358,20823
14219,23267
1605,20765
5495,19525
4740,6344
3579,7945
8963,2379
20750,6155
869,19505
24095,7055
18001,19567
4946,19793
17089,21105
885,23263
24510,18301
23191,6151
13716,2957
23489,18211
7054,2376
14234,23217
19734,24553
9825,17191
24339,7087
24124,300
19371,18269
2182,19573
6031,289
14380,19543
24358,20847
20425,6352
9973,23261
9850,24547
19215,7210
3541,7940
12031,15
2818,3352
4767,2949
5455,19527
9209,12192
6258,136
19646,19539
9451,18211
12438,19527
24166,19581
9182,6204
2905,18485
4795,7263
3308,20813
20707,6178
24681,7233
4934,19545
5659,7116
24598,19579
9408,19577
15063,22126
15609,23275
7260,11498
18290,20841
24664,7077
14172,19543
21648,18227
5682,23293
4854,19565
20373,11506
7942,2375
1847,19581
25108,11494
9647,15084
6414,7120
13823,20801
5868,18297
234,6261
684,23255
15325,6226
7545,23497
10399,7081
20561,6283
3089,298
25169,7216
13695,23255
3242,7114
3498,19788
15563,22
1131,3098
5929,19523
22990,6147
19033,19489
5346,7047
19208,19563
3320,7178
9255,6344
19772,19525
10378,23227
7230,20
21841,7114
229,24539
1027,7263
16999,23527
1922,18255
13903,7261
14699,7118
23256,7118
6559,6354
6210,19489
14762,24541
2791,7126
15180,24567
19372,7233
14712,2380
7292,20785
14649,18263
25485,19573
22896,23309
2518,7126
19527,6348
17956,15353
24435,6238
510,6031
18204,18287
14101,6263
24443,7126
7756,12382
21799,6196
2523,20785
2860,20779
1718,306
2764,19491
4607,18245
12310,14431
4881,12
7311,15256
492,14379
17120,19529
11755,280
1804,24533
1871,20823
9219,23259
4746,20793
1120,20771
18410,7073
12165,20847
17912,274
20867,3601
3228,23217
19488,7162
25100,6202
15203,23279
12321,7241
1507,19509
11892,7168
4833,7110
90,7208
1880,19507
20447,7057
6602,3127
13989,7130
17787,11502
19778,2381
1257,24547
9593,18267
592,19493
21770,24569
12817,6261
16833,22205
23107,18229
24079,18245
2070,20839
1639,20813
18178,18225
11375,6261
15225,18225
5176,18259
2351,21079
24385,23247
6841,178
11840,23255
5701,19499
2906,2376
4759,23299
11446,20759
19547,3127
5286,6283
13975,20
16454,18275
20694,18213
16686,2376
25329,7945
12118,19513
4808,23295
21026,10597
2098,15436
24260,18299
14038,24535
9184,6220
18139,6267
5929,7229
14162,18225
18434,322
20612,19569
2062,20755
10253,24579
5925,24583
11793,17
11502,23287
20701,287
1339,19531
463,298
7350,20833
1876,6283
10312,23
6438,6220
10390,24573
5826,18295
2533,20825
4785,2367
20359,9969
10207,2384
13997,23313
1159,23275
23365,20803
16790,6263
11834,11494
14206,23460
18270,7164
4879,7170
18177,6316
11571,257
20945,6151
9618,23265
7244,3601
24202,20757
21079,6263
21807,23275
15408,182
9185,19497
5193,7263
7356,7196
20500,7233
122,24577
10145,20821
5675,7578
22928,6196
19643,23205
3044,18247
5935,15239
5926,23309
24656,278
4726,19581
12708,7237
9977,6206
21832,20799
11518,310
2150,11585
13768,20845
7122,19529
7018,23239
4803,6316
16795,284
8975,19585
3095,23305
7165,23295
16994,18233
24240,7200
3520,7184
3337,6226
15461,20815
7926,24559
5086,333
23338,20753
1950,23285
11217,2957
521,11506
1348,23285
23148,19545
17001,18299
17973,19727
12704,2379
11649,7872
14272,23251
24676,6204
24478,6222
23056,20827
23250,2382
5558,23297
6,19537
18184,11486
1110,2953
56,6320
9797,6281
16649,15353
3010,7100
17211,19487
18457,18259
17033,23233
18048,7104
11263,11492
25118,15347
25257,3352
6219,19529
20424,6281
5246,18271
6547,15288
20755,23291
21976,11500
1462,6261
18151,19561
2128,15436
14126,19573
9314,6216
2067,23273
62,6267
2339,7065
3565,7578
5144,20801
6322,291
11460,23247
9970,276
21934,15436
5517,20757
14235,7194
22192,6238
24416,23522
23555,3352
20474,19763
19029,3352
19260,7573
14178,7229
6649,6296
17179,7231
4991,20755
21857,20841
19545,7253
1516,11488
23094,18235
9967,12377
21902,18295
5888,6283
19236,308
21075,24557
4581,7206
19631,4
11489,20791
28,6348
4611,19489
12155,2997
11718,23281
20691,7144
4988,7102
14021,18235
727,7128
20936,24581
9422,3127
4620,23
14073,2951
738,20765
10340,12
20832,15347
5064,18265
23220,2373
9769,6151
17982,23295
20650,23277
20540,7263
22056,6031
25394,7202
14837,6232
599,20773
5613,23497
7000,6316
16616,295
16427,7255
11383,6202
13656,18225
21848,17
14283,3352
9977,338
11334,7110
130,23522
23185,2381
6339,19489
19154,18237
20342,7057
7287,18263
16907,24537
138,24573
23237,2501
17146,21
17879,2367
9785,24575
17133,3098
17922,23261
5672,15239
15644,7081
10272,23257
7005,276
7844,18231
22068,23279
21670,15440
6522,7227
20475,7138
3530,7114
3361,18249
25099,7172
10380,308
25144,18285
155,284
1654,18301
6856,19515
19532,24535
6260,7216
3456,23303
23517,6289
23127,6159
1636,13
16768,7102
3509,7118
2418,7116
25360,20823
5664,18211
17081,6342
7015,2376
1982,6194
19527,2931
17962,278
1865,3347
9337,11500
5424,6226
15341,2383
9179,7061
12383,18227
3520,24555
2113,6198
19766,19794
18330,15
24508,7940
6333,6271
23521,19581
153,7170
6209,7180
13735,7083
2767,19489
5345,11580
18254,23291
2134,18289
7809,2957
2702,20
22776,15649
66,23239
17762,23225
9969,7182
16511,24567
2566,2373
1,23231
22819,18231
984,2376
7294,23528
24102,2501
6981,19583
2523,302
11770,23299
12120,18233
3185,293
7300,19549
2124,18271
787,6285
6189,20755
7353,23291
2619,18267
12144,7196
24234,18297
10530,284
17003,23219
5656,314
269,19788
9251,6226
2494,9
3540,23299
9216,284
11231,7202
20577,308
25377,2957
12442,284
16949,12841
19802,2381
12335,15494
9101,18251
19501,7170
11319,6210
66,19794
21656,23223
16624,20821
15298,21
13953,15288
9668,6287
2282,23239
17832,6198
24336,23293
12299,18253
10245,19497
7462,24565
21983,6159
24255,23287
17813,6178
7798,282
4853,22204
494,19569
1242,23289
5557,6283
23136,7208
21731,18223
25265,2381
9107,6326
17753,12382
1305,19559
19171,23219
5898,2382
14722,7192
16873,18249
20379,20823
1823,9964
25103,6202
722,4
17009,18225
23380,23271
5637,19551
1213,7120
25168,7075
574,257
18100,19529
3087,24573
21911,6267
5299,18225
3330,7081
1583,7202
11480,18271
16459,6287
9463,6283
20706,6151
9090,21
12174,18231
22979,7124
20889,6208
12182,7218
962,6346
15056,23522
5171,291
16471,19575
21884,136
19727,19794
10183,7198
204,17
1273,23271
99,7083
11299,19585
6534,7247
15463,6644
12385,23249
19119,2378
24371,19525
6250,6322
4736,20801
1995,6208
16486,24573
7906,24557
22078,7132
213,19531
5536,7216
5075,20831
25250,24557
13795,6259
10475,15239
21918,19499
2847,7206
3553,23522
12162,338
17935,20821
20749,18247
14299,186
11866,11484
22100,18485
14065,20803
16812,7079
21910,23307
13659,7122
10487,23265
21774,22205
5966,24537
25288,19515
18420,7049
13640,7140
13701,7176
11453,11504
12327,7227
14320,18277
1876,6324
24440,21
13702,6224
1981,18263
7063,23269
19542,6314
12786,23263
11109,23235
21788,23223
23325,2501
1929,6354
1435,20805
5254,18241
10172,18484
21628,289
18162,19585
22905,182
4853,7546
19430,23219
2250,7188
9898,7255
21838,18229
7123,20791
10566,2381
2930,11488
78,18217
4944,7104
13776,2374
21830,23311
22949,23243
25328,18247
17926,18263
20396,7196
24228,7573
20631,15
18059,19571
2444,19519
11170,7144
303,23309
17029,20839
11759,2955
11970,7104
1650,11585
17819,18281
7907,20793
17851,7241
2971,6344
19521,7243
21849,18223
2495,19497
23501,18253
5679,6200
22117,23263
499,7079
5438,304
7061,19507
5497,2955
18484,7087
16951,19497
19031,178
16551,7573
11332,19491
11285,20813
9743,3606
25167,289
23473,23245
1309,16
720,10602
3486,7945
776,23528
16998,23527
12631,293
21798,728
15039,316
20476,7081
6523,287
15060,15084
1821,15353
16914,18289
2255,19547
6390,20775
18249,6644
5526,7061
16827,19549
3002,19505
16836,6269
7512,7162
16733,17240
11776,17191
14731,20753
10086,6271
22910,24579
9380,22126
16506,19517
9444,20831
25461,2928
25489,7122
2613,7073
21650,7065
18467,15489
14644,18241
1290,2370
737,2382
25473,20831
152,6159
25092,19505
14225,19529
20327,19569
849,7255
14276,18281
4778,2376
6255,18239
9576,18219
13815,23219
23233,11498
18268,333
19619,2367
16730,19519
3540,20787
21037,7071
10313,3098
5407,6220
16909,19539
23241,7063
15064,14379
60,23253
15208,178
24121,7168
19414,6238
24572,11492
2112,7251
6361,6329
1172,9964
14230,7247
2109,23285
3239,7229
854,7067
1803,7110
16868,2373
6649,7233
513,6285
690,19505
6606,23311
23171,18221
2121,19515
12788,7140
11239,6275
12834,310
17019,24557
540,7227
9313,15256
17799,7263
12086,6155
5878,25404
12137,24573
1694,21047
849,20793
22973,20765
20856,7546
7559,2371
13738,6210
16858,6208
14066,18
140,7069
23337,15649
18349,7063
10407,19573
5493,20769
4580,19557
5262,25404
24217,2376
5692,338
11531,23460
25334,19519
743,19521
20718,20809
18332,23309
20287,2997
3351,18269
5491,7239
7480,20807
16943,7218
5399,23235
7776,7108
13970,6194
15269,2501
5406,24543
9181,24539
24416,6194
2401,23307
14192,19521
5949,24535
1182,308
16607,24553
1705,20775
16571,6212
7753,6644
10332,333
7256,14431
11115,15256
14836,7164
22509,19515
10581,23221
16735,7182
17837,23295
16551,6224
11115,12192
25115,20773
24241,19531
22018,6216
19098,23247
21050,18291
15613,20773
16992,333
20765,6346
19140,7245
7796,6329
20751,7170
5389,20765
14060,7166
19292,24569
7873,7065
1916,23
20508,318
5686,6644
206,6178
2578,6275
24498,280
4702,6230
986,2953
9730,3352
5035,18217
22130,15347
2113,7067
12340,6277
17162,24535
25226,7186
15107,19533
9630,19559
20683,6230
5237,17235
14229,2383
9206,18291
9250,23247
17157,19563
6971,19511
806,19529
19321,21
17870,20825
2521,7210
9133,24702
10110,7940
19018,24573
21788,21105
1296,24541
20373,23205
20360,12197
14190,19793
1949,3606
21942,23205
17230,7122
1533,19579
297,24577
17790,23251
25368,15353
5941,7940
6970,23301
16595,2374
17811,24535
20388,24571
624,20797
25064,18273
226,19551
19065,20833
2545,6316
1348,19527
15114,23267
21655,23265
20686,23522
21782,18235
17940,7160
4771,6210
3018,11506
10132,7206
18238,20821
9360,18279
15409,20813
19623,20777
14665,4
18052,7108
16699,11580
14643,7178
14757,23243
14425,23287
7532,7227
24239,6216
9442,20829
13841,2372
17086,18484
6917,19763
11089,7124
22946,318
19746,7063
6537,15440
20422,7241
7529,7047
19734,23287
15605,15084
6267,19513
16712,6147
17875,18267
2772,322
2866,7051
2940,7259
819,19499
9263,12377
10169,21047
13822,20843
14110,20813
7562,18287
6431,24573
11857,330
5101,182
11100,23528
16514,6273
18179,11502
18240,19549
10251,322
4885,23297
1572,282
2842,7243
10507,7940
19626,284
1772,19543
693,7120
4949,19507
20930,19587
1099,6644
16400,2377
1962,18235
6899,20759
16495,17191
13902,10602
19161,11585
6615,293
1810,24545
1837,14431
19420,308
21033,18253
4616,18229
14032,11580
2008,20805
2342,20787
24464,24565
562,11500
5686,23237
15621,6291
11582,20759
13915,7218
9714,18245
980,19519
14740,20809
14066,7945
14764,7212
3007,12377
1286,7237
7266,20809
20431,7079
5136,18297
11415,24553
14680,19529
16447,284
14412,18295
6036,23239
212,23229
19015,18283
24402,20811
19086,6296
20410,278
16556,18267
19765,23207
9424,24585
9514,20803
19648,12449
16491,10603
5785,2378
19287,16
2727,23271
2181,6155
19203,6269
2811,11506
9245,6287
14389,23253
6208,7233
9934,6287
1145,23221
18114,6198
17993,24583
7308,18239
9062,7164
9205,7239
14289,278
19152,7057
4607,7128
19207,18283
1239,314
639,15440
7011,24581
19141,257
11518,11486
20738,2378
7278,23299
15077,9969
19278,6285
6021,257
13889,3601
385,6263
22754,21
749,22
6285,19493
16578,23275
19276,22204
1050,18229
21907,19575
11760,23237
16687,20845
7057,7071
17828,6196
22894,7210
4746,19565
2802,330
13935,7116
17929,20753
5196,176
14380,18261
20561,2383
2570,18211
14669,21105
3557,6230
983,7243
7798,7126
19354,257
19705,11498
22082,19541
6312,20805
2108,20835
13614,18485
5431,2955
3549,6296
16972,18241
14300,2928
16680,21079
1205,7047
1053,7202
7818,18289
23159,23275
16869,7208
5983,7190
5515,23243
17884,3606
2017,23235
5363,19557
15214,4
4578,11508
21066,6267
6953,7081
11492,24541
24055,20835
1210,23235
16586,7218
12705,8
6603,6206
1904,20759
14786,20775
20960,23217
23217,19579
6287,18261
12047,24571
20841,2955
12723,7114
11909,284
507,20783
5955,7134
20804,23293
2944,3352
16835,23227
4985,12377
15320,7130
5022,287
285,17235
6643,7077
18131,18281
11441,20795
22107,15489
11279,182
19275,15434
2420,6206
10213,18251
16980,23460
9464,6216
5270,15434
1443,23301
4935,7075
12151,6296
5793,6314
3072,23227
498,18271
22767,7178
220,6283
5,308
421,23279
14005,7075
19335,23261
1028,18293
9337,23239
3383,23253
17914,7172
15288,19565
5972,12449
24416,24543
13613,19511
24577,6352
6362,22121
1898,7263
10270,19559
9198,2367
9674,20753
3087,287
22825,19551
12021,21
2739,15438
5235,11498
6387,7210
10046,304
7477,23497
11784,18219
16725,24697
16776,7241
5705,2381
1437,2928
23075,14
9255,7216
7457,6277
811,23527
9082,23211
5691,7079
14037,15347
9976,23265
15318,23287
2699,2383
12736,19543
21851,15494
17906,6198
7760,2377
3299,18273
25316,2373
16446,20773
25166,23261
2317,21
893,24535
20645,20
2934,18277
6555,24579
982,6263
14039,24557
22078,10597
20367,24573
1516,7573
5649,20803
17977,24581
22071,7100
22030,13
6404,18289
818,21
24141,23277
22887,24559
19198,6329
21796,3523
11123,18281
15493,15436
5695,18243
21067,19567
19803,3127
14662,2379
9198,6277
1332,18227
6526,20757
5336,6285
21774,7075
5257,23528
7207,24585
7115,6277
23502,6222
11463,23237
115,20829
5912,20771
18110,19525
19443,22
6931,11504
18470,7257
6198,2367
13956,6285
21675,23237
22749,6320
7541,20795
6155,7208
5190,19577
19269,815
9875,19587
23263,7190
16722,19563
743,18255
10268,18243
7530,15353
7278,18299
1139,18239
11065,23251
21053,7227
22110,7172
23286,7198
1262,6202
24462,6230
24056,7124
11310,7227
22807,284
23518,318
2233,7079
18227,23287
9457,18211
9169,20779
5379,18225
3068,2378
1313,2383
5624,2382
25138,12382
9199,11488
17123,280
12160,15436
1803,11508
16911,12690
401,24565
20773,25409
15079,15
5948,333
3551,2997
22764,19
16683,6322
9223,3347
13789,11494
25189,25404
5831,6346
14271,6153
11503,3347
24575,2379
12311,18271
860,282
23200,23273
1113,21100
24327,7104
1190,19571
12003,20
1148,19539
4620,7164
9630,338
7255,295
22009,2378
24661,6220
12188,24565
2372,18293
15054,6263
2133,7233
407,295
19278,19581
22116,15436
11100,24581
11376,7170
989,23225
16895,291
14772,3523
15265,15440
24685,6277
7352,11492
12426,306
21654,322
11323,21079
16445,24535
5582,23215
363,3523
2687,22121
13926,25404
9069,276
12131,18225
353,11482
24405,23209
9932,7218
10002,6198
6328,15
2883,6287
51,15489
15059,15353
24682,7067
24610,320
14427,24697
11501,7235
23161,23259
2749,7225
6253,22205
16639,19575
20124,24579
5537,25409
15352,23309
20641,6289
18203,23259
17825,7067
9741,19583
231,22
10305,23307
18463,18301
9585,300
5724,6265
7478,6329
11843,6147
11103,7087
7819,7263
332,7108
19340,7055
15242,20831
748,20785
4907,7204
6376,282
703,19563
7172,7180
39,23460
2377,20777
13920,7142
696,23253
9159,3127
1392,20765
24162,6198
22878,19569
14768,7104
4901,12
1480,6285
7561,11484
2211,11490
15148,18267
4859,19491
5319,18223
1598,23309
6570,7233
9173,322
9952,11492
14030,18219
11092,18265
21830,300
7901,24579
23111,23265
1666,19529
19144,19
4851,23213
6247,19489
19494,23271
24072,20761
15469,19545
164,23528
3244,11508
6358,2373
20674,23237
2521,15288
10464,23243
7821,18253
11573,20783
17004,4
5202,20803
16483,19531
14026,15489
21027,15239
11783,14431
17066,19489
2491,7182
5143,318
6609,176
5689,24577
19926,15436
22102,20787
206,11580
6343,20777
14382,20833
2477,7104
2089,7073
14684,11585
6996,7204
9703,18299
10471,15432
20801,322
6539,12197
1833,11488
2463,19487
14364,20809
18075,7053
14347,20771
3602,6196
11857,6216
20562,20799
24677,6348
22849,23261
9461,257
5143,6147
13948,18289
19330,19485
7095,7872
6593,308
21899,18269
21759,18265
9367,6155
17199,18227
9246,7118
24187,23225
11563,11508
15609,11494
2314,257
1217,23257
17185,24555
17842,302
7782,18484
9350,6273
21063,3606
158,21047
9657,7218
1565,7138
24202,23239
11272,15489
16905,10597
9958,276
15570,23301
21083,333
7921,18293
9040,7162
25349,6178
870,7216
17013,7259
5310,11500
17850,20811
23097,6149
20761,23209
11321,20775
9008,23303
20778,15436
16842,2381
9992,20825
13648,20787
14401,6204
4921,6348
2911,7136
2216,21079
11129,7170
6541,23301
5465,20789
19769,2949
5582,18479
14333,23291
25210,308
2454,18291
10497,19519
335,2383
17754,18287
22734,2377
1317,3601
2849,18265
5230,23265
19578,19515
6977,7218
21627,7164
14840,18293
13738,19491
9558,2381
13932,7071
6159,19489
1879,6273
5877,7216
9820,20773
23353,320
22772,20815
6431,287
24409,7257
23457,24543
24086,23460
18240,23261
2364,20755
10271,19539
20548,12377
3094,20799
5506,23243
11293,20789
23349,280
11283,2373
5028,19489
23463,23289
6192,6326
5047,6265
2135,19
2384,293
2499,17191
16699,23225
3256,18
10084,7134
5433,19793
24084,19491
9914,6216
14146,24537
19599,19561
9234,15432
18282,6318
14324,23243
7022,20787
24321,24585
9469,7057
24486,18277
393,6316
4727,7071
2940,7051
14358,18484
6372,7073
2372,19507
7272,7196
21951,6322
1962,6273
20948,12192
20775,15432
17183,2380
22736,18281
19567,333
11055,11486
5086,20777
13957,15432
22978,17191
11903,9
5705,19505
9208,18301
6294,25404
11191,18277
21756,12192
2485,300
5034,21079
6023,20789
16623,18223
2606,19507
3289,19503
2693,2379
22805,22204
2748,338
6916,20781
23483,7186
1672,7046
5172,6318
9595,7166
15618,23225
14176,7071
2234,308
13639,300
11270,3098
22007,18271
19721,6291
4926,19491
18293,18223
7071,7128
12025,18283
9613,19495
1748,24563
13828,19513
19513,284
25106,3127
19400,23215
6940,7253
23021,9964
11857,17
6610,136
971,23255
14169,7065
19064,23267
5788,11484
1743,15352
10522,24549
1640,23293
12191,18277
21687,7225
11536,18237
6362,20791
1770,24557
12137,2953
11929,2372
17119,2372
1960,15
24207,24549
7027,24537
13916,19525
23170,18
11371,7210
19214,19543
22551,23299
2440,7087
7318,15347
3383,2931
2532,7206
24684,6279
734,17241
22954,11508
10404,10602
5143,7945
10106,24541
17996,20803
13965,2949
6060,6230
462,11498
18309,23221
6146,11482
20844,18301
4982,19577
13719,19521
12032,23293
5939,20825
3584,6275
20753,6259
1084,23255
7173,7164
776,20783
19271,18277
12780,6200
9343,20801
15083,25404
24593,24565
2672,7231
20338,11580
10376,12841
15350,308
12340,19495
21834,18301
19284,6265
1434,20783
15054,6275
5153,18217
17783,14426
2017,23289
13702,23295
7011,7065
3350,18235
6548,20821
2841,11486
10352,18245
19119,20819
20367,7081
12370,7160
10210,320
12101,20839
11132,7108
3460,24577
5584,7216
2628,6265
24305,333
22997,24697
14328,2949
2908,289
972,12377
11813,23245
12127,20813
12691,182
19489,6350
21092,23303
19031,7249
17920,6271
5101,18225
24576,19545
9497,7126
15213,11484
10459,14837
11424,2949
1748,24535
7168,7231
11231,18237
7024,18479
2904,3347
9161,2375
25399,23303
19583,23247
2521,18247
211,12690
24570,7174
14692,18211
3518,9964
7086,20811
2372,24577
20398,24559
25058,19569
5578,9964
23148,3127
14695,6230
14817,24697
2391,12382
5436,7136
5247,19523
761,19493
11111,23313
3357,19529
1791,6267
5400,20801
17160,23271
15299,6271
9269,6157
19241,18211
23534,19537
9206,2371
14101,19535
5255,6155
10606,3098
14764,20783
15362,2380
20713,7945
15039,15494
1934,19763
21731,19531
1567,19543
15437,6350
736,18295
5045,3347
24241,18301
1972,20847
1847,20759
2761,12841
2665,2377
9931,284
9323,23213
9250,7053
11529,7108
14024,23279
23139,7261
549,18233
17797,2372
22819,7067
19611,23
16961,18213
754,6216
880,19571
22848,6178
23184,6210
449,20839
4938,6149
5596,276
5954,7212
17795,6291
4798,7134
24441,17191
25207,24553
22042,23267
423,18299
11961,6198
9976,19555
24700,20817
23317,19531
25297,6279
7768,2501
4873,6218
7543,23285
4749,19505
9407,7104
22753,12377
9084,20831
11447,7132
24255,18247
2204,6324
1131,291
1077,2957
11782,7202
2901,23227
9192,11500
9411,3601
24124,18289
1598,7160
5280,274
18169,2955
9722,7243
22739,6151
20464,15440
2194,7259
12308,23223
2789,7112
18622,20759
23256,15347
16650,7872
78,7069
19479,9964
12741,23
5784,7085
14052,19501
21934,308
4743,23293
11375,6326
2873,20787
20500,18245
6583,7180
10558,23283
24166,18297
1440,7218
1156,6316
9782,20755
14813,23527
5706,6198
24690,23273
3272,7059
20551,19531
15110,2374
10233,11506
16526,19541
7353,13
9199,18297
24125,23281
2092,3523
103,18299
2183,19529
3563,22204
20482,2949
259,20769
2576,7130
19373,24551
5497,6210
699,6314
2470,25404
14250,12197
7787,18229
2559,19557
2008,23287
7211,6324
2114,7120
18279,15438
13684,19794
20919,7122
24579,15288
11176,23527
3130,3606
2803,20847
3294,13
17831,19537
5006,7122
14311,6208
3526,22204
2049,22199
21766,7945
4659,6320
15162,19569
834,18229
7817,7085
9131,20
19729,20805
14837,18225
14323,21079
1653,300
11797,19485
4681,7578
22040,19487
11993,278
7000,19519
1726,23301
738,20827
19745,7940
20840,7237
20606,295
20491,23223
21042,7144
19010,136
1936,12197
3308,15084
2778,17
22836,19727
3100,18243
16964,19495
19763,23229
13629,7231
9911,23255
6577,7114
24361,6194
25237,18243
258,24551
4727,7069
19205,20837
20637,2377
25314,7134
3368,22199
24231,19555
9329,23283
15219,11508
5462,20839
5769,18213
24427,7214
14368,18215
5898,15288
18490,19579
3528,23221
12352,6275
19079,24541
13686,7073
13969,11498
10199,6287
9264,19565
9025,6194
7158,20841
10448,7138
56,20815
247,23522
11870,6228
5516,6275
15363,6261
20918,11484
9277,15434
679,18299
12792,18257
15300,18287
169,11490
20414,7184
9294,7085
21993,7208
1993,7198
14342,20767
13796,17241
25144,23309
6949,19501
24197,7120
9495,6271
1658,19489
10398,18283
2425,19577
19478,18251
3309,11482
18122,19529
24065,7063
5559,7231
6337,24543
23196,18479
2907,6155
3276,6208
9307,7085
23480,182
9245,20757
2274,15
19244,18261
10140,20805
869,2380
14349,19539
7224,23307
22025,7118
268,7170
17868,18
23508,18289
5022,19487
20819,19545
2931,23313
18112,11585
4868,3523
20697,18229
14798,18213
7746,19533
16865,23219
9039,11508
13925,24535
11125,18235
10269,18484
1400,19788
16526,7257
1255,7122
6018,20771
9372,24549
22772,19551
5954,19575
10159,20799
18223,7190
20500,20
15065,23279
17180,15
22768,6265
21102,304
24058,23283
13719,19529
1841,7049
949,7233
17751,23207
9674,7235
16983,20811
6409,7216
18170,22126
1646,24557
9694,276
2931,6283
9243,18239
7480,7128
546,20819
20441,18269
9677,23528
12105,10603
24379,20841
8966,2379
12193,7085
9577,23263
25138,20835
696,7190
25230,3132
58,19537
1425,20799
25180,20837
14670,18245
4793,20789
25246,18267
19055,23257
3056,274
2383,18243
16969,23301
15418,24697
15320,7218
12725,24541
2738,23295
4934,17235
852,13
4963,18293
561,18229
7210,20803
9520,23293
379,6346
1792,15239
12788,9969
419,7208
11202,14431
17228,18213
7006,7100
2291,15436
24689,20773
25298,15256
13809,6350
2563,6279
9667,20781
11809,3606
23482,7128
19423,7241
16431,7051
22070,15649
22174,7124
3500,19545
15580,22121
3247,7166
9556,19531
5564,10602
2105,7160
9094,15649
14017,7132
12155,6157
19006,7241
12629,6352
13811,19569
21797,302
16693,7239
5633,19503
12836,20789
11370,6259
683,23231
1627,6283
23182,11484
15026,23279
18346,23207
7736,19763
10473,18281
11789,20799
19548,287
7213,19587
700,6196
7495,7047
2720,257
4905,7216
1721,6212
10260,20821
12759,2931
2940,7872
4776,7069
20894,20
9292,18277
6213,7190
12657,20753
25457,23205
17045,7166
15040,18484
12332,7263
7013,6348
3548,17235
5352,280
14651,7200
6426,6329
18219,20827
24313,18295
14701,7065
24610,19539
2916,257
22038,23313
7734,7132
1185,11506
6981,10
15568,2384
3249,20791
15356,23253
14156,19571
581,20763
19067,20797
25469,6159
4953,14837
23280,16
20639,19583
19442,6232
11464,2931
6964,20773
19041,23225
24184,18255
14293,24547
8984,7239
3135,7945
669,6210
5626,7049
14346,11508
3359,6261
13779,7063
6036,6206
9002,18223
19965,7134
1576,24575
22176,7573
9584,18225
1526,3127
13738,19793
117,23309
3262,24565
9773,20803
5748,19487
5644,316
7121,23253
25195,295
15147,7116
20473,6202
742,7138
24490,6222
19488,308
19493,19491
2700,20803
5771,19577
5449,19788
19538,23313
10294,7112
23460,19551
17042,21100
1128,6226
13978,19587
5759,7243
4765,2501
4954,23309
9342,322
25185,2383
24571,298
21869,24551
668,7118
3348,18229
22946,16
23336,24537
15454,19493
975,6354
15321,20781
18419,6232
22891,6226
17118,7192
16968,6283
20553,3127
14767,19499
19237,2367
548,7940
16521,15239
6214,19523
6882,2371
18101,6265
11769,21047
15082,6289
1920,18297
1404,19513
22015,20803
23247,7162
9384,2997
4914,18295
7867,19551
23205,23273
6197,11502
20711,23221
13967,19495
22182,20763
23299,11498
17083,15432
22987,12449
20549,7204
4672,7067
25153,11500
6939,7120
3590,18271
14026,7200
9354,7218
5453,6216
11256,20805
21854,19573
17812,278
12103,19489
1489,330
4844,22205
13942,7231
5594,18255
1263,18273
2001,9969
15297,7069
7169,7172
23300,7233
7874,7108
7041,18245
25083,19763
20881,24539
20855,18283
411,21105
7498,18249
9289,20841
25251,15
6344,24567
12756,7255
5065,6346
103,6210
14205,6232
7822,6155
24133,7872
22891,25404
11873,7178
17170,20817
16658,24561
14432,15432
2202,2371
17086,23241
19643,24539
12334,3347
24282,3132
730,19553
5247,6296
25126,7218
1679,7229
9309,7162
3238,19499
4596,18219
19309,15353
16540,6263
6232,312
11817,7216
5958,7245
25250,21047
138,6291
18280,18241
3,314
5944,23303
696,7255
22734,19525
4726,19573
706,298
11489,289
759,333
24094,20783
1420,17241
3595,20781
18164,6214
17812,18217
3334,23243
12294,308
17247,23281
22022,7047
21820,11498
17156,6198
7287,19569
5456,322
20530,23219
10357,23263
58,7202
601,7202
22204,7124
2711,7202
9028,14379
5298,6329
8965,18251
115,23251
22022,19533
19100,7140
25286,19525
19189,318
17047,20797
17986,7134
11056,7261
22020,24553
7908,18287
16619,300
4970,6354
21691,15438
16819,20765
15029,20791
2319,815
14279,6342
7839,7168
2416,21100
1177,15436
10281,6230
167,2371
22721,15288
25317,24563
2649,7108
23449,6228
7804,20753
11291,20769
1242,7261
22850,19489
19356,19567
11140,20839
9579,23209
19426,7083
1540,23279
13672,3523
5428,12690
25100,23219
2346,19559
2753,6287
3136,15438
16951,7075
22965,18237
9407,6291
20580,18289
16624,19575
6516,18301
25070,19561
16662,7046
16794,276
7823,19515
534,7170
22733,18261
16856,15288
10394,302
2447,3606
2420,6322
946,12841
14280,20825
19127,7194
18066,19575
10544,23497
6364,23271
6221,23217
9092,6296
8992,6352
3561,23229
15255,11494
1098,19559
15640,19788
6597,7176
11084,6279
6292,19539
10540,18219
22097,19493
7723,3523
18469,11498
20744,19565
1944,19569
7337,19577
15057,15353
20612,23229
18069,7237
1821,18255
15327,18247
25041,6326
16691,7166
15026,20797
2234,7247
24512,12197
1833,23219
19750,6206
18450,7102
1119,11484
17014,24579
9024,314
16954,2931
1864,18299
1931,4
5957,20833
5144,7142
10495,23215
138,23527
20448,7059
18460,6273
5138,19499
13869,11508
19358,15
9800,20845
1069,23273
15343,18251
6435,19497
23224,6285
7034,20803
24242,18275
15175,19525
10146,7251
5489,23237
23098,7114
24311,7160
2729,15432
124,7114
1343,11482
4971,23227
12043,23229
531,21100
16687,24563
10502,19579
25094,182
17202,20769
16715,276
25338,7180
2629,6267
1134,7176
19370,19513
16954,7132
4893,21079
21078,22
1877,7051
2983,7085
16500,23275
1410,20753
20935,6324
14257,14
390,6198
5377,6202
20967,20845
14691,24539
11073,6267
23042,15432
7057,12192
13753,6277
11058,24567
21721,24697
6249,19537
20542,10602
2411,7186
6532,24557
24484,21105
21634,15434
15320,2384
13932,20823
18338,14431
14039,20789
2210,7251
2733,20765
12015,306
25460,6271
15156,3098
13938,15432
9010,9
11959,6322
18176,7216
115,23283
24705,314
5391,23219
14272,19575
14111,23299
24261,24583
6196,6157
14037,2384
12719,6214
2126,20843
20908,23227
37,2372
21753,7120
24656,7218
19255,7136
9936,6275
2595,7212
1203,7188
24190,18484
24581,23211
12308,23263
775,18243
19609,19577
1553,15489
14714,23247
19545,24585
12069,15440
23204,19579
11456,12382
5074,19505
7044,20799
10440,2372
10070,23265
13991,23528
16849,178
5274,2380
14654,7046
4988,280
19419,289
6521,6316
16505,7245
20898,23247
1038,6224
14351,19523
16767,7196
19487,20753
15327,24533
14824,7057
9559,3523
11836,24561
20963,18241
17242,2376
11295,20791
20370,11580
2670,293
141,20771
18409,23269
6630,295
9125,7227
3074,23259
1854,24545
18134,21047
20772,6208
14708,19557
6620,19537
14105,23209
21648,6329
25495,19793
5855,7245
24345,333
6378,7229
9710,17
25238,23283
2080,20773
1208,23237
3253,19523
57,24535
12382,18297
13898,18484
7839,3127
21972,7227
17852,7102
10092,6291
25076,24533
22841,19517
7291,7202
19613,10602
7261,19495
6225,20793
2322,18
24243,23235
16480,7255
89,23241
10488,19507
3494,12382
3050,7055
18306,19763
2208,20
20546,7059
3456,23273
19338,20771
14821,23229
2163,6344
10170,6157
15249,18221
19215,7160
9552,6346
9953,20785
12330,7249
20688,11502
735,7578
16667,24547
25497,18257
11411,23221
2161,23249
19215,287
7928,7144
7801,3098
19393,7178
21640,20775
2307,23249
6894,20815
421,6149
20758,3352
1864,24541
11440,2951
2201,20755
9160,6287
1901,2383
15320,6178
11586,22199
19086,19513
12345,6206
9235,7166
1168,7174
730,9969
9031,20809
23323,6202
24525,7247
7204,20817
6854,19579
3583,2379
25304,10
9385,6224
20769,7208
13964,15347
9543,15436
5678,18277
2895,20825
7752,18215
20613,274
23150,23225
11137,18259
24197,7940
4714,7178
17127,6228
19099,23215
5799,6265
1978,2955
9943,20831
529,21047
12312,6344
2150,7243
6526,6212
20659,6320
617,19563
23346,11494
17112,330
22194,19569
851,2374
9555,23235
10357,7112
7753,7261
21088,6285
527,20771
17182,6267
3020,24583
21990,7172
15304,20829
6323,23249
16467,310
16831,19539
5960,18225
16902,7124
23279,19793
1086,289
5879,24569
9974,310
23513,7118
24331,6265
11398,338
9837,19557
20767,23313
512,7212
19384,6354
14253,278
3042,7130
17210,316
24255,274
16901,14
9208,19521
1685,9964
23127,18223
14634,7087
25459,12377
5316,11484
19004,14431
21923,18215
674,7867
5700,19529
23277,23211
16810,20803
21860,176
1932,19487
25348,330
17833,6222
24559,7245
14120,23217
14312,280
17930,19583
24427,8
24192,6273
2589,6296
10561,23241
21881,19515
16954,20817
21739,7073
9798,3347
16560,23257
9282,2953
24171,7202
21791,18281
11287,20759
2484,280
2908,19555
11168,15288
6940,7144
12170,320
145,18253
5034,18301
6156,6322
3306,23273
2723,2955
11105,7140
21050,178
7851,18289
4603,2957
12075,7188
23187,19515
14024,23299
4847,276
12354,7166
11516,18275
7945,22204
4609,6320
2031,15649
7580,6329
1624,7198
21801,282
997,20755
24476,7208
9379,24702
11482,6202
16820,20775
20690,20769
20658,18
4649,2373
1886,7202
13672,7243
387,7085
14759,19507
17759,7108
25397,316
2118,18237
23191,6267
14160,2375
717,10597
15584,6263
1052,23289
9091,19549
9194,20793
4826,23225
22795,23259
10002,7214
9009,10603
23192,7216
7180,7166
5626,20829
3534,15432
1156,20781
17004,18261
23027,18301
15427,11570
17835,7200
1992,22204
12172,18243
19390,7229
11831,6267
17773,25409
599,19567
5184,7225
21695,6342
15042,23259
2645,7198
17226,19557
15037,19525
22958,18229
20475,178
24612,7180
17967,10
20934,6224
16637,6220
5675,18231
21084,7239
7944,20803
12289,19583
5083,23297
830,19571
1950,6277
18012,18233
6171,7247
9955,23243
736,4
24449,15239
4720,15436
11868,293
24425,18275
20314,18241
20934,18211
9444,18281
14052,316
17123,314
14291,7142
23144,14379
16954,7263
11329,322
14603,2931
1910,295
5288,338
15361,20841
21763,15489
11154,6149
24525,6348
9812,6324
5635,23257
5091,23522
14358,24547
20511,6147
14398,18285
7075,24571
10492,20753
5171,8
20515,19491
15112,23311
2291,23239
22820,6316
4669,19509
13915,310
931,16
20720,18229
17087,25404
17884,18275
7775,7257
23206,20793
7760,2373
15136,7049
20505,20791
15578,23243
8997,6178
4958,7087
2035,19793
11429,11498
10367,24541
16860,6283
18024,6324
5254,19
1604,15347
1196,20819
5713,2957
6976,19
11859,24543
14060,18233
23186,14426
110,18277
22967,15438
9652,15489
20803,2501
10462,6354
10411,18291
11936,19509
2180,6287
6225,7138
19059,20783
23270,20761
9593,20767
9307,23227
9495,6232
18480,6224
803,6228
10349,6275
520,19557
9408,23261
13814,23251
25481,15347
15566,7065
2172,6269
14827,18245
16909,2377
16910,7263
2285,7136
61,322
830,18301
13690,7200
7085,20763
9829,18279
2641,19793
14434,7867
1912,11486
1701,18267
2652,6151
2990,318
4897,6198
16983,20765
2669,23223
9513,19563
15603,20771
20717,7231
7315,7253
5024,20753
9275,9
25364,15288
20519,182
4897,20797
3324,20815
11110,20821
5777,6212
2525,6200
1648,18291
17034,6200
1147,7184
25202,7069
24099,7198
9876,18277
13629,7180
16428,19567
3260,20809
5472,18255
600,19511
1650,11486
11442,6320
6303,7065
6342,20779
12692,6344
12181,306
13761,23235
17141,19519
9445,282
5304,20811
22954,7174
2065,19509
15099,11498
24208,19537
3010,19581
4685,23227
6003,19727
22013,23522
23262,23307
15342,6200
17107,20761
15074,23293
24526,7231
15208,20795
23270,17235
10249,24559
19436,7049
12685,23311
22195,7065
9211,19563
20942,7180
9947,20809
23378,19539
5865,15239
23512,6271
3444,23207
22886,11580
363,18293
20880,314
2971,18213
22005,6352
6577,6265
12773,23205
5438,3132
16772,21
2382,17240
16874,6220
1180,19487
19283,2367
24344,7112
15357,6267
9970,19535
9648,6210
9535,7083
14018,12377
24211,7247
23333,6261
298,23309
24409,815
2286,21100
10178,2371
14770,2951
20490,19559
18443,20759
5463,6220
9938,19495
19454,300
15346,318
347,6226
19459,18241
24405,316
20828,23311
16788,11500
1888,23235
919,20769
13617,19533
2105,14431
11909,7104
1507,15494
17109,7134
11396,12192
6176,11498
25160,6273
550,13
10521,11490
7499,7170
11517,7261
2933,2374
22170,330
1680,20813
20812,18247
7470,310
5501,18281
5376,18265
13774,6346
5907,7069
7305,18245
9960,18289
5984,23291
5635,20837
3360,20827
7860,318
1865,24539
18419,284
20711,22121
6875,19531
18153,19525
14294,20777
820,6220
2936,18301
2580,7110
33,23273
3032,6314
20471,19519
18672,7046
14640,6159
19385,23229
20803,19569
11229,6324
2967,19567
5699,7124
1385,6277
6973,24549
7780,7190
1678,18243
2494,20759
1730,7140
848,18289
480,20767
482,7160
5310,19587
24066,6216
7194,18255
7361,20789
10233,24551
9271,20787
12317,176
2292,7126
871,18277
2414,23263
19241,19579
2642,815
770,18295
18036,18233
2142,23309
4991,15
5433,18237
11141,23291
6851,2957
3088,6354
10489,15494
19362,23295
1994,18271
9271,2383
6966,7104
18252,23289
22115,22204
601,20777
5135,148
23282,3127
7180,148
13825,6157
19444,7071
1488,280
24096,7075
3023,310
9714,19539
3231,300
11730,728
24495,7940
14104,7104
11106,6346
13774,11488
10478,7229
12036,6196
7896,7945
266,20769
8991,289
987,23528
14825,10602
20534,21047
11834,7049
12438,20767
2350,18221
2279,178
10562,18293
13749,23527
11340,7261
7061,18225
17988,23285
13951,7130
12659,23309
24324,6324
3506,7102
24400,23299
15040,6271
13892,24573
19593,7212
21816,295
21625,19499
14746,19788
9665,7263
7187,6354
18104,20829
11891,15436
11430,20835
10056,6296
268,11496
25358,19489
21820,18217
9122,23269
12178,18259
19620,12449
20339,7229
4984,7079
12157,11506
3256,6326
10450,7188
6931,23309
6409,11504
6024,23279
5365,3098
3437,330
5673,21
17032,15436
11283,2370
10063,6198
23142,23307
2289,6644
7537,20787
21781,7102
3303,15256
323,20765
19044,182
741,7079
23280,7160
19022,19541
1921,24553
14045,18
19010,15239
22785,20773
19162,293
3272,6238
12010,19793
22823,24577
14189,7124
19559,23223
1731,19543
14663,6155
15128,20833
6429,15256
24736,2955
17885,2383
1877,6344
9305,7263
10423,19509
11381,20755
11736,2370
19602,6320
1590,6261
5906,18273
19594,23205
1918,2383
15418,23243
5349,15
414,182
1127,20827
2767,19501
7772,19485
13893,19581
6887,6178
25136,6259
15065,19727
4673,11504
15429,19499
14029,23247
24127,7227
20578,6348
17045,6352
14295,6232
6865,23205
5085,19527
16767,16
883,6228
10193,3098
5245,298
7326,23251
19125,6316
9446,20803
9349,23275
24215,12382
636,19575
16954,23215
2888,13
7252,24555
7830,6263
15177,10597
23214,18255
9165,23279
5288,20761
1956,23291
10317,3601
1565,6281
2016,19497
5896,2383
20696,6283
14285,18301
983,6261
9408,136
2352,19763
9270,20813
13777,6220
19707,15494
22177,23235
4827,18281
2935,6210
5811,21105
2747,18297
9446,24535
7107,12192
21848,23279
331,19489
20604,176
670,18227
12721,19563
4576,18273
6587,7233
2366,20757
19725,6147
2938,19553
846,18283
20875,7053
11776,18271
847,15440
10021,25404
7503,23299
23101,20783
6650,18265
19000,280
7125,18235
1514,7075
24497,7162
15029,18
16449,18223
11311,6281
6312,18263
9966,10603
16960,7172
9226,2384
11392,18221
4656,19531
18075,6216
3351,20755
24303,7174
18187,18255
10321,312
2693,2373
9204,22204
15182,18279
9141,11484
497,23527
12341,24539
13998,148
20585,7069
24416,20833
22210,7255
6633,7225
25333,7049
24318,6287
19286,18239
5896,18235
5051,2953
2504,23261
25069,7075
15190,6214
5856,19487
3262,24579
6387,15347
25308,19525
24146,23215
25240,23303
22824,6153
22980,23301
13914,7261
16692,15436
10390,18485
6945,20799
24452,257
14099,20
16570,18249
6610,7134
6961,2384
11467,23205
5127,6350
24236,18213
13831,9964
1471,24577
5496,24543
10498,7081
12354,19575
15048,23255
19267,20841
5265,7196
933,289
11314,15438
2647,7144
25163,2381
19120,7225
21046,7059
7321,7112
5037,19563
15350,18484
19470,23497
3576,2382
5407,24563
1930,24549
10528,7239
25201,6277
15182,7047
1289,20769
1408,18263
20820,2370
22115,20845
2865,19577
9010,6289
25187,6216
6539,24547
10317,19553
18479,289
22068,7142
19518,7049
11819,24581
18028,12382
25279,20
9672,23269
9785,7202
19614,19575
11512,7075
5820,333
23305,20767
6987,7102
625,20825
5384,186
23523,6344
5028,7180
22184,9964
5756,291
843,6287
18480,12382
17941,7120
16649,19515
13938,15434
19506,7071
4933,19587
5359,23460
9988,7112
20667,19575
65,20763
10178,7102
4721,15256
5754,15084
3018,24697
12810,6204
3522,7073
7777,7128
21886,6031
9401,18251
18124,18231
1894,11506
1567,7168
20741,7243
13669,20845
23070,23528
17990,2380
105,23271
25492,7057
22835,2951
18094,19523
2621,23209
25047,23219
19611,23217
7819,12377
3444,6326
1027,24547
3306,24535
13825,19583
5569,24563
14135,18285
25234,20819
1648,7255
15240,15
7779,6147
20908,12377
15584,6316
10466,7186
24507,7247
20875,7081
5477,3523
1189,4
11221,6031
1679,6178
550,20785
9209,7229
5770,7176
13880,19557
20740,18301
21650,20817
19333,20777
646,6212
24595,19579
24513,7216
9089,18213
7157,3127
15199,20823
21751,20825
1941,11498
9952,6344
22870,7257
15134,11498
3559,7214
375,7051
6942,25404
9498,7124
14339,7140
16554,23235
21966,24553
10531,6226
22863,23287
13829,2371
25256,728
11070,9969
11948,19563
3604,18
21756,23231
2616,7200
109,304
976,18281
19217,19523
11364,3098
11825,17
20734,7945
18238,24535
845,293
4672,20767
24508,15489
9983,23235
2026,23265
22866,19553
25491,7172
9861,20757
20903,7180
24445,7261
11530,11496
11877,7184
9398,23460
17076,23267
2256,6149
5998,12
14655,20
14724,19565
25256,6208
3121,11508
7549,23235
23152,11585
12639,2931
15588,24569
5623,23279
13662,12449
2806,7170
7129,24571
14162,2380
20956,728
2017,2384
7926,289
24180,23522
21779,182
5262,15489
825,20797
1679,7259
1835,23241
6373,312
7494,18239
11792,19575
5310,148
11296,17191
15232,6346
7345,24547
14177,18271
6017,7132
24183,7122
16837,23283
6213,17
23309,7188
9115,6210
3241,18221
22763,20843
5542,15649
824,24579
23180,186
4668,6261
19510,3127
9677,18229
12736,7208
1601,20787
16992,20755
23000,20805
424,23221
5372,19788
15045,19587
25358,11488
18121,2501
9111,7106
1932,7138
11161,7867
3512,6212
1741,2376
4768,3127
14631,16
10089,24561
12728,23241
18147,7136
19478,18219
6966,7130
2100,7122
19566,18237
9627,7170
14698,7059
5485,300
24464,815
24266,20793
10592,6316
680,7237
20313,18235
1900,7132
19743,2957
25221,23305
7501,20791
16968,20797
14045,20755
20343,7106
13811,18245
9710,312
7156,18239
2504,276
11978,19561
18472,2381
11368,7116
17825,22205
7312,7172
20724,21
1504,18283
19568,23301
19211,19763
4787,23223
9313,7118
6877,23273
20801,6208
13682,7132
19192,11570
16507,24547
1609,6149
2460,7196
17120,21047
9967,20803
13938,2997
25200,274
1411,19581
6185,182
11377,18249
11129,23527
15158,7112
9500,19485
13812,19581
2436,20
22154,23255
9260,7100
9823,6277
12737,7180
22009,3352
24343,2384
9583,22121
20756,19543
22774,25404
14131,19583
16950,2371
9264,15440
19448,18295
10151,22121
4927,7180
24223,20821
7529,6289
9320,7176
6407,23255
9391,7243
14111,7134
15155,23205
22053,24555
7742,728
7930,23307
7186,23227
11799,7190
943,24702
19426,23460
4634,6198
2694,3606
17175,24573
9375,21079
9241,23275
2129,19577
2441,6354
15351,24567
1700,23528
7166,18213
10269,23265
14159,2957
16748,6238
5259,6269
13628,7174
21761,6196
16822,2376
25479,23289
20318,7214
19246,19501
21710,19763
10177,14
6945,9
9746,302
6360,22205
11501,24553
23255,24559
7053,18484
13810,18211
5527,23293
2766,11486
17106,20775
12354,24545
17845,18283
5926,6326
19295,23297
22924,19549
2291,7122
1582,19485
7896,7247
2816,23233
4669,21
11554,6314
10467,23225
16628,23295
1641,14837
1782,18293
5452,15649
2581,6204
7360,2383
16789,7085
23249,6196
9322,7126
13675,20785
16638,20783
25291,7212
624,6320
9030,23287
2700,6277
12826,6224
13944,2377
10202,6354
22789,287
17998,18289
2172,6275
16663,24553
5992,24561
19926,2382
21944,20805
6279,3352
15129,320
18248,20773
50,7122
1139,7261
6620,23223
9838,17240
16679,19563
17929,24537
137,3132
23255,24539
22747,19577
170,6204
1791,11504
2136,178
3540,14837
18296,18217
13898,17240
10243,20819
18449,2957
24426,19573
1832,7259
15273,7073
1499,23522
3326,7055
22790,7210
25177,19533
5827,20759
1247,19541
9377,20843
2562,10603
20493,7118
16861,6204
16544,7214
21622,2376
1163,6151
894,19
5876,4
17844,20835
1249,24585
14302,24539
11373,7079
9417,176
24655,20779
1524,11504
25257,19567
16723,20835
5491,7081
10161,19535
676,19569
11569,19573
19477,20817
21035,7184
7499,6196
7914,7108
4688,18247
15033,7212
17126,6224
20549,6149
7770,18285
376,19515
5891,2955
2866,7081
9560,20753
5241,7122
20817,3606
20512,18245
2354,18273
11174,7204
70,19497
9884,6228
15083,19551
5608,18479
9616,23295
11137,20755
5718,23291
4699,7069
24216,18237
18427,24702
9045,7122
4595,23269
20670,23295
19429,19557
1375,6216
5886,19549
13798,18279
20919,19485
3071,19555
25218,11486
11102,12197
281,7229
5530,6232
22831,6269
790,20847
3512,11508
22908,19521
1845,7208
23175,20773
7131,3127
9223,298
7527,20839
1547,18235
15566,18259
9289,24579
1695,6263
12382,6265
1756,6212
14662,18293
9051,18249
10534,7176
4679,6346
5180,6210
14295,20841
25363,7204
18242,2951
18357,21047
9739,19519
6435,15436
18333,11496
15122,176
16875,2370
260,22205
9880,2367
20778,2931
19220,6157
11,7218
16880,22199
24048,330
22072,6324
2166,25404
9600,23
14695,11504
13908,20793
13879,18239
2073,23301
24697,7172
3113,7210
15596,19577
7267,11488
25065,19549
4855,11484
4771,20821
22110,7053
5397,23313
1438,19489
13973,7085
9056,21047
12749,7192
6031,23215
708,24537
22106,7233
3277,19535
5779,7186
9828,23231
19486,23229
9306,6287
18312,20777
16918,23255
5649,20783
23377,2372
15327,182
19164,24549
2358,19521
19795,20791
5244,7057
11451,6212
19286,6316
16856,2953
25347,20801
14328,3098
15283,7061
9536,6318
19562,25404
5940,21105
16611,24569
3608,11482
956,20807
17796,6222
16702,20809
20406,23247
14229,23207
7001,9969
10340,20839
22104,2957
20612,18267
17911,24563
24337,23211
16644,20755
24218,24567
20912,19565
22883,23265
6582,287
21631,18267
7218,19539
1888,23263
2873,18249
19884,18
19779,11585
22959,7253
18334,7046
9374,23215
15618,23307
15318,7178
20630,20771
6897,15436
5608,6314
17914,23303
14307,19555
6322,7218
11456,23261
13920,2378
15311,15432
18489,18479
904,23237
20826,24537
1653,15256
5199,176
23236,7144
9500,320
1962,20781
2475,24537
10576,7212
12429,24553
2167,20817
5114,316
5107,20793
9590,320
15039,19513
2434,7083
3118,2384
17959,15084
1502,14379
7024,7172
5074,23289
4624,19579
7091,12377
24319,24537
9437,7120
6841,7208
2001,2383
314,24543
6420,11504
17984,2370
3001,18233
14283,18255
14641,11506
15145,318
5850,20769
25305,24581
14818,20813
1273,6346
15065,815
10320,11585
2129,6228
187,23295
24585,23223
17904,19543
20329,7053
1578,23528
25395,6149
13607,19537
16503,23245
21895,6159
5857,18
20825,6212
7857,11500
23090,20835
2060,18285
21939,20831
16622,300
24558,6318
872,20799
6410,6196
43,6194
20437,7867
23175,6206
3330,148
19234,7212
7253,9969
1463,7106
2398,23528
720,7122
16453,14837
10388,20775
7502,18231
6876,6324
5822,20821
20821,19579
21036,291
15190,10603
7537,19549
5996,7194
2861,19533
5409,7231
16796,15239
10543,23265
1958,6322
5431,18485
5936,322
10531,186
163,23273
23348,18247
5022,19531
5471,7065
9321,7100
185,2374
9358,19581
1523,3523
2071,21047
1260,19535
21050,23221
17754,6159
7215,23213
7205,18213
290,274
23288,6216
1651,20829
15297,7194
19333,7170
18409,24559
52,20823
21732,23293
2337,11580
10125,2501
21985,23241
4667,18269
4927,19788
23234,20805
6890,22199
24302,7077
4780,7229
16776,7130
979,3352
22823,7142
598,23287
8993,7945
5439,23307
20543,20811
19515,11502
19645,24535
17807,11570
20889,18269
17192,18261
3363,728
237,19794
5333,18299
6358,24583
18425,19537
4623,7063
6236,7100
5202,10597
20536,10597
25249,2374
839,7132
1452,15436
2079,24551
25165,7231
6922,19571
17795,23307
17125,6214
23355,6202
7461,20767
24268,310
25318,18241
20479,23213
22730,15347
15149,18249
7317,19491
17101,23460
13721,312
11200,19501
20637,21079
9513,7110
124,18227
3065,23275
15121,18213
6257,18279
19306,6151
14213,24533
19792,6220
19351,24549
19603,19579
5997,11486
18194,7081
12630,24571
10533,19794
5974,19587
9315,7546
14179,7061
1165,7239
19236,20781
2358,24702
17748,20775
361,6265
14201,10603
13927,308
16925,6214
5833,178
16615,19489
7061,23
1108,7225
5186,6271
25131,291
22023,11494
11237,20753
24513,22126
1259,6232
7742,6291
16950,2953
20412,18233
14277,7255
2714,4
18450,12841
9101,815
21616,6350
21683,7176
24147,20801
20319,7255
3329,7208
11215,19793
24359,24565
20454,23229
18417,6238
15296,7231
21049,23279
18228,6326
6268,18215
11181,20837
5333,20821
3097,182
13648,7120
647,23221
18193,6316
10573,7182
17118,6329
15135,18275
17912,6151
11445,24559
12325,19491
7288,2501
23333,19519
12080,20797
12121,18237
20629,6208
1224,24583
14779,18261
16485,24547
11806,6342
6341,11498
16641,19575
24054,7208
11480,19573
6846,18251
1680,19575
7351,23245
15071,23305
2316,7261
20499,11496
1049,23233
4986,19565
20646,6210
5308,23213
24195,18279
9657,23289
25171,11492
6907,20819
17864,20831
15069,312
978,6198
3505,18269
9456,9964
20903,18241
24584,6230
11730,2382
23364,7188
9579,338
963,23227
15111,18219
9614,7047
7475,19585
782,6275
18079,19517
1586,23261
22160,15649
2348,20841
11843,20797
70,20757
14192,24547
15320,20833
24116,6346
15265,15352
15233,21100
25195,10597
2321,11494
20706,19495
2874,19793
14002,23215
14410,18289
4790,19537
13916,22
11301,20823
14299,19535
5163,14379
5573,24537
23202,18484
5541,23217
16507,24583
24306,18479
24195,6348
20663,15438
21920,2378
5685,19527
24671,19557
25041,15434
9187,6322
2376,19577
1172,7214
16496,20843
5232,24585
6024,312
10489,19553
994,6261
1963,24571
49,7247
9760,6291
6296,24547
1166,18277
5561,18271
16460,23528
71,7083
25071,18243
24365,19555
5959,7180
23198,6031
19362,19487
18150,7249
389,18279
14640,23289
166,14431
14332,6267
2781,19495
23041,19521
23307,18289
2857,6212
12316,7233
18217,25404
22811,18235
5160,23257
6007,11504
2509,7241
9596,21047
11944,7208
2605,18283
530,7190
7085,20847
17962,10
17039,23261
7316,7118
5665,21047
24120,23528
7488,24559
6580,19569
15278,20839
12285,6151
273,20775
5305,19487
12349,23295
9783,23297
2865,6326
19798,20805
17041,6232
19469,23227
996,7164
9086,19573
1522,7188
16891,21047
24546,308
169,6277
5086,19579
22932,14426
22764,7172
2853,19519
1998,7110
21962,7247
20754,24535
21862,23219
10205,18243
18316,2376
9841,6178
16648,7104
13939,20805
16700,18259
7100,20795
10229,24563
1824,19547
335,18229
25231,23251
11357,19489
25210,7138
4641,7140
9068,7263
1569,11488
23044,18249
4710,23460
18268,23267
16845,18279
4874,23221
23091,15239
2719,7142
12425,24535
25405,23213
23527,2367
1617,23239
2073,7168
1308,11506
22922,10597
4638,2371
23116,6261
974,11484
6968,7100
23063,23297
38,20845
21721,6352
23496,310
9868,23207
2872,23255
19629,19507
18074,6644
9592,15084
9923,7134
14273,19487
19792,18263
11163,20811
24465,318
14114,7046
1934,18297
4679,18233
315,308
21094,19487
7330,24575
24173,23241
17244,15256
20701,18287
19767,20773
18357,20831
23120,19509
24196,7073
9860,20795
22734,178
6969,23307
1225,6271
4983,18239
20608,19557
5426,20767
14056,6289
162,6329
10449,23229
25165,23243
22208,18273
1709,20819
5342,3352
9939,7057
7093,18229
25092,7249
7809,20771
15258,23283
20730,14426
5654,6198
4993,19549
4759,24541
11109,6218
6206,7067
15298,7227
10534,7085
308,18289
6378,6267
21099,18267
17035,23243
18286,24697
20317,2373
15222,6287
22940,7124
1739,23287
2862,2373
3058,7241
1457,302
9335,278
25476,18211
14631,19493
19301,314
6913,17241
23244,13
17817,18273
5011,6232
12165,18299
12445,6222
18171,20773
6907,23237
17210,6202
129,7112
19471,20847
23,23253
124,7122
19292,7206
14121,7190
19770,19535
22159,20829
22857,23265
9221,6281
7574,20799
17999,2367
13860,17191
6346,7190
948,18233
4936,20829
13815,20775
6576,23307
22758,20767
19196,15288
1824,2382
22773,7132
5810,7055
12160,19529
16486,14
6512,7067
16664,23522
533,7249
23139,7168
10279,7055
1450,6147
19212,6296
13615,17235
9948,19525
18099,19
5303,23281
5868,11585
15214,2375
24511,24543
1736,23271
11838,7206
22041,22204
906,17
956,15440
5981,7120
18196,23273
17957,19525
1480,2382
22750,7263
3273,178
17174,18287
6394,23225
14111,19487
22066,7174
9069,7253
10251,7128
12739,23251
4821,7261
9778,20789
24232,22204
3537,7573
6855,20805
11381,7075
6165,6283
6060,18295
2483,7118
695,18265
11588,24583
12088,23283
12378,7075
9035,18233
21617,21105
24436,7239
24450,7940
3527,19517
11461,7245
2385,18219
19605,7110
19043,19577
10491,19559
81,7196
5766,276
1272,6326
12752,7573
9895,20785
5388,17191
10608,11504
4638,7061
20618,2372
185,7104
24075,3523
2161,7229
4735,23527
5137,19539
2229,6277
19065,2501
3116,18257
10525,19557
5889,18289
17200,7257
10159,7138
23345,20765
16926,23211
652,7071
25236,18235
5684,12690
17854,19547
7280,280
21654,291
18480,7100
17804,20795
17926,7255
3323,23305
12422,18219
5391,2931
10325,22121
23160,19519
6897,3127
25175,291
22872,7047
5145,24537
24568,815
13805,7255
9528,2367
1681,7243
16440,15649
1800,6346
15313,18223
20595,7085
9054,24539
21831,7162
14248,280
25240,19527
20504,7253
22740,6314
456,20827
393,23209
17982,11492
9504,23287
15300,9
5971,6238
19132,18227
6227,2374
336,19501
24198,12197
8974,7206
5634,3352
23027,20809
12771,19511
19606,7067
20523,7168
6335,21047
5830,23229
16576,23225
11264,20759
12830,14431
24439,23249
2401,20793
11205,2372
6432,11494
14817,22
4729,15352
7916,7138
14332,23215
16742,19529
14189,7245
20652,6214
17918,23221
6591,19507
21781,7546
12823,18277
20393,320
784,7162
2393,7164
16748,18237
19460,19561
11276,19493
4806,23283
17991,20769
13729,18245
24110,23460
10177,6222
23049,2375
23223,19539
3382,7085
5046,2377
24515,289
19447,12382
11097,23245
6558,20811
15588,18259
1964,19541
20475,6285
12438,23261
23371,2928
1507,6350
16504,7047
11812,20773
21927,19565
10337,3132
15185,19571
1738,23299
8961,18479
2286,18223
5768,7940
6380,24551
14807,2501
14340,23522
16625,7136
9703,2949
9857,18247
13949,23259
4955,3352
7348,7122
5210,19583
16926,136
13682,23223
174,19509
12759,19545
16497,23215
5306,7578
483,182
23002,7104
5176,6228
10221,22126
2077,23269
15589,6224
9391,7247
11445,24581
20863,6320
1170,7046
17163,6153
9607,20837
5791,23309
13959,276
7736,19487
350,7047
130,7162
2603,14426
8973,6157
16574,18219
9272,7116
5670,7046
21979,18269
9815,24541
17749,7225
4688,23265
13726,20841
17777,19571
2313,14379
7130,7142
20964,7164
16526,19495
23309,2371
16510,7194
2835,23283
1430,23251
21803,14426
9771,23311
19464,6316
5831,14
22048,19
11370,7063
11396,6226
697,24585
16751,322
11171,7108
7923,23239
14299,15440
5866,19517
10328,18285
2515,18253
11208,23287
4675,19495
22093,20769
14682,7138
17168,18255
208,15438
4803,15434
11296,20803
1324,19794
12729,23211
9114,18283
1403,7233
2348,7196
23439,18297
5052,24581
18344,24577
15114,20821
20540,20799
3362,7053
6588,18
20882,6273
10606,22199
1483,20781
5288,7216
3292,19563
738,11486
2547,19497
6262,23237
7466,7210
13956,24579
10147,15352
15087,23305
2782,24581
9760,18253
9867,9969
15073,19793
16973,20783
10266,178
24413,6178
17171,14837
24582,7126
2885,20831
6299,24575
18472,19529
13656,7134
6277,24535
7844,19577
25280,11492
11628,7200
1298,14431
6021,19485
17102,7116
2985,18261
24335,2367
24106,6269
25379,6287
2965,322
4877,18233
14316,17240
13684,7182
21979,2957
19120,18243
9487,18225
11346,7065
10215,20763
85,19533
13669,20785
11341,19555
25277,7198
12379,18301
2220,23301
7350,2381
181,20821
11306,19501
656,6352
7039,7214
797,24577
16612,322
260,287
16684,7255
22833,18269
20824,2953
2178,24535
5474,20823
12321,18277
332,7235
10223,23241
9764,22205
5313,24543
7508,23283
10084,7046
5181,23273
20848,19511
9884,23311
6255,12192
2652,7114
955,7053
14288,20807
1222,19547
22989,15438
9923,6204
7313,23309
1596,19794
12307,7218
1131,18279
7317,12690
327,7166
24601,7081
21723,7945
14415,19794
7038,6275
24365,23265
5046,23305
17914,2370
3001,7079
9313,18221
4940,20831
11379,20817
23166,7241
14369,23237
4707,23522
17167,19793
19412,19561
5570,7208
23348,11484
16477,19585
19564,20759
24059,178
18064,20833
7228,17241
5722,23279
1753,23460
7760,12449
10096,19485
20546,6350
17117,19501
210,338
4738,23305
415,6283
11269,17235
1786,7190
5759,310
1981,19499
17165,7182
5859,23259
10583,20765
4813,6151
21032,7231
11208,20779
20400,24549
2917,19521
2814,23217
17836,24559
25208,20847
7856,21105
12777,22204
19440,20795
7772,24557
22122,7184
11114,15239
23182,23227
13977,6222
5610,24565
9035,23285
4896,7255
13868,23257
25315,11585
24330,7116
2166,6031
17848,9964
10393,7108
13642,18261
17172,19577
18258,19505
15327,19503
12387,6329
11069,7255
11446,19501
20505,7114
14682,6320
13910,20807
1638,7112
23101,7059
12177,6149
11534,11484
24226,19557
837,7202
11570,18231
21949,7174
5058,19523
11281,728
10255,7261
3059,14431
12105,7945
22823,7261
1459,7192
7104,18255
18228,7124
13628,15256
17167,6269
2407,7241
19772,23205
24468,23259
9402,7245
13839,6316
14043,20769
16880,7182
11893,15649
444,18485
6212,23528
7561,7164
9316,6196
5090,2370
19037,6322
20845,20831
12814,20781
2552,18
20750,20791
11093,19519
7070,23235
6618,15352
7468,7186
1205,7130
22765,322
9160,19555
24536,6291
17998,6269
1724,3132
2059,276
1960,3352
11769,20793
18220,6316
16959,3352
7764,7087
2966,7172
6937,2375
7052,19567
10382,23460
24320,7110
3580,7172
8955,18484
23073,7212
1685,23227
3012,18267
9399,12382
1120,21047
15313,24559
4644,4
5028,6238
22180,23279
18230,24571
18017,23293
20966,7071
21738,6644
7167,7051
19079,19577
19516,3132
13613,12377
23064,6275
19040,6222
11328,7071
1685,21105
19138,18269
22054,6296
14212,7172
24156,19545
19758,24575
21823,7112
16817,3601
21993,21105
862,728
22046,289
7732,7186
10240,310
14342,6200
10271,330
1161,18241
22966,18241
20754,6267
12817,12
1213,11482
23450,20805
20365,6212
2529,23221
21952,2384
13919,12382
9136,2373
22959,6346
10256,7176
16607,18241
2805,19497
16443,21079
18134,6159
2316,18225
9403,6218
1653,24535
7010,6230
21785,19527
12386,18243
3122,7087
22215,25404
21786,18211
17094,20801
1733,11498
14243,24573
22796,7212
20906,20839
3509,20791
4868,7087
6192,15239
7042,20759
2654,18285
17839,12197
9473,20775
178,6151
19545,7225
18152,24551
2449,20755
9772,7578
18232,20801
18283,7077
14640,11570
5606,20775
565,23497
11473,300
7315,11502
1166,148
13927,6281
6428,7073
20532,3606
14222,7083
18249,16
19545,20785
19734,14837
483,7108
18021,7176
23521,7102
3284,19511
4936,15
22806,11498
9407,19505
22086,23241
17057,19537
24291,7124
12425,287
12804,6346
13738,6318
6197,20775
5956,23253
18251,7118
11164,21105
12724,2367
935,282
11333,25409
11344,24547
16589,23205
20383,19559
20424,4
22215,7945
14816,2371
11456,17
18306,20807
2481,23301
638,20791
12811,23207
5359,2367
21864,6222
1071,18253
23283,7075
4680,6216
7210,2370
19598,15432
20941,18231
3602,6269
5491,7180
24484,19553
14405,11484
704,20775
2506,7225
21642,20787
6236,18215
14738,178
14289,23237
4918,2367
19185,20839
25341,18211
23029,23241
24132,23528
15606,18229
7298,12192
1515,22126
15031,7206
4856,7118
11297,7235
9305,23225
15653,18255
3290,20807
14243,18231
4718,19571
905,7546
11323,22
16551,23249
7863,2928
11272,20823
22731,6218
9393,23223
12634,24557
6231,15256
24301,7239
23166,7079
25246,18259
1068,8
18,6204
20455,23
11476,19547
6428,25409
11767,316
14096,6271
22736,20835
11120,16
7191,24541
12672,23255
25078,7130
21985,18287
6596,18275
17108,7231
3257,11490
25138,11580
9214,19788
5815,7178
18169,6283
7781,282
25217,22204
6279,7174
10306,7253
24238,19559
11994,330
22105,18251
11440,3523
17889,15
14752,7069
1354,7061
4902,20825
15226,7172
6843,19495
4876,23295
2988,20811
24478,7138
1174,20779
19342,2378
3362,20781
12342,19
941,7170
7319,17241
160,7138
16997,2931
7833,15256
17138,11496
20330,23233
6187,18223
15083,18217
9039,24545
262,6196
10355,2379
9701,6200
16780,6196
8957,15352
21936,15352
21784,7120
19544,298
5084,23293
25194,6147
543,11580
25355,15288
11954,2384
4619,7142
14737,15239
9091,22204
20402,6149
2050,23215
12750,20817
4997,19543
25328,18217
25281,7259
25334,15084
14679,23303
17918,20775
12724,178
23051,282
5103,24533
11931,6261
5729,7198
10025,7114
20857,20757
4615,18225
6999,7229
13869,15440
5090,24555
6889,20775
19737,182
25053,6208
5470,6226
25490,6178
21643,19559
24705,2370
6418,24579
3507,282
15028,18277
9545,6269
16880,12377
9455,24545
10187,15489
11299,20807
2957,23221
6367,20841
20777,17235
679,2951
19735,12841
13783,333
18145,18249
9608,20845
7839,7055
20810,22126
4745,136
4889,316
2314,19517
4672,11500
12706,3127
23360,24569
17925,12690
20669,20753
1944,19567
1779,7251
13970,7079
25153,23225
19551,289
12196,11486
2966,2931
21802,7059
19307,2931
10487,7229
20318,19515
600,6222
22107,18279
1972,7140
9207,19533
1978,7077
13691,23241
9380,6212
4884,7208
5482,15494
4776,24549
21788,7216
15269,23213
16750,24583
19414,6318
23111,17241
2358,20785
5547,18273
83,6316
9641,7168
6555,7263
21989,12197
3282,7188
21066,18291
13736,7174
23245,6157
24055,23293
10304,7227
16707,282
9759,18215
23521,815
7267,7057
20474,310
126,7067
25187,20765
7349,19525
20955,19531
11821,23293
5232,7118
22838,7168
113,23295
3129,18484
4721,20841
21636,7108
12333,2377
20887,19565
13630,2381
1944,24571
23246,2928
4657,11570
13695,14426
15026,7261
17054,7202
558,11492
18425,7126
7176,18259
18218,20769
23463,21047
4869,7144
9320,23527
6548,11496
6146,24551
22043,300
1709,6031
3546,7102
21044,14
2919,19487
25185,6155
16564,23209
21654,24545
17249,23235
16505,24571
3091,6204
6155,17191
3532,11508
1365,18249
2479,2957
7042,23305
15159,6226
21903,18484
4998,7212
22509,7239
4625,2374
11515,322
13742,19587
15564,7867
6644,20781
2355,24547
16868,11500
15199,7081
24549,12197
14074,300
24071,20781
23328,19487
9093,2955
7758,6644
18150,9969
2995,3132
22883,23241
14268,20811
19261,2949
20799,19794
21944,20827
18022,7210
1411,7249
23343,7122
18285,20773
12820,11482
19395,19513
24101,310
2237,23241
193,6194
6027,6198
11628,24543
9336,19507
2127,24551
2880,24543
6358,3523
15094,9
6317,24563
24048,6342
7323,23497
7200,6228
16854,2955
2952,23273
6266,19569
3328,7235
4663,6212
7331,7106
13702,19505
19202,2374
21845,7059
18353,23253
3044,6291
2359,24553
1930,7126
5569,24702
11234,289
11454,11490
2717,7053
2766,20759
16567,23299
5346,22126
24500,2501
9029,6277
16524,23528
12044,3601
4739,7245
16656,19513
9886,9964
19436,19511
5388,20773
1511,18233
9183,18281
18074,6196
3033,6316
21933,23273
19381,19491
24218,19794
17764,18295
476,7192
18122,23259
20844,11580
789,6329
9723,18484
13932,257
10002,11498
6000,318
16660,274
5866,22
9027,11500
12764,2997
9741,20805
11261,20757
21104,6326
7747,10603
9333,2378
947,24545
19043,19533
1648,302
14757,6269
9813,23281
19098,7247
11194,23279
1610,11490
2605,24575
14647,24573
23343,19505
25189,20
22105,7204
24736,23247
9355,7162
13842,14379
11980,6208
16438,8
9833,24575
15287,2376
22866,18259
10,24551
1194,20791
3059,14431
3266,6346
5868,2953
22088,280
12131,18225
10467,6289
4641,20831
19364,6031
6266,6230
2530,4
186,333
3374,15347
11093,23283
9296,7051
12007,19537
24131,20779
25384,6151
360,20821
21948,18233
11849,18215
23044,7102
7056,815
17912,19517
19275,7172
337,19567
10204,23239
5461,7114
11939,6153
12444,6350
5150,7249
2652,6208
1032,18299
23,20805
1684,3352
2122,6277
18050,7053
1856,7257
3042,23497
10264,23243
16513,20821
7481,18243
20601,298
5224,9969
575,19575
13657,18259
20445,18253
19115,15347
25189,6344
18205,23215
14252,20789
22603,2367
1688,7132
2228,274
9503,7192
10483,2928
1673,18
7896,17
6350,6178
12378,20797
13852,7126
2462,23257
11842,20833
24104,22
5605,20757
20383,19794
12778,7061
20695,6291
14386,23460
22187,23301
9634,18231
23319,7243
9540,12690
21684,18237
18029,18239
24278,24561
23037,2380
3275,280
9904,24579
16504,2384
7750,6316
15038,6194
15299,6263
22833,24573
497,7168
1748,6314
22013,23257
7477,8
6385,7172
18451,7247
18165,6352
16455,19575
318,20793
1310,19489
5992,19793
2538,7249
2615,23211
2925,21100
11924,19788
10237,15432
25367,24577
15146,6283
822,13
19774,20825
4893,2949
5743,7122
22870,18297
1250,22204
24127,9
13995,18259
19367,15436
857,7118
14144,20791
5967,6220
23192,23251
14345,18267
11276,18247
23329,7261
17790,7164
24624,6157
9422,6178
22058,6316
18095,20827
9383,20841
24666,7079
13813,6232
18023,15239
4827,18267
13987,7079
4968,20821
9102,24539
14315,257
16633,24579
176,6198
14073,22
5554,24557
25483,23307
22786,7120
14422,17191
24622,7546
11435,19489
5541,18231
14240,7112
15103,7120
24315,176
1861,23265
15622,18217
22886,25409
3340,7120
15574,287
1014,23247
5245,19583
4644,21047
9166,20841
15269,18271
2925,20769
1007,18277
24545,182
773,24569
23504,22204
14160,7104
19050,20781
9615,20831
20407,6178
24435,7140
20663,24563
767,7174
15447,6354
24295,7233
1059,6285
3338,6281
9611,20797
20399,7263
960,19553
19314,20761
11874,24541
15653,11482
59,19531
225,23285
22987,19537
5915,7578
2500,24551
4608,20779
17875,24545
16877,19
23532,15432
7175,19567
24278,7122
9950,23527
22168,23295
12388,20797
14235,23277
7017,14379
6570,7210
12285,23241
9672,23251
5264,19794
17837,7160
21071,20827
10585,19493
20845,11496
9077,318
24606,19585
14000,15352
6893,18287
18158,7083
498,18275
14222,15353
9115,7120
14390,7120
13698,14
21762,24565
3537,24702
16807,19523
24325,2378
5530,6159
10474,7102
4981,11570
2324,11498
9011,7578
13663,19543
21654,7225
17863,23243
13881,23313
9874,19509
120,23219
17962,6275
11074,15649
5442,7196
25270,19497
20740,23231
14205,7178
9605,7046
10564,2383
24080,6269
15292,7194
21977,6346
20324,18243
5913,7940
24435,17191
14749,7194
14204,6151
1675,2374
22042,7263
5061,7106
16576,6212
5006,18285
1072,23257
16696,19583
11057,24559
18026,7225
20539,302
5028,20791
4991,7182
3330,23241
11563,7255
5304,23207
17160,6259
1965,7182
15448,23291
169,7049
19380,320
22826,20783
6248,20769
15623,18293
927,23215
1576,7110
525,2373
15070,6279
10387,20829
5875,23271
335,19543
14672,322
20472,6159
5293,18261
22035,19585
19218,320
1525,20827
17966,7182
583,19569
54,18247
2388,257
18331,10
2591,6220
9130,6226
19469,19513
7297,18484
25221,20837
15249,7077
5224,23309
5535,7186
14014,291
5702,6261
762,6178
5403,20771
9309,24563
24413,19501
9434,6214
23297,274
12738,23311
5600,18247
9523,7122
24412,312
9020,6269
6573,7160
5071,19567
2962,6226
7237,24549
4997,2953
145,19563
18448,6222
5198,6159
10463,23261
19530,18227
1918,23247
1301,7214
19154,15438
20812,23207
462,24561
10358,19511
6907,24559
1142,20769
382,728
15615,11494
11795,23215
1014,19539
20320,19523
3316,23207
25189,20785
15058,6329
10474,18237
5490,320
7170,17240
20402,19497
5219,7249
6604,18265
14396,6216
5159,23303
1800,7077
15156,19497
5678,7176
7183,19539
22086,6354
5041,19763
7050,6322
5475,12690
10608,23247
19402,6326
23483,20823
3346,9969
18309,20829
3044,7208
9307,7162
20921,15256
2332,15084
19227,6232
1050,20755
304,19545
25478,20803
22193,298
2970,19507
19116,6320
7125,6238
15324,23259
19375,18281
2994,7245
2826,3523
15137,2501
3556,11490
2523,15649
22185,20761
1888,23303
22990,6214
17001,10602
5594,10597
2391,19575
1328,20845
15080,20819
21758,20829
2508,25404
1507,20795
19638,11482
23294,23299
116,11502
17912,7180
19194,2376
21926,18239
18007,23213
19622,18227
23526,293
20778,19523
19048,12841
9249,23291
25458,4
7495,7122
12738,15494
1552,7104
10239,20813
9921,7216
20911,7140
14768,16
6383,9964
22834,18269
24406,24579
15596,20839
585,11488
232,308
16865,23311
19797,11482
18192,7118
592,19523
603,23307
19296,24573
19241,6348
6300,6194
6957,3606
19198,2381
9053,7182
5870,23263
11383,22126
19548,19557
822,22205
16927,24579
16497,21079
5050,23273
12769,7233
5035,7237
5249,20839
7010,18247
11351,19507
23048,7546
11058,6224
14824,23253
10206,298
10423,15438
11429,6265
11431,6200
17203,6285
24364,7218
16846,6291
5037,20835
22921,7126
19407,7231
24576,18281
7335,6318
22009,23271
1871,23231
289,7104
5882,7180
19179,2372
22780,310
666,20761
1025,19561
9090,19505
22079,23213
1720,7164
5112,815
17088,20803
5437,6259
6979,19565
1458,20773
21844,19587
2973,6318
2275,304
15421,19539
292,18237
5788,18241
14219,18229
19582,6261
7552,6157
20721,6342
24612,11490
9641,19489
13607,278
296,17191
16548,6230
1148,20829
7173,23223
13939,18275
1788,15436
18331,19555
23480,18293
14695,23229
13964,7164
2378,20767
4927,6269
16467,14
947,20821
18920,7206
12357,22199
2147,312
14030,7172
16695,300
22850,6198
12151,7247
23091,10597
18191,24543
14684,23241
18138,6344
19183,136
15043,304
12380,18281
19158,19585
754,24571
11435,23497
22988,815
17780,19529
12088,14
2408,6204
20844,6178
3437,7249
23146,20771
20484,287
13845,23251
9391,23237
6896,19537
21960,18243
647,178
5103,18285
1425,7188
17006,24557
19114,20841
16515,23239
12181,6329
2185,18241
20338,6344
2764,18245
24420,7073
720,20815
11228,18291
21663,11502
14689,7134
233,7257
23068,322
3027,15438
21719,18279
2892,24697
24503,6291
15419,20833
13810,18223
19160,11494
9073,6226
19144,182
2114,2928
6425,11570
19154,6212
451,7172
230,18255
5901,15649
1135,23269
24603,20815
16747,7160
5970,7170
11270,23283
17948,24543
6427,6196
7784,23263
22864,7194
16902,23279
24319,19537
11831,14837
10585,7182
2983,19519
10629,12377
5120,21
9178,7198
1988,20839
12815,6350
9322,6320
4860,7237
19262,22205
13991,23239
7583,20797
6595,23289
2471,19531
25304,23209
17875,7100
14004,20765
2712,314
20706,11482
2999,20801
7158,23309
14278,302
9695,20781
4703,6151
6618,15438
4833,15084
22925,19497
6863,24697
15164,9
2971,18245
19624,19533
12378,7229
6876,7237
16502,19581
9447,2378
14110,6220
22920,20761
5694,7192
857,18287
7733,136
7483,728
24385,15084
6632,20807
9834,6198
12153,7190
7202,19517
20414,7116
14125,2949
17914,7241
19640,20809
14712,23271
15597,6226
5266,9969
25158,2501
16593,18223
11914,24581
5608,23527
448,186
729,136
15362,278
14213,19794
1047,6277
363,22126
14070,23247
25090,7190
11234,20797
11935,6291
11943,23231
2884,728
16577,19495
22205,15256
11445,23253
7723,23527
9779,2383
599,7069
5438,2953
14122,2949
10106,2928
3554,2367
12295,20817
9069,23309
5868,2928
5242,23211
25317,7170
1272,23277
2339,19505
14672,19547
17902,2382
2122,23209
5051,2374
15330,19561
18210,7069
9756,18229
14638,7085
13846,18269
15586,19523
847,20809
9296,18289
13923,11486
16668,6216
9880,7170
10439,19563
2640,23287
16428,7214
17900,7114
1674,16
18283,23225
20589,11484
20650,18484
5360,12841
11198,15256
5136,18247
5366,23299
22809,7144
25348,6212
1869,20811
10259,19539
849,20829
23263,6316
19362,7237
14340,23279
19179,2953
20824,278
25073,19541
2926,7106
4953,19531
802,12377
1655,7168
13801,12382
5720,23275
2388,7247
613,289
19625,298
13977,19521
22778,19489
21846,7259
24110,7100
21610,19587
6858,18275
16461,23263
348,23287
9886,7106
2775,6204
2126,176
22858,2377
1306,6263
15406,20793
13739,23227
5249,17191
5735,6318
1434,3352
2014,24583
10501,24543
24103,11500
5055,2949
9144,2997
6434,7142
17872,11490
14658,3606
21610,18299
6349,22204
1717,21
14199,2949
6633,18485
15653,23281
3526,7114
388,2371
1854,23271
25187,20843
19533,18267
20619,7065
11444,302
12701,6275
18170,4
11584,15288
25108,18227
16675,7162
9846,11500
2369,7085
221,23309
20798,23307
1939,6196
17139,7190
14719,15084
14122,19519
11425,19
3603,24545
18208,15347
9971,20757
13707,19583
4964,2372
9370,20833
2542,310
13989,6291
16497,6350
2097,7192
18442,11492
11474,7194
22780,11570
11172,18297
1123,136
5700,17191
12725,18215
16471,7162
5091,11496
21100,18275
24691,7132
19126,24567
22831,22199
24706,7114
19001,6222
2247,6342
9530,282
24356,278
23070,6320
1311,7257
5892,19509
4745,19575
20425,12382
2711,7120
16424,7182
23021,23277
17194,7075
17887,20765
16962,815
1351,18221
6263,287
537,18297
15289,19523
24250,23209
22034,20
520,7174
21025,19545
5421,18225
9246,7210
11911,19587
12165,20831
5521,7071
17219,17
430,4
5843,21079
7745,18271
19722,20817
3314,23309
18490,2371
14760,306
14241,19525
9336,15
5137,23239
22975,12841
17869,20829
17238,7188
16964,19525
17219,12382
1219,18235
16496,20825
5751,11498
1308,20787
13626,20815
25276,2953
810,18225
4902,7176
5996,19493
13632,23231
16620,7225
756,19573
7329,23231
11457,23215
804,4
2581,6151
9851,23205
108,9964
20409,7140
1361,20841
10464,20775
1813,6151
13670,19543
14133,7233
13672,24569
21896,19525
3347,18255
7200,24561
2021,23305
1654,7196
990,24543
9371,23219
125,6314
22009,18227
9958,6314
24447,24565
12020,3352
10275,284
16567,18277
8955,15084
2856,18243
4767,24575
16661,7071
443,18281
22808,6206
22778,7261
19322,15256
10498,15353
23472,18227
11765,18223
4887,7182
9595,19499
10551,7251
17150,280
16629,18227
19308,24563
1337,12
14050,7067
14705,20819
7229,19493
2033,18225
4745,20783
6593,7087
25119,6316
1211,320
2426,24565
25098,10602
18231,19497
9969,6318
11344,176
760,7083
1005,18229
7021,310
9055,7067
1791,23297
200,14
18425,7132
15133,6320
796,7229
21064,7255
7858,18265
9340,21105
24067,22121
20522,18281
1929,20829
20469,23297
18271,18247
14667,12449
7256,7067
17748,6196
5395,19575
24474,23249
12382,19533
691,18281
19061,23265
19714,312
1295,7118
7534,23241
2627,23279
15081,23219
14160,18253
17785,7079
5321,15432
22832,300
128,17240
2707,20777
18300,18247
5442,20839
18340,24543
7855,19559
9522,20847
3136,18291
9107,7102
24531,18243
21066,11570
20377,15436
22722,18285
13711,19513
7267,19497
6982,19557
7487,19794
9086,7051
24583,7196
5622,9964
7095,12192
15053,6153
22834,12449
1921,25409
21637,7087
5456,17191
5556,7124
15219,24563
12766,7110
2851,6271
758,20835
9907,20793
4978,6354
16622,7239
6857,7247
15424,6157
18252,19499
4839,2928
2859,14426
20479,7212
7357,18231
24610,19788
13623,23221
177,4
9583,23527
2936,17241
1977,312
10439,24581
12286,312
5268,12382
11134,19549
2785,24575
22991,23307
14759,276
1845,11580
10241,24575
23303,6196
9834,22204
1202,320
1659,18
11574,8
16539,15489
1194,6159
9552,23237
18425,7245
784,20847
14658,9
18441,18265
22108,6285
15035,19549
22992,15256
74,20841
455,24579
7812,19527
25222,18267
5215,282
2679,6296
20784,11486
7944,3606
6945,6216
23336,18255
23163,12
10202,23215
19149,318
25089,15489
2948,7196
24530,18221
24461,18225
6391,6194
18170,7168
12352,11482
10521,19585
19086,12382
9001,7100
13967,23265
16679,15353
4876,23215
14776,7208
22828,274
16694,23287
23228,10597
22829,2376
16664,23313
17107,18273
15607,19531
24616,23279
3476,24543
24066,300
9468,6155
14394,7212
13726,19585
14817,19521
14037,2931
13772,19563
1996,182
10166,23303
23032,23
21864,18249
7267,7192
1523,20787
5557,24555
406,20815
11361,6200
13664,23297
5551,9
20707,7945
12647,18211
23087,24547
9030,6271
2581,2375
781,24702
3269,7241
7117,23275
490,330
9778,19489
18173,18271
13826,24535
19623,8
22982,18275
10417,19547
1641,24551
20811,23267
13962,24553
22979,2384
9714,24553
12796,23225
24182,23307
12747,2951
15197,23303
20654,6318
2749,7114
7945,302
1187,186
18185,23247
244,17191
6251,7208
992,6291
11893,6283
24329,11504
5959,6232
9155,7081
23272,18251
20365,24569
1362,19513
11057,14426
1327,6196
12304,23269
5400,7073
10274,19497
1402,2384
8995,18484
14764,23528
7877,19519
9619,20805
11225,20755
5140,23221
21970,19573
12440,18479
23324,6196
13861,19535
4637,20799
11273,7108
14957,7202
16949,7065
22768,19521
5887,300
6890,182
10295,15432
23007,2379
19724,6316
25304,23279
5220,20765
523,7867
19021,15347
9017,14
14715,9964
7314,182
19016,20815
19475,18281
3016,7170
9210,19487
2438,6208
28,289
7466,6194
17840,19507
17964,7162
12681,7208
12127,18293
25137,7106
23290,280
20954,7170
3564,7124
22870,6316
2079,23265
16869,20825
11293,2955
17942,7237
25481,20767
12773,2928
10258,24547
22155,10
650,20805
20441,20783
22044,17240
18176,24577
24305,15649
9600,274
12188,10
7837,24543
19570,18239
3253,6350
6430,15436
2997,11502
11521,2380
23340,19583
10426,2370
17905,9964
12734,23249
21835,7263
694,6031
15080,20821
17148,23209
20335,24549
16690,19567
5725,11498
2761,8
9186,18485
21940,24537
5377,7257
7178,19519
9096,6147
5465,20767
2108,7573
19103,19491
15256,23297
12415,20783
23375,18257
24325,10
6997,15432
11557,291
11133,18245
16610,23213
24406,17241
15136,19571
16608,19513
25082,7257
10133,17235
5364,18273
24684,23269
9542,6224
0,20771
24354,7180
24134,7087
21658,7216
24247,6350
1449,7172
652,20841
16476,2384
12787,24561
15050,15494
9042,300
22009,318
6621,15256
18092,19497
2792,6212
6161,316
11075,24549
20727,18241
25214,24577
9369,18219
3332,18269
14267,11482
7034,3523
15163,7073
10147,6346
15481,7257
10527,18279
7342,18229
9323,23233
8,12377
17075,23229
14174,24543
10,20771
20327,6224
24578,18293
3340,12449
10206,18227
16805,7251
18333,7259
