id,type,name,params_len,argument_len,returns,start_line,start_column,end_line,end_column,file_name,file_is_index_or_test,new_id
1,Program,nan,-1,-1,-1,1,0,336,1,packages\eventemitter3\index.js,1,0
3,VariableDeclaration,nan,-1,-1,-1,3,0,4,17,packages\eventemitter3\index.js,1,1
4,FunctionDeclaration,nan,-1,0,0,13,0,13,20,packages\eventemitter3\index.js,1,2
5,IfStatement,nan,-1,-1,-1,22,0,30,1,packages\eventemitter3\index.js,1,3
6,FunctionDeclaration,nan,-1,3,0,41,0,45,1,packages\eventemitter3\index.js,1,4
7,FunctionDeclaration,nan,-1,5,1,58,0,71,1,packages\eventemitter3\index.js,1,5
8,FunctionDeclaration,nan,-1,2,0,80,0,83,1,packages\eventemitter3\index.js,1,6
9,FunctionDeclaration,nan,-1,0,0,92,0,95,1,packages\eventemitter3\index.js,1,7
22,IfStatement,nan,-1,-1,-1,334,0,336,1,packages\eventemitter3\index.js,1,8
24,Identifier,Events,-1,-1,-1,13,9,13,15,packages\eventemitter3\index.js,1,9
26,BlockStatement,nan,-1,-1,-1,13,18,13,20,packages\eventemitter3\index.js,1,10
27,BlockStatement,nan,-1,-1,-1,22,19,30,1,packages\eventemitter3\index.js,1,11
28,MemberExpression,nan,-1,-1,-1,22,4,22,17,packages\eventemitter3\index.js,1,12
29,Identifier,EE,-1,-1,-1,41,9,41,11,packages\eventemitter3\index.js,1,13
30,Identifier,fn,-1,-1,-1,41,12,41,14,packages\eventemitter3\index.js,1,14
31,Identifier,context,-1,-1,-1,41,16,41,23,packages\eventemitter3\index.js,1,15
32,Identifier,once,-1,-1,-1,41,25,41,29,packages\eventemitter3\index.js,1,16
34,BlockStatement,nan,-1,-1,-1,41,31,45,1,packages\eventemitter3\index.js,1,17
35,Identifier,addListener,-1,-1,-1,58,9,58,20,packages\eventemitter3\index.js,1,18
36,Identifier,emitter,-1,-1,-1,58,21,58,28,packages\eventemitter3\index.js,1,19
37,Identifier,event,-1,-1,-1,58,30,58,35,packages\eventemitter3\index.js,1,20
38,Identifier,fn,-1,-1,-1,58,37,58,39,packages\eventemitter3\index.js,1,21
39,Identifier,context,-1,-1,-1,58,41,58,48,packages\eventemitter3\index.js,1,22
40,Identifier,once,-1,-1,-1,58,50,58,54,packages\eventemitter3\index.js,1,23
42,BlockStatement,nan,-1,-1,-1,58,56,71,1,packages\eventemitter3\index.js,1,24
43,Identifier,clearEvent,-1,-1,-1,80,9,80,19,packages\eventemitter3\index.js,1,25
44,Identifier,emitter,-1,-1,-1,80,20,80,27,packages\eventemitter3\index.js,1,26
45,Identifier,evt,-1,-1,-1,80,29,80,32,packages\eventemitter3\index.js,1,27
47,BlockStatement,nan,-1,-1,-1,80,34,83,1,packages\eventemitter3\index.js,1,28
48,Identifier,EventEmitter,-1,-1,-1,92,9,92,21,packages\eventemitter3\index.js,1,29
50,BlockStatement,nan,-1,-1,-1,92,24,95,1,packages\eventemitter3\index.js,1,30
51,AssignmentExpression,nan,-1,-1,-1,104,0,120,1,packages\eventemitter3\index.js,1,31
52,AssignmentExpression,nan,-1,-1,-1,129,0,141,1,packages\eventemitter3\index.js,1,32
53,AssignmentExpression,nan,-1,-1,-1,150,0,157,1,packages\eventemitter3\index.js,1,33
54,AssignmentExpression,nan,-1,-1,-1,166,0,216,1,packages\eventemitter3\index.js,1,34
55,AssignmentExpression,nan,-1,-1,-1,227,0,229,1,packages\eventemitter3\index.js,1,35
56,AssignmentExpression,nan,-1,-1,-1,240,0,242,1,packages\eventemitter3\index.js,1,36
57,AssignmentExpression,nan,-1,-1,-1,254,0,292,1,packages\eventemitter3\index.js,1,37
58,AssignmentExpression,nan,-1,-1,-1,301,0,313,1,packages\eventemitter3\index.js,1,38
59,AssignmentExpression,nan,-1,-1,-1,318,0,318,66,packages\eventemitter3\index.js,1,39
60,AssignmentExpression,nan,-1,-1,-1,319,0,319,62,packages\eventemitter3\index.js,1,40
61,AssignmentExpression,nan,-1,-1,-1,324,0,324,30,packages\eventemitter3\index.js,1,41
62,AssignmentExpression,nan,-1,-1,-1,329,0,329,40,packages\eventemitter3\index.js,1,42
63,BlockStatement,nan,-1,-1,-1,334,35,336,1,packages\eventemitter3\index.js,1,43
66,IfStatement,nan,-1,-1,-1,29,2,29,46,packages\eventemitter3\index.js,1,44
70,IfStatement,nan,-1,-1,-1,59,2,61,3,packages\eventemitter3\index.js,1,45
71,VariableDeclaration,nan,-1,-1,-1,63,2,64,44,packages\eventemitter3\index.js,1,46
72,IfStatement,nan,-1,-1,-1,66,2,68,63,packages\eventemitter3\index.js,1,47
73,ReturnStatement,nan,1,-1,-1,70,2,70,17,packages\eventemitter3\index.js,1,48
74,IfStatement,nan,-1,-1,-1,81,2,82,35,packages\eventemitter3\index.js,1,49
77,MemberExpression,nan,-1,-1,-1,104,0,104,33,packages\eventemitter3\index.js,1,50
78,FunctionExpression,nan,-1,0,1,104,36,120,1,packages\eventemitter3\index.js,1,51
79,MemberExpression,nan,-1,-1,-1,129,0,129,32,packages\eventemitter3\index.js,1,52
80,FunctionExpression,nan,-1,1,1,129,35,141,1,packages\eventemitter3\index.js,1,53
81,MemberExpression,nan,-1,-1,-1,150,0,150,36,packages\eventemitter3\index.js,1,54
82,FunctionExpression,nan,-1,1,1,150,39,157,1,packages\eventemitter3\index.js,1,55
83,MemberExpression,nan,-1,-1,-1,166,0,166,27,packages\eventemitter3\index.js,1,56
84,FunctionExpression,nan,-1,6,1,166,30,216,1,packages\eventemitter3\index.js,1,57
85,MemberExpression,nan,-1,-1,-1,227,0,227,25,packages\eventemitter3\index.js,1,58
86,FunctionExpression,nan,-1,3,1,227,28,229,1,packages\eventemitter3\index.js,1,59
87,MemberExpression,nan,-1,-1,-1,240,0,240,27,packages\eventemitter3\index.js,1,60
88,FunctionExpression,nan,-1,3,1,240,30,242,1,packages\eventemitter3\index.js,1,61
89,MemberExpression,nan,-1,-1,-1,254,0,254,37,packages\eventemitter3\index.js,1,62
90,FunctionExpression,nan,-1,4,1,254,40,292,1,packages\eventemitter3\index.js,1,63
91,MemberExpression,nan,-1,-1,-1,301,0,301,41,packages\eventemitter3\index.js,1,64
92,FunctionExpression,nan,-1,1,1,301,44,313,1,packages\eventemitter3\index.js,1,65
93,MemberExpression,nan,-1,-1,-1,318,0,318,26,packages\eventemitter3\index.js,1,66
94,MemberExpression,nan,-1,-1,-1,318,29,318,66,packages\eventemitter3\index.js,1,67
95,MemberExpression,nan,-1,-1,-1,319,0,319,34,packages\eventemitter3\index.js,1,68
96,MemberExpression,nan,-1,-1,-1,319,37,319,62,packages\eventemitter3\index.js,1,69
97,MemberExpression,nan,-1,-1,-1,324,0,324,21,packages\eventemitter3\index.js,1,70
98,Identifier,prefix,-1,-1,-1,324,24,324,30,packages\eventemitter3\index.js,1,71
99,MemberExpression,nan,-1,-1,-1,329,0,329,25,packages\eventemitter3\index.js,1,72
100,Identifier,EventEmitter,-1,-1,-1,329,28,329,40,packages\eventemitter3\index.js,1,73
103,UnaryExpression,nan,1,-1,-1,334,20,334,33,packages\eventemitter3\index.js,1,74
104,AssignmentExpression,nan,-1,-1,-1,23,2,23,40,packages\eventemitter3\index.js,1,75
106,UnaryExpression,nan,1,-1,-1,29,6,29,29,packages\eventemitter3\index.js,1,76
107,AssignmentExpression,nan,-1,-1,-1,42,2,42,14,packages\eventemitter3\index.js,1,77
108,AssignmentExpression,nan,-1,-1,-1,43,2,43,24,packages\eventemitter3\index.js,1,78
109,AssignmentExpression,nan,-1,-1,-1,44,2,44,27,packages\eventemitter3\index.js,1,79
110,BlockStatement,nan,-1,-1,-1,59,32,61,3,packages\eventemitter3\index.js,1,80
113,UnaryExpression,nan,1,-1,-1,66,6,66,27,packages\eventemitter3\index.js,1,81
114,Identifier,emitter,-1,-1,-1,70,9,70,16,packages\eventemitter3\index.js,1,82
117,AssignmentExpression,nan,-1,-1,-1,93,2,93,29,packages\eventemitter3\index.js,1,83
118,AssignmentExpression,nan,-1,-1,-1,94,2,94,23,packages\eventemitter3\index.js,1,84
119,Identifier,eventNames,-1,-1,-1,104,45,104,55,packages\eventemitter3\index.js,1,85
121,BlockStatement,nan,-1,-1,-1,104,58,120,1,packages\eventemitter3\index.js,1,86
122,Identifier,listeners,-1,-1,-1,129,44,129,53,packages\eventemitter3\index.js,1,87
123,Identifier,event,-1,-1,-1,129,54,129,59,packages\eventemitter3\index.js,1,88
125,BlockStatement,nan,-1,-1,-1,129,61,141,1,packages\eventemitter3\index.js,1,89
126,Identifier,listenerCount,-1,-1,-1,150,48,150,61,packages\eventemitter3\index.js,1,90
127,Identifier,event,-1,-1,-1,150,62,150,67,packages\eventemitter3\index.js,1,91
129,BlockStatement,nan,-1,-1,-1,150,69,157,1,packages\eventemitter3\index.js,1,92
130,Identifier,emit,-1,-1,-1,166,39,166,43,packages\eventemitter3\index.js,1,93
131,Identifier,event,-1,-1,-1,166,44,166,49,packages\eventemitter3\index.js,1,94
132,Identifier,a1,-1,-1,-1,166,51,166,53,packages\eventemitter3\index.js,1,95
133,Identifier,a2,-1,-1,-1,166,55,166,57,packages\eventemitter3\index.js,1,96
134,Identifier,a3,-1,-1,-1,166,59,166,61,packages\eventemitter3\index.js,1,97
135,Identifier,a4,-1,-1,-1,166,63,166,65,packages\eventemitter3\index.js,1,98
136,Identifier,a5,-1,-1,-1,166,67,166,69,packages\eventemitter3\index.js,1,99
138,BlockStatement,nan,-1,-1,-1,166,71,216,1,packages\eventemitter3\index.js,1,100
139,Identifier,on,-1,-1,-1,227,37,227,39,packages\eventemitter3\index.js,1,101
140,Identifier,event,-1,-1,-1,227,40,227,45,packages\eventemitter3\index.js,1,102
141,Identifier,fn,-1,-1,-1,227,47,227,49,packages\eventemitter3\index.js,1,103
142,Identifier,context,-1,-1,-1,227,51,227,58,packages\eventemitter3\index.js,1,104
144,BlockStatement,nan,-1,-1,-1,227,60,229,1,packages\eventemitter3\index.js,1,105
145,Identifier,once,-1,-1,-1,240,39,240,43,packages\eventemitter3\index.js,1,106
146,Identifier,event,-1,-1,-1,240,44,240,49,packages\eventemitter3\index.js,1,107
147,Identifier,fn,-1,-1,-1,240,51,240,53,packages\eventemitter3\index.js,1,108
148,Identifier,context,-1,-1,-1,240,55,240,62,packages\eventemitter3\index.js,1,109
150,BlockStatement,nan,-1,-1,-1,240,64,242,1,packages\eventemitter3\index.js,1,110
151,Identifier,removeListener,-1,-1,-1,254,49,254,63,packages\eventemitter3\index.js,1,111
152,Identifier,event,-1,-1,-1,254,64,254,69,packages\eventemitter3\index.js,1,112
153,Identifier,fn,-1,-1,-1,254,71,254,73,packages\eventemitter3\index.js,1,113
154,Identifier,context,-1,-1,-1,254,75,254,82,packages\eventemitter3\index.js,1,114
155,Identifier,once,-1,-1,-1,254,84,254,88,packages\eventemitter3\index.js,1,115
157,BlockStatement,nan,-1,-1,-1,254,90,292,1,packages\eventemitter3\index.js,1,116
158,Identifier,removeAllListeners,-1,-1,-1,301,53,301,71,packages\eventemitter3\index.js,1,117
159,Identifier,event,-1,-1,-1,301,72,301,77,packages\eventemitter3\index.js,1,118
161,BlockStatement,nan,-1,-1,-1,301,79,313,1,packages\eventemitter3\index.js,1,119
162,AssignmentExpression,nan,-1,-1,-1,335,2,335,31,packages\eventemitter3\index.js,1,120
163,Identifier,module,-1,-1,-1,334,27,334,33,packages\eventemitter3\index.js,1,121
164,MemberExpression,nan,-1,-1,-1,23,2,23,18,packages\eventemitter3\index.js,1,122
165,CallExpression,nan,1,-1,-1,23,21,23,40,packages\eventemitter3\index.js,1,123
166,AssignmentExpression,nan,-1,-1,-1,29,31,29,45,packages\eventemitter3\index.js,1,124
167,MemberExpression,nan,-1,-1,-1,29,7,29,29,packages\eventemitter3\index.js,1,125
168,MemberExpression,nan,-1,-1,-1,42,2,42,9,packages\eventemitter3\index.js,1,126
169,Identifier,fn,-1,-1,-1,42,12,42,14,packages\eventemitter3\index.js,1,127
170,MemberExpression,nan,-1,-1,-1,43,2,43,14,packages\eventemitter3\index.js,1,128
171,Identifier,context,-1,-1,-1,43,17,43,24,packages\eventemitter3\index.js,1,129
172,MemberExpression,nan,-1,-1,-1,44,2,44,11,packages\eventemitter3\index.js,1,130
173,LogicalExpression,nan,-1,-1,-1,44,14,44,27,packages\eventemitter3\index.js,1,131
174,ThrowStatement,nan,1,-1,-1,60,4,60,59,packages\eventemitter3\index.js,1,132
175,UnaryExpression,nan,1,-1,-1,59,6,59,15,packages\eventemitter3\index.js,1,133
177,SequenceExpression,nan,-1,-1,-1,66,29,66,84,packages\eventemitter3\index.js,1,134
178,MemberExpression,nan,-1,-1,-1,66,7,66,27,packages\eventemitter3\index.js,1,135
179,AssignmentExpression,nan,-1,-1,-1,81,36,81,66,packages\eventemitter3\index.js,1,136
180,UpdateExpression,nan,1,-1,-1,81,6,81,28,packages\eventemitter3\index.js,1,137
182,MemberExpression,nan,-1,-1,-1,93,2,93,14,packages\eventemitter3\index.js,1,138
183,NewExpression,nan,0,-1,-1,93,17,93,29,packages\eventemitter3\index.js,1,139
184,MemberExpression,nan,-1,-1,-1,94,2,94,19,packages\eventemitter3\index.js,1,140
186,VariableDeclaration,nan,-1,-1,-1,105,2,107,11,packages\eventemitter3\index.js,1,141
187,IfStatement,nan,-1,-1,-1,109,2,109,44,packages\eventemitter3\index.js,1,142
188,ForInStatement,nan,-1,-1,-1,111,2,113,3,packages\eventemitter3\index.js,1,143
189,IfStatement,nan,-1,-1,-1,115,2,117,3,packages\eventemitter3\index.js,1,144
190,ReturnStatement,nan,1,-1,-1,119,2,119,15,packages\eventemitter3\index.js,1,145
191,VariableDeclaration,nan,-1,-1,-1,130,2,131,35,packages\eventemitter3\index.js,1,146
192,IfStatement,nan,-1,-1,-1,133,2,133,27,packages\eventemitter3\index.js,1,147
193,IfStatement,nan,-1,-1,-1,134,2,134,40,packages\eventemitter3\index.js,1,148
194,ForStatement,nan,-1,-1,-1,136,2,138,3,packages\eventemitter3\index.js,1,149
195,ReturnStatement,nan,1,-1,-1,140,2,140,12,packages\eventemitter3\index.js,1,150
196,VariableDeclaration,nan,-1,-1,-1,151,2,152,36,packages\eventemitter3\index.js,1,151
197,IfStatement,nan,-1,-1,-1,154,2,154,27,packages\eventemitter3\index.js,1,152
198,IfStatement,nan,-1,-1,-1,155,2,155,29,packages\eventemitter3\index.js,1,153
199,ReturnStatement,nan,1,-1,-1,156,2,156,26,packages\eventemitter3\index.js,1,154
200,VariableDeclaration,nan,-1,-1,-1,167,2,167,44,packages\eventemitter3\index.js,1,155
201,IfStatement,nan,-1,-1,-1,169,2,169,39,packages\eventemitter3\index.js,1,156
202,VariableDeclaration,nan,-1,-1,-1,171,2,174,8,packages\eventemitter3\index.js,1,157
203,IfStatement,nan,-1,-1,-1,176,2,213,3,packages\eventemitter3\index.js,1,158
204,ReturnStatement,nan,1,-1,-1,215,2,215,14,packages\eventemitter3\index.js,1,159
205,ReturnStatement,nan,1,-1,-1,228,2,228,54,packages\eventemitter3\index.js,1,160
206,ReturnStatement,nan,1,-1,-1,241,2,241,53,packages\eventemitter3\index.js,1,161
207,VariableDeclaration,nan,-1,-1,-1,255,2,255,44,packages\eventemitter3\index.js,1,162
208,IfStatement,nan,-1,-1,-1,257,2,257,38,packages\eventemitter3\index.js,1,163
209,IfStatement,nan,-1,-1,-1,258,2,261,3,packages\eventemitter3\index.js,1,164
210,VariableDeclaration,nan,-1,-1,-1,263,2,263,36,packages\eventemitter3\index.js,1,165
211,IfStatement,nan,-1,-1,-1,265,2,289,3,packages\eventemitter3\index.js,1,166
212,ReturnStatement,nan,1,-1,-1,291,2,291,14,packages\eventemitter3\index.js,1,167
213,VariableDeclaration,nan,-1,-1,-1,302,2,302,10,packages\eventemitter3\index.js,1,168
214,IfStatement,nan,-1,-1,-1,304,2,310,3,packages\eventemitter3\index.js,1,169
215,ReturnStatement,nan,1,-1,-1,312,2,312,14,packages\eventemitter3\index.js,1,170
216,MemberExpression,nan,-1,-1,-1,335,2,335,16,packages\eventemitter3\index.js,1,171
217,Identifier,EventEmitter,-1,-1,-1,335,19,335,31,packages\eventemitter3\index.js,1,172
219,MemberExpression,nan,-1,-1,-1,23,21,23,34,packages\eventemitter3\index.js,1,173
220,Identifier,prefix,-1,-1,-1,29,31,29,37,packages\eventemitter3\index.js,1,174
222,Identifier,once,-1,-1,-1,44,14,44,18,packages\eventemitter3\index.js,1,175
224,NewExpression,nan,1,-1,-1,60,10,60,58,packages\eventemitter3\index.js,1,176
225,Identifier,fn,-1,-1,-1,59,13,59,15,packages\eventemitter3\index.js,1,177
226,MemberExpression,nan,-1,-1,-1,81,36,81,51,packages\eventemitter3\index.js,1,178
227,NewExpression,nan,0,-1,-1,81,54,81,66,packages\eventemitter3\index.js,1,179
228,MemberExpression,nan,-1,-1,-1,81,8,81,28,packages\eventemitter3\index.js,1,180
229,Identifier,Events,-1,-1,-1,93,21,93,27,packages\eventemitter3\index.js,1,181
230,ReturnStatement,nan,1,-1,-1,109,31,109,44,packages\eventemitter3\index.js,1,182
232,Identifier,name,-1,-1,-1,111,7,111,11,packages\eventemitter3\index.js,1,183
233,AssignmentExpression,nan,-1,-1,-1,111,16,111,37,packages\eventemitter3\index.js,1,184
234,BlockStatement,nan,-1,-1,-1,111,40,113,3,packages\eventemitter3\index.js,1,185
235,BlockStatement,nan,-1,-1,-1,115,36,117,3,packages\eventemitter3\index.js,1,186
236,MemberExpression,nan,-1,-1,-1,115,6,115,34,packages\eventemitter3\index.js,1,187
237,Identifier,names,-1,-1,-1,119,9,119,14,packages\eventemitter3\index.js,1,188
238,ReturnStatement,nan,1,-1,-1,133,17,133,27,packages\eventemitter3\index.js,1,189
239,UnaryExpression,nan,1,-1,-1,133,6,133,15,packages\eventemitter3\index.js,1,190
240,ReturnStatement,nan,1,-1,-1,134,19,134,40,packages\eventemitter3\index.js,1,191
241,MemberExpression,nan,-1,-1,-1,134,6,134,17,packages\eventemitter3\index.js,1,192
243,BlockStatement,nan,-1,-1,-1,136,70,138,3,packages\eventemitter3\index.js,1,193
244,Identifier,ee,-1,-1,-1,140,9,140,11,packages\eventemitter3\index.js,1,194
245,ReturnStatement,nan,1,-1,-1,154,18,154,27,packages\eventemitter3\index.js,1,195
246,UnaryExpression,nan,1,-1,-1,154,6,154,16,packages\eventemitter3\index.js,1,196
247,ReturnStatement,nan,1,-1,-1,155,20,155,29,packages\eventemitter3\index.js,1,197
248,MemberExpression,nan,-1,-1,-1,155,6,155,18,packages\eventemitter3\index.js,1,198
249,MemberExpression,nan,-1,-1,-1,156,9,156,25,packages\eventemitter3\index.js,1,199
250,ReturnStatement,nan,1,-1,-1,169,26,169,39,packages\eventemitter3\index.js,1,200
251,UnaryExpression,nan,1,-1,-1,169,6,169,24,packages\eventemitter3\index.js,1,201
252,BlockStatement,nan,-1,-1,-1,176,20,193,3,packages\eventemitter3\index.js,1,202
253,MemberExpression,nan,-1,-1,-1,176,6,176,18,packages\eventemitter3\index.js,1,203
255,CallExpression,nan,5,-1,-1,228,9,228,53,packages\eventemitter3\index.js,1,204
256,CallExpression,nan,5,-1,-1,241,9,241,52,packages\eventemitter3\index.js,1,205
257,ReturnStatement,nan,1,-1,-1,257,26,257,38,packages\eventemitter3\index.js,1,206
258,UnaryExpression,nan,1,-1,-1,257,6,257,24,packages\eventemitter3\index.js,1,207
259,BlockStatement,nan,-1,-1,-1,258,11,261,3,packages\eventemitter3\index.js,1,208
260,UnaryExpression,nan,1,-1,-1,258,6,258,9,packages\eventemitter3\index.js,1,209
261,BlockStatement,nan,-1,-1,-1,265,20,273,3,packages\eventemitter3\index.js,1,210
262,MemberExpression,nan,-1,-1,-1,265,6,265,18,packages\eventemitter3\index.js,1,211
263,ThisExpression,nan,-1,-1,-1,291,9,291,13,packages\eventemitter3\index.js,1,212
264,BlockStatement,nan,-1,-1,-1,304,13,307,3,packages\eventemitter3\index.js,1,213
265,Identifier,event,-1,-1,-1,304,6,304,11,packages\eventemitter3\index.js,1,214
266,ThisExpression,nan,-1,-1,-1,312,9,312,13,packages\eventemitter3\index.js,1,215
268,Identifier,TypeError,-1,-1,-1,60,14,60,23,packages\eventemitter3\index.js,1,216
269,Identifier,Events,-1,-1,-1,81,58,81,64,packages\eventemitter3\index.js,1,217
270,Identifier,names,-1,-1,-1,109,38,109,43,packages\eventemitter3\index.js,1,218
271,MemberExpression,nan,-1,-1,-1,109,6,109,23,packages\eventemitter3\index.js,1,219
273,Identifier,events,-1,-1,-1,111,16,111,22,packages\eventemitter3\index.js,1,220
274,MemberExpression,nan,-1,-1,-1,111,25,111,37,packages\eventemitter3\index.js,1,221
275,IfStatement,nan,-1,-1,-1,112,4,112,74,packages\eventemitter3\index.js,1,222
276,ReturnStatement,nan,1,-1,-1,116,4,116,62,packages\eventemitter3\index.js,1,223
277,ArrayExpression,nan,-1,-1,-1,133,24,133,26,packages\eventemitter3\index.js,1,224
278,Identifier,handlers,-1,-1,-1,133,7,133,15,packages\eventemitter3\index.js,1,225
279,ArrayExpression,nan,-1,-1,-1,134,26,134,39,packages\eventemitter3\index.js,1,226
280,Identifier,i,-1,-1,-1,136,58,136,59,packages\eventemitter3\index.js,1,227
281,Identifier,l,-1,-1,-1,136,62,136,63,packages\eventemitter3\index.js,1,228
284,Identifier,listeners,-1,-1,-1,154,7,154,16,packages\eventemitter3\index.js,1,229
287,MemberExpression,nan,-1,-1,-1,169,7,169,24,packages\eventemitter3\index.js,1,230
288,IfStatement,nan,-1,-1,-1,177,4,177,82,packages\eventemitter3\index.js,1,231
289,SwitchStatement,nan,-1,-1,-1,179,4,186,5,packages\eventemitter3\index.js,1,232
290,ForStatement,nan,-1,-1,-1,188,4,190,5,packages\eventemitter3\index.js,1,233
292,ThisExpression,nan,-1,-1,-1,228,21,228,25,packages\eventemitter3\index.js,1,234
293,Identifier,event,-1,-1,-1,228,27,228,32,packages\eventemitter3\index.js,1,235
294,Identifier,fn,-1,-1,-1,228,34,228,36,packages\eventemitter3\index.js,1,236
295,Identifier,context,-1,-1,-1,228,38,228,45,packages\eventemitter3\index.js,1,237
297,Identifier,addListener,-1,-1,-1,228,9,228,20,packages\eventemitter3\index.js,1,238
298,ThisExpression,nan,-1,-1,-1,241,21,241,25,packages\eventemitter3\index.js,1,239
299,Identifier,event,-1,-1,-1,241,27,241,32,packages\eventemitter3\index.js,1,240
300,Identifier,fn,-1,-1,-1,241,34,241,36,packages\eventemitter3\index.js,1,241
301,Identifier,context,-1,-1,-1,241,38,241,45,packages\eventemitter3\index.js,1,242
303,Identifier,addListener,-1,-1,-1,241,9,241,20,packages\eventemitter3\index.js,1,243
304,ThisExpression,nan,-1,-1,-1,257,33,257,37,packages\eventemitter3\index.js,1,244
305,MemberExpression,nan,-1,-1,-1,257,7,257,24,packages\eventemitter3\index.js,1,245
307,ReturnStatement,nan,1,-1,-1,260,4,260,16,packages\eventemitter3\index.js,1,246
308,Identifier,fn,-1,-1,-1,258,7,258,9,packages\eventemitter3\index.js,1,247
309,IfStatement,nan,-1,-1,-1,266,4,272,5,packages\eventemitter3\index.js,1,248
311,IfStatement,nan,-1,-1,-1,306,4,306,49,packages\eventemitter3\index.js,1,249
313,CallExpression,nan,2,-1,-1,112,8,112,30,packages\eventemitter3\index.js,1,250
314,CallExpression,nan,1,-1,-1,116,11,116,61,packages\eventemitter3\index.js,1,251
315,AssignmentExpression,nan,-1,-1,-1,137,4,137,26,packages\eventemitter3\index.js,1,252
317,MemberExpression,nan,-1,-1,-1,177,8,177,22,packages\eventemitter3\index.js,1,253
319,BlockStatement,nan,-1,-1,-1,188,56,190,5,packages\eventemitter3\index.js,1,254
320,CallExpression,nan,2,-1,-1,192,4,192,47,packages\eventemitter3\index.js,1,255
321,CallExpression,nan,2,-1,-1,259,4,259,25,packages\eventemitter3\index.js,1,256
322,ThisExpression,nan,-1,-1,-1,260,11,260,15,packages\eventemitter3\index.js,1,257
323,BlockStatement,nan,-1,-1,-1,270,6,272,5,packages\eventemitter3\index.js,1,258
324,LogicalExpression,nan,-1,-1,-1,267,6,269,49,packages\eventemitter3\index.js,1,259
325,AssignmentExpression,nan,-1,-1,-1,305,4,305,41,packages\eventemitter3\index.js,1,260
327,MemberExpression,nan,-1,-1,-1,306,8,306,25,packages\eventemitter3\index.js,1,261
328,CallExpression,nan,1,-1,-1,112,32,112,73,packages\eventemitter3\index.js,1,262
329,Identifier,events,-1,-1,-1,112,17,112,23,packages\eventemitter3\index.js,1,263
330,Identifier,name,-1,-1,-1,112,25,112,29,packages\eventemitter3\index.js,1,264
331,MemberExpression,nan,-1,-1,-1,112,8,112,16,packages\eventemitter3\index.js,1,265
332,CallExpression,nan,1,-1,-1,116,24,116,60,packages\eventemitter3\index.js,1,266
333,MemberExpression,nan,-1,-1,-1,116,11,116,23,packages\eventemitter3\index.js,1,267
334,MemberExpression,nan,-1,-1,-1,137,4,137,9,packages\eventemitter3\index.js,1,268
335,MemberExpression,nan,-1,-1,-1,137,12,137,26,packages\eventemitter3\index.js,1,269
336,CallExpression,nan,4,-1,-1,177,24,177,81,packages\eventemitter3\index.js,1,270
337,Identifier,i,-1,-1,-1,188,42,188,43,packages\eventemitter3\index.js,1,271
338,Identifier,len,-1,-1,-1,188,46,188,49,packages\eventemitter3\index.js,1,272
340,MemberExpression,nan,-1,-1,-1,192,23,192,40,packages\eventemitter3\index.js,1,273
341,Identifier,args,-1,-1,-1,192,42,192,46,packages\eventemitter3\index.js,1,274
342,MemberExpression,nan,-1,-1,-1,192,4,192,22,packages\eventemitter3\index.js,1,275
343,ThisExpression,nan,-1,-1,-1,259,15,259,19,packages\eventemitter3\index.js,1,276
344,Identifier,evt,-1,-1,-1,259,21,259,24,packages\eventemitter3\index.js,1,277
345,Identifier,clearEvent,-1,-1,-1,259,4,259,14,packages\eventemitter3\index.js,1,278
347,LogicalExpression,nan,-1,-1,-1,267,6,268,31,packages\eventemitter3\index.js,1,279
348,LogicalExpression,nan,-1,-1,-1,269,7,269,48,packages\eventemitter3\index.js,1,280
349,Identifier,evt,-1,-1,-1,305,4,305,7,packages\eventemitter3\index.js,1,281
350,ConditionalExpression,nan,-1,-1,-1,305,10,305,41,packages\eventemitter3\index.js,1,282
351,CallExpression,nan,2,-1,-1,306,27,306,48,packages\eventemitter3\index.js,1,283
352,ConditionalExpression,nan,-1,-1,-1,112,43,112,72,packages\eventemitter3\index.js,1,284
353,MemberExpression,nan,-1,-1,-1,112,32,112,42,packages\eventemitter3\index.js,1,285
354,Identifier,events,-1,-1,-1,116,53,116,59,packages\eventemitter3\index.js,1,286
355,MemberExpression,nan,-1,-1,-1,116,24,116,52,packages\eventemitter3\index.js,1,287
356,Identifier,event,-1,-1,-1,177,44,177,49,packages\eventemitter3\index.js,1,288
357,MemberExpression,nan,-1,-1,-1,177,51,177,63,packages\eventemitter3\index.js,1,289
358,Identifier,undefined,-1,-1,-1,177,65,177,74,packages\eventemitter3\index.js,1,290
360,MemberExpression,nan,-1,-1,-1,177,24,177,43,packages\eventemitter3\index.js,1,291
361,AssignmentExpression,nan,-1,-1,-1,189,6,189,32,packages\eventemitter3\index.js,1,292
362,CallExpression,nan,2,-1,-1,271,6,271,27,packages\eventemitter3\index.js,1,293
364,LogicalExpression,nan,-1,-1,-1,268,7,268,30,packages\eventemitter3\index.js,1,294
365,UnaryExpression,nan,1,-1,-1,269,7,269,15,packages\eventemitter3\index.js,1,295
368,Identifier,prefix,-1,-1,-1,305,10,305,16,packages\eventemitter3\index.js,1,296
369,ThisExpression,nan,-1,-1,-1,306,38,306,42,packages\eventemitter3\index.js,1,297
370,Identifier,evt,-1,-1,-1,306,44,306,47,packages\eventemitter3\index.js,1,298
371,Identifier,clearEvent,-1,-1,-1,306,27,306,37,packages\eventemitter3\index.js,1,299
372,CallExpression,nan,1,-1,-1,112,52,112,65,packages\eventemitter3\index.js,1,300
373,Identifier,prefix,-1,-1,-1,112,43,112,49,packages\eventemitter3\index.js,1,301
374,MemberExpression,nan,-1,-1,-1,189,6,189,17,packages\eventemitter3\index.js,1,302
375,MemberExpression,nan,-1,-1,-1,189,20,189,32,packages\eventemitter3\index.js,1,303
376,ThisExpression,nan,-1,-1,-1,271,17,271,21,packages\eventemitter3\index.js,1,304
377,Identifier,evt,-1,-1,-1,271,23,271,26,packages\eventemitter3\index.js,1,305
378,Identifier,clearEvent,-1,-1,-1,271,6,271,16,packages\eventemitter3\index.js,1,306
379,MemberExpression,nan,-1,-1,-1,267,6,267,18,packages\eventemitter3\index.js,1,307
380,Identifier,fn,-1,-1,-1,267,23,267,25,packages\eventemitter3\index.js,1,308
381,UnaryExpression,nan,1,-1,-1,268,7,268,12,packages\eventemitter3\index.js,1,309
382,MemberExpression,nan,-1,-1,-1,268,16,268,30,packages\eventemitter3\index.js,1,310
383,Identifier,context,-1,-1,-1,269,8,269,15,packages\eventemitter3\index.js,1,311
384,MemberExpression,nan,-1,-1,-1,269,19,269,36,packages\eventemitter3\index.js,1,312
385,Identifier,context,-1,-1,-1,269,41,269,48,packages\eventemitter3\index.js,1,313
386,Identifier,prefix,-1,-1,-1,305,19,305,25,packages\eventemitter3\index.js,1,314
387,Identifier,event,-1,-1,-1,305,28,305,33,packages\eventemitter3\index.js,1,315
389,MemberExpression,nan,-1,-1,-1,112,52,112,62,packages\eventemitter3\index.js,1,316
390,Identifier,once,-1,-1,-1,268,8,268,12,packages\eventemitter3\index.js,1,317
391,Program,nan,-1,-1,-1,1,0,22,24,packages\eventemitter3\benchmarks\template.js,0,318
393,VariableDeclaration,nan,-1,-1,-1,6,0,6,37,packages\eventemitter3\benchmarks\template.js,0,319
396,CallExpression,nan,1,-1,-1,12,0,22,23,packages\eventemitter3\benchmarks\template.js,0,320
397,ObjectExpression,nan,-1,-1,-1,22,7,22,22,packages\eventemitter3\benchmarks\template.js,0,321
398,MemberExpression,nan,-1,-1,-1,12,0,22,6,packages\eventemitter3\benchmarks\template.js,0,322
399,Program,nan,-1,-1,-1,1,0,642,3,packages\eventemitter3\test\test.js,1,323
401,CallExpression,nan,2,-1,-1,1,0,642,2,packages\eventemitter3\test\test.js,1,324
403,FunctionExpression,nan,-1,0,0,1,25,642,1,packages\eventemitter3\test\test.js,1,325
404,Identifier,describe,-1,-1,-1,1,0,1,8,packages\eventemitter3\test\test.js,1,326
405,Identifier,tests,-1,-1,-1,1,34,1,39,packages\eventemitter3\test\test.js,1,327
407,BlockStatement,nan,-1,-1,-1,1,42,642,1,packages\eventemitter3\test\test.js,1,328
409,VariableDeclaration,nan,-1,-1,-1,4,2,5,33,packages\eventemitter3\test\test.js,1,329
413,IfStatement,nan,-1,-1,-1,40,2,73,5,packages\eventemitter3\test\test.js,1,330
423,CallExpression,nan,2,-1,-1,7,2,9,4,packages\eventemitter3\test\test.js,1,331
424,CallExpression,nan,2,-1,-1,11,2,13,4,packages\eventemitter3\test\test.js,1,332
425,CallExpression,nan,2,-1,-1,15,2,38,4,packages\eventemitter3\test\test.js,1,333
428,CallExpression,nan,2,-1,-1,75,2,258,4,packages\eventemitter3\test\test.js,1,334
429,CallExpression,nan,2,-1,-1,260,2,291,4,packages\eventemitter3\test\test.js,1,335
430,CallExpression,nan,2,-1,-1,293,2,305,4,packages\eventemitter3\test\test.js,1,336
431,CallExpression,nan,2,-1,-1,307,2,321,4,packages\eventemitter3\test\test.js,1,337
432,CallExpression,nan,2,-1,-1,323,2,397,4,packages\eventemitter3\test\test.js,1,338
433,CallExpression,nan,2,-1,-1,399,2,524,4,packages\eventemitter3\test\test.js,1,339
434,CallExpression,nan,2,-1,-1,526,2,569,4,packages\eventemitter3\test\test.js,1,340
435,CallExpression,nan,2,-1,-1,571,2,641,4,packages\eventemitter3\test\test.js,1,341
437,FunctionExpression,nan,-1,0,0,7,38,9,3,packages\eventemitter3\test\test.js,1,342
438,Identifier,it,-1,-1,-1,7,2,7,4,packages\eventemitter3\test\test.js,1,343
440,FunctionExpression,nan,-1,0,0,11,42,13,3,packages\eventemitter3\test\test.js,1,344
441,Identifier,it,-1,-1,-1,11,2,11,4,packages\eventemitter3\test\test.js,1,345
443,FunctionExpression,nan,-1,0,0,15,59,38,3,packages\eventemitter3\test\test.js,1,346
444,Identifier,it,-1,-1,-1,15,2,15,4,packages\eventemitter3\test\test.js,1,347
445,CallExpression,nan,2,-1,-1,40,37,73,4,packages\eventemitter3\test\test.js,1,348
447,UnaryExpression,nan,1,-1,-1,40,22,40,35,packages\eventemitter3\test\test.js,1,349
449,FunctionExpression,nan,-1,0,0,75,32,258,3,packages\eventemitter3\test\test.js,1,350
450,Identifier,describe,-1,-1,-1,75,2,75,10,packages\eventemitter3\test\test.js,1,351
452,FunctionExpression,nan,-1,0,0,260,37,291,3,packages\eventemitter3\test\test.js,1,352
453,Identifier,describe,-1,-1,-1,260,2,260,10,packages\eventemitter3\test\test.js,1,353
455,FunctionExpression,nan,-1,0,0,293,41,305,3,packages\eventemitter3\test\test.js,1,354
456,Identifier,describe,-1,-1,-1,293,2,293,10,packages\eventemitter3\test\test.js,1,355
458,FunctionExpression,nan,-1,0,0,307,30,321,3,packages\eventemitter3\test\test.js,1,356
459,Identifier,describe,-1,-1,-1,307,2,307,10,packages\eventemitter3\test\test.js,1,357
461,FunctionExpression,nan,-1,0,0,323,32,397,3,packages\eventemitter3\test\test.js,1,358
462,Identifier,describe,-1,-1,-1,323,2,323,10,packages\eventemitter3\test\test.js,1,359
464,FunctionExpression,nan,-1,0,0,399,42,524,3,packages\eventemitter3\test\test.js,1,360
465,Identifier,describe,-1,-1,-1,399,2,399,10,packages\eventemitter3\test\test.js,1,361
467,FunctionExpression,nan,-1,0,0,526,46,569,3,packages\eventemitter3\test\test.js,1,362
468,Identifier,describe,-1,-1,-1,526,2,526,10,packages\eventemitter3\test\test.js,1,363
470,FunctionExpression,nan,-1,0,0,571,38,641,3,packages\eventemitter3\test\test.js,1,364
471,Identifier,describe,-1,-1,-1,571,2,571,10,packages\eventemitter3\test\test.js,1,365
473,BlockStatement,nan,-1,-1,-1,7,50,9,3,packages\eventemitter3\test\test.js,1,366
475,BlockStatement,nan,-1,-1,-1,11,53,13,3,packages\eventemitter3\test\test.js,1,367
477,BlockStatement,nan,-1,-1,-1,15,71,38,3,packages\eventemitter3\test\test.js,1,368
479,FunctionExpression,nan,-1,1,0,40,66,73,3,packages\eventemitter3\test\test.js,1,369
480,Identifier,it,-1,-1,-1,40,37,40,39,packages\eventemitter3\test\test.js,1,370
481,Identifier,Symbol,-1,-1,-1,40,29,40,35,packages\eventemitter3\test\test.js,1,371
483,BlockStatement,nan,-1,-1,-1,75,44,258,3,packages\eventemitter3\test\test.js,1,372
485,BlockStatement,nan,-1,-1,-1,260,49,291,3,packages\eventemitter3\test\test.js,1,373
487,BlockStatement,nan,-1,-1,-1,293,53,305,3,packages\eventemitter3\test\test.js,1,374
489,BlockStatement,nan,-1,-1,-1,307,42,321,3,packages\eventemitter3\test\test.js,1,375
491,BlockStatement,nan,-1,-1,-1,323,44,397,3,packages\eventemitter3\test\test.js,1,376
493,BlockStatement,nan,-1,-1,-1,399,54,524,3,packages\eventemitter3\test\test.js,1,377
495,BlockStatement,nan,-1,-1,-1,526,58,569,3,packages\eventemitter3\test\test.js,1,378
497,BlockStatement,nan,-1,-1,-1,571,50,641,3,packages\eventemitter3\test\test.js,1,379
500,FunctionDeclaration,nan,-1,0,0,16,4,18,5,packages\eventemitter3\test\test.js,1,380
502,VariableDeclaration,nan,-1,-1,-1,22,4,23,27,packages\eventemitter3\test\test.js,1,381
511,Identifier,next,-1,-1,-1,40,76,40,80,packages\eventemitter3\test\test.js,1,382
513,BlockStatement,nan,-1,-1,-1,40,82,73,3,packages\eventemitter3\test\test.js,1,383
543,IfStatement,nan,-1,-1,-1,626,4,640,7,packages\eventemitter3\test\test.js,1,384
544,CallExpression,nan,1,-1,-1,8,4,8,57,packages\eventemitter3\test\test.js,1,385
545,CallExpression,nan,1,-1,-1,12,4,12,58,packages\eventemitter3\test\test.js,1,386
546,Identifier,Beast,-1,-1,-1,16,13,16,18,packages\eventemitter3\test\test.js,1,387
548,BlockStatement,nan,-1,-1,-1,16,21,18,5,packages\eventemitter3\test\test.js,1,388
549,CallExpression,nan,2,-1,-1,20,4,20,49,packages\eventemitter3\test\test.js,1,389
550,CallExpression,nan,1,-1,-1,25,4,25,37,packages\eventemitter3\test\test.js,1,390
551,CallExpression,nan,1,-1,-1,26,4,26,44,packages\eventemitter3\test\test.js,1,391
552,CallExpression,nan,0,-1,-1,28,4,28,20,packages\eventemitter3\test\test.js,1,392
553,CallExpression,nan,0,-1,-1,29,4,29,20,packages\eventemitter3\test\test.js,1,393
554,CallExpression,nan,2,-1,-1,31,4,33,6,packages\eventemitter3\test\test.js,1,394
555,CallExpression,nan,2,-1,-1,35,4,35,29,packages\eventemitter3\test\test.js,1,395
556,CallExpression,nan,1,-1,-1,36,4,36,30,packages\eventemitter3\test\test.js,1,396
557,CallExpression,nan,0,-1,-1,37,4,37,29,packages\eventemitter3\test\test.js,1,397
558,VariableDeclaration,nan,-1,-1,-1,41,4,43,32,packages\eventemitter3\test\test.js,1,398
562,CallExpression,nan,2,-1,-1,76,4,81,6,packages\eventemitter3\test\test.js,1,399
563,CallExpression,nan,2,-1,-1,83,4,93,6,packages\eventemitter3\test\test.js,1,400
564,CallExpression,nan,2,-1,-1,95,4,105,6,packages\eventemitter3\test\test.js,1,401
565,CallExpression,nan,2,-1,-1,107,4,123,6,packages\eventemitter3\test\test.js,1,402
566,CallExpression,nan,2,-1,-1,125,4,153,6,packages\eventemitter3\test\test.js,1,403
567,CallExpression,nan,2,-1,-1,155,4,169,6,packages\eventemitter3\test\test.js,1,404
568,CallExpression,nan,2,-1,-1,171,4,186,6,packages\eventemitter3\test\test.js,1,405
569,CallExpression,nan,2,-1,-1,188,4,199,6,packages\eventemitter3\test\test.js,1,406
570,CallExpression,nan,2,-1,-1,201,4,215,6,packages\eventemitter3\test\test.js,1,407
571,CallExpression,nan,2,-1,-1,217,4,232,6,packages\eventemitter3\test\test.js,1,408
572,CallExpression,nan,1,-1,-1,234,4,257,6,packages\eventemitter3\test\test.js,1,409
573,CallExpression,nan,2,-1,-1,261,4,266,6,packages\eventemitter3\test\test.js,1,410
574,CallExpression,nan,2,-1,-1,268,4,277,6,packages\eventemitter3\test\test.js,1,411
575,CallExpression,nan,2,-1,-1,279,4,290,6,packages\eventemitter3\test\test.js,1,412
576,CallExpression,nan,2,-1,-1,294,4,304,6,packages\eventemitter3\test\test.js,1,413
577,CallExpression,nan,2,-1,-1,308,4,320,6,packages\eventemitter3\test\test.js,1,414
578,CallExpression,nan,2,-1,-1,324,4,340,6,packages\eventemitter3\test\test.js,1,415
579,CallExpression,nan,2,-1,-1,342,4,354,6,packages\eventemitter3\test\test.js,1,416
580,CallExpression,nan,2,-1,-1,356,4,384,6,packages\eventemitter3\test\test.js,1,417
581,CallExpression,nan,2,-1,-1,386,4,396,6,packages\eventemitter3\test\test.js,1,418
582,CallExpression,nan,2,-1,-1,400,4,408,6,packages\eventemitter3\test\test.js,1,419
583,CallExpression,nan,2,-1,-1,410,4,447,6,packages\eventemitter3\test\test.js,1,420
584,CallExpression,nan,2,-1,-1,449,4,484,6,packages\eventemitter3\test\test.js,1,421
585,CallExpression,nan,2,-1,-1,486,4,523,6,packages\eventemitter3\test\test.js,1,422
586,CallExpression,nan,2,-1,-1,527,4,549,6,packages\eventemitter3\test\test.js,1,423
587,CallExpression,nan,2,-1,-1,551,4,568,6,packages\eventemitter3\test\test.js,1,424
588,CallExpression,nan,2,-1,-1,572,4,581,6,packages\eventemitter3\test\test.js,1,425
589,CallExpression,nan,2,-1,-1,583,4,610,6,packages\eventemitter3\test\test.js,1,426
590,CallExpression,nan,2,-1,-1,612,4,624,6,packages\eventemitter3\test\test.js,1,427
593,ArrayExpression,nan,-1,-1,-1,8,44,8,56,packages\eventemitter3\test\test.js,1,428
594,MemberExpression,nan,-1,-1,-1,8,4,8,43,packages\eventemitter3\test\test.js,1,429
595,Identifier,EventEmitter,-1,-1,-1,12,45,12,57,packages\eventemitter3\test\test.js,1,430
596,MemberExpression,nan,-1,-1,-1,12,4,12,44,packages\eventemitter3\test\test.js,1,431
598,Identifier,Beast,-1,-1,-1,20,29,20,34,packages\eventemitter3\test\test.js,1,432
599,Identifier,EventEmitter,-1,-1,-1,20,36,20,48,packages\eventemitter3\test\test.js,1,433
600,MemberExpression,nan,-1,-1,-1,20,4,20,28,packages\eventemitter3\test\test.js,1,434
601,Identifier,Beast,-1,-1,-1,25,31,25,36,packages\eventemitter3\test\test.js,1,435
602,MemberExpression,nan,-1,-1,-1,25,4,25,30,packages\eventemitter3\test\test.js,1,436
603,Identifier,EventEmitter,-1,-1,-1,26,31,26,43,packages\eventemitter3\test\test.js,1,437
604,MemberExpression,nan,-1,-1,-1,26,4,26,30,packages\eventemitter3\test\test.js,1,438
605,MemberExpression,nan,-1,-1,-1,28,4,28,18,packages\eventemitter3\test\test.js,1,439
606,MemberExpression,nan,-1,-1,-1,29,4,29,18,packages\eventemitter3\test\test.js,1,440
608,FunctionExpression,nan,-1,0,0,31,20,33,5,packages\eventemitter3\test\test.js,1,441
609,MemberExpression,nan,-1,-1,-1,31,4,31,11,packages\eventemitter3\test\test.js,1,442
612,MemberExpression,nan,-1,-1,-1,35,4,35,13,packages\eventemitter3\test\test.js,1,443
614,MemberExpression,nan,-1,-1,-1,36,4,36,23,packages\eventemitter3\test\test.js,1,444
615,MemberExpression,nan,-1,-1,-1,37,4,37,27,packages\eventemitter3\test\test.js,1,445
616,CallExpression,nan,2,-1,-1,45,4,69,6,packages\eventemitter3\test\test.js,1,446
617,CallExpression,nan,1,-1,-1,71,4,71,48,packages\eventemitter3\test\test.js,1,447
618,CallExpression,nan,1,-1,-1,72,4,72,45,packages\eventemitter3\test\test.js,1,448
620,FunctionExpression,nan,-1,0,0,76,64,81,5,packages\eventemitter3\test\test.js,1,449
621,Identifier,it,-1,-1,-1,76,4,76,6,packages\eventemitter3\test\test.js,1,450
623,FunctionExpression,nan,-1,1,0,83,29,93,5,packages\eventemitter3\test\test.js,1,451
624,Identifier,it,-1,-1,-1,83,4,83,6,packages\eventemitter3\test\test.js,1,452
626,FunctionExpression,nan,-1,1,0,95,63,105,5,packages\eventemitter3\test\test.js,1,453
627,Identifier,it,-1,-1,-1,95,4,95,6,packages\eventemitter3\test\test.js,1,454
629,FunctionExpression,nan,-1,0,0,107,56,123,5,packages\eventemitter3\test\test.js,1,455
630,Identifier,it,-1,-1,-1,107,4,107,6,packages\eventemitter3\test\test.js,1,456
632,FunctionExpression,nan,-1,0,0,125,76,153,5,packages\eventemitter3\test\test.js,1,457
633,Identifier,it,-1,-1,-1,125,4,125,6,packages\eventemitter3\test\test.js,1,458
635,FunctionExpression,nan,-1,0,0,155,62,169,5,packages\eventemitter3\test\test.js,1,459
636,Identifier,it,-1,-1,-1,155,4,155,6,packages\eventemitter3\test\test.js,1,460
638,FunctionExpression,nan,-1,0,0,171,40,186,5,packages\eventemitter3\test\test.js,1,461
639,Identifier,it,-1,-1,-1,171,4,171,6,packages\eventemitter3\test\test.js,1,462
641,FunctionExpression,nan,-1,0,0,188,59,199,5,packages\eventemitter3\test\test.js,1,463
642,Identifier,it,-1,-1,-1,188,4,188,6,packages\eventemitter3\test\test.js,1,464
644,FunctionExpression,nan,-1,1,0,201,38,215,5,packages\eventemitter3\test\test.js,1,465
645,Identifier,it,-1,-1,-1,201,4,201,6,packages\eventemitter3\test\test.js,1,466
647,FunctionExpression,nan,-1,0,0,217,39,232,5,packages\eventemitter3\test\test.js,1,467
648,Identifier,it,-1,-1,-1,217,4,217,6,packages\eventemitter3\test\test.js,1,468
649,ArrayExpression,nan,-1,-1,-1,249,7,257,5,packages\eventemitter3\test\test.js,1,469
650,FunctionExpression,nan,-1,1,1,234,5,249,5,packages\eventemitter3\test\test.js,1,470
652,FunctionExpression,nan,-1,0,0,261,63,266,5,packages\eventemitter3\test\test.js,1,471
653,Identifier,it,-1,-1,-1,261,4,261,6,packages\eventemitter3\test\test.js,1,472
655,FunctionExpression,nan,-1,0,0,268,39,277,5,packages\eventemitter3\test\test.js,1,473
656,Identifier,it,-1,-1,-1,268,4,268,6,packages\eventemitter3\test\test.js,1,474
658,FunctionExpression,nan,-1,0,0,279,45,290,5,packages\eventemitter3\test\test.js,1,475
659,Identifier,it,-1,-1,-1,279,4,279,6,packages\eventemitter3\test\test.js,1,476
661,FunctionExpression,nan,-1,0,0,294,60,304,5,packages\eventemitter3\test\test.js,1,477
662,Identifier,it,-1,-1,-1,294,4,294,6,packages\eventemitter3\test\test.js,1,478
664,FunctionExpression,nan,-1,0,0,308,60,320,5,packages\eventemitter3\test\test.js,1,479
665,Identifier,it,-1,-1,-1,308,4,308,6,packages\eventemitter3\test\test.js,1,480
667,FunctionExpression,nan,-1,0,0,324,29,340,5,packages\eventemitter3\test\test.js,1,481
668,Identifier,it,-1,-1,-1,324,4,324,6,packages\eventemitter3\test\test.js,1,482
670,FunctionExpression,nan,-1,0,0,342,66,354,5,packages\eventemitter3\test\test.js,1,483
671,Identifier,it,-1,-1,-1,342,4,342,6,packages\eventemitter3\test\test.js,1,484
673,FunctionExpression,nan,-1,0,0,356,46,384,5,packages\eventemitter3\test\test.js,1,485
674,Identifier,it,-1,-1,-1,356,4,356,6,packages\eventemitter3\test\test.js,1,486
676,FunctionExpression,nan,-1,1,0,386,39,396,5,packages\eventemitter3\test\test.js,1,487
677,Identifier,it,-1,-1,-1,386,4,386,6,packages\eventemitter3\test\test.js,1,488
679,FunctionExpression,nan,-1,0,0,400,67,408,5,packages\eventemitter3\test\test.js,1,489
680,Identifier,it,-1,-1,-1,400,4,400,6,packages\eventemitter3\test\test.js,1,490
682,FunctionExpression,nan,-1,0,0,410,69,447,5,packages\eventemitter3\test\test.js,1,491
683,Identifier,it,-1,-1,-1,410,4,410,6,packages\eventemitter3\test\test.js,1,492
685,FunctionExpression,nan,-1,0,0,449,67,484,5,packages\eventemitter3\test\test.js,1,493
686,Identifier,it,-1,-1,-1,449,4,449,6,packages\eventemitter3\test\test.js,1,494
688,FunctionExpression,nan,-1,0,0,486,66,523,5,packages\eventemitter3\test\test.js,1,495
689,Identifier,it,-1,-1,-1,486,4,486,6,packages\eventemitter3\test\test.js,1,496
691,FunctionExpression,nan,-1,0,0,527,54,549,5,packages\eventemitter3\test\test.js,1,497
692,Identifier,it,-1,-1,-1,527,4,527,6,packages\eventemitter3\test\test.js,1,498
694,FunctionExpression,nan,-1,0,0,551,48,568,5,packages\eventemitter3\test\test.js,1,499
695,Identifier,it,-1,-1,-1,551,4,551,6,packages\eventemitter3\test\test.js,1,500
697,FunctionExpression,nan,-1,0,0,572,58,581,5,packages\eventemitter3\test\test.js,1,501
698,Identifier,it,-1,-1,-1,572,4,572,6,packages\eventemitter3\test\test.js,1,502
700,FunctionExpression,nan,-1,0,0,583,66,610,5,packages\eventemitter3\test\test.js,1,503
701,Identifier,it,-1,-1,-1,583,4,583,6,packages\eventemitter3\test\test.js,1,504
703,FunctionExpression,nan,-1,0,0,612,57,624,5,packages\eventemitter3\test\test.js,1,505
704,Identifier,it,-1,-1,-1,612,4,612,6,packages\eventemitter3\test\test.js,1,506
705,CallExpression,nan,2,-1,-1,626,39,640,6,packages\eventemitter3\test\test.js,1,507
707,UnaryExpression,nan,1,-1,-1,626,24,626,37,packages\eventemitter3\test\test.js,1,508
708,CallExpression,nan,1,-1,-1,17,6,17,29,packages\eventemitter3\test\test.js,1,509
710,BlockStatement,nan,-1,-1,-1,31,32,33,5,packages\eventemitter3\test\test.js,1,510
711,Identifier,event,-1,-1,-1,45,9,45,14,packages\eventemitter3\test\test.js,1,511
712,FunctionExpression,nan,-1,1,0,45,16,69,5,packages\eventemitter3\test\test.js,1,512
713,MemberExpression,nan,-1,-1,-1,45,4,45,8,packages\eventemitter3\test\test.js,1,513
715,MemberExpression,nan,-1,-1,-1,71,4,71,41,packages\eventemitter3\test\test.js,1,514
717,MemberExpression,nan,-1,-1,-1,72,4,72,39,packages\eventemitter3\test\test.js,1,515
719,BlockStatement,nan,-1,-1,-1,76,76,81,5,packages\eventemitter3\test\test.js,1,516
720,Identifier,done,-1,-1,-1,83,39,83,43,packages\eventemitter3\test\test.js,1,517
722,BlockStatement,nan,-1,-1,-1,83,45,93,5,packages\eventemitter3\test\test.js,1,518
723,Identifier,done,-1,-1,-1,95,73,95,77,packages\eventemitter3\test\test.js,1,519
725,BlockStatement,nan,-1,-1,-1,95,79,105,5,packages\eventemitter3\test\test.js,1,520
727,BlockStatement,nan,-1,-1,-1,107,68,123,5,packages\eventemitter3\test\test.js,1,521
729,BlockStatement,nan,-1,-1,-1,125,88,153,5,packages\eventemitter3\test\test.js,1,522
731,BlockStatement,nan,-1,-1,-1,155,74,169,5,packages\eventemitter3\test\test.js,1,523
733,BlockStatement,nan,-1,-1,-1,171,52,186,5,packages\eventemitter3\test\test.js,1,524
735,BlockStatement,nan,-1,-1,-1,188,71,199,5,packages\eventemitter3\test\test.js,1,525
736,Identifier,done,-1,-1,-1,201,48,201,52,packages\eventemitter3\test\test.js,1,526
738,BlockStatement,nan,-1,-1,-1,201,54,215,5,packages\eventemitter3\test\test.js,1,527
740,BlockStatement,nan,-1,-1,-1,217,51,232,5,packages\eventemitter3\test\test.js,1,528
741,Identifier,each,-1,-1,-1,234,14,234,18,packages\eventemitter3\test\test.js,1,529
742,Identifier,keys,-1,-1,-1,234,19,234,23,packages\eventemitter3\test\test.js,1,530
744,BlockStatement,nan,-1,-1,-1,234,25,249,5,packages\eventemitter3\test\test.js,1,531
746,BlockStatement,nan,-1,-1,-1,261,75,266,5,packages\eventemitter3\test\test.js,1,532
748,BlockStatement,nan,-1,-1,-1,268,51,277,5,packages\eventemitter3\test\test.js,1,533
750,BlockStatement,nan,-1,-1,-1,279,57,290,5,packages\eventemitter3\test\test.js,1,534
752,BlockStatement,nan,-1,-1,-1,294,72,304,5,packages\eventemitter3\test\test.js,1,535
754,BlockStatement,nan,-1,-1,-1,308,72,320,5,packages\eventemitter3\test\test.js,1,536
756,BlockStatement,nan,-1,-1,-1,324,41,340,5,packages\eventemitter3\test\test.js,1,537
758,BlockStatement,nan,-1,-1,-1,342,78,354,5,packages\eventemitter3\test\test.js,1,538
760,BlockStatement,nan,-1,-1,-1,356,58,384,5,packages\eventemitter3\test\test.js,1,539
761,Identifier,done,-1,-1,-1,386,49,386,53,packages\eventemitter3\test\test.js,1,540
763,BlockStatement,nan,-1,-1,-1,386,55,396,5,packages\eventemitter3\test\test.js,1,541
765,BlockStatement,nan,-1,-1,-1,400,79,408,5,packages\eventemitter3\test\test.js,1,542
767,BlockStatement,nan,-1,-1,-1,410,81,447,5,packages\eventemitter3\test\test.js,1,543
769,BlockStatement,nan,-1,-1,-1,449,79,484,5,packages\eventemitter3\test\test.js,1,544
771,BlockStatement,nan,-1,-1,-1,486,78,523,5,packages\eventemitter3\test\test.js,1,545
773,BlockStatement,nan,-1,-1,-1,527,66,549,5,packages\eventemitter3\test\test.js,1,546
775,BlockStatement,nan,-1,-1,-1,551,60,568,5,packages\eventemitter3\test\test.js,1,547
777,BlockStatement,nan,-1,-1,-1,572,70,581,5,packages\eventemitter3\test\test.js,1,548
779,BlockStatement,nan,-1,-1,-1,583,78,610,5,packages\eventemitter3\test\test.js,1,549
781,BlockStatement,nan,-1,-1,-1,612,69,624,5,packages\eventemitter3\test\test.js,1,550
783,FunctionExpression,nan,-1,0,0,626,66,640,5,packages\eventemitter3\test\test.js,1,551
784,Identifier,it,-1,-1,-1,626,39,626,41,packages\eventemitter3\test\test.js,1,552
785,Identifier,Symbol,-1,-1,-1,626,31,626,37,packages\eventemitter3\test\test.js,1,553
786,ThisExpression,nan,-1,-1,-1,17,24,17,28,packages\eventemitter3\test\test.js,1,554
787,MemberExpression,nan,-1,-1,-1,17,6,17,23,packages\eventemitter3\test\test.js,1,555
788,ThrowStatement,nan,1,-1,-1,32,6,32,43,packages\eventemitter3\test\test.js,1,556
789,Identifier,foo,-1,-1,-1,45,25,45,28,packages\eventemitter3\test\test.js,1,557
790,Identifier,arg,-1,-1,-1,45,29,45,32,packages\eventemitter3\test\test.js,1,558
792,BlockStatement,nan,-1,-1,-1,45,34,69,5,packages\eventemitter3\test\test.js,1,559
793,VariableDeclaration,nan,-1,-1,-1,77,6,77,33,packages\eventemitter3\test\test.js,1,560
796,VariableDeclaration,nan,-1,-1,-1,84,6,85,33,packages\eventemitter3\test\test.js,1,561
798,VariableDeclaration,nan,-1,-1,-1,96,6,97,33,packages\eventemitter3\test\test.js,1,562
800,VariableDeclaration,nan,-1,-1,-1,108,6,108,33,packages\eventemitter3\test\test.js,1,563
801,ForStatement,nan,-1,-1,-1,110,6,122,7,packages\eventemitter3\test\test.js,1,564
802,VariableDeclaration,nan,-1,-1,-1,126,6,126,33,packages\eventemitter3\test\test.js,1,565
803,ForStatement,nan,-1,-1,-1,128,6,152,7,packages\eventemitter3\test\test.js,1,566
804,VariableDeclaration,nan,-1,-1,-1,156,6,156,33,packages\eventemitter3\test\test.js,1,567
808,VariableDeclaration,nan,-1,-1,-1,172,6,173,23,packages\eventemitter3\test\test.js,1,568
809,FunctionDeclaration,nan,-1,0,0,175,6,177,7,packages\eventemitter3\test\test.js,1,569
816,VariableDeclaration,nan,-1,-1,-1,189,6,190,21,packages\eventemitter3\test\test.js,1,570
821,VariableDeclaration,nan,-1,-1,-1,202,6,202,33,packages\eventemitter3\test\test.js,1,571
824,VariableDeclaration,nan,-1,-1,-1,218,6,219,23,packages\eventemitter3\test\test.js,1,572
829,VariableDeclaration,nan,-1,-1,-1,235,6,235,29,packages\eventemitter3\test\test.js,1,573
830,IfStatement,nan,-1,-1,-1,237,6,237,23,packages\eventemitter3\test\test.js,1,574
833,VariableDeclaration,nan,-1,-1,-1,262,6,262,33,packages\eventemitter3\test\test.js,1,575
836,VariableDeclaration,nan,-1,-1,-1,269,6,269,33,packages\eventemitter3\test\test.js,1,576
837,FunctionDeclaration,nan,-1,0,0,271,6,271,23,packages\eventemitter3\test\test.js,1,577
842,VariableDeclaration,nan,-1,-1,-1,280,6,280,33,packages\eventemitter3\test\test.js,1,578
843,FunctionDeclaration,nan,-1,0,0,282,6,282,23,packages\eventemitter3\test\test.js,1,579
848,VariableDeclaration,nan,-1,-1,-1,295,6,295,33,packages\eventemitter3\test\test.js,1,580
855,VariableDeclaration,nan,-1,-1,-1,309,6,309,33,packages\eventemitter3\test\test.js,1,581
856,TryStatement,nan,-1,-1,-1,311,6,317,7,packages\eventemitter3\test\test.js,1,582
857,ThrowStatement,nan,1,-1,-1,319,6,319,30,packages\eventemitter3\test\test.js,1,583
858,VariableDeclaration,nan,-1,-1,-1,325,6,326,20,packages\eventemitter3\test\test.js,1,584
867,VariableDeclaration,nan,-1,-1,-1,343,6,344,20,packages\eventemitter3\test\test.js,1,585
872,VariableDeclaration,nan,-1,-1,-1,357,6,360,18,packages\eventemitter3\test\test.js,1,586
885,VariableDeclaration,nan,-1,-1,-1,387,6,388,33,packages\eventemitter3\test\test.js,1,587
887,VariableDeclaration,nan,-1,-1,-1,401,6,401,33,packages\eventemitter3\test\test.js,1,588
892,VariableDeclaration,nan,-1,-1,-1,411,6,411,33,packages\eventemitter3\test\test.js,1,589
893,FunctionDeclaration,nan,-1,0,0,413,6,413,23,packages\eventemitter3\test\test.js,1,590
894,FunctionDeclaration,nan,-1,0,0,414,6,414,23,packages\eventemitter3\test\test.js,1,591
895,FunctionDeclaration,nan,-1,0,0,415,6,415,23,packages\eventemitter3\test\test.js,1,592
920,VariableDeclaration,nan,-1,-1,-1,450,6,450,33,packages\eventemitter3\test\test.js,1,593
921,FunctionDeclaration,nan,-1,0,0,452,6,452,23,packages\eventemitter3\test\test.js,1,594
944,VariableDeclaration,nan,-1,-1,-1,487,6,488,33,packages\eventemitter3\test\test.js,1,595
945,FunctionDeclaration,nan,-1,0,0,490,6,490,23,packages\eventemitter3\test\test.js,1,596
946,FunctionDeclaration,nan,-1,0,0,491,6,491,23,packages\eventemitter3\test\test.js,1,597
969,VariableDeclaration,nan,-1,-1,-1,528,6,528,33,packages\eventemitter3\test\test.js,1,598
986,VariableDeclaration,nan,-1,-1,-1,552,6,552,33,packages\eventemitter3\test\test.js,1,599
999,VariableDeclaration,nan,-1,-1,-1,573,6,573,33,packages\eventemitter3\test\test.js,1,600
1004,VariableDeclaration,nan,-1,-1,-1,584,6,585,19,packages\eventemitter3\test\test.js,1,601
1005,FunctionDeclaration,nan,-1,0,0,587,6,587,23,packages\eventemitter3\test\test.js,1,602
1006,IfStatement,nan,-1,-1,-1,589,6,596,7,packages\eventemitter3\test\test.js,1,603
1009,TryStatement,nan,-1,-1,-1,601,6,609,7,packages\eventemitter3\test\test.js,1,604
1010,VariableDeclaration,nan,-1,-1,-1,613,6,613,33,packages\eventemitter3\test\test.js,1,605
1011,FunctionDeclaration,nan,-1,0,0,615,6,615,30,packages\eventemitter3\test\test.js,1,606
1017,BlockStatement,nan,-1,-1,-1,626,78,640,5,packages\eventemitter3\test\test.js,1,607
1018,NewExpression,nan,1,-1,-1,32,12,32,42,packages\eventemitter3\test\test.js,1,608
1022,FunctionDeclaration,nan,-1,1,0,50,6,55,7,packages\eventemitter3\test\test.js,1,609
1032,CallExpression,nan,1,-1,-1,79,6,79,41,packages\eventemitter3\test\test.js,1,610
1033,CallExpression,nan,1,-1,-1,80,6,80,41,packages\eventemitter3\test\test.js,1,611
1034,CallExpression,nan,2,-1,-1,87,6,92,36,packages\eventemitter3\test\test.js,1,612
1035,CallExpression,nan,12,-1,-1,99,6,104,66,packages\eventemitter3\test\test.js,1,613
1037,BlockStatement,nan,-1,-1,-1,110,36,122,7,packages\eventemitter3\test\test.js,1,614
1039,BlockStatement,nan,-1,-1,-1,128,36,152,7,packages\eventemitter3\test\test.js,1,615
1040,CallExpression,nan,3,-1,-1,158,6,161,24,packages\eventemitter3\test\test.js,1,616
1041,CallExpression,nan,3,-1,-1,163,6,166,24,packages\eventemitter3\test\test.js,1,617
1042,CallExpression,nan,2,-1,-1,168,6,168,26,packages\eventemitter3\test\test.js,1,618
1043,Identifier,writer,-1,-1,-1,175,15,175,21,packages\eventemitter3\test\test.js,1,619
1045,BlockStatement,nan,-1,-1,-1,175,24,177,7,packages\eventemitter3\test\test.js,1,620
1046,CallExpression,nan,3,-1,-1,179,6,179,34,packages\eventemitter3\test\test.js,1,621
1047,CallExpression,nan,3,-1,-1,180,6,180,34,packages\eventemitter3\test\test.js,1,622
1048,CallExpression,nan,3,-1,-1,181,6,181,36,packages\eventemitter3\test\test.js,1,623
1049,CallExpression,nan,3,-1,-1,182,6,182,39,packages\eventemitter3\test\test.js,1,624
1050,CallExpression,nan,1,-1,-1,184,6,184,21,packages\eventemitter3\test\test.js,1,625
1051,CallExpression,nan,1,-1,-1,185,6,185,47,packages\eventemitter3\test\test.js,1,626
1052,CallExpression,nan,2,-1,-1,192,6,194,8,packages\eventemitter3\test\test.js,1,627
1053,CallExpression,nan,1,-1,-1,196,6,196,40,packages\eventemitter3\test\test.js,1,628
1054,CallExpression,nan,1,-1,-1,197,6,197,42,packages\eventemitter3\test\test.js,1,629
1055,CallExpression,nan,1,-1,-1,198,6,198,30,packages\eventemitter3\test\test.js,1,630
1056,CallExpression,nan,2,-1,-1,204,6,212,8,packages\eventemitter3\test\test.js,1,631
1057,CallExpression,nan,4,-1,-1,214,6,214,42,packages\eventemitter3\test\test.js,1,632
1058,CallExpression,nan,2,-1,-1,221,6,223,8,packages\eventemitter3\test\test.js,1,633
1059,CallExpression,nan,2,-1,-1,225,6,227,8,packages\eventemitter3\test\test.js,1,634
1060,CallExpression,nan,1,-1,-1,229,6,229,19,packages\eventemitter3\test\test.js,1,635
1061,CallExpression,nan,1,-1,-1,231,6,231,51,packages\eventemitter3\test\test.js,1,636
1062,ReturnStatement,nan,-1,-1,-1,237,16,237,23,packages\eventemitter3\test\test.js,1,637
1063,UnaryExpression,nan,1,-1,-1,237,10,237,14,packages\eventemitter3\test\test.js,1,638
1064,CallExpression,nan,2,-1,-1,239,6,246,8,packages\eventemitter3\test\test.js,1,639
1065,CallExpression,nan,1,-1,-1,248,6,248,16,packages\eventemitter3\test\test.js,1,640
1066,CallExpression,nan,1,-1,-1,264,6,264,46,packages\eventemitter3\test\test.js,1,641
1067,CallExpression,nan,1,-1,-1,265,6,265,49,packages\eventemitter3\test\test.js,1,642
1068,Identifier,foo,-1,-1,-1,271,15,271,18,packages\eventemitter3\test\test.js,1,643
1070,BlockStatement,nan,-1,-1,-1,271,21,271,23,packages\eventemitter3\test\test.js,1,644
1071,CallExpression,nan,2,-1,-1,273,6,273,22,packages\eventemitter3\test\test.js,1,645
1072,CallExpression,nan,1,-1,-1,274,6,274,46,packages\eventemitter3\test\test.js,1,646
1073,CallExpression,nan,1,-1,-1,275,6,275,49,packages\eventemitter3\test\test.js,1,647
1074,CallExpression,nan,1,-1,-1,276,6,276,51,packages\eventemitter3\test\test.js,1,648
1075,Identifier,foo,-1,-1,-1,282,15,282,18,packages\eventemitter3\test\test.js,1,649
1077,BlockStatement,nan,-1,-1,-1,282,21,282,23,packages\eventemitter3\test\test.js,1,650
1078,CallExpression,nan,2,-1,-1,284,6,284,22,packages\eventemitter3\test\test.js,1,651
1079,CallExpression,nan,1,-1,-1,286,6,286,51,packages\eventemitter3\test\test.js,1,652
1080,AssignmentExpression,nan,-1,-1,-1,288,6,288,35,packages\eventemitter3\test\test.js,1,653
1081,CallExpression,nan,1,-1,-1,289,6,289,51,packages\eventemitter3\test\test.js,1,654
1082,CallExpression,nan,1,-1,-1,297,6,297,41,packages\eventemitter3\test\test.js,1,655
1083,CallExpression,nan,1,-1,-1,298,6,298,46,packages\eventemitter3\test\test.js,1,656
1084,CallExpression,nan,2,-1,-1,300,6,300,33,packages\eventemitter3\test\test.js,1,657
1085,CallExpression,nan,1,-1,-1,301,6,301,46,packages\eventemitter3\test\test.js,1,658
1086,CallExpression,nan,2,-1,-1,302,6,302,33,packages\eventemitter3\test\test.js,1,659
1087,CallExpression,nan,1,-1,-1,303,6,303,46,packages\eventemitter3\test\test.js,1,660
1088,NewExpression,nan,1,-1,-1,319,12,319,29,packages\eventemitter3\test\test.js,1,661
1089,CallExpression,nan,2,-1,-1,328,6,330,8,packages\eventemitter3\test\test.js,1,662
1090,CallExpression,nan,1,-1,-1,332,6,332,19,packages\eventemitter3\test\test.js,1,663
1091,CallExpression,nan,1,-1,-1,333,6,333,19,packages\eventemitter3\test\test.js,1,664
1092,CallExpression,nan,1,-1,-1,334,6,334,19,packages\eventemitter3\test\test.js,1,665
1093,CallExpression,nan,1,-1,-1,335,6,335,19,packages\eventemitter3\test\test.js,1,666
1094,CallExpression,nan,1,-1,-1,336,6,336,19,packages\eventemitter3\test\test.js,1,667
1095,CallExpression,nan,1,-1,-1,338,6,338,49,packages\eventemitter3\test\test.js,1,668
1096,CallExpression,nan,1,-1,-1,339,6,339,29,packages\eventemitter3\test\test.js,1,669
1097,CallExpression,nan,2,-1,-1,346,6,349,8,packages\eventemitter3\test\test.js,1,670
1098,CallExpression,nan,1,-1,-1,351,6,351,19,packages\eventemitter3\test\test.js,1,671
1099,CallExpression,nan,1,-1,-1,352,6,352,49,packages\eventemitter3\test\test.js,1,672
1100,CallExpression,nan,1,-1,-1,353,6,353,29,packages\eventemitter3\test\test.js,1,673
1101,CallExpression,nan,2,-1,-1,362,6,364,8,packages\eventemitter3\test\test.js,1,674
1102,CallExpression,nan,2,-1,-1,366,6,368,8,packages\eventemitter3\test\test.js,1,675
1103,CallExpression,nan,2,-1,-1,370,6,372,8,packages\eventemitter3\test\test.js,1,676
1104,CallExpression,nan,1,-1,-1,374,6,374,19,packages\eventemitter3\test\test.js,1,677
1105,CallExpression,nan,1,-1,-1,375,6,375,19,packages\eventemitter3\test\test.js,1,678
1106,CallExpression,nan,1,-1,-1,376,6,376,19,packages\eventemitter3\test\test.js,1,679
1107,CallExpression,nan,1,-1,-1,377,6,377,19,packages\eventemitter3\test\test.js,1,680
1108,CallExpression,nan,1,-1,-1,378,6,378,19,packages\eventemitter3\test\test.js,1,681
1109,CallExpression,nan,1,-1,-1,380,6,380,49,packages\eventemitter3\test\test.js,1,682
1110,CallExpression,nan,1,-1,-1,381,6,381,29,packages\eventemitter3\test\test.js,1,683
1111,CallExpression,nan,1,-1,-1,382,6,382,27,packages\eventemitter3\test\test.js,1,684
1112,CallExpression,nan,1,-1,-1,383,6,383,27,packages\eventemitter3\test\test.js,1,685
1113,CallExpression,nan,2,-1,-1,390,6,395,36,packages\eventemitter3\test\test.js,1,686
1114,CallExpression,nan,2,-1,-1,403,6,403,33,packages\eventemitter3\test\test.js,1,687
1115,CallExpression,nan,2,-1,-1,404,6,404,33,packages\eventemitter3\test\test.js,1,688
1116,CallExpression,nan,1,-1,-1,406,6,406,47,packages\eventemitter3\test\test.js,1,689
1117,CallExpression,nan,1,-1,-1,407,6,407,40,packages\eventemitter3\test\test.js,1,690
1118,Identifier,foo,-1,-1,-1,413,15,413,18,packages\eventemitter3\test\test.js,1,691
1120,BlockStatement,nan,-1,-1,-1,413,21,413,23,packages\eventemitter3\test\test.js,1,692
1121,Identifier,bar,-1,-1,-1,414,15,414,18,packages\eventemitter3\test\test.js,1,693
1123,BlockStatement,nan,-1,-1,-1,414,21,414,23,packages\eventemitter3\test\test.js,1,694
1124,Identifier,baz,-1,-1,-1,415,15,415,18,packages\eventemitter3\test\test.js,1,695
1126,BlockStatement,nan,-1,-1,-1,415,21,415,23,packages\eventemitter3\test\test.js,1,696
1127,CallExpression,nan,2,-1,-1,417,6,417,22,packages\eventemitter3\test\test.js,1,697
1128,CallExpression,nan,2,-1,-1,418,6,418,22,packages\eventemitter3\test\test.js,1,698
1129,CallExpression,nan,2,-1,-1,419,6,419,22,packages\eventemitter3\test\test.js,1,699
1130,CallExpression,nan,1,-1,-1,421,6,421,52,packages\eventemitter3\test\test.js,1,700
1131,CallExpression,nan,1,-1,-1,422,6,422,48,packages\eventemitter3\test\test.js,1,701
1132,CallExpression,nan,1,-1,-1,423,6,423,43,packages\eventemitter3\test\test.js,1,702
1133,CallExpression,nan,1,-1,-1,424,6,424,38,packages\eventemitter3\test\test.js,1,703
1134,CallExpression,nan,1,-1,-1,426,6,426,52,packages\eventemitter3\test\test.js,1,704
1135,CallExpression,nan,1,-1,-1,427,6,427,48,packages\eventemitter3\test\test.js,1,705
1136,CallExpression,nan,1,-1,-1,428,6,428,40,packages\eventemitter3\test\test.js,1,706
1137,CallExpression,nan,1,-1,-1,429,6,429,38,packages\eventemitter3\test\test.js,1,707
1138,CallExpression,nan,1,-1,-1,431,6,431,52,packages\eventemitter3\test\test.js,1,708
1139,CallExpression,nan,1,-1,-1,432,6,432,43,packages\eventemitter3\test\test.js,1,709
1140,CallExpression,nan,1,-1,-1,433,6,433,38,packages\eventemitter3\test\test.js,1,710
1141,CallExpression,nan,1,-1,-1,435,6,435,52,packages\eventemitter3\test\test.js,1,711
1142,CallExpression,nan,1,-1,-1,436,6,436,40,packages\eventemitter3\test\test.js,1,712
1143,CallExpression,nan,1,-1,-1,437,6,437,38,packages\eventemitter3\test\test.js,1,713
1144,CallExpression,nan,2,-1,-1,439,6,439,22,packages\eventemitter3\test\test.js,1,714
1145,CallExpression,nan,2,-1,-1,440,6,440,22,packages\eventemitter3\test\test.js,1,715
1146,CallExpression,nan,2,-1,-1,441,6,441,22,packages\eventemitter3\test\test.js,1,716
1147,CallExpression,nan,1,-1,-1,443,6,443,52,packages\eventemitter3\test\test.js,1,717
1148,CallExpression,nan,1,-1,-1,444,6,444,43,packages\eventemitter3\test\test.js,1,718
1149,CallExpression,nan,1,-1,-1,445,6,445,40,packages\eventemitter3\test\test.js,1,719
1150,CallExpression,nan,1,-1,-1,446,6,446,38,packages\eventemitter3\test\test.js,1,720
1151,Identifier,foo,-1,-1,-1,452,15,452,18,packages\eventemitter3\test\test.js,1,721
1153,BlockStatement,nan,-1,-1,-1,452,21,452,23,packages\eventemitter3\test\test.js,1,722
1154,CallExpression,nan,2,-1,-1,454,6,454,22,packages\eventemitter3\test\test.js,1,723
1155,CallExpression,nan,1,-1,-1,456,6,456,80,packages\eventemitter3\test\test.js,1,724
1156,CallExpression,nan,1,-1,-1,457,6,457,43,packages\eventemitter3\test\test.js,1,725
1157,CallExpression,nan,1,-1,-1,458,6,458,38,packages\eventemitter3\test\test.js,1,726
1158,CallExpression,nan,1,-1,-1,460,6,460,69,packages\eventemitter3\test\test.js,1,727
1159,CallExpression,nan,1,-1,-1,461,6,461,43,packages\eventemitter3\test\test.js,1,728
1160,CallExpression,nan,1,-1,-1,462,6,462,38,packages\eventemitter3\test\test.js,1,729
1161,CallExpression,nan,1,-1,-1,464,6,464,52,packages\eventemitter3\test\test.js,1,730
1162,CallExpression,nan,1,-1,-1,465,6,465,40,packages\eventemitter3\test\test.js,1,731
1163,CallExpression,nan,1,-1,-1,466,6,466,38,packages\eventemitter3\test\test.js,1,732
1164,CallExpression,nan,2,-1,-1,468,6,468,24,packages\eventemitter3\test\test.js,1,733
1165,CallExpression,nan,2,-1,-1,469,6,469,22,packages\eventemitter3\test\test.js,1,734
1166,CallExpression,nan,1,-1,-1,471,6,471,80,packages\eventemitter3\test\test.js,1,735
1167,CallExpression,nan,1,-1,-1,472,6,472,48,packages\eventemitter3\test\test.js,1,736
1168,CallExpression,nan,1,-1,-1,473,6,473,38,packages\eventemitter3\test\test.js,1,737
1169,CallExpression,nan,1,-1,-1,475,6,475,69,packages\eventemitter3\test\test.js,1,738
1170,CallExpression,nan,1,-1,-1,476,6,476,43,packages\eventemitter3\test\test.js,1,739
1171,CallExpression,nan,1,-1,-1,477,6,477,38,packages\eventemitter3\test\test.js,1,740
1172,CallExpression,nan,2,-1,-1,479,6,479,24,packages\eventemitter3\test\test.js,1,741
1173,CallExpression,nan,1,-1,-1,481,6,481,52,packages\eventemitter3\test\test.js,1,742
1174,CallExpression,nan,1,-1,-1,482,6,482,40,packages\eventemitter3\test\test.js,1,743
1175,CallExpression,nan,1,-1,-1,483,6,483,38,packages\eventemitter3\test\test.js,1,744
1176,Identifier,foo,-1,-1,-1,490,15,490,18,packages\eventemitter3\test\test.js,1,745
1178,BlockStatement,nan,-1,-1,-1,490,21,490,23,packages\eventemitter3\test\test.js,1,746
1179,Identifier,bar,-1,-1,-1,491,15,491,18,packages\eventemitter3\test\test.js,1,747
1181,BlockStatement,nan,-1,-1,-1,491,21,491,23,packages\eventemitter3\test\test.js,1,748
1182,CallExpression,nan,3,-1,-1,493,6,493,31,packages\eventemitter3\test\test.js,1,749
1183,CallExpression,nan,1,-1,-1,495,6,495,72,packages\eventemitter3\test\test.js,1,750
1184,CallExpression,nan,1,-1,-1,496,6,496,43,packages\eventemitter3\test\test.js,1,751
1185,CallExpression,nan,1,-1,-1,497,6,497,38,packages\eventemitter3\test\test.js,1,752
1186,CallExpression,nan,1,-1,-1,499,6,499,69,packages\eventemitter3\test\test.js,1,753
1187,CallExpression,nan,1,-1,-1,500,6,500,43,packages\eventemitter3\test\test.js,1,754
1188,CallExpression,nan,1,-1,-1,501,6,501,38,packages\eventemitter3\test\test.js,1,755
1189,CallExpression,nan,1,-1,-1,503,6,503,61,packages\eventemitter3\test\test.js,1,756
1190,CallExpression,nan,1,-1,-1,504,6,504,40,packages\eventemitter3\test\test.js,1,757
1191,CallExpression,nan,1,-1,-1,505,6,505,38,packages\eventemitter3\test\test.js,1,758
1192,CallExpression,nan,3,-1,-1,507,6,507,31,packages\eventemitter3\test\test.js,1,759
1193,CallExpression,nan,2,-1,-1,508,6,508,22,packages\eventemitter3\test\test.js,1,760
1194,CallExpression,nan,1,-1,-1,510,6,510,69,packages\eventemitter3\test\test.js,1,761
1195,CallExpression,nan,1,-1,-1,511,6,511,48,packages\eventemitter3\test\test.js,1,762
1196,CallExpression,nan,1,-1,-1,512,6,512,38,packages\eventemitter3\test\test.js,1,763
1197,CallExpression,nan,1,-1,-1,514,6,514,61,packages\eventemitter3\test\test.js,1,764
1198,CallExpression,nan,1,-1,-1,515,6,515,43,packages\eventemitter3\test\test.js,1,765
1199,CallExpression,nan,1,-1,-1,516,6,516,38,packages\eventemitter3\test\test.js,1,766
1200,CallExpression,nan,3,-1,-1,518,6,518,31,packages\eventemitter3\test\test.js,1,767
1201,CallExpression,nan,1,-1,-1,520,6,520,52,packages\eventemitter3\test\test.js,1,768
1202,CallExpression,nan,1,-1,-1,521,6,521,40,packages\eventemitter3\test\test.js,1,769
1203,CallExpression,nan,1,-1,-1,522,6,522,38,packages\eventemitter3\test\test.js,1,770
1204,CallExpression,nan,2,-1,-1,530,6,530,59,packages\eventemitter3\test\test.js,1,771
1205,CallExpression,nan,2,-1,-1,531,6,531,59,packages\eventemitter3\test\test.js,1,772
1206,CallExpression,nan,2,-1,-1,532,6,532,59,packages\eventemitter3\test\test.js,1,773
1207,CallExpression,nan,2,-1,-1,533,6,533,59,packages\eventemitter3\test\test.js,1,774
1208,CallExpression,nan,1,-1,-1,535,6,535,51,packages\eventemitter3\test\test.js,1,775
1209,CallExpression,nan,1,-1,-1,536,6,536,49,packages\eventemitter3\test\test.js,1,776
1210,CallExpression,nan,1,-1,-1,537,6,537,49,packages\eventemitter3\test\test.js,1,777
1211,CallExpression,nan,1,-1,-1,538,6,538,49,packages\eventemitter3\test\test.js,1,778
1212,CallExpression,nan,1,-1,-1,539,6,539,38,packages\eventemitter3\test\test.js,1,779
1213,CallExpression,nan,1,-1,-1,541,6,541,51,packages\eventemitter3\test\test.js,1,780
1214,CallExpression,nan,1,-1,-1,542,6,542,38,packages\eventemitter3\test\test.js,1,781
1215,CallExpression,nan,1,-1,-1,543,6,543,51,packages\eventemitter3\test\test.js,1,782
1216,CallExpression,nan,1,-1,-1,544,6,544,38,packages\eventemitter3\test\test.js,1,783
1217,CallExpression,nan,1,-1,-1,546,6,546,41,packages\eventemitter3\test\test.js,1,784
1218,CallExpression,nan,1,-1,-1,547,6,547,41,packages\eventemitter3\test\test.js,1,785
1219,CallExpression,nan,1,-1,-1,548,6,548,41,packages\eventemitter3\test\test.js,1,786
1220,CallExpression,nan,2,-1,-1,554,6,554,59,packages\eventemitter3\test\test.js,1,787
1221,CallExpression,nan,2,-1,-1,555,6,555,59,packages\eventemitter3\test\test.js,1,788
1222,CallExpression,nan,2,-1,-1,556,6,556,59,packages\eventemitter3\test\test.js,1,789
1223,CallExpression,nan,2,-1,-1,557,6,557,59,packages\eventemitter3\test\test.js,1,790
1224,CallExpression,nan,1,-1,-1,559,6,559,46,packages\eventemitter3\test\test.js,1,791
1225,CallExpression,nan,1,-1,-1,560,6,560,49,packages\eventemitter3\test\test.js,1,792
1226,CallExpression,nan,1,-1,-1,561,6,561,49,packages\eventemitter3\test\test.js,1,793
1227,CallExpression,nan,1,-1,-1,562,6,562,49,packages\eventemitter3\test\test.js,1,794
1228,CallExpression,nan,1,-1,-1,563,6,563,38,packages\eventemitter3\test\test.js,1,795
1229,CallExpression,nan,1,-1,-1,565,6,565,41,packages\eventemitter3\test\test.js,1,796
1230,CallExpression,nan,1,-1,-1,566,6,566,41,packages\eventemitter3\test\test.js,1,797
1231,CallExpression,nan,1,-1,-1,567,6,567,41,packages\eventemitter3\test\test.js,1,798
1232,CallExpression,nan,1,-1,-1,575,6,575,36,packages\eventemitter3\test\test.js,1,799
1233,CallExpression,nan,2,-1,-1,577,6,577,33,packages\eventemitter3\test\test.js,1,800
1234,CallExpression,nan,1,-1,-1,578,6,578,33,packages\eventemitter3\test\test.js,1,801
1235,CallExpression,nan,1,-1,-1,580,6,580,36,packages\eventemitter3\test\test.js,1,802
1236,Identifier,bar,-1,-1,-1,587,15,587,18,packages\eventemitter3\test\test.js,1,803
1238,BlockStatement,nan,-1,-1,-1,587,21,587,23,packages\eventemitter3\test\test.js,1,804
1239,BlockStatement,nan,-1,-1,-1,589,40,596,7,packages\eventemitter3\test\test.js,1,805
1240,MemberExpression,nan,-1,-1,-1,589,10,589,38,packages\eventemitter3\test\test.js,1,806
1241,CallExpression,nan,2,-1,-1,598,6,598,33,packages\eventemitter3\test\test.js,1,807
1242,CallExpression,nan,2,-1,-1,599,6,599,22,packages\eventemitter3\test\test.js,1,808
1243,Identifier,Collection,-1,-1,-1,615,15,615,25,packages\eventemitter3\test\test.js,1,809
1245,BlockStatement,nan,-1,-1,-1,615,28,615,30,packages\eventemitter3\test\test.js,1,810
1246,AssignmentExpression,nan,-1,-1,-1,616,6,618,7,packages\eventemitter3\test\test.js,1,811
1247,AssignmentExpression,nan,-1,-1,-1,620,6,620,34,packages\eventemitter3\test\test.js,1,812
1248,CallExpression,nan,1,-1,-1,622,6,622,42,packages\eventemitter3\test\test.js,1,813
1249,CallExpression,nan,1,-1,-1,623,6,623,36,packages\eventemitter3\test\test.js,1,814
1250,VariableDeclaration,nan,-1,-1,-1,627,6,628,26,packages\eventemitter3\test\test.js,1,815
1251,FunctionDeclaration,nan,-1,0,0,630,6,630,23,packages\eventemitter3\test\test.js,1,816
1258,Identifier,Error,-1,-1,-1,32,16,32,21,packages\eventemitter3\test\test.js,1,817
1259,CallExpression,nan,1,-1,-1,46,6,46,48,packages\eventemitter3\test\test.js,1,818
1260,CallExpression,nan,1,-1,-1,47,6,47,50,packages\eventemitter3\test\test.js,1,819
1261,CallExpression,nan,1,-1,-1,48,6,48,31,packages\eventemitter3\test\test.js,1,820
1262,Identifier,bar,-1,-1,-1,50,15,50,18,packages\eventemitter3\test\test.js,1,821
1263,Identifier,onced,-1,-1,-1,50,19,50,24,packages\eventemitter3\test\test.js,1,822
1265,BlockStatement,nan,-1,-1,-1,50,26,55,7,packages\eventemitter3\test\test.js,1,823
1266,CallExpression,nan,2,-1,-1,57,6,57,26,packages\eventemitter3\test\test.js,1,824
1267,CallExpression,nan,1,-1,-1,59,6,59,46,packages\eventemitter3\test\test.js,1,825
1268,CallExpression,nan,1,-1,-1,60,6,60,51,packages\eventemitter3\test\test.js,1,826
1269,CallExpression,nan,1,-1,-1,61,6,61,48,packages\eventemitter3\test\test.js,1,827
1270,CallExpression,nan,1,-1,-1,62,6,62,53,packages\eventemitter3\test\test.js,1,828
1271,CallExpression,nan,1,-1,-1,64,6,64,29,packages\eventemitter3\test\test.js,1,829
1272,CallExpression,nan,1,-1,-1,66,6,66,46,packages\eventemitter3\test\test.js,1,830
1273,CallExpression,nan,1,-1,-1,67,6,67,48,packages\eventemitter3\test\test.js,1,831
1274,CallExpression,nan,1,-1,-1,68,6,68,49,packages\eventemitter3\test\test.js,1,832
1276,MemberExpression,nan,-1,-1,-1,79,6,79,34,packages\eventemitter3\test\test.js,1,833
1278,MemberExpression,nan,-1,-1,-1,80,6,80,34,packages\eventemitter3\test\test.js,1,834
1281,MemberExpression,nan,-1,-1,-1,87,6,92,22,packages\eventemitter3\test\test.js,1,835
1294,MemberExpression,nan,-1,-1,-1,99,6,104,22,packages\eventemitter3\test\test.js,1,836
1295,Identifier,i,-1,-1,-1,110,22,110,23,packages\eventemitter3\test\test.js,1,837
1298,Identifier,i,-1,-1,-1,128,22,128,23,packages\eventemitter3\test\test.js,1,838
1302,FunctionExpression,nan,-1,1,0,158,18,161,7,packages\eventemitter3\test\test.js,1,839
1303,ObjectExpression,nan,-1,-1,-1,161,9,161,23,packages\eventemitter3\test\test.js,1,840
1304,MemberExpression,nan,-1,-1,-1,158,6,158,10,packages\eventemitter3\test\test.js,1,841
1306,FunctionExpression,nan,-1,1,0,163,18,166,7,packages\eventemitter3\test\test.js,1,842
1307,ObjectExpression,nan,-1,-1,-1,166,9,166,23,packages\eventemitter3\test\test.js,1,843
1308,MemberExpression,nan,-1,-1,-1,163,6,163,10,packages\eventemitter3\test\test.js,1,844
1311,MemberExpression,nan,-1,-1,-1,168,6,168,12,packages\eventemitter3\test\test.js,1,845
1314,Identifier,writer,-1,-1,-1,179,20,179,26,packages\eventemitter3\test\test.js,1,846
1316,MemberExpression,nan,-1,-1,-1,179,6,179,10,packages\eventemitter3\test\test.js,1,847
1318,Identifier,writer,-1,-1,-1,180,20,180,26,packages\eventemitter3\test\test.js,1,848
1320,MemberExpression,nan,-1,-1,-1,180,6,180,10,packages\eventemitter3\test\test.js,1,849
1322,Identifier,writer,-1,-1,-1,181,22,181,28,packages\eventemitter3\test\test.js,1,850
1324,MemberExpression,nan,-1,-1,-1,181,6,181,12,packages\eventemitter3\test\test.js,1,851
1326,Identifier,writer,-1,-1,-1,182,22,182,28,packages\eventemitter3\test\test.js,1,852
1328,MemberExpression,nan,-1,-1,-1,182,6,182,12,packages\eventemitter3\test\test.js,1,853
1330,MemberExpression,nan,-1,-1,-1,184,6,184,12,packages\eventemitter3\test\test.js,1,854
1332,MemberExpression,nan,-1,-1,-1,185,6,185,28,packages\eventemitter3\test\test.js,1,855
1334,FunctionExpression,nan,-1,0,0,192,18,194,7,packages\eventemitter3\test\test.js,1,856
1335,MemberExpression,nan,-1,-1,-1,192,6,192,10,packages\eventemitter3\test\test.js,1,857
1337,MemberExpression,nan,-1,-1,-1,196,6,196,34,packages\eventemitter3\test\test.js,1,858
1339,MemberExpression,nan,-1,-1,-1,197,6,197,35,packages\eventemitter3\test\test.js,1,859
1341,MemberExpression,nan,-1,-1,-1,198,6,198,27,packages\eventemitter3\test\test.js,1,860
1343,FunctionExpression,nan,-1,5,0,204,19,212,7,packages\eventemitter3\test\test.js,1,861
1344,MemberExpression,nan,-1,-1,-1,204,6,204,10,packages\eventemitter3\test\test.js,1,862
1347,Identifier,e,-1,-1,-1,214,28,214,29,packages\eventemitter3\test\test.js,1,863
1348,NewExpression,nan,0,-1,-1,214,31,214,41,packages\eventemitter3\test\test.js,1,864
1349,MemberExpression,nan,-1,-1,-1,214,6,214,12,packages\eventemitter3\test\test.js,1,865
1351,FunctionExpression,nan,-1,0,0,221,18,223,7,packages\eventemitter3\test\test.js,1,866
1352,MemberExpression,nan,-1,-1,-1,221,6,221,10,packages\eventemitter3\test\test.js,1,867
1354,FunctionExpression,nan,-1,0,0,225,18,227,7,packages\eventemitter3\test\test.js,1,868
1355,MemberExpression,nan,-1,-1,-1,225,6,225,10,packages\eventemitter3\test\test.js,1,869
1357,MemberExpression,nan,-1,-1,-1,229,6,229,12,packages\eventemitter3\test\test.js,1,870
1359,MemberExpression,nan,-1,-1,-1,231,6,231,38,packages\eventemitter3\test\test.js,1,871
1360,Identifier,key,-1,-1,-1,237,11,237,14,packages\eventemitter3\test\test.js,1,872
1362,FunctionExpression,nan,-1,1,0,239,61,246,7,packages\eventemitter3\test\test.js,1,873
1363,Identifier,it,-1,-1,-1,239,6,239,8,packages\eventemitter3\test\test.js,1,874
1364,Identifier,keys,-1,-1,-1,248,11,248,15,packages\eventemitter3\test\test.js,1,875
1365,Identifier,each,-1,-1,-1,248,6,248,10,packages\eventemitter3\test\test.js,1,876
1367,MemberExpression,nan,-1,-1,-1,264,6,264,37,packages\eventemitter3\test\test.js,1,877
1369,MemberExpression,nan,-1,-1,-1,265,6,265,46,packages\eventemitter3\test\test.js,1,878
1371,Identifier,foo,-1,-1,-1,273,18,273,21,packages\eventemitter3\test\test.js,1,879
1372,MemberExpression,nan,-1,-1,-1,273,6,273,10,packages\eventemitter3\test\test.js,1,880
1374,MemberExpression,nan,-1,-1,-1,274,6,274,37,packages\eventemitter3\test\test.js,1,881
1376,MemberExpression,nan,-1,-1,-1,275,6,275,46,packages\eventemitter3\test\test.js,1,882
1377,ArrayExpression,nan,-1,-1,-1,276,45,276,50,packages\eventemitter3\test\test.js,1,883
1378,MemberExpression,nan,-1,-1,-1,276,6,276,44,packages\eventemitter3\test\test.js,1,884
1380,Identifier,foo,-1,-1,-1,284,18,284,21,packages\eventemitter3\test\test.js,1,885
1381,MemberExpression,nan,-1,-1,-1,284,6,284,10,packages\eventemitter3\test\test.js,1,886
1382,ArrayExpression,nan,-1,-1,-1,286,45,286,50,packages\eventemitter3\test\test.js,1,887
1383,MemberExpression,nan,-1,-1,-1,286,6,286,44,packages\eventemitter3\test\test.js,1,888
1384,MemberExpression,nan,-1,-1,-1,288,6,288,31,packages\eventemitter3\test\test.js,1,889
1386,ArrayExpression,nan,-1,-1,-1,289,45,289,50,packages\eventemitter3\test\test.js,1,890
1387,MemberExpression,nan,-1,-1,-1,289,6,289,44,packages\eventemitter3\test\test.js,1,891
1389,MemberExpression,nan,-1,-1,-1,297,6,297,38,packages\eventemitter3\test\test.js,1,892
1391,MemberExpression,nan,-1,-1,-1,298,6,298,43,packages\eventemitter3\test\test.js,1,893
1393,FunctionExpression,nan,-1,0,0,300,18,300,32,packages\eventemitter3\test\test.js,1,894
1394,MemberExpression,nan,-1,-1,-1,300,6,300,10,packages\eventemitter3\test\test.js,1,895
1396,MemberExpression,nan,-1,-1,-1,301,6,301,43,packages\eventemitter3\test\test.js,1,896
1398,FunctionExpression,nan,-1,0,0,302,18,302,32,packages\eventemitter3\test\test.js,1,897
1399,MemberExpression,nan,-1,-1,-1,302,6,302,10,packages\eventemitter3\test\test.js,1,898
1401,MemberExpression,nan,-1,-1,-1,303,6,303,43,packages\eventemitter3\test\test.js,1,899
1403,Identifier,Error,-1,-1,-1,319,16,319,21,packages\eventemitter3\test\test.js,1,900
1405,FunctionExpression,nan,-1,0,0,328,20,330,7,packages\eventemitter3\test\test.js,1,901
1406,MemberExpression,nan,-1,-1,-1,328,6,328,12,packages\eventemitter3\test\test.js,1,902
1408,MemberExpression,nan,-1,-1,-1,332,6,332,12,packages\eventemitter3\test\test.js,1,903
1410,MemberExpression,nan,-1,-1,-1,333,6,333,12,packages\eventemitter3\test\test.js,1,904
1412,MemberExpression,nan,-1,-1,-1,334,6,334,12,packages\eventemitter3\test\test.js,1,905
1414,MemberExpression,nan,-1,-1,-1,335,6,335,12,packages\eventemitter3\test\test.js,1,906
1416,MemberExpression,nan,-1,-1,-1,336,6,336,12,packages\eventemitter3\test\test.js,1,907
1418,MemberExpression,nan,-1,-1,-1,338,6,338,46,packages\eventemitter3\test\test.js,1,908
1420,MemberExpression,nan,-1,-1,-1,339,6,339,26,packages\eventemitter3\test\test.js,1,909
1422,FunctionExpression,nan,-1,0,0,346,20,349,7,packages\eventemitter3\test\test.js,1,910
1423,MemberExpression,nan,-1,-1,-1,346,6,346,12,packages\eventemitter3\test\test.js,1,911
1425,MemberExpression,nan,-1,-1,-1,351,6,351,12,packages\eventemitter3\test\test.js,1,912
1427,MemberExpression,nan,-1,-1,-1,352,6,352,46,packages\eventemitter3\test\test.js,1,913
1429,MemberExpression,nan,-1,-1,-1,353,6,353,26,packages\eventemitter3\test\test.js,1,914
1431,FunctionExpression,nan,-1,0,0,362,20,364,7,packages\eventemitter3\test\test.js,1,915
1432,MemberExpression,nan,-1,-1,-1,362,6,362,12,packages\eventemitter3\test\test.js,1,916
1434,FunctionExpression,nan,-1,0,0,366,20,368,7,packages\eventemitter3\test\test.js,1,917
1435,MemberExpression,nan,-1,-1,-1,366,6,366,12,packages\eventemitter3\test\test.js,1,918
1437,FunctionExpression,nan,-1,0,0,370,18,372,7,packages\eventemitter3\test\test.js,1,919
1438,MemberExpression,nan,-1,-1,-1,370,6,370,10,packages\eventemitter3\test\test.js,1,920
1440,MemberExpression,nan,-1,-1,-1,374,6,374,12,packages\eventemitter3\test\test.js,1,921
1442,MemberExpression,nan,-1,-1,-1,375,6,375,12,packages\eventemitter3\test\test.js,1,922
1444,MemberExpression,nan,-1,-1,-1,376,6,376,12,packages\eventemitter3\test\test.js,1,923
1446,MemberExpression,nan,-1,-1,-1,377,6,377,12,packages\eventemitter3\test\test.js,1,924
1448,MemberExpression,nan,-1,-1,-1,378,6,378,12,packages\eventemitter3\test\test.js,1,925
1450,MemberExpression,nan,-1,-1,-1,380,6,380,46,packages\eventemitter3\test\test.js,1,926
1452,MemberExpression,nan,-1,-1,-1,381,6,381,26,packages\eventemitter3\test\test.js,1,927
1454,MemberExpression,nan,-1,-1,-1,382,6,382,24,packages\eventemitter3\test\test.js,1,928
1456,MemberExpression,nan,-1,-1,-1,383,6,383,24,packages\eventemitter3\test\test.js,1,929
1459,MemberExpression,nan,-1,-1,-1,390,6,395,22,packages\eventemitter3\test\test.js,1,930
1461,FunctionExpression,nan,-1,0,0,403,18,403,32,packages\eventemitter3\test\test.js,1,931
1462,MemberExpression,nan,-1,-1,-1,403,6,403,10,packages\eventemitter3\test\test.js,1,932
1464,FunctionExpression,nan,-1,0,0,404,18,404,32,packages\eventemitter3\test\test.js,1,933
1465,MemberExpression,nan,-1,-1,-1,404,6,404,10,packages\eventemitter3\test\test.js,1,934
1466,Identifier,e,-1,-1,-1,406,45,406,46,packages\eventemitter3\test\test.js,1,935
1467,MemberExpression,nan,-1,-1,-1,406,6,406,44,packages\eventemitter3\test\test.js,1,936
1468,ArrayExpression,nan,-1,-1,-1,407,37,407,39,packages\eventemitter3\test\test.js,1,937
1469,MemberExpression,nan,-1,-1,-1,407,6,407,36,packages\eventemitter3\test\test.js,1,938
1471,Identifier,foo,-1,-1,-1,417,18,417,21,packages\eventemitter3\test\test.js,1,939
1472,MemberExpression,nan,-1,-1,-1,417,6,417,10,packages\eventemitter3\test\test.js,1,940
1474,Identifier,bar,-1,-1,-1,418,18,418,21,packages\eventemitter3\test\test.js,1,941
1475,MemberExpression,nan,-1,-1,-1,418,6,418,10,packages\eventemitter3\test\test.js,1,942
1477,Identifier,baz,-1,-1,-1,419,18,419,21,packages\eventemitter3\test\test.js,1,943
1478,MemberExpression,nan,-1,-1,-1,419,6,419,10,packages\eventemitter3\test\test.js,1,944
1479,Identifier,e,-1,-1,-1,421,50,421,51,packages\eventemitter3\test\test.js,1,945
1480,MemberExpression,nan,-1,-1,-1,421,6,421,49,packages\eventemitter3\test\test.js,1,946
1481,ArrayExpression,nan,-1,-1,-1,422,37,422,47,packages\eventemitter3\test\test.js,1,947
1482,MemberExpression,nan,-1,-1,-1,422,6,422,36,packages\eventemitter3\test\test.js,1,948
1483,ArrayExpression,nan,-1,-1,-1,423,37,423,42,packages\eventemitter3\test\test.js,1,949
1484,MemberExpression,nan,-1,-1,-1,423,6,423,36,packages\eventemitter3\test\test.js,1,950
1486,MemberExpression,nan,-1,-1,-1,424,6,424,35,packages\eventemitter3\test\test.js,1,951
1487,Identifier,e,-1,-1,-1,426,50,426,51,packages\eventemitter3\test\test.js,1,952
1488,MemberExpression,nan,-1,-1,-1,426,6,426,49,packages\eventemitter3\test\test.js,1,953
1489,ArrayExpression,nan,-1,-1,-1,427,37,427,47,packages\eventemitter3\test\test.js,1,954
1490,MemberExpression,nan,-1,-1,-1,427,6,427,36,packages\eventemitter3\test\test.js,1,955
1491,ArrayExpression,nan,-1,-1,-1,428,37,428,39,packages\eventemitter3\test\test.js,1,956
1492,MemberExpression,nan,-1,-1,-1,428,6,428,36,packages\eventemitter3\test\test.js,1,957
1494,MemberExpression,nan,-1,-1,-1,429,6,429,35,packages\eventemitter3\test\test.js,1,958
1495,Identifier,e,-1,-1,-1,431,50,431,51,packages\eventemitter3\test\test.js,1,959
1496,MemberExpression,nan,-1,-1,-1,431,6,431,49,packages\eventemitter3\test\test.js,1,960
1497,ArrayExpression,nan,-1,-1,-1,432,37,432,42,packages\eventemitter3\test\test.js,1,961
1498,MemberExpression,nan,-1,-1,-1,432,6,432,36,packages\eventemitter3\test\test.js,1,962
1500,MemberExpression,nan,-1,-1,-1,433,6,433,35,packages\eventemitter3\test\test.js,1,963
1501,Identifier,e,-1,-1,-1,435,50,435,51,packages\eventemitter3\test\test.js,1,964
1502,MemberExpression,nan,-1,-1,-1,435,6,435,49,packages\eventemitter3\test\test.js,1,965
1503,ArrayExpression,nan,-1,-1,-1,436,37,436,39,packages\eventemitter3\test\test.js,1,966
1504,MemberExpression,nan,-1,-1,-1,436,6,436,36,packages\eventemitter3\test\test.js,1,967
1506,MemberExpression,nan,-1,-1,-1,437,6,437,35,packages\eventemitter3\test\test.js,1,968
1508,Identifier,foo,-1,-1,-1,439,18,439,21,packages\eventemitter3\test\test.js,1,969
1509,MemberExpression,nan,-1,-1,-1,439,6,439,10,packages\eventemitter3\test\test.js,1,970
1511,Identifier,foo,-1,-1,-1,440,18,440,21,packages\eventemitter3\test\test.js,1,971
1512,MemberExpression,nan,-1,-1,-1,440,6,440,10,packages\eventemitter3\test\test.js,1,972
1514,Identifier,bar,-1,-1,-1,441,18,441,21,packages\eventemitter3\test\test.js,1,973
1515,MemberExpression,nan,-1,-1,-1,441,6,441,10,packages\eventemitter3\test\test.js,1,974
1516,Identifier,e,-1,-1,-1,443,50,443,51,packages\eventemitter3\test\test.js,1,975
1517,MemberExpression,nan,-1,-1,-1,443,6,443,49,packages\eventemitter3\test\test.js,1,976
1518,ArrayExpression,nan,-1,-1,-1,444,37,444,42,packages\eventemitter3\test\test.js,1,977
1519,MemberExpression,nan,-1,-1,-1,444,6,444,36,packages\eventemitter3\test\test.js,1,978
1520,ArrayExpression,nan,-1,-1,-1,445,37,445,39,packages\eventemitter3\test\test.js,1,979
1521,MemberExpression,nan,-1,-1,-1,445,6,445,36,packages\eventemitter3\test\test.js,1,980
1523,MemberExpression,nan,-1,-1,-1,446,6,446,35,packages\eventemitter3\test\test.js,1,981
1525,Identifier,foo,-1,-1,-1,454,18,454,21,packages\eventemitter3\test\test.js,1,982
1526,MemberExpression,nan,-1,-1,-1,454,6,454,10,packages\eventemitter3\test\test.js,1,983
1527,Identifier,e,-1,-1,-1,456,78,456,79,packages\eventemitter3\test\test.js,1,984
1528,MemberExpression,nan,-1,-1,-1,456,6,456,77,packages\eventemitter3\test\test.js,1,985
1529,ArrayExpression,nan,-1,-1,-1,457,37,457,42,packages\eventemitter3\test\test.js,1,986
1530,MemberExpression,nan,-1,-1,-1,457,6,457,36,packages\eventemitter3\test\test.js,1,987
1532,MemberExpression,nan,-1,-1,-1,458,6,458,35,packages\eventemitter3\test\test.js,1,988
1533,Identifier,e,-1,-1,-1,460,67,460,68,packages\eventemitter3\test\test.js,1,989
1534,MemberExpression,nan,-1,-1,-1,460,6,460,66,packages\eventemitter3\test\test.js,1,990
1535,ArrayExpression,nan,-1,-1,-1,461,37,461,42,packages\eventemitter3\test\test.js,1,991
1536,MemberExpression,nan,-1,-1,-1,461,6,461,36,packages\eventemitter3\test\test.js,1,992
1538,MemberExpression,nan,-1,-1,-1,462,6,462,35,packages\eventemitter3\test\test.js,1,993
1539,Identifier,e,-1,-1,-1,464,50,464,51,packages\eventemitter3\test\test.js,1,994
1540,MemberExpression,nan,-1,-1,-1,464,6,464,49,packages\eventemitter3\test\test.js,1,995
1541,ArrayExpression,nan,-1,-1,-1,465,37,465,39,packages\eventemitter3\test\test.js,1,996
1542,MemberExpression,nan,-1,-1,-1,465,6,465,36,packages\eventemitter3\test\test.js,1,997
1544,MemberExpression,nan,-1,-1,-1,466,6,466,35,packages\eventemitter3\test\test.js,1,998
1546,Identifier,foo,-1,-1,-1,468,20,468,23,packages\eventemitter3\test\test.js,1,999
1547,MemberExpression,nan,-1,-1,-1,468,6,468,12,packages\eventemitter3\test\test.js,1,1000
1549,Identifier,foo,-1,-1,-1,469,18,469,21,packages\eventemitter3\test\test.js,1,1001
1550,MemberExpression,nan,-1,-1,-1,469,6,469,10,packages\eventemitter3\test\test.js,1,1002
1551,Identifier,e,-1,-1,-1,471,78,471,79,packages\eventemitter3\test\test.js,1,1003
1552,MemberExpression,nan,-1,-1,-1,471,6,471,77,packages\eventemitter3\test\test.js,1,1004
1553,ArrayExpression,nan,-1,-1,-1,472,37,472,47,packages\eventemitter3\test\test.js,1,1005
1554,MemberExpression,nan,-1,-1,-1,472,6,472,36,packages\eventemitter3\test\test.js,1,1006
1556,MemberExpression,nan,-1,-1,-1,473,6,473,35,packages\eventemitter3\test\test.js,1,1007
1557,Identifier,e,-1,-1,-1,475,67,475,68,packages\eventemitter3\test\test.js,1,1008
1558,MemberExpression,nan,-1,-1,-1,475,6,475,66,packages\eventemitter3\test\test.js,1,1009
1559,ArrayExpression,nan,-1,-1,-1,476,37,476,42,packages\eventemitter3\test\test.js,1,1010
1560,MemberExpression,nan,-1,-1,-1,476,6,476,36,packages\eventemitter3\test\test.js,1,1011
1562,MemberExpression,nan,-1,-1,-1,477,6,477,35,packages\eventemitter3\test\test.js,1,1012
1564,Identifier,foo,-1,-1,-1,479,20,479,23,packages\eventemitter3\test\test.js,1,1013
1565,MemberExpression,nan,-1,-1,-1,479,6,479,12,packages\eventemitter3\test\test.js,1,1014
1566,Identifier,e,-1,-1,-1,481,50,481,51,packages\eventemitter3\test\test.js,1,1015
1567,MemberExpression,nan,-1,-1,-1,481,6,481,49,packages\eventemitter3\test\test.js,1,1016
1568,ArrayExpression,nan,-1,-1,-1,482,37,482,39,packages\eventemitter3\test\test.js,1,1017
1569,MemberExpression,nan,-1,-1,-1,482,6,482,36,packages\eventemitter3\test\test.js,1,1018
1571,MemberExpression,nan,-1,-1,-1,483,6,483,35,packages\eventemitter3\test\test.js,1,1019
1573,Identifier,foo,-1,-1,-1,493,18,493,21,packages\eventemitter3\test\test.js,1,1020
1574,Identifier,context,-1,-1,-1,493,23,493,30,packages\eventemitter3\test\test.js,1,1021
1575,MemberExpression,nan,-1,-1,-1,493,6,493,10,packages\eventemitter3\test\test.js,1,1022
1576,Identifier,e,-1,-1,-1,495,70,495,71,packages\eventemitter3\test\test.js,1,1023
1577,MemberExpression,nan,-1,-1,-1,495,6,495,69,packages\eventemitter3\test\test.js,1,1024
1578,ArrayExpression,nan,-1,-1,-1,496,37,496,42,packages\eventemitter3\test\test.js,1,1025
1579,MemberExpression,nan,-1,-1,-1,496,6,496,36,packages\eventemitter3\test\test.js,1,1026
1581,MemberExpression,nan,-1,-1,-1,497,6,497,35,packages\eventemitter3\test\test.js,1,1027
1582,Identifier,e,-1,-1,-1,499,67,499,68,packages\eventemitter3\test\test.js,1,1028
1583,MemberExpression,nan,-1,-1,-1,499,6,499,66,packages\eventemitter3\test\test.js,1,1029
1584,ArrayExpression,nan,-1,-1,-1,500,37,500,42,packages\eventemitter3\test\test.js,1,1030
1585,MemberExpression,nan,-1,-1,-1,500,6,500,36,packages\eventemitter3\test\test.js,1,1031
1587,MemberExpression,nan,-1,-1,-1,501,6,501,35,packages\eventemitter3\test\test.js,1,1032
1588,Identifier,e,-1,-1,-1,503,59,503,60,packages\eventemitter3\test\test.js,1,1033
1589,MemberExpression,nan,-1,-1,-1,503,6,503,58,packages\eventemitter3\test\test.js,1,1034
1590,ArrayExpression,nan,-1,-1,-1,504,37,504,39,packages\eventemitter3\test\test.js,1,1035
1591,MemberExpression,nan,-1,-1,-1,504,6,504,36,packages\eventemitter3\test\test.js,1,1036
1593,MemberExpression,nan,-1,-1,-1,505,6,505,35,packages\eventemitter3\test\test.js,1,1037
1595,Identifier,foo,-1,-1,-1,507,18,507,21,packages\eventemitter3\test\test.js,1,1038
1596,Identifier,context,-1,-1,-1,507,23,507,30,packages\eventemitter3\test\test.js,1,1039
1597,MemberExpression,nan,-1,-1,-1,507,6,507,10,packages\eventemitter3\test\test.js,1,1040
1599,Identifier,bar,-1,-1,-1,508,18,508,21,packages\eventemitter3\test\test.js,1,1041
1600,MemberExpression,nan,-1,-1,-1,508,6,508,10,packages\eventemitter3\test\test.js,1,1042
1601,Identifier,e,-1,-1,-1,510,67,510,68,packages\eventemitter3\test\test.js,1,1043
1602,MemberExpression,nan,-1,-1,-1,510,6,510,66,packages\eventemitter3\test\test.js,1,1044
1603,ArrayExpression,nan,-1,-1,-1,511,37,511,47,packages\eventemitter3\test\test.js,1,1045
1604,MemberExpression,nan,-1,-1,-1,511,6,511,36,packages\eventemitter3\test\test.js,1,1046
1606,MemberExpression,nan,-1,-1,-1,512,6,512,35,packages\eventemitter3\test\test.js,1,1047
1607,Identifier,e,-1,-1,-1,514,59,514,60,packages\eventemitter3\test\test.js,1,1048
1608,MemberExpression,nan,-1,-1,-1,514,6,514,58,packages\eventemitter3\test\test.js,1,1049
1609,ArrayExpression,nan,-1,-1,-1,515,37,515,42,packages\eventemitter3\test\test.js,1,1050
1610,MemberExpression,nan,-1,-1,-1,515,6,515,36,packages\eventemitter3\test\test.js,1,1051
1612,MemberExpression,nan,-1,-1,-1,516,6,516,35,packages\eventemitter3\test\test.js,1,1052
1614,Identifier,bar,-1,-1,-1,518,18,518,21,packages\eventemitter3\test\test.js,1,1053
1615,Identifier,context,-1,-1,-1,518,23,518,30,packages\eventemitter3\test\test.js,1,1054
1616,MemberExpression,nan,-1,-1,-1,518,6,518,10,packages\eventemitter3\test\test.js,1,1055
1617,Identifier,e,-1,-1,-1,520,50,520,51,packages\eventemitter3\test\test.js,1,1056
1618,MemberExpression,nan,-1,-1,-1,520,6,520,49,packages\eventemitter3\test\test.js,1,1057
1619,ArrayExpression,nan,-1,-1,-1,521,37,521,39,packages\eventemitter3\test\test.js,1,1058
1620,MemberExpression,nan,-1,-1,-1,521,6,521,36,packages\eventemitter3\test\test.js,1,1059
1622,MemberExpression,nan,-1,-1,-1,522,6,522,35,packages\eventemitter3\test\test.js,1,1060
1624,FunctionExpression,nan,-1,0,0,530,18,530,58,packages\eventemitter3\test\test.js,1,1061
1625,MemberExpression,nan,-1,-1,-1,530,6,530,10,packages\eventemitter3\test\test.js,1,1062
1627,FunctionExpression,nan,-1,0,0,531,18,531,58,packages\eventemitter3\test\test.js,1,1063
1628,MemberExpression,nan,-1,-1,-1,531,6,531,10,packages\eventemitter3\test\test.js,1,1064
1630,FunctionExpression,nan,-1,0,0,532,18,532,58,packages\eventemitter3\test\test.js,1,1065
1631,MemberExpression,nan,-1,-1,-1,532,6,532,10,packages\eventemitter3\test\test.js,1,1066
1633,FunctionExpression,nan,-1,0,0,533,18,533,58,packages\eventemitter3\test\test.js,1,1067
1634,MemberExpression,nan,-1,-1,-1,533,6,533,10,packages\eventemitter3\test\test.js,1,1068
1635,Identifier,e,-1,-1,-1,535,49,535,50,packages\eventemitter3\test\test.js,1,1069
1636,MemberExpression,nan,-1,-1,-1,535,6,535,48,packages\eventemitter3\test\test.js,1,1070
1638,MemberExpression,nan,-1,-1,-1,536,6,536,46,packages\eventemitter3\test\test.js,1,1071
1640,MemberExpression,nan,-1,-1,-1,537,6,537,46,packages\eventemitter3\test\test.js,1,1072
1642,MemberExpression,nan,-1,-1,-1,538,6,538,46,packages\eventemitter3\test\test.js,1,1073
1644,MemberExpression,nan,-1,-1,-1,539,6,539,35,packages\eventemitter3\test\test.js,1,1074
1645,Identifier,e,-1,-1,-1,541,49,541,50,packages\eventemitter3\test\test.js,1,1075
1646,MemberExpression,nan,-1,-1,-1,541,6,541,48,packages\eventemitter3\test\test.js,1,1076
1648,MemberExpression,nan,-1,-1,-1,542,6,542,35,packages\eventemitter3\test\test.js,1,1077
1649,Identifier,e,-1,-1,-1,543,49,543,50,packages\eventemitter3\test\test.js,1,1078
1650,MemberExpression,nan,-1,-1,-1,543,6,543,48,packages\eventemitter3\test\test.js,1,1079
1652,MemberExpression,nan,-1,-1,-1,544,6,544,35,packages\eventemitter3\test\test.js,1,1080
1654,MemberExpression,nan,-1,-1,-1,546,6,546,34,packages\eventemitter3\test\test.js,1,1081
1656,MemberExpression,nan,-1,-1,-1,547,6,547,34,packages\eventemitter3\test\test.js,1,1082
1658,MemberExpression,nan,-1,-1,-1,548,6,548,34,packages\eventemitter3\test\test.js,1,1083
1660,FunctionExpression,nan,-1,0,0,554,18,554,58,packages\eventemitter3\test\test.js,1,1084
1661,MemberExpression,nan,-1,-1,-1,554,6,554,10,packages\eventemitter3\test\test.js,1,1085
1663,FunctionExpression,nan,-1,0,0,555,18,555,58,packages\eventemitter3\test\test.js,1,1086
1664,MemberExpression,nan,-1,-1,-1,555,6,555,10,packages\eventemitter3\test\test.js,1,1087
1666,FunctionExpression,nan,-1,0,0,556,18,556,58,packages\eventemitter3\test\test.js,1,1088
1667,MemberExpression,nan,-1,-1,-1,556,6,556,10,packages\eventemitter3\test\test.js,1,1089
1669,FunctionExpression,nan,-1,0,0,557,18,557,58,packages\eventemitter3\test\test.js,1,1090
1670,MemberExpression,nan,-1,-1,-1,557,6,557,10,packages\eventemitter3\test\test.js,1,1091
1671,Identifier,e,-1,-1,-1,559,44,559,45,packages\eventemitter3\test\test.js,1,1092
1672,MemberExpression,nan,-1,-1,-1,559,6,559,43,packages\eventemitter3\test\test.js,1,1093
1674,MemberExpression,nan,-1,-1,-1,560,6,560,46,packages\eventemitter3\test\test.js,1,1094
1676,MemberExpression,nan,-1,-1,-1,561,6,561,46,packages\eventemitter3\test\test.js,1,1095
1678,MemberExpression,nan,-1,-1,-1,562,6,562,46,packages\eventemitter3\test\test.js,1,1096
1680,MemberExpression,nan,-1,-1,-1,563,6,563,35,packages\eventemitter3\test\test.js,1,1097
1682,MemberExpression,nan,-1,-1,-1,565,6,565,34,packages\eventemitter3\test\test.js,1,1098
1684,MemberExpression,nan,-1,-1,-1,566,6,566,34,packages\eventemitter3\test\test.js,1,1099
1686,MemberExpression,nan,-1,-1,-1,567,6,567,34,packages\eventemitter3\test\test.js,1,1100
1687,ArrayExpression,nan,-1,-1,-1,575,33,575,35,packages\eventemitter3\test\test.js,1,1101
1688,MemberExpression,nan,-1,-1,-1,575,6,575,32,packages\eventemitter3\test\test.js,1,1102
1690,FunctionExpression,nan,-1,0,0,577,18,577,32,packages\eventemitter3\test\test.js,1,1103
1691,MemberExpression,nan,-1,-1,-1,577,6,577,10,packages\eventemitter3\test\test.js,1,1104
1693,MemberExpression,nan,-1,-1,-1,578,6,578,26,packages\eventemitter3\test\test.js,1,1105
1694,ArrayExpression,nan,-1,-1,-1,580,33,580,35,packages\eventemitter3\test\test.js,1,1106
1695,MemberExpression,nan,-1,-1,-1,580,6,580,32,packages\eventemitter3\test\test.js,1,1107
1699,FunctionExpression,nan,-1,0,0,598,18,598,32,packages\eventemitter3\test\test.js,1,1108
1700,MemberExpression,nan,-1,-1,-1,598,6,598,10,packages\eventemitter3\test\test.js,1,1109
1702,Identifier,bar,-1,-1,-1,599,18,599,21,packages\eventemitter3\test\test.js,1,1110
1703,MemberExpression,nan,-1,-1,-1,599,6,599,10,packages\eventemitter3\test\test.js,1,1111
1704,MemberExpression,nan,-1,-1,-1,616,6,616,30,packages\eventemitter3\test\test.js,1,1112
1705,FunctionExpression,nan,-1,0,1,616,33,618,7,packages\eventemitter3\test\test.js,1,1113
1706,MemberExpression,nan,-1,-1,-1,620,6,620,15,packages\eventemitter3\test\test.js,1,1114
1707,NewExpression,nan,0,-1,-1,620,18,620,34,packages\eventemitter3\test\test.js,1,1115
1709,MemberExpression,nan,-1,-1,-1,622,6,622,35,packages\eventemitter3\test\test.js,1,1116
1710,ArrayExpression,nan,-1,-1,-1,623,33,623,35,packages\eventemitter3\test\test.js,1,1117
1711,MemberExpression,nan,-1,-1,-1,623,6,623,32,packages\eventemitter3\test\test.js,1,1118
1712,Identifier,foo,-1,-1,-1,630,15,630,18,packages\eventemitter3\test\test.js,1,1119
1714,BlockStatement,nan,-1,-1,-1,630,21,630,23,packages\eventemitter3\test\test.js,1,1120
1715,CallExpression,nan,2,-1,-1,632,6,632,22,packages\eventemitter3\test\test.js,1,1121
1716,CallExpression,nan,2,-1,-1,633,6,633,29,packages\eventemitter3\test\test.js,1,1122
1717,CallExpression,nan,1,-1,-1,635,6,635,44,packages\eventemitter3\test\test.js,1,1123
1718,CallExpression,nan,2,-1,-1,637,6,637,34,packages\eventemitter3\test\test.js,1,1124
1719,CallExpression,nan,1,-1,-1,639,6,639,37,packages\eventemitter3\test\test.js,1,1125
1721,MemberExpression,nan,-1,-1,-1,46,6,46,45,packages\eventemitter3\test\test.js,1,1126
1722,ArrayExpression,nan,-1,-1,-1,47,47,47,49,packages\eventemitter3\test\test.js,1,1127
1723,MemberExpression,nan,-1,-1,-1,47,6,47,46,packages\eventemitter3\test\test.js,1,1128
1725,MemberExpression,nan,-1,-1,-1,48,6,48,24,packages\eventemitter3\test\test.js,1,1129
1730,Identifier,unknown,-1,-1,-1,57,13,57,20,packages\eventemitter3\test\test.js,1,1130
1731,Identifier,bar,-1,-1,-1,57,22,57,25,packages\eventemitter3\test\test.js,1,1131
1732,MemberExpression,nan,-1,-1,-1,57,6,57,12,packages\eventemitter3\test\test.js,1,1132
1734,MemberExpression,nan,-1,-1,-1,59,6,59,43,packages\eventemitter3\test\test.js,1,1133
1735,ArrayExpression,nan,-1,-1,-1,60,45,60,50,packages\eventemitter3\test\test.js,1,1134
1736,MemberExpression,nan,-1,-1,-1,60,6,60,44,packages\eventemitter3\test\test.js,1,1135
1738,MemberExpression,nan,-1,-1,-1,61,6,61,45,packages\eventemitter3\test\test.js,1,1136
1739,ArrayExpression,nan,-1,-1,-1,62,47,62,52,packages\eventemitter3\test\test.js,1,1137
1740,MemberExpression,nan,-1,-1,-1,62,6,62,46,packages\eventemitter3\test\test.js,1,1138
1741,Identifier,event,-1,-1,-1,64,23,64,28,packages\eventemitter3\test\test.js,1,1139
1742,MemberExpression,nan,-1,-1,-1,64,6,64,22,packages\eventemitter3\test\test.js,1,1140
1744,MemberExpression,nan,-1,-1,-1,66,6,66,43,packages\eventemitter3\test\test.js,1,1141
1745,ArrayExpression,nan,-1,-1,-1,67,45,67,47,packages\eventemitter3\test\test.js,1,1142
1746,MemberExpression,nan,-1,-1,-1,67,6,67,44,packages\eventemitter3\test\test.js,1,1143
1748,MemberExpression,nan,-1,-1,-1,68,6,68,43,packages\eventemitter3\test\test.js,1,1144
1749,CallExpression,nan,1,-1,-1,111,8,121,13,packages\eventemitter3\test\test.js,1,1145
1750,CallExpression,nan,1,-1,-1,129,8,151,13,packages\eventemitter3\test\test.js,1,1146
1751,Identifier,bar,-1,-1,-1,158,28,158,31,packages\eventemitter3\test\test.js,1,1147
1753,BlockStatement,nan,-1,-1,-1,158,33,161,7,packages\eventemitter3\test\test.js,1,1148
1754,Identifier,bar,-1,-1,-1,163,28,163,31,packages\eventemitter3\test\test.js,1,1149
1756,BlockStatement,nan,-1,-1,-1,163,33,166,7,packages\eventemitter3\test\test.js,1,1150
1757,AssignmentExpression,nan,-1,-1,-1,176,8,176,23,packages\eventemitter3\test\test.js,1,1151
1759,BlockStatement,nan,-1,-1,-1,192,30,194,7,packages\eventemitter3\test\test.js,1,1152
1760,Identifier,a,-1,-1,-1,204,29,204,30,packages\eventemitter3\test\test.js,1,1153
1761,Identifier,b,-1,-1,-1,204,32,204,33,packages\eventemitter3\test\test.js,1,1154
1762,Identifier,c,-1,-1,-1,204,35,204,36,packages\eventemitter3\test\test.js,1,1155
1763,Identifier,d,-1,-1,-1,204,38,204,39,packages\eventemitter3\test\test.js,1,1156
1764,Identifier,undef,-1,-1,-1,204,41,204,46,packages\eventemitter3\test\test.js,1,1157
1766,BlockStatement,nan,-1,-1,-1,204,48,212,7,packages\eventemitter3\test\test.js,1,1158
1767,Identifier,Date,-1,-1,-1,214,35,214,39,packages\eventemitter3\test\test.js,1,1159
1769,BlockStatement,nan,-1,-1,-1,221,30,223,7,packages\eventemitter3\test\test.js,1,1160
1771,BlockStatement,nan,-1,-1,-1,225,30,227,7,packages\eventemitter3\test\test.js,1,1161
1773,Identifier,key,-1,-1,-1,239,56,239,59,packages\eventemitter3\test\test.js,1,1162
1774,Identifier,next,-1,-1,-1,239,71,239,75,packages\eventemitter3\test\test.js,1,1163
1776,BlockStatement,nan,-1,-1,-1,239,77,246,7,packages\eventemitter3\test\test.js,1,1164
1778,BlockStatement,nan,-1,-1,-1,300,30,300,32,packages\eventemitter3\test\test.js,1,1165
1780,BlockStatement,nan,-1,-1,-1,302,30,302,32,packages\eventemitter3\test\test.js,1,1166
1782,BlockStatement,nan,-1,-1,-1,328,32,330,7,packages\eventemitter3\test\test.js,1,1167
1784,BlockStatement,nan,-1,-1,-1,346,32,349,7,packages\eventemitter3\test\test.js,1,1168
1786,BlockStatement,nan,-1,-1,-1,362,32,364,7,packages\eventemitter3\test\test.js,1,1169
1788,BlockStatement,nan,-1,-1,-1,366,32,368,7,packages\eventemitter3\test\test.js,1,1170
1790,BlockStatement,nan,-1,-1,-1,370,30,372,7,packages\eventemitter3\test\test.js,1,1171
1792,BlockStatement,nan,-1,-1,-1,403,30,403,32,packages\eventemitter3\test\test.js,1,1172
1794,BlockStatement,nan,-1,-1,-1,404,30,404,32,packages\eventemitter3\test\test.js,1,1173
1796,BlockStatement,nan,-1,-1,-1,530,30,530,58,packages\eventemitter3\test\test.js,1,1174
1798,BlockStatement,nan,-1,-1,-1,531,30,531,58,packages\eventemitter3\test\test.js,1,1175
1800,BlockStatement,nan,-1,-1,-1,532,30,532,58,packages\eventemitter3\test\test.js,1,1176
1802,BlockStatement,nan,-1,-1,-1,533,30,533,58,packages\eventemitter3\test\test.js,1,1177
1804,BlockStatement,nan,-1,-1,-1,554,30,554,58,packages\eventemitter3\test\test.js,1,1178
1806,BlockStatement,nan,-1,-1,-1,555,30,555,58,packages\eventemitter3\test\test.js,1,1179
1808,BlockStatement,nan,-1,-1,-1,556,30,556,58,packages\eventemitter3\test\test.js,1,1180
1810,BlockStatement,nan,-1,-1,-1,557,30,557,58,packages\eventemitter3\test\test.js,1,1181
1812,BlockStatement,nan,-1,-1,-1,577,30,577,32,packages\eventemitter3\test\test.js,1,1182
1813,AssignmentExpression,nan,-1,-1,-1,594,8,594,47,packages\eventemitter3\test\test.js,1,1183
1814,AssignmentExpression,nan,-1,-1,-1,595,8,595,48,packages\eventemitter3\test\test.js,1,1184
1816,BlockStatement,nan,-1,-1,-1,598,30,598,32,packages\eventemitter3\test\test.js,1,1185
1818,BlockStatement,nan,-1,-1,-1,616,45,618,7,packages\eventemitter3\test\test.js,1,1186
1819,Identifier,Collection,-1,-1,-1,620,22,620,32,packages\eventemitter3\test\test.js,1,1187
1821,Identifier,foo,-1,-1,-1,632,18,632,21,packages\eventemitter3\test\test.js,1,1188
1822,MemberExpression,nan,-1,-1,-1,632,6,632,10,packages\eventemitter3\test\test.js,1,1189
1823,Identifier,s,-1,-1,-1,633,11,633,12,packages\eventemitter3\test\test.js,1,1190
1824,FunctionExpression,nan,-1,0,0,633,14,633,28,packages\eventemitter3\test\test.js,1,1191
1825,MemberExpression,nan,-1,-1,-1,633,6,633,10,packages\eventemitter3\test\test.js,1,1192
1826,ArrayExpression,nan,-1,-1,-1,635,33,635,43,packages\eventemitter3\test\test.js,1,1193
1827,MemberExpression,nan,-1,-1,-1,635,6,635,32,packages\eventemitter3\test\test.js,1,1194
1829,Identifier,foo,-1,-1,-1,637,30,637,33,packages\eventemitter3\test\test.js,1,1195
1830,MemberExpression,nan,-1,-1,-1,637,6,637,22,packages\eventemitter3\test\test.js,1,1196
1831,ArrayExpression,nan,-1,-1,-1,639,33,639,36,packages\eventemitter3\test\test.js,1,1197
1832,MemberExpression,nan,-1,-1,-1,639,6,639,32,packages\eventemitter3\test\test.js,1,1198
1833,CallExpression,nan,1,-1,-1,51,8,51,50,packages\eventemitter3\test\test.js,1,1199
1834,CallExpression,nan,1,-1,-1,52,8,52,52,packages\eventemitter3\test\test.js,1,1200
1835,CallExpression,nan,1,-1,-1,53,8,53,35,packages\eventemitter3\test\test.js,1,1201
1836,CallExpression,nan,0,-1,-1,54,8,54,14,packages\eventemitter3\test\test.js,1,1202
1837,Identifier,i,-1,-1,-1,121,11,121,12,packages\eventemitter3\test\test.js,1,1203
1838,FunctionExpression,nan,-1,1,0,111,9,121,9,packages\eventemitter3\test\test.js,1,1204
1839,Identifier,i,-1,-1,-1,151,11,151,12,packages\eventemitter3\test\test.js,1,1205
1840,FunctionExpression,nan,-1,1,0,129,9,151,9,packages\eventemitter3\test\test.js,1,1206
1845,Identifier,pattern,-1,-1,-1,176,8,176,15,packages\eventemitter3\test\test.js,1,1207
1846,ThisExpression,nan,-1,-1,-1,176,19,176,23,packages\eventemitter3\test\test.js,1,1208
1856,VariableDeclaration,nan,-1,-1,-1,240,8,240,35,packages\eventemitter3\test\test.js,1,1209
1864,ThrowStatement,nan,1,-1,-1,530,32,530,56,packages\eventemitter3\test\test.js,1,1210
1865,ThrowStatement,nan,1,-1,-1,531,32,531,56,packages\eventemitter3\test\test.js,1,1211
1866,ThrowStatement,nan,1,-1,-1,532,32,532,56,packages\eventemitter3\test\test.js,1,1212
1867,ThrowStatement,nan,1,-1,-1,533,32,533,56,packages\eventemitter3\test\test.js,1,1213
1868,ThrowStatement,nan,1,-1,-1,554,32,554,56,packages\eventemitter3\test\test.js,1,1214
1869,ThrowStatement,nan,1,-1,-1,555,32,555,56,packages\eventemitter3\test\test.js,1,1215
1870,ThrowStatement,nan,1,-1,-1,556,32,556,56,packages\eventemitter3\test\test.js,1,1216
1871,ThrowStatement,nan,1,-1,-1,557,32,557,56,packages\eventemitter3\test\test.js,1,1217
1872,Identifier,original,-1,-1,-1,594,8,594,16,packages\eventemitter3\test\test.js,1,1218
1873,MemberExpression,nan,-1,-1,-1,594,19,594,47,packages\eventemitter3\test\test.js,1,1219
1874,MemberExpression,nan,-1,-1,-1,595,8,595,36,packages\eventemitter3\test\test.js,1,1220
1875,Identifier,undefined,-1,-1,-1,595,39,595,48,packages\eventemitter3\test\test.js,1,1221
1876,ReturnStatement,nan,1,-1,-1,617,8,617,21,packages\eventemitter3\test\test.js,1,1222
1878,BlockStatement,nan,-1,-1,-1,633,26,633,28,packages\eventemitter3\test\test.js,1,1223
1880,MemberExpression,nan,-1,-1,-1,51,8,51,47,packages\eventemitter3\test\test.js,1,1224
1881,ArrayExpression,nan,-1,-1,-1,52,49,52,51,packages\eventemitter3\test\test.js,1,1225
1882,MemberExpression,nan,-1,-1,-1,52,8,52,48,packages\eventemitter3\test\test.js,1,1226
1884,MemberExpression,nan,-1,-1,-1,53,8,53,28,packages\eventemitter3\test\test.js,1,1227
1885,Identifier,next,-1,-1,-1,54,8,54,12,packages\eventemitter3\test\test.js,1,1228
1886,Identifier,j,-1,-1,-1,111,19,111,20,packages\eventemitter3\test\test.js,1,1229
1888,BlockStatement,nan,-1,-1,-1,111,22,121,9,packages\eventemitter3\test\test.js,1,1230
1889,Identifier,j,-1,-1,-1,129,19,129,20,packages\eventemitter3\test\test.js,1,1231
1891,BlockStatement,nan,-1,-1,-1,129,22,151,9,packages\eventemitter3\test\test.js,1,1232
1892,CallExpression,nan,1,-1,-1,159,8,159,41,packages\eventemitter3\test\test.js,1,1233
1893,CallExpression,nan,1,-1,-1,160,8,160,33,packages\eventemitter3\test\test.js,1,1234
1894,CallExpression,nan,1,-1,-1,164,8,164,41,packages\eventemitter3\test\test.js,1,1235
1895,CallExpression,nan,1,-1,-1,165,8,165,33,packages\eventemitter3\test\test.js,1,1236
1896,UpdateExpression,nan,1,-1,-1,193,8,193,16,packages\eventemitter3\test\test.js,1,1237
1897,CallExpression,nan,1,-1,-1,205,8,205,31,packages\eventemitter3\test\test.js,1,1238
1898,CallExpression,nan,1,-1,-1,206,8,206,27,packages\eventemitter3\test\test.js,1,1239
1899,CallExpression,nan,1,-1,-1,207,8,207,37,packages\eventemitter3\test\test.js,1,1240
1900,CallExpression,nan,1,-1,-1,208,8,208,39,packages\eventemitter3\test\test.js,1,1241
1901,CallExpression,nan,1,-1,-1,209,8,209,42,packages\eventemitter3\test\test.js,1,1242
1902,CallExpression,nan,0,-1,-1,211,8,211,14,packages\eventemitter3\test\test.js,1,1243
1903,CallExpression,nan,1,-1,-1,222,8,222,28,packages\eventemitter3\test\test.js,1,1244
1904,CallExpression,nan,1,-1,-1,226,8,226,28,packages\eventemitter3\test\test.js,1,1245
1905,CallExpression,nan,2,-1,-1,242,8,245,25,packages\eventemitter3\test\test.js,1,1246
1906,UpdateExpression,nan,1,-1,-1,329,8,329,15,packages\eventemitter3\test\test.js,1,1247
1907,UpdateExpression,nan,1,-1,-1,347,8,347,15,packages\eventemitter3\test\test.js,1,1248
1908,CallExpression,nan,1,-1,-1,348,8,348,21,packages\eventemitter3\test\test.js,1,1249
1909,UpdateExpression,nan,1,-1,-1,363,8,363,13,packages\eventemitter3\test\test.js,1,1250
1910,UpdateExpression,nan,1,-1,-1,367,8,367,13,packages\eventemitter3\test\test.js,1,1251
1911,UpdateExpression,nan,1,-1,-1,371,8,371,15,packages\eventemitter3\test\test.js,1,1252
1912,NewExpression,nan,1,-1,-1,530,38,530,55,packages\eventemitter3\test\test.js,1,1253
1913,NewExpression,nan,1,-1,-1,531,38,531,55,packages\eventemitter3\test\test.js,1,1254
1914,NewExpression,nan,1,-1,-1,532,38,532,55,packages\eventemitter3\test\test.js,1,1255
1915,NewExpression,nan,1,-1,-1,533,38,533,55,packages\eventemitter3\test\test.js,1,1256
1916,NewExpression,nan,1,-1,-1,554,38,554,55,packages\eventemitter3\test\test.js,1,1257
1917,NewExpression,nan,1,-1,-1,555,38,555,55,packages\eventemitter3\test\test.js,1,1258
1918,NewExpression,nan,1,-1,-1,556,38,556,55,packages\eventemitter3\test\test.js,1,1259
1919,NewExpression,nan,1,-1,-1,557,38,557,55,packages\eventemitter3\test\test.js,1,1260
1921,ForStatement,nan,-1,-1,-1,112,10,114,11,packages\eventemitter3\test\test.js,1,1261
1924,ForStatement,nan,-1,-1,-1,130,10,132,11,packages\eventemitter3\test\test.js,1,1262
1930,ObjectExpression,nan,-1,-1,-1,159,26,159,40,packages\eventemitter3\test\test.js,1,1263
1931,MemberExpression,nan,-1,-1,-1,159,8,159,25,packages\eventemitter3\test\test.js,1,1264
1933,MemberExpression,nan,-1,-1,-1,160,8,160,26,packages\eventemitter3\test\test.js,1,1265
1934,ObjectExpression,nan,-1,-1,-1,164,26,164,40,packages\eventemitter3\test\test.js,1,1266
1935,MemberExpression,nan,-1,-1,-1,164,8,164,25,packages\eventemitter3\test\test.js,1,1267
1937,MemberExpression,nan,-1,-1,-1,165,8,165,26,packages\eventemitter3\test\test.js,1,1268
1938,Identifier,called,-1,-1,-1,193,8,193,14,packages\eventemitter3\test\test.js,1,1269
1940,MemberExpression,nan,-1,-1,-1,205,8,205,24,packages\eventemitter3\test\test.js,1,1270
1941,Identifier,e,-1,-1,-1,206,25,206,26,packages\eventemitter3\test\test.js,1,1271
1942,MemberExpression,nan,-1,-1,-1,206,8,206,24,packages\eventemitter3\test\test.js,1,1272
1943,Identifier,Date,-1,-1,-1,207,32,207,36,packages\eventemitter3\test\test.js,1,1273
1944,MemberExpression,nan,-1,-1,-1,207,8,207,31,packages\eventemitter3\test\test.js,1,1274
1945,Identifier,undefined,-1,-1,-1,208,29,208,38,packages\eventemitter3\test\test.js,1,1275
1946,MemberExpression,nan,-1,-1,-1,208,8,208,28,packages\eventemitter3\test\test.js,1,1276
1948,MemberExpression,nan,-1,-1,-1,209,8,209,39,packages\eventemitter3\test\test.js,1,1277
1949,Identifier,done,-1,-1,-1,211,8,211,12,packages\eventemitter3\test\test.js,1,1278
1951,MemberExpression,nan,-1,-1,-1,222,8,222,20,packages\eventemitter3\test\test.js,1,1279
1953,MemberExpression,nan,-1,-1,-1,226,8,226,20,packages\eventemitter3\test\test.js,1,1280
1954,Identifier,key,-1,-1,-1,245,16,245,19,packages\eventemitter3\test\test.js,1,1281
1955,Identifier,key,-1,-1,-1,245,21,245,24,packages\eventemitter3\test\test.js,1,1282
1956,MemberExpression,nan,-1,-1,-1,242,8,245,15,packages\eventemitter3\test\test.js,1,1283
1957,Identifier,calls,-1,-1,-1,329,8,329,13,packages\eventemitter3\test\test.js,1,1284
1958,Identifier,calls,-1,-1,-1,347,8,347,13,packages\eventemitter3\test\test.js,1,1285
1960,MemberExpression,nan,-1,-1,-1,348,8,348,14,packages\eventemitter3\test\test.js,1,1286
1961,Identifier,foo,-1,-1,-1,363,8,363,11,packages\eventemitter3\test\test.js,1,1287
1962,Identifier,bar,-1,-1,-1,367,8,367,11,packages\eventemitter3\test\test.js,1,1288
1963,Identifier,multi,-1,-1,-1,371,8,371,13,packages\eventemitter3\test\test.js,1,1289
1965,Identifier,Error,-1,-1,-1,530,42,530,47,packages\eventemitter3\test\test.js,1,1290
1967,Identifier,Error,-1,-1,-1,531,42,531,47,packages\eventemitter3\test\test.js,1,1291
1969,Identifier,Error,-1,-1,-1,532,42,532,47,packages\eventemitter3\test\test.js,1,1292
1971,Identifier,Error,-1,-1,-1,533,42,533,47,packages\eventemitter3\test\test.js,1,1293
1973,Identifier,Error,-1,-1,-1,554,42,554,47,packages\eventemitter3\test\test.js,1,1294
1975,Identifier,Error,-1,-1,-1,555,42,555,47,packages\eventemitter3\test\test.js,1,1295
1977,Identifier,Error,-1,-1,-1,556,42,556,47,packages\eventemitter3\test\test.js,1,1296
1979,Identifier,Error,-1,-1,-1,557,42,557,47,packages\eventemitter3\test\test.js,1,1297
1981,BlockStatement,nan,-1,-1,-1,112,49,114,11,packages\eventemitter3\test\test.js,1,1298
1982,CallExpression,nan,2,-1,-1,116,10,118,12,packages\eventemitter3\test\test.js,1,1299
1983,CallExpression,nan,2,-1,-1,120,10,120,48,packages\eventemitter3\test\test.js,1,1300
1985,BlockStatement,nan,-1,-1,-1,130,49,132,11,packages\eventemitter3\test\test.js,1,1301
1986,CallExpression,nan,2,-1,-1,134,10,136,12,packages\eventemitter3\test\test.js,1,1302
1987,CallExpression,nan,2,-1,-1,138,10,140,12,packages\eventemitter3\test\test.js,1,1303
1988,CallExpression,nan,2,-1,-1,142,10,144,12,packages\eventemitter3\test\test.js,1,1304
1989,CallExpression,nan,2,-1,-1,146,10,148,12,packages\eventemitter3\test\test.js,1,1305
1990,CallExpression,nan,2,-1,-1,150,10,150,48,packages\eventemitter3\test\test.js,1,1306
1991,Identifier,i,-1,-1,-1,112,37,112,38,packages\eventemitter3\test\test.js,1,1307
1992,Identifier,j,-1,-1,-1,112,41,112,42,packages\eventemitter3\test\test.js,1,1308
1995,FunctionExpression,nan,-1,0,0,116,25,118,11,packages\eventemitter3\test\test.js,1,1309
1996,MemberExpression,nan,-1,-1,-1,116,10,116,16,packages\eventemitter3\test\test.js,1,1310
1997,Identifier,e,-1,-1,-1,120,23,120,24,packages\eventemitter3\test\test.js,1,1311
1998,CallExpression,nan,1,-1,-1,120,26,120,47,packages\eventemitter3\test\test.js,1,1312
1999,MemberExpression,nan,-1,-1,-1,120,10,120,22,packages\eventemitter3\test\test.js,1,1313
2000,Identifier,i,-1,-1,-1,130,37,130,38,packages\eventemitter3\test\test.js,1,1314
2001,Identifier,j,-1,-1,-1,130,41,130,42,packages\eventemitter3\test\test.js,1,1315
2004,FunctionExpression,nan,-1,0,0,134,25,136,11,packages\eventemitter3\test\test.js,1,1316
2005,MemberExpression,nan,-1,-1,-1,134,10,134,16,packages\eventemitter3\test\test.js,1,1317
2007,FunctionExpression,nan,-1,0,0,138,25,140,11,packages\eventemitter3\test\test.js,1,1318
2008,MemberExpression,nan,-1,-1,-1,138,10,138,16,packages\eventemitter3\test\test.js,1,1319
2010,FunctionExpression,nan,-1,0,0,142,25,144,11,packages\eventemitter3\test\test.js,1,1320
2011,MemberExpression,nan,-1,-1,-1,142,10,142,16,packages\eventemitter3\test\test.js,1,1321
2013,FunctionExpression,nan,-1,0,0,146,25,148,11,packages\eventemitter3\test\test.js,1,1322
2014,MemberExpression,nan,-1,-1,-1,146,10,146,16,packages\eventemitter3\test\test.js,1,1323
2015,Identifier,e,-1,-1,-1,150,23,150,24,packages\eventemitter3\test\test.js,1,1324
2016,CallExpression,nan,1,-1,-1,150,26,150,47,packages\eventemitter3\test\test.js,1,1325
2017,MemberExpression,nan,-1,-1,-1,150,10,150,22,packages\eventemitter3\test\test.js,1,1326
2018,CallExpression,nan,1,-1,-1,113,12,113,24,packages\eventemitter3\test\test.js,1,1327
2020,BlockStatement,nan,-1,-1,-1,116,37,118,11,packages\eventemitter3\test\test.js,1,1328
2021,Identifier,args,-1,-1,-1,120,42,120,46,packages\eventemitter3\test\test.js,1,1329
2022,MemberExpression,nan,-1,-1,-1,120,26,120,41,packages\eventemitter3\test\test.js,1,1330
2023,CallExpression,nan,1,-1,-1,131,12,131,24,packages\eventemitter3\test\test.js,1,1331
2025,BlockStatement,nan,-1,-1,-1,134,37,136,11,packages\eventemitter3\test\test.js,1,1332
2027,BlockStatement,nan,-1,-1,-1,138,37,140,11,packages\eventemitter3\test\test.js,1,1333
2029,BlockStatement,nan,-1,-1,-1,142,37,144,11,packages\eventemitter3\test\test.js,1,1334
2031,BlockStatement,nan,-1,-1,-1,146,37,148,11,packages\eventemitter3\test\test.js,1,1335
2032,Identifier,args,-1,-1,-1,150,42,150,46,packages\eventemitter3\test\test.js,1,1336
2033,MemberExpression,nan,-1,-1,-1,150,26,150,41,packages\eventemitter3\test\test.js,1,1337
2034,Identifier,j,-1,-1,-1,113,22,113,23,packages\eventemitter3\test\test.js,1,1338
2035,MemberExpression,nan,-1,-1,-1,113,12,113,21,packages\eventemitter3\test\test.js,1,1339
2037,Identifier,j,-1,-1,-1,131,22,131,23,packages\eventemitter3\test\test.js,1,1340
2038,MemberExpression,nan,-1,-1,-1,131,12,131,21,packages\eventemitter3\test\test.js,1,1341
2043,CallExpression,nan,1,-1,-1,117,12,117,56,packages\eventemitter3\test\test.js,1,1342
2044,CallExpression,nan,1,-1,-1,135,12,135,56,packages\eventemitter3\test\test.js,1,1343
2045,CallExpression,nan,1,-1,-1,139,12,139,56,packages\eventemitter3\test\test.js,1,1344
2046,CallExpression,nan,1,-1,-1,143,12,143,56,packages\eventemitter3\test\test.js,1,1345
2047,CallExpression,nan,1,-1,-1,147,12,147,56,packages\eventemitter3\test\test.js,1,1346
2048,MemberExpression,nan,-1,-1,-1,117,44,117,55,packages\eventemitter3\test\test.js,1,1347
2049,MemberExpression,nan,-1,-1,-1,117,12,117,43,packages\eventemitter3\test\test.js,1,1348
2050,MemberExpression,nan,-1,-1,-1,135,44,135,55,packages\eventemitter3\test\test.js,1,1349
2051,MemberExpression,nan,-1,-1,-1,135,12,135,43,packages\eventemitter3\test\test.js,1,1350
2052,MemberExpression,nan,-1,-1,-1,139,44,139,55,packages\eventemitter3\test\test.js,1,1351
2053,MemberExpression,nan,-1,-1,-1,139,12,139,43,packages\eventemitter3\test\test.js,1,1352
2054,MemberExpression,nan,-1,-1,-1,143,44,143,55,packages\eventemitter3\test\test.js,1,1353
2055,MemberExpression,nan,-1,-1,-1,143,12,143,43,packages\eventemitter3\test\test.js,1,1354
2056,MemberExpression,nan,-1,-1,-1,147,44,147,55,packages\eventemitter3\test\test.js,1,1355
2057,MemberExpression,nan,-1,-1,-1,147,12,147,43,packages\eventemitter3\test\test.js,1,1356
2058,Program,nan,-1,-1,-1,1,0,57,24,packages\eventemitter3\benchmarks\run\add-remove.js,0,1357
2060,VariableDeclaration,nan,-1,-1,-1,3,0,3,37,packages\eventemitter3\benchmarks\run\add-remove.js,0,1358
2061,VariableDeclaration,nan,-1,-1,-1,5,0,12,31,packages\eventemitter3\benchmarks\run\add-remove.js,0,1359
2062,FunctionDeclaration,nan,-1,0,0,14,0,16,1,packages\eventemitter3\benchmarks\run\add-remove.js,0,1360
2063,VariableDeclaration,nan,-1,-1,-1,18,0,25,14,packages\eventemitter3\benchmarks\run\add-remove.js,0,1361
2066,Identifier,handle,-1,-1,-1,14,9,14,15,packages\eventemitter3\benchmarks\run\add-remove.js,0,1362
2068,BlockStatement,nan,-1,-1,-1,14,18,16,1,packages\eventemitter3\benchmarks\run\add-remove.js,0,1363
2069,CallExpression,nan,1,-1,-1,27,0,57,23,packages\eventemitter3\benchmarks\run\add-remove.js,0,1364
2070,IfStatement,nan,-1,-1,-1,15,2,15,50,packages\eventemitter3\benchmarks\run\add-remove.js,0,1365
2071,ObjectExpression,nan,-1,-1,-1,57,7,57,22,packages\eventemitter3\benchmarks\run\add-remove.js,0,1366
2072,MemberExpression,nan,-1,-1,-1,27,0,57,6,packages\eventemitter3\benchmarks\run\add-remove.js,0,1367
2075,CallExpression,nan,1,-1,-1,15,30,15,49,packages\eventemitter3\benchmarks\run\add-remove.js,0,1368
2076,MemberExpression,nan,-1,-1,-1,15,6,15,22,packages\eventemitter3\benchmarks\run\add-remove.js,0,1369
2079,MemberExpression,nan,-1,-1,-1,15,30,15,41,packages\eventemitter3\benchmarks\run\add-remove.js,0,1370
2080,Program,nan,-1,-1,-1,1,0,84,24,packages\eventemitter3\benchmarks\run\context.js,0,1371
2082,VariableDeclaration,nan,-1,-1,-1,3,0,3,37,packages\eventemitter3\benchmarks\run\context.js,0,1372
2083,VariableDeclaration,nan,-1,-1,-1,5,0,12,31,packages\eventemitter3\benchmarks\run\context.js,0,1373
2084,VariableDeclaration,nan,-1,-1,-1,14,0,14,25,packages\eventemitter3\benchmarks\run\context.js,0,1374
2085,FunctionDeclaration,nan,-1,0,0,16,0,18,1,packages\eventemitter3\benchmarks\run\context.js,0,1375
2086,VariableDeclaration,nan,-1,-1,-1,20,0,27,14,packages\eventemitter3\benchmarks\run\context.js,0,1376
2097,Identifier,handle,-1,-1,-1,16,9,16,15,packages\eventemitter3\benchmarks\run\context.js,0,1377
2099,BlockStatement,nan,-1,-1,-1,16,18,18,1,packages\eventemitter3\benchmarks\run\context.js,0,1378
2100,CallExpression,nan,3,-1,-1,29,0,29,26,packages\eventemitter3\benchmarks\run\context.js,0,1379
2101,CallExpression,nan,2,-1,-1,30,0,30,31,packages\eventemitter3\benchmarks\run\context.js,0,1380
2102,CallExpression,nan,2,-1,-1,31,0,31,31,packages\eventemitter3\benchmarks\run\context.js,0,1381
2103,CallExpression,nan,2,-1,-1,32,0,32,32,packages\eventemitter3\benchmarks\run\context.js,0,1382
2104,CallExpression,nan,3,-1,-1,33,0,33,29,packages\eventemitter3\benchmarks\run\context.js,0,1383
2105,CallExpression,nan,2,-1,-1,34,0,34,30,packages\eventemitter3\benchmarks\run\context.js,0,1384
2106,CallExpression,nan,2,-1,-1,35,0,35,30,packages\eventemitter3\benchmarks\run\context.js,0,1385
2107,CallExpression,nan,2,-1,-1,36,0,36,30,packages\eventemitter3\benchmarks\run\context.js,0,1386
2108,CallExpression,nan,1,-1,-1,38,0,84,23,packages\eventemitter3\benchmarks\run\context.js,0,1387
2109,IfStatement,nan,-1,-1,-1,17,2,17,50,packages\eventemitter3\benchmarks\run\context.js,0,1388
2111,Identifier,handle,-1,-1,-1,29,14,29,20,packages\eventemitter3\benchmarks\run\context.js,0,1389
2112,Identifier,ctx,-1,-1,-1,29,22,29,25,packages\eventemitter3\benchmarks\run\context.js,0,1390
2113,MemberExpression,nan,-1,-1,-1,29,0,29,6,packages\eventemitter3\benchmarks\run\context.js,0,1391
2115,CallExpression,nan,1,-1,-1,30,14,30,30,packages\eventemitter3\benchmarks\run\context.js,0,1392
2116,MemberExpression,nan,-1,-1,-1,30,0,30,6,packages\eventemitter3\benchmarks\run\context.js,0,1393
2118,CallExpression,nan,1,-1,-1,31,14,31,30,packages\eventemitter3\benchmarks\run\context.js,0,1394
2119,MemberExpression,nan,-1,-1,-1,31,0,31,6,packages\eventemitter3\benchmarks\run\context.js,0,1395
2121,CallExpression,nan,1,-1,-1,32,15,32,31,packages\eventemitter3\benchmarks\run\context.js,0,1396
2122,MemberExpression,nan,-1,-1,-1,32,0,32,7,packages\eventemitter3\benchmarks\run\context.js,0,1397
2124,Identifier,handle,-1,-1,-1,33,17,33,23,packages\eventemitter3\benchmarks\run\context.js,0,1398
2125,Identifier,ctx,-1,-1,-1,33,25,33,28,packages\eventemitter3\benchmarks\run\context.js,0,1399
2126,MemberExpression,nan,-1,-1,-1,33,0,33,9,packages\eventemitter3\benchmarks\run\context.js,0,1400
2128,CallExpression,nan,1,-1,-1,34,13,34,29,packages\eventemitter3\benchmarks\run\context.js,0,1401
2129,MemberExpression,nan,-1,-1,-1,34,0,34,5,packages\eventemitter3\benchmarks\run\context.js,0,1402
2131,CallExpression,nan,1,-1,-1,35,13,35,29,packages\eventemitter3\benchmarks\run\context.js,0,1403
2132,MemberExpression,nan,-1,-1,-1,35,0,35,5,packages\eventemitter3\benchmarks\run\context.js,0,1404
2134,CallExpression,nan,1,-1,-1,36,13,36,29,packages\eventemitter3\benchmarks\run\context.js,0,1405
2135,MemberExpression,nan,-1,-1,-1,36,0,36,5,packages\eventemitter3\benchmarks\run\context.js,0,1406
2136,ObjectExpression,nan,-1,-1,-1,84,7,84,22,packages\eventemitter3\benchmarks\run\context.js,0,1407
2137,MemberExpression,nan,-1,-1,-1,38,0,84,6,packages\eventemitter3\benchmarks\run\context.js,0,1408
2140,Identifier,ctx,-1,-1,-1,30,26,30,29,packages\eventemitter3\benchmarks\run\context.js,0,1409
2141,MemberExpression,nan,-1,-1,-1,30,14,30,25,packages\eventemitter3\benchmarks\run\context.js,0,1410
2142,Identifier,ctx,-1,-1,-1,31,26,31,29,packages\eventemitter3\benchmarks\run\context.js,0,1411
2143,MemberExpression,nan,-1,-1,-1,31,14,31,25,packages\eventemitter3\benchmarks\run\context.js,0,1412
2144,Identifier,ctx,-1,-1,-1,32,27,32,30,packages\eventemitter3\benchmarks\run\context.js,0,1413
2145,MemberExpression,nan,-1,-1,-1,32,15,32,26,packages\eventemitter3\benchmarks\run\context.js,0,1414
2146,Identifier,ctx,-1,-1,-1,34,25,34,28,packages\eventemitter3\benchmarks\run\context.js,0,1415
2147,MemberExpression,nan,-1,-1,-1,34,13,34,24,packages\eventemitter3\benchmarks\run\context.js,0,1416
2148,Identifier,ctx,-1,-1,-1,35,25,35,28,packages\eventemitter3\benchmarks\run\context.js,0,1417
2149,MemberExpression,nan,-1,-1,-1,35,13,35,24,packages\eventemitter3\benchmarks\run\context.js,0,1418
2150,Identifier,ctx,-1,-1,-1,36,25,36,28,packages\eventemitter3\benchmarks\run\context.js,0,1419
2151,MemberExpression,nan,-1,-1,-1,36,13,36,24,packages\eventemitter3\benchmarks\run\context.js,0,1420
2152,CallExpression,nan,1,-1,-1,17,30,17,49,packages\eventemitter3\benchmarks\run\context.js,0,1421
2153,MemberExpression,nan,-1,-1,-1,17,6,17,22,packages\eventemitter3\benchmarks\run\context.js,0,1422
2156,MemberExpression,nan,-1,-1,-1,17,30,17,41,packages\eventemitter3\benchmarks\run\context.js,0,1423
2157,Program,nan,-1,-1,-1,1,0,93,24,packages\eventemitter3\benchmarks\run\emit-multiple-listeners.js,0,1424
2159,VariableDeclaration,nan,-1,-1,-1,3,0,3,37,packages\eventemitter3\benchmarks\run\emit-multiple-listeners.js,0,1425
2160,VariableDeclaration,nan,-1,-1,-1,5,0,11,31,packages\eventemitter3\benchmarks\run\emit-multiple-listeners.js,0,1426
2161,FunctionDeclaration,nan,-1,0,1,13,0,17,1,packages\eventemitter3\benchmarks\run\emit-multiple-listeners.js,0,1427
2162,FunctionDeclaration,nan,-1,0,1,19,0,23,1,packages\eventemitter3\benchmarks\run\emit-multiple-listeners.js,0,1428
2163,FunctionDeclaration,nan,-1,0,1,25,0,29,1,packages\eventemitter3\benchmarks\run\emit-multiple-listeners.js,0,1429
2164,VariableDeclaration,nan,-1,-1,-1,31,0,37,14,packages\eventemitter3\benchmarks\run\emit-multiple-listeners.js,0,1430
2174,Identifier,foo,-1,-1,-1,13,9,13,12,packages\eventemitter3\benchmarks\run\emit-multiple-listeners.js,0,1431
2176,BlockStatement,nan,-1,-1,-1,13,15,17,1,packages\eventemitter3\benchmarks\run\emit-multiple-listeners.js,0,1432
2177,Identifier,bar,-1,-1,-1,19,9,19,12,packages\eventemitter3\benchmarks\run\emit-multiple-listeners.js,0,1433
2179,BlockStatement,nan,-1,-1,-1,19,15,23,1,packages\eventemitter3\benchmarks\run\emit-multiple-listeners.js,0,1434
2180,Identifier,baz,-1,-1,-1,25,9,25,12,packages\eventemitter3\benchmarks\run\emit-multiple-listeners.js,0,1435
2182,BlockStatement,nan,-1,-1,-1,25,15,29,1,packages\eventemitter3\benchmarks\run\emit-multiple-listeners.js,0,1436
2183,CallExpression,nan,2,-1,-1,39,0,39,47,packages\eventemitter3\benchmarks\run\emit-multiple-listeners.js,0,1437
2184,CallExpression,nan,2,-1,-1,40,0,40,47,packages\eventemitter3\benchmarks\run\emit-multiple-listeners.js,0,1438
2185,CallExpression,nan,2,-1,-1,41,0,41,47,packages\eventemitter3\benchmarks\run\emit-multiple-listeners.js,0,1439
2186,CallExpression,nan,2,-1,-1,42,0,42,48,packages\eventemitter3\benchmarks\run\emit-multiple-listeners.js,0,1440
2187,CallExpression,nan,2,-1,-1,43,0,43,48,packages\eventemitter3\benchmarks\run\emit-multiple-listeners.js,0,1441
2188,CallExpression,nan,2,-1,-1,44,0,44,48,packages\eventemitter3\benchmarks\run\emit-multiple-listeners.js,0,1442
2189,CallExpression,nan,2,-1,-1,45,0,45,51,packages\eventemitter3\benchmarks\run\emit-multiple-listeners.js,0,1443
2190,CallExpression,nan,1,-1,-1,52,0,93,23,packages\eventemitter3\benchmarks\run\emit-multiple-listeners.js,0,1444
2191,IfStatement,nan,-1,-1,-1,14,2,14,50,packages\eventemitter3\benchmarks\run\emit-multiple-listeners.js,0,1445
2192,ReturnStatement,nan,1,-1,-1,16,2,16,11,packages\eventemitter3\benchmarks\run\emit-multiple-listeners.js,0,1446
2193,IfStatement,nan,-1,-1,-1,20,2,20,50,packages\eventemitter3\benchmarks\run\emit-multiple-listeners.js,0,1447
2194,ReturnStatement,nan,1,-1,-1,22,2,22,15,packages\eventemitter3\benchmarks\run\emit-multiple-listeners.js,0,1448
2195,IfStatement,nan,-1,-1,-1,26,2,26,50,packages\eventemitter3\benchmarks\run\emit-multiple-listeners.js,0,1449
2196,ReturnStatement,nan,1,-1,-1,28,2,28,14,packages\eventemitter3\benchmarks\run\emit-multiple-listeners.js,0,1450
2198,Identifier,baz,-1,-1,-1,39,43,39,46,packages\eventemitter3\benchmarks\run\emit-multiple-listeners.js,0,1451
2199,MemberExpression,nan,-1,-1,-1,39,0,39,35,packages\eventemitter3\benchmarks\run\emit-multiple-listeners.js,0,1452
2201,Identifier,baz,-1,-1,-1,40,43,40,46,packages\eventemitter3\benchmarks\run\emit-multiple-listeners.js,0,1453
2202,MemberExpression,nan,-1,-1,-1,40,0,40,35,packages\eventemitter3\benchmarks\run\emit-multiple-listeners.js,0,1454
2204,Identifier,baz,-1,-1,-1,41,43,41,46,packages\eventemitter3\benchmarks\run\emit-multiple-listeners.js,0,1455
2205,MemberExpression,nan,-1,-1,-1,41,0,41,35,packages\eventemitter3\benchmarks\run\emit-multiple-listeners.js,0,1456
2207,Identifier,baz,-1,-1,-1,42,44,42,47,packages\eventemitter3\benchmarks\run\emit-multiple-listeners.js,0,1457
2208,MemberExpression,nan,-1,-1,-1,42,0,42,36,packages\eventemitter3\benchmarks\run\emit-multiple-listeners.js,0,1458
2210,Identifier,baz,-1,-1,-1,43,44,43,47,packages\eventemitter3\benchmarks\run\emit-multiple-listeners.js,0,1459
2211,MemberExpression,nan,-1,-1,-1,43,0,43,36,packages\eventemitter3\benchmarks\run\emit-multiple-listeners.js,0,1460
2213,Identifier,baz,-1,-1,-1,44,44,44,47,packages\eventemitter3\benchmarks\run\emit-multiple-listeners.js,0,1461
2214,MemberExpression,nan,-1,-1,-1,44,0,44,36,packages\eventemitter3\benchmarks\run\emit-multiple-listeners.js,0,1462
2216,Identifier,baz,-1,-1,-1,45,47,45,50,packages\eventemitter3\benchmarks\run\emit-multiple-listeners.js,0,1463
2217,MemberExpression,nan,-1,-1,-1,45,0,45,39,packages\eventemitter3\benchmarks\run\emit-multiple-listeners.js,0,1464
2218,ObjectExpression,nan,-1,-1,-1,93,7,93,22,packages\eventemitter3\benchmarks\run\emit-multiple-listeners.js,0,1465
2219,MemberExpression,nan,-1,-1,-1,52,0,93,6,packages\eventemitter3\benchmarks\run\emit-multiple-listeners.js,0,1466
2229,CallExpression,nan,1,-1,-1,14,30,14,49,packages\eventemitter3\benchmarks\run\emit-multiple-listeners.js,0,1467
2230,MemberExpression,nan,-1,-1,-1,14,6,14,22,packages\eventemitter3\benchmarks\run\emit-multiple-listeners.js,0,1468
2232,CallExpression,nan,1,-1,-1,20,30,20,49,packages\eventemitter3\benchmarks\run\emit-multiple-listeners.js,0,1469
2233,MemberExpression,nan,-1,-1,-1,20,6,20,22,packages\eventemitter3\benchmarks\run\emit-multiple-listeners.js,0,1470
2235,CallExpression,nan,1,-1,-1,26,30,26,49,packages\eventemitter3\benchmarks\run\emit-multiple-listeners.js,0,1471
2236,MemberExpression,nan,-1,-1,-1,26,6,26,22,packages\eventemitter3\benchmarks\run\emit-multiple-listeners.js,0,1472
2239,MemberExpression,nan,-1,-1,-1,14,30,14,41,packages\eventemitter3\benchmarks\run\emit-multiple-listeners.js,0,1473
2241,MemberExpression,nan,-1,-1,-1,20,30,20,41,packages\eventemitter3\benchmarks\run\emit-multiple-listeners.js,0,1474
2243,MemberExpression,nan,-1,-1,-1,26,30,26,41,packages\eventemitter3\benchmarks\run\emit-multiple-listeners.js,0,1475
2244,Program,nan,-1,-1,-1,1,0,82,24,packages\eventemitter3\benchmarks\run\emit.js,0,1476
2246,VariableDeclaration,nan,-1,-1,-1,3,0,3,37,packages\eventemitter3\benchmarks\run\emit.js,0,1477
2247,VariableDeclaration,nan,-1,-1,-1,5,0,12,31,packages\eventemitter3\benchmarks\run\emit.js,0,1478
2248,FunctionDeclaration,nan,-1,0,0,14,0,16,1,packages\eventemitter3\benchmarks\run\emit.js,0,1479
2249,VariableDeclaration,nan,-1,-1,-1,18,0,25,14,packages\eventemitter3\benchmarks\run\emit.js,0,1480
2260,Identifier,handle,-1,-1,-1,14,9,14,15,packages\eventemitter3\benchmarks\run\emit.js,0,1481
2262,BlockStatement,nan,-1,-1,-1,14,18,16,1,packages\eventemitter3\benchmarks\run\emit.js,0,1482
2263,CallExpression,nan,2,-1,-1,27,0,27,20,packages\eventemitter3\benchmarks\run\emit.js,0,1483
2264,CallExpression,nan,2,-1,-1,28,0,28,20,packages\eventemitter3\benchmarks\run\emit.js,0,1484
2265,CallExpression,nan,2,-1,-1,29,0,29,21,packages\eventemitter3\benchmarks\run\emit.js,0,1485
2266,CallExpression,nan,2,-1,-1,30,0,30,21,packages\eventemitter3\benchmarks\run\emit.js,0,1486
2267,CallExpression,nan,2,-1,-1,31,0,31,21,packages\eventemitter3\benchmarks\run\emit.js,0,1487
2268,CallExpression,nan,2,-1,-1,32,0,32,22,packages\eventemitter3\benchmarks\run\emit.js,0,1488
2269,CallExpression,nan,2,-1,-1,33,0,33,24,packages\eventemitter3\benchmarks\run\emit.js,0,1489
2270,CallExpression,nan,2,-1,-1,34,0,34,20,packages\eventemitter3\benchmarks\run\emit.js,0,1490
2271,CallExpression,nan,1,-1,-1,36,0,82,23,packages\eventemitter3\benchmarks\run\emit.js,0,1491
2272,IfStatement,nan,-1,-1,-1,15,2,15,50,packages\eventemitter3\benchmarks\run\emit.js,0,1492
2274,Identifier,handle,-1,-1,-1,27,13,27,19,packages\eventemitter3\benchmarks\run\emit.js,0,1493
2275,MemberExpression,nan,-1,-1,-1,27,0,27,5,packages\eventemitter3\benchmarks\run\emit.js,0,1494
2277,Identifier,handle,-1,-1,-1,28,13,28,19,packages\eventemitter3\benchmarks\run\emit.js,0,1495
2278,MemberExpression,nan,-1,-1,-1,28,0,28,5,packages\eventemitter3\benchmarks\run\emit.js,0,1496
2280,Identifier,handle,-1,-1,-1,29,14,29,20,packages\eventemitter3\benchmarks\run\emit.js,0,1497
2281,MemberExpression,nan,-1,-1,-1,29,0,29,6,packages\eventemitter3\benchmarks\run\emit.js,0,1498
2283,Identifier,handle,-1,-1,-1,30,14,30,20,packages\eventemitter3\benchmarks\run\emit.js,0,1499
2284,MemberExpression,nan,-1,-1,-1,30,0,30,6,packages\eventemitter3\benchmarks\run\emit.js,0,1500
2286,Identifier,handle,-1,-1,-1,31,14,31,20,packages\eventemitter3\benchmarks\run\emit.js,0,1501
2287,MemberExpression,nan,-1,-1,-1,31,0,31,6,packages\eventemitter3\benchmarks\run\emit.js,0,1502
2289,Identifier,handle,-1,-1,-1,32,15,32,21,packages\eventemitter3\benchmarks\run\emit.js,0,1503
2290,MemberExpression,nan,-1,-1,-1,32,0,32,7,packages\eventemitter3\benchmarks\run\emit.js,0,1504
2292,Identifier,handle,-1,-1,-1,33,17,33,23,packages\eventemitter3\benchmarks\run\emit.js,0,1505
2293,MemberExpression,nan,-1,-1,-1,33,0,33,9,packages\eventemitter3\benchmarks\run\emit.js,0,1506
2295,Identifier,handle,-1,-1,-1,34,13,34,19,packages\eventemitter3\benchmarks\run\emit.js,0,1507
2296,MemberExpression,nan,-1,-1,-1,34,0,34,5,packages\eventemitter3\benchmarks\run\emit.js,0,1508
2297,ObjectExpression,nan,-1,-1,-1,82,7,82,22,packages\eventemitter3\benchmarks\run\emit.js,0,1509
2298,MemberExpression,nan,-1,-1,-1,36,0,82,6,packages\eventemitter3\benchmarks\run\emit.js,0,1510
2301,CallExpression,nan,1,-1,-1,15,30,15,49,packages\eventemitter3\benchmarks\run\emit.js,0,1511
2302,MemberExpression,nan,-1,-1,-1,15,6,15,22,packages\eventemitter3\benchmarks\run\emit.js,0,1512
2305,MemberExpression,nan,-1,-1,-1,15,30,15,41,packages\eventemitter3\benchmarks\run\emit.js,0,1513
2306,Program,nan,-1,-1,-1,1,0,81,24,packages\eventemitter3\benchmarks\run\hundreds.js,0,1514
2308,VariableDeclaration,nan,-1,-1,-1,3,0,3,37,packages\eventemitter3\benchmarks\run\hundreds.js,0,1515
2309,VariableDeclaration,nan,-1,-1,-1,5,0,12,31,packages\eventemitter3\benchmarks\run\hundreds.js,0,1516
2310,FunctionDeclaration,nan,-1,0,1,14,0,18,1,packages\eventemitter3\benchmarks\run\hundreds.js,0,1517
2311,VariableDeclaration,nan,-1,-1,-1,20,0,28,9,packages\eventemitter3\benchmarks\run\hundreds.js,0,1518
2312,ForStatement,nan,-1,-1,-1,30,0,41,1,packages\eventemitter3\benchmarks\run\hundreds.js,0,1519
2315,Identifier,foo,-1,-1,-1,14,9,14,12,packages\eventemitter3\benchmarks\run\hundreds.js,0,1520
2317,BlockStatement,nan,-1,-1,-1,14,15,18,1,packages\eventemitter3\benchmarks\run\hundreds.js,0,1521
2319,BlockStatement,nan,-1,-1,-1,30,25,41,1,packages\eventemitter3\benchmarks\run\hundreds.js,0,1522
2320,CallExpression,nan,1,-1,-1,43,0,81,23,packages\eventemitter3\benchmarks\run\hundreds.js,0,1523
2321,IfStatement,nan,-1,-1,-1,15,2,15,50,packages\eventemitter3\benchmarks\run\hundreds.js,0,1524
2322,ReturnStatement,nan,1,-1,-1,17,2,17,11,packages\eventemitter3\benchmarks\run\hundreds.js,0,1525
2323,Identifier,i,-1,-1,-1,30,12,30,13,packages\eventemitter3\benchmarks\run\hundreds.js,0,1526
2325,ForStatement,nan,-1,-1,-1,31,2,40,3,packages\eventemitter3\benchmarks\run\hundreds.js,0,1527
2326,ObjectExpression,nan,-1,-1,-1,81,7,81,22,packages\eventemitter3\benchmarks\run\hundreds.js,0,1528
2327,MemberExpression,nan,-1,-1,-1,43,0,81,6,packages\eventemitter3\benchmarks\run\hundreds.js,0,1529
2332,BlockStatement,nan,-1,-1,-1,31,27,40,3,packages\eventemitter3\benchmarks\run\hundreds.js,0,1530
2333,CallExpression,nan,1,-1,-1,15,30,15,49,packages\eventemitter3\benchmarks\run\hundreds.js,0,1531
2334,MemberExpression,nan,-1,-1,-1,15,6,15,22,packages\eventemitter3\benchmarks\run\hundreds.js,0,1532
2336,Identifier,j,-1,-1,-1,31,14,31,15,packages\eventemitter3\benchmarks\run\hundreds.js,0,1533
2347,MemberExpression,nan,-1,-1,-1,15,30,15,41,packages\eventemitter3\benchmarks\run\hundreds.js,0,1534
2348,CallExpression,nan,2,-1,-1,32,4,32,28,packages\eventemitter3\benchmarks\run\hundreds.js,0,1535
2349,CallExpression,nan,2,-1,-1,33,4,33,28,packages\eventemitter3\benchmarks\run\hundreds.js,0,1536
2350,CallExpression,nan,2,-1,-1,34,4,34,28,packages\eventemitter3\benchmarks\run\hundreds.js,0,1537
2351,CallExpression,nan,2,-1,-1,35,4,35,29,packages\eventemitter3\benchmarks\run\hundreds.js,0,1538
2352,CallExpression,nan,2,-1,-1,36,4,36,29,packages\eventemitter3\benchmarks\run\hundreds.js,0,1539
2353,CallExpression,nan,2,-1,-1,37,4,37,29,packages\eventemitter3\benchmarks\run\hundreds.js,0,1540
2354,CallExpression,nan,2,-1,-1,38,4,38,30,packages\eventemitter3\benchmarks\run\hundreds.js,0,1541
2355,CallExpression,nan,2,-1,-1,39,4,39,32,packages\eventemitter3\benchmarks\run\hundreds.js,0,1542
2357,Identifier,foo,-1,-1,-1,32,24,32,27,packages\eventemitter3\benchmarks\run\hundreds.js,0,1543
2358,MemberExpression,nan,-1,-1,-1,32,4,32,9,packages\eventemitter3\benchmarks\run\hundreds.js,0,1544
2360,Identifier,foo,-1,-1,-1,33,24,33,27,packages\eventemitter3\benchmarks\run\hundreds.js,0,1545
2361,MemberExpression,nan,-1,-1,-1,33,4,33,9,packages\eventemitter3\benchmarks\run\hundreds.js,0,1546
2363,Identifier,foo,-1,-1,-1,34,24,34,27,packages\eventemitter3\benchmarks\run\hundreds.js,0,1547
2364,MemberExpression,nan,-1,-1,-1,34,4,34,9,packages\eventemitter3\benchmarks\run\hundreds.js,0,1548
2366,Identifier,foo,-1,-1,-1,35,25,35,28,packages\eventemitter3\benchmarks\run\hundreds.js,0,1549
2367,MemberExpression,nan,-1,-1,-1,35,4,35,10,packages\eventemitter3\benchmarks\run\hundreds.js,0,1550
2369,Identifier,foo,-1,-1,-1,36,25,36,28,packages\eventemitter3\benchmarks\run\hundreds.js,0,1551
2370,MemberExpression,nan,-1,-1,-1,36,4,36,10,packages\eventemitter3\benchmarks\run\hundreds.js,0,1552
2372,Identifier,foo,-1,-1,-1,37,25,37,28,packages\eventemitter3\benchmarks\run\hundreds.js,0,1553
2373,MemberExpression,nan,-1,-1,-1,37,4,37,10,packages\eventemitter3\benchmarks\run\hundreds.js,0,1554
2375,Identifier,foo,-1,-1,-1,38,26,38,29,packages\eventemitter3\benchmarks\run\hundreds.js,0,1555
2376,MemberExpression,nan,-1,-1,-1,38,4,38,11,packages\eventemitter3\benchmarks\run\hundreds.js,0,1556
2378,Identifier,foo,-1,-1,-1,39,28,39,31,packages\eventemitter3\benchmarks\run\hundreds.js,0,1557
2379,MemberExpression,nan,-1,-1,-1,39,4,39,13,packages\eventemitter3\benchmarks\run\hundreds.js,0,1558
2381,Identifier,i,-1,-1,-1,32,21,32,22,packages\eventemitter3\benchmarks\run\hundreds.js,0,1559
2383,Identifier,i,-1,-1,-1,33,21,33,22,packages\eventemitter3\benchmarks\run\hundreds.js,0,1560
2385,Identifier,i,-1,-1,-1,34,21,34,22,packages\eventemitter3\benchmarks\run\hundreds.js,0,1561
2387,Identifier,i,-1,-1,-1,35,22,35,23,packages\eventemitter3\benchmarks\run\hundreds.js,0,1562
2389,Identifier,i,-1,-1,-1,36,22,36,23,packages\eventemitter3\benchmarks\run\hundreds.js,0,1563
2391,Identifier,i,-1,-1,-1,37,22,37,23,packages\eventemitter3\benchmarks\run\hundreds.js,0,1564
2393,Identifier,i,-1,-1,-1,38,23,38,24,packages\eventemitter3\benchmarks\run\hundreds.js,0,1565
2395,Identifier,i,-1,-1,-1,39,25,39,26,packages\eventemitter3\benchmarks\run\hundreds.js,0,1566
2396,Program,nan,-1,-1,-1,1,0,42,24,packages\eventemitter3\benchmarks\run\init.js,0,1567
2398,VariableDeclaration,nan,-1,-1,-1,3,0,3,37,packages\eventemitter3\benchmarks\run\init.js,0,1568
2399,VariableDeclaration,nan,-1,-1,-1,5,0,12,31,packages\eventemitter3\benchmarks\run\init.js,0,1569
2400,VariableDeclaration,nan,-1,-1,-1,18,0,18,12,packages\eventemitter3\benchmarks\run\init.js,0,1570
2403,CallExpression,nan,1,-1,-1,20,0,42,23,packages\eventemitter3\benchmarks\run\init.js,0,1571
2404,ObjectExpression,nan,-1,-1,-1,42,7,42,22,packages\eventemitter3\benchmarks\run\init.js,0,1572
2405,MemberExpression,nan,-1,-1,-1,20,0,42,6,packages\eventemitter3\benchmarks\run\init.js,0,1573
2406,Program,nan,-1,-1,-1,1,0,52,24,packages\eventemitter3\benchmarks\run\listeners.js,0,1574
2408,VariableDeclaration,nan,-1,-1,-1,3,0,3,37,packages\eventemitter3\benchmarks\run\listeners.js,0,1575
2409,VariableDeclaration,nan,-1,-1,-1,5,0,8,31,packages\eventemitter3\benchmarks\run\listeners.js,0,1576
2410,VariableDeclaration,nan,-1,-1,-1,10,0,10,40,packages\eventemitter3\benchmarks\run\listeners.js,0,1577
2411,FunctionDeclaration,nan,-1,0,0,12,0,14,1,packages\eventemitter3\benchmarks\run\listeners.js,0,1578
2412,VariableDeclaration,nan,-1,-1,-1,16,0,19,18,packages\eventemitter3\benchmarks\run\listeners.js,0,1579
2415,ForStatement,nan,-1,-1,-1,24,0,29,1,packages\eventemitter3\benchmarks\run\listeners.js,0,1580
2418,Identifier,handle,-1,-1,-1,12,9,12,15,packages\eventemitter3\benchmarks\run\listeners.js,0,1581
2420,BlockStatement,nan,-1,-1,-1,12,18,14,1,packages\eventemitter3\benchmarks\run\listeners.js,0,1582
2421,CallExpression,nan,1,-1,-1,21,0,21,34,packages\eventemitter3\benchmarks\run\listeners.js,0,1583
2422,CallExpression,nan,1,-1,-1,22,0,22,33,packages\eventemitter3\benchmarks\run\listeners.js,0,1584
2424,BlockStatement,nan,-1,-1,-1,24,29,29,1,packages\eventemitter3\benchmarks\run\listeners.js,0,1585
2425,CallExpression,nan,1,-1,-1,38,0,52,23,packages\eventemitter3\benchmarks\run\listeners.js,0,1586
2426,IfStatement,nan,-1,-1,-1,13,2,13,50,packages\eventemitter3\benchmarks\run\listeners.js,0,1587
2427,Identifier,MAX_LISTENERS,-1,-1,-1,21,20,21,33,packages\eventemitter3\benchmarks\run\listeners.js,0,1588
2428,MemberExpression,nan,-1,-1,-1,21,0,21,19,packages\eventemitter3\benchmarks\run\listeners.js,0,1589
2429,Identifier,MAX_LISTENERS,-1,-1,-1,22,19,22,32,packages\eventemitter3\benchmarks\run\listeners.js,0,1590
2430,MemberExpression,nan,-1,-1,-1,22,0,22,18,packages\eventemitter3\benchmarks\run\listeners.js,0,1591
2431,Identifier,i,-1,-1,-1,24,16,24,17,packages\eventemitter3\benchmarks\run\listeners.js,0,1592
2437,ObjectExpression,nan,-1,-1,-1,52,7,52,22,packages\eventemitter3\benchmarks\run\listeners.js,0,1593
2438,MemberExpression,nan,-1,-1,-1,38,0,52,6,packages\eventemitter3\benchmarks\run\listeners.js,0,1594
2441,CallExpression,nan,2,-1,-1,25,2,25,25,packages\eventemitter3\benchmarks\run\listeners.js,0,1595
2442,CallExpression,nan,2,-1,-1,26,2,26,25,packages\eventemitter3\benchmarks\run\listeners.js,0,1596
2443,CallExpression,nan,2,-1,-1,27,2,27,28,packages\eventemitter3\benchmarks\run\listeners.js,0,1597
2444,CallExpression,nan,2,-1,-1,28,2,28,24,packages\eventemitter3\benchmarks\run\listeners.js,0,1598
2445,CallExpression,nan,1,-1,-1,13,30,13,49,packages\eventemitter3\benchmarks\run\listeners.js,0,1599
2446,MemberExpression,nan,-1,-1,-1,13,6,13,22,packages\eventemitter3\benchmarks\run\listeners.js,0,1600
2449,Identifier,handle,-1,-1,-1,25,18,25,24,packages\eventemitter3\benchmarks\run\listeners.js,0,1601
2450,MemberExpression,nan,-1,-1,-1,25,2,25,8,packages\eventemitter3\benchmarks\run\listeners.js,0,1602
2452,Identifier,handle,-1,-1,-1,26,18,26,24,packages\eventemitter3\benchmarks\run\listeners.js,0,1603
2453,MemberExpression,nan,-1,-1,-1,26,2,26,8,packages\eventemitter3\benchmarks\run\listeners.js,0,1604
2455,Identifier,handle,-1,-1,-1,27,21,27,27,packages\eventemitter3\benchmarks\run\listeners.js,0,1605
2456,MemberExpression,nan,-1,-1,-1,27,2,27,11,packages\eventemitter3\benchmarks\run\listeners.js,0,1606
2458,Identifier,handle,-1,-1,-1,28,17,28,23,packages\eventemitter3\benchmarks\run\listeners.js,0,1607
2459,MemberExpression,nan,-1,-1,-1,28,2,28,7,packages\eventemitter3\benchmarks\run\listeners.js,0,1608
2461,MemberExpression,nan,-1,-1,-1,13,30,13,41,packages\eventemitter3\benchmarks\run\listeners.js,0,1609
2462,Program,nan,-1,-1,-1,1,0,49,24,packages\eventemitter3\benchmarks\run\once.js,0,1610
2464,VariableDeclaration,nan,-1,-1,-1,3,0,3,37,packages\eventemitter3\benchmarks\run\once.js,0,1611
2465,VariableDeclaration,nan,-1,-1,-1,5,0,12,31,packages\eventemitter3\benchmarks\run\once.js,0,1612
2466,FunctionDeclaration,nan,-1,0,0,14,0,16,1,packages\eventemitter3\benchmarks\run\once.js,0,1613
2467,VariableDeclaration,nan,-1,-1,-1,18,0,25,14,packages\eventemitter3\benchmarks\run\once.js,0,1614
2470,Identifier,handle,-1,-1,-1,14,9,14,15,packages\eventemitter3\benchmarks\run\once.js,0,1615
2472,BlockStatement,nan,-1,-1,-1,14,18,16,1,packages\eventemitter3\benchmarks\run\once.js,0,1616
2473,CallExpression,nan,1,-1,-1,27,0,49,23,packages\eventemitter3\benchmarks\run\once.js,0,1617
2474,IfStatement,nan,-1,-1,-1,15,2,15,50,packages\eventemitter3\benchmarks\run\once.js,0,1618
2475,ObjectExpression,nan,-1,-1,-1,49,7,49,22,packages\eventemitter3\benchmarks\run\once.js,0,1619
2476,MemberExpression,nan,-1,-1,-1,27,0,49,6,packages\eventemitter3\benchmarks\run\once.js,0,1620
2479,CallExpression,nan,1,-1,-1,15,30,15,49,packages\eventemitter3\benchmarks\run\once.js,0,1621
2480,MemberExpression,nan,-1,-1,-1,15,6,15,22,packages\eventemitter3\benchmarks\run\once.js,0,1622
2483,MemberExpression,nan,-1,-1,-1,15,30,15,41,packages\eventemitter3\benchmarks\run\once.js,0,1623
2484,Program,nan,-1,-1,-1,1,0,83,24,packages\eventemitter3\benchmarks\run\remove-emit.js,0,1624
2486,VariableDeclaration,nan,-1,-1,-1,3,0,3,37,packages\eventemitter3\benchmarks\run\remove-emit.js,0,1625
2487,VariableDeclaration,nan,-1,-1,-1,5,0,11,31,packages\eventemitter3\benchmarks\run\remove-emit.js,0,1626
2488,FunctionDeclaration,nan,-1,0,0,13,0,15,1,packages\eventemitter3\benchmarks\run\remove-emit.js,0,1627
2489,VariableDeclaration,nan,-1,-1,-1,17,0,23,14,packages\eventemitter3\benchmarks\run\remove-emit.js,0,1628
2493,Identifier,handle,-1,-1,-1,13,9,13,15,packages\eventemitter3\benchmarks\run\remove-emit.js,0,1629
2495,BlockStatement,nan,-1,-1,-1,13,18,15,1,packages\eventemitter3\benchmarks\run\remove-emit.js,0,1630
2496,CallExpression,nan,1,-1,-1,25,0,36,2,packages\eventemitter3\benchmarks\run\remove-emit.js,0,1631
2497,CallExpression,nan,1,-1,-1,42,0,83,23,packages\eventemitter3\benchmarks\run\remove-emit.js,0,1632
2498,IfStatement,nan,-1,-1,-1,14,2,14,50,packages\eventemitter3\benchmarks\run\remove-emit.js,0,1633
2499,FunctionExpression,nan,-1,1,0,25,46,36,1,packages\eventemitter3\benchmarks\run\remove-emit.js,0,1634
2500,MemberExpression,nan,-1,-1,-1,25,0,25,45,packages\eventemitter3\benchmarks\run\remove-emit.js,0,1635
2501,ObjectExpression,nan,-1,-1,-1,83,7,83,22,packages\eventemitter3\benchmarks\run\remove-emit.js,0,1636
2502,MemberExpression,nan,-1,-1,-1,42,0,83,6,packages\eventemitter3\benchmarks\run\remove-emit.js,0,1637
2505,Identifier,ohai,-1,-1,-1,25,55,25,59,packages\eventemitter3\benchmarks\run\remove-emit.js,0,1638
2506,Identifier,emitter,-1,-1,-1,25,60,25,67,packages\eventemitter3\benchmarks\run\remove-emit.js,0,1639
2508,BlockStatement,nan,-1,-1,-1,25,69,36,1,packages\eventemitter3\benchmarks\run\remove-emit.js,0,1640
2509,CallExpression,nan,1,-1,-1,14,30,14,49,packages\eventemitter3\benchmarks\run\remove-emit.js,0,1641
2510,MemberExpression,nan,-1,-1,-1,14,6,14,22,packages\eventemitter3\benchmarks\run\remove-emit.js,0,1642
2514,IfStatement,nan,-1,-1,-1,33,2,35,58,packages\eventemitter3\benchmarks\run\remove-emit.js,0,1643
2516,MemberExpression,nan,-1,-1,-1,14,30,14,41,packages\eventemitter3\benchmarks\run\remove-emit.js,0,1644
2517,CallExpression,nan,2,-1,-1,26,2,26,27,packages\eventemitter3\benchmarks\run\remove-emit.js,0,1645
2518,CallExpression,nan,2,-1,-1,32,2,32,26,packages\eventemitter3\benchmarks\run\remove-emit.js,0,1646
2520,MemberExpression,nan,-1,-1,-1,33,6,33,28,packages\eventemitter3\benchmarks\run\remove-emit.js,0,1647
2522,Identifier,handle,-1,-1,-1,26,20,26,26,packages\eventemitter3\benchmarks\run\remove-emit.js,0,1648
2523,MemberExpression,nan,-1,-1,-1,26,2,26,12,packages\eventemitter3\benchmarks\run\remove-emit.js,0,1649
2525,Identifier,ohai,-1,-1,-1,32,21,32,25,packages\eventemitter3\benchmarks\run\remove-emit.js,0,1650
2526,MemberExpression,nan,-1,-1,-1,32,2,32,12,packages\eventemitter3\benchmarks\run\remove-emit.js,0,1651
2527,CallExpression,nan,2,-1,-1,33,30,33,66,packages\eventemitter3\benchmarks\run\remove-emit.js,0,1652
2529,Identifier,ohai,-1,-1,-1,33,61,33,65,packages\eventemitter3\benchmarks\run\remove-emit.js,0,1653
2530,MemberExpression,nan,-1,-1,-1,33,30,33,52,packages\eventemitter3\benchmarks\run\remove-emit.js,0,1654
