id,type,name,params_len,argument_len,returns,start_line,start_column,end_line,end_column,file_name,file_is_index_or_test,new_id
1,Program,nan,-1,-1,-1,1,0,56,1,packages\fast-redact\index.js,1,0
3,VariableDeclaration,nan,-1,-1,-1,3,0,3,44,packages\fast-redact\index.js,1,1
4,VariableDeclaration,nan,-1,-1,-1,4,0,4,36,packages\fast-redact\index.js,1,2
5,VariableDeclaration,nan,-1,-1,-1,5,0,5,42,packages\fast-redact\index.js,1,3
6,VariableDeclaration,nan,-1,-1,-1,6,0,6,42,packages\fast-redact\index.js,1,4
7,VariableDeclaration,nan,-1,-1,-1,7,0,7,64,packages\fast-redact\index.js,1,5
8,VariableDeclaration,nan,-1,-1,-1,8,0,8,36,packages\fast-redact\index.js,1,6
9,VariableDeclaration,nan,-1,-1,-1,9,0,9,30,packages\fast-redact\index.js,1,7
10,VariableDeclaration,nan,-1,-1,-1,10,0,10,28,packages\fast-redact\index.js,1,8
11,VariableDeclaration,nan,-1,-1,-1,11,0,11,21,packages\fast-redact\index.js,1,9
13,VariableDeclaration,nan,-1,-1,-1,14,0,14,35,packages\fast-redact\index.js,1,10
17,FunctionDeclaration,nan,-1,1,1,20,0,56,1,packages\fast-redact\index.js,1,11
19,AssignmentExpression,nan,-1,-1,-1,12,0,12,19,packages\fast-redact\index.js,1,12
20,AssignmentExpression,nan,-1,-1,-1,15,0,15,18,packages\fast-redact\index.js,1,13
21,AssignmentExpression,nan,-1,-1,-1,16,0,16,32,packages\fast-redact\index.js,1,14
22,AssignmentExpression,nan,-1,-1,-1,18,0,18,27,packages\fast-redact\index.js,1,15
23,Identifier,fastRedact,-1,-1,-1,20,9,20,19,packages\fast-redact\index.js,1,16
24,AssignmentPattern,nan,-1,-1,-1,20,21,20,30,packages\fast-redact\index.js,1,17
26,BlockStatement,nan,-1,-1,-1,20,32,56,1,packages\fast-redact\index.js,1,18
27,MemberExpression,nan,-1,-1,-1,12,0,12,12,packages\fast-redact\index.js,1,19
28,Identifier,noop,-1,-1,-1,12,15,12,19,packages\fast-redact\index.js,1,20
29,MemberExpression,nan,-1,-1,-1,15,0,15,13,packages\fast-redact\index.js,1,21
30,Identifier,rx,-1,-1,-1,15,16,15,18,packages\fast-redact\index.js,1,22
31,MemberExpression,nan,-1,-1,-1,16,0,16,20,packages\fast-redact\index.js,1,23
32,Identifier,validator,-1,-1,-1,16,23,16,32,packages\fast-redact\index.js,1,24
33,MemberExpression,nan,-1,-1,-1,18,0,18,14,packages\fast-redact\index.js,1,25
34,Identifier,fastRedact,-1,-1,-1,18,17,18,27,packages\fast-redact\index.js,1,26
35,Identifier,opts,-1,-1,-1,20,21,20,25,packages\fast-redact\index.js,1,27
36,ObjectExpression,nan,-1,-1,-1,20,28,20,30,packages\fast-redact\index.js,1,28
37,VariableDeclaration,nan,-1,-1,-1,21,2,21,53,packages\fast-redact\index.js,1,29
38,VariableDeclaration,nan,-1,-1,-1,22,2,25,20,packages\fast-redact\index.js,1,30
39,VariableDeclaration,nan,-1,-1,-1,26,2,26,28,packages\fast-redact\index.js,1,31
40,IfStatement,nan,-1,-1,-1,27,2,29,3,packages\fast-redact\index.js,1,32
41,VariableDeclaration,nan,-1,-1,-1,30,2,32,53,packages\fast-redact\index.js,1,33
42,VariableDeclaration,nan,-1,-1,-1,34,2,34,50,packages\fast-redact\index.js,1,34
43,VariableDeclaration,nan,-1,-1,-1,35,2,35,61,packages\fast-redact\index.js,1,35
44,IfStatement,nan,-1,-1,-1,37,2,37,50,packages\fast-redact\index.js,1,36
46,VariableDeclaration,nan,-1,-1,-1,41,2,41,63,packages\fast-redact\index.js,1,37
47,VariableDeclaration,nan,-1,-1,-1,43,2,43,35,packages\fast-redact\index.js,1,38
48,VariableDeclaration,nan,-1,-1,-1,44,2,44,54,packages\fast-redact\index.js,1,39
49,ReturnStatement,nan,1,-1,-1,46,2,55,5,packages\fast-redact\index.js,1,40
50,BlockStatement,nan,-1,-1,-1,27,55,29,3,packages\fast-redact\index.js,1,41
51,LogicalExpression,nan,-1,-1,-1,27,6,27,53,packages\fast-redact\index.js,1,42
52,ReturnStatement,nan,1,-1,-1,37,26,37,50,packages\fast-redact\index.js,1,43
54,CallExpression,nan,1,-1,-1,39,2,39,40,packages\fast-redact\index.js,1,44
55,CallExpression,nan,2,-1,-1,46,9,55,5,packages\fast-redact\index.js,1,45
56,ThrowStatement,nan,1,-1,-1,28,4,28,98,packages\fast-redact\index.js,1,46
59,LogicalExpression,nan,-1,-1,-1,37,33,37,50,packages\fast-redact\index.js,1,47
60,MemberExpression,nan,-1,-1,-1,37,6,37,18,packages\fast-redact\index.js,1,48
62,ObjectExpression,nan,-1,-1,-1,39,11,39,39,packages\fast-redact\index.js,1,49
63,Identifier,validate,-1,-1,-1,39,2,39,10,packages\fast-redact\index.js,1,50
64,ObjectExpression,nan,-1,-1,-1,46,18,46,87,packages\fast-redact\index.js,1,51
65,CallExpression,nan,1,-1,-1,46,89,55,4,packages\fast-redact\index.js,1,52
66,Identifier,redactor,-1,-1,-1,46,9,46,17,packages\fast-redact\index.js,1,53
67,CallExpression,nan,1,-1,-1,28,10,28,98,packages\fast-redact\index.js,1,54
68,Identifier,remove,-1,-1,-1,27,6,27,12,packages\fast-redact\index.js,1,55
70,Identifier,serialize,-1,-1,-1,27,25,27,34,packages\fast-redact\index.js,1,56
71,MemberExpression,nan,-1,-1,-1,27,39,27,53,packages\fast-redact\index.js,1,57
72,Identifier,serialize,-1,-1,-1,37,33,37,42,packages\fast-redact\index.js,1,58
73,Identifier,noop,-1,-1,-1,37,46,37,50,packages\fast-redact\index.js,1,59
74,ObjectExpression,nan,-1,-1,-1,46,95,55,3,packages\fast-redact\index.js,1,60
75,Identifier,state,-1,-1,-1,46,89,46,94,packages\fast-redact\index.js,1,61
77,Identifier,Error,-1,-1,-1,28,10,28,15,packages\fast-redact\index.js,1,62
78,Program,nan,-1,-1,-1,1,0,223,8,packages\fast-redact\benchmark\index.js,1,63
80,VariableDeclaration,nan,-1,-1,-1,2,0,2,34,packages\fast-redact\benchmark\index.js,1,64
81,VariableDeclaration,nan,-1,-1,-1,3,0,3,32,packages\fast-redact\benchmark\index.js,1,65
82,VariableDeclaration,nan,-1,-1,-1,5,0,5,31,packages\fast-redact\benchmark\index.js,1,66
83,VariableDeclaration,nan,-1,-1,-1,6,0,6,46,packages\fast-redact\benchmark\index.js,1,67
84,VariableDeclaration,nan,-1,-1,-1,8,0,8,45,packages\fast-redact\benchmark\index.js,1,68
85,VariableDeclaration,nan,-1,-1,-1,9,0,9,77,packages\fast-redact\benchmark\index.js,1,69
86,VariableDeclaration,nan,-1,-1,-1,10,0,10,84,packages\fast-redact\benchmark\index.js,1,70
87,VariableDeclaration,nan,-1,-1,-1,11,0,11,49,packages\fast-redact\benchmark\index.js,1,71
88,VariableDeclaration,nan,-1,-1,-1,12,0,12,81,packages\fast-redact\benchmark\index.js,1,72
89,VariableDeclaration,nan,-1,-1,-1,13,0,13,88,packages\fast-redact\benchmark\index.js,1,73
90,VariableDeclaration,nan,-1,-1,-1,14,0,14,93,packages\fast-redact\benchmark\index.js,1,74
91,VariableDeclaration,nan,-1,-1,-1,15,0,15,100,packages\fast-redact\benchmark\index.js,1,75
92,VariableDeclaration,nan,-1,-1,-1,16,0,16,58,packages\fast-redact\benchmark\index.js,1,76
93,VariableDeclaration,nan,-1,-1,-1,17,0,17,48,packages\fast-redact\benchmark\index.js,1,77
94,VariableDeclaration,nan,-1,-1,-1,18,0,18,62,packages\fast-redact\benchmark\index.js,1,78
95,VariableDeclaration,nan,-1,-1,-1,19,0,19,52,packages\fast-redact\benchmark\index.js,1,79
96,VariableDeclaration,nan,-1,-1,-1,20,0,20,64,packages\fast-redact\benchmark\index.js,1,80
97,VariableDeclaration,nan,-1,-1,-1,21,0,21,100,packages\fast-redact\benchmark\index.js,1,81
98,VariableDeclaration,nan,-1,-1,-1,22,0,22,100,packages\fast-redact\benchmark\index.js,1,82
99,VariableDeclaration,nan,-1,-1,-1,23,0,23,69,packages\fast-redact\benchmark\index.js,1,83
100,VariableDeclaration,nan,-1,-1,-1,24,0,24,98,packages\fast-redact\benchmark\index.js,1,84
101,VariableDeclaration,nan,-1,-1,-1,25,0,25,114,packages\fast-redact\benchmark\index.js,1,85
102,VariableDeclaration,nan,-1,-1,-1,26,0,26,106,packages\fast-redact\benchmark\index.js,1,86
103,VariableDeclaration,nan,-1,-1,-1,27,0,27,118,packages\fast-redact\benchmark\index.js,1,87
104,VariableDeclaration,nan,-1,-1,-1,28,0,28,122,packages\fast-redact\benchmark\index.js,1,88
105,VariableDeclaration,nan,-1,-1,-1,29,0,29,57,packages\fast-redact\benchmark\index.js,1,89
106,VariableDeclaration,nan,-1,-1,-1,30,0,30,107,packages\fast-redact\benchmark\index.js,1,90
107,VariableDeclaration,nan,-1,-1,-1,32,0,43,2,packages\fast-redact\benchmark\index.js,1,91
108,VariableDeclaration,nan,-1,-1,-1,45,0,45,15,packages\fast-redact\benchmark\index.js,1,92
109,VariableDeclaration,nan,-1,-1,-1,47,0,221,7,packages\fast-redact\benchmark\index.js,1,93
112,CallExpression,nan,1,-1,-1,223,0,223,8,packages\fast-redact\benchmark\index.js,1,94
113,Identifier,run,-1,-1,-1,223,4,223,7,packages\fast-redact\benchmark\index.js,1,95
114,Identifier,run,-1,-1,-1,223,0,223,3,packages\fast-redact\benchmark\index.js,1,96
115,Program,nan,-1,-1,-1,1,0,14,32,packages\fast-redact\example\default-usage.js,0,97
117,VariableDeclaration,nan,-1,-1,-1,2,0,2,32,packages\fast-redact\example\default-usage.js,0,98
118,VariableDeclaration,nan,-1,-1,-1,3,0,9,1,packages\fast-redact\example\default-usage.js,0,99
119,VariableDeclaration,nan,-1,-1,-1,10,0,12,2,packages\fast-redact\example\default-usage.js,0,100
122,CallExpression,nan,1,-1,-1,14,0,14,32,packages\fast-redact\example\default-usage.js,0,101
123,CallExpression,nan,1,-1,-1,14,12,14,31,packages\fast-redact\example\default-usage.js,0,102
124,MemberExpression,nan,-1,-1,-1,14,0,14,11,packages\fast-redact\example\default-usage.js,0,103
125,Identifier,fauxRequest,-1,-1,-1,14,19,14,30,packages\fast-redact\example\default-usage.js,0,104
126,Identifier,redact,-1,-1,-1,14,12,14,18,packages\fast-redact\example\default-usage.js,0,105
127,Program,nan,-1,-1,-1,1,0,11,24,packages\fast-redact\example\intermediate-wildcard-array.js,0,106
129,VariableDeclaration,nan,-1,-1,-1,2,0,2,32,packages\fast-redact\example\intermediate-wildcard-array.js,0,107
130,VariableDeclaration,nan,-1,-1,-1,3,0,3,50,packages\fast-redact\example\intermediate-wildcard-array.js,0,108
131,VariableDeclaration,nan,-1,-1,-1,4,0,10,1,packages\fast-redact\example\intermediate-wildcard-array.js,0,109
134,CallExpression,nan,1,-1,-1,11,0,11,24,packages\fast-redact\example\intermediate-wildcard-array.js,0,110
135,CallExpression,nan,1,-1,-1,11,12,11,23,packages\fast-redact\example\intermediate-wildcard-array.js,0,111
136,MemberExpression,nan,-1,-1,-1,11,0,11,11,packages\fast-redact\example\intermediate-wildcard-array.js,0,112
137,Identifier,obj,-1,-1,-1,11,19,11,22,packages\fast-redact\example\intermediate-wildcard-array.js,0,113
138,Identifier,redact,-1,-1,-1,11,12,11,18,packages\fast-redact\example\intermediate-wildcard-array.js,0,114
139,Program,nan,-1,-1,-1,1,0,11,24,packages\fast-redact\example\multi-wildcard-array-depth.js,0,115
141,VariableDeclaration,nan,-1,-1,-1,2,0,2,32,packages\fast-redact\example\multi-wildcard-array-depth.js,0,116
142,VariableDeclaration,nan,-1,-1,-1,3,0,3,55,packages\fast-redact\example\multi-wildcard-array-depth.js,0,117
143,VariableDeclaration,nan,-1,-1,-1,4,0,10,1,packages\fast-redact\example\multi-wildcard-array-depth.js,0,118
146,CallExpression,nan,1,-1,-1,11,0,11,24,packages\fast-redact\example\multi-wildcard-array-depth.js,0,119
147,CallExpression,nan,1,-1,-1,11,12,11,23,packages\fast-redact\example\multi-wildcard-array-depth.js,0,120
148,MemberExpression,nan,-1,-1,-1,11,0,11,11,packages\fast-redact\example\multi-wildcard-array-depth.js,0,121
149,Identifier,obj,-1,-1,-1,11,19,11,22,packages\fast-redact\example\multi-wildcard-array-depth.js,0,122
150,Identifier,redact,-1,-1,-1,11,12,11,18,packages\fast-redact\example\multi-wildcard-array-depth.js,0,123
151,Program,nan,-1,-1,-1,1,0,11,24,packages\fast-redact\example\multi-wildcard-array-end.js,0,124
153,VariableDeclaration,nan,-1,-1,-1,2,0,2,32,packages\fast-redact\example\multi-wildcard-array-end.js,0,125
154,VariableDeclaration,nan,-1,-1,-1,3,0,3,53,packages\fast-redact\example\multi-wildcard-array-end.js,0,126
155,VariableDeclaration,nan,-1,-1,-1,4,0,10,1,packages\fast-redact\example\multi-wildcard-array-end.js,0,127
158,CallExpression,nan,1,-1,-1,11,0,11,24,packages\fast-redact\example\multi-wildcard-array-end.js,0,128
159,CallExpression,nan,1,-1,-1,11,12,11,23,packages\fast-redact\example\multi-wildcard-array-end.js,0,129
160,MemberExpression,nan,-1,-1,-1,11,0,11,11,packages\fast-redact\example\multi-wildcard-array-end.js,0,130
161,Identifier,obj,-1,-1,-1,11,19,11,22,packages\fast-redact\example\multi-wildcard-array-end.js,0,131
162,Identifier,redact,-1,-1,-1,11,12,11,18,packages\fast-redact\example\multi-wildcard-array-end.js,0,132
163,Program,nan,-1,-1,-1,1,0,11,24,packages\fast-redact\example\multi-wildcard-array.js,0,133
165,VariableDeclaration,nan,-1,-1,-1,2,0,2,32,packages\fast-redact\example\multi-wildcard-array.js,0,134
166,VariableDeclaration,nan,-1,-1,-1,3,0,3,53,packages\fast-redact\example\multi-wildcard-array.js,0,135
167,VariableDeclaration,nan,-1,-1,-1,4,0,10,1,packages\fast-redact\example\multi-wildcard-array.js,0,136
170,CallExpression,nan,1,-1,-1,11,0,11,24,packages\fast-redact\example\multi-wildcard-array.js,0,137
171,CallExpression,nan,1,-1,-1,11,12,11,23,packages\fast-redact\example\multi-wildcard-array.js,0,138
172,MemberExpression,nan,-1,-1,-1,11,0,11,11,packages\fast-redact\example\multi-wildcard-array.js,0,139
173,Identifier,obj,-1,-1,-1,11,19,11,22,packages\fast-redact\example\multi-wildcard-array.js,0,140
174,Identifier,redact,-1,-1,-1,11,12,11,18,packages\fast-redact\example\multi-wildcard-array.js,0,141
175,Program,nan,-1,-1,-1,1,0,11,14,packages\fast-redact\example\serialize-false.js,0,142
177,VariableDeclaration,nan,-1,-1,-1,2,0,2,32,packages\fast-redact\example\serialize-false.js,0,143
178,VariableDeclaration,nan,-1,-1,-1,3,0,6,2,packages\fast-redact\example\serialize-false.js,0,144
179,VariableDeclaration,nan,-1,-1,-1,7,0,7,24,packages\fast-redact\example\serialize-false.js,0,145
185,CallExpression,nan,1,-1,-1,8,0,8,28,packages\fast-redact\example\serialize-false.js,0,146
186,CallExpression,nan,1,-1,-1,9,0,9,14,packages\fast-redact\example\serialize-false.js,0,147
187,CallExpression,nan,1,-1,-1,10,0,10,36,packages\fast-redact\example\serialize-false.js,0,148
188,CallExpression,nan,1,-1,-1,11,0,11,14,packages\fast-redact\example\serialize-false.js,0,149
190,MemberExpression,nan,-1,-1,-1,8,0,8,11,packages\fast-redact\example\serialize-false.js,0,150
191,Identifier,o,-1,-1,-1,9,12,9,13,packages\fast-redact\example\serialize-false.js,0,151
192,MemberExpression,nan,-1,-1,-1,9,0,9,11,packages\fast-redact\example\serialize-false.js,0,152
194,MemberExpression,nan,-1,-1,-1,10,0,10,11,packages\fast-redact\example\serialize-false.js,0,153
195,Identifier,o,-1,-1,-1,11,12,11,13,packages\fast-redact\example\serialize-false.js,0,154
196,MemberExpression,nan,-1,-1,-1,11,0,11,11,packages\fast-redact\example\serialize-false.js,0,155
197,CallExpression,nan,1,-1,-1,8,12,8,21,packages\fast-redact\example\serialize-false.js,0,156
198,Identifier,o,-1,-1,-1,8,26,8,27,packages\fast-redact\example\serialize-false.js,0,157
199,CallExpression,nan,1,-1,-1,10,12,10,29,packages\fast-redact\example\serialize-false.js,0,158
200,Identifier,o,-1,-1,-1,10,34,10,35,packages\fast-redact\example\serialize-false.js,0,159
201,Identifier,o,-1,-1,-1,8,19,8,20,packages\fast-redact\example\serialize-false.js,0,160
202,Identifier,redact,-1,-1,-1,8,12,8,18,packages\fast-redact\example\serialize-false.js,0,161
203,Identifier,o,-1,-1,-1,10,27,10,28,packages\fast-redact\example\serialize-false.js,0,162
204,MemberExpression,nan,-1,-1,-1,10,12,10,26,packages\fast-redact\example\serialize-false.js,0,163
205,Program,nan,-1,-1,-1,1,0,4,35,packages\fast-redact\example\serialize-function.js,0,164
207,VariableDeclaration,nan,-1,-1,-1,2,0,2,32,packages\fast-redact\example\serialize-function.js,0,165
208,VariableDeclaration,nan,-1,-1,-1,3,0,3,86,packages\fast-redact\example\serialize-function.js,0,166
211,CallExpression,nan,1,-1,-1,4,0,4,35,packages\fast-redact\example\serialize-function.js,0,167
212,CallExpression,nan,1,-1,-1,4,12,4,34,packages\fast-redact\example\serialize-function.js,0,168
213,MemberExpression,nan,-1,-1,-1,4,0,4,11,packages\fast-redact\example\serialize-function.js,0,169
214,ObjectExpression,nan,-1,-1,-1,4,19,4,33,packages\fast-redact\example\serialize-function.js,0,170
215,Identifier,redact,-1,-1,-1,4,12,4,18,packages\fast-redact\example\serialize-function.js,0,171
216,Program,nan,-1,-1,-1,1,0,9,24,packages\fast-redact\example\top-wildcard-object.js,0,172
218,VariableDeclaration,nan,-1,-1,-1,2,0,2,32,packages\fast-redact\example\top-wildcard-object.js,0,173
219,VariableDeclaration,nan,-1,-1,-1,3,0,3,47,packages\fast-redact\example\top-wildcard-object.js,0,174
220,VariableDeclaration,nan,-1,-1,-1,4,0,8,1,packages\fast-redact\example\top-wildcard-object.js,0,175
223,CallExpression,nan,1,-1,-1,9,0,9,24,packages\fast-redact\example\top-wildcard-object.js,0,176
224,CallExpression,nan,1,-1,-1,9,12,9,23,packages\fast-redact\example\top-wildcard-object.js,0,177
225,MemberExpression,nan,-1,-1,-1,9,0,9,11,packages\fast-redact\example\top-wildcard-object.js,0,178
226,Identifier,obj,-1,-1,-1,9,19,9,22,packages\fast-redact\example\top-wildcard-object.js,0,179
227,Identifier,redact,-1,-1,-1,9,12,9,18,packages\fast-redact\example\top-wildcard-object.js,0,180
228,Program,nan,-1,-1,-1,1,0,291,1,packages\fast-redact\lib\modifiers.js,0,181
231,FunctionDeclaration,nan,-1,1,1,10,0,17,1,packages\fast-redact\lib\modifiers.js,0,182
232,FunctionDeclaration,nan,-1,5,1,19,0,42,1,packages\fast-redact\lib\modifiers.js,0,183
233,FunctionDeclaration,nan,-1,1,0,47,0,56,1,packages\fast-redact\lib\modifiers.js,0,184
234,FunctionDeclaration,nan,-1,7,1,58,0,68,1,packages\fast-redact\lib\modifiers.js,0,185
235,FunctionDeclaration,nan,-1,2,1,70,0,74,1,packages\fast-redact\lib\modifiers.js,0,186
236,FunctionDeclaration,nan,-1,8,1,76,0,176,1,packages\fast-redact\lib\modifiers.js,0,187
237,FunctionDeclaration,nan,-1,2,1,178,0,186,1,packages\fast-redact\lib\modifiers.js,0,188
238,FunctionDeclaration,nan,-1,20,0,188,0,224,1,packages\fast-redact\lib\modifiers.js,0,189
239,FunctionDeclaration,nan,-1,0,1,238,0,240,1,packages\fast-redact\lib\modifiers.js,0,190
240,FunctionDeclaration,nan,-1,3,1,250,0,265,1,packages\fast-redact\lib\modifiers.js,0,191
241,FunctionDeclaration,nan,-1,3,1,282,0,291,1,packages\fast-redact\lib\modifiers.js,0,192
243,AssignmentExpression,nan,-1,-1,-1,3,0,8,1,packages\fast-redact\lib\modifiers.js,0,193
244,Identifier,groupRestore,-1,-1,-1,10,9,10,21,packages\fast-redact\lib\modifiers.js,0,194
245,ObjectPattern,nan,-1,-1,-1,10,23,10,47,packages\fast-redact\lib\modifiers.js,0,195
247,BlockStatement,nan,-1,-1,-1,10,49,17,1,packages\fast-redact\lib\modifiers.js,0,196
248,Identifier,groupRedact,-1,-1,-1,19,9,19,20,packages\fast-redact\lib\modifiers.js,0,197
249,Identifier,o,-1,-1,-1,19,22,19,23,packages\fast-redact\lib\modifiers.js,0,198
250,Identifier,path,-1,-1,-1,19,25,19,29,packages\fast-redact\lib\modifiers.js,0,199
251,Identifier,censor,-1,-1,-1,19,31,19,37,packages\fast-redact\lib\modifiers.js,0,200
252,Identifier,isCensorFct,-1,-1,-1,19,39,19,50,packages\fast-redact\lib\modifiers.js,0,201
253,Identifier,censorFctTakesPath,-1,-1,-1,19,52,19,70,packages\fast-redact\lib\modifiers.js,0,202
255,BlockStatement,nan,-1,-1,-1,19,72,42,1,packages\fast-redact\lib\modifiers.js,0,203
256,Identifier,nestedRestore,-1,-1,-1,47,9,47,22,packages\fast-redact\lib\modifiers.js,0,204
257,Identifier,instructions,-1,-1,-1,47,24,47,36,packages\fast-redact\lib\modifiers.js,0,205
259,BlockStatement,nan,-1,-1,-1,47,38,56,1,packages\fast-redact\lib\modifiers.js,0,206
260,Identifier,nestedRedact,-1,-1,-1,58,9,58,21,packages\fast-redact\lib\modifiers.js,0,207
261,Identifier,store,-1,-1,-1,58,23,58,28,packages\fast-redact\lib\modifiers.js,0,208
262,Identifier,o,-1,-1,-1,58,30,58,31,packages\fast-redact\lib\modifiers.js,0,209
263,Identifier,path,-1,-1,-1,58,33,58,37,packages\fast-redact\lib\modifiers.js,0,210
264,Identifier,ns,-1,-1,-1,58,39,58,41,packages\fast-redact\lib\modifiers.js,0,211
265,Identifier,censor,-1,-1,-1,58,43,58,49,packages\fast-redact\lib\modifiers.js,0,212
266,Identifier,isCensorFct,-1,-1,-1,58,51,58,62,packages\fast-redact\lib\modifiers.js,0,213
267,Identifier,censorFctTakesPath,-1,-1,-1,58,64,58,82,packages\fast-redact\lib\modifiers.js,0,214
269,BlockStatement,nan,-1,-1,-1,58,84,68,1,packages\fast-redact\lib\modifiers.js,0,215
270,Identifier,has,-1,-1,-1,70,9,70,12,packages\fast-redact\lib\modifiers.js,0,216
271,Identifier,obj,-1,-1,-1,70,14,70,17,packages\fast-redact\lib\modifiers.js,0,217
272,Identifier,prop,-1,-1,-1,70,19,70,23,packages\fast-redact\lib\modifiers.js,0,218
274,BlockStatement,nan,-1,-1,-1,70,25,74,1,packages\fast-redact\lib\modifiers.js,0,219
275,Identifier,specialSet,-1,-1,-1,76,9,76,19,packages\fast-redact\lib\modifiers.js,0,220
276,Identifier,store,-1,-1,-1,76,21,76,26,packages\fast-redact\lib\modifiers.js,0,221
277,Identifier,o,-1,-1,-1,76,28,76,29,packages\fast-redact\lib\modifiers.js,0,222
278,Identifier,k,-1,-1,-1,76,31,76,32,packages\fast-redact\lib\modifiers.js,0,223
279,Identifier,path,-1,-1,-1,76,34,76,38,packages\fast-redact\lib\modifiers.js,0,224
280,Identifier,afterPath,-1,-1,-1,76,40,76,49,packages\fast-redact\lib\modifiers.js,0,225
281,Identifier,censor,-1,-1,-1,76,51,76,57,packages\fast-redact\lib\modifiers.js,0,226
282,Identifier,isCensorFct,-1,-1,-1,76,59,76,70,packages\fast-redact\lib\modifiers.js,0,227
283,Identifier,censorFctTakesPath,-1,-1,-1,76,72,76,90,packages\fast-redact\lib\modifiers.js,0,228
285,BlockStatement,nan,-1,-1,-1,76,92,176,1,packages\fast-redact\lib\modifiers.js,0,229
286,Identifier,get,-1,-1,-1,178,9,178,12,packages\fast-redact\lib\modifiers.js,0,230
287,Identifier,o,-1,-1,-1,178,14,178,15,packages\fast-redact\lib\modifiers.js,0,231
288,Identifier,p,-1,-1,-1,178,17,178,18,packages\fast-redact\lib\modifiers.js,0,232
290,BlockStatement,nan,-1,-1,-1,178,20,186,1,packages\fast-redact\lib\modifiers.js,0,233
291,Identifier,iterateNthLevel,-1,-1,-1,188,9,188,24,packages\fast-redact\lib\modifiers.js,0,234
292,Identifier,wcov,-1,-1,-1,188,26,188,30,packages\fast-redact\lib\modifiers.js,0,235
293,Identifier,level,-1,-1,-1,188,32,188,37,packages\fast-redact\lib\modifiers.js,0,236
294,Identifier,k,-1,-1,-1,188,39,188,40,packages\fast-redact\lib\modifiers.js,0,237
295,Identifier,path,-1,-1,-1,188,42,188,46,packages\fast-redact\lib\modifiers.js,0,238
296,Identifier,afterPath,-1,-1,-1,188,48,188,57,packages\fast-redact\lib\modifiers.js,0,239
297,Identifier,censor,-1,-1,-1,188,59,188,65,packages\fast-redact\lib\modifiers.js,0,240
298,Identifier,isCensorFct,-1,-1,-1,188,67,188,78,packages\fast-redact\lib\modifiers.js,0,241
299,Identifier,censorFctTakesPath,-1,-1,-1,188,80,188,98,packages\fast-redact\lib\modifiers.js,0,242
300,Identifier,originalKey,-1,-1,-1,188,100,188,111,packages\fast-redact\lib\modifiers.js,0,243
301,Identifier,n,-1,-1,-1,188,113,188,114,packages\fast-redact\lib\modifiers.js,0,244
302,Identifier,nv,-1,-1,-1,188,116,188,118,packages\fast-redact\lib\modifiers.js,0,245
303,Identifier,ov,-1,-1,-1,188,120,188,122,packages\fast-redact\lib\modifiers.js,0,246
304,Identifier,kIsWc,-1,-1,-1,188,124,188,129,packages\fast-redact\lib\modifiers.js,0,247
305,Identifier,wck,-1,-1,-1,188,131,188,134,packages\fast-redact\lib\modifiers.js,0,248
306,Identifier,i,-1,-1,-1,188,136,188,137,packages\fast-redact\lib\modifiers.js,0,249
307,Identifier,lastPathIndex,-1,-1,-1,188,139,188,152,packages\fast-redact\lib\modifiers.js,0,250
308,Identifier,redactPathCurrent,-1,-1,-1,188,154,188,171,packages\fast-redact\lib\modifiers.js,0,251
309,Identifier,store,-1,-1,-1,188,173,188,178,packages\fast-redact\lib\modifiers.js,0,252
310,Identifier,parent,-1,-1,-1,188,180,188,186,packages\fast-redact\lib\modifiers.js,0,253
311,Identifier,depth,-1,-1,-1,188,188,188,193,packages\fast-redact\lib\modifiers.js,0,254
313,BlockStatement,nan,-1,-1,-1,188,195,224,1,packages\fast-redact\lib\modifiers.js,0,255
314,Identifier,tree,-1,-1,-1,238,9,238,13,packages\fast-redact\lib\modifiers.js,0,256
316,BlockStatement,nan,-1,-1,-1,238,17,240,1,packages\fast-redact\lib\modifiers.js,0,257
317,Identifier,node,-1,-1,-1,250,9,250,13,packages\fast-redact\lib\modifiers.js,0,258
318,Identifier,parent,-1,-1,-1,250,15,250,21,packages\fast-redact\lib\modifiers.js,0,259
319,Identifier,key,-1,-1,-1,250,23,250,26,packages\fast-redact\lib\modifiers.js,0,260
320,Identifier,depth,-1,-1,-1,250,28,250,33,packages\fast-redact\lib\modifiers.js,0,261
322,BlockStatement,nan,-1,-1,-1,250,35,265,1,packages\fast-redact\lib\modifiers.js,0,262
323,Identifier,restoreInstr,-1,-1,-1,282,9,282,21,packages\fast-redact\lib\modifiers.js,0,263
324,Identifier,node,-1,-1,-1,282,23,282,27,packages\fast-redact\lib\modifiers.js,0,264
325,Identifier,value,-1,-1,-1,282,29,282,34,packages\fast-redact\lib\modifiers.js,0,265
326,Identifier,target,-1,-1,-1,282,36,282,42,packages\fast-redact\lib\modifiers.js,0,266
328,BlockStatement,nan,-1,-1,-1,282,44,291,1,packages\fast-redact\lib\modifiers.js,0,267
329,MemberExpression,nan,-1,-1,-1,3,0,3,14,packages\fast-redact\lib\modifiers.js,0,268
330,ObjectExpression,nan,-1,-1,-1,3,17,8,1,packages\fast-redact\lib\modifiers.js,0,269
331,IfStatement,nan,-1,-1,-1,11,2,11,58,packages\fast-redact\lib\modifiers.js,0,270
332,VariableDeclaration,nan,-1,-1,-1,12,2,12,28,packages\fast-redact\lib\modifiers.js,0,271
333,ForStatement,nan,-1,-1,-1,13,2,16,3,packages\fast-redact\lib\modifiers.js,0,272
334,VariableDeclaration,nan,-1,-1,-1,20,2,20,29,packages\fast-redact\lib\modifiers.js,0,273
335,IfStatement,nan,-1,-1,-1,21,2,21,107,packages\fast-redact\lib\modifiers.js,0,274
336,VariableDeclaration,nan,-1,-1,-1,22,2,22,34,packages\fast-redact\lib\modifiers.js,0,275
337,VariableDeclaration,nan,-1,-1,-1,23,2,23,32,packages\fast-redact\lib\modifiers.js,0,276
338,VariableDeclaration,nan,-1,-1,-1,24,2,24,32,packages\fast-redact\lib\modifiers.js,0,277
339,VariableDeclaration,nan,-1,-1,-1,25,2,25,64,packages\fast-redact\lib\modifiers.js,0,278
340,VariableDeclaration,nan,-1,-1,-1,26,2,26,38,packages\fast-redact\lib\modifiers.js,0,279
341,ForStatement,nan,-1,-1,-1,28,2,40,3,packages\fast-redact\lib\modifiers.js,0,280
342,ReturnStatement,nan,1,-1,-1,41,2,41,45,packages\fast-redact\lib\modifiers.js,0,281
343,ForStatement,nan,-1,-1,-1,48,2,55,3,packages\fast-redact\lib\modifiers.js,0,282
344,VariableDeclaration,nan,-1,-1,-1,59,2,59,29,packages\fast-redact\lib\modifiers.js,0,283
345,IfStatement,nan,-1,-1,-1,60,2,60,28,packages\fast-redact\lib\modifiers.js,0,284
346,VariableDeclaration,nan,-1,-1,-1,61,2,61,34,packages\fast-redact\lib\modifiers.js,0,285
347,VariableDeclaration,nan,-1,-1,-1,62,2,62,32,packages\fast-redact\lib\modifiers.js,0,286
348,ForStatement,nan,-1,-1,-1,63,2,66,3,packages\fast-redact\lib\modifiers.js,0,287
349,ReturnStatement,nan,1,-1,-1,67,2,67,14,packages\fast-redact\lib\modifiers.js,0,288
350,ReturnStatement,nan,1,-1,-1,71,2,73,11,packages\fast-redact\lib\modifiers.js,0,289
351,VariableDeclaration,nan,-1,-1,-1,77,2,77,39,packages\fast-redact\lib\modifiers.js,0,290
352,VariableDeclaration,nan,-1,-1,-1,78,2,78,40,packages\fast-redact\lib\modifiers.js,0,291
353,VariableDeclaration,nan,-1,-1,-1,79,2,79,23,packages\fast-redact\lib\modifiers.js,0,292
354,VariableDeclaration,nan,-1,-1,-1,80,2,80,12,packages\fast-redact\lib\modifiers.js,0,293
355,VariableDeclaration,nan,-1,-1,-1,81,2,81,7,packages\fast-redact\lib\modifiers.js,0,294
356,VariableDeclaration,nan,-1,-1,-1,82,2,82,8,packages\fast-redact\lib\modifiers.js,0,295
357,VariableDeclaration,nan,-1,-1,-1,83,2,83,8,packages\fast-redact\lib\modifiers.js,0,296
358,VariableDeclaration,nan,-1,-1,-1,84,2,84,16,packages\fast-redact\lib\modifiers.js,0,297
359,VariableDeclaration,nan,-1,-1,-1,85,2,85,15,packages\fast-redact\lib\modifiers.js,0,298
360,VariableDeclaration,nan,-1,-1,-1,86,2,86,11,packages\fast-redact\lib\modifiers.js,0,299
361,VariableDeclaration,nan,-1,-1,-1,87,2,87,10,packages\fast-redact\lib\modifiers.js,0,300
362,VariableDeclaration,nan,-1,-1,-1,88,2,88,25,packages\fast-redact\lib\modifiers.js,0,301
363,VariableDeclaration,nan,-1,-1,-1,89,2,89,15,packages\fast-redact\lib\modifiers.js,0,302
364,VariableDeclaration,nan,-1,-1,-1,91,2,91,15,packages\fast-redact\lib\modifiers.js,0,303
365,VariableDeclaration,nan,-1,-1,-1,92,2,92,32,packages\fast-redact\lib\modifiers.js,0,304
367,IfStatement,nan,-1,-1,-1,94,2,94,35,packages\fast-redact\lib\modifiers.js,0,305
368,WhileStatement,nan,-1,-1,-1,95,2,175,3,packages\fast-redact\lib\modifiers.js,0,306
369,VariableDeclaration,nan,-1,-1,-1,179,2,179,12,packages\fast-redact\lib\modifiers.js,0,307
370,VariableDeclaration,nan,-1,-1,-1,180,2,180,18,packages\fast-redact\lib\modifiers.js,0,308
371,VariableDeclaration,nan,-1,-1,-1,181,2,181,11,packages\fast-redact\lib\modifiers.js,0,309
372,WhileStatement,nan,-1,-1,-1,182,2,184,3,packages\fast-redact\lib\modifiers.js,0,310
373,ReturnStatement,nan,1,-1,-1,185,2,185,10,packages\fast-redact\lib\modifiers.js,0,311
374,IfStatement,nan,-1,-1,-1,189,2,217,3,packages\fast-redact\lib\modifiers.js,0,312
375,ForInStatement,nan,-1,-1,-1,218,2,223,3,packages\fast-redact\lib\modifiers.js,0,313
376,ReturnStatement,nan,1,-1,-1,239,2,239,60,packages\fast-redact\lib\modifiers.js,0,314
377,IfStatement,nan,-1,-1,-1,251,2,253,3,packages\fast-redact\lib\modifiers.js,0,315
378,VariableDeclaration,nan,-1,-1,-1,255,2,260,3,packages\fast-redact\lib\modifiers.js,0,316
380,ReturnStatement,nan,1,-1,-1,264,2,264,14,packages\fast-redact\lib\modifiers.js,0,317
381,VariableDeclaration,nan,-1,-1,-1,283,2,283,20,packages\fast-redact\lib\modifiers.js,0,318
382,VariableDeclaration,nan,-1,-1,-1,284,2,284,17,packages\fast-redact\lib\modifiers.js,0,319
383,DoWhileStatement,nan,-1,-1,-1,285,2,288,34,packages\fast-redact\lib\modifiers.js,0,320
384,ReturnStatement,nan,1,-1,-1,290,2,290,32,packages\fast-redact\lib\modifiers.js,0,321
385,ReturnStatement,nan,-1,-1,-1,11,52,11,58,packages\fast-redact\lib\modifiers.js,0,322
386,LogicalExpression,nan,-1,-1,-1,11,6,11,50,packages\fast-redact\lib\modifiers.js,0,323
388,BlockStatement,nan,-1,-1,-1,13,35,16,3,packages\fast-redact\lib\modifiers.js,0,324
389,ReturnStatement,nan,1,-1,-1,21,52,21,107,packages\fast-redact\lib\modifiers.js,0,325
390,LogicalExpression,nan,-1,-1,-1,21,6,21,50,packages\fast-redact\lib\modifiers.js,0,326
392,BlockStatement,nan,-1,-1,-1,28,39,40,3,packages\fast-redact\lib\modifiers.js,0,327
393,ObjectExpression,nan,-1,-1,-1,41,9,41,45,packages\fast-redact\lib\modifiers.js,0,328
395,BlockStatement,nan,-1,-1,-1,48,48,55,3,packages\fast-redact\lib\modifiers.js,0,329
396,ReturnStatement,nan,-1,-1,-1,60,22,60,28,packages\fast-redact\lib\modifiers.js,0,330
399,BlockStatement,nan,-1,-1,-1,63,39,66,3,packages\fast-redact\lib\modifiers.js,0,331
400,Identifier,store,-1,-1,-1,67,9,67,14,packages\fast-redact\lib\modifiers.js,0,332
401,ConditionalExpression,nan,-1,-1,-1,71,9,73,11,packages\fast-redact\lib\modifiers.js,0,333
402,AssignmentExpression,nan,-1,-1,-1,93,2,93,15,packages\fast-redact\lib\modifiers.js,0,334
403,ReturnStatement,nan,-1,-1,-1,94,29,94,35,packages\fast-redact\lib\modifiers.js,0,335
405,LogicalExpression,nan,-1,-1,-1,95,9,95,40,packages\fast-redact\lib\modifiers.js,0,336
406,BlockStatement,nan,-1,-1,-1,95,42,175,3,packages\fast-redact\lib\modifiers.js,0,337
407,LogicalExpression,nan,-1,-1,-1,182,9,182,29,packages\fast-redact\lib\modifiers.js,0,338
408,BlockStatement,nan,-1,-1,-1,182,31,184,3,packages\fast-redact\lib\modifiers.js,0,339
409,Identifier,n,-1,-1,-1,185,9,185,10,packages\fast-redact\lib\modifiers.js,0,340
410,BlockStatement,nan,-1,-1,-1,189,19,217,3,packages\fast-redact\lib\modifiers.js,0,341
412,VariableDeclaration,nan,-1,-1,-1,218,7,218,16,packages\fast-redact\lib\modifiers.js,0,342
413,Identifier,wcov,-1,-1,-1,218,20,218,24,packages\fast-redact\lib\modifiers.js,0,343
414,BlockStatement,nan,-1,-1,-1,218,26,223,3,packages\fast-redact\lib\modifiers.js,0,344
415,ObjectExpression,nan,-1,-1,-1,239,9,239,60,packages\fast-redact\lib\modifiers.js,0,345
416,BlockStatement,nan,-1,-1,-1,251,30,253,3,packages\fast-redact\lib\modifiers.js,0,346
418,CallExpression,nan,1,-1,-1,262,2,262,29,packages\fast-redact\lib\modifiers.js,0,347
419,Identifier,child,-1,-1,-1,264,9,264,14,packages\fast-redact\lib\modifiers.js,0,348
421,BlockStatement,nan,-1,-1,-1,285,5,288,3,packages\fast-redact\lib\modifiers.js,0,349
422,ObjectExpression,nan,-1,-1,-1,290,9,290,32,packages\fast-redact\lib\modifiers.js,0,350
425,Identifier,i,-1,-1,-1,13,18,13,19,packages\fast-redact\lib\modifiers.js,0,351
426,Identifier,length,-1,-1,-1,13,22,13,28,packages\fast-redact\lib\modifiers.js,0,352
427,VariableDeclaration,nan,-1,-1,-1,14,4,14,21,packages\fast-redact\lib\modifiers.js,0,353
429,ObjectExpression,nan,-1,-1,-1,21,59,21,107,packages\fast-redact\lib\modifiers.js,0,354
432,Identifier,i,-1,-1,-1,28,18,28,19,packages\fast-redact\lib\modifiers.js,0,355
433,Identifier,keysLength,-1,-1,-1,28,22,28,32,packages\fast-redact\lib\modifiers.js,0,356
434,VariableDeclaration,nan,-1,-1,-1,29,4,29,23,packages\fast-redact\lib\modifiers.js,0,357
436,IfStatement,nan,-1,-1,-1,32,4,39,5,packages\fast-redact\lib\modifiers.js,0,358
437,Identifier,i,-1,-1,-1,48,18,48,19,packages\fast-redact\lib\modifiers.js,0,359
438,MemberExpression,nan,-1,-1,-1,48,22,48,41,packages\fast-redact\lib\modifiers.js,0,360
439,VariableDeclaration,nan,-1,-1,-1,49,4,49,51,packages\fast-redact\lib\modifiers.js,0,361
440,VariableDeclaration,nan,-1,-1,-1,50,4,50,24,packages\fast-redact\lib\modifiers.js,0,362
441,ForStatement,nan,-1,-1,-1,51,4,53,5,packages\fast-redact\lib\modifiers.js,0,363
443,Identifier,target,-1,-1,-1,60,6,60,12,packages\fast-redact\lib\modifiers.js,0,364
445,Identifier,i,-1,-1,-1,63,18,63,19,packages\fast-redact\lib\modifiers.js,0,365
446,Identifier,keysLength,-1,-1,-1,63,22,63,32,packages\fast-redact\lib\modifiers.js,0,366
447,VariableDeclaration,nan,-1,-1,-1,64,4,64,23,packages\fast-redact\lib\modifiers.js,0,367
449,ConditionalExpression,nan,-1,-1,-1,72,7,72,102,packages\fast-redact\lib\modifiers.js,0,368
450,LogicalExpression,nan,-1,-1,-1,71,9,71,42,packages\fast-redact\lib\modifiers.js,0,369
451,Identifier,ov,-1,-1,-1,93,2,93,4,packages\fast-redact\lib\modifiers.js,0,370
452,AssignmentExpression,nan,-1,-1,-1,93,7,93,15,packages\fast-redact\lib\modifiers.js,0,371
453,UnaryExpression,nan,1,-1,-1,94,6,94,14,packages\fast-redact\lib\modifiers.js,0,372
460,IfStatement,nan,-1,-1,-1,99,4,101,5,packages\fast-redact\lib\modifiers.js,0,373
461,IfStatement,nan,-1,-1,-1,102,4,110,5,packages\fast-redact\lib\modifiers.js,0,374
462,IfStatement,nan,-1,-1,-1,111,4,169,5,packages\fast-redact\lib\modifiers.js,0,375
463,IfStatement,nan,-1,-1,-1,170,4,170,36,packages\fast-redact\lib\modifiers.js,0,376
464,IfStatement,nan,-1,-1,-1,172,4,174,5,packages\fast-redact\lib\modifiers.js,0,377
468,IfStatement,nan,-1,-1,-1,190,4,216,5,packages\fast-redact\lib\modifiers.js,0,378
469,Identifier,level,-1,-1,-1,189,6,189,11,packages\fast-redact\lib\modifiers.js,0,379
471,IfStatement,nan,-1,-1,-1,219,4,222,5,packages\fast-redact\lib\modifiers.js,0,380
472,ReturnStatement,nan,1,-1,-1,252,4,252,42,packages\fast-redact\lib\modifiers.js,0,381
473,MemberExpression,nan,-1,-1,-1,251,6,251,18,packages\fast-redact\lib\modifiers.js,0,382
474,Identifier,depth,-1,-1,-1,251,23,251,28,packages\fast-redact\lib\modifiers.js,0,383
475,Identifier,child,-1,-1,-1,262,23,262,28,packages\fast-redact\lib\modifiers.js,0,384
476,MemberExpression,nan,-1,-1,-1,262,2,262,22,packages\fast-redact\lib\modifiers.js,0,385
477,MemberExpression,nan,-1,-1,-1,288,11,288,25,packages\fast-redact\lib\modifiers.js,0,386
481,Identifier,target,-1,-1,-1,11,6,11,12,packages\fast-redact\lib\modifiers.js,0,387
483,UnaryExpression,nan,1,-1,-1,11,24,11,37,packages\fast-redact\lib\modifiers.js,0,388
485,AssignmentExpression,nan,-1,-1,-1,15,4,15,25,packages\fast-redact\lib\modifiers.js,0,389
486,Identifier,target,-1,-1,-1,21,6,21,12,packages\fast-redact\lib\modifiers.js,0,390
488,UnaryExpression,nan,1,-1,-1,21,24,21,37,packages\fast-redact\lib\modifiers.js,0,391
490,AssignmentExpression,nan,-1,-1,-1,30,4,30,27,packages\fast-redact\lib\modifiers.js,0,392
491,BlockStatement,nan,-1,-1,-1,32,28,35,5,packages\fast-redact\lib\modifiers.js,0,393
492,Identifier,censorFctTakesPath,-1,-1,-1,32,8,32,26,packages\fast-redact\lib\modifiers.js,0,394
494,BlockStatement,nan,-1,-1,-1,51,46,53,5,packages\fast-redact\lib\modifiers.js,0,395
495,AssignmentExpression,nan,-1,-1,-1,54,4,54,28,packages\fast-redact\lib\modifiers.js,0,396
496,CallExpression,nan,8,-1,-1,65,4,65,85,packages\fast-redact\lib\modifiers.js,0,397
497,CallExpression,nan,2,-1,-1,72,28,72,52,packages\fast-redact\lib\modifiers.js,0,398
501,Identifier,n,-1,-1,-1,93,7,93,8,packages\fast-redact\lib\modifiers.js,0,399
502,MemberExpression,nan,-1,-1,-1,93,11,93,15,packages\fast-redact\lib\modifiers.js,0,400
503,Identifier,n,-1,-1,-1,94,13,94,14,packages\fast-redact\lib\modifiers.js,0,401
504,Identifier,n,-1,-1,-1,95,9,95,10,packages\fast-redact\lib\modifiers.js,0,402
506,UpdateExpression,nan,1,-1,-1,95,22,95,25,packages\fast-redact\lib\modifiers.js,0,403
507,Identifier,afterPathLen,-1,-1,-1,95,28,95,40,packages\fast-redact\lib\modifiers.js,0,404
508,AssignmentExpression,nan,-1,-1,-1,96,4,96,14,packages\fast-redact\lib\modifiers.js,0,405
509,AssignmentExpression,nan,-1,-1,-1,97,4,97,20,packages\fast-redact\lib\modifiers.js,0,406
510,AssignmentExpression,nan,-1,-1,-1,98,4,98,12,packages\fast-redact\lib\modifiers.js,0,407
511,BlockStatement,nan,-1,-1,-1,99,64,101,5,packages\fast-redact\lib\modifiers.js,0,408
512,LogicalExpression,nan,-1,-1,-1,99,8,99,62,packages\fast-redact\lib\modifiers.js,0,409
513,BlockStatement,nan,-1,-1,-1,102,19,110,5,packages\fast-redact\lib\modifiers.js,0,410
515,BlockStatement,nan,-1,-1,-1,111,12,153,5,packages\fast-redact\lib\modifiers.js,0,411
516,Identifier,wc,-1,-1,-1,111,8,111,10,packages\fast-redact\lib\modifiers.js,0,412
517,BreakStatement,nan,-1,-1,-1,170,31,170,36,packages\fast-redact\lib\modifiers.js,0,413
519,BlockStatement,nan,-1,-1,-1,172,49,174,5,packages\fast-redact\lib\modifiers.js,0,414
520,LogicalExpression,nan,-1,-1,-1,172,8,172,47,packages\fast-redact\lib\modifiers.js,0,415
521,Identifier,n,-1,-1,-1,182,9,182,10,packages\fast-redact\lib\modifiers.js,0,416
523,UpdateExpression,nan,1,-1,-1,182,22,182,25,packages\fast-redact\lib\modifiers.js,0,417
524,Identifier,l,-1,-1,-1,182,28,182,29,packages\fast-redact\lib\modifiers.js,0,418
525,AssignmentExpression,nan,-1,-1,-1,183,4,183,15,packages\fast-redact\lib\modifiers.js,0,419
526,BlockStatement,nan,-1,-1,-1,190,75,216,5,packages\fast-redact\lib\modifiers.js,0,420
527,LogicalExpression,nan,-1,-1,-1,190,8,190,73,packages\fast-redact\lib\modifiers.js,0,421
528,BlockStatement,nan,-1,-1,-1,219,39,222,5,packages\fast-redact\lib\modifiers.js,0,422
530,CallExpression,nan,3,-1,-1,252,11,252,42,packages\fast-redact\lib\modifiers.js,0,423
531,CallExpression,nan,1,-1,-1,286,4,286,26,packages\fast-redact\lib\modifiers.js,0,424
532,AssignmentExpression,nan,-1,-1,-1,287,4,287,28,packages\fast-redact\lib\modifiers.js,0,425
533,Identifier,target,-1,-1,-1,11,31,11,37,packages\fast-redact\lib\modifiers.js,0,426
534,MemberExpression,nan,-1,-1,-1,15,4,15,13,packages\fast-redact\lib\modifiers.js,0,427
535,MemberExpression,nan,-1,-1,-1,15,16,15,25,packages\fast-redact\lib\modifiers.js,0,428
536,Identifier,target,-1,-1,-1,21,31,21,37,packages\fast-redact\lib\modifiers.js,0,429
537,MemberExpression,nan,-1,-1,-1,30,4,30,13,packages\fast-redact\lib\modifiers.js,0,430
538,MemberExpression,nan,-1,-1,-1,30,16,30,27,packages\fast-redact\lib\modifiers.js,0,431
541,Identifier,i,-1,-1,-1,51,34,51,35,packages\fast-redact\lib\modifiers.js,0,432
544,MemberExpression,nan,-1,-1,-1,54,4,54,20,packages\fast-redact\lib\modifiers.js,0,433
545,Identifier,value,-1,-1,-1,54,23,54,28,packages\fast-redact\lib\modifiers.js,0,434
546,Identifier,store,-1,-1,-1,65,15,65,20,packages\fast-redact\lib\modifiers.js,0,435
547,Identifier,target,-1,-1,-1,65,22,65,28,packages\fast-redact\lib\modifiers.js,0,436
548,Identifier,key,-1,-1,-1,65,30,65,33,packages\fast-redact\lib\modifiers.js,0,437
549,Identifier,path,-1,-1,-1,65,35,65,39,packages\fast-redact\lib\modifiers.js,0,438
550,Identifier,ns,-1,-1,-1,65,41,65,43,packages\fast-redact\lib\modifiers.js,0,439
551,Identifier,censor,-1,-1,-1,65,45,65,51,packages\fast-redact\lib\modifiers.js,0,440
552,Identifier,isCensorFct,-1,-1,-1,65,53,65,64,packages\fast-redact\lib\modifiers.js,0,441
553,Identifier,censorFctTakesPath,-1,-1,-1,65,66,65,84,packages\fast-redact\lib\modifiers.js,0,442
554,Identifier,specialSet,-1,-1,-1,65,4,65,14,packages\fast-redact\lib\modifiers.js,0,443
555,Identifier,obj,-1,-1,-1,72,42,72,45,packages\fast-redact\lib\modifiers.js,0,444
556,Identifier,prop,-1,-1,-1,72,47,72,51,packages\fast-redact\lib\modifiers.js,0,445
557,MemberExpression,nan,-1,-1,-1,72,28,72,41,packages\fast-redact\lib\modifiers.js,0,446
559,Identifier,Object,-1,-1,-1,72,19,72,25,packages\fast-redact\lib\modifiers.js,0,447
560,Identifier,obj,-1,-1,-1,71,9,71,12,packages\fast-redact\lib\modifiers.js,0,448
561,Identifier,undefined,-1,-1,-1,71,17,71,26,packages\fast-redact\lib\modifiers.js,0,449
562,Identifier,obj,-1,-1,-1,71,30,71,33,packages\fast-redact\lib\modifiers.js,0,450
564,Identifier,i,-1,-1,-1,95,24,95,25,packages\fast-redact\lib\modifiers.js,0,451
565,Identifier,depth,-1,-1,-1,96,4,96,9,packages\fast-redact\lib\modifiers.js,0,452
567,Identifier,k,-1,-1,-1,97,4,97,5,packages\fast-redact\lib\modifiers.js,0,453
568,MemberExpression,nan,-1,-1,-1,97,8,97,20,packages\fast-redact\lib\modifiers.js,0,454
569,Identifier,oov,-1,-1,-1,98,4,98,7,packages\fast-redact\lib\modifiers.js,0,455
570,Identifier,ov,-1,-1,-1,98,10,98,12,packages\fast-redact\lib\modifiers.js,0,456
571,BreakStatement,nan,-1,-1,-1,100,6,100,11,packages\fast-redact\lib\modifiers.js,0,457
572,LogicalExpression,nan,-1,-1,-1,99,8,99,24,packages\fast-redact\lib\modifiers.js,0,458
573,UnaryExpression,nan,1,-1,-1,99,28,99,62,packages\fast-redact\lib\modifiers.js,0,459
574,IfStatement,nan,-1,-1,-1,103,6,105,7,packages\fast-redact\lib\modifiers.js,0,460
576,IfStatement,nan,-1,-1,-1,107,6,109,7,packages\fast-redact\lib\modifiers.js,0,461
577,Identifier,k,-1,-1,-1,102,8,102,9,packages\fast-redact\lib\modifiers.js,0,462
579,VariableDeclaration,nan,-1,-1,-1,112,6,112,35,packages\fast-redact\lib\modifiers.js,0,463
580,ForStatement,nan,-1,-1,-1,113,6,151,7,packages\fast-redact\lib\modifiers.js,0,464
582,UnaryExpression,nan,1,-1,-1,170,8,170,16,packages\fast-redact\lib\modifiers.js,0,465
586,Identifier,i,-1,-1,-1,182,24,182,25,packages\fast-redact\lib\modifiers.js,0,466
587,Identifier,n,-1,-1,-1,183,4,183,5,packages\fast-redact\lib\modifiers.js,0,467
588,MemberExpression,nan,-1,-1,-1,183,8,183,15,packages\fast-redact\lib\modifiers.js,0,468
589,IfStatement,nan,-1,-1,-1,191,6,195,7,packages\fast-redact\lib\modifiers.js,0,469
591,IfStatement,nan,-1,-1,-1,201,6,215,7,packages\fast-redact\lib\modifiers.js,0,470
592,Identifier,kIsWc,-1,-1,-1,190,8,190,13,packages\fast-redact\lib\modifiers.js,0,471
593,LogicalExpression,nan,-1,-1,-1,190,18,190,72,packages\fast-redact\lib\modifiers.js,0,472
596,UnaryExpression,nan,1,-1,-1,219,8,219,24,packages\fast-redact\lib\modifiers.js,0,473
598,MemberExpression,nan,-1,-1,-1,252,16,252,29,packages\fast-redact\lib\modifiers.js,0,474
599,Identifier,key,-1,-1,-1,252,31,252,34,packages\fast-redact\lib\modifiers.js,0,475
600,Identifier,depth,-1,-1,-1,252,36,252,41,packages\fast-redact\lib\modifiers.js,0,476
601,Identifier,node,-1,-1,-1,252,11,252,15,packages\fast-redact\lib\modifiers.js,0,477
602,MemberExpression,nan,-1,-1,-1,286,14,286,25,packages\fast-redact\lib\modifiers.js,0,478
603,MemberExpression,nan,-1,-1,-1,286,4,286,13,packages\fast-redact\lib\modifiers.js,0,479
604,Identifier,current,-1,-1,-1,287,4,287,11,packages\fast-redact\lib\modifiers.js,0,480
605,MemberExpression,nan,-1,-1,-1,287,14,287,28,packages\fast-redact\lib\modifiers.js,0,481
606,AssignmentExpression,nan,-1,-1,-1,33,6,33,35,packages\fast-redact\lib\modifiers.js,0,482
607,AssignmentExpression,nan,-1,-1,-1,34,6,34,52,packages\fast-redact\lib\modifiers.js,0,483
608,AssignmentExpression,nan,-1,-1,-1,52,6,52,32,packages\fast-redact\lib\modifiers.js,0,484
610,UnaryExpression,nan,1,-1,-1,99,21,99,24,packages\fast-redact\lib\modifiers.js,0,485
611,LogicalExpression,nan,-1,-1,-1,99,30,99,61,packages\fast-redact\lib\modifiers.js,0,486
612,BlockStatement,nan,-1,-1,-1,103,22,105,7,packages\fast-redact\lib\modifiers.js,0,487
614,AssignmentExpression,nan,-1,-1,-1,106,6,106,12,packages\fast-redact\lib\modifiers.js,0,488
615,BlockStatement,nan,-1,-1,-1,107,31,109,7,packages\fast-redact\lib\modifiers.js,0,489
618,BlockStatement,nan,-1,-1,-1,113,46,151,7,packages\fast-redact\lib\modifiers.js,0,490
619,AssignmentExpression,nan,-1,-1,-1,152,6,152,15,packages\fast-redact\lib\modifiers.js,0,491
620,Identifier,n,-1,-1,-1,170,15,170,16,packages\fast-redact\lib\modifiers.js,0,492
621,Identifier,ov,-1,-1,-1,172,8,172,10,packages\fast-redact\lib\modifiers.js,0,493
622,Identifier,oov,-1,-1,-1,172,15,172,18,packages\fast-redact\lib\modifiers.js,0,494
623,UnaryExpression,nan,1,-1,-1,172,22,172,31,packages\fast-redact\lib\modifiers.js,0,495
625,BlockStatement,nan,-1,-1,-1,191,17,193,7,packages\fast-redact\lib\modifiers.js,0,496
626,Identifier,kIsWc,-1,-1,-1,191,10,191,15,packages\fast-redact\lib\modifiers.js,0,497
627,AssignmentExpression,nan,-1,-1,-1,196,6,200,19,packages\fast-redact\lib\modifiers.js,0,498
628,BlockStatement,nan,-1,-1,-1,201,17,205,7,packages\fast-redact\lib\modifiers.js,0,499
629,Identifier,kIsWc,-1,-1,-1,201,10,201,15,packages\fast-redact\lib\modifiers.js,0,500
630,LogicalExpression,nan,-1,-1,-1,190,18,190,59,packages\fast-redact\lib\modifiers.js,0,501
632,AssignmentExpression,nan,-1,-1,-1,220,6,220,61,packages\fast-redact\lib\modifiers.js,0,502
633,CallExpression,nan,20,-1,-1,221,6,221,203,packages\fast-redact\lib\modifiers.js,0,503
634,MemberExpression,nan,-1,-1,-1,219,15,219,24,packages\fast-redact\lib\modifiers.js,0,504
635,MemberExpression,nan,-1,-1,-1,33,6,33,29,packages\fast-redact\lib\modifiers.js,0,505
636,Identifier,key,-1,-1,-1,33,32,33,35,packages\fast-redact\lib\modifiers.js,0,506
637,MemberExpression,nan,-1,-1,-1,34,6,34,17,packages\fast-redact\lib\modifiers.js,0,507
638,CallExpression,nan,2,-1,-1,34,20,34,52,packages\fast-redact\lib\modifiers.js,0,508
639,Identifier,current,-1,-1,-1,52,6,52,13,packages\fast-redact\lib\modifiers.js,0,509
640,MemberExpression,nan,-1,-1,-1,52,16,52,32,packages\fast-redact\lib\modifiers.js,0,510
641,Identifier,k,-1,-1,-1,99,8,99,9,packages\fast-redact\lib\modifiers.js,0,511
643,Identifier,wc,-1,-1,-1,99,22,99,24,packages\fast-redact\lib\modifiers.js,0,512
647,Identifier,wc,-1,-1,-1,103,10,103,12,packages\fast-redact\lib\modifiers.js,0,513
649,Identifier,wc,-1,-1,-1,106,6,106,8,packages\fast-redact\lib\modifiers.js,0,514
650,Identifier,k,-1,-1,-1,106,11,106,12,packages\fast-redact\lib\modifiers.js,0,515
651,ContinueStatement,nan,-1,-1,-1,108,8,108,16,packages\fast-redact\lib\modifiers.js,0,516
652,Identifier,i,-1,-1,-1,107,10,107,11,packages\fast-redact\lib\modifiers.js,0,517
653,Identifier,lastPathIndex,-1,-1,-1,107,16,107,29,packages\fast-redact\lib\modifiers.js,0,518
654,Identifier,j,-1,-1,-1,113,22,113,23,packages\fast-redact\lib\modifiers.js,0,519
655,MemberExpression,nan,-1,-1,-1,113,26,113,39,packages\fast-redact\lib\modifiers.js,0,520
656,VariableDeclaration,nan,-1,-1,-1,114,8,114,29,packages\fast-redact\lib\modifiers.js,0,521
659,IfStatement,nan,-1,-1,-1,117,8,150,9,packages\fast-redact\lib\modifiers.js,0,522
660,Identifier,wc,-1,-1,-1,152,6,152,8,packages\fast-redact\lib\modifiers.js,0,523
662,Identifier,ov,-1,-1,-1,172,29,172,31,packages\fast-redact\lib\modifiers.js,0,524
664,Identifier,nv,-1,-1,-1,196,6,196,8,packages\fast-redact\lib\modifiers.js,0,525
665,ConditionalExpression,nan,-1,-1,-1,196,11,200,19,packages\fast-redact\lib\modifiers.js,0,526
666,VariableDeclaration,nan,-1,-1,-1,202,8,202,62,packages\fast-redact\lib\modifiers.js,0,527
671,Identifier,k,-1,-1,-1,190,63,190,64,packages\fast-redact\lib\modifiers.js,0,528
672,Identifier,wcov,-1,-1,-1,190,68,190,72,packages\fast-redact\lib\modifiers.js,0,529
673,Identifier,redactPathCurrent,-1,-1,-1,220,6,220,23,packages\fast-redact\lib\modifiers.js,0,530
674,CallExpression,nan,3,-1,-1,220,26,220,61,packages\fast-redact\lib\modifiers.js,0,531
675,MemberExpression,nan,-1,-1,-1,221,22,221,31,packages\fast-redact\lib\modifiers.js,0,532
677,Identifier,k,-1,-1,-1,221,44,221,45,packages\fast-redact\lib\modifiers.js,0,533
678,Identifier,path,-1,-1,-1,221,47,221,51,packages\fast-redact\lib\modifiers.js,0,534
679,Identifier,afterPath,-1,-1,-1,221,53,221,62,packages\fast-redact\lib\modifiers.js,0,535
680,Identifier,censor,-1,-1,-1,221,64,221,70,packages\fast-redact\lib\modifiers.js,0,536
681,Identifier,isCensorFct,-1,-1,-1,221,72,221,83,packages\fast-redact\lib\modifiers.js,0,537
682,Identifier,censorFctTakesPath,-1,-1,-1,221,85,221,103,packages\fast-redact\lib\modifiers.js,0,538
683,Identifier,originalKey,-1,-1,-1,221,105,221,116,packages\fast-redact\lib\modifiers.js,0,539
684,Identifier,n,-1,-1,-1,221,118,221,119,packages\fast-redact\lib\modifiers.js,0,540
685,Identifier,nv,-1,-1,-1,221,121,221,123,packages\fast-redact\lib\modifiers.js,0,541
686,Identifier,ov,-1,-1,-1,221,125,221,127,packages\fast-redact\lib\modifiers.js,0,542
687,Identifier,kIsWc,-1,-1,-1,221,129,221,134,packages\fast-redact\lib\modifiers.js,0,543
688,Identifier,wck,-1,-1,-1,221,136,221,139,packages\fast-redact\lib\modifiers.js,0,544
689,Identifier,i,-1,-1,-1,221,141,221,142,packages\fast-redact\lib\modifiers.js,0,545
690,Identifier,lastPathIndex,-1,-1,-1,221,144,221,157,packages\fast-redact\lib\modifiers.js,0,546
691,Identifier,redactPathCurrent,-1,-1,-1,221,159,221,176,packages\fast-redact\lib\modifiers.js,0,547
692,Identifier,store,-1,-1,-1,221,178,221,183,packages\fast-redact\lib\modifiers.js,0,548
693,Identifier,parent,-1,-1,-1,221,185,221,191,packages\fast-redact\lib\modifiers.js,0,549
695,Identifier,iterateNthLevel,-1,-1,-1,221,6,221,21,packages\fast-redact\lib\modifiers.js,0,550
696,MemberExpression,nan,-1,-1,-1,34,27,34,38,packages\fast-redact\lib\modifiers.js,0,551
697,Identifier,pathWithKey,-1,-1,-1,34,40,34,51,packages\fast-redact\lib\modifiers.js,0,552
698,Identifier,censor,-1,-1,-1,34,20,34,26,packages\fast-redact\lib\modifiers.js,0,553
699,UnaryExpression,nan,1,-1,-1,99,30,99,38,packages\fast-redact\lib\modifiers.js,0,554
701,Identifier,k,-1,-1,-1,99,55,99,56,packages\fast-redact\lib\modifiers.js,0,555
702,Identifier,n,-1,-1,-1,99,60,99,61,packages\fast-redact\lib\modifiers.js,0,556
703,AssignmentExpression,nan,-1,-1,-1,104,8,104,26,packages\fast-redact\lib\modifiers.js,0,557
704,AssignmentExpression,nan,-1,-1,-1,115,8,115,21,packages\fast-redact\lib\modifiers.js,0,558
705,AssignmentExpression,nan,-1,-1,-1,116,8,116,25,packages\fast-redact\lib\modifiers.js,0,559
706,BlockStatement,nan,-1,-1,-1,117,25,121,9,packages\fast-redact\lib\modifiers.js,0,560
707,Identifier,consecutive,-1,-1,-1,117,12,117,23,packages\fast-redact\lib\modifiers.js,0,561
708,AssignmentExpression,nan,-1,-1,-1,192,8,192,17,packages\fast-redact\lib\modifiers.js,0,562
709,Identifier,ov,-1,-1,-1,197,10,197,12,packages\fast-redact\lib\modifiers.js,0,563
711,CallExpression,nan,1,-1,-1,203,8,203,22,packages\fast-redact\lib\modifiers.js,0,564
712,AssignmentExpression,nan,-1,-1,-1,204,8,204,19,packages\fast-redact\lib\modifiers.js,0,565
713,UnaryExpression,nan,1,-1,-1,190,18,190,29,packages\fast-redact\lib\modifiers.js,0,566
715,Identifier,wcov,-1,-1,-1,190,46,190,50,packages\fast-redact\lib\modifiers.js,0,567
717,Identifier,redactPathCurrent,-1,-1,-1,220,31,220,48,packages\fast-redact\lib\modifiers.js,0,568
718,Identifier,key,-1,-1,-1,220,50,220,53,packages\fast-redact\lib\modifiers.js,0,569
719,Identifier,depth,-1,-1,-1,220,55,220,60,packages\fast-redact\lib\modifiers.js,0,570
720,Identifier,node,-1,-1,-1,220,26,220,30,packages\fast-redact\lib\modifiers.js,0,571
721,Identifier,level,-1,-1,-1,221,33,221,38,packages\fast-redact\lib\modifiers.js,0,572
723,Identifier,depth,-1,-1,-1,221,193,221,198,packages\fast-redact\lib\modifiers.js,0,573
725,Identifier,n,-1,-1,-1,99,37,99,38,packages\fast-redact\lib\modifiers.js,0,574
726,Identifier,consecutive,-1,-1,-1,104,8,104,19,packages\fast-redact\lib\modifiers.js,0,575
728,Identifier,wcov,-1,-1,-1,115,8,115,12,packages\fast-redact\lib\modifiers.js,0,576
729,MemberExpression,nan,-1,-1,-1,115,15,115,21,packages\fast-redact\lib\modifiers.js,0,577
730,Identifier,kIsWc,-1,-1,-1,116,8,116,13,packages\fast-redact\lib\modifiers.js,0,578
735,Identifier,ov,-1,-1,-1,192,8,192,10,packages\fast-redact\lib\modifiers.js,0,579
736,Identifier,wcov,-1,-1,-1,192,13,192,17,packages\fast-redact\lib\modifiers.js,0,580
737,Identifier,i,-1,-1,-1,196,12,196,13,packages\fast-redact\lib\modifiers.js,0,581
738,Identifier,lastPathIndex,-1,-1,-1,196,18,196,31,packages\fast-redact\lib\modifiers.js,0,582
739,Identifier,rv,-1,-1,-1,203,19,203,21,packages\fast-redact\lib\modifiers.js,0,583
740,MemberExpression,nan,-1,-1,-1,203,8,203,18,packages\fast-redact\lib\modifiers.js,0,584
741,MemberExpression,nan,-1,-1,-1,204,8,204,14,packages\fast-redact\lib\modifiers.js,0,585
742,Identifier,nv,-1,-1,-1,204,17,204,19,packages\fast-redact\lib\modifiers.js,0,586
743,Identifier,wcov,-1,-1,-1,190,25,190,29,packages\fast-redact\lib\modifiers.js,0,587
744,Identifier,k,-1,-1,-1,116,16,116,17,packages\fast-redact\lib\modifiers.js,0,588
746,AssignmentExpression,nan,-1,-1,-1,118,10,118,65,packages\fast-redact\lib\modifiers.js,0,589
747,AssignmentExpression,nan,-1,-1,-1,119,10,119,19,packages\fast-redact\lib\modifiers.js,0,590
748,AssignmentExpression,nan,-1,-1,-1,120,10,120,215,packages\fast-redact\lib\modifiers.js,0,591
749,Identifier,redactPathCurrent,-1,-1,-1,118,10,118,27,packages\fast-redact\lib\modifiers.js,0,592
750,CallExpression,nan,3,-1,-1,118,30,118,65,packages\fast-redact\lib\modifiers.js,0,593
751,Identifier,level,-1,-1,-1,119,10,119,15,packages\fast-redact\lib\modifiers.js,0,594
752,Identifier,i,-1,-1,-1,119,18,119,19,packages\fast-redact\lib\modifiers.js,0,595
753,Identifier,ov,-1,-1,-1,120,10,120,12,packages\fast-redact\lib\modifiers.js,0,596
754,CallExpression,nan,20,-1,-1,120,15,120,215,packages\fast-redact\lib\modifiers.js,0,597
755,Identifier,redactPathCurrent,-1,-1,-1,118,35,118,52,packages\fast-redact\lib\modifiers.js,0,598
756,Identifier,wck,-1,-1,-1,118,54,118,57,packages\fast-redact\lib\modifiers.js,0,599
757,Identifier,depth,-1,-1,-1,118,59,118,64,packages\fast-redact\lib\modifiers.js,0,600
758,Identifier,node,-1,-1,-1,118,30,118,34,packages\fast-redact\lib\modifiers.js,0,601
759,Identifier,wcov,-1,-1,-1,120,31,120,35,packages\fast-redact\lib\modifiers.js,0,602
761,Identifier,k,-1,-1,-1,120,48,120,49,packages\fast-redact\lib\modifiers.js,0,603
762,Identifier,path,-1,-1,-1,120,51,120,55,packages\fast-redact\lib\modifiers.js,0,604
763,Identifier,afterPath,-1,-1,-1,120,57,120,66,packages\fast-redact\lib\modifiers.js,0,605
764,Identifier,censor,-1,-1,-1,120,68,120,74,packages\fast-redact\lib\modifiers.js,0,606
765,Identifier,isCensorFct,-1,-1,-1,120,76,120,87,packages\fast-redact\lib\modifiers.js,0,607
766,Identifier,censorFctTakesPath,-1,-1,-1,120,89,120,107,packages\fast-redact\lib\modifiers.js,0,608
767,Identifier,originalKey,-1,-1,-1,120,109,120,120,packages\fast-redact\lib\modifiers.js,0,609
768,Identifier,n,-1,-1,-1,120,122,120,123,packages\fast-redact\lib\modifiers.js,0,610
769,Identifier,nv,-1,-1,-1,120,125,120,127,packages\fast-redact\lib\modifiers.js,0,611
770,Identifier,ov,-1,-1,-1,120,129,120,131,packages\fast-redact\lib\modifiers.js,0,612
771,Identifier,kIsWc,-1,-1,-1,120,133,120,138,packages\fast-redact\lib\modifiers.js,0,613
772,Identifier,wck,-1,-1,-1,120,140,120,143,packages\fast-redact\lib\modifiers.js,0,614
773,Identifier,i,-1,-1,-1,120,145,120,146,packages\fast-redact\lib\modifiers.js,0,615
774,Identifier,lastPathIndex,-1,-1,-1,120,148,120,161,packages\fast-redact\lib\modifiers.js,0,616
775,Identifier,redactPathCurrent,-1,-1,-1,120,163,120,180,packages\fast-redact\lib\modifiers.js,0,617
776,Identifier,store,-1,-1,-1,120,182,120,187,packages\fast-redact\lib\modifiers.js,0,618
777,MemberExpression,nan,-1,-1,-1,120,189,120,203,packages\fast-redact\lib\modifiers.js,0,619
779,Identifier,iterateNthLevel,-1,-1,-1,120,15,120,30,packages\fast-redact\lib\modifiers.js,0,620
780,Identifier,level,-1,-1,-1,120,37,120,42,packages\fast-redact\lib\modifiers.js,0,621
782,Identifier,depth,-1,-1,-1,120,205,120,210,packages\fast-redact\lib\modifiers.js,0,622
784,Program,nan,-1,-1,-1,1,0,44,1,packages\fast-redact\lib\parse.js,0,623
786,VariableDeclaration,nan,-1,-1,-1,3,0,3,26,packages\fast-redact\lib\parse.js,0,624
788,FunctionDeclaration,nan,-1,1,1,7,0,44,1,packages\fast-redact\lib\parse.js,0,625
790,AssignmentExpression,nan,-1,-1,-1,5,0,5,22,packages\fast-redact\lib\parse.js,0,626
791,Identifier,parse,-1,-1,-1,7,9,7,14,packages\fast-redact\lib\parse.js,0,627
792,ObjectPattern,nan,-1,-1,-1,7,16,7,25,packages\fast-redact\lib\parse.js,0,628
794,BlockStatement,nan,-1,-1,-1,7,27,44,1,packages\fast-redact\lib\parse.js,0,629
795,MemberExpression,nan,-1,-1,-1,5,0,5,14,packages\fast-redact\lib\parse.js,0,630
796,Identifier,parse,-1,-1,-1,5,17,5,22,packages\fast-redact\lib\parse.js,0,631
797,VariableDeclaration,nan,-1,-1,-1,8,2,8,22,packages\fast-redact\lib\parse.js,0,632
798,VariableDeclaration,nan,-1,-1,-1,9,2,9,15,packages\fast-redact\lib\parse.js,0,633
799,VariableDeclaration,nan,-1,-1,-1,10,2,41,8,packages\fast-redact\lib\parse.js,0,634
800,ReturnStatement,nan,1,-1,-1,43,2,43,37,packages\fast-redact\lib\parse.js,0,635
801,ObjectExpression,nan,-1,-1,-1,43,9,43,37,packages\fast-redact\lib\parse.js,0,636
802,Program,nan,-1,-1,-1,1,0,108,1,packages\fast-redact\lib\redactor.js,0,637
804,VariableDeclaration,nan,-1,-1,-1,3,0,3,26,packages\fast-redact\lib\redactor.js,0,638
806,FunctionDeclaration,nan,-1,2,1,7,0,34,1,packages\fast-redact\lib\redactor.js,0,639
807,FunctionDeclaration,nan,-1,3,1,36,0,79,1,packages\fast-redact\lib\redactor.js,0,640
808,FunctionDeclaration,nan,-1,3,1,81,0,94,1,packages\fast-redact\lib\redactor.js,0,641
809,FunctionDeclaration,nan,-1,1,1,96,0,102,1,packages\fast-redact\lib\redactor.js,0,642
810,FunctionDeclaration,nan,-1,2,1,104,0,108,1,packages\fast-redact\lib\redactor.js,0,643
812,AssignmentExpression,nan,-1,-1,-1,5,0,5,25,packages\fast-redact\lib\redactor.js,0,644
813,Identifier,redactor,-1,-1,-1,7,9,7,17,packages\fast-redact\lib\redactor.js,0,645
814,ObjectPattern,nan,-1,-1,-1,7,19,7,88,packages\fast-redact\lib\redactor.js,0,646
815,Identifier,state,-1,-1,-1,7,90,7,95,packages\fast-redact\lib\redactor.js,0,647
817,BlockStatement,nan,-1,-1,-1,7,97,34,1,packages\fast-redact\lib\redactor.js,0,648
818,Identifier,redactTmpl,-1,-1,-1,36,9,36,19,packages\fast-redact\lib\redactor.js,0,649
819,Identifier,secret,-1,-1,-1,36,21,36,27,packages\fast-redact\lib\redactor.js,0,650
820,Identifier,isCensorFct,-1,-1,-1,36,29,36,40,packages\fast-redact\lib\redactor.js,0,651
821,Identifier,censorFctTakesPath,-1,-1,-1,36,42,36,60,packages\fast-redact\lib\redactor.js,0,652
823,BlockStatement,nan,-1,-1,-1,36,62,79,1,packages\fast-redact\lib\redactor.js,0,653
824,Identifier,dynamicRedactTmpl,-1,-1,-1,81,9,81,26,packages\fast-redact\lib\redactor.js,0,654
825,Identifier,hasWildcards,-1,-1,-1,81,28,81,40,packages\fast-redact\lib\redactor.js,0,655
826,Identifier,isCensorFct,-1,-1,-1,81,42,81,53,packages\fast-redact\lib\redactor.js,0,656
827,Identifier,censorFctTakesPath,-1,-1,-1,81,55,81,73,packages\fast-redact\lib\redactor.js,0,657
829,BlockStatement,nan,-1,-1,-1,81,75,94,1,packages\fast-redact\lib\redactor.js,0,658
830,Identifier,resultTmpl,-1,-1,-1,96,9,96,19,packages\fast-redact\lib\redactor.js,0,659
831,Identifier,serialize,-1,-1,-1,96,21,96,30,packages\fast-redact\lib\redactor.js,0,660
833,BlockStatement,nan,-1,-1,-1,96,32,102,1,packages\fast-redact\lib\redactor.js,0,661
834,Identifier,strictImpl,-1,-1,-1,104,9,104,19,packages\fast-redact\lib\redactor.js,0,662
835,Identifier,strict,-1,-1,-1,104,21,104,27,packages\fast-redact\lib\redactor.js,0,663
836,Identifier,serialize,-1,-1,-1,104,29,104,38,packages\fast-redact\lib\redactor.js,0,664
838,BlockStatement,nan,-1,-1,-1,104,40,108,1,packages\fast-redact\lib\redactor.js,0,665
839,MemberExpression,nan,-1,-1,-1,5,0,5,14,packages\fast-redact\lib\redactor.js,0,666
840,Identifier,redactor,-1,-1,-1,5,17,5,25,packages\fast-redact\lib\redactor.js,0,667
841,VariableDeclaration,nan,-1,-1,-1,9,2,25,16,packages\fast-redact\lib\redactor.js,0,668
843,IfStatement,nan,-1,-1,-1,29,2,31,3,packages\fast-redact\lib\redactor.js,0,669
844,ReturnStatement,nan,1,-1,-1,33,2,33,15,packages\fast-redact\lib\redactor.js,0,670
845,ReturnStatement,nan,1,-1,-1,37,2,78,15,packages\fast-redact\lib\redactor.js,0,671
846,ReturnStatement,nan,1,-1,-1,82,2,93,8,packages\fast-redact\lib\redactor.js,0,672
847,ReturnStatement,nan,1,-1,-1,97,2,101,3,packages\fast-redact\lib\redactor.js,0,673
848,ReturnStatement,nan,1,-1,-1,105,2,107,67,packages\fast-redact\lib\redactor.js,0,674
849,AssignmentExpression,nan,-1,-1,-1,27,2,27,22,packages\fast-redact\lib\redactor.js,0,675
850,BlockStatement,nan,-1,-1,-1,29,27,31,3,packages\fast-redact\lib\redactor.js,0,676
852,Identifier,redact,-1,-1,-1,33,9,33,15,packages\fast-redact\lib\redactor.js,0,677
853,CallExpression,nan,1,-1,-1,37,9,78,15,packages\fast-redact\lib\redactor.js,0,678
854,ConditionalExpression,nan,-1,-1,-1,82,9,93,8,packages\fast-redact\lib\redactor.js,0,679
855,ConditionalExpression,nan,-1,-1,-1,97,9,101,3,packages\fast-redact\lib\redactor.js,0,680
856,ConditionalExpression,nan,-1,-1,-1,105,9,107,67,packages\fast-redact\lib\redactor.js,0,681
857,MemberExpression,nan,-1,-1,-1,27,2,27,14,packages\fast-redact\lib\redactor.js,0,682
858,Identifier,state,-1,-1,-1,27,17,27,22,packages\fast-redact\lib\redactor.js,0,683
860,Identifier,serialize,-1,-1,-1,29,6,29,15,packages\fast-redact\lib\redactor.js,0,684
863,MemberExpression,nan,-1,-1,-1,37,9,78,9,packages\fast-redact\lib\redactor.js,0,685
864,TemplateLiteral,nan,-1,-1,-1,82,33,93,3,packages\fast-redact\lib\redactor.js,0,686
866,TemplateLiteral,nan,-1,-1,-1,97,31,97,41,packages\fast-redact\lib\redactor.js,0,687
868,TemplateLiteral,nan,-1,-1,-1,106,6,106,65,packages\fast-redact\lib\redactor.js,0,688
870,AssignmentExpression,nan,-1,-1,-1,30,4,30,44,packages\fast-redact\lib\redactor.js,0,689
871,Identifier,hasWildcards,-1,-1,-1,82,9,82,21,packages\fast-redact\lib\redactor.js,0,690
873,Identifier,serialize,-1,-1,-1,97,9,97,18,packages\fast-redact\lib\redactor.js,0,691
875,Identifier,strict,-1,-1,-1,105,9,105,15,packages\fast-redact\lib\redactor.js,0,692
877,MemberExpression,nan,-1,-1,-1,30,4,30,18,packages\fast-redact\lib\redactor.js,0,693
878,ArrowFunctionExpression,nan,-1,1,0,30,21,30,44,packages\fast-redact\lib\redactor.js,0,694
879,Identifier,o,-1,-1,-1,30,22,30,23,packages\fast-redact\lib\redactor.js,0,695
881,CallExpression,nan,1,-1,-1,30,28,30,44,packages\fast-redact\lib\redactor.js,0,696
882,Identifier,o,-1,-1,-1,30,42,30,43,packages\fast-redact\lib\redactor.js,0,697
883,MemberExpression,nan,-1,-1,-1,30,28,30,41,packages\fast-redact\lib\redactor.js,0,698
884,Program,nan,-1,-1,-1,1,0,92,1,packages\fast-redact\lib\restorer.js,0,699
886,VariableDeclaration,nan,-1,-1,-1,3,0,3,62,packages\fast-redact\lib\restorer.js,0,700
888,FunctionDeclaration,nan,-1,0,1,7,0,25,1,packages\fast-redact\lib\restorer.js,0,701
889,FunctionDeclaration,nan,-1,2,1,39,0,54,1,packages\fast-redact\lib\restorer.js,0,702
890,FunctionDeclaration,nan,-1,3,1,71,0,92,1,packages\fast-redact\lib\restorer.js,0,703
892,AssignmentExpression,nan,-1,-1,-1,5,0,5,25,packages\fast-redact\lib\restorer.js,0,704
893,Identifier,restorer,-1,-1,-1,7,9,7,17,packages\fast-redact\lib\restorer.js,0,705
895,BlockStatement,nan,-1,-1,-1,7,21,25,1,packages\fast-redact\lib\restorer.js,0,706
896,Identifier,resetTmpl,-1,-1,-1,39,9,39,18,packages\fast-redact\lib\restorer.js,0,707
897,Identifier,secret,-1,-1,-1,39,20,39,26,packages\fast-redact\lib\restorer.js,0,708
898,Identifier,paths,-1,-1,-1,39,28,39,33,packages\fast-redact\lib\restorer.js,0,709
900,BlockStatement,nan,-1,-1,-1,39,35,54,1,packages\fast-redact\lib\restorer.js,0,710
901,Identifier,restoreTmpl,-1,-1,-1,71,9,71,20,packages\fast-redact\lib\restorer.js,0,711
902,Identifier,resetters,-1,-1,-1,71,22,71,31,packages\fast-redact\lib\restorer.js,0,712
903,Identifier,paths,-1,-1,-1,71,33,71,38,packages\fast-redact\lib\restorer.js,0,713
904,Identifier,hasWildcards,-1,-1,-1,71,40,71,52,packages\fast-redact\lib\restorer.js,0,714
906,BlockStatement,nan,-1,-1,-1,71,54,92,1,packages\fast-redact\lib\restorer.js,0,715
907,MemberExpression,nan,-1,-1,-1,5,0,5,14,packages\fast-redact\lib\restorer.js,0,716
908,Identifier,restorer,-1,-1,-1,5,17,5,25,packages\fast-redact\lib\restorer.js,0,717
909,ReturnStatement,nan,1,-1,-1,8,2,24,3,packages\fast-redact\lib\restorer.js,0,718
910,ReturnStatement,nan,1,-1,-1,40,2,53,13,packages\fast-redact\lib\restorer.js,0,719
911,VariableDeclaration,nan,-1,-1,-1,72,2,84,8,packages\fast-redact\lib\restorer.js,0,720
912,ReturnStatement,nan,1,-1,-1,86,2,91,3,packages\fast-redact\lib\restorer.js,0,721
913,FunctionExpression,nan,-1,0,1,8,9,24,3,packages\fast-redact\lib\restorer.js,0,722
914,CallExpression,nan,1,-1,-1,40,9,53,13,packages\fast-redact\lib\restorer.js,0,723
915,TemplateLiteral,nan,-1,-1,-1,86,9,91,3,packages\fast-redact\lib\restorer.js,0,724
916,Identifier,compileRestore,-1,-1,-1,8,18,8,32,packages\fast-redact\lib\restorer.js,0,725
918,BlockStatement,nan,-1,-1,-1,8,36,24,3,packages\fast-redact\lib\restorer.js,0,726
920,MemberExpression,nan,-1,-1,-1,40,9,53,9,packages\fast-redact\lib\restorer.js,0,727
921,IfStatement,nan,-1,-1,-1,9,4,12,5,packages\fast-redact\lib\restorer.js,0,728
922,VariableDeclaration,nan,-1,-1,-1,13,4,13,34,packages\fast-redact\lib\restorer.js,0,729
923,VariableDeclaration,nan,-1,-1,-1,14,4,14,37,packages\fast-redact\lib\restorer.js,0,730
924,VariableDeclaration,nan,-1,-1,-1,15,4,15,46,packages\fast-redact\lib\restorer.js,0,731
925,VariableDeclaration,nan,-1,-1,-1,16,4,16,34,packages\fast-redact\lib\restorer.js,0,732
926,VariableDeclaration,nan,-1,-1,-1,17,4,17,85,packages\fast-redact\lib\restorer.js,0,733
929,BlockStatement,nan,-1,-1,-1,9,22,12,5,packages\fast-redact\lib\restorer.js,0,734
930,MemberExpression,nan,-1,-1,-1,9,8,9,20,packages\fast-redact\lib\restorer.js,0,735
931,AssignmentExpression,nan,-1,-1,-1,19,4,22,17,packages\fast-redact\lib\restorer.js,0,736
932,AssignmentExpression,nan,-1,-1,-1,23,4,23,30,packages\fast-redact\lib\restorer.js,0,737
934,ReturnStatement,nan,-1,-1,-1,11,6,11,12,packages\fast-redact\lib\restorer.js,0,738
935,MemberExpression,nan,-1,-1,-1,19,4,19,16,packages\fast-redact\lib\restorer.js,0,739
936,CallExpression,nan,1,-1,-1,19,19,22,17,packages\fast-redact\lib\restorer.js,0,740
937,MemberExpression,nan,-1,-1,-1,23,4,23,22,packages\fast-redact\lib\restorer.js,0,741
938,Identifier,state,-1,-1,-1,23,25,23,30,packages\fast-redact\lib\restorer.js,0,742
939,AssignmentExpression,nan,-1,-1,-1,10,6,10,45,packages\fast-redact\lib\restorer.js,0,743
940,Identifier,state,-1,-1,-1,22,11,22,16,packages\fast-redact\lib\restorer.js,0,744
941,MemberExpression,nan,-1,-1,-1,19,19,22,10,packages\fast-redact\lib\restorer.js,0,745
942,MemberExpression,nan,-1,-1,-1,10,6,10,31,packages\fast-redact\lib\restorer.js,0,746
943,MemberExpression,nan,-1,-1,-1,10,34,10,45,packages\fast-redact\lib\restorer.js,0,747
944,Program,nan,-1,-1,-1,1,0,3,42,packages\fast-redact\lib\rx.js,0,748
948,AssignmentExpression,nan,-1,-1,-1,3,0,3,42,packages\fast-redact\lib\rx.js,0,749
949,MemberExpression,nan,-1,-1,-1,3,0,3,14,packages\fast-redact\lib\rx.js,0,750
951,Program,nan,-1,-1,-1,1,0,20,1,packages\fast-redact\lib\state.js,0,751
954,FunctionDeclaration,nan,-1,1,1,5,0,20,1,packages\fast-redact\lib\state.js,0,752
956,AssignmentExpression,nan,-1,-1,-1,3,0,3,22,packages\fast-redact\lib\state.js,0,753
957,Identifier,state,-1,-1,-1,5,9,5,14,packages\fast-redact\lib\state.js,0,754
958,Identifier,o,-1,-1,-1,5,16,5,17,packages\fast-redact\lib\state.js,0,755
960,BlockStatement,nan,-1,-1,-1,5,19,20,1,packages\fast-redact\lib\state.js,0,756
961,MemberExpression,nan,-1,-1,-1,3,0,3,14,packages\fast-redact\lib\state.js,0,757
962,Identifier,state,-1,-1,-1,3,17,3,22,packages\fast-redact\lib\state.js,0,758
963,VariableDeclaration,nan,-1,-1,-1,6,2,15,7,packages\fast-redact\lib\state.js,0,759
964,VariableDeclaration,nan,-1,-1,-1,16,2,16,54,packages\fast-redact\lib\state.js,0,760
965,IfStatement,nan,-1,-1,-1,17,2,17,54,packages\fast-redact\lib\state.js,0,761
966,IfStatement,nan,-1,-1,-1,18,2,18,78,packages\fast-redact\lib\state.js,0,762
967,ReturnStatement,nan,1,-1,-1,19,2,19,34,packages\fast-redact\lib\state.js,0,763
972,CallExpression,nan,1,-1,-1,19,9,19,34,packages\fast-redact\lib\state.js,0,764
973,CallExpression,nan,1,-1,-1,17,27,17,54,packages\fast-redact\lib\state.js,0,765
974,Identifier,serialize,-1,-1,-1,17,6,17,15,packages\fast-redact\lib\state.js,0,766
976,CallExpression,nan,1,-1,-1,18,17,18,78,packages\fast-redact\lib\state.js,0,767
977,Identifier,wcLen,-1,-1,-1,18,6,18,11,packages\fast-redact\lib\state.js,0,768
979,SpreadElement,nan,1,-1,-1,19,23,19,33,packages\fast-redact\lib\state.js,0,769
980,MemberExpression,nan,-1,-1,-1,19,9,19,22,packages\fast-redact\lib\state.js,0,770
981,ObjectExpression,nan,-1,-1,-1,17,40,17,53,packages\fast-redact\lib\state.js,0,771
982,MemberExpression,nan,-1,-1,-1,17,27,17,39,packages\fast-redact\lib\state.js,0,772
983,ObjectExpression,nan,-1,-1,-1,18,30,18,77,packages\fast-redact\lib\state.js,0,773
984,MemberExpression,nan,-1,-1,-1,18,17,18,29,packages\fast-redact\lib\state.js,0,774
985,Identifier,builder,-1,-1,-1,19,26,19,33,packages\fast-redact\lib\state.js,0,775
986,Program,nan,-1,-1,-1,1,0,33,1,packages\fast-redact\lib\validator.js,0,776
989,FunctionDeclaration,nan,-1,1,1,5,0,33,1,packages\fast-redact\lib\validator.js,0,777
991,AssignmentExpression,nan,-1,-1,-1,3,0,3,26,packages\fast-redact\lib\validator.js,0,778
992,Identifier,validator,-1,-1,-1,5,9,5,18,packages\fast-redact\lib\validator.js,0,779
993,AssignmentPattern,nan,-1,-1,-1,5,20,5,29,packages\fast-redact\lib\validator.js,0,780
995,BlockStatement,nan,-1,-1,-1,5,31,33,1,packages\fast-redact\lib\validator.js,0,781
996,MemberExpression,nan,-1,-1,-1,3,0,3,14,packages\fast-redact\lib\validator.js,0,782
997,Identifier,validator,-1,-1,-1,3,17,3,26,packages\fast-redact\lib\validator.js,0,783
998,Identifier,opts,-1,-1,-1,5,20,5,24,packages\fast-redact\lib\validator.js,0,784
999,ObjectExpression,nan,-1,-1,-1,5,27,5,29,packages\fast-redact\lib\validator.js,0,785
1000,VariableDeclaration,nan,-1,-1,-1,6,2,9,10,packages\fast-redact\lib\validator.js,0,786
1001,ReturnStatement,nan,1,-1,-1,11,2,32,3,packages\fast-redact\lib\validator.js,0,787
1002,FunctionExpression,nan,-1,1,0,11,9,32,3,packages\fast-redact\lib\validator.js,0,788
1003,Identifier,validate,-1,-1,-1,11,18,11,26,packages\fast-redact\lib\validator.js,0,789
1004,ObjectPattern,nan,-1,-1,-1,11,28,11,37,packages\fast-redact\lib\validator.js,0,790
1006,BlockStatement,nan,-1,-1,-1,11,39,32,3,packages\fast-redact\lib\validator.js,0,791
1008,CallExpression,nan,1,-1,-1,12,4,31,6,packages\fast-redact\lib\validator.js,0,792
1009,ArrowFunctionExpression,nan,-1,1,0,12,18,31,5,packages\fast-redact\lib\validator.js,0,793
1010,MemberExpression,nan,-1,-1,-1,12,4,12,17,packages\fast-redact\lib\validator.js,0,794
1011,Identifier,s,-1,-1,-1,12,19,12,20,packages\fast-redact\lib\validator.js,0,795
1013,BlockStatement,nan,-1,-1,-1,12,25,31,5,packages\fast-redact\lib\validator.js,0,796
1014,IfStatement,nan,-1,-1,-1,13,6,15,7,packages\fast-redact\lib\validator.js,0,797
1015,TryStatement,nan,-1,-1,-1,16,6,30,7,packages\fast-redact\lib\validator.js,0,798
1016,BlockStatement,nan,-1,-1,-1,13,33,15,7,packages\fast-redact\lib\validator.js,0,799
1018,ThrowStatement,nan,1,-1,-1,14,8,14,48,packages\fast-redact\lib\validator.js,0,800
1019,UnaryExpression,nan,1,-1,-1,13,10,13,18,packages\fast-redact\lib\validator.js,0,801
1021,CallExpression,nan,1,-1,-1,14,14,14,48,packages\fast-redact\lib\validator.js,0,802
1022,Identifier,s,-1,-1,-1,13,17,13,18,packages\fast-redact\lib\validator.js,0,803
1023,CallExpression,nan,0,-1,-1,14,20,14,47,packages\fast-redact\lib\validator.js,0,804
1024,Identifier,Error,-1,-1,-1,14,14,14,19,packages\fast-redact\lib\validator.js,0,805
1025,Identifier,ERR_PATHS_MUST_BE_STRINGS,-1,-1,-1,14,20,14,45,packages\fast-redact\lib\validator.js,0,806
1026,Program,nan,-1,-1,-1,1,0,1502,2,packages\fast-redact\test\index.js,1,807
1028,VariableDeclaration,nan,-1,-1,-1,3,0,3,31,packages\fast-redact\test\index.js,1,808
1029,VariableDeclaration,nan,-1,-1,-1,4,0,4,32,packages\fast-redact\test\index.js,1,809
1030,VariableDeclaration,nan,-1,-1,-1,6,0,6,27,packages\fast-redact\test\index.js,1,810
1031,VariableDeclaration,nan,-1,-1,-1,7,0,7,68,packages\fast-redact\test\index.js,1,811
1032,VariableDeclaration,nan,-1,-1,-1,8,0,8,65,packages\fast-redact\test\index.js,1,812
1152,CallExpression,nan,2,-1,-1,10,0,18,2,packages\fast-redact\test\index.js,1,813
1153,CallExpression,nan,2,-1,-1,20,0,24,2,packages\fast-redact\test\index.js,1,814
1154,CallExpression,nan,2,-1,-1,26,0,30,2,packages\fast-redact\test\index.js,1,815
1155,CallExpression,nan,2,-1,-1,32,0,36,2,packages\fast-redact\test\index.js,1,816
1156,CallExpression,nan,2,-1,-1,38,0,53,2,packages\fast-redact\test\index.js,1,817
1157,CallExpression,nan,2,-1,-1,55,0,72,2,packages\fast-redact\test\index.js,1,818
1158,CallExpression,nan,2,-1,-1,74,0,90,2,packages\fast-redact\test\index.js,1,819
1159,CallExpression,nan,2,-1,-1,92,0,108,2,packages\fast-redact\test\index.js,1,820
1160,CallExpression,nan,2,-1,-1,110,0,119,2,packages\fast-redact\test\index.js,1,821
1161,CallExpression,nan,2,-1,-1,121,0,139,2,packages\fast-redact\test\index.js,1,822
1162,CallExpression,nan,2,-1,-1,141,0,237,2,packages\fast-redact\test\index.js,1,823
1163,CallExpression,nan,2,-1,-1,239,0,244,2,packages\fast-redact\test\index.js,1,824
1164,CallExpression,nan,2,-1,-1,246,0,251,2,packages\fast-redact\test\index.js,1,825
1165,CallExpression,nan,2,-1,-1,253,0,263,2,packages\fast-redact\test\index.js,1,826
1166,CallExpression,nan,2,-1,-1,265,0,275,2,packages\fast-redact\test\index.js,1,827
1167,CallExpression,nan,2,-1,-1,277,0,287,2,packages\fast-redact\test\index.js,1,828
1168,CallExpression,nan,2,-1,-1,289,0,294,2,packages\fast-redact\test\index.js,1,829
1169,CallExpression,nan,2,-1,-1,296,0,301,2,packages\fast-redact\test\index.js,1,830
1170,CallExpression,nan,2,-1,-1,303,0,312,2,packages\fast-redact\test\index.js,1,831
1171,CallExpression,nan,2,-1,-1,314,0,328,2,packages\fast-redact\test\index.js,1,832
1172,CallExpression,nan,2,-1,-1,330,0,334,2,packages\fast-redact\test\index.js,1,833
1173,CallExpression,nan,2,-1,-1,336,0,340,2,packages\fast-redact\test\index.js,1,834
1174,CallExpression,nan,2,-1,-1,342,0,348,2,packages\fast-redact\test\index.js,1,835
1175,CallExpression,nan,2,-1,-1,350,0,362,2,packages\fast-redact\test\index.js,1,836
1176,CallExpression,nan,2,-1,-1,364,0,368,2,packages\fast-redact\test\index.js,1,837
1177,CallExpression,nan,2,-1,-1,370,0,374,2,packages\fast-redact\test\index.js,1,838
1178,CallExpression,nan,2,-1,-1,376,0,382,2,packages\fast-redact\test\index.js,1,839
1179,CallExpression,nan,2,-1,-1,384,0,392,2,packages\fast-redact\test\index.js,1,840
1180,CallExpression,nan,2,-1,-1,394,0,400,2,packages\fast-redact\test\index.js,1,841
1181,CallExpression,nan,2,-1,-1,402,0,408,2,packages\fast-redact\test\index.js,1,842
1182,CallExpression,nan,2,-1,-1,410,0,416,2,packages\fast-redact\test\index.js,1,843
1183,CallExpression,nan,2,-1,-1,418,0,424,2,packages\fast-redact\test\index.js,1,844
1184,CallExpression,nan,2,-1,-1,426,0,432,2,packages\fast-redact\test\index.js,1,845
1185,CallExpression,nan,2,-1,-1,434,0,439,2,packages\fast-redact\test\index.js,1,846
1186,CallExpression,nan,2,-1,-1,441,0,445,2,packages\fast-redact\test\index.js,1,847
1187,CallExpression,nan,2,-1,-1,447,0,472,2,packages\fast-redact\test\index.js,1,848
1188,CallExpression,nan,2,-1,-1,474,0,478,2,packages\fast-redact\test\index.js,1,849
1189,CallExpression,nan,2,-1,-1,480,0,485,2,packages\fast-redact\test\index.js,1,850
1190,CallExpression,nan,2,-1,-1,487,0,492,2,packages\fast-redact\test\index.js,1,851
1191,CallExpression,nan,2,-1,-1,494,0,499,2,packages\fast-redact\test\index.js,1,852
1192,CallExpression,nan,2,-1,-1,501,0,507,2,packages\fast-redact\test\index.js,1,853
1193,CallExpression,nan,2,-1,-1,509,0,516,2,packages\fast-redact\test\index.js,1,854
1194,CallExpression,nan,2,-1,-1,518,0,523,2,packages\fast-redact\test\index.js,1,855
1195,CallExpression,nan,2,-1,-1,525,0,532,2,packages\fast-redact\test\index.js,1,856
1196,CallExpression,nan,2,-1,-1,534,0,538,2,packages\fast-redact\test\index.js,1,857
1197,CallExpression,nan,2,-1,-1,540,0,544,2,packages\fast-redact\test\index.js,1,858
1198,CallExpression,nan,2,-1,-1,546,0,555,2,packages\fast-redact\test\index.js,1,859
1199,CallExpression,nan,2,-1,-1,557,0,567,2,packages\fast-redact\test\index.js,1,860
1200,CallExpression,nan,2,-1,-1,569,0,577,2,packages\fast-redact\test\index.js,1,861
1201,CallExpression,nan,2,-1,-1,579,0,591,2,packages\fast-redact\test\index.js,1,862
1202,CallExpression,nan,2,-1,-1,593,0,608,2,packages\fast-redact\test\index.js,1,863
1203,CallExpression,nan,2,-1,-1,610,0,614,2,packages\fast-redact\test\index.js,1,864
1204,CallExpression,nan,2,-1,-1,616,0,620,2,packages\fast-redact\test\index.js,1,865
1205,CallExpression,nan,2,-1,-1,622,0,626,2,packages\fast-redact\test\index.js,1,866
1206,CallExpression,nan,2,-1,-1,628,0,632,2,packages\fast-redact\test\index.js,1,867
1207,CallExpression,nan,2,-1,-1,634,0,638,2,packages\fast-redact\test\index.js,1,868
1208,CallExpression,nan,2,-1,-1,640,0,645,2,packages\fast-redact\test\index.js,1,869
1209,CallExpression,nan,2,-1,-1,647,0,651,2,packages\fast-redact\test\index.js,1,870
1210,CallExpression,nan,2,-1,-1,653,0,663,2,packages\fast-redact\test\index.js,1,871
1211,CallExpression,nan,2,-1,-1,665,0,673,2,packages\fast-redact\test\index.js,1,872
1212,CallExpression,nan,2,-1,-1,675,0,687,2,packages\fast-redact\test\index.js,1,873
1213,CallExpression,nan,2,-1,-1,689,0,701,2,packages\fast-redact\test\index.js,1,874
1214,CallExpression,nan,2,-1,-1,703,0,718,2,packages\fast-redact\test\index.js,1,875
1215,CallExpression,nan,2,-1,-1,720,0,731,2,packages\fast-redact\test\index.js,1,876
1216,CallExpression,nan,2,-1,-1,733,0,752,2,packages\fast-redact\test\index.js,1,877
1217,CallExpression,nan,2,-1,-1,754,0,762,2,packages\fast-redact\test\index.js,1,878
1218,CallExpression,nan,2,-1,-1,764,0,772,2,packages\fast-redact\test\index.js,1,879
1219,CallExpression,nan,2,-1,-1,774,0,783,2,packages\fast-redact\test\index.js,1,880
1220,CallExpression,nan,2,-1,-1,785,0,799,2,packages\fast-redact\test\index.js,1,881
1221,CallExpression,nan,2,-1,-1,801,0,809,2,packages\fast-redact\test\index.js,1,882
1222,CallExpression,nan,2,-1,-1,811,0,824,2,packages\fast-redact\test\index.js,1,883
1223,CallExpression,nan,2,-1,-1,826,0,840,2,packages\fast-redact\test\index.js,1,884
1224,CallExpression,nan,2,-1,-1,842,0,851,2,packages\fast-redact\test\index.js,1,885
1225,CallExpression,nan,2,-1,-1,853,0,861,2,packages\fast-redact\test\index.js,1,886
1226,CallExpression,nan,2,-1,-1,863,0,895,2,packages\fast-redact\test\index.js,1,887
1227,CallExpression,nan,2,-1,-1,897,0,918,2,packages\fast-redact\test\index.js,1,888
1228,CallExpression,nan,2,-1,-1,920,0,937,2,packages\fast-redact\test\index.js,1,889
1229,CallExpression,nan,2,-1,-1,939,0,961,2,packages\fast-redact\test\index.js,1,890
1230,CallExpression,nan,2,-1,-1,963,0,967,2,packages\fast-redact\test\index.js,1,891
1231,CallExpression,nan,2,-1,-1,969,0,974,2,packages\fast-redact\test\index.js,1,892
1232,CallExpression,nan,2,-1,-1,976,0,980,2,packages\fast-redact\test\index.js,1,893
1233,CallExpression,nan,2,-1,-1,982,0,992,2,packages\fast-redact\test\index.js,1,894
1234,CallExpression,nan,2,-1,-1,994,0,1002,2,packages\fast-redact\test\index.js,1,895
1235,CallExpression,nan,2,-1,-1,1004,0,1017,2,packages\fast-redact\test\index.js,1,896
1236,CallExpression,nan,2,-1,-1,1019,0,1034,2,packages\fast-redact\test\index.js,1,897
1237,CallExpression,nan,2,-1,-1,1036,0,1041,2,packages\fast-redact\test\index.js,1,898
1238,CallExpression,nan,2,-1,-1,1043,0,1048,2,packages\fast-redact\test\index.js,1,899
1239,CallExpression,nan,2,-1,-1,1050,0,1055,2,packages\fast-redact\test\index.js,1,900
1240,CallExpression,nan,2,-1,-1,1057,0,1062,2,packages\fast-redact\test\index.js,1,901
1241,CallExpression,nan,2,-1,-1,1064,0,1069,2,packages\fast-redact\test\index.js,1,902
1242,CallExpression,nan,2,-1,-1,1071,0,1076,2,packages\fast-redact\test\index.js,1,903
1243,CallExpression,nan,2,-1,-1,1078,0,1083,2,packages\fast-redact\test\index.js,1,904
1244,CallExpression,nan,2,-1,-1,1085,0,1090,2,packages\fast-redact\test\index.js,1,905
1245,CallExpression,nan,2,-1,-1,1092,0,1107,2,packages\fast-redact\test\index.js,1,906
1246,CallExpression,nan,2,-1,-1,1109,0,1124,2,packages\fast-redact\test\index.js,1,907
1247,CallExpression,nan,2,-1,-1,1126,0,1131,2,packages\fast-redact\test\index.js,1,908
1248,CallExpression,nan,2,-1,-1,1133,0,1152,2,packages\fast-redact\test\index.js,1,909
1249,CallExpression,nan,2,-1,-1,1154,0,1160,2,packages\fast-redact\test\index.js,1,910
1250,CallExpression,nan,2,-1,-1,1162,0,1169,2,packages\fast-redact\test\index.js,1,911
1251,CallExpression,nan,2,-1,-1,1171,0,1184,2,packages\fast-redact\test\index.js,1,912
1252,CallExpression,nan,2,-1,-1,1186,0,1201,2,packages\fast-redact\test\index.js,1,913
1253,CallExpression,nan,2,-1,-1,1203,0,1208,2,packages\fast-redact\test\index.js,1,914
1254,CallExpression,nan,2,-1,-1,1210,0,1222,2,packages\fast-redact\test\index.js,1,915
1255,CallExpression,nan,2,-1,-1,1224,0,1230,2,packages\fast-redact\test\index.js,1,916
1256,CallExpression,nan,2,-1,-1,1232,0,1244,2,packages\fast-redact\test\index.js,1,917
1257,CallExpression,nan,2,-1,-1,1246,0,1255,2,packages\fast-redact\test\index.js,1,918
1258,CallExpression,nan,2,-1,-1,1257,0,1269,2,packages\fast-redact\test\index.js,1,919
1259,CallExpression,nan,2,-1,-1,1271,0,1282,2,packages\fast-redact\test\index.js,1,920
1260,CallExpression,nan,2,-1,-1,1284,0,1293,2,packages\fast-redact\test\index.js,1,921
1261,CallExpression,nan,2,-1,-1,1295,0,1306,2,packages\fast-redact\test\index.js,1,922
1262,CallExpression,nan,2,-1,-1,1308,0,1322,2,packages\fast-redact\test\index.js,1,923
1263,CallExpression,nan,2,-1,-1,1324,0,1346,2,packages\fast-redact\test\index.js,1,924
1264,CallExpression,nan,2,-1,-1,1348,0,1370,2,packages\fast-redact\test\index.js,1,925
1265,CallExpression,nan,2,-1,-1,1372,0,1385,2,packages\fast-redact\test\index.js,1,926
1266,CallExpression,nan,2,-1,-1,1387,0,1400,2,packages\fast-redact\test\index.js,1,927
1267,CallExpression,nan,2,-1,-1,1402,0,1419,2,packages\fast-redact\test\index.js,1,928
1268,CallExpression,nan,2,-1,-1,1421,0,1488,2,packages\fast-redact\test\index.js,1,929
1269,CallExpression,nan,2,-1,-1,1490,0,1502,2,packages\fast-redact\test\index.js,1,930
1271,ArrowFunctionExpression,nan,-1,1,0,10,62,18,1,packages\fast-redact\test\index.js,1,931
1272,Identifier,test,-1,-1,-1,10,0,10,4,packages\fast-redact\test\index.js,1,932
1274,ArrowFunctionExpression,nan,-1,1,0,20,69,24,1,packages\fast-redact\test\index.js,1,933
1275,Identifier,test,-1,-1,-1,20,0,20,4,packages\fast-redact\test\index.js,1,934
1277,ArrowFunctionExpression,nan,-1,1,0,26,53,30,1,packages\fast-redact\test\index.js,1,935
1278,Identifier,test,-1,-1,-1,26,0,26,4,packages\fast-redact\test\index.js,1,936
1280,ArrowFunctionExpression,nan,-1,1,0,32,66,36,1,packages\fast-redact\test\index.js,1,937
1281,Identifier,test,-1,-1,-1,32,0,32,4,packages\fast-redact\test\index.js,1,938
1283,ArrowFunctionExpression,nan,-1,1,0,38,108,53,1,packages\fast-redact\test\index.js,1,939
1284,Identifier,test,-1,-1,-1,38,0,38,4,packages\fast-redact\test\index.js,1,940
1286,ArrowFunctionExpression,nan,-1,1,0,55,100,72,1,packages\fast-redact\test\index.js,1,941
1287,Identifier,test,-1,-1,-1,55,0,55,4,packages\fast-redact\test\index.js,1,942
1289,ArrowFunctionExpression,nan,-1,1,0,74,94,90,1,packages\fast-redact\test\index.js,1,943
1290,Identifier,test,-1,-1,-1,74,0,74,4,packages\fast-redact\test\index.js,1,944
1292,ArrowFunctionExpression,nan,-1,1,0,92,70,108,1,packages\fast-redact\test\index.js,1,945
1293,Identifier,test,-1,-1,-1,92,0,92,4,packages\fast-redact\test\index.js,1,946
1295,ArrowFunctionExpression,nan,-1,1,0,110,66,119,1,packages\fast-redact\test\index.js,1,947
1296,Identifier,test,-1,-1,-1,110,0,110,4,packages\fast-redact\test\index.js,1,948
1298,ArrowFunctionExpression,nan,-1,1,0,121,41,139,1,packages\fast-redact\test\index.js,1,949
1299,Identifier,test,-1,-1,-1,121,0,121,4,packages\fast-redact\test\index.js,1,950
1301,ArrowFunctionExpression,nan,-1,1,0,141,41,237,1,packages\fast-redact\test\index.js,1,951
1302,Identifier,test,-1,-1,-1,141,0,141,4,packages\fast-redact\test\index.js,1,952
1304,ArrowFunctionExpression,nan,-1,1,0,239,65,244,1,packages\fast-redact\test\index.js,1,953
1305,Identifier,test,-1,-1,-1,239,0,239,4,packages\fast-redact\test\index.js,1,954
1307,ArrowFunctionExpression,nan,-1,1,0,246,56,251,1,packages\fast-redact\test\index.js,1,955
1308,Identifier,test,-1,-1,-1,246,0,246,4,packages\fast-redact\test\index.js,1,956
1310,ArrowFunctionExpression,nan,-1,1,0,253,69,263,1,packages\fast-redact\test\index.js,1,957
1311,Identifier,test,-1,-1,-1,253,0,253,4,packages\fast-redact\test\index.js,1,958
1313,ArrowFunctionExpression,nan,-1,1,0,265,53,275,1,packages\fast-redact\test\index.js,1,959
1314,Identifier,test,-1,-1,-1,265,0,265,4,packages\fast-redact\test\index.js,1,960
1316,ArrowFunctionExpression,nan,-1,1,0,277,43,287,1,packages\fast-redact\test\index.js,1,961
1317,Identifier,test,-1,-1,-1,277,0,277,4,packages\fast-redact\test\index.js,1,962
1319,ArrowFunctionExpression,nan,-1,1,0,289,43,294,1,packages\fast-redact\test\index.js,1,963
1320,Identifier,test,-1,-1,-1,289,0,289,4,packages\fast-redact\test\index.js,1,964
1322,ArrowFunctionExpression,nan,-1,1,0,296,69,301,1,packages\fast-redact\test\index.js,1,965
1323,Identifier,test,-1,-1,-1,296,0,296,4,packages\fast-redact\test\index.js,1,966
1325,ArrowFunctionExpression,nan,-1,1,0,303,69,312,1,packages\fast-redact\test\index.js,1,967
1326,Identifier,test,-1,-1,-1,303,0,303,4,packages\fast-redact\test\index.js,1,968
1328,ArrowFunctionExpression,nan,-1,1,0,314,121,328,1,packages\fast-redact\test\index.js,1,969
1329,Identifier,test,-1,-1,-1,314,0,314,4,packages\fast-redact\test\index.js,1,970
1331,ArrowFunctionExpression,nan,-1,1,0,330,52,334,1,packages\fast-redact\test\index.js,1,971
1332,Identifier,test,-1,-1,-1,330,0,330,4,packages\fast-redact\test\index.js,1,972
1334,ArrowFunctionExpression,nan,-1,1,0,336,67,340,1,packages\fast-redact\test\index.js,1,973
1335,Identifier,test,-1,-1,-1,336,0,336,4,packages\fast-redact\test\index.js,1,974
1337,ArrowFunctionExpression,nan,-1,1,0,342,74,348,1,packages\fast-redact\test\index.js,1,975
1338,Identifier,test,-1,-1,-1,342,0,342,4,packages\fast-redact\test\index.js,1,976
1340,ArrowFunctionExpression,nan,-1,1,0,350,39,362,1,packages\fast-redact\test\index.js,1,977
1341,Identifier,test,-1,-1,-1,350,0,350,4,packages\fast-redact\test\index.js,1,978
1343,ArrowFunctionExpression,nan,-1,1,0,364,62,368,1,packages\fast-redact\test\index.js,1,979
1344,Identifier,test,-1,-1,-1,364,0,364,4,packages\fast-redact\test\index.js,1,980
1346,ArrowFunctionExpression,nan,-1,1,0,370,77,374,1,packages\fast-redact\test\index.js,1,981
1347,Identifier,test,-1,-1,-1,370,0,370,4,packages\fast-redact\test\index.js,1,982
1349,ArrowFunctionExpression,nan,-1,1,0,376,84,382,1,packages\fast-redact\test\index.js,1,983
1350,Identifier,test,-1,-1,-1,376,0,376,4,packages\fast-redact\test\index.js,1,984
1352,ArrowFunctionExpression,nan,-1,1,0,384,90,392,1,packages\fast-redact\test\index.js,1,985
1353,Identifier,test,-1,-1,-1,384,0,384,4,packages\fast-redact\test\index.js,1,986
1355,ArrowFunctionExpression,nan,-1,1,0,394,50,400,1,packages\fast-redact\test\index.js,1,987
1356,Identifier,test,-1,-1,-1,394,0,394,4,packages\fast-redact\test\index.js,1,988
1358,ArrowFunctionExpression,nan,-1,1,0,402,85,408,1,packages\fast-redact\test\index.js,1,989
1359,Identifier,test,-1,-1,-1,402,0,402,4,packages\fast-redact\test\index.js,1,990
1361,ArrowFunctionExpression,nan,-1,1,0,410,60,416,1,packages\fast-redact\test\index.js,1,991
1362,Identifier,test,-1,-1,-1,410,0,410,4,packages\fast-redact\test\index.js,1,992
1364,ArrowFunctionExpression,nan,-1,1,0,418,70,424,1,packages\fast-redact\test\index.js,1,993
1365,Identifier,test,-1,-1,-1,418,0,418,4,packages\fast-redact\test\index.js,1,994
1367,ArrowFunctionExpression,nan,-1,1,0,426,54,432,1,packages\fast-redact\test\index.js,1,995
1368,Identifier,test,-1,-1,-1,426,0,426,4,packages\fast-redact\test\index.js,1,996
1370,ArrowFunctionExpression,nan,-1,1,0,434,28,439,1,packages\fast-redact\test\index.js,1,997
1371,Identifier,test,-1,-1,-1,434,0,434,4,packages\fast-redact\test\index.js,1,998
1373,ArrowFunctionExpression,nan,-1,1,0,441,42,445,1,packages\fast-redact\test\index.js,1,999
1374,Identifier,test,-1,-1,-1,441,0,441,4,packages\fast-redact\test\index.js,1,1000
1376,ArrowFunctionExpression,nan,-1,1,0,447,51,472,1,packages\fast-redact\test\index.js,1,1001
1377,Identifier,test,-1,-1,-1,447,0,447,4,packages\fast-redact\test\index.js,1,1002
1379,ArrowFunctionExpression,nan,-1,1,0,474,51,478,1,packages\fast-redact\test\index.js,1,1003
1380,Identifier,test,-1,-1,-1,474,0,474,4,packages\fast-redact\test\index.js,1,1004
1382,ArrowFunctionExpression,nan,-1,1,0,480,66,485,1,packages\fast-redact\test\index.js,1,1005
1383,Identifier,test,-1,-1,-1,480,0,480,4,packages\fast-redact\test\index.js,1,1006
1385,ArrowFunctionExpression,nan,-1,1,0,487,66,492,1,packages\fast-redact\test\index.js,1,1007
1386,Identifier,test,-1,-1,-1,487,0,487,4,packages\fast-redact\test\index.js,1,1008
1388,ArrowFunctionExpression,nan,-1,1,0,494,68,499,1,packages\fast-redact\test\index.js,1,1009
1389,Identifier,test,-1,-1,-1,494,0,494,4,packages\fast-redact\test\index.js,1,1010
1391,ArrowFunctionExpression,nan,-1,1,0,501,50,507,1,packages\fast-redact\test\index.js,1,1011
1392,Identifier,test,-1,-1,-1,501,0,501,4,packages\fast-redact\test\index.js,1,1012
1394,ArrowFunctionExpression,nan,-1,1,0,509,40,516,1,packages\fast-redact\test\index.js,1,1013
1395,Identifier,test,-1,-1,-1,509,0,509,4,packages\fast-redact\test\index.js,1,1014
1397,ArrowFunctionExpression,nan,-1,1,0,518,35,523,1,packages\fast-redact\test\index.js,1,1015
1398,Identifier,test,-1,-1,-1,518,0,518,4,packages\fast-redact\test\index.js,1,1016
1400,ArrowFunctionExpression,nan,-1,1,0,525,48,532,1,packages\fast-redact\test\index.js,1,1017
1401,Identifier,test,-1,-1,-1,525,0,525,4,packages\fast-redact\test\index.js,1,1018
1403,ArrowFunctionExpression,nan,-1,1,0,534,57,538,1,packages\fast-redact\test\index.js,1,1019
1404,Identifier,test,-1,-1,-1,534,0,534,4,packages\fast-redact\test\index.js,1,1020
1406,ArrowFunctionExpression,nan,-1,1,0,540,40,544,1,packages\fast-redact\test\index.js,1,1021
1407,Identifier,test,-1,-1,-1,540,0,540,4,packages\fast-redact\test\index.js,1,1022
1409,ArrowFunctionExpression,nan,-1,1,0,546,52,555,1,packages\fast-redact\test\index.js,1,1023
1410,Identifier,test,-1,-1,-1,546,0,546,4,packages\fast-redact\test\index.js,1,1024
1412,ArrowFunctionExpression,nan,-1,1,0,557,76,567,1,packages\fast-redact\test\index.js,1,1025
1413,Identifier,test,-1,-1,-1,557,0,557,4,packages\fast-redact\test\index.js,1,1026
1415,ArrowFunctionExpression,nan,-1,1,0,569,26,577,1,packages\fast-redact\test\index.js,1,1027
1416,Identifier,test,-1,-1,-1,569,0,569,4,packages\fast-redact\test\index.js,1,1028
1418,ArrowFunctionExpression,nan,-1,1,0,579,39,591,1,packages\fast-redact\test\index.js,1,1029
1419,Identifier,test,-1,-1,-1,579,0,579,4,packages\fast-redact\test\index.js,1,1030
1421,ArrowFunctionExpression,nan,-1,1,0,593,60,608,1,packages\fast-redact\test\index.js,1,1031
1422,Identifier,test,-1,-1,-1,593,0,593,4,packages\fast-redact\test\index.js,1,1032
1424,ArrowFunctionExpression,nan,-1,1,0,610,39,614,1,packages\fast-redact\test\index.js,1,1033
1425,Identifier,test,-1,-1,-1,610,0,610,4,packages\fast-redact\test\index.js,1,1034
1427,ArrowFunctionExpression,nan,-1,1,0,616,37,620,1,packages\fast-redact\test\index.js,1,1035
1428,Identifier,test,-1,-1,-1,616,0,616,4,packages\fast-redact\test\index.js,1,1036
1430,ArrowFunctionExpression,nan,-1,1,0,622,48,626,1,packages\fast-redact\test\index.js,1,1037
1431,Identifier,test,-1,-1,-1,622,0,622,4,packages\fast-redact\test\index.js,1,1038
1433,ArrowFunctionExpression,nan,-1,1,0,628,46,632,1,packages\fast-redact\test\index.js,1,1039
1434,Identifier,test,-1,-1,-1,628,0,628,4,packages\fast-redact\test\index.js,1,1040
1436,ArrowFunctionExpression,nan,-1,1,0,634,54,638,1,packages\fast-redact\test\index.js,1,1041
1437,Identifier,test,-1,-1,-1,634,0,634,4,packages\fast-redact\test\index.js,1,1042
1439,ArrowFunctionExpression,nan,-1,1,0,640,56,645,1,packages\fast-redact\test\index.js,1,1043
1440,Identifier,test,-1,-1,-1,640,0,640,4,packages\fast-redact\test\index.js,1,1044
1442,ArrowFunctionExpression,nan,-1,1,0,647,78,651,1,packages\fast-redact\test\index.js,1,1045
1443,Identifier,test,-1,-1,-1,647,0,647,4,packages\fast-redact\test\index.js,1,1046
1445,ArrowFunctionExpression,nan,-1,1,0,653,97,663,1,packages\fast-redact\test\index.js,1,1047
1446,Identifier,test,-1,-1,-1,653,0,653,4,packages\fast-redact\test\index.js,1,1048
1448,ArrowFunctionExpression,nan,-1,1,0,665,49,673,1,packages\fast-redact\test\index.js,1,1049
1449,Identifier,test,-1,-1,-1,665,0,665,4,packages\fast-redact\test\index.js,1,1050
1451,ArrowFunctionExpression,nan,-1,1,0,675,62,687,1,packages\fast-redact\test\index.js,1,1051
1452,Identifier,test,-1,-1,-1,675,0,675,4,packages\fast-redact\test\index.js,1,1052
1454,ArrowFunctionExpression,nan,-1,1,0,689,68,701,1,packages\fast-redact\test\index.js,1,1053
1455,Identifier,test,-1,-1,-1,689,0,689,4,packages\fast-redact\test\index.js,1,1054
1457,ArrowFunctionExpression,nan,-1,1,0,703,83,718,1,packages\fast-redact\test\index.js,1,1055
1458,Identifier,test,-1,-1,-1,703,0,703,4,packages\fast-redact\test\index.js,1,1056
1460,ArrowFunctionExpression,nan,-1,1,0,720,27,731,1,packages\fast-redact\test\index.js,1,1057
1461,Identifier,test,-1,-1,-1,720,0,720,4,packages\fast-redact\test\index.js,1,1058
1463,ArrowFunctionExpression,nan,-1,1,0,733,33,752,1,packages\fast-redact\test\index.js,1,1059
1464,Identifier,test,-1,-1,-1,733,0,733,4,packages\fast-redact\test\index.js,1,1060
1466,ArrowFunctionExpression,nan,-1,1,0,754,43,762,1,packages\fast-redact\test\index.js,1,1061
1467,Identifier,test,-1,-1,-1,754,0,754,4,packages\fast-redact\test\index.js,1,1062
1469,ArrowFunctionExpression,nan,-1,1,0,764,46,772,1,packages\fast-redact\test\index.js,1,1063
1470,Identifier,test,-1,-1,-1,764,0,764,4,packages\fast-redact\test\index.js,1,1064
1472,ArrowFunctionExpression,nan,-1,1,0,774,55,783,1,packages\fast-redact\test\index.js,1,1065
1473,Identifier,test,-1,-1,-1,774,0,774,4,packages\fast-redact\test\index.js,1,1066
1475,ArrowFunctionExpression,nan,-1,1,0,785,56,799,1,packages\fast-redact\test\index.js,1,1067
1476,Identifier,test,-1,-1,-1,785,0,785,4,packages\fast-redact\test\index.js,1,1068
1478,ArrowFunctionExpression,nan,-1,1,0,801,47,809,1,packages\fast-redact\test\index.js,1,1069
1479,Identifier,test,-1,-1,-1,801,0,801,4,packages\fast-redact\test\index.js,1,1070
1481,ArrowFunctionExpression,nan,-1,1,0,811,30,824,1,packages\fast-redact\test\index.js,1,1071
1482,Identifier,test,-1,-1,-1,811,0,811,4,packages\fast-redact\test\index.js,1,1072
1484,ArrowFunctionExpression,nan,-1,1,0,826,59,840,1,packages\fast-redact\test\index.js,1,1073
1485,Identifier,test,-1,-1,-1,826,0,826,4,packages\fast-redact\test\index.js,1,1074
1487,ArrowFunctionExpression,nan,-1,1,0,842,56,851,1,packages\fast-redact\test\index.js,1,1075
1488,Identifier,test,-1,-1,-1,842,0,842,4,packages\fast-redact\test\index.js,1,1076
1490,ArrowFunctionExpression,nan,-1,1,0,853,32,861,1,packages\fast-redact\test\index.js,1,1077
1491,Identifier,test,-1,-1,-1,853,0,853,4,packages\fast-redact\test\index.js,1,1078
1493,ArrowFunctionExpression,nan,-1,1,0,863,27,895,1,packages\fast-redact\test\index.js,1,1079
1494,Identifier,test,-1,-1,-1,863,0,863,4,packages\fast-redact\test\index.js,1,1080
1496,ArrowFunctionExpression,nan,-1,1,0,897,45,918,1,packages\fast-redact\test\index.js,1,1081
1497,Identifier,test,-1,-1,-1,897,0,897,4,packages\fast-redact\test\index.js,1,1082
1499,ArrowFunctionExpression,nan,-1,1,0,920,31,937,1,packages\fast-redact\test\index.js,1,1083
1500,Identifier,test,-1,-1,-1,920,0,920,4,packages\fast-redact\test\index.js,1,1084
1502,ArrowFunctionExpression,nan,-1,1,0,939,50,961,1,packages\fast-redact\test\index.js,1,1085
1503,Identifier,test,-1,-1,-1,939,0,939,4,packages\fast-redact\test\index.js,1,1086
1505,ArrowFunctionExpression,nan,-1,1,0,963,52,967,1,packages\fast-redact\test\index.js,1,1087
1506,Identifier,test,-1,-1,-1,963,0,963,4,packages\fast-redact\test\index.js,1,1088
1508,ArrowFunctionExpression,nan,-1,1,0,969,54,974,1,packages\fast-redact\test\index.js,1,1089
1509,Identifier,test,-1,-1,-1,969,0,969,4,packages\fast-redact\test\index.js,1,1090
1511,ArrowFunctionExpression,nan,-1,1,0,976,76,980,1,packages\fast-redact\test\index.js,1,1091
1512,Identifier,test,-1,-1,-1,976,0,976,4,packages\fast-redact\test\index.js,1,1092
1514,ArrowFunctionExpression,nan,-1,1,0,982,95,992,1,packages\fast-redact\test\index.js,1,1093
1515,Identifier,test,-1,-1,-1,982,0,982,4,packages\fast-redact\test\index.js,1,1094
1517,ArrowFunctionExpression,nan,-1,1,0,994,47,1002,1,packages\fast-redact\test\index.js,1,1095
1518,Identifier,test,-1,-1,-1,994,0,994,4,packages\fast-redact\test\index.js,1,1096
1520,ArrowFunctionExpression,nan,-1,1,0,1004,60,1017,1,packages\fast-redact\test\index.js,1,1097
1521,Identifier,test,-1,-1,-1,1004,0,1004,4,packages\fast-redact\test\index.js,1,1098
1523,ArrowFunctionExpression,nan,-1,1,0,1019,81,1034,1,packages\fast-redact\test\index.js,1,1099
1524,Identifier,test,-1,-1,-1,1019,0,1019,4,packages\fast-redact\test\index.js,1,1100
1526,ArrowFunctionExpression,nan,-1,1,0,1036,51,1041,1,packages\fast-redact\test\index.js,1,1101
1527,Identifier,test,-1,-1,-1,1036,0,1036,4,packages\fast-redact\test\index.js,1,1102
1529,ArrowFunctionExpression,nan,-1,1,0,1043,53,1048,1,packages\fast-redact\test\index.js,1,1103
1530,Identifier,test,-1,-1,-1,1043,0,1043,4,packages\fast-redact\test\index.js,1,1104
1532,ArrowFunctionExpression,nan,-1,1,0,1050,107,1055,1,packages\fast-redact\test\index.js,1,1105
1533,Identifier,test,-1,-1,-1,1050,0,1050,4,packages\fast-redact\test\index.js,1,1106
1535,ArrowFunctionExpression,nan,-1,1,0,1057,109,1062,1,packages\fast-redact\test\index.js,1,1107
1536,Identifier,test,-1,-1,-1,1057,0,1057,4,packages\fast-redact\test\index.js,1,1108
1538,ArrowFunctionExpression,nan,-1,1,0,1064,42,1069,1,packages\fast-redact\test\index.js,1,1109
1539,Identifier,test,-1,-1,-1,1064,0,1064,4,packages\fast-redact\test\index.js,1,1110
1541,ArrowFunctionExpression,nan,-1,1,0,1071,82,1076,1,packages\fast-redact\test\index.js,1,1111
1542,Identifier,test,-1,-1,-1,1071,0,1071,4,packages\fast-redact\test\index.js,1,1112
1544,ArrowFunctionExpression,nan,-1,1,0,1078,40,1083,1,packages\fast-redact\test\index.js,1,1113
1545,Identifier,test,-1,-1,-1,1078,0,1078,4,packages\fast-redact\test\index.js,1,1114
1547,ArrowFunctionExpression,nan,-1,1,0,1085,80,1090,1,packages\fast-redact\test\index.js,1,1115
1548,Identifier,test,-1,-1,-1,1085,0,1085,4,packages\fast-redact\test\index.js,1,1116
1550,ArrowFunctionExpression,nan,-1,1,0,1092,102,1107,1,packages\fast-redact\test\index.js,1,1117
1551,Identifier,test,-1,-1,-1,1092,0,1092,4,packages\fast-redact\test\index.js,1,1118
1553,ArrowFunctionExpression,nan,-1,1,0,1109,100,1124,1,packages\fast-redact\test\index.js,1,1119
1554,Identifier,test,-1,-1,-1,1109,0,1109,4,packages\fast-redact\test\index.js,1,1120
1556,ArrowFunctionExpression,nan,-1,1,0,1126,72,1131,1,packages\fast-redact\test\index.js,1,1121
1557,Identifier,test,-1,-1,-1,1126,0,1126,4,packages\fast-redact\test\index.js,1,1122
1559,ArrowFunctionExpression,nan,-1,1,0,1133,52,1152,1,packages\fast-redact\test\index.js,1,1123
1560,Identifier,test,-1,-1,-1,1133,0,1133,4,packages\fast-redact\test\index.js,1,1124
1562,ArrowFunctionExpression,nan,-1,1,0,1154,77,1160,1,packages\fast-redact\test\index.js,1,1125
1563,Identifier,test,-1,-1,-1,1154,0,1154,4,packages\fast-redact\test\index.js,1,1126
1565,ArrowFunctionExpression,nan,-1,1,0,1162,89,1169,1,packages\fast-redact\test\index.js,1,1127
1566,Identifier,test,-1,-1,-1,1162,0,1162,4,packages\fast-redact\test\index.js,1,1128
1568,ArrowFunctionExpression,nan,-1,1,0,1171,70,1184,1,packages\fast-redact\test\index.js,1,1129
1569,Identifier,test,-1,-1,-1,1171,0,1171,4,packages\fast-redact\test\index.js,1,1130
1571,ArrowFunctionExpression,nan,-1,1,0,1186,60,1201,1,packages\fast-redact\test\index.js,1,1131
1572,Identifier,test,-1,-1,-1,1186,0,1186,4,packages\fast-redact\test\index.js,1,1132
1574,ArrowFunctionExpression,nan,-1,1,0,1203,53,1208,1,packages\fast-redact\test\index.js,1,1133
1575,Identifier,test,-1,-1,-1,1203,0,1203,4,packages\fast-redact\test\index.js,1,1134
1577,ArrowFunctionExpression,nan,-1,1,0,1210,59,1222,1,packages\fast-redact\test\index.js,1,1135
1578,Identifier,test,-1,-1,-1,1210,0,1210,4,packages\fast-redact\test\index.js,1,1136
1580,ArrowFunctionExpression,nan,-1,1,0,1224,50,1230,1,packages\fast-redact\test\index.js,1,1137
1581,Identifier,test,-1,-1,-1,1224,0,1224,4,packages\fast-redact\test\index.js,1,1138
1583,ArrowFunctionExpression,nan,-1,1,0,1232,31,1244,1,packages\fast-redact\test\index.js,1,1139
1584,Identifier,test,-1,-1,-1,1232,0,1232,4,packages\fast-redact\test\index.js,1,1140
1586,ArrowFunctionExpression,nan,-1,1,0,1246,46,1255,1,packages\fast-redact\test\index.js,1,1141
1587,Identifier,test,-1,-1,-1,1246,0,1246,4,packages\fast-redact\test\index.js,1,1142
1589,ArrowFunctionExpression,nan,-1,1,0,1257,63,1269,1,packages\fast-redact\test\index.js,1,1143
1590,Identifier,test,-1,-1,-1,1257,0,1257,4,packages\fast-redact\test\index.js,1,1144
1592,ArrowFunctionExpression,nan,-1,1,0,1271,68,1282,1,packages\fast-redact\test\index.js,1,1145
1593,Identifier,test,-1,-1,-1,1271,0,1271,4,packages\fast-redact\test\index.js,1,1146
1595,ArrowFunctionExpression,nan,-1,1,0,1284,62,1293,1,packages\fast-redact\test\index.js,1,1147
1596,Identifier,test,-1,-1,-1,1284,0,1284,4,packages\fast-redact\test\index.js,1,1148
1598,ArrowFunctionExpression,nan,-1,1,0,1295,56,1306,1,packages\fast-redact\test\index.js,1,1149
1599,Identifier,test,-1,-1,-1,1295,0,1295,4,packages\fast-redact\test\index.js,1,1150
1601,ArrowFunctionExpression,nan,-1,1,0,1308,57,1322,1,packages\fast-redact\test\index.js,1,1151
1602,Identifier,test,-1,-1,-1,1308,0,1308,4,packages\fast-redact\test\index.js,1,1152
1604,ArrowFunctionExpression,nan,-1,1,0,1324,45,1346,1,packages\fast-redact\test\index.js,1,1153
1605,Identifier,test,-1,-1,-1,1324,0,1324,4,packages\fast-redact\test\index.js,1,1154
1607,ArrowFunctionExpression,nan,-1,1,0,1348,60,1370,1,packages\fast-redact\test\index.js,1,1155
1608,Identifier,test,-1,-1,-1,1348,0,1348,4,packages\fast-redact\test\index.js,1,1156
1610,ArrowFunctionExpression,nan,-1,1,0,1372,66,1385,1,packages\fast-redact\test\index.js,1,1157
1611,Identifier,test,-1,-1,-1,1372,0,1372,4,packages\fast-redact\test\index.js,1,1158
1613,ArrowFunctionExpression,nan,-1,1,0,1387,81,1400,1,packages\fast-redact\test\index.js,1,1159
1614,Identifier,test,-1,-1,-1,1387,0,1387,4,packages\fast-redact\test\index.js,1,1160
1616,ArrowFunctionExpression,nan,-1,1,0,1402,40,1419,1,packages\fast-redact\test\index.js,1,1161
1617,Identifier,test,-1,-1,-1,1402,0,1402,4,packages\fast-redact\test\index.js,1,1162
1619,ArrowFunctionExpression,nan,-1,1,0,1421,46,1488,1,packages\fast-redact\test\index.js,1,1163
1620,Identifier,test,-1,-1,-1,1421,0,1421,4,packages\fast-redact\test\index.js,1,1164
1622,ArrowFunctionExpression,nan,-1,1,0,1490,39,1502,1,packages\fast-redact\test\index.js,1,1165
1623,Identifier,test,-1,-1,-1,1490,0,1490,4,packages\fast-redact\test\index.js,1,1166
1624,ObjectPattern,nan,-1,-1,-1,10,63,10,84,packages\fast-redact\test\index.js,1,1167
1626,BlockStatement,nan,-1,-1,-1,10,89,18,1,packages\fast-redact\test\index.js,1,1168
1627,ObjectPattern,nan,-1,-1,-1,20,70,20,81,packages\fast-redact\test\index.js,1,1169
1629,BlockStatement,nan,-1,-1,-1,20,86,24,1,packages\fast-redact\test\index.js,1,1170
1630,ObjectPattern,nan,-1,-1,-1,26,54,26,69,packages\fast-redact\test\index.js,1,1171
1632,BlockStatement,nan,-1,-1,-1,26,74,30,1,packages\fast-redact\test\index.js,1,1172
1633,ObjectPattern,nan,-1,-1,-1,32,67,32,82,packages\fast-redact\test\index.js,1,1173
1635,BlockStatement,nan,-1,-1,-1,32,87,36,1,packages\fast-redact\test\index.js,1,1174
1636,ObjectPattern,nan,-1,-1,-1,38,109,38,134,packages\fast-redact\test\index.js,1,1175
1638,BlockStatement,nan,-1,-1,-1,38,139,53,1,packages\fast-redact\test\index.js,1,1176
1639,ObjectPattern,nan,-1,-1,-1,55,101,55,126,packages\fast-redact\test\index.js,1,1177
1641,BlockStatement,nan,-1,-1,-1,55,131,72,1,packages\fast-redact\test\index.js,1,1178
1642,ObjectPattern,nan,-1,-1,-1,74,95,74,120,packages\fast-redact\test\index.js,1,1179
1644,BlockStatement,nan,-1,-1,-1,74,125,90,1,packages\fast-redact\test\index.js,1,1180
1645,ObjectPattern,nan,-1,-1,-1,92,71,92,104,packages\fast-redact\test\index.js,1,1181
1647,BlockStatement,nan,-1,-1,-1,92,109,108,1,packages\fast-redact\test\index.js,1,1182
1648,ObjectPattern,nan,-1,-1,-1,110,67,110,86,packages\fast-redact\test\index.js,1,1183
1650,BlockStatement,nan,-1,-1,-1,110,91,119,1,packages\fast-redact\test\index.js,1,1184
1651,ObjectPattern,nan,-1,-1,-1,121,42,121,57,packages\fast-redact\test\index.js,1,1185
1653,BlockStatement,nan,-1,-1,-1,121,62,139,1,packages\fast-redact\test\index.js,1,1186
1654,ObjectPattern,nan,-1,-1,-1,141,42,141,57,packages\fast-redact\test\index.js,1,1187
1656,BlockStatement,nan,-1,-1,-1,141,62,237,1,packages\fast-redact\test\index.js,1,1188
1657,ObjectPattern,nan,-1,-1,-1,239,66,239,81,packages\fast-redact\test\index.js,1,1189
1659,BlockStatement,nan,-1,-1,-1,239,86,244,1,packages\fast-redact\test\index.js,1,1190
1660,ObjectPattern,nan,-1,-1,-1,246,57,246,72,packages\fast-redact\test\index.js,1,1191
1662,BlockStatement,nan,-1,-1,-1,246,77,251,1,packages\fast-redact\test\index.js,1,1192
1663,ObjectPattern,nan,-1,-1,-1,253,70,253,89,packages\fast-redact\test\index.js,1,1193
1665,BlockStatement,nan,-1,-1,-1,253,94,263,1,packages\fast-redact\test\index.js,1,1194
1666,ObjectPattern,nan,-1,-1,-1,265,54,265,73,packages\fast-redact\test\index.js,1,1195
1668,BlockStatement,nan,-1,-1,-1,265,78,275,1,packages\fast-redact\test\index.js,1,1196
1669,ObjectPattern,nan,-1,-1,-1,277,44,277,63,packages\fast-redact\test\index.js,1,1197
1671,BlockStatement,nan,-1,-1,-1,277,68,287,1,packages\fast-redact\test\index.js,1,1198
1672,ObjectPattern,nan,-1,-1,-1,289,44,289,55,packages\fast-redact\test\index.js,1,1199
1674,BlockStatement,nan,-1,-1,-1,289,60,294,1,packages\fast-redact\test\index.js,1,1200
1675,ObjectPattern,nan,-1,-1,-1,296,70,296,81,packages\fast-redact\test\index.js,1,1201
1677,BlockStatement,nan,-1,-1,-1,296,86,301,1,packages\fast-redact\test\index.js,1,1202
1678,ObjectPattern,nan,-1,-1,-1,303,70,303,81,packages\fast-redact\test\index.js,1,1203
1680,BlockStatement,nan,-1,-1,-1,303,86,312,1,packages\fast-redact\test\index.js,1,1204
1681,ObjectPattern,nan,-1,-1,-1,314,122,314,133,packages\fast-redact\test\index.js,1,1205
1683,BlockStatement,nan,-1,-1,-1,314,138,328,1,packages\fast-redact\test\index.js,1,1206
1684,ObjectPattern,nan,-1,-1,-1,330,53,330,64,packages\fast-redact\test\index.js,1,1207
1686,BlockStatement,nan,-1,-1,-1,330,69,334,1,packages\fast-redact\test\index.js,1,1208
1687,ObjectPattern,nan,-1,-1,-1,336,68,336,79,packages\fast-redact\test\index.js,1,1209
1689,BlockStatement,nan,-1,-1,-1,336,84,340,1,packages\fast-redact\test\index.js,1,1210
1690,ObjectPattern,nan,-1,-1,-1,342,75,342,86,packages\fast-redact\test\index.js,1,1211
1692,BlockStatement,nan,-1,-1,-1,342,91,348,1,packages\fast-redact\test\index.js,1,1212
1693,ObjectPattern,nan,-1,-1,-1,350,40,350,57,packages\fast-redact\test\index.js,1,1213
1695,BlockStatement,nan,-1,-1,-1,350,62,362,1,packages\fast-redact\test\index.js,1,1214
1696,ObjectPattern,nan,-1,-1,-1,364,63,364,74,packages\fast-redact\test\index.js,1,1215
1698,BlockStatement,nan,-1,-1,-1,364,79,368,1,packages\fast-redact\test\index.js,1,1216
1699,ObjectPattern,nan,-1,-1,-1,370,78,370,89,packages\fast-redact\test\index.js,1,1217
1701,BlockStatement,nan,-1,-1,-1,370,94,374,1,packages\fast-redact\test\index.js,1,1218
1702,ObjectPattern,nan,-1,-1,-1,376,85,376,96,packages\fast-redact\test\index.js,1,1219
1704,BlockStatement,nan,-1,-1,-1,376,101,382,1,packages\fast-redact\test\index.js,1,1220
1705,ObjectPattern,nan,-1,-1,-1,384,91,384,102,packages\fast-redact\test\index.js,1,1221
1707,BlockStatement,nan,-1,-1,-1,384,107,392,1,packages\fast-redact\test\index.js,1,1222
1708,ObjectPattern,nan,-1,-1,-1,394,51,394,62,packages\fast-redact\test\index.js,1,1223
1710,BlockStatement,nan,-1,-1,-1,394,67,400,1,packages\fast-redact\test\index.js,1,1224
1711,ObjectPattern,nan,-1,-1,-1,402,86,402,97,packages\fast-redact\test\index.js,1,1225
1713,BlockStatement,nan,-1,-1,-1,402,102,408,1,packages\fast-redact\test\index.js,1,1226
1714,ObjectPattern,nan,-1,-1,-1,410,61,410,72,packages\fast-redact\test\index.js,1,1227
1716,BlockStatement,nan,-1,-1,-1,410,77,416,1,packages\fast-redact\test\index.js,1,1228
1717,ObjectPattern,nan,-1,-1,-1,418,71,418,82,packages\fast-redact\test\index.js,1,1229
1719,BlockStatement,nan,-1,-1,-1,418,87,424,1,packages\fast-redact\test\index.js,1,1230
1720,ObjectPattern,nan,-1,-1,-1,426,55,426,66,packages\fast-redact\test\index.js,1,1231
1722,BlockStatement,nan,-1,-1,-1,426,71,432,1,packages\fast-redact\test\index.js,1,1232
1723,ObjectPattern,nan,-1,-1,-1,434,29,434,40,packages\fast-redact\test\index.js,1,1233
1725,BlockStatement,nan,-1,-1,-1,434,45,439,1,packages\fast-redact\test\index.js,1,1234
1726,ObjectPattern,nan,-1,-1,-1,441,43,441,56,packages\fast-redact\test\index.js,1,1235
1728,BlockStatement,nan,-1,-1,-1,441,61,445,1,packages\fast-redact\test\index.js,1,1236
1729,ObjectPattern,nan,-1,-1,-1,447,52,447,65,packages\fast-redact\test\index.js,1,1237
1731,BlockStatement,nan,-1,-1,-1,447,70,472,1,packages\fast-redact\test\index.js,1,1238
1732,ObjectPattern,nan,-1,-1,-1,474,52,474,65,packages\fast-redact\test\index.js,1,1239
1734,BlockStatement,nan,-1,-1,-1,474,70,478,1,packages\fast-redact\test\index.js,1,1240
1735,ObjectPattern,nan,-1,-1,-1,480,67,480,78,packages\fast-redact\test\index.js,1,1241
1737,BlockStatement,nan,-1,-1,-1,480,83,485,1,packages\fast-redact\test\index.js,1,1242
1738,ObjectPattern,nan,-1,-1,-1,487,67,487,78,packages\fast-redact\test\index.js,1,1243
1740,BlockStatement,nan,-1,-1,-1,487,83,492,1,packages\fast-redact\test\index.js,1,1244
1741,ObjectPattern,nan,-1,-1,-1,494,69,494,80,packages\fast-redact\test\index.js,1,1245
1743,BlockStatement,nan,-1,-1,-1,494,85,499,1,packages\fast-redact\test\index.js,1,1246
1744,ObjectPattern,nan,-1,-1,-1,501,51,501,62,packages\fast-redact\test\index.js,1,1247
1746,BlockStatement,nan,-1,-1,-1,501,67,507,1,packages\fast-redact\test\index.js,1,1248
1747,ObjectPattern,nan,-1,-1,-1,509,41,509,52,packages\fast-redact\test\index.js,1,1249
1749,BlockStatement,nan,-1,-1,-1,509,57,516,1,packages\fast-redact\test\index.js,1,1250
1750,ObjectPattern,nan,-1,-1,-1,518,36,518,47,packages\fast-redact\test\index.js,1,1251
1752,BlockStatement,nan,-1,-1,-1,518,52,523,1,packages\fast-redact\test\index.js,1,1252
1753,ObjectPattern,nan,-1,-1,-1,525,49,525,60,packages\fast-redact\test\index.js,1,1253
1755,BlockStatement,nan,-1,-1,-1,525,65,532,1,packages\fast-redact\test\index.js,1,1254
1756,ObjectPattern,nan,-1,-1,-1,534,58,534,71,packages\fast-redact\test\index.js,1,1255
1758,BlockStatement,nan,-1,-1,-1,534,76,538,1,packages\fast-redact\test\index.js,1,1256
1759,ObjectPattern,nan,-1,-1,-1,540,41,540,54,packages\fast-redact\test\index.js,1,1257
1761,BlockStatement,nan,-1,-1,-1,540,59,544,1,packages\fast-redact\test\index.js,1,1258
1762,ObjectPattern,nan,-1,-1,-1,546,53,546,74,packages\fast-redact\test\index.js,1,1259
1764,BlockStatement,nan,-1,-1,-1,546,79,555,1,packages\fast-redact\test\index.js,1,1260
1765,ObjectPattern,nan,-1,-1,-1,557,77,557,90,packages\fast-redact\test\index.js,1,1261
1767,BlockStatement,nan,-1,-1,-1,557,95,567,1,packages\fast-redact\test\index.js,1,1262
1768,ObjectPattern,nan,-1,-1,-1,569,27,569,44,packages\fast-redact\test\index.js,1,1263
1770,BlockStatement,nan,-1,-1,-1,569,49,577,1,packages\fast-redact\test\index.js,1,1264
1771,ObjectPattern,nan,-1,-1,-1,579,40,579,57,packages\fast-redact\test\index.js,1,1265
1773,BlockStatement,nan,-1,-1,-1,579,62,591,1,packages\fast-redact\test\index.js,1,1266
1774,ObjectPattern,nan,-1,-1,-1,593,61,593,78,packages\fast-redact\test\index.js,1,1267
1776,BlockStatement,nan,-1,-1,-1,593,83,608,1,packages\fast-redact\test\index.js,1,1268
1777,ObjectPattern,nan,-1,-1,-1,610,40,610,53,packages\fast-redact\test\index.js,1,1269
1779,BlockStatement,nan,-1,-1,-1,610,58,614,1,packages\fast-redact\test\index.js,1,1270
1780,ObjectPattern,nan,-1,-1,-1,616,38,616,51,packages\fast-redact\test\index.js,1,1271
1782,BlockStatement,nan,-1,-1,-1,616,56,620,1,packages\fast-redact\test\index.js,1,1272
1783,ObjectPattern,nan,-1,-1,-1,622,49,622,62,packages\fast-redact\test\index.js,1,1273
1785,BlockStatement,nan,-1,-1,-1,622,67,626,1,packages\fast-redact\test\index.js,1,1274
1786,ObjectPattern,nan,-1,-1,-1,628,47,628,60,packages\fast-redact\test\index.js,1,1275
1788,BlockStatement,nan,-1,-1,-1,628,65,632,1,packages\fast-redact\test\index.js,1,1276
1789,ObjectPattern,nan,-1,-1,-1,634,55,634,68,packages\fast-redact\test\index.js,1,1277
1791,BlockStatement,nan,-1,-1,-1,634,73,638,1,packages\fast-redact\test\index.js,1,1278
1792,ObjectPattern,nan,-1,-1,-1,640,57,640,68,packages\fast-redact\test\index.js,1,1279
1794,BlockStatement,nan,-1,-1,-1,640,73,645,1,packages\fast-redact\test\index.js,1,1280
1795,ObjectPattern,nan,-1,-1,-1,647,79,647,92,packages\fast-redact\test\index.js,1,1281
1797,BlockStatement,nan,-1,-1,-1,647,97,651,1,packages\fast-redact\test\index.js,1,1282
1798,ObjectPattern,nan,-1,-1,-1,653,98,653,111,packages\fast-redact\test\index.js,1,1283
1800,BlockStatement,nan,-1,-1,-1,653,116,663,1,packages\fast-redact\test\index.js,1,1284
1801,ObjectPattern,nan,-1,-1,-1,665,50,665,67,packages\fast-redact\test\index.js,1,1285
1803,BlockStatement,nan,-1,-1,-1,665,72,673,1,packages\fast-redact\test\index.js,1,1286
1804,ObjectPattern,nan,-1,-1,-1,675,63,675,74,packages\fast-redact\test\index.js,1,1287
1806,BlockStatement,nan,-1,-1,-1,675,79,687,1,packages\fast-redact\test\index.js,1,1288
1807,ObjectPattern,nan,-1,-1,-1,689,69,689,86,packages\fast-redact\test\index.js,1,1289
1809,BlockStatement,nan,-1,-1,-1,689,91,701,1,packages\fast-redact\test\index.js,1,1290
1810,ObjectPattern,nan,-1,-1,-1,703,84,703,95,packages\fast-redact\test\index.js,1,1291
1812,BlockStatement,nan,-1,-1,-1,703,100,718,1,packages\fast-redact\test\index.js,1,1292
1813,ObjectPattern,nan,-1,-1,-1,720,28,720,39,packages\fast-redact\test\index.js,1,1293
1815,BlockStatement,nan,-1,-1,-1,720,44,731,1,packages\fast-redact\test\index.js,1,1294
1816,ObjectPattern,nan,-1,-1,-1,733,34,733,45,packages\fast-redact\test\index.js,1,1295
1818,BlockStatement,nan,-1,-1,-1,733,50,752,1,packages\fast-redact\test\index.js,1,1296
1819,ObjectPattern,nan,-1,-1,-1,754,44,754,55,packages\fast-redact\test\index.js,1,1297
1821,BlockStatement,nan,-1,-1,-1,754,60,762,1,packages\fast-redact\test\index.js,1,1298
1822,ObjectPattern,nan,-1,-1,-1,764,47,764,58,packages\fast-redact\test\index.js,1,1299
1824,BlockStatement,nan,-1,-1,-1,764,63,772,1,packages\fast-redact\test\index.js,1,1300
1825,ObjectPattern,nan,-1,-1,-1,774,56,774,67,packages\fast-redact\test\index.js,1,1301
1827,BlockStatement,nan,-1,-1,-1,774,72,783,1,packages\fast-redact\test\index.js,1,1302
1828,ObjectPattern,nan,-1,-1,-1,785,57,785,68,packages\fast-redact\test\index.js,1,1303
1830,BlockStatement,nan,-1,-1,-1,785,73,799,1,packages\fast-redact\test\index.js,1,1304
1831,ObjectPattern,nan,-1,-1,-1,801,48,801,59,packages\fast-redact\test\index.js,1,1305
1833,BlockStatement,nan,-1,-1,-1,801,64,809,1,packages\fast-redact\test\index.js,1,1306
1834,ObjectPattern,nan,-1,-1,-1,811,31,811,42,packages\fast-redact\test\index.js,1,1307
1836,BlockStatement,nan,-1,-1,-1,811,47,824,1,packages\fast-redact\test\index.js,1,1308
1837,ObjectPattern,nan,-1,-1,-1,826,60,826,71,packages\fast-redact\test\index.js,1,1309
1839,BlockStatement,nan,-1,-1,-1,826,76,840,1,packages\fast-redact\test\index.js,1,1310
1840,ObjectPattern,nan,-1,-1,-1,842,57,842,68,packages\fast-redact\test\index.js,1,1311
1842,BlockStatement,nan,-1,-1,-1,842,73,851,1,packages\fast-redact\test\index.js,1,1312
1843,ObjectPattern,nan,-1,-1,-1,853,33,853,44,packages\fast-redact\test\index.js,1,1313
1845,BlockStatement,nan,-1,-1,-1,853,49,861,1,packages\fast-redact\test\index.js,1,1314
1846,ObjectPattern,nan,-1,-1,-1,863,28,863,39,packages\fast-redact\test\index.js,1,1315
1848,BlockStatement,nan,-1,-1,-1,863,44,895,1,packages\fast-redact\test\index.js,1,1316
1849,ObjectPattern,nan,-1,-1,-1,897,46,897,57,packages\fast-redact\test\index.js,1,1317
1851,BlockStatement,nan,-1,-1,-1,897,62,918,1,packages\fast-redact\test\index.js,1,1318
1852,ObjectPattern,nan,-1,-1,-1,920,32,920,49,packages\fast-redact\test\index.js,1,1319
1854,BlockStatement,nan,-1,-1,-1,920,54,937,1,packages\fast-redact\test\index.js,1,1320
1855,ObjectPattern,nan,-1,-1,-1,939,51,939,62,packages\fast-redact\test\index.js,1,1321
1857,BlockStatement,nan,-1,-1,-1,939,67,961,1,packages\fast-redact\test\index.js,1,1322
1858,ObjectPattern,nan,-1,-1,-1,963,53,963,66,packages\fast-redact\test\index.js,1,1323
1860,BlockStatement,nan,-1,-1,-1,963,71,967,1,packages\fast-redact\test\index.js,1,1324
1861,ObjectPattern,nan,-1,-1,-1,969,55,969,66,packages\fast-redact\test\index.js,1,1325
1863,BlockStatement,nan,-1,-1,-1,969,71,974,1,packages\fast-redact\test\index.js,1,1326
1864,ObjectPattern,nan,-1,-1,-1,976,77,976,90,packages\fast-redact\test\index.js,1,1327
1866,BlockStatement,nan,-1,-1,-1,976,95,980,1,packages\fast-redact\test\index.js,1,1328
1867,ObjectPattern,nan,-1,-1,-1,982,96,982,109,packages\fast-redact\test\index.js,1,1329
1869,BlockStatement,nan,-1,-1,-1,982,114,992,1,packages\fast-redact\test\index.js,1,1330
1870,ObjectPattern,nan,-1,-1,-1,994,48,994,61,packages\fast-redact\test\index.js,1,1331
1872,BlockStatement,nan,-1,-1,-1,994,66,1002,1,packages\fast-redact\test\index.js,1,1332
1873,ObjectPattern,nan,-1,-1,-1,1004,61,1004,72,packages\fast-redact\test\index.js,1,1333
1875,BlockStatement,nan,-1,-1,-1,1004,77,1017,1,packages\fast-redact\test\index.js,1,1334
1876,ObjectPattern,nan,-1,-1,-1,1019,82,1019,93,packages\fast-redact\test\index.js,1,1335
1878,BlockStatement,nan,-1,-1,-1,1019,98,1034,1,packages\fast-redact\test\index.js,1,1336
1879,ObjectPattern,nan,-1,-1,-1,1036,52,1036,63,packages\fast-redact\test\index.js,1,1337
1881,BlockStatement,nan,-1,-1,-1,1036,68,1041,1,packages\fast-redact\test\index.js,1,1338
1882,ObjectPattern,nan,-1,-1,-1,1043,54,1043,65,packages\fast-redact\test\index.js,1,1339
1884,BlockStatement,nan,-1,-1,-1,1043,70,1048,1,packages\fast-redact\test\index.js,1,1340
1885,ObjectPattern,nan,-1,-1,-1,1050,108,1050,119,packages\fast-redact\test\index.js,1,1341
1887,BlockStatement,nan,-1,-1,-1,1050,124,1055,1,packages\fast-redact\test\index.js,1,1342
1888,ObjectPattern,nan,-1,-1,-1,1057,110,1057,121,packages\fast-redact\test\index.js,1,1343
1890,BlockStatement,nan,-1,-1,-1,1057,126,1062,1,packages\fast-redact\test\index.js,1,1344
1891,ObjectPattern,nan,-1,-1,-1,1064,43,1064,54,packages\fast-redact\test\index.js,1,1345
1893,BlockStatement,nan,-1,-1,-1,1064,59,1069,1,packages\fast-redact\test\index.js,1,1346
1894,ObjectPattern,nan,-1,-1,-1,1071,83,1071,94,packages\fast-redact\test\index.js,1,1347
1896,BlockStatement,nan,-1,-1,-1,1071,99,1076,1,packages\fast-redact\test\index.js,1,1348
1897,ObjectPattern,nan,-1,-1,-1,1078,41,1078,52,packages\fast-redact\test\index.js,1,1349
1899,BlockStatement,nan,-1,-1,-1,1078,57,1083,1,packages\fast-redact\test\index.js,1,1350
1900,ObjectPattern,nan,-1,-1,-1,1085,81,1085,92,packages\fast-redact\test\index.js,1,1351
1902,BlockStatement,nan,-1,-1,-1,1085,97,1090,1,packages\fast-redact\test\index.js,1,1352
1903,ObjectPattern,nan,-1,-1,-1,1092,103,1092,114,packages\fast-redact\test\index.js,1,1353
1905,BlockStatement,nan,-1,-1,-1,1092,119,1107,1,packages\fast-redact\test\index.js,1,1354
1906,ObjectPattern,nan,-1,-1,-1,1109,101,1109,112,packages\fast-redact\test\index.js,1,1355
1908,BlockStatement,nan,-1,-1,-1,1109,117,1124,1,packages\fast-redact\test\index.js,1,1356
1909,ObjectPattern,nan,-1,-1,-1,1126,73,1126,84,packages\fast-redact\test\index.js,1,1357
1911,BlockStatement,nan,-1,-1,-1,1126,89,1131,1,packages\fast-redact\test\index.js,1,1358
1912,ObjectPattern,nan,-1,-1,-1,1133,53,1133,64,packages\fast-redact\test\index.js,1,1359
1914,BlockStatement,nan,-1,-1,-1,1133,69,1152,1,packages\fast-redact\test\index.js,1,1360
1915,ObjectPattern,nan,-1,-1,-1,1154,78,1154,89,packages\fast-redact\test\index.js,1,1361
1917,BlockStatement,nan,-1,-1,-1,1154,94,1160,1,packages\fast-redact\test\index.js,1,1362
1918,ObjectPattern,nan,-1,-1,-1,1162,90,1162,101,packages\fast-redact\test\index.js,1,1363
1920,BlockStatement,nan,-1,-1,-1,1162,106,1169,1,packages\fast-redact\test\index.js,1,1364
1921,ObjectPattern,nan,-1,-1,-1,1171,71,1171,82,packages\fast-redact\test\index.js,1,1365
1923,BlockStatement,nan,-1,-1,-1,1171,87,1184,1,packages\fast-redact\test\index.js,1,1366
1924,ObjectPattern,nan,-1,-1,-1,1186,61,1186,72,packages\fast-redact\test\index.js,1,1367
1926,BlockStatement,nan,-1,-1,-1,1186,77,1201,1,packages\fast-redact\test\index.js,1,1368
1927,ObjectPattern,nan,-1,-1,-1,1203,54,1203,65,packages\fast-redact\test\index.js,1,1369
1929,BlockStatement,nan,-1,-1,-1,1203,70,1208,1,packages\fast-redact\test\index.js,1,1370
1930,ObjectPattern,nan,-1,-1,-1,1210,60,1210,71,packages\fast-redact\test\index.js,1,1371
1932,BlockStatement,nan,-1,-1,-1,1210,76,1222,1,packages\fast-redact\test\index.js,1,1372
1933,ObjectPattern,nan,-1,-1,-1,1224,51,1224,62,packages\fast-redact\test\index.js,1,1373
1935,BlockStatement,nan,-1,-1,-1,1224,67,1230,1,packages\fast-redact\test\index.js,1,1374
1936,ObjectPattern,nan,-1,-1,-1,1232,32,1232,43,packages\fast-redact\test\index.js,1,1375
1938,BlockStatement,nan,-1,-1,-1,1232,48,1244,1,packages\fast-redact\test\index.js,1,1376
1939,ObjectPattern,nan,-1,-1,-1,1246,47,1246,58,packages\fast-redact\test\index.js,1,1377
1941,BlockStatement,nan,-1,-1,-1,1246,63,1255,1,packages\fast-redact\test\index.js,1,1378
1942,ObjectPattern,nan,-1,-1,-1,1257,64,1257,75,packages\fast-redact\test\index.js,1,1379
1944,BlockStatement,nan,-1,-1,-1,1257,80,1269,1,packages\fast-redact\test\index.js,1,1380
1945,ObjectPattern,nan,-1,-1,-1,1271,69,1271,80,packages\fast-redact\test\index.js,1,1381
1947,BlockStatement,nan,-1,-1,-1,1271,85,1282,1,packages\fast-redact\test\index.js,1,1382
1948,ObjectPattern,nan,-1,-1,-1,1284,63,1284,74,packages\fast-redact\test\index.js,1,1383
1950,BlockStatement,nan,-1,-1,-1,1284,79,1293,1,packages\fast-redact\test\index.js,1,1384
1951,ObjectPattern,nan,-1,-1,-1,1295,57,1295,68,packages\fast-redact\test\index.js,1,1385
1953,BlockStatement,nan,-1,-1,-1,1295,73,1306,1,packages\fast-redact\test\index.js,1,1386
1954,ObjectPattern,nan,-1,-1,-1,1308,58,1308,69,packages\fast-redact\test\index.js,1,1387
1956,BlockStatement,nan,-1,-1,-1,1308,74,1322,1,packages\fast-redact\test\index.js,1,1388
1957,ObjectPattern,nan,-1,-1,-1,1324,46,1324,57,packages\fast-redact\test\index.js,1,1389
1959,BlockStatement,nan,-1,-1,-1,1324,62,1346,1,packages\fast-redact\test\index.js,1,1390
1960,ObjectPattern,nan,-1,-1,-1,1348,61,1348,72,packages\fast-redact\test\index.js,1,1391
1962,BlockStatement,nan,-1,-1,-1,1348,77,1370,1,packages\fast-redact\test\index.js,1,1392
1963,ObjectPattern,nan,-1,-1,-1,1372,67,1372,78,packages\fast-redact\test\index.js,1,1393
1965,BlockStatement,nan,-1,-1,-1,1372,83,1385,1,packages\fast-redact\test\index.js,1,1394
1966,ObjectPattern,nan,-1,-1,-1,1387,82,1387,93,packages\fast-redact\test\index.js,1,1395
1968,BlockStatement,nan,-1,-1,-1,1387,98,1400,1,packages\fast-redact\test\index.js,1,1396
1969,ObjectPattern,nan,-1,-1,-1,1402,41,1402,52,packages\fast-redact\test\index.js,1,1397
1971,BlockStatement,nan,-1,-1,-1,1402,57,1419,1,packages\fast-redact\test\index.js,1,1398
1972,ObjectPattern,nan,-1,-1,-1,1421,47,1421,58,packages\fast-redact\test\index.js,1,1399
1974,BlockStatement,nan,-1,-1,-1,1421,63,1488,1,packages\fast-redact\test\index.js,1,1400
1975,ObjectPattern,nan,-1,-1,-1,1490,40,1490,51,packages\fast-redact\test\index.js,1,1401
1977,BlockStatement,nan,-1,-1,-1,1490,56,1502,1,packages\fast-redact\test\index.js,1,1402
1978,VariableDeclaration,nan,-1,-1,-1,11,2,11,60,packages\fast-redact\test\index.js,1,1403
1985,VariableDeclaration,nan,-1,-1,-1,27,2,27,49,packages\fast-redact\test\index.js,1,1404
1988,VariableDeclaration,nan,-1,-1,-1,33,2,33,63,packages\fast-redact\test\index.js,1,1405
1991,VariableDeclaration,nan,-1,-1,-1,39,2,39,80,packages\fast-redact\test\index.js,1,1406
1992,VariableDeclaration,nan,-1,-1,-1,43,2,43,53,packages\fast-redact\test\index.js,1,1407
1993,VariableDeclaration,nan,-1,-1,-1,44,2,44,66,packages\fast-redact\test\index.js,1,1408
1996,VariableDeclaration,nan,-1,-1,-1,56,2,56,46,packages\fast-redact\test\index.js,1,1409
1997,VariableDeclaration,nan,-1,-1,-1,57,2,61,4,packages\fast-redact\test\index.js,1,1410
1998,VariableDeclaration,nan,-1,-1,-1,63,2,63,53,packages\fast-redact\test\index.js,1,1411
2001,VariableDeclaration,nan,-1,-1,-1,75,2,79,4,packages\fast-redact\test\index.js,1,1412
2002,VariableDeclaration,nan,-1,-1,-1,81,2,81,53,packages\fast-redact\test\index.js,1,1413
2005,VariableDeclaration,nan,-1,-1,-1,93,2,97,4,packages\fast-redact\test\index.js,1,1414
2006,VariableDeclaration,nan,-1,-1,-1,99,2,99,53,packages\fast-redact\test\index.js,1,1415
2009,VariableDeclaration,nan,-1,-1,-1,111,2,115,4,packages\fast-redact\test\index.js,1,1416
2010,VariableDeclaration,nan,-1,-1,-1,116,2,116,59,packages\fast-redact\test\index.js,1,1417
2013,VariableDeclaration,nan,-1,-1,-1,122,2,122,74,packages\fast-redact\test\index.js,1,1418
2020,VariableDeclaration,nan,-1,-1,-1,142,2,142,65,packages\fast-redact\test\index.js,1,1419
2057,VariableDeclaration,nan,-1,-1,-1,254,2,258,4,packages\fast-redact\test\index.js,1,1420
2058,VariableDeclaration,nan,-1,-1,-1,260,2,260,98,packages\fast-redact\test\index.js,1,1421
2061,VariableDeclaration,nan,-1,-1,-1,266,2,270,4,packages\fast-redact\test\index.js,1,1422
2062,VariableDeclaration,nan,-1,-1,-1,272,2,272,65,packages\fast-redact\test\index.js,1,1423
2065,VariableDeclaration,nan,-1,-1,-1,278,2,282,4,packages\fast-redact\test\index.js,1,1424
2066,VariableDeclaration,nan,-1,-1,-1,284,2,284,59,packages\fast-redact\test\index.js,1,1425
2069,VariableDeclaration,nan,-1,-1,-1,290,2,290,23,packages\fast-redact\test\index.js,1,1426
2070,VariableDeclaration,nan,-1,-1,-1,291,2,291,71,packages\fast-redact\test\index.js,1,1427
2073,VariableDeclaration,nan,-1,-1,-1,297,2,297,23,packages\fast-redact\test\index.js,1,1428
2074,VariableDeclaration,nan,-1,-1,-1,298,2,298,71,packages\fast-redact\test\index.js,1,1429
2077,VariableDeclaration,nan,-1,-1,-1,304,2,304,23,packages\fast-redact\test\index.js,1,1430
2078,VariableDeclaration,nan,-1,-1,-1,305,2,305,71,packages\fast-redact\test\index.js,1,1431
2079,VariableDeclaration,nan,-1,-1,-1,306,2,306,22,packages\fast-redact\test\index.js,1,1432
2085,VariableDeclaration,nan,-1,-1,-1,315,2,315,23,packages\fast-redact\test\index.js,1,1433
2086,VariableDeclaration,nan,-1,-1,-1,316,2,316,71,packages\fast-redact\test\index.js,1,1434
2087,VariableDeclaration,nan,-1,-1,-1,317,2,317,26,packages\fast-redact\test\index.js,1,1435
2088,VariableDeclaration,nan,-1,-1,-1,318,2,318,23,packages\fast-redact\test\index.js,1,1436
2098,VariableDeclaration,nan,-1,-1,-1,331,2,331,82,packages\fast-redact\test\index.js,1,1437
2101,VariableDeclaration,nan,-1,-1,-1,337,2,337,80,packages\fast-redact\test\index.js,1,1438
2104,VariableDeclaration,nan,-1,-1,-1,343,2,343,84,packages\fast-redact\test\index.js,1,1439
2109,VariableDeclaration,nan,-1,-1,-1,351,2,351,89,packages\fast-redact\test\index.js,1,1440
2112,VariableDeclaration,nan,-1,-1,-1,354,2,354,69,packages\fast-redact\test\index.js,1,1441
2120,VariableDeclaration,nan,-1,-1,-1,365,2,365,87,packages\fast-redact\test\index.js,1,1442
2123,VariableDeclaration,nan,-1,-1,-1,371,2,371,85,packages\fast-redact\test\index.js,1,1443
2126,VariableDeclaration,nan,-1,-1,-1,377,2,377,89,packages\fast-redact\test\index.js,1,1444
2131,VariableDeclaration,nan,-1,-1,-1,385,2,385,82,packages\fast-redact\test\index.js,1,1445
2132,VariableDeclaration,nan,-1,-1,-1,386,2,386,27,packages\fast-redact\test\index.js,1,1446
2138,VariableDeclaration,nan,-1,-1,-1,395,2,395,45,packages\fast-redact\test\index.js,1,1447
2139,VariableDeclaration,nan,-1,-1,-1,396,2,396,22,packages\fast-redact\test\index.js,1,1448
2143,VariableDeclaration,nan,-1,-1,-1,403,2,403,59,packages\fast-redact\test\index.js,1,1449
2144,VariableDeclaration,nan,-1,-1,-1,404,2,404,30,packages\fast-redact\test\index.js,1,1450
2148,VariableDeclaration,nan,-1,-1,-1,411,2,411,62,packages\fast-redact\test\index.js,1,1451
2149,VariableDeclaration,nan,-1,-1,-1,412,2,412,22,packages\fast-redact\test\index.js,1,1452
2153,VariableDeclaration,nan,-1,-1,-1,419,2,419,60,packages\fast-redact\test\index.js,1,1453
2154,VariableDeclaration,nan,-1,-1,-1,420,2,420,22,packages\fast-redact\test\index.js,1,1454
2158,VariableDeclaration,nan,-1,-1,-1,427,2,427,88,packages\fast-redact\test\index.js,1,1455
2159,VariableDeclaration,nan,-1,-1,-1,428,2,428,22,packages\fast-redact\test\index.js,1,1456
2163,VariableDeclaration,nan,-1,-1,-1,435,2,435,67,packages\fast-redact\test\index.js,1,1457
2164,VariableDeclaration,nan,-1,-1,-1,436,2,436,80,packages\fast-redact\test\index.js,1,1458
2167,VariableDeclaration,nan,-1,-1,-1,442,2,442,86,packages\fast-redact\test\index.js,1,1459
2170,VariableDeclaration,nan,-1,-1,-1,448,2,448,104,packages\fast-redact\test\index.js,1,1460
2171,VariableDeclaration,nan,-1,-1,-1,449,2,449,108,packages\fast-redact\test\index.js,1,1461
2172,VariableDeclaration,nan,-1,-1,-1,450,2,450,27,packages\fast-redact\test\index.js,1,1462
2173,VariableDeclaration,nan,-1,-1,-1,451,2,451,99,packages\fast-redact\test\index.js,1,1463
2174,VariableDeclaration,nan,-1,-1,-1,452,2,452,97,packages\fast-redact\test\index.js,1,1464
2175,VariableDeclaration,nan,-1,-1,-1,453,2,453,102,packages\fast-redact\test\index.js,1,1465
2176,VariableDeclaration,nan,-1,-1,-1,454,2,454,98,packages\fast-redact\test\index.js,1,1466
2177,VariableDeclaration,nan,-1,-1,-1,455,2,455,114,packages\fast-redact\test\index.js,1,1467
2178,VariableDeclaration,nan,-1,-1,-1,456,2,456,107,packages\fast-redact\test\index.js,1,1468
2179,VariableDeclaration,nan,-1,-1,-1,457,2,457,119,packages\fast-redact\test\index.js,1,1469
2180,VariableDeclaration,nan,-1,-1,-1,458,2,458,112,packages\fast-redact\test\index.js,1,1470
2181,VariableDeclaration,nan,-1,-1,-1,459,2,459,114,packages\fast-redact\test\index.js,1,1471
2194,VariableDeclaration,nan,-1,-1,-1,475,2,475,144,packages\fast-redact\test\index.js,1,1472
2197,VariableDeclaration,nan,-1,-1,-1,481,2,481,73,packages\fast-redact\test\index.js,1,1473
2198,VariableDeclaration,nan,-1,-1,-1,482,2,482,85,packages\fast-redact\test\index.js,1,1474
2201,VariableDeclaration,nan,-1,-1,-1,488,2,488,73,packages\fast-redact\test\index.js,1,1475
2202,VariableDeclaration,nan,-1,-1,-1,489,2,489,85,packages\fast-redact\test\index.js,1,1476
2205,VariableDeclaration,nan,-1,-1,-1,495,2,495,73,packages\fast-redact\test\index.js,1,1477
2206,VariableDeclaration,nan,-1,-1,-1,496,2,496,85,packages\fast-redact\test\index.js,1,1478
2209,VariableDeclaration,nan,-1,-1,-1,502,2,502,70,packages\fast-redact\test\index.js,1,1479
2210,VariableDeclaration,nan,-1,-1,-1,503,2,503,57,packages\fast-redact\test\index.js,1,1480
2214,VariableDeclaration,nan,-1,-1,-1,510,2,510,67,packages\fast-redact\test\index.js,1,1481
2215,VariableDeclaration,nan,-1,-1,-1,511,2,511,80,packages\fast-redact\test\index.js,1,1482
2220,VariableDeclaration,nan,-1,-1,-1,519,2,519,67,packages\fast-redact\test\index.js,1,1483
2221,VariableDeclaration,nan,-1,-1,-1,520,2,520,97,packages\fast-redact\test\index.js,1,1484
2224,VariableDeclaration,nan,-1,-1,-1,526,2,526,67,packages\fast-redact\test\index.js,1,1485
2225,VariableDeclaration,nan,-1,-1,-1,527,2,527,97,packages\fast-redact\test\index.js,1,1486
2230,VariableDeclaration,nan,-1,-1,-1,535,2,535,67,packages\fast-redact\test\index.js,1,1487
2233,VariableDeclaration,nan,-1,-1,-1,541,2,541,85,packages\fast-redact\test\index.js,1,1488
2236,VariableDeclaration,nan,-1,-1,-1,547,2,547,85,packages\fast-redact\test\index.js,1,1489
2237,VariableDeclaration,nan,-1,-1,-1,548,2,548,36,packages\fast-redact\test\index.js,1,1490
2241,VariableDeclaration,nan,-1,-1,-1,558,2,558,78,packages\fast-redact\test\index.js,1,1491
2247,VariableDeclaration,nan,-1,-1,-1,564,2,564,27,packages\fast-redact\test\index.js,1,1492
2250,VariableDeclaration,nan,-1,-1,-1,570,2,570,73,packages\fast-redact\test\index.js,1,1493
2251,VariableDeclaration,nan,-1,-1,-1,571,2,571,22,packages\fast-redact\test\index.js,1,1494
2252,VariableDeclaration,nan,-1,-1,-1,572,2,572,25,packages\fast-redact\test\index.js,1,1495
2257,VariableDeclaration,nan,-1,-1,-1,580,2,580,73,packages\fast-redact\test\index.js,1,1496
2258,VariableDeclaration,nan,-1,-1,-1,581,2,581,22,packages\fast-redact\test\index.js,1,1497
2259,VariableDeclaration,nan,-1,-1,-1,582,2,582,25,packages\fast-redact\test\index.js,1,1498
2268,VariableDeclaration,nan,-1,-1,-1,594,2,594,83,packages\fast-redact\test\index.js,1,1499
2269,VariableDeclaration,nan,-1,-1,-1,595,2,595,22,packages\fast-redact\test\index.js,1,1500
2270,VariableDeclaration,nan,-1,-1,-1,596,2,596,38,packages\fast-redact\test\index.js,1,1501
2282,VariableDeclaration,nan,-1,-1,-1,611,2,611,68,packages\fast-redact\test\index.js,1,1502
2285,VariableDeclaration,nan,-1,-1,-1,617,2,617,81,packages\fast-redact\test\index.js,1,1503
2288,VariableDeclaration,nan,-1,-1,-1,623,2,623,70,packages\fast-redact\test\index.js,1,1504
2291,VariableDeclaration,nan,-1,-1,-1,629,2,629,84,packages\fast-redact\test\index.js,1,1505
2294,VariableDeclaration,nan,-1,-1,-1,635,2,635,88,packages\fast-redact\test\index.js,1,1506
2297,VariableDeclaration,nan,-1,-1,-1,641,2,641,67,packages\fast-redact\test\index.js,1,1507
2298,VariableDeclaration,nan,-1,-1,-1,642,2,642,97,packages\fast-redact\test\index.js,1,1508
2301,VariableDeclaration,nan,-1,-1,-1,648,2,648,67,packages\fast-redact\test\index.js,1,1509
2304,VariableDeclaration,nan,-1,-1,-1,654,2,654,78,packages\fast-redact\test\index.js,1,1510
2310,VariableDeclaration,nan,-1,-1,-1,660,2,660,27,packages\fast-redact\test\index.js,1,1511
2313,VariableDeclaration,nan,-1,-1,-1,666,2,666,71,packages\fast-redact\test\index.js,1,1512
2314,VariableDeclaration,nan,-1,-1,-1,667,2,667,22,packages\fast-redact\test\index.js,1,1513
2315,VariableDeclaration,nan,-1,-1,-1,668,2,668,25,packages\fast-redact\test\index.js,1,1514
2320,VariableDeclaration,nan,-1,-1,-1,676,2,676,71,packages\fast-redact\test\index.js,1,1515
2321,VariableDeclaration,nan,-1,-1,-1,677,2,677,22,packages\fast-redact\test\index.js,1,1516
2322,VariableDeclaration,nan,-1,-1,-1,678,2,678,25,packages\fast-redact\test\index.js,1,1517
2331,VariableDeclaration,nan,-1,-1,-1,690,2,690,75,packages\fast-redact\test\index.js,1,1518
2332,VariableDeclaration,nan,-1,-1,-1,691,2,691,22,packages\fast-redact\test\index.js,1,1519
2333,VariableDeclaration,nan,-1,-1,-1,692,2,692,25,packages\fast-redact\test\index.js,1,1520
2342,VariableDeclaration,nan,-1,-1,-1,704,2,704,79,packages\fast-redact\test\index.js,1,1521
2343,VariableDeclaration,nan,-1,-1,-1,705,2,705,22,packages\fast-redact\test\index.js,1,1522
2344,VariableDeclaration,nan,-1,-1,-1,706,2,706,38,packages\fast-redact\test\index.js,1,1523
2356,VariableDeclaration,nan,-1,-1,-1,721,2,721,87,packages\fast-redact\test\index.js,1,1524
2357,VariableDeclaration,nan,-1,-1,-1,722,2,722,103,packages\fast-redact\test\index.js,1,1525
2365,VariableDeclaration,nan,-1,-1,-1,734,2,734,76,packages\fast-redact\test\index.js,1,1526
2366,VariableDeclaration,nan,-1,-1,-1,735,2,735,80,packages\fast-redact\test\index.js,1,1527
2372,VariableDeclaration,nan,-1,-1,-1,744,2,744,81,packages\fast-redact\test\index.js,1,1528
2379,VariableDeclaration,nan,-1,-1,-1,755,2,755,65,packages\fast-redact\test\index.js,1,1529
2380,VariableDeclaration,nan,-1,-1,-1,756,2,756,73,packages\fast-redact\test\index.js,1,1530
2386,VariableDeclaration,nan,-1,-1,-1,765,2,765,67,packages\fast-redact\test\index.js,1,1531
2387,VariableDeclaration,nan,-1,-1,-1,766,2,766,80,packages\fast-redact\test\index.js,1,1532
2393,VariableDeclaration,nan,-1,-1,-1,775,2,775,67,packages\fast-redact\test\index.js,1,1533
2394,VariableDeclaration,nan,-1,-1,-1,776,2,776,80,packages\fast-redact\test\index.js,1,1534
2401,VariableDeclaration,nan,-1,-1,-1,786,2,786,67,packages\fast-redact\test\index.js,1,1535
2402,VariableDeclaration,nan,-1,-1,-1,787,2,787,80,packages\fast-redact\test\index.js,1,1536
2407,VariableDeclaration,nan,-1,-1,-1,792,2,792,81,packages\fast-redact\test\index.js,1,1537
2414,VariableDeclaration,nan,-1,-1,-1,802,2,802,69,packages\fast-redact\test\index.js,1,1538
2415,VariableDeclaration,nan,-1,-1,-1,803,2,803,94,packages\fast-redact\test\index.js,1,1539
2421,VariableDeclaration,nan,-1,-1,-1,812,2,812,71,packages\fast-redact\test\index.js,1,1540
2422,VariableDeclaration,nan,-1,-1,-1,813,2,813,108,packages\fast-redact\test\index.js,1,1541
2433,VariableDeclaration,nan,-1,-1,-1,827,2,827,69,packages\fast-redact\test\index.js,1,1542
2434,VariableDeclaration,nan,-1,-1,-1,828,2,828,94,packages\fast-redact\test\index.js,1,1543
2440,VariableDeclaration,nan,-1,-1,-1,834,2,834,95,packages\fast-redact\test\index.js,1,1544
2446,VariableDeclaration,nan,-1,-1,-1,843,2,843,69,packages\fast-redact\test\index.js,1,1545
2447,VariableDeclaration,nan,-1,-1,-1,844,2,844,94,packages\fast-redact\test\index.js,1,1546
2454,VariableDeclaration,nan,-1,-1,-1,854,2,854,70,packages\fast-redact\test\index.js,1,1547
2455,VariableDeclaration,nan,-1,-1,-1,855,2,855,90,packages\fast-redact\test\index.js,1,1548
2461,VariableDeclaration,nan,-1,-1,-1,864,2,864,73,packages\fast-redact\test\index.js,1,1549
2462,VariableDeclaration,nan,-1,-1,-1,865,2,871,3,packages\fast-redact\test\index.js,1,1550
2463,VariableDeclaration,nan,-1,-1,-1,872,2,872,28,packages\fast-redact\test\index.js,1,1551
2486,VariableDeclaration,nan,-1,-1,-1,898,2,898,92,packages\fast-redact\test\index.js,1,1552
2487,VariableDeclaration,nan,-1,-1,-1,899,2,905,3,packages\fast-redact\test\index.js,1,1553
2488,VariableDeclaration,nan,-1,-1,-1,906,2,906,28,packages\fast-redact\test\index.js,1,1554
2500,VariableDeclaration,nan,-1,-1,-1,921,2,921,73,packages\fast-redact\test\index.js,1,1555
2501,VariableDeclaration,nan,-1,-1,-1,922,2,928,3,packages\fast-redact\test\index.js,1,1556
2502,VariableDeclaration,nan,-1,-1,-1,929,2,929,28,packages\fast-redact\test\index.js,1,1557
2510,VariableDeclaration,nan,-1,-1,-1,940,2,940,75,packages\fast-redact\test\index.js,1,1558
2511,VariableDeclaration,nan,-1,-1,-1,941,2,947,3,packages\fast-redact\test\index.js,1,1559
2512,VariableDeclaration,nan,-1,-1,-1,948,2,948,28,packages\fast-redact\test\index.js,1,1560
2525,VariableDeclaration,nan,-1,-1,-1,964,2,964,87,packages\fast-redact\test\index.js,1,1561
2528,VariableDeclaration,nan,-1,-1,-1,970,2,970,67,packages\fast-redact\test\index.js,1,1562
2529,VariableDeclaration,nan,-1,-1,-1,971,2,971,97,packages\fast-redact\test\index.js,1,1563
2532,VariableDeclaration,nan,-1,-1,-1,977,2,977,69,packages\fast-redact\test\index.js,1,1564
2535,VariableDeclaration,nan,-1,-1,-1,983,2,983,67,packages\fast-redact\test\index.js,1,1565
2541,VariableDeclaration,nan,-1,-1,-1,989,2,989,27,packages\fast-redact\test\index.js,1,1566
2544,VariableDeclaration,nan,-1,-1,-1,995,2,995,69,packages\fast-redact\test\index.js,1,1567
2545,VariableDeclaration,nan,-1,-1,-1,996,2,996,22,packages\fast-redact\test\index.js,1,1568
2546,VariableDeclaration,nan,-1,-1,-1,997,2,997,32,packages\fast-redact\test\index.js,1,1569
2551,VariableDeclaration,nan,-1,-1,-1,1005,2,1005,69,packages\fast-redact\test\index.js,1,1570
2552,VariableDeclaration,nan,-1,-1,-1,1006,2,1006,22,packages\fast-redact\test\index.js,1,1571
2553,VariableDeclaration,nan,-1,-1,-1,1007,2,1007,32,packages\fast-redact\test\index.js,1,1572
2563,VariableDeclaration,nan,-1,-1,-1,1020,2,1020,83,packages\fast-redact\test\index.js,1,1573
2564,VariableDeclaration,nan,-1,-1,-1,1021,2,1021,22,packages\fast-redact\test\index.js,1,1574
2565,VariableDeclaration,nan,-1,-1,-1,1022,2,1022,52,packages\fast-redact\test\index.js,1,1575
2577,VariableDeclaration,nan,-1,-1,-1,1037,2,1037,51,packages\fast-redact\test\index.js,1,1576
2578,VariableDeclaration,nan,-1,-1,-1,1038,2,1038,67,packages\fast-redact\test\index.js,1,1577
2581,VariableDeclaration,nan,-1,-1,-1,1044,2,1044,47,packages\fast-redact\test\index.js,1,1578
2582,VariableDeclaration,nan,-1,-1,-1,1045,2,1045,67,packages\fast-redact\test\index.js,1,1579
2585,VariableDeclaration,nan,-1,-1,-1,1051,2,1051,63,packages\fast-redact\test\index.js,1,1580
2586,VariableDeclaration,nan,-1,-1,-1,1052,2,1052,49,packages\fast-redact\test\index.js,1,1581
2589,VariableDeclaration,nan,-1,-1,-1,1058,2,1058,63,packages\fast-redact\test\index.js,1,1582
2590,VariableDeclaration,nan,-1,-1,-1,1059,2,1059,49,packages\fast-redact\test\index.js,1,1583
2593,VariableDeclaration,nan,-1,-1,-1,1065,2,1065,53,packages\fast-redact\test\index.js,1,1584
2594,VariableDeclaration,nan,-1,-1,-1,1066,2,1066,36,packages\fast-redact\test\index.js,1,1585
2597,VariableDeclaration,nan,-1,-1,-1,1072,2,1072,55,packages\fast-redact\test\index.js,1,1586
2598,VariableDeclaration,nan,-1,-1,-1,1073,2,1073,40,packages\fast-redact\test\index.js,1,1587
2601,VariableDeclaration,nan,-1,-1,-1,1079,2,1079,23,packages\fast-redact\test\index.js,1,1588
2602,VariableDeclaration,nan,-1,-1,-1,1080,2,1080,75,packages\fast-redact\test\index.js,1,1589
2605,VariableDeclaration,nan,-1,-1,-1,1086,2,1086,23,packages\fast-redact\test\index.js,1,1590
2606,VariableDeclaration,nan,-1,-1,-1,1087,2,1087,77,packages\fast-redact\test\index.js,1,1591
2609,VariableDeclaration,nan,-1,-1,-1,1093,2,1093,79,packages\fast-redact\test\index.js,1,1592
2610,VariableDeclaration,nan,-1,-1,-1,1094,2,1094,22,packages\fast-redact\test\index.js,1,1593
2611,VariableDeclaration,nan,-1,-1,-1,1095,2,1095,38,packages\fast-redact\test\index.js,1,1594
2623,VariableDeclaration,nan,-1,-1,-1,1110,2,1110,91,packages\fast-redact\test\index.js,1,1595
2624,VariableDeclaration,nan,-1,-1,-1,1111,2,1111,22,packages\fast-redact\test\index.js,1,1596
2625,VariableDeclaration,nan,-1,-1,-1,1112,2,1112,52,packages\fast-redact\test\index.js,1,1597
2637,VariableDeclaration,nan,-1,-1,-1,1127,2,1127,51,packages\fast-redact\test\index.js,1,1598
2638,VariableDeclaration,nan,-1,-1,-1,1128,2,1128,67,packages\fast-redact\test\index.js,1,1599
2641,VariableDeclaration,nan,-1,-1,-1,1134,2,1134,84,packages\fast-redact\test\index.js,1,1600
2642,VariableDeclaration,nan,-1,-1,-1,1135,2,1135,80,packages\fast-redact\test\index.js,1,1601
2648,VariableDeclaration,nan,-1,-1,-1,1144,2,1144,81,packages\fast-redact\test\index.js,1,1602
2655,VariableDeclaration,nan,-1,-1,-1,1155,2,1155,66,packages\fast-redact\test\index.js,1,1603
2656,VariableDeclaration,nan,-1,-1,-1,1156,2,1156,14,packages\fast-redact\test\index.js,1,1604
2660,VariableDeclaration,nan,-1,-1,-1,1163,2,1163,66,packages\fast-redact\test\index.js,1,1605
2661,VariableDeclaration,nan,-1,-1,-1,1164,2,1164,30,packages\fast-redact\test\index.js,1,1606
2666,VariableDeclaration,nan,-1,-1,-1,1172,2,1175,4,packages\fast-redact\test\index.js,1,1607
2667,VariableDeclaration,nan,-1,-1,-1,1176,2,1176,37,packages\fast-redact\test\index.js,1,1608
2675,VariableDeclaration,nan,-1,-1,-1,1187,2,1190,4,packages\fast-redact\test\index.js,1,1609
2676,VariableDeclaration,nan,-1,-1,-1,1191,2,1191,59,packages\fast-redact\test\index.js,1,1610
2686,VariableDeclaration,nan,-1,-1,-1,1204,2,1204,62,packages\fast-redact\test\index.js,1,1611
2687,VariableDeclaration,nan,-1,-1,-1,1205,2,1205,45,packages\fast-redact\test\index.js,1,1612
2690,VariableDeclaration,nan,-1,-1,-1,1211,2,1211,48,packages\fast-redact\test\index.js,1,1613
2691,VariableDeclaration,nan,-1,-1,-1,1212,2,1212,30,packages\fast-redact\test\index.js,1,1614
2692,VariableDeclaration,nan,-1,-1,-1,1213,2,1213,15,packages\fast-redact\test\index.js,1,1615
2700,VariableDeclaration,nan,-1,-1,-1,1225,2,1225,50,packages\fast-redact\test\index.js,1,1616
2701,VariableDeclaration,nan,-1,-1,-1,1226,2,1226,26,packages\fast-redact\test\index.js,1,1617
2705,VariableDeclaration,nan,-1,-1,-1,1233,2,1233,77,packages\fast-redact\test\index.js,1,1618
2706,VariableDeclaration,nan,-1,-1,-1,1234,2,1234,77,packages\fast-redact\test\index.js,1,1619
2707,VariableDeclaration,nan,-1,-1,-1,1235,2,1235,79,packages\fast-redact\test\index.js,1,1620
2708,VariableDeclaration,nan,-1,-1,-1,1236,2,1236,72,packages\fast-redact\test\index.js,1,1621
2709,VariableDeclaration,nan,-1,-1,-1,1237,2,1237,76,packages\fast-redact\test\index.js,1,1622
2716,VariableDeclaration,nan,-1,-1,-1,1247,2,1249,4,packages\fast-redact\test\index.js,1,1623
2717,VariableDeclaration,nan,-1,-1,-1,1250,2,1252,3,packages\fast-redact\test\index.js,1,1624
2720,VariableDeclaration,nan,-1,-1,-1,1258,2,1261,4,packages\fast-redact\test\index.js,1,1625
2721,VariableDeclaration,nan,-1,-1,-1,1262,2,1266,3,packages\fast-redact\test\index.js,1,1626
2724,VariableDeclaration,nan,-1,-1,-1,1272,2,1274,4,packages\fast-redact\test\index.js,1,1627
2725,VariableDeclaration,nan,-1,-1,-1,1275,2,1279,3,packages\fast-redact\test\index.js,1,1628
2728,VariableDeclaration,nan,-1,-1,-1,1285,2,1289,4,packages\fast-redact\test\index.js,1,1629
2729,VariableDeclaration,nan,-1,-1,-1,1290,2,1290,30,packages\fast-redact\test\index.js,1,1630
2732,VariableDeclaration,nan,-1,-1,-1,1296,2,1298,4,packages\fast-redact\test\index.js,1,1631
2733,VariableDeclaration,nan,-1,-1,-1,1299,2,1303,3,packages\fast-redact\test\index.js,1,1632
2736,VariableDeclaration,nan,-1,-1,-1,1309,2,1311,4,packages\fast-redact\test\index.js,1,1633
2737,VariableDeclaration,nan,-1,-1,-1,1312,2,1316,3,packages\fast-redact\test\index.js,1,1634
2743,VariableDeclaration,nan,-1,-1,-1,1325,2,1325,64,packages\fast-redact\test\index.js,1,1635
2744,VariableDeclaration,nan,-1,-1,-1,1326,2,1343,3,packages\fast-redact\test\index.js,1,1636
2747,VariableDeclaration,nan,-1,-1,-1,1349,2,1349,64,packages\fast-redact\test\index.js,1,1637
2748,VariableDeclaration,nan,-1,-1,-1,1350,2,1367,3,packages\fast-redact\test\index.js,1,1638
2751,VariableDeclaration,nan,-1,-1,-1,1373,2,1373,82,packages\fast-redact\test\index.js,1,1639
2752,VariableDeclaration,nan,-1,-1,-1,1374,2,1374,101,packages\fast-redact\test\index.js,1,1640
2763,VariableDeclaration,nan,-1,-1,-1,1388,2,1388,82,packages\fast-redact\test\index.js,1,1641
2764,VariableDeclaration,nan,-1,-1,-1,1389,2,1389,101,packages\fast-redact\test\index.js,1,1642
2775,VariableDeclaration,nan,-1,-1,-1,1403,2,1406,10,packages\fast-redact\test\index.js,1,1643
2776,VariableDeclaration,nan,-1,-1,-1,1408,2,1408,25,packages\fast-redact\test\index.js,1,1644
2777,VariableDeclaration,nan,-1,-1,-1,1409,2,1409,33,packages\fast-redact\test\index.js,1,1645
2778,VariableDeclaration,nan,-1,-1,-1,1410,2,1410,64,packages\fast-redact\test\index.js,1,1646
2786,VariableDeclaration,nan,-1,-1,-1,1422,2,1445,3,packages\fast-redact\test\index.js,1,1647
2787,VariableDeclaration,nan,-1,-1,-1,1446,2,1455,3,packages\fast-redact\test\index.js,1,1648
2788,VariableDeclaration,nan,-1,-1,-1,1457,2,1457,25,packages\fast-redact\test\index.js,1,1649
2789,VariableDeclaration,nan,-1,-1,-1,1458,2,1458,29,packages\fast-redact\test\index.js,1,1650
2790,VariableDeclaration,nan,-1,-1,-1,1459,2,1459,64,packages\fast-redact\test\index.js,1,1651
2816,VariableDeclaration,nan,-1,-1,-1,1491,2,1491,40,packages\fast-redact\test\index.js,1,1652
2817,VariableDeclaration,nan,-1,-1,-1,1493,2,1493,25,packages\fast-redact\test\index.js,1,1653
2818,VariableDeclaration,nan,-1,-1,-1,1494,2,1494,25,packages\fast-redact\test\index.js,1,1654
2819,VariableDeclaration,nan,-1,-1,-1,1495,2,1495,64,packages\fast-redact\test\index.js,1,1655
2825,CallExpression,nan,1,-1,-1,12,2,12,32,packages\fast-redact\test\index.js,1,1656
2826,CallExpression,nan,1,-1,-1,13,2,16,4,packages\fast-redact\test\index.js,1,1657
2827,CallExpression,nan,0,-1,-1,17,2,17,7,packages\fast-redact\test\index.js,1,1658
2828,CallExpression,nan,2,-1,-1,21,2,21,47,packages\fast-redact\test\index.js,1,1659
2829,CallExpression,nan,2,-1,-1,22,2,22,34,packages\fast-redact\test\index.js,1,1660
2830,CallExpression,nan,0,-1,-1,23,2,23,7,packages\fast-redact\test\index.js,1,1661
2831,CallExpression,nan,1,-1,-1,28,2,28,25,packages\fast-redact\test\index.js,1,1662
2832,CallExpression,nan,0,-1,-1,29,2,29,7,packages\fast-redact\test\index.js,1,1663
2833,CallExpression,nan,1,-1,-1,34,2,34,25,packages\fast-redact\test\index.js,1,1664
2834,CallExpression,nan,0,-1,-1,35,2,35,7,packages\fast-redact\test\index.js,1,1665
2835,CallExpression,nan,1,-1,-1,46,2,50,4,packages\fast-redact\test\index.js,1,1666
2836,CallExpression,nan,0,-1,-1,52,2,52,7,packages\fast-redact\test\index.js,1,1667
2837,CallExpression,nan,1,-1,-1,65,2,69,4,packages\fast-redact\test\index.js,1,1668
2838,CallExpression,nan,0,-1,-1,71,2,71,7,packages\fast-redact\test\index.js,1,1669
2839,CallExpression,nan,1,-1,-1,83,2,87,4,packages\fast-redact\test\index.js,1,1670
2840,CallExpression,nan,0,-1,-1,89,2,89,7,packages\fast-redact\test\index.js,1,1671
2841,CallExpression,nan,1,-1,-1,101,2,105,4,packages\fast-redact\test\index.js,1,1672
2842,CallExpression,nan,0,-1,-1,107,2,107,7,packages\fast-redact\test\index.js,1,1673
2843,CallExpression,nan,2,-1,-1,117,2,117,37,packages\fast-redact\test\index.js,1,1674
2844,CallExpression,nan,0,-1,-1,118,2,118,7,packages\fast-redact\test\index.js,1,1675
2845,CallExpression,nan,2,-1,-1,123,2,125,27,packages\fast-redact\test\index.js,1,1676
2846,CallExpression,nan,2,-1,-1,126,2,128,27,packages\fast-redact\test\index.js,1,1677
2847,CallExpression,nan,2,-1,-1,129,2,131,27,packages\fast-redact\test\index.js,1,1678
2848,CallExpression,nan,2,-1,-1,132,2,134,27,packages\fast-redact\test\index.js,1,1679
2849,CallExpression,nan,2,-1,-1,135,2,137,27,packages\fast-redact\test\index.js,1,1680
2850,CallExpression,nan,0,-1,-1,138,2,138,7,packages\fast-redact\test\index.js,1,1681
2851,CallExpression,nan,2,-1,-1,143,2,145,14,packages\fast-redact\test\index.js,1,1682
2852,CallExpression,nan,2,-1,-1,146,2,148,14,packages\fast-redact\test\index.js,1,1683
2853,CallExpression,nan,2,-1,-1,149,2,151,16,packages\fast-redact\test\index.js,1,1684
2854,CallExpression,nan,2,-1,-1,152,2,154,18,packages\fast-redact\test\index.js,1,1685
2855,CallExpression,nan,2,-1,-1,155,2,157,17,packages\fast-redact\test\index.js,1,1686
2856,CallExpression,nan,2,-1,-1,158,2,160,17,packages\fast-redact\test\index.js,1,1687
2857,CallExpression,nan,2,-1,-1,161,2,163,18,packages\fast-redact\test\index.js,1,1688
2858,CallExpression,nan,2,-1,-1,164,2,166,17,packages\fast-redact\test\index.js,1,1689
2859,CallExpression,nan,2,-1,-1,167,2,169,20,packages\fast-redact\test\index.js,1,1690
2860,CallExpression,nan,2,-1,-1,170,2,172,20,packages\fast-redact\test\index.js,1,1691
2861,CallExpression,nan,2,-1,-1,173,2,175,18,packages\fast-redact\test\index.js,1,1692
2862,CallExpression,nan,2,-1,-1,176,2,178,20,packages\fast-redact\test\index.js,1,1693
2863,CallExpression,nan,2,-1,-1,179,2,181,19,packages\fast-redact\test\index.js,1,1694
2864,CallExpression,nan,2,-1,-1,182,2,184,18,packages\fast-redact\test\index.js,1,1695
2865,CallExpression,nan,2,-1,-1,185,2,187,25,packages\fast-redact\test\index.js,1,1696
2866,CallExpression,nan,2,-1,-1,188,2,190,18,packages\fast-redact\test\index.js,1,1697
2867,CallExpression,nan,2,-1,-1,191,2,193,18,packages\fast-redact\test\index.js,1,1698
2868,CallExpression,nan,2,-1,-1,194,2,196,18,packages\fast-redact\test\index.js,1,1699
2869,CallExpression,nan,2,-1,-1,197,2,199,19,packages\fast-redact\test\index.js,1,1700
2870,CallExpression,nan,2,-1,-1,200,2,202,18,packages\fast-redact\test\index.js,1,1701
2871,CallExpression,nan,2,-1,-1,203,2,205,19,packages\fast-redact\test\index.js,1,1702
2872,CallExpression,nan,2,-1,-1,206,2,208,33,packages\fast-redact\test\index.js,1,1703
2873,CallExpression,nan,2,-1,-1,209,2,211,25,packages\fast-redact\test\index.js,1,1704
2874,CallExpression,nan,2,-1,-1,212,2,214,16,packages\fast-redact\test\index.js,1,1705
2875,CallExpression,nan,2,-1,-1,215,2,217,21,packages\fast-redact\test\index.js,1,1706
2876,CallExpression,nan,2,-1,-1,218,2,220,18,packages\fast-redact\test\index.js,1,1707
2877,CallExpression,nan,2,-1,-1,221,2,223,20,packages\fast-redact\test\index.js,1,1708
2878,CallExpression,nan,2,-1,-1,224,2,226,16,packages\fast-redact\test\index.js,1,1709
2879,CallExpression,nan,2,-1,-1,227,2,229,16,packages\fast-redact\test\index.js,1,1710
2880,CallExpression,nan,2,-1,-1,230,2,232,13,packages\fast-redact\test\index.js,1,1711
2881,CallExpression,nan,2,-1,-1,233,2,235,19,packages\fast-redact\test\index.js,1,1712
2882,CallExpression,nan,0,-1,-1,236,2,236,7,packages\fast-redact\test\index.js,1,1713
2883,CallExpression,nan,2,-1,-1,240,2,242,94,packages\fast-redact\test\index.js,1,1714
2884,CallExpression,nan,0,-1,-1,243,2,243,7,packages\fast-redact\test\index.js,1,1715
2885,CallExpression,nan,2,-1,-1,247,2,249,94,packages\fast-redact\test\index.js,1,1716
2886,CallExpression,nan,0,-1,-1,250,2,250,7,packages\fast-redact\test\index.js,1,1717
2887,CallExpression,nan,2,-1,-1,261,2,261,73,packages\fast-redact\test\index.js,1,1718
2888,CallExpression,nan,0,-1,-1,262,2,262,7,packages\fast-redact\test\index.js,1,1719
2889,CallExpression,nan,2,-1,-1,273,2,273,46,packages\fast-redact\test\index.js,1,1720
2890,CallExpression,nan,0,-1,-1,274,2,274,7,packages\fast-redact\test\index.js,1,1721
2891,CallExpression,nan,2,-1,-1,285,2,285,40,packages\fast-redact\test\index.js,1,1722
2892,CallExpression,nan,0,-1,-1,286,2,286,7,packages\fast-redact\test\index.js,1,1723
2893,CallExpression,nan,2,-1,-1,292,2,292,34,packages\fast-redact\test\index.js,1,1724
2894,CallExpression,nan,0,-1,-1,293,2,293,7,packages\fast-redact\test\index.js,1,1725
2895,CallExpression,nan,2,-1,-1,299,2,299,39,packages\fast-redact\test\index.js,1,1726
2896,CallExpression,nan,0,-1,-1,300,2,300,7,packages\fast-redact\test\index.js,1,1727
2897,CallExpression,nan,1,-1,-1,307,2,307,11,packages\fast-redact\test\index.js,1,1728
2898,CallExpression,nan,2,-1,-1,308,2,308,17,packages\fast-redact\test\index.js,1,1729
2899,CallExpression,nan,1,-1,-1,309,2,309,19,packages\fast-redact\test\index.js,1,1730
2900,CallExpression,nan,2,-1,-1,310,2,310,14,packages\fast-redact\test\index.js,1,1731
2901,CallExpression,nan,0,-1,-1,311,2,311,7,packages\fast-redact\test\index.js,1,1732
2902,CallExpression,nan,1,-1,-1,319,2,319,12,packages\fast-redact\test\index.js,1,1733
2903,CallExpression,nan,2,-1,-1,320,2,320,18,packages\fast-redact\test\index.js,1,1734
2904,CallExpression,nan,1,-1,-1,321,2,321,20,packages\fast-redact\test\index.js,1,1735
2905,CallExpression,nan,2,-1,-1,322,2,322,18,packages\fast-redact\test\index.js,1,1736
2906,CallExpression,nan,1,-1,-1,323,2,323,12,packages\fast-redact\test\index.js,1,1737
2907,CallExpression,nan,2,-1,-1,324,2,324,18,packages\fast-redact\test\index.js,1,1738
2908,CallExpression,nan,1,-1,-1,325,2,325,20,packages\fast-redact\test\index.js,1,1739
2909,CallExpression,nan,2,-1,-1,326,2,326,15,packages\fast-redact\test\index.js,1,1740
2910,CallExpression,nan,0,-1,-1,327,2,327,7,packages\fast-redact\test\index.js,1,1741
2911,CallExpression,nan,2,-1,-1,332,2,332,41,packages\fast-redact\test\index.js,1,1742
2912,CallExpression,nan,0,-1,-1,333,2,333,7,packages\fast-redact\test\index.js,1,1743
2913,CallExpression,nan,2,-1,-1,338,2,338,41,packages\fast-redact\test\index.js,1,1744
2914,CallExpression,nan,0,-1,-1,339,2,339,7,packages\fast-redact\test\index.js,1,1745
2915,CallExpression,nan,2,-1,-1,344,2,344,50,packages\fast-redact\test\index.js,1,1746
2916,CallExpression,nan,2,-1,-1,345,2,345,65,packages\fast-redact\test\index.js,1,1747
2917,CallExpression,nan,2,-1,-1,346,2,346,68,packages\fast-redact\test\index.js,1,1748
2918,CallExpression,nan,0,-1,-1,347,2,347,7,packages\fast-redact\test\index.js,1,1749
2919,CallExpression,nan,2,-1,-1,352,2,352,50,packages\fast-redact\test\index.js,1,1750
2920,CallExpression,nan,2,-1,-1,353,2,353,47,packages\fast-redact\test\index.js,1,1751
2921,CallExpression,nan,2,-1,-1,355,2,355,65,packages\fast-redact\test\index.js,1,1752
2922,CallExpression,nan,2,-1,-1,356,2,356,47,packages\fast-redact\test\index.js,1,1753
2923,CallExpression,nan,2,-1,-1,357,2,357,66,packages\fast-redact\test\index.js,1,1754
2924,CallExpression,nan,2,-1,-1,358,2,358,68,packages\fast-redact\test\index.js,1,1755
2925,CallExpression,nan,2,-1,-1,359,2,359,47,packages\fast-redact\test\index.js,1,1756
2926,CallExpression,nan,2,-1,-1,360,2,360,66,packages\fast-redact\test\index.js,1,1757
2927,CallExpression,nan,0,-1,-1,361,2,361,7,packages\fast-redact\test\index.js,1,1758
2928,CallExpression,nan,2,-1,-1,366,2,366,43,packages\fast-redact\test\index.js,1,1759
2929,CallExpression,nan,0,-1,-1,367,2,367,7,packages\fast-redact\test\index.js,1,1760
2930,CallExpression,nan,2,-1,-1,372,2,372,43,packages\fast-redact\test\index.js,1,1761
2931,CallExpression,nan,0,-1,-1,373,2,373,7,packages\fast-redact\test\index.js,1,1762
2932,CallExpression,nan,2,-1,-1,378,2,378,54,packages\fast-redact\test\index.js,1,1763
2933,CallExpression,nan,2,-1,-1,379,2,379,69,packages\fast-redact\test\index.js,1,1764
2934,CallExpression,nan,2,-1,-1,380,2,380,68,packages\fast-redact\test\index.js,1,1765
2935,CallExpression,nan,0,-1,-1,381,2,381,7,packages\fast-redact\test\index.js,1,1766
2936,CallExpression,nan,1,-1,-1,387,2,387,11,packages\fast-redact\test\index.js,1,1767
2937,CallExpression,nan,2,-1,-1,388,2,388,18,packages\fast-redact\test\index.js,1,1768
2938,CallExpression,nan,1,-1,-1,389,2,389,19,packages\fast-redact\test\index.js,1,1769
2939,CallExpression,nan,2,-1,-1,390,2,390,19,packages\fast-redact\test\index.js,1,1770
2940,CallExpression,nan,0,-1,-1,391,2,391,7,packages\fast-redact\test\index.js,1,1771
2941,CallExpression,nan,2,-1,-1,397,2,397,36,packages\fast-redact\test\index.js,1,1772
2942,CallExpression,nan,2,-1,-1,398,2,398,14,packages\fast-redact\test\index.js,1,1773
2943,CallExpression,nan,0,-1,-1,399,2,399,7,packages\fast-redact\test\index.js,1,1774
2944,CallExpression,nan,2,-1,-1,405,2,405,28,packages\fast-redact\test\index.js,1,1775
2945,CallExpression,nan,2,-1,-1,406,2,406,14,packages\fast-redact\test\index.js,1,1776
2946,CallExpression,nan,0,-1,-1,407,2,407,7,packages\fast-redact\test\index.js,1,1777
2947,CallExpression,nan,2,-1,-1,413,2,413,36,packages\fast-redact\test\index.js,1,1778
2948,CallExpression,nan,2,-1,-1,414,2,414,14,packages\fast-redact\test\index.js,1,1779
2949,CallExpression,nan,0,-1,-1,415,2,415,7,packages\fast-redact\test\index.js,1,1780
2950,CallExpression,nan,2,-1,-1,421,2,421,36,packages\fast-redact\test\index.js,1,1781
2951,CallExpression,nan,2,-1,-1,422,2,422,14,packages\fast-redact\test\index.js,1,1782
2952,CallExpression,nan,0,-1,-1,423,2,423,7,packages\fast-redact\test\index.js,1,1783
2953,CallExpression,nan,2,-1,-1,429,2,429,43,packages\fast-redact\test\index.js,1,1784
2954,CallExpression,nan,2,-1,-1,430,2,430,14,packages\fast-redact\test\index.js,1,1785
2955,CallExpression,nan,0,-1,-1,431,2,431,7,packages\fast-redact\test\index.js,1,1786
2956,CallExpression,nan,2,-1,-1,437,2,437,26,packages\fast-redact\test\index.js,1,1787
2957,CallExpression,nan,0,-1,-1,438,2,438,7,packages\fast-redact\test\index.js,1,1788
2958,CallExpression,nan,2,-1,-1,443,2,443,147,packages\fast-redact\test\index.js,1,1789
2959,CallExpression,nan,0,-1,-1,444,2,444,7,packages\fast-redact\test\index.js,1,1790
2960,CallExpression,nan,2,-1,-1,460,2,460,135,packages\fast-redact\test\index.js,1,1791
2961,CallExpression,nan,2,-1,-1,461,2,461,141,packages\fast-redact\test\index.js,1,1792
2962,CallExpression,nan,2,-1,-1,462,2,462,120,packages\fast-redact\test\index.js,1,1793
2963,CallExpression,nan,2,-1,-1,463,2,463,114,packages\fast-redact\test\index.js,1,1794
2964,CallExpression,nan,2,-1,-1,464,2,464,127,packages\fast-redact\test\index.js,1,1795
2965,CallExpression,nan,2,-1,-1,465,2,465,121,packages\fast-redact\test\index.js,1,1796
2966,CallExpression,nan,2,-1,-1,466,2,466,165,packages\fast-redact\test\index.js,1,1797
2967,CallExpression,nan,2,-1,-1,467,2,467,146,packages\fast-redact\test\index.js,1,1798
2968,CallExpression,nan,2,-1,-1,468,2,468,180,packages\fast-redact\test\index.js,1,1799
2969,CallExpression,nan,2,-1,-1,469,2,469,161,packages\fast-redact\test\index.js,1,1800
2970,CallExpression,nan,2,-1,-1,470,2,470,143,packages\fast-redact\test\index.js,1,1801
2971,CallExpression,nan,0,-1,-1,471,2,471,7,packages\fast-redact\test\index.js,1,1802
2972,CallExpression,nan,2,-1,-1,476,2,476,181,packages\fast-redact\test\index.js,1,1803
2973,CallExpression,nan,0,-1,-1,477,2,477,7,packages\fast-redact\test\index.js,1,1804
2974,CallExpression,nan,2,-1,-1,483,2,483,32,packages\fast-redact\test\index.js,1,1805
2975,CallExpression,nan,0,-1,-1,484,2,484,7,packages\fast-redact\test\index.js,1,1806
2976,CallExpression,nan,2,-1,-1,490,2,490,32,packages\fast-redact\test\index.js,1,1807
2977,CallExpression,nan,0,-1,-1,491,2,491,7,packages\fast-redact\test\index.js,1,1808
2978,CallExpression,nan,2,-1,-1,497,2,497,32,packages\fast-redact\test\index.js,1,1809
2979,CallExpression,nan,0,-1,-1,498,2,498,7,packages\fast-redact\test\index.js,1,1810
2980,CallExpression,nan,2,-1,-1,504,2,504,29,packages\fast-redact\test\index.js,1,1811
2981,CallExpression,nan,2,-1,-1,505,2,505,24,packages\fast-redact\test\index.js,1,1812
2982,CallExpression,nan,0,-1,-1,506,2,506,7,packages\fast-redact\test\index.js,1,1813
2983,CallExpression,nan,2,-1,-1,512,2,512,26,packages\fast-redact\test\index.js,1,1814
2984,CallExpression,nan,1,-1,-1,513,2,513,24,packages\fast-redact\test\index.js,1,1815
2985,CallExpression,nan,2,-1,-1,514,2,514,23,packages\fast-redact\test\index.js,1,1816
2986,CallExpression,nan,0,-1,-1,515,2,515,7,packages\fast-redact\test\index.js,1,1817
2987,CallExpression,nan,2,-1,-1,521,2,521,26,packages\fast-redact\test\index.js,1,1818
2988,CallExpression,nan,0,-1,-1,522,2,522,7,packages\fast-redact\test\index.js,1,1819
2989,CallExpression,nan,2,-1,-1,528,2,528,26,packages\fast-redact\test\index.js,1,1820
2990,CallExpression,nan,2,-1,-1,529,2,529,29,packages\fast-redact\test\index.js,1,1821
2991,CallExpression,nan,2,-1,-1,530,2,530,23,packages\fast-redact\test\index.js,1,1822
2992,CallExpression,nan,0,-1,-1,531,2,531,7,packages\fast-redact\test\index.js,1,1823
2993,CallExpression,nan,2,-1,-1,536,2,536,66,packages\fast-redact\test\index.js,1,1824
2994,CallExpression,nan,0,-1,-1,537,2,537,7,packages\fast-redact\test\index.js,1,1825
2995,CallExpression,nan,2,-1,-1,542,2,542,69,packages\fast-redact\test\index.js,1,1826
2996,CallExpression,nan,0,-1,-1,543,2,543,7,packages\fast-redact\test\index.js,1,1827
2997,CallExpression,nan,1,-1,-1,549,2,549,11,packages\fast-redact\test\index.js,1,1828
2998,CallExpression,nan,1,-1,-1,550,2,552,4,packages\fast-redact\test\index.js,1,1829
2999,CallExpression,nan,0,-1,-1,554,2,554,7,packages\fast-redact\test\index.js,1,1830
3000,CallExpression,nan,2,-1,-1,559,2,559,54,packages\fast-redact\test\index.js,1,1831
3001,CallExpression,nan,2,-1,-1,560,2,560,52,packages\fast-redact\test\index.js,1,1832
3002,CallExpression,nan,2,-1,-1,561,2,561,48,packages\fast-redact\test\index.js,1,1833
3003,CallExpression,nan,2,-1,-1,562,2,562,64,packages\fast-redact\test\index.js,1,1834
3004,CallExpression,nan,2,-1,-1,563,2,563,54,packages\fast-redact\test\index.js,1,1835
3005,CallExpression,nan,2,-1,-1,565,2,565,52,packages\fast-redact\test\index.js,1,1836
3006,CallExpression,nan,0,-1,-1,566,2,566,7,packages\fast-redact\test\index.js,1,1837
3007,AssignmentExpression,nan,-1,-1,-1,573,2,573,15,packages\fast-redact\test\index.js,1,1838
3008,AssignmentExpression,nan,-1,-1,-1,574,2,574,19,packages\fast-redact\test\index.js,1,1839
3009,CallExpression,nan,2,-1,-1,575,2,575,55,packages\fast-redact\test\index.js,1,1840
3010,CallExpression,nan,0,-1,-1,576,2,576,7,packages\fast-redact\test\index.js,1,1841
3011,AssignmentExpression,nan,-1,-1,-1,583,2,583,15,packages\fast-redact\test\index.js,1,1842
3012,AssignmentExpression,nan,-1,-1,-1,584,2,584,19,packages\fast-redact\test\index.js,1,1843
3013,CallExpression,nan,2,-1,-1,585,2,585,20,packages\fast-redact\test\index.js,1,1844
3014,CallExpression,nan,1,-1,-1,586,2,586,11,packages\fast-redact\test\index.js,1,1845
3015,CallExpression,nan,2,-1,-1,587,2,587,23,packages\fast-redact\test\index.js,1,1846
3016,CallExpression,nan,1,-1,-1,588,2,588,19,packages\fast-redact\test\index.js,1,1847
3017,CallExpression,nan,2,-1,-1,589,2,589,20,packages\fast-redact\test\index.js,1,1848
3018,CallExpression,nan,0,-1,-1,590,2,590,7,packages\fast-redact\test\index.js,1,1849
3019,AssignmentExpression,nan,-1,-1,-1,597,2,597,15,packages\fast-redact\test\index.js,1,1850
3020,AssignmentExpression,nan,-1,-1,-1,598,2,598,19,packages\fast-redact\test\index.js,1,1851
3021,CallExpression,nan,2,-1,-1,599,2,599,20,packages\fast-redact\test\index.js,1,1852
3022,CallExpression,nan,2,-1,-1,600,2,600,19,packages\fast-redact\test\index.js,1,1853
3023,CallExpression,nan,1,-1,-1,601,2,601,11,packages\fast-redact\test\index.js,1,1854
3024,CallExpression,nan,2,-1,-1,602,2,602,23,packages\fast-redact\test\index.js,1,1855
3025,CallExpression,nan,2,-1,-1,603,2,603,22,packages\fast-redact\test\index.js,1,1856
3026,CallExpression,nan,1,-1,-1,604,2,604,19,packages\fast-redact\test\index.js,1,1857
3027,CallExpression,nan,2,-1,-1,605,2,605,20,packages\fast-redact\test\index.js,1,1858
3028,CallExpression,nan,2,-1,-1,606,2,606,19,packages\fast-redact\test\index.js,1,1859
3029,CallExpression,nan,0,-1,-1,607,2,607,7,packages\fast-redact\test\index.js,1,1860
3030,CallExpression,nan,2,-1,-1,612,2,612,92,packages\fast-redact\test\index.js,1,1861
3031,CallExpression,nan,0,-1,-1,613,2,613,7,packages\fast-redact\test\index.js,1,1862
3032,CallExpression,nan,2,-1,-1,618,2,618,189,packages\fast-redact\test\index.js,1,1863
3033,CallExpression,nan,0,-1,-1,619,2,619,7,packages\fast-redact\test\index.js,1,1864
3034,CallExpression,nan,2,-1,-1,624,2,624,92,packages\fast-redact\test\index.js,1,1865
3035,CallExpression,nan,0,-1,-1,625,2,625,7,packages\fast-redact\test\index.js,1,1866
3036,CallExpression,nan,2,-1,-1,630,2,630,127,packages\fast-redact\test\index.js,1,1867
3037,CallExpression,nan,0,-1,-1,631,2,631,7,packages\fast-redact\test\index.js,1,1868
3038,CallExpression,nan,2,-1,-1,636,2,636,156,packages\fast-redact\test\index.js,1,1869
3039,CallExpression,nan,0,-1,-1,637,2,637,7,packages\fast-redact\test\index.js,1,1870
3040,CallExpression,nan,2,-1,-1,643,2,643,26,packages\fast-redact\test\index.js,1,1871
3041,CallExpression,nan,0,-1,-1,644,2,644,7,packages\fast-redact\test\index.js,1,1872
3042,CallExpression,nan,2,-1,-1,649,2,649,66,packages\fast-redact\test\index.js,1,1873
3043,CallExpression,nan,0,-1,-1,650,2,650,7,packages\fast-redact\test\index.js,1,1874
3044,CallExpression,nan,2,-1,-1,655,2,655,54,packages\fast-redact\test\index.js,1,1875
3045,CallExpression,nan,2,-1,-1,656,2,656,52,packages\fast-redact\test\index.js,1,1876
3046,CallExpression,nan,2,-1,-1,657,2,657,48,packages\fast-redact\test\index.js,1,1877
3047,CallExpression,nan,2,-1,-1,658,2,658,64,packages\fast-redact\test\index.js,1,1878
3048,CallExpression,nan,2,-1,-1,659,2,659,54,packages\fast-redact\test\index.js,1,1879
3049,CallExpression,nan,2,-1,-1,661,2,661,52,packages\fast-redact\test\index.js,1,1880
3050,CallExpression,nan,0,-1,-1,662,2,662,7,packages\fast-redact\test\index.js,1,1881
3051,AssignmentExpression,nan,-1,-1,-1,669,2,669,15,packages\fast-redact\test\index.js,1,1882
3052,AssignmentExpression,nan,-1,-1,-1,670,2,670,19,packages\fast-redact\test\index.js,1,1883
3053,CallExpression,nan,2,-1,-1,671,2,671,60,packages\fast-redact\test\index.js,1,1884
3054,CallExpression,nan,0,-1,-1,672,2,672,7,packages\fast-redact\test\index.js,1,1885
3055,AssignmentExpression,nan,-1,-1,-1,679,2,679,15,packages\fast-redact\test\index.js,1,1886
3056,AssignmentExpression,nan,-1,-1,-1,680,2,680,19,packages\fast-redact\test\index.js,1,1887
3057,CallExpression,nan,2,-1,-1,681,2,681,20,packages\fast-redact\test\index.js,1,1888
3058,CallExpression,nan,1,-1,-1,682,2,682,11,packages\fast-redact\test\index.js,1,1889
3059,CallExpression,nan,2,-1,-1,683,2,683,23,packages\fast-redact\test\index.js,1,1890
3060,CallExpression,nan,1,-1,-1,684,2,684,19,packages\fast-redact\test\index.js,1,1891
3061,CallExpression,nan,2,-1,-1,685,2,685,20,packages\fast-redact\test\index.js,1,1892
3062,CallExpression,nan,0,-1,-1,686,2,686,7,packages\fast-redact\test\index.js,1,1893
3063,AssignmentExpression,nan,-1,-1,-1,693,2,693,15,packages\fast-redact\test\index.js,1,1894
3064,AssignmentExpression,nan,-1,-1,-1,694,2,694,19,packages\fast-redact\test\index.js,1,1895
3065,CallExpression,nan,2,-1,-1,695,2,695,20,packages\fast-redact\test\index.js,1,1896
3066,CallExpression,nan,1,-1,-1,696,2,696,11,packages\fast-redact\test\index.js,1,1897
3067,CallExpression,nan,2,-1,-1,697,2,697,25,packages\fast-redact\test\index.js,1,1898
3068,CallExpression,nan,1,-1,-1,698,2,698,19,packages\fast-redact\test\index.js,1,1899
3069,CallExpression,nan,2,-1,-1,699,2,699,22,packages\fast-redact\test\index.js,1,1900
3070,CallExpression,nan,0,-1,-1,700,2,700,7,packages\fast-redact\test\index.js,1,1901
3071,AssignmentExpression,nan,-1,-1,-1,707,2,707,15,packages\fast-redact\test\index.js,1,1902
3072,AssignmentExpression,nan,-1,-1,-1,708,2,708,19,packages\fast-redact\test\index.js,1,1903
3073,CallExpression,nan,2,-1,-1,709,2,709,20,packages\fast-redact\test\index.js,1,1904
3074,CallExpression,nan,2,-1,-1,710,2,710,19,packages\fast-redact\test\index.js,1,1905
3075,CallExpression,nan,1,-1,-1,711,2,711,11,packages\fast-redact\test\index.js,1,1906
3076,CallExpression,nan,2,-1,-1,712,2,712,23,packages\fast-redact\test\index.js,1,1907
3077,CallExpression,nan,2,-1,-1,713,2,713,22,packages\fast-redact\test\index.js,1,1908
3078,CallExpression,nan,1,-1,-1,714,2,714,19,packages\fast-redact\test\index.js,1,1909
3079,CallExpression,nan,2,-1,-1,715,2,715,20,packages\fast-redact\test\index.js,1,1910
3080,CallExpression,nan,2,-1,-1,716,2,716,19,packages\fast-redact\test\index.js,1,1911
3081,CallExpression,nan,0,-1,-1,717,2,717,7,packages\fast-redact\test\index.js,1,1912
3082,CallExpression,nan,2,-1,-1,724,2,724,26,packages\fast-redact\test\index.js,1,1913
3083,CallExpression,nan,2,-1,-1,725,2,725,26,packages\fast-redact\test\index.js,1,1914
3084,CallExpression,nan,2,-1,-1,726,2,726,26,packages\fast-redact\test\index.js,1,1915
3085,CallExpression,nan,2,-1,-1,727,2,727,26,packages\fast-redact\test\index.js,1,1916
3086,CallExpression,nan,2,-1,-1,728,2,728,28,packages\fast-redact\test\index.js,1,1917
3087,CallExpression,nan,2,-1,-1,729,2,729,28,packages\fast-redact\test\index.js,1,1918
3088,CallExpression,nan,0,-1,-1,730,2,730,7,packages\fast-redact\test\index.js,1,1919
3089,CallExpression,nan,2,-1,-1,737,2,737,26,packages\fast-redact\test\index.js,1,1920
3090,CallExpression,nan,2,-1,-1,738,2,738,26,packages\fast-redact\test\index.js,1,1921
3091,CallExpression,nan,2,-1,-1,739,2,739,26,packages\fast-redact\test\index.js,1,1922
3092,CallExpression,nan,2,-1,-1,740,2,740,26,packages\fast-redact\test\index.js,1,1923
3093,CallExpression,nan,1,-1,-1,742,2,742,24,packages\fast-redact\test\index.js,1,1924
3094,CallExpression,nan,2,-1,-1,745,2,745,27,packages\fast-redact\test\index.js,1,1925
3095,CallExpression,nan,2,-1,-1,746,2,746,27,packages\fast-redact\test\index.js,1,1926
3096,CallExpression,nan,2,-1,-1,747,2,747,27,packages\fast-redact\test\index.js,1,1927
3097,CallExpression,nan,2,-1,-1,748,2,748,27,packages\fast-redact\test\index.js,1,1928
3098,CallExpression,nan,1,-1,-1,750,2,750,25,packages\fast-redact\test\index.js,1,1929
3099,CallExpression,nan,0,-1,-1,751,2,751,7,packages\fast-redact\test\index.js,1,1930
3100,CallExpression,nan,2,-1,-1,757,2,757,24,packages\fast-redact\test\index.js,1,1931
3101,CallExpression,nan,2,-1,-1,758,2,758,21,packages\fast-redact\test\index.js,1,1932
3102,CallExpression,nan,2,-1,-1,759,2,759,21,packages\fast-redact\test\index.js,1,1933
3103,CallExpression,nan,2,-1,-1,760,2,760,24,packages\fast-redact\test\index.js,1,1934
3104,CallExpression,nan,0,-1,-1,761,2,761,7,packages\fast-redact\test\index.js,1,1935
3105,CallExpression,nan,2,-1,-1,767,2,767,26,packages\fast-redact\test\index.js,1,1936
3106,CallExpression,nan,2,-1,-1,768,2,768,23,packages\fast-redact\test\index.js,1,1937
3107,CallExpression,nan,2,-1,-1,769,2,769,23,packages\fast-redact\test\index.js,1,1938
3108,CallExpression,nan,2,-1,-1,770,2,770,26,packages\fast-redact\test\index.js,1,1939
3109,CallExpression,nan,0,-1,-1,771,2,771,7,packages\fast-redact\test\index.js,1,1940
3110,CallExpression,nan,1,-1,-1,777,2,777,24,packages\fast-redact\test\index.js,1,1941
3111,CallExpression,nan,2,-1,-1,778,2,778,23,packages\fast-redact\test\index.js,1,1942
3112,CallExpression,nan,2,-1,-1,779,2,779,23,packages\fast-redact\test\index.js,1,1943
3113,CallExpression,nan,2,-1,-1,780,2,780,23,packages\fast-redact\test\index.js,1,1944
3114,CallExpression,nan,2,-1,-1,781,2,781,23,packages\fast-redact\test\index.js,1,1945
3115,CallExpression,nan,0,-1,-1,782,2,782,7,packages\fast-redact\test\index.js,1,1946
3116,CallExpression,nan,2,-1,-1,788,2,788,26,packages\fast-redact\test\index.js,1,1947
3117,CallExpression,nan,2,-1,-1,789,2,789,23,packages\fast-redact\test\index.js,1,1948
3118,CallExpression,nan,2,-1,-1,790,2,790,23,packages\fast-redact\test\index.js,1,1949
3119,CallExpression,nan,2,-1,-1,791,2,791,26,packages\fast-redact\test\index.js,1,1950
3120,CallExpression,nan,2,-1,-1,793,2,793,27,packages\fast-redact\test\index.js,1,1951
3121,CallExpression,nan,2,-1,-1,794,2,794,24,packages\fast-redact\test\index.js,1,1952
3122,CallExpression,nan,2,-1,-1,795,2,795,24,packages\fast-redact\test\index.js,1,1953
3123,CallExpression,nan,2,-1,-1,796,2,796,27,packages\fast-redact\test\index.js,1,1954
3124,CallExpression,nan,1,-1,-1,797,2,797,25,packages\fast-redact\test\index.js,1,1955
3125,CallExpression,nan,0,-1,-1,798,2,798,7,packages\fast-redact\test\index.js,1,1956
3126,CallExpression,nan,2,-1,-1,804,2,804,28,packages\fast-redact\test\index.js,1,1957
3127,CallExpression,nan,2,-1,-1,805,2,805,25,packages\fast-redact\test\index.js,1,1958
3128,CallExpression,nan,2,-1,-1,806,2,806,25,packages\fast-redact\test\index.js,1,1959
3129,CallExpression,nan,2,-1,-1,807,2,807,28,packages\fast-redact\test\index.js,1,1960
3130,CallExpression,nan,0,-1,-1,808,2,808,7,packages\fast-redact\test\index.js,1,1961
3131,CallExpression,nan,2,-1,-1,814,2,814,30,packages\fast-redact\test\index.js,1,1962
3132,CallExpression,nan,2,-1,-1,815,2,815,27,packages\fast-redact\test\index.js,1,1963
3133,CallExpression,nan,2,-1,-1,816,2,816,27,packages\fast-redact\test\index.js,1,1964
3134,CallExpression,nan,2,-1,-1,817,2,817,30,packages\fast-redact\test\index.js,1,1965
3135,CallExpression,nan,1,-1,-1,818,2,818,24,packages\fast-redact\test\index.js,1,1966
3136,CallExpression,nan,2,-1,-1,819,2,819,27,packages\fast-redact\test\index.js,1,1967
3137,CallExpression,nan,2,-1,-1,820,2,820,27,packages\fast-redact\test\index.js,1,1968
3138,CallExpression,nan,2,-1,-1,821,2,821,27,packages\fast-redact\test\index.js,1,1969
3139,CallExpression,nan,2,-1,-1,822,2,822,27,packages\fast-redact\test\index.js,1,1970
3140,CallExpression,nan,0,-1,-1,823,2,823,7,packages\fast-redact\test\index.js,1,1971
3141,CallExpression,nan,2,-1,-1,829,2,829,28,packages\fast-redact\test\index.js,1,1972
3142,CallExpression,nan,2,-1,-1,830,2,830,25,packages\fast-redact\test\index.js,1,1973
3143,CallExpression,nan,2,-1,-1,831,2,831,25,packages\fast-redact\test\index.js,1,1974
3144,CallExpression,nan,2,-1,-1,832,2,832,28,packages\fast-redact\test\index.js,1,1975
3145,CallExpression,nan,1,-1,-1,833,2,833,24,packages\fast-redact\test\index.js,1,1976
3146,CallExpression,nan,2,-1,-1,835,2,835,29,packages\fast-redact\test\index.js,1,1977
3147,CallExpression,nan,2,-1,-1,836,2,836,26,packages\fast-redact\test\index.js,1,1978
3148,CallExpression,nan,2,-1,-1,837,2,837,26,packages\fast-redact\test\index.js,1,1979
3149,CallExpression,nan,2,-1,-1,838,2,838,29,packages\fast-redact\test\index.js,1,1980
3150,CallExpression,nan,0,-1,-1,839,2,839,7,packages\fast-redact\test\index.js,1,1981
3151,CallExpression,nan,1,-1,-1,845,2,845,24,packages\fast-redact\test\index.js,1,1982
3152,CallExpression,nan,2,-1,-1,846,2,846,25,packages\fast-redact\test\index.js,1,1983
3153,CallExpression,nan,2,-1,-1,847,2,847,25,packages\fast-redact\test\index.js,1,1984
3154,CallExpression,nan,2,-1,-1,848,2,848,25,packages\fast-redact\test\index.js,1,1985
3155,CallExpression,nan,2,-1,-1,849,2,849,25,packages\fast-redact\test\index.js,1,1986
3156,CallExpression,nan,0,-1,-1,850,2,850,7,packages\fast-redact\test\index.js,1,1987
3157,CallExpression,nan,2,-1,-1,856,2,856,29,packages\fast-redact\test\index.js,1,1988
3158,CallExpression,nan,2,-1,-1,857,2,857,24,packages\fast-redact\test\index.js,1,1989
3159,CallExpression,nan,2,-1,-1,858,2,858,23,packages\fast-redact\test\index.js,1,1990
3160,CallExpression,nan,2,-1,-1,859,2,859,23,packages\fast-redact\test\index.js,1,1991
3161,CallExpression,nan,0,-1,-1,860,2,860,7,packages\fast-redact\test\index.js,1,1992
3162,CallExpression,nan,2,-1,-1,873,2,873,32,packages\fast-redact\test\index.js,1,1993
3163,CallExpression,nan,2,-1,-1,874,2,874,29,packages\fast-redact\test\index.js,1,1994
3164,CallExpression,nan,2,-1,-1,875,2,875,32,packages\fast-redact\test\index.js,1,1995
3165,CallExpression,nan,2,-1,-1,876,2,876,29,packages\fast-redact\test\index.js,1,1996
3166,CallExpression,nan,2,-1,-1,877,2,877,32,packages\fast-redact\test\index.js,1,1997
3167,CallExpression,nan,2,-1,-1,878,2,878,29,packages\fast-redact\test\index.js,1,1998
3168,CallExpression,nan,2,-1,-1,879,2,879,32,packages\fast-redact\test\index.js,1,1999
3169,CallExpression,nan,2,-1,-1,880,2,880,29,packages\fast-redact\test\index.js,1,2000
3170,CallExpression,nan,2,-1,-1,881,2,881,32,packages\fast-redact\test\index.js,1,2001
3171,CallExpression,nan,2,-1,-1,882,2,882,29,packages\fast-redact\test\index.js,1,2002
3172,CallExpression,nan,1,-1,-1,883,2,883,24,packages\fast-redact\test\index.js,1,2003
3173,CallExpression,nan,2,-1,-1,884,2,884,29,packages\fast-redact\test\index.js,1,2004
3174,CallExpression,nan,2,-1,-1,885,2,885,29,packages\fast-redact\test\index.js,1,2005
3175,CallExpression,nan,2,-1,-1,886,2,886,29,packages\fast-redact\test\index.js,1,2006
3176,CallExpression,nan,2,-1,-1,887,2,887,29,packages\fast-redact\test\index.js,1,2007
3177,CallExpression,nan,2,-1,-1,888,2,888,29,packages\fast-redact\test\index.js,1,2008
3178,CallExpression,nan,2,-1,-1,889,2,889,29,packages\fast-redact\test\index.js,1,2009
3179,CallExpression,nan,2,-1,-1,890,2,890,29,packages\fast-redact\test\index.js,1,2010
3180,CallExpression,nan,2,-1,-1,891,2,891,29,packages\fast-redact\test\index.js,1,2011
3181,CallExpression,nan,2,-1,-1,892,2,892,29,packages\fast-redact\test\index.js,1,2012
3182,CallExpression,nan,2,-1,-1,893,2,893,29,packages\fast-redact\test\index.js,1,2013
3183,CallExpression,nan,0,-1,-1,894,2,894,7,packages\fast-redact\test\index.js,1,2014
3184,CallExpression,nan,2,-1,-1,907,2,907,32,packages\fast-redact\test\index.js,1,2015
3185,CallExpression,nan,2,-1,-1,908,2,908,29,packages\fast-redact\test\index.js,1,2016
3186,CallExpression,nan,2,-1,-1,909,2,909,32,packages\fast-redact\test\index.js,1,2017
3187,CallExpression,nan,2,-1,-1,910,2,910,29,packages\fast-redact\test\index.js,1,2018
3188,CallExpression,nan,2,-1,-1,911,2,911,32,packages\fast-redact\test\index.js,1,2019
3189,CallExpression,nan,2,-1,-1,912,2,912,29,packages\fast-redact\test\index.js,1,2020
3190,CallExpression,nan,2,-1,-1,913,2,913,32,packages\fast-redact\test\index.js,1,2021
3191,CallExpression,nan,2,-1,-1,914,2,914,29,packages\fast-redact\test\index.js,1,2022
3192,CallExpression,nan,2,-1,-1,915,2,915,32,packages\fast-redact\test\index.js,1,2023
3193,CallExpression,nan,2,-1,-1,916,2,916,29,packages\fast-redact\test\index.js,1,2024
3194,CallExpression,nan,0,-1,-1,917,2,917,7,packages\fast-redact\test\index.js,1,2025
3195,CallExpression,nan,2,-1,-1,930,2,930,41,packages\fast-redact\test\index.js,1,2026
3196,CallExpression,nan,2,-1,-1,931,2,931,26,packages\fast-redact\test\index.js,1,2027
3197,CallExpression,nan,2,-1,-1,932,2,932,33,packages\fast-redact\test\index.js,1,2028
3198,CallExpression,nan,2,-1,-1,933,2,933,26,packages\fast-redact\test\index.js,1,2029
3199,CallExpression,nan,2,-1,-1,934,2,934,33,packages\fast-redact\test\index.js,1,2030
3200,CallExpression,nan,2,-1,-1,935,2,935,26,packages\fast-redact\test\index.js,1,2031
3201,CallExpression,nan,0,-1,-1,936,2,936,7,packages\fast-redact\test\index.js,1,2032
3202,CallExpression,nan,2,-1,-1,949,2,949,34,packages\fast-redact\test\index.js,1,2033
3203,CallExpression,nan,2,-1,-1,950,2,950,31,packages\fast-redact\test\index.js,1,2034
3204,CallExpression,nan,2,-1,-1,951,2,951,26,packages\fast-redact\test\index.js,1,2035
3205,CallExpression,nan,2,-1,-1,952,2,952,34,packages\fast-redact\test\index.js,1,2036
3206,CallExpression,nan,2,-1,-1,953,2,953,31,packages\fast-redact\test\index.js,1,2037
3207,CallExpression,nan,2,-1,-1,954,2,954,34,packages\fast-redact\test\index.js,1,2038
3208,CallExpression,nan,2,-1,-1,955,2,955,31,packages\fast-redact\test\index.js,1,2039
3209,CallExpression,nan,2,-1,-1,956,2,956,26,packages\fast-redact\test\index.js,1,2040
3210,CallExpression,nan,2,-1,-1,957,2,957,34,packages\fast-redact\test\index.js,1,2041
3211,CallExpression,nan,2,-1,-1,958,2,958,31,packages\fast-redact\test\index.js,1,2042
3212,CallExpression,nan,2,-1,-1,959,2,959,26,packages\fast-redact\test\index.js,1,2043
3213,CallExpression,nan,0,-1,-1,960,2,960,7,packages\fast-redact\test\index.js,1,2044
3214,CallExpression,nan,2,-1,-1,965,2,965,156,packages\fast-redact\test\index.js,1,2045
3215,CallExpression,nan,0,-1,-1,966,2,966,7,packages\fast-redact\test\index.js,1,2046
3216,CallExpression,nan,2,-1,-1,972,2,972,26,packages\fast-redact\test\index.js,1,2047
3217,CallExpression,nan,0,-1,-1,973,2,973,7,packages\fast-redact\test\index.js,1,2048
3218,CallExpression,nan,2,-1,-1,978,2,978,66,packages\fast-redact\test\index.js,1,2049
3219,CallExpression,nan,0,-1,-1,979,2,979,7,packages\fast-redact\test\index.js,1,2050
3220,CallExpression,nan,2,-1,-1,984,2,984,54,packages\fast-redact\test\index.js,1,2051
3221,CallExpression,nan,2,-1,-1,985,2,985,52,packages\fast-redact\test\index.js,1,2052
3222,CallExpression,nan,2,-1,-1,986,2,986,48,packages\fast-redact\test\index.js,1,2053
3223,CallExpression,nan,2,-1,-1,987,2,987,64,packages\fast-redact\test\index.js,1,2054
3224,CallExpression,nan,2,-1,-1,988,2,988,54,packages\fast-redact\test\index.js,1,2055
3225,CallExpression,nan,2,-1,-1,990,2,990,52,packages\fast-redact\test\index.js,1,2056
3226,CallExpression,nan,0,-1,-1,991,2,991,7,packages\fast-redact\test\index.js,1,2057
3227,AssignmentExpression,nan,-1,-1,-1,998,2,998,15,packages\fast-redact\test\index.js,1,2058
3228,AssignmentExpression,nan,-1,-1,-1,999,2,999,23,packages\fast-redact\test\index.js,1,2059
3229,CallExpression,nan,2,-1,-1,1000,2,1000,62,packages\fast-redact\test\index.js,1,2060
3230,CallExpression,nan,0,-1,-1,1001,2,1001,7,packages\fast-redact\test\index.js,1,2061
3231,AssignmentExpression,nan,-1,-1,-1,1008,2,1008,15,packages\fast-redact\test\index.js,1,2062
3232,AssignmentExpression,nan,-1,-1,-1,1009,2,1009,23,packages\fast-redact\test\index.js,1,2063
3233,CallExpression,nan,2,-1,-1,1010,2,1010,22,packages\fast-redact\test\index.js,1,2064
3234,CallExpression,nan,1,-1,-1,1011,2,1011,11,packages\fast-redact\test\index.js,1,2065
3235,CallExpression,nan,2,-1,-1,1012,2,1012,14,packages\fast-redact\test\index.js,1,2066
3236,CallExpression,nan,2,-1,-1,1013,2,1013,25,packages\fast-redact\test\index.js,1,2067
3237,CallExpression,nan,1,-1,-1,1014,2,1014,19,packages\fast-redact\test\index.js,1,2068
3238,CallExpression,nan,2,-1,-1,1015,2,1015,22,packages\fast-redact\test\index.js,1,2069
3239,CallExpression,nan,0,-1,-1,1016,2,1016,7,packages\fast-redact\test\index.js,1,2070
3240,AssignmentExpression,nan,-1,-1,-1,1023,2,1023,15,packages\fast-redact\test\index.js,1,2071
3241,AssignmentExpression,nan,-1,-1,-1,1024,2,1024,23,packages\fast-redact\test\index.js,1,2072
3242,CallExpression,nan,2,-1,-1,1025,2,1025,22,packages\fast-redact\test\index.js,1,2073
3243,CallExpression,nan,2,-1,-1,1026,2,1026,23,packages\fast-redact\test\index.js,1,2074
3244,CallExpression,nan,1,-1,-1,1027,2,1027,11,packages\fast-redact\test\index.js,1,2075
3245,CallExpression,nan,2,-1,-1,1028,2,1028,25,packages\fast-redact\test\index.js,1,2076
3246,CallExpression,nan,2,-1,-1,1029,2,1029,26,packages\fast-redact\test\index.js,1,2077
3247,CallExpression,nan,1,-1,-1,1030,2,1030,19,packages\fast-redact\test\index.js,1,2078
3248,CallExpression,nan,2,-1,-1,1031,2,1031,22,packages\fast-redact\test\index.js,1,2079
3249,CallExpression,nan,2,-1,-1,1032,2,1032,23,packages\fast-redact\test\index.js,1,2080
3250,CallExpression,nan,0,-1,-1,1033,2,1033,7,packages\fast-redact\test\index.js,1,2081
3251,CallExpression,nan,2,-1,-1,1039,2,1039,34,packages\fast-redact\test\index.js,1,2082
3252,CallExpression,nan,0,-1,-1,1040,2,1040,7,packages\fast-redact\test\index.js,1,2083
3253,CallExpression,nan,2,-1,-1,1046,2,1046,34,packages\fast-redact\test\index.js,1,2084
3254,CallExpression,nan,0,-1,-1,1047,2,1047,7,packages\fast-redact\test\index.js,1,2085
3255,CallExpression,nan,2,-1,-1,1053,2,1053,40,packages\fast-redact\test\index.js,1,2086
3256,CallExpression,nan,0,-1,-1,1054,2,1054,7,packages\fast-redact\test\index.js,1,2087
3257,CallExpression,nan,2,-1,-1,1060,2,1060,45,packages\fast-redact\test\index.js,1,2088
3258,CallExpression,nan,0,-1,-1,1061,2,1061,7,packages\fast-redact\test\index.js,1,2089
3259,CallExpression,nan,2,-1,-1,1067,2,1067,48,packages\fast-redact\test\index.js,1,2090
3260,CallExpression,nan,0,-1,-1,1068,2,1068,7,packages\fast-redact\test\index.js,1,2091
3261,CallExpression,nan,2,-1,-1,1074,2,1074,50,packages\fast-redact\test\index.js,1,2092
3262,CallExpression,nan,0,-1,-1,1075,2,1075,7,packages\fast-redact\test\index.js,1,2093
3263,CallExpression,nan,2,-1,-1,1081,2,1081,34,packages\fast-redact\test\index.js,1,2094
3264,CallExpression,nan,0,-1,-1,1082,2,1082,7,packages\fast-redact\test\index.js,1,2095
3265,CallExpression,nan,2,-1,-1,1088,2,1088,43,packages\fast-redact\test\index.js,1,2096
3266,CallExpression,nan,0,-1,-1,1089,2,1089,7,packages\fast-redact\test\index.js,1,2097
3267,AssignmentExpression,nan,-1,-1,-1,1096,2,1096,15,packages\fast-redact\test\index.js,1,2098
3268,AssignmentExpression,nan,-1,-1,-1,1097,2,1097,19,packages\fast-redact\test\index.js,1,2099
3269,CallExpression,nan,2,-1,-1,1098,2,1098,20,packages\fast-redact\test\index.js,1,2100
3270,CallExpression,nan,2,-1,-1,1099,2,1099,19,packages\fast-redact\test\index.js,1,2101
3271,CallExpression,nan,1,-1,-1,1100,2,1100,11,packages\fast-redact\test\index.js,1,2102
3272,CallExpression,nan,2,-1,-1,1101,2,1101,23,packages\fast-redact\test\index.js,1,2103
3273,CallExpression,nan,2,-1,-1,1102,2,1102,22,packages\fast-redact\test\index.js,1,2104
3274,CallExpression,nan,1,-1,-1,1103,2,1103,19,packages\fast-redact\test\index.js,1,2105
3275,CallExpression,nan,2,-1,-1,1104,2,1104,20,packages\fast-redact\test\index.js,1,2106
3276,CallExpression,nan,2,-1,-1,1105,2,1105,19,packages\fast-redact\test\index.js,1,2107
3277,CallExpression,nan,0,-1,-1,1106,2,1106,7,packages\fast-redact\test\index.js,1,2108
3278,AssignmentExpression,nan,-1,-1,-1,1113,2,1113,15,packages\fast-redact\test\index.js,1,2109
3279,AssignmentExpression,nan,-1,-1,-1,1114,2,1114,23,packages\fast-redact\test\index.js,1,2110
3280,CallExpression,nan,2,-1,-1,1115,2,1115,22,packages\fast-redact\test\index.js,1,2111
3281,CallExpression,nan,2,-1,-1,1116,2,1116,23,packages\fast-redact\test\index.js,1,2112
3282,CallExpression,nan,1,-1,-1,1117,2,1117,11,packages\fast-redact\test\index.js,1,2113
3283,CallExpression,nan,2,-1,-1,1118,2,1118,25,packages\fast-redact\test\index.js,1,2114
3284,CallExpression,nan,2,-1,-1,1119,2,1119,26,packages\fast-redact\test\index.js,1,2115
3285,CallExpression,nan,1,-1,-1,1120,2,1120,19,packages\fast-redact\test\index.js,1,2116
3286,CallExpression,nan,2,-1,-1,1121,2,1121,22,packages\fast-redact\test\index.js,1,2117
3287,CallExpression,nan,2,-1,-1,1122,2,1122,23,packages\fast-redact\test\index.js,1,2118
3288,CallExpression,nan,0,-1,-1,1123,2,1123,7,packages\fast-redact\test\index.js,1,2119
3289,CallExpression,nan,2,-1,-1,1129,2,1129,34,packages\fast-redact\test\index.js,1,2120
3290,CallExpression,nan,0,-1,-1,1130,2,1130,7,packages\fast-redact\test\index.js,1,2121
3291,CallExpression,nan,2,-1,-1,1137,2,1137,26,packages\fast-redact\test\index.js,1,2122
3292,CallExpression,nan,2,-1,-1,1138,2,1138,26,packages\fast-redact\test\index.js,1,2123
3293,CallExpression,nan,2,-1,-1,1139,2,1139,26,packages\fast-redact\test\index.js,1,2124
3294,CallExpression,nan,2,-1,-1,1140,2,1140,26,packages\fast-redact\test\index.js,1,2125
3295,CallExpression,nan,1,-1,-1,1142,2,1142,24,packages\fast-redact\test\index.js,1,2126
3296,CallExpression,nan,2,-1,-1,1145,2,1145,27,packages\fast-redact\test\index.js,1,2127
3297,CallExpression,nan,2,-1,-1,1146,2,1146,27,packages\fast-redact\test\index.js,1,2128
3298,CallExpression,nan,2,-1,-1,1147,2,1147,27,packages\fast-redact\test\index.js,1,2129
3299,CallExpression,nan,2,-1,-1,1148,2,1148,27,packages\fast-redact\test\index.js,1,2130
3300,CallExpression,nan,1,-1,-1,1150,2,1150,25,packages\fast-redact\test\index.js,1,2131
3301,CallExpression,nan,0,-1,-1,1151,2,1151,7,packages\fast-redact\test\index.js,1,2132
3302,CallExpression,nan,2,-1,-1,1157,2,1157,38,packages\fast-redact\test\index.js,1,2133
3303,CallExpression,nan,2,-1,-1,1158,2,1158,36,packages\fast-redact\test\index.js,1,2134
3304,CallExpression,nan,0,-1,-1,1159,2,1159,7,packages\fast-redact\test\index.js,1,2135
3305,CallExpression,nan,2,-1,-1,1165,2,1165,38,packages\fast-redact\test\index.js,1,2136
3306,CallExpression,nan,2,-1,-1,1166,2,1166,35,packages\fast-redact\test\index.js,1,2137
3307,CallExpression,nan,2,-1,-1,1167,2,1167,22,packages\fast-redact\test\index.js,1,2138
3308,CallExpression,nan,0,-1,-1,1168,2,1168,7,packages\fast-redact\test\index.js,1,2139
3309,CallExpression,nan,1,-1,-1,1177,2,1177,11,packages\fast-redact\test\index.js,1,2140
3310,CallExpression,nan,2,-1,-1,1178,2,1178,16,packages\fast-redact\test\index.js,1,2141
3311,CallExpression,nan,2,-1,-1,1179,2,1179,25,packages\fast-redact\test\index.js,1,2142
3312,CallExpression,nan,1,-1,-1,1180,2,1180,19,packages\fast-redact\test\index.js,1,2143
3313,CallExpression,nan,2,-1,-1,1181,2,1181,16,packages\fast-redact\test\index.js,1,2144
3314,CallExpression,nan,2,-1,-1,1182,2,1182,16,packages\fast-redact\test\index.js,1,2145
3315,CallExpression,nan,0,-1,-1,1183,2,1183,7,packages\fast-redact\test\index.js,1,2146
3316,CallExpression,nan,1,-1,-1,1192,2,1192,11,packages\fast-redact\test\index.js,1,2147
3317,CallExpression,nan,2,-1,-1,1193,2,1193,25,packages\fast-redact\test\index.js,1,2148
3318,CallExpression,nan,2,-1,-1,1194,2,1194,25,packages\fast-redact\test\index.js,1,2149
3319,CallExpression,nan,2,-1,-1,1195,2,1195,27,packages\fast-redact\test\index.js,1,2150
3320,CallExpression,nan,1,-1,-1,1196,2,1196,19,packages\fast-redact\test\index.js,1,2151
3321,CallExpression,nan,2,-1,-1,1197,2,1197,16,packages\fast-redact\test\index.js,1,2152
3322,CallExpression,nan,2,-1,-1,1198,2,1198,16,packages\fast-redact\test\index.js,1,2153
3323,CallExpression,nan,2,-1,-1,1199,2,1199,18,packages\fast-redact\test\index.js,1,2154
3324,CallExpression,nan,0,-1,-1,1200,2,1200,7,packages\fast-redact\test\index.js,1,2155
3325,CallExpression,nan,2,-1,-1,1206,2,1206,58,packages\fast-redact\test\index.js,1,2156
3326,CallExpression,nan,0,-1,-1,1207,2,1207,7,packages\fast-redact\test\index.js,1,2157
3327,CallExpression,nan,2,-1,-1,1214,2,1214,41,packages\fast-redact\test\index.js,1,2158
3328,CallExpression,nan,2,-1,-1,1215,2,1215,22,packages\fast-redact\test\index.js,1,2159
3329,CallExpression,nan,2,-1,-1,1217,2,1217,41,packages\fast-redact\test\index.js,1,2160
3330,CallExpression,nan,2,-1,-1,1218,2,1218,22,packages\fast-redact\test\index.js,1,2161
3331,CallExpression,nan,2,-1,-1,1219,2,1219,24,packages\fast-redact\test\index.js,1,2162
3332,CallExpression,nan,2,-1,-1,1220,2,1220,25,packages\fast-redact\test\index.js,1,2163
3333,CallExpression,nan,0,-1,-1,1221,2,1221,7,packages\fast-redact\test\index.js,1,2164
3334,CallExpression,nan,2,-1,-1,1227,2,1227,32,packages\fast-redact\test\index.js,1,2165
3335,CallExpression,nan,2,-1,-1,1228,2,1228,18,packages\fast-redact\test\index.js,1,2166
3336,CallExpression,nan,0,-1,-1,1229,2,1229,7,packages\fast-redact\test\index.js,1,2167
3337,CallExpression,nan,2,-1,-1,1238,2,1238,72,packages\fast-redact\test\index.js,1,2168
3338,CallExpression,nan,2,-1,-1,1239,2,1239,72,packages\fast-redact\test\index.js,1,2169
3339,CallExpression,nan,2,-1,-1,1240,2,1240,74,packages\fast-redact\test\index.js,1,2170
3340,CallExpression,nan,2,-1,-1,1241,2,1241,69,packages\fast-redact\test\index.js,1,2171
3341,CallExpression,nan,2,-1,-1,1242,2,1242,63,packages\fast-redact\test\index.js,1,2172
3342,CallExpression,nan,0,-1,-1,1243,2,1243,7,packages\fast-redact\test\index.js,1,2173
3343,CallExpression,nan,2,-1,-1,1253,2,1253,66,packages\fast-redact\test\index.js,1,2174
3344,CallExpression,nan,0,-1,-1,1254,2,1254,7,packages\fast-redact\test\index.js,1,2175
3345,CallExpression,nan,2,-1,-1,1267,2,1267,78,packages\fast-redact\test\index.js,1,2176
3346,CallExpression,nan,0,-1,-1,1268,2,1268,7,packages\fast-redact\test\index.js,1,2177
3347,CallExpression,nan,2,-1,-1,1280,2,1280,68,packages\fast-redact\test\index.js,1,2178
3348,CallExpression,nan,0,-1,-1,1281,2,1281,7,packages\fast-redact\test\index.js,1,2179
3349,CallExpression,nan,2,-1,-1,1291,2,1291,18,packages\fast-redact\test\index.js,1,2180
3350,CallExpression,nan,0,-1,-1,1292,2,1292,7,packages\fast-redact\test\index.js,1,2181
3351,CallExpression,nan,2,-1,-1,1304,2,1304,178,packages\fast-redact\test\index.js,1,2182
3352,CallExpression,nan,0,-1,-1,1305,2,1305,7,packages\fast-redact\test\index.js,1,2183
3353,CallExpression,nan,1,-1,-1,1317,2,1317,11,packages\fast-redact\test\index.js,1,2184
3354,CallExpression,nan,2,-1,-1,1318,2,1318,24,packages\fast-redact\test\index.js,1,2185
3355,CallExpression,nan,2,-1,-1,1319,2,1319,23,packages\fast-redact\test\index.js,1,2186
3356,CallExpression,nan,2,-1,-1,1320,2,1320,27,packages\fast-redact\test\index.js,1,2187
3357,CallExpression,nan,0,-1,-1,1321,2,1321,7,packages\fast-redact\test\index.js,1,2188
3358,CallExpression,nan,2,-1,-1,1344,2,1344,106,packages\fast-redact\test\index.js,1,2189
3359,CallExpression,nan,0,-1,-1,1345,2,1345,7,packages\fast-redact\test\index.js,1,2190
3360,CallExpression,nan,2,-1,-1,1368,2,1368,106,packages\fast-redact\test\index.js,1,2191
3361,CallExpression,nan,0,-1,-1,1369,2,1369,7,packages\fast-redact\test\index.js,1,2192
3362,CallExpression,nan,2,-1,-1,1375,2,1375,28,packages\fast-redact\test\index.js,1,2193
3363,CallExpression,nan,2,-1,-1,1376,2,1376,27,packages\fast-redact\test\index.js,1,2194
3364,CallExpression,nan,2,-1,-1,1377,2,1377,27,packages\fast-redact\test\index.js,1,2195
3365,CallExpression,nan,2,-1,-1,1378,2,1378,30,packages\fast-redact\test\index.js,1,2196
3366,CallExpression,nan,1,-1,-1,1379,2,1379,24,packages\fast-redact\test\index.js,1,2197
3367,CallExpression,nan,2,-1,-1,1380,2,1380,25,packages\fast-redact\test\index.js,1,2198
3368,CallExpression,nan,2,-1,-1,1381,2,1381,27,packages\fast-redact\test\index.js,1,2199
3369,CallExpression,nan,2,-1,-1,1382,2,1382,27,packages\fast-redact\test\index.js,1,2200
3370,CallExpression,nan,2,-1,-1,1383,2,1383,27,packages\fast-redact\test\index.js,1,2201
3371,CallExpression,nan,0,-1,-1,1384,2,1384,7,packages\fast-redact\test\index.js,1,2202
3372,CallExpression,nan,2,-1,-1,1390,2,1390,28,packages\fast-redact\test\index.js,1,2203
3373,CallExpression,nan,2,-1,-1,1391,2,1391,27,packages\fast-redact\test\index.js,1,2204
3374,CallExpression,nan,2,-1,-1,1392,2,1392,27,packages\fast-redact\test\index.js,1,2205
3375,CallExpression,nan,2,-1,-1,1393,2,1393,30,packages\fast-redact\test\index.js,1,2206
3376,CallExpression,nan,1,-1,-1,1394,2,1394,24,packages\fast-redact\test\index.js,1,2207
3377,CallExpression,nan,2,-1,-1,1395,2,1395,25,packages\fast-redact\test\index.js,1,2208
3378,CallExpression,nan,2,-1,-1,1396,2,1396,27,packages\fast-redact\test\index.js,1,2209
3379,CallExpression,nan,2,-1,-1,1397,2,1397,27,packages\fast-redact\test\index.js,1,2210
3380,CallExpression,nan,2,-1,-1,1398,2,1398,27,packages\fast-redact\test\index.js,1,2211
3381,CallExpression,nan,0,-1,-1,1399,2,1399,7,packages\fast-redact\test\index.js,1,2212
3382,CallExpression,nan,1,-1,-1,1412,2,1412,11,packages\fast-redact\test\index.js,1,2213
3383,CallExpression,nan,2,-1,-1,1413,2,1413,29,packages\fast-redact\test\index.js,1,2214
3384,CallExpression,nan,2,-1,-1,1414,2,1414,29,packages\fast-redact\test\index.js,1,2215
3385,CallExpression,nan,1,-1,-1,1415,2,1415,19,packages\fast-redact\test\index.js,1,2216
3386,CallExpression,nan,2,-1,-1,1416,2,1416,28,packages\fast-redact\test\index.js,1,2217
3387,CallExpression,nan,2,-1,-1,1417,2,1417,28,packages\fast-redact\test\index.js,1,2218
3388,CallExpression,nan,0,-1,-1,1418,2,1418,7,packages\fast-redact\test\index.js,1,2219
3389,CallExpression,nan,1,-1,-1,1461,2,1461,11,packages\fast-redact\test\index.js,1,2220
3390,CallExpression,nan,2,-1,-1,1462,2,1462,28,packages\fast-redact\test\index.js,1,2221
3391,CallExpression,nan,2,-1,-1,1463,2,1463,28,packages\fast-redact\test\index.js,1,2222
3392,CallExpression,nan,2,-1,-1,1464,2,1464,28,packages\fast-redact\test\index.js,1,2223
3393,CallExpression,nan,2,-1,-1,1465,2,1465,28,packages\fast-redact\test\index.js,1,2224
3394,CallExpression,nan,2,-1,-1,1466,2,1466,28,packages\fast-redact\test\index.js,1,2225
3395,CallExpression,nan,2,-1,-1,1467,2,1467,28,packages\fast-redact\test\index.js,1,2226
3396,CallExpression,nan,2,-1,-1,1468,2,1468,28,packages\fast-redact\test\index.js,1,2227
3397,CallExpression,nan,2,-1,-1,1469,2,1469,28,packages\fast-redact\test\index.js,1,2228
3398,CallExpression,nan,1,-1,-1,1470,2,1470,19,packages\fast-redact\test\index.js,1,2229
3399,CallExpression,nan,2,-1,-1,1471,2,1471,27,packages\fast-redact\test\index.js,1,2230
3400,CallExpression,nan,2,-1,-1,1472,2,1472,27,packages\fast-redact\test\index.js,1,2231
3401,CallExpression,nan,2,-1,-1,1473,2,1473,27,packages\fast-redact\test\index.js,1,2232
3402,CallExpression,nan,2,-1,-1,1474,2,1474,27,packages\fast-redact\test\index.js,1,2233
3403,CallExpression,nan,2,-1,-1,1475,2,1475,27,packages\fast-redact\test\index.js,1,2234
3404,CallExpression,nan,2,-1,-1,1476,2,1476,27,packages\fast-redact\test\index.js,1,2235
3405,CallExpression,nan,2,-1,-1,1477,2,1477,27,packages\fast-redact\test\index.js,1,2236
3406,CallExpression,nan,2,-1,-1,1478,2,1478,27,packages\fast-redact\test\index.js,1,2237
3407,CallExpression,nan,1,-1,-1,1480,2,1480,12,packages\fast-redact\test\index.js,1,2238
3408,CallExpression,nan,2,-1,-1,1481,2,1481,29,packages\fast-redact\test\index.js,1,2239
3409,CallExpression,nan,2,-1,-1,1482,2,1482,29,packages\fast-redact\test\index.js,1,2240
3410,CallExpression,nan,1,-1,-1,1483,2,1483,20,packages\fast-redact\test\index.js,1,2241
3411,CallExpression,nan,2,-1,-1,1484,2,1484,28,packages\fast-redact\test\index.js,1,2242
3412,CallExpression,nan,2,-1,-1,1485,2,1485,28,packages\fast-redact\test\index.js,1,2243
3413,CallExpression,nan,0,-1,-1,1487,2,1487,7,packages\fast-redact\test\index.js,1,2244
3414,CallExpression,nan,1,-1,-1,1497,2,1497,11,packages\fast-redact\test\index.js,1,2245
3415,CallExpression,nan,2,-1,-1,1498,2,1498,21,packages\fast-redact\test\index.js,1,2246
3416,CallExpression,nan,1,-1,-1,1499,2,1499,19,packages\fast-redact\test\index.js,1,2247
3417,CallExpression,nan,2,-1,-1,1500,2,1500,22,packages\fast-redact\test\index.js,1,2248
3418,CallExpression,nan,0,-1,-1,1501,2,1501,7,packages\fast-redact\test\index.js,1,2249
3419,ArrowFunctionExpression,nan,-1,0,0,12,15,12,31,packages\fast-redact\test\index.js,1,2250
3420,Identifier,doesNotThrow,-1,-1,-1,12,2,12,14,packages\fast-redact\test\index.js,1,2251
3421,ArrowFunctionExpression,nan,-1,0,0,13,15,16,3,packages\fast-redact\test\index.js,1,2252
3422,Identifier,doesNotThrow,-1,-1,-1,13,2,13,14,packages\fast-redact\test\index.js,1,2253
3423,Identifier,end,-1,-1,-1,17,2,17,5,packages\fast-redact\test\index.js,1,2254
3424,CallExpression,nan,1,-1,-1,21,5,21,30,packages\fast-redact\test\index.js,1,2255
3425,MemberExpression,nan,-1,-1,-1,21,32,21,46,packages\fast-redact\test\index.js,1,2256
3426,Identifier,is,-1,-1,-1,21,2,21,4,packages\fast-redact\test\index.js,1,2257
3427,CallExpression,nan,0,-1,-1,22,5,22,17,packages\fast-redact\test\index.js,1,2258
3428,MemberExpression,nan,-1,-1,-1,22,19,22,33,packages\fast-redact\test\index.js,1,2259
3429,Identifier,is,-1,-1,-1,22,2,22,4,packages\fast-redact\test\index.js,1,2260
3430,Identifier,end,-1,-1,-1,23,2,23,5,packages\fast-redact\test\index.js,1,2261
3431,ArrowFunctionExpression,nan,-1,0,0,28,9,28,24,packages\fast-redact\test\index.js,1,2262
3432,Identifier,throws,-1,-1,-1,28,2,28,8,packages\fast-redact\test\index.js,1,2263
3433,Identifier,end,-1,-1,-1,29,2,29,5,packages\fast-redact\test\index.js,1,2264
3434,ArrowFunctionExpression,nan,-1,0,0,34,9,34,24,packages\fast-redact\test\index.js,1,2265
3435,Identifier,throws,-1,-1,-1,34,2,34,8,packages\fast-redact\test\index.js,1,2266
3436,Identifier,end,-1,-1,-1,35,2,35,5,packages\fast-redact\test\index.js,1,2267
3437,ArrowFunctionExpression,nan,-1,2,0,46,21,50,3,packages\fast-redact\test\index.js,1,2268
3438,MemberExpression,nan,-1,-1,-1,46,2,46,20,packages\fast-redact\test\index.js,1,2269
3439,Identifier,end,-1,-1,-1,52,2,52,5,packages\fast-redact\test\index.js,1,2270
3440,ArrowFunctionExpression,nan,-1,1,0,65,21,69,3,packages\fast-redact\test\index.js,1,2271
3441,MemberExpression,nan,-1,-1,-1,65,2,65,20,packages\fast-redact\test\index.js,1,2272
3442,Identifier,end,-1,-1,-1,71,2,71,5,packages\fast-redact\test\index.js,1,2273
3443,ArrowFunctionExpression,nan,-1,1,0,83,21,87,3,packages\fast-redact\test\index.js,1,2274
3444,MemberExpression,nan,-1,-1,-1,83,2,83,20,packages\fast-redact\test\index.js,1,2275
3445,Identifier,end,-1,-1,-1,89,2,89,5,packages\fast-redact\test\index.js,1,2276
3446,ArrowFunctionExpression,nan,-1,1,0,101,21,105,3,packages\fast-redact\test\index.js,1,2277
3447,MemberExpression,nan,-1,-1,-1,101,2,101,20,packages\fast-redact\test\index.js,1,2278
3448,Identifier,end,-1,-1,-1,107,2,107,5,packages\fast-redact\test\index.js,1,2279
3449,MemberExpression,nan,-1,-1,-1,117,13,117,18,packages\fast-redact\test\index.js,1,2280
3450,ArrayExpression,nan,-1,-1,-1,117,20,117,36,packages\fast-redact\test\index.js,1,2281
3451,Identifier,strictSame,-1,-1,-1,117,2,117,12,packages\fast-redact\test\index.js,1,2282
3452,Identifier,end,-1,-1,-1,118,2,118,5,packages\fast-redact\test\index.js,1,2283
3453,ArrowFunctionExpression,nan,-1,1,0,123,9,125,3,packages\fast-redact\test\index.js,1,2284
3454,CallExpression,nan,1,-1,-1,125,5,125,26,packages\fast-redact\test\index.js,1,2285
3455,Identifier,throws,-1,-1,-1,123,2,123,8,packages\fast-redact\test\index.js,1,2286
3456,ArrowFunctionExpression,nan,-1,1,0,126,9,128,3,packages\fast-redact\test\index.js,1,2287
3457,CallExpression,nan,1,-1,-1,128,5,128,26,packages\fast-redact\test\index.js,1,2288
3458,Identifier,throws,-1,-1,-1,126,2,126,8,packages\fast-redact\test\index.js,1,2289
3459,ArrowFunctionExpression,nan,-1,1,0,129,9,131,3,packages\fast-redact\test\index.js,1,2290
3460,CallExpression,nan,1,-1,-1,131,5,131,26,packages\fast-redact\test\index.js,1,2291
3461,Identifier,throws,-1,-1,-1,129,2,129,8,packages\fast-redact\test\index.js,1,2292
3462,ArrowFunctionExpression,nan,-1,1,0,132,9,134,3,packages\fast-redact\test\index.js,1,2293
3463,CallExpression,nan,1,-1,-1,134,5,134,26,packages\fast-redact\test\index.js,1,2294
3464,Identifier,throws,-1,-1,-1,132,2,132,8,packages\fast-redact\test\index.js,1,2295
3465,ArrowFunctionExpression,nan,-1,1,0,135,9,137,3,packages\fast-redact\test\index.js,1,2296
3466,CallExpression,nan,1,-1,-1,137,5,137,26,packages\fast-redact\test\index.js,1,2297
3467,Identifier,throws,-1,-1,-1,135,2,135,8,packages\fast-redact\test\index.js,1,2298
3468,Identifier,end,-1,-1,-1,138,2,138,5,packages\fast-redact\test\index.js,1,2299
3469,ArrowFunctionExpression,nan,-1,1,0,143,9,145,3,packages\fast-redact\test\index.js,1,2300
3470,CallExpression,nan,1,-1,-1,145,5,145,13,packages\fast-redact\test\index.js,1,2301
3471,Identifier,throws,-1,-1,-1,143,2,143,8,packages\fast-redact\test\index.js,1,2302
3472,ArrowFunctionExpression,nan,-1,1,0,146,9,148,3,packages\fast-redact\test\index.js,1,2303
3473,CallExpression,nan,1,-1,-1,148,5,148,13,packages\fast-redact\test\index.js,1,2304
3474,Identifier,throws,-1,-1,-1,146,2,146,8,packages\fast-redact\test\index.js,1,2305
3475,ArrowFunctionExpression,nan,-1,1,0,149,9,151,3,packages\fast-redact\test\index.js,1,2306
3476,CallExpression,nan,1,-1,-1,151,5,151,15,packages\fast-redact\test\index.js,1,2307
3477,Identifier,throws,-1,-1,-1,149,2,149,8,packages\fast-redact\test\index.js,1,2308
3478,ArrowFunctionExpression,nan,-1,1,0,152,9,154,3,packages\fast-redact\test\index.js,1,2309
3479,CallExpression,nan,1,-1,-1,154,5,154,17,packages\fast-redact\test\index.js,1,2310
3480,Identifier,throws,-1,-1,-1,152,2,152,8,packages\fast-redact\test\index.js,1,2311
3481,ArrowFunctionExpression,nan,-1,1,0,155,9,157,3,packages\fast-redact\test\index.js,1,2312
3482,CallExpression,nan,1,-1,-1,157,5,157,16,packages\fast-redact\test\index.js,1,2313
3483,Identifier,throws,-1,-1,-1,155,2,155,8,packages\fast-redact\test\index.js,1,2314
3484,ArrowFunctionExpression,nan,-1,1,0,158,9,160,3,packages\fast-redact\test\index.js,1,2315
3485,CallExpression,nan,1,-1,-1,160,5,160,16,packages\fast-redact\test\index.js,1,2316
3486,Identifier,throws,-1,-1,-1,158,2,158,8,packages\fast-redact\test\index.js,1,2317
3487,ArrowFunctionExpression,nan,-1,1,0,161,9,163,3,packages\fast-redact\test\index.js,1,2318
3488,CallExpression,nan,1,-1,-1,163,5,163,17,packages\fast-redact\test\index.js,1,2319
3489,Identifier,throws,-1,-1,-1,161,2,161,8,packages\fast-redact\test\index.js,1,2320
3490,ArrowFunctionExpression,nan,-1,1,0,164,9,166,3,packages\fast-redact\test\index.js,1,2321
3491,CallExpression,nan,1,-1,-1,166,5,166,16,packages\fast-redact\test\index.js,1,2322
3492,Identifier,throws,-1,-1,-1,164,2,164,8,packages\fast-redact\test\index.js,1,2323
3493,ArrowFunctionExpression,nan,-1,1,0,167,9,169,3,packages\fast-redact\test\index.js,1,2324
3494,CallExpression,nan,1,-1,-1,169,5,169,19,packages\fast-redact\test\index.js,1,2325
3495,Identifier,throws,-1,-1,-1,167,2,167,8,packages\fast-redact\test\index.js,1,2326
3496,ArrowFunctionExpression,nan,-1,1,0,170,9,172,3,packages\fast-redact\test\index.js,1,2327
3497,CallExpression,nan,1,-1,-1,172,5,172,19,packages\fast-redact\test\index.js,1,2328
3498,Identifier,throws,-1,-1,-1,170,2,170,8,packages\fast-redact\test\index.js,1,2329
3499,ArrowFunctionExpression,nan,-1,1,0,173,9,175,3,packages\fast-redact\test\index.js,1,2330
3500,CallExpression,nan,1,-1,-1,175,5,175,17,packages\fast-redact\test\index.js,1,2331
3501,Identifier,throws,-1,-1,-1,173,2,173,8,packages\fast-redact\test\index.js,1,2332
3502,ArrowFunctionExpression,nan,-1,1,0,176,9,178,3,packages\fast-redact\test\index.js,1,2333
3503,CallExpression,nan,1,-1,-1,178,5,178,19,packages\fast-redact\test\index.js,1,2334
3504,Identifier,throws,-1,-1,-1,176,2,176,8,packages\fast-redact\test\index.js,1,2335
3505,ArrowFunctionExpression,nan,-1,1,0,179,9,181,3,packages\fast-redact\test\index.js,1,2336
3506,CallExpression,nan,1,-1,-1,181,5,181,18,packages\fast-redact\test\index.js,1,2337
3507,Identifier,throws,-1,-1,-1,179,2,179,8,packages\fast-redact\test\index.js,1,2338
3508,ArrowFunctionExpression,nan,-1,1,0,182,9,184,3,packages\fast-redact\test\index.js,1,2339
3509,CallExpression,nan,1,-1,-1,184,5,184,17,packages\fast-redact\test\index.js,1,2340
3510,Identifier,throws,-1,-1,-1,182,2,182,8,packages\fast-redact\test\index.js,1,2341
3511,ArrowFunctionExpression,nan,-1,1,0,185,9,187,3,packages\fast-redact\test\index.js,1,2342
3512,CallExpression,nan,1,-1,-1,187,5,187,24,packages\fast-redact\test\index.js,1,2343
3513,Identifier,throws,-1,-1,-1,185,2,185,8,packages\fast-redact\test\index.js,1,2344
3514,ArrowFunctionExpression,nan,-1,1,0,188,9,190,3,packages\fast-redact\test\index.js,1,2345
3515,CallExpression,nan,1,-1,-1,190,5,190,17,packages\fast-redact\test\index.js,1,2346
3516,Identifier,throws,-1,-1,-1,188,2,188,8,packages\fast-redact\test\index.js,1,2347
3517,ArrowFunctionExpression,nan,-1,1,0,191,9,193,3,packages\fast-redact\test\index.js,1,2348
3518,CallExpression,nan,1,-1,-1,193,5,193,17,packages\fast-redact\test\index.js,1,2349
3519,Identifier,throws,-1,-1,-1,191,2,191,8,packages\fast-redact\test\index.js,1,2350
3520,ArrowFunctionExpression,nan,-1,1,0,194,9,196,3,packages\fast-redact\test\index.js,1,2351
3521,CallExpression,nan,1,-1,-1,196,5,196,17,packages\fast-redact\test\index.js,1,2352
3522,Identifier,throws,-1,-1,-1,194,2,194,8,packages\fast-redact\test\index.js,1,2353
3523,ArrowFunctionExpression,nan,-1,1,0,197,9,199,3,packages\fast-redact\test\index.js,1,2354
3524,CallExpression,nan,1,-1,-1,199,5,199,18,packages\fast-redact\test\index.js,1,2355
3525,Identifier,throws,-1,-1,-1,197,2,197,8,packages\fast-redact\test\index.js,1,2356
3526,ArrowFunctionExpression,nan,-1,1,0,200,9,202,3,packages\fast-redact\test\index.js,1,2357
3527,CallExpression,nan,1,-1,-1,202,5,202,17,packages\fast-redact\test\index.js,1,2358
3528,Identifier,throws,-1,-1,-1,200,2,200,8,packages\fast-redact\test\index.js,1,2359
3529,ArrowFunctionExpression,nan,-1,1,0,203,9,205,3,packages\fast-redact\test\index.js,1,2360
3530,CallExpression,nan,1,-1,-1,205,5,205,18,packages\fast-redact\test\index.js,1,2361
3531,Identifier,throws,-1,-1,-1,203,2,203,8,packages\fast-redact\test\index.js,1,2362
3532,ArrowFunctionExpression,nan,-1,1,0,206,9,208,3,packages\fast-redact\test\index.js,1,2363
3533,CallExpression,nan,1,-1,-1,208,5,208,32,packages\fast-redact\test\index.js,1,2364
3534,Identifier,throws,-1,-1,-1,206,2,206,8,packages\fast-redact\test\index.js,1,2365
3535,ArrowFunctionExpression,nan,-1,1,0,209,9,211,3,packages\fast-redact\test\index.js,1,2366
3536,CallExpression,nan,1,-1,-1,211,5,211,24,packages\fast-redact\test\index.js,1,2367
3537,Identifier,throws,-1,-1,-1,209,2,209,8,packages\fast-redact\test\index.js,1,2368
3538,ArrowFunctionExpression,nan,-1,1,0,212,9,214,3,packages\fast-redact\test\index.js,1,2369
3539,CallExpression,nan,1,-1,-1,214,5,214,15,packages\fast-redact\test\index.js,1,2370
3540,Identifier,throws,-1,-1,-1,212,2,212,8,packages\fast-redact\test\index.js,1,2371
3541,ArrowFunctionExpression,nan,-1,1,0,215,9,217,3,packages\fast-redact\test\index.js,1,2372
3542,CallExpression,nan,1,-1,-1,217,5,217,20,packages\fast-redact\test\index.js,1,2373
3543,Identifier,throws,-1,-1,-1,215,2,215,8,packages\fast-redact\test\index.js,1,2374
3544,ArrowFunctionExpression,nan,-1,1,0,218,9,220,3,packages\fast-redact\test\index.js,1,2375
3545,CallExpression,nan,1,-1,-1,220,5,220,17,packages\fast-redact\test\index.js,1,2376
3546,Identifier,throws,-1,-1,-1,218,2,218,8,packages\fast-redact\test\index.js,1,2377
3547,ArrowFunctionExpression,nan,-1,1,0,221,9,223,3,packages\fast-redact\test\index.js,1,2378
3548,CallExpression,nan,1,-1,-1,223,5,223,19,packages\fast-redact\test\index.js,1,2379
3549,Identifier,throws,-1,-1,-1,221,2,221,8,packages\fast-redact\test\index.js,1,2380
3550,ArrowFunctionExpression,nan,-1,1,0,224,9,226,3,packages\fast-redact\test\index.js,1,2381
3551,CallExpression,nan,1,-1,-1,226,5,226,15,packages\fast-redact\test\index.js,1,2382
3552,Identifier,throws,-1,-1,-1,224,2,224,8,packages\fast-redact\test\index.js,1,2383
3553,ArrowFunctionExpression,nan,-1,1,0,227,9,229,3,packages\fast-redact\test\index.js,1,2384
3554,CallExpression,nan,1,-1,-1,229,5,229,15,packages\fast-redact\test\index.js,1,2385
3555,Identifier,throws,-1,-1,-1,227,2,227,8,packages\fast-redact\test\index.js,1,2386
3556,ArrowFunctionExpression,nan,-1,1,0,230,9,232,3,packages\fast-redact\test\index.js,1,2387
3557,CallExpression,nan,1,-1,-1,232,5,232,12,packages\fast-redact\test\index.js,1,2388
3558,Identifier,throws,-1,-1,-1,230,2,230,8,packages\fast-redact\test\index.js,1,2389
3559,ArrowFunctionExpression,nan,-1,1,0,233,9,235,3,packages\fast-redact\test\index.js,1,2390
3560,CallExpression,nan,1,-1,-1,235,5,235,18,packages\fast-redact\test\index.js,1,2391
3561,Identifier,throws,-1,-1,-1,233,2,233,8,packages\fast-redact\test\index.js,1,2392
3562,Identifier,end,-1,-1,-1,236,2,236,5,packages\fast-redact\test\index.js,1,2393
3563,ArrowFunctionExpression,nan,-1,0,0,240,9,242,3,packages\fast-redact\test\index.js,1,2394
3564,CallExpression,nan,1,-1,-1,242,5,242,93,packages\fast-redact\test\index.js,1,2395
3565,Identifier,throws,-1,-1,-1,240,2,240,8,packages\fast-redact\test\index.js,1,2396
3566,Identifier,end,-1,-1,-1,243,2,243,5,packages\fast-redact\test\index.js,1,2397
3567,ArrowFunctionExpression,nan,-1,0,0,247,9,249,3,packages\fast-redact\test\index.js,1,2398
3568,CallExpression,nan,1,-1,-1,249,5,249,93,packages\fast-redact\test\index.js,1,2399
3569,Identifier,throws,-1,-1,-1,247,2,247,8,packages\fast-redact\test\index.js,1,2400
3570,Identifier,end,-1,-1,-1,250,2,250,5,packages\fast-redact\test\index.js,1,2401
3571,Identifier,res,-1,-1,-1,261,13,261,16,packages\fast-redact\test\index.js,1,2402
3572,ObjectExpression,nan,-1,-1,-1,261,18,261,72,packages\fast-redact\test\index.js,1,2403
3573,Identifier,strictSame,-1,-1,-1,261,2,261,12,packages\fast-redact\test\index.js,1,2404
3574,Identifier,end,-1,-1,-1,262,2,262,5,packages\fast-redact\test\index.js,1,2405
3575,Identifier,res,-1,-1,-1,273,13,273,16,packages\fast-redact\test\index.js,1,2406
3576,ObjectExpression,nan,-1,-1,-1,273,18,273,45,packages\fast-redact\test\index.js,1,2407
3577,Identifier,strictSame,-1,-1,-1,273,2,273,12,packages\fast-redact\test\index.js,1,2408
3578,Identifier,end,-1,-1,-1,274,2,274,5,packages\fast-redact\test\index.js,1,2409
3579,Identifier,res,-1,-1,-1,285,13,285,16,packages\fast-redact\test\index.js,1,2410
3580,ObjectExpression,nan,-1,-1,-1,285,18,285,39,packages\fast-redact\test\index.js,1,2411
3581,Identifier,strictSame,-1,-1,-1,285,2,285,12,packages\fast-redact\test\index.js,1,2412
3582,Identifier,end,-1,-1,-1,286,2,286,5,packages\fast-redact\test\index.js,1,2413
3583,MemberExpression,nan,-1,-1,-1,292,5,292,25,packages\fast-redact\test\index.js,1,2414
3584,Identifier,censor,-1,-1,-1,292,27,292,33,packages\fast-redact\test\index.js,1,2415
3585,Identifier,is,-1,-1,-1,292,2,292,4,packages\fast-redact\test\index.js,1,2416
3586,Identifier,end,-1,-1,-1,293,2,293,5,packages\fast-redact\test\index.js,1,2417
3587,UnaryExpression,nan,1,-1,-1,299,5,299,26,packages\fast-redact\test\index.js,1,2418
3589,Identifier,is,-1,-1,-1,299,2,299,4,packages\fast-redact\test\index.js,1,2419
3590,Identifier,end,-1,-1,-1,300,2,300,5,packages\fast-redact\test\index.js,1,2420
3591,Identifier,o,-1,-1,-1,307,9,307,10,packages\fast-redact\test\index.js,1,2421
3592,Identifier,redact,-1,-1,-1,307,2,307,8,packages\fast-redact\test\index.js,1,2422
3593,MemberExpression,nan,-1,-1,-1,308,5,308,8,packages\fast-redact\test\index.js,1,2423
3594,Identifier,censor,-1,-1,-1,308,10,308,16,packages\fast-redact\test\index.js,1,2424
3595,Identifier,is,-1,-1,-1,308,2,308,4,packages\fast-redact\test\index.js,1,2425
3596,Identifier,o,-1,-1,-1,309,17,309,18,packages\fast-redact\test\index.js,1,2426
3597,MemberExpression,nan,-1,-1,-1,309,2,309,16,packages\fast-redact\test\index.js,1,2427
3598,MemberExpression,nan,-1,-1,-1,310,5,310,8,packages\fast-redact\test\index.js,1,2428
3600,Identifier,is,-1,-1,-1,310,2,310,4,packages\fast-redact\test\index.js,1,2429
3601,Identifier,end,-1,-1,-1,311,2,311,5,packages\fast-redact\test\index.js,1,2430
3602,Identifier,o1,-1,-1,-1,319,9,319,11,packages\fast-redact\test\index.js,1,2431
3603,Identifier,redact,-1,-1,-1,319,2,319,8,packages\fast-redact\test\index.js,1,2432
3604,MemberExpression,nan,-1,-1,-1,320,5,320,9,packages\fast-redact\test\index.js,1,2433
3605,Identifier,censor,-1,-1,-1,320,11,320,17,packages\fast-redact\test\index.js,1,2434
3606,Identifier,is,-1,-1,-1,320,2,320,4,packages\fast-redact\test\index.js,1,2435
3607,Identifier,o1,-1,-1,-1,321,17,321,19,packages\fast-redact\test\index.js,1,2436
3608,MemberExpression,nan,-1,-1,-1,321,2,321,16,packages\fast-redact\test\index.js,1,2437
3609,MemberExpression,nan,-1,-1,-1,322,5,322,9,packages\fast-redact\test\index.js,1,2438
3610,Identifier,censor,-1,-1,-1,322,11,322,17,packages\fast-redact\test\index.js,1,2439
3611,Identifier,is,-1,-1,-1,322,2,322,4,packages\fast-redact\test\index.js,1,2440
3612,Identifier,o2,-1,-1,-1,323,9,323,11,packages\fast-redact\test\index.js,1,2441
3613,Identifier,redact,-1,-1,-1,323,2,323,8,packages\fast-redact\test\index.js,1,2442
3614,MemberExpression,nan,-1,-1,-1,324,5,324,9,packages\fast-redact\test\index.js,1,2443
3615,Identifier,censor,-1,-1,-1,324,11,324,17,packages\fast-redact\test\index.js,1,2444
3616,Identifier,is,-1,-1,-1,324,2,324,4,packages\fast-redact\test\index.js,1,2445
3617,Identifier,o2,-1,-1,-1,325,17,325,19,packages\fast-redact\test\index.js,1,2446
3618,MemberExpression,nan,-1,-1,-1,325,2,325,16,packages\fast-redact\test\index.js,1,2447
3619,MemberExpression,nan,-1,-1,-1,326,5,326,9,packages\fast-redact\test\index.js,1,2448
3621,Identifier,is,-1,-1,-1,326,2,326,4,packages\fast-redact\test\index.js,1,2449
3622,Identifier,end,-1,-1,-1,327,2,327,5,packages\fast-redact\test\index.js,1,2450
3623,MemberExpression,nan,-1,-1,-1,332,5,332,31,packages\fast-redact\test\index.js,1,2451
3625,Identifier,is,-1,-1,-1,332,2,332,4,packages\fast-redact\test\index.js,1,2452
3626,Identifier,end,-1,-1,-1,333,2,333,5,packages\fast-redact\test\index.js,1,2453
3627,MemberExpression,nan,-1,-1,-1,338,5,338,31,packages\fast-redact\test\index.js,1,2454
3629,Identifier,is,-1,-1,-1,338,2,338,4,packages\fast-redact\test\index.js,1,2455
3630,Identifier,end,-1,-1,-1,339,2,339,5,packages\fast-redact\test\index.js,1,2456
3631,MemberExpression,nan,-1,-1,-1,344,5,344,40,packages\fast-redact\test\index.js,1,2457
3633,Identifier,is,-1,-1,-1,344,2,344,4,packages\fast-redact\test\index.js,1,2458
3634,MemberExpression,nan,-1,-1,-1,345,5,345,55,packages\fast-redact\test\index.js,1,2459
3636,Identifier,is,-1,-1,-1,345,2,345,4,packages\fast-redact\test\index.js,1,2460
3637,MemberExpression,nan,-1,-1,-1,346,5,346,55,packages\fast-redact\test\index.js,1,2461
3639,Identifier,is,-1,-1,-1,346,2,346,4,packages\fast-redact\test\index.js,1,2462
3640,Identifier,end,-1,-1,-1,347,2,347,5,packages\fast-redact\test\index.js,1,2463
3641,MemberExpression,nan,-1,-1,-1,352,5,352,40,packages\fast-redact\test\index.js,1,2464
3643,Identifier,is,-1,-1,-1,352,2,352,4,packages\fast-redact\test\index.js,1,2465
3644,CallExpression,nan,1,-1,-1,353,7,353,39,packages\fast-redact\test\index.js,1,2466
3645,ArrayExpression,nan,-1,-1,-1,353,41,353,46,packages\fast-redact\test\index.js,1,2467
3646,Identifier,same,-1,-1,-1,353,2,353,6,packages\fast-redact\test\index.js,1,2468
3647,MemberExpression,nan,-1,-1,-1,355,5,355,55,packages\fast-redact\test\index.js,1,2469
3649,Identifier,is,-1,-1,-1,355,2,355,4,packages\fast-redact\test\index.js,1,2470
3650,CallExpression,nan,1,-1,-1,356,7,356,39,packages\fast-redact\test\index.js,1,2471
3651,ArrayExpression,nan,-1,-1,-1,356,41,356,46,packages\fast-redact\test\index.js,1,2472
3652,Identifier,same,-1,-1,-1,356,2,356,6,packages\fast-redact\test\index.js,1,2473
3653,MemberExpression,nan,-1,-1,-1,357,5,357,47,packages\fast-redact\test\index.js,1,2474
3654,Identifier,intialSecretSize,-1,-1,-1,357,49,357,65,packages\fast-redact\test\index.js,1,2475
3655,Identifier,is,-1,-1,-1,357,2,357,4,packages\fast-redact\test\index.js,1,2476
3656,MemberExpression,nan,-1,-1,-1,358,5,358,55,packages\fast-redact\test\index.js,1,2477
3658,Identifier,is,-1,-1,-1,358,2,358,4,packages\fast-redact\test\index.js,1,2478
3659,CallExpression,nan,1,-1,-1,359,7,359,39,packages\fast-redact\test\index.js,1,2479
3660,ArrayExpression,nan,-1,-1,-1,359,41,359,46,packages\fast-redact\test\index.js,1,2480
3661,Identifier,same,-1,-1,-1,359,2,359,6,packages\fast-redact\test\index.js,1,2481
3662,MemberExpression,nan,-1,-1,-1,360,5,360,47,packages\fast-redact\test\index.js,1,2482
3663,Identifier,intialSecretSize,-1,-1,-1,360,49,360,65,packages\fast-redact\test\index.js,1,2483
3664,Identifier,is,-1,-1,-1,360,2,360,4,packages\fast-redact\test\index.js,1,2484
3665,Identifier,end,-1,-1,-1,361,2,361,5,packages\fast-redact\test\index.js,1,2485
3666,MemberExpression,nan,-1,-1,-1,366,5,366,31,packages\fast-redact\test\index.js,1,2486
3668,Identifier,is,-1,-1,-1,366,2,366,4,packages\fast-redact\test\index.js,1,2487
3669,Identifier,end,-1,-1,-1,367,2,367,5,packages\fast-redact\test\index.js,1,2488
3670,MemberExpression,nan,-1,-1,-1,372,5,372,31,packages\fast-redact\test\index.js,1,2489
3672,Identifier,is,-1,-1,-1,372,2,372,4,packages\fast-redact\test\index.js,1,2490
3673,Identifier,end,-1,-1,-1,373,2,373,5,packages\fast-redact\test\index.js,1,2491
3674,MemberExpression,nan,-1,-1,-1,378,5,378,40,packages\fast-redact\test\index.js,1,2492
3676,Identifier,is,-1,-1,-1,378,2,378,4,packages\fast-redact\test\index.js,1,2493
3677,MemberExpression,nan,-1,-1,-1,379,5,379,55,packages\fast-redact\test\index.js,1,2494
3679,Identifier,is,-1,-1,-1,379,2,379,4,packages\fast-redact\test\index.js,1,2495
3680,MemberExpression,nan,-1,-1,-1,380,5,380,55,packages\fast-redact\test\index.js,1,2496
3682,Identifier,is,-1,-1,-1,380,2,380,4,packages\fast-redact\test\index.js,1,2497
3683,Identifier,end,-1,-1,-1,381,2,381,5,packages\fast-redact\test\index.js,1,2498
3684,Identifier,o,-1,-1,-1,387,9,387,10,packages\fast-redact\test\index.js,1,2499
3685,Identifier,redact,-1,-1,-1,387,2,387,8,packages\fast-redact\test\index.js,1,2500
3686,MemberExpression,nan,-1,-1,-1,388,5,388,8,packages\fast-redact\test\index.js,1,2501
3688,Identifier,is,-1,-1,-1,388,2,388,4,packages\fast-redact\test\index.js,1,2502
3689,Identifier,o,-1,-1,-1,389,17,389,18,packages\fast-redact\test\index.js,1,2503
3690,MemberExpression,nan,-1,-1,-1,389,2,389,16,packages\fast-redact\test\index.js,1,2504
3691,MemberExpression,nan,-1,-1,-1,390,5,390,8,packages\fast-redact\test\index.js,1,2505
3693,Identifier,is,-1,-1,-1,390,2,390,4,packages\fast-redact\test\index.js,1,2506
3694,Identifier,end,-1,-1,-1,391,2,391,5,packages\fast-redact\test\index.js,1,2507
3695,CallExpression,nan,1,-1,-1,397,5,397,14,packages\fast-redact\test\index.js,1,2508
3696,TemplateLiteral,nan,-1,-1,-1,397,16,397,35,packages\fast-redact\test\index.js,1,2509
3697,Identifier,is,-1,-1,-1,397,2,397,4,packages\fast-redact\test\index.js,1,2510
3698,MemberExpression,nan,-1,-1,-1,398,5,398,8,packages\fast-redact\test\index.js,1,2511
3700,Identifier,is,-1,-1,-1,398,2,398,4,packages\fast-redact\test\index.js,1,2512
3701,Identifier,end,-1,-1,-1,399,2,399,5,packages\fast-redact\test\index.js,1,2513
3702,CallExpression,nan,1,-1,-1,405,5,405,14,packages\fast-redact\test\index.js,1,2514
3703,TemplateLiteral,nan,-1,-1,-1,405,16,405,27,packages\fast-redact\test\index.js,1,2515
3704,Identifier,is,-1,-1,-1,405,2,405,4,packages\fast-redact\test\index.js,1,2516
3705,MemberExpression,nan,-1,-1,-1,406,5,406,8,packages\fast-redact\test\index.js,1,2517
3707,Identifier,is,-1,-1,-1,406,2,406,4,packages\fast-redact\test\index.js,1,2518
3708,Identifier,end,-1,-1,-1,407,2,407,5,packages\fast-redact\test\index.js,1,2519
3709,CallExpression,nan,1,-1,-1,413,5,413,14,packages\fast-redact\test\index.js,1,2520
3710,TemplateLiteral,nan,-1,-1,-1,413,16,413,35,packages\fast-redact\test\index.js,1,2521
3711,Identifier,is,-1,-1,-1,413,2,413,4,packages\fast-redact\test\index.js,1,2522
3712,MemberExpression,nan,-1,-1,-1,414,5,414,8,packages\fast-redact\test\index.js,1,2523
3714,Identifier,is,-1,-1,-1,414,2,414,4,packages\fast-redact\test\index.js,1,2524
3715,Identifier,end,-1,-1,-1,415,2,415,5,packages\fast-redact\test\index.js,1,2525
3716,CallExpression,nan,1,-1,-1,421,5,421,14,packages\fast-redact\test\index.js,1,2526
3717,TemplateLiteral,nan,-1,-1,-1,421,16,421,35,packages\fast-redact\test\index.js,1,2527
3718,Identifier,is,-1,-1,-1,421,2,421,4,packages\fast-redact\test\index.js,1,2528
3719,MemberExpression,nan,-1,-1,-1,422,5,422,8,packages\fast-redact\test\index.js,1,2529
3721,Identifier,is,-1,-1,-1,422,2,422,4,packages\fast-redact\test\index.js,1,2530
3722,Identifier,end,-1,-1,-1,423,2,423,5,packages\fast-redact\test\index.js,1,2531
3723,CallExpression,nan,1,-1,-1,429,5,429,14,packages\fast-redact\test\index.js,1,2532
3724,TemplateLiteral,nan,-1,-1,-1,429,16,429,42,packages\fast-redact\test\index.js,1,2533
3725,Identifier,is,-1,-1,-1,429,2,429,4,packages\fast-redact\test\index.js,1,2534
3726,MemberExpression,nan,-1,-1,-1,430,5,430,8,packages\fast-redact\test\index.js,1,2535
3728,Identifier,is,-1,-1,-1,430,2,430,4,packages\fast-redact\test\index.js,1,2536
3729,Identifier,end,-1,-1,-1,431,2,431,5,packages\fast-redact\test\index.js,1,2537
3730,MemberExpression,nan,-1,-1,-1,437,5,437,17,packages\fast-redact\test\index.js,1,2538
3731,Identifier,censor,-1,-1,-1,437,19,437,25,packages\fast-redact\test\index.js,1,2539
3732,Identifier,is,-1,-1,-1,437,2,437,4,packages\fast-redact\test\index.js,1,2540
3733,Identifier,end,-1,-1,-1,438,2,438,5,packages\fast-redact\test\index.js,1,2541
3734,CallExpression,nan,1,-1,-1,443,7,443,84,packages\fast-redact\test\index.js,1,2542
3735,ObjectExpression,nan,-1,-1,-1,443,86,443,146,packages\fast-redact\test\index.js,1,2543
3736,Identifier,same,-1,-1,-1,443,2,443,6,packages\fast-redact\test\index.js,1,2544
3737,Identifier,end,-1,-1,-1,444,2,444,5,packages\fast-redact\test\index.js,1,2545
3738,CallExpression,nan,1,-1,-1,460,7,460,70,packages\fast-redact\test\index.js,1,2546
3739,ObjectExpression,nan,-1,-1,-1,460,72,460,134,packages\fast-redact\test\index.js,1,2547
3740,Identifier,same,-1,-1,-1,460,2,460,6,packages\fast-redact\test\index.js,1,2548
3741,CallExpression,nan,1,-1,-1,461,7,461,73,packages\fast-redact\test\index.js,1,2549
3742,ObjectExpression,nan,-1,-1,-1,461,75,461,140,packages\fast-redact\test\index.js,1,2550
3743,Identifier,same,-1,-1,-1,461,2,461,6,packages\fast-redact\test\index.js,1,2551
3744,CallExpression,nan,1,-1,-1,462,7,462,70,packages\fast-redact\test\index.js,1,2552
3745,ObjectExpression,nan,-1,-1,-1,462,72,462,119,packages\fast-redact\test\index.js,1,2553
3746,Identifier,same,-1,-1,-1,462,2,462,6,packages\fast-redact\test\index.js,1,2554
3747,CallExpression,nan,1,-1,-1,463,7,463,70,packages\fast-redact\test\index.js,1,2555
3748,ObjectExpression,nan,-1,-1,-1,463,72,463,113,packages\fast-redact\test\index.js,1,2556
3749,Identifier,same,-1,-1,-1,463,2,463,6,packages\fast-redact\test\index.js,1,2557
3750,CallExpression,nan,1,-1,-1,464,7,464,71,packages\fast-redact\test\index.js,1,2558
3751,ObjectExpression,nan,-1,-1,-1,464,73,464,126,packages\fast-redact\test\index.js,1,2559
3752,Identifier,same,-1,-1,-1,464,2,464,6,packages\fast-redact\test\index.js,1,2560
3753,CallExpression,nan,1,-1,-1,465,7,465,68,packages\fast-redact\test\index.js,1,2561
3754,ObjectExpression,nan,-1,-1,-1,465,70,465,120,packages\fast-redact\test\index.js,1,2562
3755,Identifier,same,-1,-1,-1,465,2,465,6,packages\fast-redact\test\index.js,1,2563
3756,CallExpression,nan,1,-1,-1,466,7,466,70,packages\fast-redact\test\index.js,1,2564
3757,ObjectExpression,nan,-1,-1,-1,466,72,466,164,packages\fast-redact\test\index.js,1,2565
3758,Identifier,same,-1,-1,-1,466,2,466,6,packages\fast-redact\test\index.js,1,2566
3759,CallExpression,nan,1,-1,-1,467,7,467,69,packages\fast-redact\test\index.js,1,2567
3760,ObjectExpression,nan,-1,-1,-1,467,71,467,145,packages\fast-redact\test\index.js,1,2568
3761,Identifier,same,-1,-1,-1,467,2,467,6,packages\fast-redact\test\index.js,1,2569
3762,CallExpression,nan,1,-1,-1,468,7,468,70,packages\fast-redact\test\index.js,1,2570
3763,ObjectExpression,nan,-1,-1,-1,468,72,468,179,packages\fast-redact\test\index.js,1,2571
3764,Identifier,same,-1,-1,-1,468,2,468,6,packages\fast-redact\test\index.js,1,2572
3765,CallExpression,nan,1,-1,-1,469,7,469,69,packages\fast-redact\test\index.js,1,2573
3766,ObjectExpression,nan,-1,-1,-1,469,71,469,160,packages\fast-redact\test\index.js,1,2574
3767,Identifier,same,-1,-1,-1,469,2,469,6,packages\fast-redact\test\index.js,1,2575
3768,CallExpression,nan,1,-1,-1,470,7,470,72,packages\fast-redact\test\index.js,1,2576
3769,ObjectExpression,nan,-1,-1,-1,470,74,470,142,packages\fast-redact\test\index.js,1,2577
3770,Identifier,same,-1,-1,-1,470,2,470,6,packages\fast-redact\test\index.js,1,2578
3771,Identifier,end,-1,-1,-1,471,2,471,5,packages\fast-redact\test\index.js,1,2579
3772,CallExpression,nan,1,-1,-1,476,7,476,95,packages\fast-redact\test\index.js,1,2580
3773,ObjectExpression,nan,-1,-1,-1,476,97,476,180,packages\fast-redact\test\index.js,1,2581
3774,Identifier,same,-1,-1,-1,476,2,476,6,packages\fast-redact\test\index.js,1,2582
3775,Identifier,end,-1,-1,-1,477,2,477,5,packages\fast-redact\test\index.js,1,2583
3776,MemberExpression,nan,-1,-1,-1,483,5,483,23,packages\fast-redact\test\index.js,1,2584
3777,Identifier,censor,-1,-1,-1,483,25,483,31,packages\fast-redact\test\index.js,1,2585
3778,Identifier,is,-1,-1,-1,483,2,483,4,packages\fast-redact\test\index.js,1,2586
3779,Identifier,end,-1,-1,-1,484,2,484,5,packages\fast-redact\test\index.js,1,2587
3780,MemberExpression,nan,-1,-1,-1,490,5,490,23,packages\fast-redact\test\index.js,1,2588
3781,Identifier,censor,-1,-1,-1,490,25,490,31,packages\fast-redact\test\index.js,1,2589
3782,Identifier,is,-1,-1,-1,490,2,490,4,packages\fast-redact\test\index.js,1,2590
3783,Identifier,end,-1,-1,-1,491,2,491,5,packages\fast-redact\test\index.js,1,2591
3784,MemberExpression,nan,-1,-1,-1,497,5,497,23,packages\fast-redact\test\index.js,1,2592
3785,Identifier,censor,-1,-1,-1,497,25,497,31,packages\fast-redact\test\index.js,1,2593
3786,Identifier,is,-1,-1,-1,497,2,497,4,packages\fast-redact\test\index.js,1,2594
3787,Identifier,end,-1,-1,-1,498,2,498,5,packages\fast-redact\test\index.js,1,2595
3788,MemberExpression,nan,-1,-1,-1,504,5,504,20,packages\fast-redact\test\index.js,1,2596
3789,Identifier,censor,-1,-1,-1,504,22,504,28,packages\fast-redact\test\index.js,1,2597
3790,Identifier,is,-1,-1,-1,504,2,504,4,packages\fast-redact\test\index.js,1,2598
3791,MemberExpression,nan,-1,-1,-1,505,5,505,20,packages\fast-redact\test\index.js,1,2599
3793,Identifier,is,-1,-1,-1,505,2,505,4,packages\fast-redact\test\index.js,1,2600
3794,Identifier,end,-1,-1,-1,506,2,506,5,packages\fast-redact\test\index.js,1,2601
3795,MemberExpression,nan,-1,-1,-1,512,5,512,17,packages\fast-redact\test\index.js,1,2602
3796,Identifier,censor,-1,-1,-1,512,19,512,25,packages\fast-redact\test\index.js,1,2603
3797,Identifier,is,-1,-1,-1,512,2,512,4,packages\fast-redact\test\index.js,1,2604
3798,Identifier,result,-1,-1,-1,513,17,513,23,packages\fast-redact\test\index.js,1,2605
3799,MemberExpression,nan,-1,-1,-1,513,2,513,16,packages\fast-redact\test\index.js,1,2606
3800,MemberExpression,nan,-1,-1,-1,514,5,514,17,packages\fast-redact\test\index.js,1,2607
3802,Identifier,is,-1,-1,-1,514,2,514,4,packages\fast-redact\test\index.js,1,2608
3803,Identifier,end,-1,-1,-1,515,2,515,5,packages\fast-redact\test\index.js,1,2609
3804,MemberExpression,nan,-1,-1,-1,521,5,521,17,packages\fast-redact\test\index.js,1,2610
3805,Identifier,censor,-1,-1,-1,521,19,521,25,packages\fast-redact\test\index.js,1,2611
3806,Identifier,is,-1,-1,-1,521,2,521,4,packages\fast-redact\test\index.js,1,2612
3807,Identifier,end,-1,-1,-1,522,2,522,5,packages\fast-redact\test\index.js,1,2613
3808,MemberExpression,nan,-1,-1,-1,528,5,528,17,packages\fast-redact\test\index.js,1,2614
3809,Identifier,censor,-1,-1,-1,528,19,528,25,packages\fast-redact\test\index.js,1,2615
3810,Identifier,is,-1,-1,-1,528,2,528,4,packages\fast-redact\test\index.js,1,2616
3811,Identifier,result,-1,-1,-1,529,17,529,23,packages\fast-redact\test\index.js,1,2617
3813,MemberExpression,nan,-1,-1,-1,529,2,529,16,packages\fast-redact\test\index.js,1,2618
3814,MemberExpression,nan,-1,-1,-1,530,5,530,17,packages\fast-redact\test\index.js,1,2619
3816,Identifier,is,-1,-1,-1,530,2,530,4,packages\fast-redact\test\index.js,1,2620
3817,Identifier,end,-1,-1,-1,531,2,531,5,packages\fast-redact\test\index.js,1,2621
3818,CallExpression,nan,1,-1,-1,536,7,536,39,packages\fast-redact\test\index.js,1,2622
3819,ObjectExpression,nan,-1,-1,-1,536,41,536,65,packages\fast-redact\test\index.js,1,2623
3820,Identifier,same,-1,-1,-1,536,2,536,6,packages\fast-redact\test\index.js,1,2624
3821,Identifier,end,-1,-1,-1,537,2,537,5,packages\fast-redact\test\index.js,1,2625
3822,CallExpression,nan,1,-1,-1,542,7,542,39,packages\fast-redact\test\index.js,1,2626
3823,ObjectExpression,nan,-1,-1,-1,542,41,542,68,packages\fast-redact\test\index.js,1,2627
3824,Identifier,same,-1,-1,-1,542,2,542,6,packages\fast-redact\test\index.js,1,2628
3825,Identifier,end,-1,-1,-1,543,2,543,5,packages\fast-redact\test\index.js,1,2629
3826,Identifier,o,-1,-1,-1,549,9,549,10,packages\fast-redact\test\index.js,1,2630
3827,Identifier,redact,-1,-1,-1,549,2,549,8,packages\fast-redact\test\index.js,1,2631
3828,ArrowFunctionExpression,nan,-1,0,0,550,15,552,3,packages\fast-redact\test\index.js,1,2632
3829,Identifier,doesNotThrow,-1,-1,-1,550,2,550,14,packages\fast-redact\test\index.js,1,2633
3830,Identifier,end,-1,-1,-1,554,2,554,5,packages\fast-redact\test\index.js,1,2634
3831,CallExpression,nan,1,-1,-1,559,7,559,33,packages\fast-redact\test\index.js,1,2635
3832,ObjectExpression,nan,-1,-1,-1,559,35,559,53,packages\fast-redact\test\index.js,1,2636
3833,Identifier,same,-1,-1,-1,559,2,559,6,packages\fast-redact\test\index.js,1,2637
3834,CallExpression,nan,1,-1,-1,560,7,560,32,packages\fast-redact\test\index.js,1,2638
3835,ObjectExpression,nan,-1,-1,-1,560,34,560,51,packages\fast-redact\test\index.js,1,2639
3836,Identifier,same,-1,-1,-1,560,2,560,6,packages\fast-redact\test\index.js,1,2640
3837,CallExpression,nan,1,-1,-1,561,7,561,30,packages\fast-redact\test\index.js,1,2641
3838,ObjectExpression,nan,-1,-1,-1,561,32,561,47,packages\fast-redact\test\index.js,1,2642
3839,Identifier,same,-1,-1,-1,561,2,561,6,packages\fast-redact\test\index.js,1,2643
3840,CallExpression,nan,1,-1,-1,562,7,562,38,packages\fast-redact\test\index.js,1,2644
3841,ObjectExpression,nan,-1,-1,-1,562,40,562,63,packages\fast-redact\test\index.js,1,2645
3842,Identifier,same,-1,-1,-1,562,2,562,6,packages\fast-redact\test\index.js,1,2646
3843,CallExpression,nan,1,-1,-1,563,7,563,33,packages\fast-redact\test\index.js,1,2647
3844,ObjectExpression,nan,-1,-1,-1,563,35,563,53,packages\fast-redact\test\index.js,1,2648
3845,Identifier,same,-1,-1,-1,563,2,563,6,packages\fast-redact\test\index.js,1,2649
3846,CallExpression,nan,1,-1,-1,565,7,565,32,packages\fast-redact\test\index.js,1,2650
3847,ObjectExpression,nan,-1,-1,-1,565,34,565,51,packages\fast-redact\test\index.js,1,2651
3848,Identifier,same,-1,-1,-1,565,2,565,6,packages\fast-redact\test\index.js,1,2652
3849,Identifier,end,-1,-1,-1,566,2,566,5,packages\fast-redact\test\index.js,1,2653
3850,MemberExpression,nan,-1,-1,-1,573,2,573,9,packages\fast-redact\test\index.js,1,2654
3851,Identifier,bar,-1,-1,-1,573,12,573,15,packages\fast-redact\test\index.js,1,2655
3852,MemberExpression,nan,-1,-1,-1,574,2,574,11,packages\fast-redact\test\index.js,1,2656
3853,MemberExpression,nan,-1,-1,-1,574,14,574,19,packages\fast-redact\test\index.js,1,2657
3854,CallExpression,nan,1,-1,-1,575,7,575,16,packages\fast-redact\test\index.js,1,2658
3855,ObjectExpression,nan,-1,-1,-1,575,18,575,54,packages\fast-redact\test\index.js,1,2659
3856,Identifier,same,-1,-1,-1,575,2,575,6,packages\fast-redact\test\index.js,1,2660
3857,Identifier,end,-1,-1,-1,576,2,576,5,packages\fast-redact\test\index.js,1,2661
3858,MemberExpression,nan,-1,-1,-1,583,2,583,9,packages\fast-redact\test\index.js,1,2662
3859,Identifier,bar,-1,-1,-1,583,12,583,15,packages\fast-redact\test\index.js,1,2663
3860,MemberExpression,nan,-1,-1,-1,584,2,584,11,packages\fast-redact\test\index.js,1,2664
3861,MemberExpression,nan,-1,-1,-1,584,14,584,19,packages\fast-redact\test\index.js,1,2665
3862,MemberExpression,nan,-1,-1,-1,585,5,585,14,packages\fast-redact\test\index.js,1,2666
3863,Identifier,bar,-1,-1,-1,585,16,585,19,packages\fast-redact\test\index.js,1,2667
3864,Identifier,is,-1,-1,-1,585,2,585,4,packages\fast-redact\test\index.js,1,2668
3865,Identifier,o,-1,-1,-1,586,9,586,10,packages\fast-redact\test\index.js,1,2669
3866,Identifier,redact,-1,-1,-1,586,2,586,8,packages\fast-redact\test\index.js,1,2670
3867,MemberExpression,nan,-1,-1,-1,587,5,587,14,packages\fast-redact\test\index.js,1,2671
3868,Identifier,censor,-1,-1,-1,587,16,587,22,packages\fast-redact\test\index.js,1,2672
3869,Identifier,is,-1,-1,-1,587,2,587,4,packages\fast-redact\test\index.js,1,2673
3870,Identifier,o,-1,-1,-1,588,17,588,18,packages\fast-redact\test\index.js,1,2674
3871,MemberExpression,nan,-1,-1,-1,588,2,588,16,packages\fast-redact\test\index.js,1,2675
3872,MemberExpression,nan,-1,-1,-1,589,5,589,14,packages\fast-redact\test\index.js,1,2676
3873,Identifier,bar,-1,-1,-1,589,16,589,19,packages\fast-redact\test\index.js,1,2677
3874,Identifier,is,-1,-1,-1,589,2,589,4,packages\fast-redact\test\index.js,1,2678
3875,Identifier,end,-1,-1,-1,590,2,590,5,packages\fast-redact\test\index.js,1,2679
3876,MemberExpression,nan,-1,-1,-1,597,2,597,9,packages\fast-redact\test\index.js,1,2680
3877,Identifier,bar,-1,-1,-1,597,12,597,15,packages\fast-redact\test\index.js,1,2681
3878,MemberExpression,nan,-1,-1,-1,598,2,598,11,packages\fast-redact\test\index.js,1,2682
3879,MemberExpression,nan,-1,-1,-1,598,14,598,19,packages\fast-redact\test\index.js,1,2683
3880,MemberExpression,nan,-1,-1,-1,599,5,599,14,packages\fast-redact\test\index.js,1,2684
3881,Identifier,bar,-1,-1,-1,599,16,599,19,packages\fast-redact\test\index.js,1,2685
3882,Identifier,is,-1,-1,-1,599,2,599,4,packages\fast-redact\test\index.js,1,2686
3883,MemberExpression,nan,-1,-1,-1,600,5,600,13,packages\fast-redact\test\index.js,1,2687
3884,Identifier,bar,-1,-1,-1,600,15,600,18,packages\fast-redact\test\index.js,1,2688
3885,Identifier,is,-1,-1,-1,600,2,600,4,packages\fast-redact\test\index.js,1,2689
3886,Identifier,o,-1,-1,-1,601,9,601,10,packages\fast-redact\test\index.js,1,2690
3887,Identifier,redact,-1,-1,-1,601,2,601,8,packages\fast-redact\test\index.js,1,2691
3888,MemberExpression,nan,-1,-1,-1,602,5,602,14,packages\fast-redact\test\index.js,1,2692
3889,Identifier,censor,-1,-1,-1,602,16,602,22,packages\fast-redact\test\index.js,1,2693
3890,Identifier,is,-1,-1,-1,602,2,602,4,packages\fast-redact\test\index.js,1,2694
3891,MemberExpression,nan,-1,-1,-1,603,5,603,13,packages\fast-redact\test\index.js,1,2695
3892,Identifier,censor,-1,-1,-1,603,15,603,21,packages\fast-redact\test\index.js,1,2696
3893,Identifier,is,-1,-1,-1,603,2,603,4,packages\fast-redact\test\index.js,1,2697
3894,Identifier,o,-1,-1,-1,604,17,604,18,packages\fast-redact\test\index.js,1,2698
3895,MemberExpression,nan,-1,-1,-1,604,2,604,16,packages\fast-redact\test\index.js,1,2699
3896,MemberExpression,nan,-1,-1,-1,605,5,605,14,packages\fast-redact\test\index.js,1,2700
3897,Identifier,bar,-1,-1,-1,605,16,605,19,packages\fast-redact\test\index.js,1,2701
3898,Identifier,is,-1,-1,-1,605,2,605,4,packages\fast-redact\test\index.js,1,2702
3899,MemberExpression,nan,-1,-1,-1,606,5,606,13,packages\fast-redact\test\index.js,1,2703
3900,Identifier,bar,-1,-1,-1,606,15,606,18,packages\fast-redact\test\index.js,1,2704
3901,Identifier,is,-1,-1,-1,606,2,606,4,packages\fast-redact\test\index.js,1,2705
3902,Identifier,end,-1,-1,-1,607,2,607,5,packages\fast-redact\test\index.js,1,2706
3903,CallExpression,nan,1,-1,-1,612,7,612,51,packages\fast-redact\test\index.js,1,2707
3904,ObjectExpression,nan,-1,-1,-1,612,53,612,91,packages\fast-redact\test\index.js,1,2708
3905,Identifier,same,-1,-1,-1,612,2,612,6,packages\fast-redact\test\index.js,1,2709
3906,Identifier,end,-1,-1,-1,613,2,613,5,packages\fast-redact\test\index.js,1,2710
3907,CallExpression,nan,1,-1,-1,618,7,618,95,packages\fast-redact\test\index.js,1,2711
3908,ObjectExpression,nan,-1,-1,-1,618,97,618,188,packages\fast-redact\test\index.js,1,2712
3909,Identifier,same,-1,-1,-1,618,2,618,6,packages\fast-redact\test\index.js,1,2713
3910,Identifier,end,-1,-1,-1,619,2,619,5,packages\fast-redact\test\index.js,1,2714
3911,CallExpression,nan,1,-1,-1,624,7,624,46,packages\fast-redact\test\index.js,1,2715
3912,ObjectExpression,nan,-1,-1,-1,624,48,624,91,packages\fast-redact\test\index.js,1,2716
3913,Identifier,same,-1,-1,-1,624,2,624,6,packages\fast-redact\test\index.js,1,2717
3914,Identifier,end,-1,-1,-1,625,2,625,5,packages\fast-redact\test\index.js,1,2718
3915,CallExpression,nan,1,-1,-1,630,7,630,65,packages\fast-redact\test\index.js,1,2719
3916,ObjectExpression,nan,-1,-1,-1,630,67,630,126,packages\fast-redact\test\index.js,1,2720
3917,Identifier,same,-1,-1,-1,630,2,630,6,packages\fast-redact\test\index.js,1,2721
3918,Identifier,end,-1,-1,-1,631,2,631,5,packages\fast-redact\test\index.js,1,2722
3919,CallExpression,nan,1,-1,-1,636,7,636,84,packages\fast-redact\test\index.js,1,2723
3920,ObjectExpression,nan,-1,-1,-1,636,86,636,155,packages\fast-redact\test\index.js,1,2724
3921,Identifier,same,-1,-1,-1,636,2,636,6,packages\fast-redact\test\index.js,1,2725
3922,Identifier,end,-1,-1,-1,637,2,637,5,packages\fast-redact\test\index.js,1,2726
3923,MemberExpression,nan,-1,-1,-1,643,5,643,17,packages\fast-redact\test\index.js,1,2727
3924,Identifier,censor,-1,-1,-1,643,19,643,25,packages\fast-redact\test\index.js,1,2728
3925,Identifier,is,-1,-1,-1,643,2,643,4,packages\fast-redact\test\index.js,1,2729
3926,Identifier,end,-1,-1,-1,644,2,644,5,packages\fast-redact\test\index.js,1,2730
3927,CallExpression,nan,1,-1,-1,649,7,649,39,packages\fast-redact\test\index.js,1,2731
3928,ObjectExpression,nan,-1,-1,-1,649,41,649,65,packages\fast-redact\test\index.js,1,2732
3929,Identifier,same,-1,-1,-1,649,2,649,6,packages\fast-redact\test\index.js,1,2733
3930,Identifier,end,-1,-1,-1,650,2,650,5,packages\fast-redact\test\index.js,1,2734
3931,CallExpression,nan,1,-1,-1,655,7,655,33,packages\fast-redact\test\index.js,1,2735
3932,ObjectExpression,nan,-1,-1,-1,655,35,655,53,packages\fast-redact\test\index.js,1,2736
3933,Identifier,same,-1,-1,-1,655,2,655,6,packages\fast-redact\test\index.js,1,2737
3934,CallExpression,nan,1,-1,-1,656,7,656,32,packages\fast-redact\test\index.js,1,2738
3935,ObjectExpression,nan,-1,-1,-1,656,34,656,51,packages\fast-redact\test\index.js,1,2739
3936,Identifier,same,-1,-1,-1,656,2,656,6,packages\fast-redact\test\index.js,1,2740
3937,CallExpression,nan,1,-1,-1,657,7,657,30,packages\fast-redact\test\index.js,1,2741
3938,ObjectExpression,nan,-1,-1,-1,657,32,657,47,packages\fast-redact\test\index.js,1,2742
3939,Identifier,same,-1,-1,-1,657,2,657,6,packages\fast-redact\test\index.js,1,2743
3940,CallExpression,nan,1,-1,-1,658,7,658,38,packages\fast-redact\test\index.js,1,2744
3941,ObjectExpression,nan,-1,-1,-1,658,40,658,63,packages\fast-redact\test\index.js,1,2745
3942,Identifier,same,-1,-1,-1,658,2,658,6,packages\fast-redact\test\index.js,1,2746
3943,CallExpression,nan,1,-1,-1,659,7,659,33,packages\fast-redact\test\index.js,1,2747
3944,ObjectExpression,nan,-1,-1,-1,659,35,659,53,packages\fast-redact\test\index.js,1,2748
3945,Identifier,same,-1,-1,-1,659,2,659,6,packages\fast-redact\test\index.js,1,2749
3946,CallExpression,nan,1,-1,-1,661,7,661,32,packages\fast-redact\test\index.js,1,2750
3947,ObjectExpression,nan,-1,-1,-1,661,34,661,51,packages\fast-redact\test\index.js,1,2751
3948,Identifier,same,-1,-1,-1,661,2,661,6,packages\fast-redact\test\index.js,1,2752
3949,Identifier,end,-1,-1,-1,662,2,662,5,packages\fast-redact\test\index.js,1,2753
3950,MemberExpression,nan,-1,-1,-1,669,2,669,9,packages\fast-redact\test\index.js,1,2754
3951,Identifier,bar,-1,-1,-1,669,12,669,15,packages\fast-redact\test\index.js,1,2755
3952,MemberExpression,nan,-1,-1,-1,670,2,670,11,packages\fast-redact\test\index.js,1,2756
3953,MemberExpression,nan,-1,-1,-1,670,14,670,19,packages\fast-redact\test\index.js,1,2757
3954,CallExpression,nan,1,-1,-1,671,7,671,16,packages\fast-redact\test\index.js,1,2758
3955,ObjectExpression,nan,-1,-1,-1,671,18,671,59,packages\fast-redact\test\index.js,1,2759
3956,Identifier,same,-1,-1,-1,671,2,671,6,packages\fast-redact\test\index.js,1,2760
3957,Identifier,end,-1,-1,-1,672,2,672,5,packages\fast-redact\test\index.js,1,2761
3958,MemberExpression,nan,-1,-1,-1,679,2,679,9,packages\fast-redact\test\index.js,1,2762
3959,Identifier,bar,-1,-1,-1,679,12,679,15,packages\fast-redact\test\index.js,1,2763
3960,MemberExpression,nan,-1,-1,-1,680,2,680,11,packages\fast-redact\test\index.js,1,2764
3961,MemberExpression,nan,-1,-1,-1,680,14,680,19,packages\fast-redact\test\index.js,1,2765
3962,MemberExpression,nan,-1,-1,-1,681,5,681,14,packages\fast-redact\test\index.js,1,2766
3963,Identifier,bar,-1,-1,-1,681,16,681,19,packages\fast-redact\test\index.js,1,2767
3964,Identifier,is,-1,-1,-1,681,2,681,4,packages\fast-redact\test\index.js,1,2768
3965,Identifier,o,-1,-1,-1,682,9,682,10,packages\fast-redact\test\index.js,1,2769
3966,Identifier,redact,-1,-1,-1,682,2,682,8,packages\fast-redact\test\index.js,1,2770
3967,MemberExpression,nan,-1,-1,-1,683,5,683,14,packages\fast-redact\test\index.js,1,2771
3968,Identifier,censor,-1,-1,-1,683,16,683,22,packages\fast-redact\test\index.js,1,2772
3969,Identifier,is,-1,-1,-1,683,2,683,4,packages\fast-redact\test\index.js,1,2773
3970,Identifier,o,-1,-1,-1,684,17,684,18,packages\fast-redact\test\index.js,1,2774
3971,MemberExpression,nan,-1,-1,-1,684,2,684,16,packages\fast-redact\test\index.js,1,2775
3972,MemberExpression,nan,-1,-1,-1,685,5,685,14,packages\fast-redact\test\index.js,1,2776
3973,Identifier,bar,-1,-1,-1,685,16,685,19,packages\fast-redact\test\index.js,1,2777
3974,Identifier,is,-1,-1,-1,685,2,685,4,packages\fast-redact\test\index.js,1,2778
3975,Identifier,end,-1,-1,-1,686,2,686,5,packages\fast-redact\test\index.js,1,2779
3976,MemberExpression,nan,-1,-1,-1,693,2,693,9,packages\fast-redact\test\index.js,1,2780
3977,Identifier,bar,-1,-1,-1,693,12,693,15,packages\fast-redact\test\index.js,1,2781
3978,MemberExpression,nan,-1,-1,-1,694,2,694,11,packages\fast-redact\test\index.js,1,2782
3979,MemberExpression,nan,-1,-1,-1,694,14,694,19,packages\fast-redact\test\index.js,1,2783
3980,MemberExpression,nan,-1,-1,-1,695,5,695,14,packages\fast-redact\test\index.js,1,2784
3981,Identifier,bar,-1,-1,-1,695,16,695,19,packages\fast-redact\test\index.js,1,2785
3982,Identifier,is,-1,-1,-1,695,2,695,4,packages\fast-redact\test\index.js,1,2786
3983,Identifier,o,-1,-1,-1,696,9,696,10,packages\fast-redact\test\index.js,1,2787
3984,Identifier,redact,-1,-1,-1,696,2,696,8,packages\fast-redact\test\index.js,1,2788
3985,MemberExpression,nan,-1,-1,-1,697,5,697,16,packages\fast-redact\test\index.js,1,2789
3986,Identifier,censor,-1,-1,-1,697,18,697,24,packages\fast-redact\test\index.js,1,2790
3987,Identifier,is,-1,-1,-1,697,2,697,4,packages\fast-redact\test\index.js,1,2791
3988,Identifier,o,-1,-1,-1,698,17,698,18,packages\fast-redact\test\index.js,1,2792
3989,MemberExpression,nan,-1,-1,-1,698,2,698,16,packages\fast-redact\test\index.js,1,2793
3990,MemberExpression,nan,-1,-1,-1,699,7,699,16,packages\fast-redact\test\index.js,1,2794
3991,Identifier,bar,-1,-1,-1,699,18,699,21,packages\fast-redact\test\index.js,1,2795
3992,Identifier,same,-1,-1,-1,699,2,699,6,packages\fast-redact\test\index.js,1,2796
3993,Identifier,end,-1,-1,-1,700,2,700,5,packages\fast-redact\test\index.js,1,2797
3994,MemberExpression,nan,-1,-1,-1,707,2,707,9,packages\fast-redact\test\index.js,1,2798
3995,Identifier,bar,-1,-1,-1,707,12,707,15,packages\fast-redact\test\index.js,1,2799
3996,MemberExpression,nan,-1,-1,-1,708,2,708,11,packages\fast-redact\test\index.js,1,2800
3997,MemberExpression,nan,-1,-1,-1,708,14,708,19,packages\fast-redact\test\index.js,1,2801
3998,MemberExpression,nan,-1,-1,-1,709,5,709,14,packages\fast-redact\test\index.js,1,2802
3999,Identifier,bar,-1,-1,-1,709,16,709,19,packages\fast-redact\test\index.js,1,2803
4000,Identifier,is,-1,-1,-1,709,2,709,4,packages\fast-redact\test\index.js,1,2804
4001,MemberExpression,nan,-1,-1,-1,710,5,710,13,packages\fast-redact\test\index.js,1,2805
4002,Identifier,bar,-1,-1,-1,710,15,710,18,packages\fast-redact\test\index.js,1,2806
4003,Identifier,is,-1,-1,-1,710,2,710,4,packages\fast-redact\test\index.js,1,2807
4004,Identifier,o,-1,-1,-1,711,9,711,10,packages\fast-redact\test\index.js,1,2808
4005,Identifier,redact,-1,-1,-1,711,2,711,8,packages\fast-redact\test\index.js,1,2809
4006,MemberExpression,nan,-1,-1,-1,712,5,712,14,packages\fast-redact\test\index.js,1,2810
4007,Identifier,censor,-1,-1,-1,712,16,712,22,packages\fast-redact\test\index.js,1,2811
4008,Identifier,is,-1,-1,-1,712,2,712,4,packages\fast-redact\test\index.js,1,2812
4009,MemberExpression,nan,-1,-1,-1,713,5,713,13,packages\fast-redact\test\index.js,1,2813
4010,Identifier,censor,-1,-1,-1,713,15,713,21,packages\fast-redact\test\index.js,1,2814
4011,Identifier,is,-1,-1,-1,713,2,713,4,packages\fast-redact\test\index.js,1,2815
4012,Identifier,o,-1,-1,-1,714,17,714,18,packages\fast-redact\test\index.js,1,2816
4013,MemberExpression,nan,-1,-1,-1,714,2,714,16,packages\fast-redact\test\index.js,1,2817
4014,MemberExpression,nan,-1,-1,-1,715,5,715,14,packages\fast-redact\test\index.js,1,2818
4015,Identifier,bar,-1,-1,-1,715,16,715,19,packages\fast-redact\test\index.js,1,2819
4016,Identifier,is,-1,-1,-1,715,2,715,4,packages\fast-redact\test\index.js,1,2820
4017,MemberExpression,nan,-1,-1,-1,716,5,716,13,packages\fast-redact\test\index.js,1,2821
4018,Identifier,bar,-1,-1,-1,716,15,716,18,packages\fast-redact\test\index.js,1,2822
4019,Identifier,is,-1,-1,-1,716,2,716,4,packages\fast-redact\test\index.js,1,2823
4020,Identifier,end,-1,-1,-1,717,2,717,5,packages\fast-redact\test\index.js,1,2824
4021,MemberExpression,nan,-1,-1,-1,724,5,724,17,packages\fast-redact\test\index.js,1,2825
4022,Identifier,censor,-1,-1,-1,724,19,724,25,packages\fast-redact\test\index.js,1,2826
4023,Identifier,is,-1,-1,-1,724,2,724,4,packages\fast-redact\test\index.js,1,2827
4024,MemberExpression,nan,-1,-1,-1,725,5,725,17,packages\fast-redact\test\index.js,1,2828
4025,Identifier,censor,-1,-1,-1,725,19,725,25,packages\fast-redact\test\index.js,1,2829
4026,Identifier,is,-1,-1,-1,725,2,725,4,packages\fast-redact\test\index.js,1,2830
4027,MemberExpression,nan,-1,-1,-1,726,5,726,17,packages\fast-redact\test\index.js,1,2831
4028,Identifier,censor,-1,-1,-1,726,19,726,25,packages\fast-redact\test\index.js,1,2832
4029,Identifier,is,-1,-1,-1,726,2,726,4,packages\fast-redact\test\index.js,1,2833
4030,MemberExpression,nan,-1,-1,-1,727,5,727,17,packages\fast-redact\test\index.js,1,2834
4031,Identifier,censor,-1,-1,-1,727,19,727,25,packages\fast-redact\test\index.js,1,2835
4032,Identifier,is,-1,-1,-1,727,2,727,4,packages\fast-redact\test\index.js,1,2836
4033,MemberExpression,nan,-1,-1,-1,728,5,728,19,packages\fast-redact\test\index.js,1,2837
4034,Identifier,censor,-1,-1,-1,728,21,728,27,packages\fast-redact\test\index.js,1,2838
4035,Identifier,is,-1,-1,-1,728,2,728,4,packages\fast-redact\test\index.js,1,2839
4036,MemberExpression,nan,-1,-1,-1,729,5,729,19,packages\fast-redact\test\index.js,1,2840
4037,Identifier,censor,-1,-1,-1,729,21,729,27,packages\fast-redact\test\index.js,1,2841
4038,Identifier,is,-1,-1,-1,729,2,729,4,packages\fast-redact\test\index.js,1,2842
4039,Identifier,end,-1,-1,-1,730,2,730,5,packages\fast-redact\test\index.js,1,2843
4040,MemberExpression,nan,-1,-1,-1,737,5,737,17,packages\fast-redact\test\index.js,1,2844
4041,Identifier,censor,-1,-1,-1,737,19,737,25,packages\fast-redact\test\index.js,1,2845
4042,Identifier,is,-1,-1,-1,737,2,737,4,packages\fast-redact\test\index.js,1,2846
4043,MemberExpression,nan,-1,-1,-1,738,5,738,17,packages\fast-redact\test\index.js,1,2847
4044,Identifier,censor,-1,-1,-1,738,19,738,25,packages\fast-redact\test\index.js,1,2848
4045,Identifier,is,-1,-1,-1,738,2,738,4,packages\fast-redact\test\index.js,1,2849
4046,MemberExpression,nan,-1,-1,-1,739,5,739,17,packages\fast-redact\test\index.js,1,2850
4047,Identifier,censor,-1,-1,-1,739,19,739,25,packages\fast-redact\test\index.js,1,2851
4048,Identifier,is,-1,-1,-1,739,2,739,4,packages\fast-redact\test\index.js,1,2852
4049,MemberExpression,nan,-1,-1,-1,740,5,740,17,packages\fast-redact\test\index.js,1,2853
4050,Identifier,censor,-1,-1,-1,740,19,740,25,packages\fast-redact\test\index.js,1,2854
4051,Identifier,is,-1,-1,-1,740,2,740,4,packages\fast-redact\test\index.js,1,2855
4052,Identifier,result,-1,-1,-1,742,17,742,23,packages\fast-redact\test\index.js,1,2856
4053,MemberExpression,nan,-1,-1,-1,742,2,742,16,packages\fast-redact\test\index.js,1,2857
4054,MemberExpression,nan,-1,-1,-1,745,5,745,18,packages\fast-redact\test\index.js,1,2858
4055,Identifier,censor,-1,-1,-1,745,20,745,26,packages\fast-redact\test\index.js,1,2859
4056,Identifier,is,-1,-1,-1,745,2,745,4,packages\fast-redact\test\index.js,1,2860
4057,MemberExpression,nan,-1,-1,-1,746,5,746,18,packages\fast-redact\test\index.js,1,2861
4058,Identifier,censor,-1,-1,-1,746,20,746,26,packages\fast-redact\test\index.js,1,2862
4059,Identifier,is,-1,-1,-1,746,2,746,4,packages\fast-redact\test\index.js,1,2863
4060,MemberExpression,nan,-1,-1,-1,747,5,747,18,packages\fast-redact\test\index.js,1,2864
4061,Identifier,censor,-1,-1,-1,747,20,747,26,packages\fast-redact\test\index.js,1,2865
4062,Identifier,is,-1,-1,-1,747,2,747,4,packages\fast-redact\test\index.js,1,2866
4063,MemberExpression,nan,-1,-1,-1,748,5,748,18,packages\fast-redact\test\index.js,1,2867
4064,Identifier,censor,-1,-1,-1,748,20,748,26,packages\fast-redact\test\index.js,1,2868
4065,Identifier,is,-1,-1,-1,748,2,748,4,packages\fast-redact\test\index.js,1,2869
4066,Identifier,result2,-1,-1,-1,750,17,750,24,packages\fast-redact\test\index.js,1,2870
4067,MemberExpression,nan,-1,-1,-1,750,2,750,16,packages\fast-redact\test\index.js,1,2871
4068,Identifier,end,-1,-1,-1,751,2,751,5,packages\fast-redact\test\index.js,1,2872
4069,MemberExpression,nan,-1,-1,-1,757,5,757,15,packages\fast-redact\test\index.js,1,2873
4070,Identifier,censor,-1,-1,-1,757,17,757,23,packages\fast-redact\test\index.js,1,2874
4071,Identifier,is,-1,-1,-1,757,2,757,4,packages\fast-redact\test\index.js,1,2875
4072,MemberExpression,nan,-1,-1,-1,758,5,758,15,packages\fast-redact\test\index.js,1,2876
4074,Identifier,is,-1,-1,-1,758,2,758,4,packages\fast-redact\test\index.js,1,2877
4075,MemberExpression,nan,-1,-1,-1,759,5,759,15,packages\fast-redact\test\index.js,1,2878
4077,Identifier,is,-1,-1,-1,759,2,759,4,packages\fast-redact\test\index.js,1,2879
4078,MemberExpression,nan,-1,-1,-1,760,5,760,15,packages\fast-redact\test\index.js,1,2880
4079,Identifier,censor,-1,-1,-1,760,17,760,23,packages\fast-redact\test\index.js,1,2881
4080,Identifier,is,-1,-1,-1,760,2,760,4,packages\fast-redact\test\index.js,1,2882
4081,Identifier,end,-1,-1,-1,761,2,761,5,packages\fast-redact\test\index.js,1,2883
4082,MemberExpression,nan,-1,-1,-1,767,5,767,17,packages\fast-redact\test\index.js,1,2884
4083,Identifier,censor,-1,-1,-1,767,19,767,25,packages\fast-redact\test\index.js,1,2885
4084,Identifier,is,-1,-1,-1,767,2,767,4,packages\fast-redact\test\index.js,1,2886
4085,MemberExpression,nan,-1,-1,-1,768,5,768,17,packages\fast-redact\test\index.js,1,2887
4087,Identifier,is,-1,-1,-1,768,2,768,4,packages\fast-redact\test\index.js,1,2888
4088,MemberExpression,nan,-1,-1,-1,769,5,769,17,packages\fast-redact\test\index.js,1,2889
4090,Identifier,is,-1,-1,-1,769,2,769,4,packages\fast-redact\test\index.js,1,2890
4091,MemberExpression,nan,-1,-1,-1,770,5,770,17,packages\fast-redact\test\index.js,1,2891
4092,Identifier,censor,-1,-1,-1,770,19,770,25,packages\fast-redact\test\index.js,1,2892
4093,Identifier,is,-1,-1,-1,770,2,770,4,packages\fast-redact\test\index.js,1,2893
4094,Identifier,end,-1,-1,-1,771,2,771,5,packages\fast-redact\test\index.js,1,2894
4095,Identifier,result,-1,-1,-1,777,17,777,23,packages\fast-redact\test\index.js,1,2895
4096,MemberExpression,nan,-1,-1,-1,777,2,777,16,packages\fast-redact\test\index.js,1,2896
4097,MemberExpression,nan,-1,-1,-1,778,5,778,17,packages\fast-redact\test\index.js,1,2897
4099,Identifier,is,-1,-1,-1,778,2,778,4,packages\fast-redact\test\index.js,1,2898
4100,MemberExpression,nan,-1,-1,-1,779,5,779,17,packages\fast-redact\test\index.js,1,2899
4102,Identifier,is,-1,-1,-1,779,2,779,4,packages\fast-redact\test\index.js,1,2900
4103,MemberExpression,nan,-1,-1,-1,780,5,780,17,packages\fast-redact\test\index.js,1,2901
4105,Identifier,is,-1,-1,-1,780,2,780,4,packages\fast-redact\test\index.js,1,2902
4106,MemberExpression,nan,-1,-1,-1,781,5,781,17,packages\fast-redact\test\index.js,1,2903
4108,Identifier,is,-1,-1,-1,781,2,781,4,packages\fast-redact\test\index.js,1,2904
4109,Identifier,end,-1,-1,-1,782,2,782,5,packages\fast-redact\test\index.js,1,2905
4110,MemberExpression,nan,-1,-1,-1,788,5,788,17,packages\fast-redact\test\index.js,1,2906
4111,Identifier,censor,-1,-1,-1,788,19,788,25,packages\fast-redact\test\index.js,1,2907
4112,Identifier,is,-1,-1,-1,788,2,788,4,packages\fast-redact\test\index.js,1,2908
4113,MemberExpression,nan,-1,-1,-1,789,5,789,17,packages\fast-redact\test\index.js,1,2909
4115,Identifier,is,-1,-1,-1,789,2,789,4,packages\fast-redact\test\index.js,1,2910
4116,MemberExpression,nan,-1,-1,-1,790,5,790,17,packages\fast-redact\test\index.js,1,2911
4118,Identifier,is,-1,-1,-1,790,2,790,4,packages\fast-redact\test\index.js,1,2912
4119,MemberExpression,nan,-1,-1,-1,791,5,791,17,packages\fast-redact\test\index.js,1,2913
4120,Identifier,censor,-1,-1,-1,791,19,791,25,packages\fast-redact\test\index.js,1,2914
4121,Identifier,is,-1,-1,-1,791,2,791,4,packages\fast-redact\test\index.js,1,2915
4122,MemberExpression,nan,-1,-1,-1,793,5,793,18,packages\fast-redact\test\index.js,1,2916
4123,Identifier,censor,-1,-1,-1,793,20,793,26,packages\fast-redact\test\index.js,1,2917
4124,Identifier,is,-1,-1,-1,793,2,793,4,packages\fast-redact\test\index.js,1,2918
4125,MemberExpression,nan,-1,-1,-1,794,5,794,18,packages\fast-redact\test\index.js,1,2919
4127,Identifier,is,-1,-1,-1,794,2,794,4,packages\fast-redact\test\index.js,1,2920
4128,MemberExpression,nan,-1,-1,-1,795,5,795,18,packages\fast-redact\test\index.js,1,2921
4130,Identifier,is,-1,-1,-1,795,2,795,4,packages\fast-redact\test\index.js,1,2922
4131,MemberExpression,nan,-1,-1,-1,796,5,796,18,packages\fast-redact\test\index.js,1,2923
4132,Identifier,censor,-1,-1,-1,796,20,796,26,packages\fast-redact\test\index.js,1,2924
4133,Identifier,is,-1,-1,-1,796,2,796,4,packages\fast-redact\test\index.js,1,2925
4134,Identifier,result2,-1,-1,-1,797,17,797,24,packages\fast-redact\test\index.js,1,2926
4135,MemberExpression,nan,-1,-1,-1,797,2,797,16,packages\fast-redact\test\index.js,1,2927
4136,Identifier,end,-1,-1,-1,798,2,798,5,packages\fast-redact\test\index.js,1,2928
4137,MemberExpression,nan,-1,-1,-1,804,5,804,19,packages\fast-redact\test\index.js,1,2929
4138,Identifier,censor,-1,-1,-1,804,21,804,27,packages\fast-redact\test\index.js,1,2930
4139,Identifier,is,-1,-1,-1,804,2,804,4,packages\fast-redact\test\index.js,1,2931
4140,MemberExpression,nan,-1,-1,-1,805,5,805,19,packages\fast-redact\test\index.js,1,2932
4142,Identifier,is,-1,-1,-1,805,2,805,4,packages\fast-redact\test\index.js,1,2933
4143,MemberExpression,nan,-1,-1,-1,806,5,806,19,packages\fast-redact\test\index.js,1,2934
4145,Identifier,is,-1,-1,-1,806,2,806,4,packages\fast-redact\test\index.js,1,2935
4146,MemberExpression,nan,-1,-1,-1,807,5,807,19,packages\fast-redact\test\index.js,1,2936
4147,Identifier,censor,-1,-1,-1,807,21,807,27,packages\fast-redact\test\index.js,1,2937
4148,Identifier,is,-1,-1,-1,807,2,807,4,packages\fast-redact\test\index.js,1,2938
4149,Identifier,end,-1,-1,-1,808,2,808,5,packages\fast-redact\test\index.js,1,2939
4150,MemberExpression,nan,-1,-1,-1,814,5,814,21,packages\fast-redact\test\index.js,1,2940
4151,Identifier,censor,-1,-1,-1,814,23,814,29,packages\fast-redact\test\index.js,1,2941
4152,Identifier,is,-1,-1,-1,814,2,814,4,packages\fast-redact\test\index.js,1,2942
4153,MemberExpression,nan,-1,-1,-1,815,5,815,21,packages\fast-redact\test\index.js,1,2943
4155,Identifier,is,-1,-1,-1,815,2,815,4,packages\fast-redact\test\index.js,1,2944
4156,MemberExpression,nan,-1,-1,-1,816,5,816,21,packages\fast-redact\test\index.js,1,2945
4158,Identifier,is,-1,-1,-1,816,2,816,4,packages\fast-redact\test\index.js,1,2946
4159,MemberExpression,nan,-1,-1,-1,817,5,817,21,packages\fast-redact\test\index.js,1,2947
4160,Identifier,censor,-1,-1,-1,817,23,817,29,packages\fast-redact\test\index.js,1,2948
4161,Identifier,is,-1,-1,-1,817,2,817,4,packages\fast-redact\test\index.js,1,2949
4162,Identifier,result,-1,-1,-1,818,17,818,23,packages\fast-redact\test\index.js,1,2950
4163,MemberExpression,nan,-1,-1,-1,818,2,818,16,packages\fast-redact\test\index.js,1,2951
4164,MemberExpression,nan,-1,-1,-1,819,5,819,21,packages\fast-redact\test\index.js,1,2952
4166,Identifier,is,-1,-1,-1,819,2,819,4,packages\fast-redact\test\index.js,1,2953
4167,MemberExpression,nan,-1,-1,-1,820,5,820,21,packages\fast-redact\test\index.js,1,2954
4169,Identifier,is,-1,-1,-1,820,2,820,4,packages\fast-redact\test\index.js,1,2955
4170,MemberExpression,nan,-1,-1,-1,821,5,821,21,packages\fast-redact\test\index.js,1,2956
4172,Identifier,is,-1,-1,-1,821,2,821,4,packages\fast-redact\test\index.js,1,2957
4173,MemberExpression,nan,-1,-1,-1,822,5,822,21,packages\fast-redact\test\index.js,1,2958
4175,Identifier,is,-1,-1,-1,822,2,822,4,packages\fast-redact\test\index.js,1,2959
4176,Identifier,end,-1,-1,-1,823,2,823,5,packages\fast-redact\test\index.js,1,2960
4177,MemberExpression,nan,-1,-1,-1,829,5,829,19,packages\fast-redact\test\index.js,1,2961
4178,Identifier,censor,-1,-1,-1,829,21,829,27,packages\fast-redact\test\index.js,1,2962
4179,Identifier,is,-1,-1,-1,829,2,829,4,packages\fast-redact\test\index.js,1,2963
4180,MemberExpression,nan,-1,-1,-1,830,5,830,19,packages\fast-redact\test\index.js,1,2964
4182,Identifier,is,-1,-1,-1,830,2,830,4,packages\fast-redact\test\index.js,1,2965
4183,MemberExpression,nan,-1,-1,-1,831,5,831,19,packages\fast-redact\test\index.js,1,2966
4185,Identifier,is,-1,-1,-1,831,2,831,4,packages\fast-redact\test\index.js,1,2967
4186,MemberExpression,nan,-1,-1,-1,832,5,832,19,packages\fast-redact\test\index.js,1,2968
4187,Identifier,censor,-1,-1,-1,832,21,832,27,packages\fast-redact\test\index.js,1,2969
4188,Identifier,is,-1,-1,-1,832,2,832,4,packages\fast-redact\test\index.js,1,2970
4189,Identifier,result,-1,-1,-1,833,17,833,23,packages\fast-redact\test\index.js,1,2971
4190,MemberExpression,nan,-1,-1,-1,833,2,833,16,packages\fast-redact\test\index.js,1,2972
4191,MemberExpression,nan,-1,-1,-1,835,5,835,20,packages\fast-redact\test\index.js,1,2973
4192,Identifier,censor,-1,-1,-1,835,22,835,28,packages\fast-redact\test\index.js,1,2974
4193,Identifier,is,-1,-1,-1,835,2,835,4,packages\fast-redact\test\index.js,1,2975
4194,MemberExpression,nan,-1,-1,-1,836,5,836,20,packages\fast-redact\test\index.js,1,2976
4196,Identifier,is,-1,-1,-1,836,2,836,4,packages\fast-redact\test\index.js,1,2977
4197,MemberExpression,nan,-1,-1,-1,837,5,837,20,packages\fast-redact\test\index.js,1,2978
4199,Identifier,is,-1,-1,-1,837,2,837,4,packages\fast-redact\test\index.js,1,2979
4200,MemberExpression,nan,-1,-1,-1,838,5,838,20,packages\fast-redact\test\index.js,1,2980
4201,Identifier,censor,-1,-1,-1,838,22,838,28,packages\fast-redact\test\index.js,1,2981
4202,Identifier,is,-1,-1,-1,838,2,838,4,packages\fast-redact\test\index.js,1,2982
4203,Identifier,end,-1,-1,-1,839,2,839,5,packages\fast-redact\test\index.js,1,2983
4204,Identifier,result,-1,-1,-1,845,17,845,23,packages\fast-redact\test\index.js,1,2984
4205,MemberExpression,nan,-1,-1,-1,845,2,845,16,packages\fast-redact\test\index.js,1,2985
4206,MemberExpression,nan,-1,-1,-1,846,5,846,19,packages\fast-redact\test\index.js,1,2986
4208,Identifier,is,-1,-1,-1,846,2,846,4,packages\fast-redact\test\index.js,1,2987
4209,MemberExpression,nan,-1,-1,-1,847,5,847,19,packages\fast-redact\test\index.js,1,2988
4211,Identifier,is,-1,-1,-1,847,2,847,4,packages\fast-redact\test\index.js,1,2989
4212,MemberExpression,nan,-1,-1,-1,848,5,848,19,packages\fast-redact\test\index.js,1,2990
4214,Identifier,is,-1,-1,-1,848,2,848,4,packages\fast-redact\test\index.js,1,2991
4215,MemberExpression,nan,-1,-1,-1,849,5,849,19,packages\fast-redact\test\index.js,1,2992
4217,Identifier,is,-1,-1,-1,849,2,849,4,packages\fast-redact\test\index.js,1,2993
4218,Identifier,end,-1,-1,-1,850,2,850,5,packages\fast-redact\test\index.js,1,2994
4219,MemberExpression,nan,-1,-1,-1,856,5,856,20,packages\fast-redact\test\index.js,1,2995
4220,Identifier,censor,-1,-1,-1,856,22,856,28,packages\fast-redact\test\index.js,1,2996
4221,Identifier,is,-1,-1,-1,856,2,856,4,packages\fast-redact\test\index.js,1,2997
4222,MemberExpression,nan,-1,-1,-1,857,5,857,20,packages\fast-redact\test\index.js,1,2998
4224,Identifier,is,-1,-1,-1,857,2,857,4,packages\fast-redact\test\index.js,1,2999
4225,MemberExpression,nan,-1,-1,-1,858,5,858,17,packages\fast-redact\test\index.js,1,3000
4227,Identifier,is,-1,-1,-1,858,2,858,4,packages\fast-redact\test\index.js,1,3001
4228,MemberExpression,nan,-1,-1,-1,859,5,859,17,packages\fast-redact\test\index.js,1,3002
4230,Identifier,is,-1,-1,-1,859,2,859,4,packages\fast-redact\test\index.js,1,3003
4231,Identifier,end,-1,-1,-1,860,2,860,5,packages\fast-redact\test\index.js,1,3004
4232,MemberExpression,nan,-1,-1,-1,873,5,873,23,packages\fast-redact\test\index.js,1,3005
4233,Identifier,censor,-1,-1,-1,873,25,873,31,packages\fast-redact\test\index.js,1,3006
4234,Identifier,is,-1,-1,-1,873,2,873,4,packages\fast-redact\test\index.js,1,3007
4235,MemberExpression,nan,-1,-1,-1,874,5,874,23,packages\fast-redact\test\index.js,1,3008
4237,Identifier,is,-1,-1,-1,874,2,874,4,packages\fast-redact\test\index.js,1,3009
4238,MemberExpression,nan,-1,-1,-1,875,5,875,23,packages\fast-redact\test\index.js,1,3010
4239,Identifier,censor,-1,-1,-1,875,25,875,31,packages\fast-redact\test\index.js,1,3011
4240,Identifier,is,-1,-1,-1,875,2,875,4,packages\fast-redact\test\index.js,1,3012
4241,MemberExpression,nan,-1,-1,-1,876,5,876,23,packages\fast-redact\test\index.js,1,3013
4243,Identifier,is,-1,-1,-1,876,2,876,4,packages\fast-redact\test\index.js,1,3014
4244,MemberExpression,nan,-1,-1,-1,877,5,877,23,packages\fast-redact\test\index.js,1,3015
4245,Identifier,censor,-1,-1,-1,877,25,877,31,packages\fast-redact\test\index.js,1,3016
4246,Identifier,is,-1,-1,-1,877,2,877,4,packages\fast-redact\test\index.js,1,3017
4247,MemberExpression,nan,-1,-1,-1,878,5,878,23,packages\fast-redact\test\index.js,1,3018
4249,Identifier,is,-1,-1,-1,878,2,878,4,packages\fast-redact\test\index.js,1,3019
4250,MemberExpression,nan,-1,-1,-1,879,5,879,23,packages\fast-redact\test\index.js,1,3020
4251,Identifier,censor,-1,-1,-1,879,25,879,31,packages\fast-redact\test\index.js,1,3021
4252,Identifier,is,-1,-1,-1,879,2,879,4,packages\fast-redact\test\index.js,1,3022
4253,MemberExpression,nan,-1,-1,-1,880,5,880,23,packages\fast-redact\test\index.js,1,3023
4255,Identifier,is,-1,-1,-1,880,2,880,4,packages\fast-redact\test\index.js,1,3024
4256,MemberExpression,nan,-1,-1,-1,881,5,881,23,packages\fast-redact\test\index.js,1,3025
4257,Identifier,censor,-1,-1,-1,881,25,881,31,packages\fast-redact\test\index.js,1,3026
4258,Identifier,is,-1,-1,-1,881,2,881,4,packages\fast-redact\test\index.js,1,3027
4259,MemberExpression,nan,-1,-1,-1,882,5,882,23,packages\fast-redact\test\index.js,1,3028
4261,Identifier,is,-1,-1,-1,882,2,882,4,packages\fast-redact\test\index.js,1,3029
4262,Identifier,result,-1,-1,-1,883,17,883,23,packages\fast-redact\test\index.js,1,3030
4263,MemberExpression,nan,-1,-1,-1,883,2,883,16,packages\fast-redact\test\index.js,1,3031
4264,MemberExpression,nan,-1,-1,-1,884,5,884,23,packages\fast-redact\test\index.js,1,3032
4266,Identifier,is,-1,-1,-1,884,2,884,4,packages\fast-redact\test\index.js,1,3033
4267,MemberExpression,nan,-1,-1,-1,885,5,885,23,packages\fast-redact\test\index.js,1,3034
4269,Identifier,is,-1,-1,-1,885,2,885,4,packages\fast-redact\test\index.js,1,3035
4270,MemberExpression,nan,-1,-1,-1,886,5,886,23,packages\fast-redact\test\index.js,1,3036
4272,Identifier,is,-1,-1,-1,886,2,886,4,packages\fast-redact\test\index.js,1,3037
4273,MemberExpression,nan,-1,-1,-1,887,5,887,23,packages\fast-redact\test\index.js,1,3038
4275,Identifier,is,-1,-1,-1,887,2,887,4,packages\fast-redact\test\index.js,1,3039
4276,MemberExpression,nan,-1,-1,-1,888,5,888,23,packages\fast-redact\test\index.js,1,3040
4278,Identifier,is,-1,-1,-1,888,2,888,4,packages\fast-redact\test\index.js,1,3041
4279,MemberExpression,nan,-1,-1,-1,889,5,889,23,packages\fast-redact\test\index.js,1,3042
4281,Identifier,is,-1,-1,-1,889,2,889,4,packages\fast-redact\test\index.js,1,3043
4282,MemberExpression,nan,-1,-1,-1,890,5,890,23,packages\fast-redact\test\index.js,1,3044
4284,Identifier,is,-1,-1,-1,890,2,890,4,packages\fast-redact\test\index.js,1,3045
4285,MemberExpression,nan,-1,-1,-1,891,5,891,23,packages\fast-redact\test\index.js,1,3046
4287,Identifier,is,-1,-1,-1,891,2,891,4,packages\fast-redact\test\index.js,1,3047
4288,MemberExpression,nan,-1,-1,-1,892,5,892,23,packages\fast-redact\test\index.js,1,3048
4290,Identifier,is,-1,-1,-1,892,2,892,4,packages\fast-redact\test\index.js,1,3049
4291,MemberExpression,nan,-1,-1,-1,893,5,893,23,packages\fast-redact\test\index.js,1,3050
4293,Identifier,is,-1,-1,-1,893,2,893,4,packages\fast-redact\test\index.js,1,3051
4294,Identifier,end,-1,-1,-1,894,2,894,5,packages\fast-redact\test\index.js,1,3052
4295,MemberExpression,nan,-1,-1,-1,907,5,907,23,packages\fast-redact\test\index.js,1,3053
4297,Identifier,is,-1,-1,-1,907,2,907,4,packages\fast-redact\test\index.js,1,3054
4298,MemberExpression,nan,-1,-1,-1,908,5,908,23,packages\fast-redact\test\index.js,1,3055
4300,Identifier,is,-1,-1,-1,908,2,908,4,packages\fast-redact\test\index.js,1,3056
4301,MemberExpression,nan,-1,-1,-1,909,5,909,23,packages\fast-redact\test\index.js,1,3057
4303,Identifier,is,-1,-1,-1,909,2,909,4,packages\fast-redact\test\index.js,1,3058
4304,MemberExpression,nan,-1,-1,-1,910,5,910,23,packages\fast-redact\test\index.js,1,3059
4306,Identifier,is,-1,-1,-1,910,2,910,4,packages\fast-redact\test\index.js,1,3060
4307,MemberExpression,nan,-1,-1,-1,911,5,911,23,packages\fast-redact\test\index.js,1,3061
4309,Identifier,is,-1,-1,-1,911,2,911,4,packages\fast-redact\test\index.js,1,3062
4310,MemberExpression,nan,-1,-1,-1,912,5,912,23,packages\fast-redact\test\index.js,1,3063
4312,Identifier,is,-1,-1,-1,912,2,912,4,packages\fast-redact\test\index.js,1,3064
4313,MemberExpression,nan,-1,-1,-1,913,5,913,23,packages\fast-redact\test\index.js,1,3065
4315,Identifier,is,-1,-1,-1,913,2,913,4,packages\fast-redact\test\index.js,1,3066
4316,MemberExpression,nan,-1,-1,-1,914,5,914,23,packages\fast-redact\test\index.js,1,3067
4318,Identifier,is,-1,-1,-1,914,2,914,4,packages\fast-redact\test\index.js,1,3068
4319,MemberExpression,nan,-1,-1,-1,915,5,915,23,packages\fast-redact\test\index.js,1,3069
4321,Identifier,is,-1,-1,-1,915,2,915,4,packages\fast-redact\test\index.js,1,3070
4322,MemberExpression,nan,-1,-1,-1,916,5,916,23,packages\fast-redact\test\index.js,1,3071
4324,Identifier,is,-1,-1,-1,916,2,916,4,packages\fast-redact\test\index.js,1,3072
4325,Identifier,end,-1,-1,-1,917,2,917,5,packages\fast-redact\test\index.js,1,3073
4326,MemberExpression,nan,-1,-1,-1,930,7,930,22,packages\fast-redact\test\index.js,1,3074
4327,ArrayExpression,nan,-1,-1,-1,930,24,930,40,packages\fast-redact\test\index.js,1,3075
4328,Identifier,same,-1,-1,-1,930,2,930,6,packages\fast-redact\test\index.js,1,3076
4329,MemberExpression,nan,-1,-1,-1,931,5,931,20,packages\fast-redact\test\index.js,1,3077
4331,Identifier,is,-1,-1,-1,931,2,931,4,packages\fast-redact\test\index.js,1,3078
4332,MemberExpression,nan,-1,-1,-1,932,7,932,22,packages\fast-redact\test\index.js,1,3079
4333,ArrayExpression,nan,-1,-1,-1,932,24,932,32,packages\fast-redact\test\index.js,1,3080
4334,Identifier,same,-1,-1,-1,932,2,932,6,packages\fast-redact\test\index.js,1,3081
4335,MemberExpression,nan,-1,-1,-1,933,5,933,20,packages\fast-redact\test\index.js,1,3082
4337,Identifier,is,-1,-1,-1,933,2,933,4,packages\fast-redact\test\index.js,1,3083
4338,MemberExpression,nan,-1,-1,-1,934,7,934,22,packages\fast-redact\test\index.js,1,3084
4339,ArrayExpression,nan,-1,-1,-1,934,24,934,32,packages\fast-redact\test\index.js,1,3085
4340,Identifier,same,-1,-1,-1,934,2,934,6,packages\fast-redact\test\index.js,1,3086
4341,MemberExpression,nan,-1,-1,-1,935,5,935,20,packages\fast-redact\test\index.js,1,3087
4343,Identifier,is,-1,-1,-1,935,2,935,4,packages\fast-redact\test\index.js,1,3088
4344,Identifier,end,-1,-1,-1,936,2,936,5,packages\fast-redact\test\index.js,1,3089
4345,MemberExpression,nan,-1,-1,-1,949,5,949,25,packages\fast-redact\test\index.js,1,3090
4346,Identifier,censor,-1,-1,-1,949,27,949,33,packages\fast-redact\test\index.js,1,3091
4347,Identifier,is,-1,-1,-1,949,2,949,4,packages\fast-redact\test\index.js,1,3092
4348,MemberExpression,nan,-1,-1,-1,950,5,950,25,packages\fast-redact\test\index.js,1,3093
4350,Identifier,is,-1,-1,-1,950,2,950,4,packages\fast-redact\test\index.js,1,3094
4351,MemberExpression,nan,-1,-1,-1,951,5,951,20,packages\fast-redact\test\index.js,1,3095
4353,Identifier,is,-1,-1,-1,951,2,951,4,packages\fast-redact\test\index.js,1,3096
4354,MemberExpression,nan,-1,-1,-1,952,5,952,25,packages\fast-redact\test\index.js,1,3097
4355,Identifier,censor,-1,-1,-1,952,27,952,33,packages\fast-redact\test\index.js,1,3098
4356,Identifier,is,-1,-1,-1,952,2,952,4,packages\fast-redact\test\index.js,1,3099
4357,MemberExpression,nan,-1,-1,-1,953,5,953,25,packages\fast-redact\test\index.js,1,3100
4359,Identifier,is,-1,-1,-1,953,2,953,4,packages\fast-redact\test\index.js,1,3101
4360,MemberExpression,nan,-1,-1,-1,954,5,954,25,packages\fast-redact\test\index.js,1,3102
4361,Identifier,censor,-1,-1,-1,954,27,954,33,packages\fast-redact\test\index.js,1,3103
4362,Identifier,is,-1,-1,-1,954,2,954,4,packages\fast-redact\test\index.js,1,3104
4363,MemberExpression,nan,-1,-1,-1,955,5,955,25,packages\fast-redact\test\index.js,1,3105
4365,Identifier,is,-1,-1,-1,955,2,955,4,packages\fast-redact\test\index.js,1,3106
4366,MemberExpression,nan,-1,-1,-1,956,5,956,20,packages\fast-redact\test\index.js,1,3107
4368,Identifier,is,-1,-1,-1,956,2,956,4,packages\fast-redact\test\index.js,1,3108
4369,MemberExpression,nan,-1,-1,-1,957,5,957,25,packages\fast-redact\test\index.js,1,3109
4370,Identifier,censor,-1,-1,-1,957,27,957,33,packages\fast-redact\test\index.js,1,3110
4371,Identifier,is,-1,-1,-1,957,2,957,4,packages\fast-redact\test\index.js,1,3111
4372,MemberExpression,nan,-1,-1,-1,958,5,958,25,packages\fast-redact\test\index.js,1,3112
4374,Identifier,is,-1,-1,-1,958,2,958,4,packages\fast-redact\test\index.js,1,3113
4375,MemberExpression,nan,-1,-1,-1,959,5,959,20,packages\fast-redact\test\index.js,1,3114
4377,Identifier,is,-1,-1,-1,959,2,959,4,packages\fast-redact\test\index.js,1,3115
4378,Identifier,end,-1,-1,-1,960,2,960,5,packages\fast-redact\test\index.js,1,3116
4379,CallExpression,nan,1,-1,-1,965,7,965,84,packages\fast-redact\test\index.js,1,3117
4380,ObjectExpression,nan,-1,-1,-1,965,86,965,155,packages\fast-redact\test\index.js,1,3118
4381,Identifier,same,-1,-1,-1,965,2,965,6,packages\fast-redact\test\index.js,1,3119
4382,Identifier,end,-1,-1,-1,966,2,966,5,packages\fast-redact\test\index.js,1,3120
4383,MemberExpression,nan,-1,-1,-1,972,5,972,17,packages\fast-redact\test\index.js,1,3121
4384,Identifier,censor,-1,-1,-1,972,19,972,25,packages\fast-redact\test\index.js,1,3122
4385,Identifier,is,-1,-1,-1,972,2,972,4,packages\fast-redact\test\index.js,1,3123
4386,Identifier,end,-1,-1,-1,973,2,973,5,packages\fast-redact\test\index.js,1,3124
4387,CallExpression,nan,1,-1,-1,978,7,978,39,packages\fast-redact\test\index.js,1,3125
4388,ObjectExpression,nan,-1,-1,-1,978,41,978,65,packages\fast-redact\test\index.js,1,3126
4389,Identifier,same,-1,-1,-1,978,2,978,6,packages\fast-redact\test\index.js,1,3127
4390,Identifier,end,-1,-1,-1,979,2,979,5,packages\fast-redact\test\index.js,1,3128
4391,CallExpression,nan,1,-1,-1,984,7,984,33,packages\fast-redact\test\index.js,1,3129
4392,ObjectExpression,nan,-1,-1,-1,984,35,984,53,packages\fast-redact\test\index.js,1,3130
4393,Identifier,same,-1,-1,-1,984,2,984,6,packages\fast-redact\test\index.js,1,3131
4394,CallExpression,nan,1,-1,-1,985,7,985,32,packages\fast-redact\test\index.js,1,3132
4395,ObjectExpression,nan,-1,-1,-1,985,34,985,51,packages\fast-redact\test\index.js,1,3133
4396,Identifier,same,-1,-1,-1,985,2,985,6,packages\fast-redact\test\index.js,1,3134
4397,CallExpression,nan,1,-1,-1,986,7,986,30,packages\fast-redact\test\index.js,1,3135
4398,ObjectExpression,nan,-1,-1,-1,986,32,986,47,packages\fast-redact\test\index.js,1,3136
4399,Identifier,same,-1,-1,-1,986,2,986,6,packages\fast-redact\test\index.js,1,3137
4400,CallExpression,nan,1,-1,-1,987,7,987,38,packages\fast-redact\test\index.js,1,3138
4401,ObjectExpression,nan,-1,-1,-1,987,40,987,63,packages\fast-redact\test\index.js,1,3139
4402,Identifier,same,-1,-1,-1,987,2,987,6,packages\fast-redact\test\index.js,1,3140
4403,CallExpression,nan,1,-1,-1,988,7,988,33,packages\fast-redact\test\index.js,1,3141
4404,ObjectExpression,nan,-1,-1,-1,988,35,988,53,packages\fast-redact\test\index.js,1,3142
4405,Identifier,same,-1,-1,-1,988,2,988,6,packages\fast-redact\test\index.js,1,3143
4406,CallExpression,nan,1,-1,-1,990,7,990,32,packages\fast-redact\test\index.js,1,3144
4407,ObjectExpression,nan,-1,-1,-1,990,34,990,51,packages\fast-redact\test\index.js,1,3145
4408,Identifier,same,-1,-1,-1,990,2,990,6,packages\fast-redact\test\index.js,1,3146
4409,Identifier,end,-1,-1,-1,991,2,991,5,packages\fast-redact\test\index.js,1,3147
4410,MemberExpression,nan,-1,-1,-1,998,2,998,9,packages\fast-redact\test\index.js,1,3148
4411,Identifier,bar,-1,-1,-1,998,12,998,15,packages\fast-redact\test\index.js,1,3149
4412,MemberExpression,nan,-1,-1,-1,999,2,999,13,packages\fast-redact\test\index.js,1,3150
4413,MemberExpression,nan,-1,-1,-1,999,16,999,23,packages\fast-redact\test\index.js,1,3151
4414,CallExpression,nan,1,-1,-1,1000,7,1000,16,packages\fast-redact\test\index.js,1,3152
4415,ObjectExpression,nan,-1,-1,-1,1000,18,1000,61,packages\fast-redact\test\index.js,1,3153
4416,Identifier,same,-1,-1,-1,1000,2,1000,6,packages\fast-redact\test\index.js,1,3154
4417,Identifier,end,-1,-1,-1,1001,2,1001,5,packages\fast-redact\test\index.js,1,3155
4418,MemberExpression,nan,-1,-1,-1,1008,2,1008,9,packages\fast-redact\test\index.js,1,3156
4419,Identifier,bar,-1,-1,-1,1008,12,1008,15,packages\fast-redact\test\index.js,1,3157
4420,MemberExpression,nan,-1,-1,-1,1009,2,1009,13,packages\fast-redact\test\index.js,1,3158
4421,MemberExpression,nan,-1,-1,-1,1009,16,1009,23,packages\fast-redact\test\index.js,1,3159
4422,MemberExpression,nan,-1,-1,-1,1010,5,1010,16,packages\fast-redact\test\index.js,1,3160
4423,Identifier,bar,-1,-1,-1,1010,18,1010,21,packages\fast-redact\test\index.js,1,3161
4424,Identifier,is,-1,-1,-1,1010,2,1010,4,packages\fast-redact\test\index.js,1,3162
4425,Identifier,o,-1,-1,-1,1011,9,1011,10,packages\fast-redact\test\index.js,1,3163
4426,Identifier,redact,-1,-1,-1,1011,2,1011,8,packages\fast-redact\test\index.js,1,3164
4427,MemberExpression,nan,-1,-1,-1,1012,5,1012,10,packages\fast-redact\test\index.js,1,3165
4429,Identifier,is,-1,-1,-1,1012,2,1012,4,packages\fast-redact\test\index.js,1,3166
4430,MemberExpression,nan,-1,-1,-1,1013,5,1013,16,packages\fast-redact\test\index.js,1,3167
4431,Identifier,censor,-1,-1,-1,1013,18,1013,24,packages\fast-redact\test\index.js,1,3168
4432,Identifier,is,-1,-1,-1,1013,2,1013,4,packages\fast-redact\test\index.js,1,3169
4433,Identifier,o,-1,-1,-1,1014,17,1014,18,packages\fast-redact\test\index.js,1,3170
4434,MemberExpression,nan,-1,-1,-1,1014,2,1014,16,packages\fast-redact\test\index.js,1,3171
4435,MemberExpression,nan,-1,-1,-1,1015,5,1015,16,packages\fast-redact\test\index.js,1,3172
4436,Identifier,bar,-1,-1,-1,1015,18,1015,21,packages\fast-redact\test\index.js,1,3173
4437,Identifier,is,-1,-1,-1,1015,2,1015,4,packages\fast-redact\test\index.js,1,3174
4438,Identifier,end,-1,-1,-1,1016,2,1016,5,packages\fast-redact\test\index.js,1,3175
4439,MemberExpression,nan,-1,-1,-1,1023,2,1023,9,packages\fast-redact\test\index.js,1,3176
4440,Identifier,bar,-1,-1,-1,1023,12,1023,15,packages\fast-redact\test\index.js,1,3177
4441,MemberExpression,nan,-1,-1,-1,1024,2,1024,13,packages\fast-redact\test\index.js,1,3178
4442,MemberExpression,nan,-1,-1,-1,1024,16,1024,23,packages\fast-redact\test\index.js,1,3179
4443,MemberExpression,nan,-1,-1,-1,1025,5,1025,16,packages\fast-redact\test\index.js,1,3180
4444,Identifier,bar,-1,-1,-1,1025,18,1025,21,packages\fast-redact\test\index.js,1,3181
4445,Identifier,is,-1,-1,-1,1025,2,1025,4,packages\fast-redact\test\index.js,1,3182
4446,MemberExpression,nan,-1,-1,-1,1026,5,1026,17,packages\fast-redact\test\index.js,1,3183
4447,Identifier,bar,-1,-1,-1,1026,19,1026,22,packages\fast-redact\test\index.js,1,3184
4448,Identifier,is,-1,-1,-1,1026,2,1026,4,packages\fast-redact\test\index.js,1,3185
4449,Identifier,o,-1,-1,-1,1027,9,1027,10,packages\fast-redact\test\index.js,1,3186
4450,Identifier,redact,-1,-1,-1,1027,2,1027,8,packages\fast-redact\test\index.js,1,3187
4451,MemberExpression,nan,-1,-1,-1,1028,5,1028,16,packages\fast-redact\test\index.js,1,3188
4452,Identifier,censor,-1,-1,-1,1028,18,1028,24,packages\fast-redact\test\index.js,1,3189
4453,Identifier,is,-1,-1,-1,1028,2,1028,4,packages\fast-redact\test\index.js,1,3190
4454,MemberExpression,nan,-1,-1,-1,1029,5,1029,17,packages\fast-redact\test\index.js,1,3191
4455,Identifier,censor,-1,-1,-1,1029,19,1029,25,packages\fast-redact\test\index.js,1,3192
4456,Identifier,is,-1,-1,-1,1029,2,1029,4,packages\fast-redact\test\index.js,1,3193
4457,Identifier,o,-1,-1,-1,1030,17,1030,18,packages\fast-redact\test\index.js,1,3194
4458,MemberExpression,nan,-1,-1,-1,1030,2,1030,16,packages\fast-redact\test\index.js,1,3195
4459,MemberExpression,nan,-1,-1,-1,1031,5,1031,16,packages\fast-redact\test\index.js,1,3196
4460,Identifier,bar,-1,-1,-1,1031,18,1031,21,packages\fast-redact\test\index.js,1,3197
4461,Identifier,is,-1,-1,-1,1031,2,1031,4,packages\fast-redact\test\index.js,1,3198
4462,MemberExpression,nan,-1,-1,-1,1032,5,1032,17,packages\fast-redact\test\index.js,1,3199
4463,Identifier,bar,-1,-1,-1,1032,19,1032,22,packages\fast-redact\test\index.js,1,3200
4464,Identifier,is,-1,-1,-1,1032,2,1032,4,packages\fast-redact\test\index.js,1,3201
4465,Identifier,end,-1,-1,-1,1033,2,1033,5,packages\fast-redact\test\index.js,1,3202
4466,CallExpression,nan,1,-1,-1,1039,5,1039,14,packages\fast-redact\test\index.js,1,3203
4467,CallExpression,nan,1,-1,-1,1039,16,1039,33,packages\fast-redact\test\index.js,1,3204
4468,Identifier,is,-1,-1,-1,1039,2,1039,4,packages\fast-redact\test\index.js,1,3205
4469,Identifier,end,-1,-1,-1,1040,2,1040,5,packages\fast-redact\test\index.js,1,3206
4470,CallExpression,nan,1,-1,-1,1046,5,1046,14,packages\fast-redact\test\index.js,1,3207
4471,CallExpression,nan,1,-1,-1,1046,16,1046,33,packages\fast-redact\test\index.js,1,3208
4472,Identifier,is,-1,-1,-1,1046,2,1046,4,packages\fast-redact\test\index.js,1,3209
4473,Identifier,end,-1,-1,-1,1047,2,1047,5,packages\fast-redact\test\index.js,1,3210
4474,CallExpression,nan,1,-1,-1,1053,5,1053,14,packages\fast-redact\test\index.js,1,3211
4475,TemplateLiteral,nan,-1,-1,-1,1053,16,1053,39,packages\fast-redact\test\index.js,1,3212
4476,Identifier,is,-1,-1,-1,1053,2,1053,4,packages\fast-redact\test\index.js,1,3213
4477,Identifier,end,-1,-1,-1,1054,2,1054,5,packages\fast-redact\test\index.js,1,3214
4478,CallExpression,nan,1,-1,-1,1060,5,1060,14,packages\fast-redact\test\index.js,1,3215
4479,TemplateLiteral,nan,-1,-1,-1,1060,16,1060,44,packages\fast-redact\test\index.js,1,3216
4480,Identifier,is,-1,-1,-1,1060,2,1060,4,packages\fast-redact\test\index.js,1,3217
4481,Identifier,end,-1,-1,-1,1061,2,1061,5,packages\fast-redact\test\index.js,1,3218
4482,CallExpression,nan,1,-1,-1,1067,5,1067,14,packages\fast-redact\test\index.js,1,3219
4483,TemplateLiteral,nan,-1,-1,-1,1067,16,1067,47,packages\fast-redact\test\index.js,1,3220
4484,Identifier,is,-1,-1,-1,1067,2,1067,4,packages\fast-redact\test\index.js,1,3221
4485,Identifier,end,-1,-1,-1,1068,2,1068,5,packages\fast-redact\test\index.js,1,3222
4486,CallExpression,nan,1,-1,-1,1074,5,1074,14,packages\fast-redact\test\index.js,1,3223
4487,TemplateLiteral,nan,-1,-1,-1,1074,16,1074,49,packages\fast-redact\test\index.js,1,3224
4488,Identifier,is,-1,-1,-1,1074,2,1074,4,packages\fast-redact\test\index.js,1,3225
4489,Identifier,end,-1,-1,-1,1075,2,1075,5,packages\fast-redact\test\index.js,1,3226
4490,MemberExpression,nan,-1,-1,-1,1081,5,1081,25,packages\fast-redact\test\index.js,1,3227
4491,Identifier,censor,-1,-1,-1,1081,27,1081,33,packages\fast-redact\test\index.js,1,3228
4492,Identifier,is,-1,-1,-1,1081,2,1081,4,packages\fast-redact\test\index.js,1,3229
4493,Identifier,end,-1,-1,-1,1082,2,1082,5,packages\fast-redact\test\index.js,1,3230
4494,MemberExpression,nan,-1,-1,-1,1088,5,1088,34,packages\fast-redact\test\index.js,1,3231
4495,Identifier,censor,-1,-1,-1,1088,36,1088,42,packages\fast-redact\test\index.js,1,3232
4496,Identifier,is,-1,-1,-1,1088,2,1088,4,packages\fast-redact\test\index.js,1,3233
4497,Identifier,end,-1,-1,-1,1089,2,1089,5,packages\fast-redact\test\index.js,1,3234
4498,MemberExpression,nan,-1,-1,-1,1096,2,1096,9,packages\fast-redact\test\index.js,1,3235
4499,Identifier,bar,-1,-1,-1,1096,12,1096,15,packages\fast-redact\test\index.js,1,3236
4500,MemberExpression,nan,-1,-1,-1,1097,2,1097,11,packages\fast-redact\test\index.js,1,3237
4501,MemberExpression,nan,-1,-1,-1,1097,14,1097,19,packages\fast-redact\test\index.js,1,3238
4502,MemberExpression,nan,-1,-1,-1,1098,5,1098,14,packages\fast-redact\test\index.js,1,3239
4503,Identifier,bar,-1,-1,-1,1098,16,1098,19,packages\fast-redact\test\index.js,1,3240
4504,Identifier,is,-1,-1,-1,1098,2,1098,4,packages\fast-redact\test\index.js,1,3241
4505,MemberExpression,nan,-1,-1,-1,1099,5,1099,13,packages\fast-redact\test\index.js,1,3242
4506,Identifier,bar,-1,-1,-1,1099,15,1099,18,packages\fast-redact\test\index.js,1,3243
4507,Identifier,is,-1,-1,-1,1099,2,1099,4,packages\fast-redact\test\index.js,1,3244
4508,Identifier,o,-1,-1,-1,1100,9,1100,10,packages\fast-redact\test\index.js,1,3245
4509,Identifier,redact,-1,-1,-1,1100,2,1100,8,packages\fast-redact\test\index.js,1,3246
4510,MemberExpression,nan,-1,-1,-1,1101,5,1101,14,packages\fast-redact\test\index.js,1,3247
4511,Identifier,censor,-1,-1,-1,1101,16,1101,22,packages\fast-redact\test\index.js,1,3248
4512,Identifier,is,-1,-1,-1,1101,2,1101,4,packages\fast-redact\test\index.js,1,3249
4513,MemberExpression,nan,-1,-1,-1,1102,5,1102,13,packages\fast-redact\test\index.js,1,3250
4514,Identifier,censor,-1,-1,-1,1102,15,1102,21,packages\fast-redact\test\index.js,1,3251
4515,Identifier,is,-1,-1,-1,1102,2,1102,4,packages\fast-redact\test\index.js,1,3252
4516,Identifier,o,-1,-1,-1,1103,17,1103,18,packages\fast-redact\test\index.js,1,3253
4517,MemberExpression,nan,-1,-1,-1,1103,2,1103,16,packages\fast-redact\test\index.js,1,3254
4518,MemberExpression,nan,-1,-1,-1,1104,5,1104,14,packages\fast-redact\test\index.js,1,3255
4519,Identifier,bar,-1,-1,-1,1104,16,1104,19,packages\fast-redact\test\index.js,1,3256
4520,Identifier,is,-1,-1,-1,1104,2,1104,4,packages\fast-redact\test\index.js,1,3257
4521,MemberExpression,nan,-1,-1,-1,1105,5,1105,13,packages\fast-redact\test\index.js,1,3258
4522,Identifier,bar,-1,-1,-1,1105,15,1105,18,packages\fast-redact\test\index.js,1,3259
4523,Identifier,is,-1,-1,-1,1105,2,1105,4,packages\fast-redact\test\index.js,1,3260
4524,Identifier,end,-1,-1,-1,1106,2,1106,5,packages\fast-redact\test\index.js,1,3261
4525,MemberExpression,nan,-1,-1,-1,1113,2,1113,9,packages\fast-redact\test\index.js,1,3262
4526,Identifier,bar,-1,-1,-1,1113,12,1113,15,packages\fast-redact\test\index.js,1,3263
4527,MemberExpression,nan,-1,-1,-1,1114,2,1114,13,packages\fast-redact\test\index.js,1,3264
4528,MemberExpression,nan,-1,-1,-1,1114,16,1114,23,packages\fast-redact\test\index.js,1,3265
4529,MemberExpression,nan,-1,-1,-1,1115,5,1115,16,packages\fast-redact\test\index.js,1,3266
4530,Identifier,bar,-1,-1,-1,1115,18,1115,21,packages\fast-redact\test\index.js,1,3267
4531,Identifier,is,-1,-1,-1,1115,2,1115,4,packages\fast-redact\test\index.js,1,3268
4532,MemberExpression,nan,-1,-1,-1,1116,5,1116,17,packages\fast-redact\test\index.js,1,3269
4533,Identifier,bar,-1,-1,-1,1116,19,1116,22,packages\fast-redact\test\index.js,1,3270
4534,Identifier,is,-1,-1,-1,1116,2,1116,4,packages\fast-redact\test\index.js,1,3271
4535,Identifier,o,-1,-1,-1,1117,9,1117,10,packages\fast-redact\test\index.js,1,3272
4536,Identifier,redact,-1,-1,-1,1117,2,1117,8,packages\fast-redact\test\index.js,1,3273
4537,MemberExpression,nan,-1,-1,-1,1118,5,1118,16,packages\fast-redact\test\index.js,1,3274
4538,Identifier,censor,-1,-1,-1,1118,18,1118,24,packages\fast-redact\test\index.js,1,3275
4539,Identifier,is,-1,-1,-1,1118,2,1118,4,packages\fast-redact\test\index.js,1,3276
4540,MemberExpression,nan,-1,-1,-1,1119,5,1119,17,packages\fast-redact\test\index.js,1,3277
4541,Identifier,censor,-1,-1,-1,1119,19,1119,25,packages\fast-redact\test\index.js,1,3278
4542,Identifier,is,-1,-1,-1,1119,2,1119,4,packages\fast-redact\test\index.js,1,3279
4543,Identifier,o,-1,-1,-1,1120,17,1120,18,packages\fast-redact\test\index.js,1,3280
4544,MemberExpression,nan,-1,-1,-1,1120,2,1120,16,packages\fast-redact\test\index.js,1,3281
4545,MemberExpression,nan,-1,-1,-1,1121,5,1121,16,packages\fast-redact\test\index.js,1,3282
4546,Identifier,bar,-1,-1,-1,1121,18,1121,21,packages\fast-redact\test\index.js,1,3283
4547,Identifier,is,-1,-1,-1,1121,2,1121,4,packages\fast-redact\test\index.js,1,3284
4548,MemberExpression,nan,-1,-1,-1,1122,5,1122,17,packages\fast-redact\test\index.js,1,3285
4549,Identifier,bar,-1,-1,-1,1122,19,1122,22,packages\fast-redact\test\index.js,1,3286
4550,Identifier,is,-1,-1,-1,1122,2,1122,4,packages\fast-redact\test\index.js,1,3287
4551,Identifier,end,-1,-1,-1,1123,2,1123,5,packages\fast-redact\test\index.js,1,3288
4552,CallExpression,nan,1,-1,-1,1129,5,1129,14,packages\fast-redact\test\index.js,1,3289
4553,CallExpression,nan,1,-1,-1,1129,16,1129,33,packages\fast-redact\test\index.js,1,3290
4554,Identifier,is,-1,-1,-1,1129,2,1129,4,packages\fast-redact\test\index.js,1,3291
4555,Identifier,end,-1,-1,-1,1130,2,1130,5,packages\fast-redact\test\index.js,1,3292
4556,MemberExpression,nan,-1,-1,-1,1137,5,1137,17,packages\fast-redact\test\index.js,1,3293
4557,Identifier,censor,-1,-1,-1,1137,19,1137,25,packages\fast-redact\test\index.js,1,3294
4558,Identifier,is,-1,-1,-1,1137,2,1137,4,packages\fast-redact\test\index.js,1,3295
4559,MemberExpression,nan,-1,-1,-1,1138,5,1138,17,packages\fast-redact\test\index.js,1,3296
4560,Identifier,censor,-1,-1,-1,1138,19,1138,25,packages\fast-redact\test\index.js,1,3297
4561,Identifier,is,-1,-1,-1,1138,2,1138,4,packages\fast-redact\test\index.js,1,3298
4562,MemberExpression,nan,-1,-1,-1,1139,5,1139,17,packages\fast-redact\test\index.js,1,3299
4563,Identifier,censor,-1,-1,-1,1139,19,1139,25,packages\fast-redact\test\index.js,1,3300
4564,Identifier,is,-1,-1,-1,1139,2,1139,4,packages\fast-redact\test\index.js,1,3301
4565,MemberExpression,nan,-1,-1,-1,1140,5,1140,17,packages\fast-redact\test\index.js,1,3302
4566,Identifier,censor,-1,-1,-1,1140,19,1140,25,packages\fast-redact\test\index.js,1,3303
4567,Identifier,is,-1,-1,-1,1140,2,1140,4,packages\fast-redact\test\index.js,1,3304
4568,Identifier,result,-1,-1,-1,1142,17,1142,23,packages\fast-redact\test\index.js,1,3305
4569,MemberExpression,nan,-1,-1,-1,1142,2,1142,16,packages\fast-redact\test\index.js,1,3306
4570,MemberExpression,nan,-1,-1,-1,1145,5,1145,18,packages\fast-redact\test\index.js,1,3307
4571,Identifier,censor,-1,-1,-1,1145,20,1145,26,packages\fast-redact\test\index.js,1,3308
4572,Identifier,is,-1,-1,-1,1145,2,1145,4,packages\fast-redact\test\index.js,1,3309
4573,MemberExpression,nan,-1,-1,-1,1146,5,1146,18,packages\fast-redact\test\index.js,1,3310
4574,Identifier,censor,-1,-1,-1,1146,20,1146,26,packages\fast-redact\test\index.js,1,3311
4575,Identifier,is,-1,-1,-1,1146,2,1146,4,packages\fast-redact\test\index.js,1,3312
4576,MemberExpression,nan,-1,-1,-1,1147,5,1147,18,packages\fast-redact\test\index.js,1,3313
4577,Identifier,censor,-1,-1,-1,1147,20,1147,26,packages\fast-redact\test\index.js,1,3314
4578,Identifier,is,-1,-1,-1,1147,2,1147,4,packages\fast-redact\test\index.js,1,3315
4579,MemberExpression,nan,-1,-1,-1,1148,5,1148,18,packages\fast-redact\test\index.js,1,3316
4580,Identifier,censor,-1,-1,-1,1148,20,1148,26,packages\fast-redact\test\index.js,1,3317
4581,Identifier,is,-1,-1,-1,1148,2,1148,4,packages\fast-redact\test\index.js,1,3318
4582,Identifier,result2,-1,-1,-1,1150,17,1150,24,packages\fast-redact\test\index.js,1,3319
4583,MemberExpression,nan,-1,-1,-1,1150,2,1150,16,packages\fast-redact\test\index.js,1,3320
4584,Identifier,end,-1,-1,-1,1151,2,1151,5,packages\fast-redact\test\index.js,1,3321
4585,CallExpression,nan,1,-1,-1,1157,5,1157,23,packages\fast-redact\test\index.js,1,3322
4587,Identifier,is,-1,-1,-1,1157,2,1157,4,packages\fast-redact\test\index.js,1,3323
4588,CallExpression,nan,1,-1,-1,1158,5,1158,28,packages\fast-redact\test\index.js,1,3324
4590,Identifier,is,-1,-1,-1,1158,2,1158,4,packages\fast-redact\test\index.js,1,3325
4591,Identifier,end,-1,-1,-1,1159,2,1159,5,packages\fast-redact\test\index.js,1,3326
4592,CallExpression,nan,1,-1,-1,1165,5,1165,23,packages\fast-redact\test\index.js,1,3327
4594,Identifier,is,-1,-1,-1,1165,2,1165,4,packages\fast-redact\test\index.js,1,3328
4595,CallExpression,nan,1,-1,-1,1166,5,1166,28,packages\fast-redact\test\index.js,1,3329
4597,Identifier,is,-1,-1,-1,1166,2,1166,4,packages\fast-redact\test\index.js,1,3330
4598,MemberExpression,nan,-1,-1,-1,1167,5,1167,10,packages\fast-redact\test\index.js,1,3331
4599,Identifier,undefined,-1,-1,-1,1167,12,1167,21,packages\fast-redact\test\index.js,1,3332
4600,Identifier,is,-1,-1,-1,1167,2,1167,4,packages\fast-redact\test\index.js,1,3333
4601,Identifier,end,-1,-1,-1,1168,2,1168,5,packages\fast-redact\test\index.js,1,3334
4602,Identifier,o,-1,-1,-1,1177,9,1177,10,packages\fast-redact\test\index.js,1,3335
4603,Identifier,redact,-1,-1,-1,1177,2,1177,8,packages\fast-redact\test\index.js,1,3336
4604,MemberExpression,nan,-1,-1,-1,1178,5,1178,10,packages\fast-redact\test\index.js,1,3337
4606,Identifier,is,-1,-1,-1,1178,2,1178,4,packages\fast-redact\test\index.js,1,3338
4607,MemberExpression,nan,-1,-1,-1,1179,5,1179,10,packages\fast-redact\test\index.js,1,3339
4609,Identifier,is,-1,-1,-1,1179,2,1179,4,packages\fast-redact\test\index.js,1,3340
4610,Identifier,o,-1,-1,-1,1180,17,1180,18,packages\fast-redact\test\index.js,1,3341
4611,MemberExpression,nan,-1,-1,-1,1180,2,1180,16,packages\fast-redact\test\index.js,1,3342
4612,MemberExpression,nan,-1,-1,-1,1181,5,1181,10,packages\fast-redact\test\index.js,1,3343
4614,Identifier,is,-1,-1,-1,1181,2,1181,4,packages\fast-redact\test\index.js,1,3344
4615,MemberExpression,nan,-1,-1,-1,1182,5,1182,10,packages\fast-redact\test\index.js,1,3345
4617,Identifier,is,-1,-1,-1,1182,2,1182,4,packages\fast-redact\test\index.js,1,3346
4618,Identifier,end,-1,-1,-1,1183,2,1183,5,packages\fast-redact\test\index.js,1,3347
4619,Identifier,o,-1,-1,-1,1192,9,1192,10,packages\fast-redact\test\index.js,1,3348
4620,Identifier,redact,-1,-1,-1,1192,2,1192,8,packages\fast-redact\test\index.js,1,3349
4621,MemberExpression,nan,-1,-1,-1,1193,5,1193,10,packages\fast-redact\test\index.js,1,3350
4623,Identifier,is,-1,-1,-1,1193,2,1193,4,packages\fast-redact\test\index.js,1,3351
4624,MemberExpression,nan,-1,-1,-1,1194,5,1194,10,packages\fast-redact\test\index.js,1,3352
4626,Identifier,is,-1,-1,-1,1194,2,1194,4,packages\fast-redact\test\index.js,1,3353
4627,MemberExpression,nan,-1,-1,-1,1195,5,1195,12,packages\fast-redact\test\index.js,1,3354
4629,Identifier,is,-1,-1,-1,1195,2,1195,4,packages\fast-redact\test\index.js,1,3355
4630,Identifier,o,-1,-1,-1,1196,17,1196,18,packages\fast-redact\test\index.js,1,3356
4631,MemberExpression,nan,-1,-1,-1,1196,2,1196,16,packages\fast-redact\test\index.js,1,3357
4632,MemberExpression,nan,-1,-1,-1,1197,5,1197,10,packages\fast-redact\test\index.js,1,3358
4634,Identifier,is,-1,-1,-1,1197,2,1197,4,packages\fast-redact\test\index.js,1,3359
4635,MemberExpression,nan,-1,-1,-1,1198,5,1198,10,packages\fast-redact\test\index.js,1,3360
4637,Identifier,is,-1,-1,-1,1198,2,1198,4,packages\fast-redact\test\index.js,1,3361
4638,MemberExpression,nan,-1,-1,-1,1199,5,1199,12,packages\fast-redact\test\index.js,1,3362
4640,Identifier,is,-1,-1,-1,1199,2,1199,4,packages\fast-redact\test\index.js,1,3363
4641,Identifier,end,-1,-1,-1,1200,2,1200,5,packages\fast-redact\test\index.js,1,3364
4642,CallExpression,nan,1,-1,-1,1206,5,1206,14,packages\fast-redact\test\index.js,1,3365
4644,Identifier,is,-1,-1,-1,1206,2,1206,4,packages\fast-redact\test\index.js,1,3366
4645,Identifier,end,-1,-1,-1,1207,2,1207,5,packages\fast-redact\test\index.js,1,3367
4646,CallExpression,nan,1,-1,-1,1214,5,1214,15,packages\fast-redact\test\index.js,1,3368
4648,Identifier,is,-1,-1,-1,1214,2,1214,4,packages\fast-redact\test\index.js,1,3369
4649,CallExpression,nan,1,-1,-1,1215,5,1215,15,packages\fast-redact\test\index.js,1,3370
4651,Identifier,is,-1,-1,-1,1215,2,1215,4,packages\fast-redact\test\index.js,1,3371
4652,CallExpression,nan,1,-1,-1,1217,5,1217,15,packages\fast-redact\test\index.js,1,3372
4654,Identifier,is,-1,-1,-1,1217,2,1217,4,packages\fast-redact\test\index.js,1,3373
4655,CallExpression,nan,1,-1,-1,1218,5,1218,15,packages\fast-redact\test\index.js,1,3374
4657,Identifier,is,-1,-1,-1,1218,2,1218,4,packages\fast-redact\test\index.js,1,3375
4660,Identifier,is,-1,-1,-1,1219,2,1219,4,packages\fast-redact\test\index.js,1,3376
4663,Identifier,is,-1,-1,-1,1220,2,1220,4,packages\fast-redact\test\index.js,1,3377
4664,Identifier,end,-1,-1,-1,1221,2,1221,5,packages\fast-redact\test\index.js,1,3378
4665,CallExpression,nan,1,-1,-1,1227,5,1227,14,packages\fast-redact\test\index.js,1,3379
4667,Identifier,is,-1,-1,-1,1227,2,1227,4,packages\fast-redact\test\index.js,1,3380
4668,MemberExpression,nan,-1,-1,-1,1228,5,1228,11,packages\fast-redact\test\index.js,1,3381
4670,Identifier,is,-1,-1,-1,1228,2,1228,4,packages\fast-redact\test\index.js,1,3382
4671,Identifier,end,-1,-1,-1,1229,2,1229,5,packages\fast-redact\test\index.js,1,3383
4672,MemberExpression,nan,-1,-1,-1,1238,5,1238,63,packages\fast-redact\test\index.js,1,3384
4673,Identifier,censor,-1,-1,-1,1238,65,1238,71,packages\fast-redact\test\index.js,1,3385
4674,Identifier,is,-1,-1,-1,1238,2,1238,4,packages\fast-redact\test\index.js,1,3386
4675,MemberExpression,nan,-1,-1,-1,1239,5,1239,63,packages\fast-redact\test\index.js,1,3387
4676,Identifier,censor,-1,-1,-1,1239,65,1239,71,packages\fast-redact\test\index.js,1,3388
4677,Identifier,is,-1,-1,-1,1239,2,1239,4,packages\fast-redact\test\index.js,1,3389
4678,MemberExpression,nan,-1,-1,-1,1240,5,1240,65,packages\fast-redact\test\index.js,1,3390
4679,Identifier,censor,-1,-1,-1,1240,67,1240,73,packages\fast-redact\test\index.js,1,3391
4680,Identifier,is,-1,-1,-1,1240,2,1240,4,packages\fast-redact\test\index.js,1,3392
4681,MemberExpression,nan,-1,-1,-1,1241,5,1241,60,packages\fast-redact\test\index.js,1,3393
4682,Identifier,censor,-1,-1,-1,1241,62,1241,68,packages\fast-redact\test\index.js,1,3394
4683,Identifier,is,-1,-1,-1,1241,2,1241,4,packages\fast-redact\test\index.js,1,3395
4684,MemberExpression,nan,-1,-1,-1,1242,5,1242,54,packages\fast-redact\test\index.js,1,3396
4685,Identifier,censor,-1,-1,-1,1242,56,1242,62,packages\fast-redact\test\index.js,1,3397
4686,Identifier,is,-1,-1,-1,1242,2,1242,4,packages\fast-redact\test\index.js,1,3398
4687,Identifier,end,-1,-1,-1,1243,2,1243,5,packages\fast-redact\test\index.js,1,3399
4688,CallExpression,nan,1,-1,-1,1253,5,1253,14,packages\fast-redact\test\index.js,1,3400
4690,Identifier,is,-1,-1,-1,1253,2,1253,4,packages\fast-redact\test\index.js,1,3401
4691,Identifier,end,-1,-1,-1,1254,2,1254,5,packages\fast-redact\test\index.js,1,3402
4692,CallExpression,nan,1,-1,-1,1267,5,1267,14,packages\fast-redact\test\index.js,1,3403
4694,Identifier,is,-1,-1,-1,1267,2,1267,4,packages\fast-redact\test\index.js,1,3404
4695,Identifier,end,-1,-1,-1,1268,2,1268,5,packages\fast-redact\test\index.js,1,3405
4696,CallExpression,nan,1,-1,-1,1280,5,1280,14,packages\fast-redact\test\index.js,1,3406
4698,Identifier,is,-1,-1,-1,1280,2,1280,4,packages\fast-redact\test\index.js,1,3407
4699,Identifier,end,-1,-1,-1,1281,2,1281,5,packages\fast-redact\test\index.js,1,3408
4700,CallExpression,nan,1,-1,-1,1291,5,1291,14,packages\fast-redact\test\index.js,1,3409
4701,Identifier,o,-1,-1,-1,1291,16,1291,17,packages\fast-redact\test\index.js,1,3410
4702,Identifier,is,-1,-1,-1,1291,2,1291,4,packages\fast-redact\test\index.js,1,3411
4703,Identifier,end,-1,-1,-1,1292,2,1292,5,packages\fast-redact\test\index.js,1,3412
4704,CallExpression,nan,1,-1,-1,1304,5,1304,14,packages\fast-redact\test\index.js,1,3413
4706,Identifier,is,-1,-1,-1,1304,2,1304,4,packages\fast-redact\test\index.js,1,3414
4707,Identifier,end,-1,-1,-1,1305,2,1305,5,packages\fast-redact\test\index.js,1,3415
4708,Identifier,o,-1,-1,-1,1317,9,1317,10,packages\fast-redact\test\index.js,1,3416
4709,Identifier,redact,-1,-1,-1,1317,2,1317,8,packages\fast-redact\test\index.js,1,3417
4710,MemberExpression,nan,-1,-1,-1,1318,5,1318,12,packages\fast-redact\test\index.js,1,3418
4712,Identifier,is,-1,-1,-1,1318,2,1318,4,packages\fast-redact\test\index.js,1,3419
4713,MemberExpression,nan,-1,-1,-1,1319,5,1319,12,packages\fast-redact\test\index.js,1,3420
4715,Identifier,is,-1,-1,-1,1319,2,1319,4,packages\fast-redact\test\index.js,1,3421
4716,MemberExpression,nan,-1,-1,-1,1320,5,1320,12,packages\fast-redact\test\index.js,1,3422
4718,Identifier,is,-1,-1,-1,1320,2,1320,4,packages\fast-redact\test\index.js,1,3423
4719,Identifier,end,-1,-1,-1,1321,2,1321,5,packages\fast-redact\test\index.js,1,3424
4720,CallExpression,nan,1,-1,-1,1344,5,1344,14,packages\fast-redact\test\index.js,1,3425
4722,Identifier,is,-1,-1,-1,1344,2,1344,4,packages\fast-redact\test\index.js,1,3426
4723,Identifier,end,-1,-1,-1,1345,2,1345,5,packages\fast-redact\test\index.js,1,3427
4724,CallExpression,nan,1,-1,-1,1368,5,1368,14,packages\fast-redact\test\index.js,1,3428
4726,Identifier,is,-1,-1,-1,1368,2,1368,4,packages\fast-redact\test\index.js,1,3429
4727,Identifier,end,-1,-1,-1,1369,2,1369,5,packages\fast-redact\test\index.js,1,3430
4728,MemberExpression,nan,-1,-1,-1,1375,5,1375,19,packages\fast-redact\test\index.js,1,3431
4729,Identifier,censor,-1,-1,-1,1375,21,1375,27,packages\fast-redact\test\index.js,1,3432
4730,Identifier,is,-1,-1,-1,1375,2,1375,4,packages\fast-redact\test\index.js,1,3433
4731,MemberExpression,nan,-1,-1,-1,1376,5,1376,21,packages\fast-redact\test\index.js,1,3434
4733,Identifier,is,-1,-1,-1,1376,2,1376,4,packages\fast-redact\test\index.js,1,3435
4734,MemberExpression,nan,-1,-1,-1,1377,5,1377,21,packages\fast-redact\test\index.js,1,3436
4736,Identifier,is,-1,-1,-1,1377,2,1377,4,packages\fast-redact\test\index.js,1,3437
4737,MemberExpression,nan,-1,-1,-1,1378,5,1378,21,packages\fast-redact\test\index.js,1,3438
4738,Identifier,censor,-1,-1,-1,1378,23,1378,29,packages\fast-redact\test\index.js,1,3439
4739,Identifier,is,-1,-1,-1,1378,2,1378,4,packages\fast-redact\test\index.js,1,3440
4740,Identifier,result,-1,-1,-1,1379,17,1379,23,packages\fast-redact\test\index.js,1,3441
4741,MemberExpression,nan,-1,-1,-1,1379,2,1379,16,packages\fast-redact\test\index.js,1,3442
4742,MemberExpression,nan,-1,-1,-1,1380,5,1380,19,packages\fast-redact\test\index.js,1,3443
4744,Identifier,is,-1,-1,-1,1380,2,1380,4,packages\fast-redact\test\index.js,1,3444
4745,MemberExpression,nan,-1,-1,-1,1381,5,1381,21,packages\fast-redact\test\index.js,1,3445
4747,Identifier,is,-1,-1,-1,1381,2,1381,4,packages\fast-redact\test\index.js,1,3446
4748,MemberExpression,nan,-1,-1,-1,1382,5,1382,21,packages\fast-redact\test\index.js,1,3447
4750,Identifier,is,-1,-1,-1,1382,2,1382,4,packages\fast-redact\test\index.js,1,3448
4751,MemberExpression,nan,-1,-1,-1,1383,5,1383,21,packages\fast-redact\test\index.js,1,3449
4753,Identifier,is,-1,-1,-1,1383,2,1383,4,packages\fast-redact\test\index.js,1,3450
4754,Identifier,end,-1,-1,-1,1384,2,1384,5,packages\fast-redact\test\index.js,1,3451
4755,MemberExpression,nan,-1,-1,-1,1390,5,1390,19,packages\fast-redact\test\index.js,1,3452
4756,Identifier,censor,-1,-1,-1,1390,21,1390,27,packages\fast-redact\test\index.js,1,3453
4757,Identifier,is,-1,-1,-1,1390,2,1390,4,packages\fast-redact\test\index.js,1,3454
4758,MemberExpression,nan,-1,-1,-1,1391,5,1391,21,packages\fast-redact\test\index.js,1,3455
4760,Identifier,is,-1,-1,-1,1391,2,1391,4,packages\fast-redact\test\index.js,1,3456
4761,MemberExpression,nan,-1,-1,-1,1392,5,1392,21,packages\fast-redact\test\index.js,1,3457
4763,Identifier,is,-1,-1,-1,1392,2,1392,4,packages\fast-redact\test\index.js,1,3458
4764,MemberExpression,nan,-1,-1,-1,1393,5,1393,21,packages\fast-redact\test\index.js,1,3459
4765,Identifier,censor,-1,-1,-1,1393,23,1393,29,packages\fast-redact\test\index.js,1,3460
4766,Identifier,is,-1,-1,-1,1393,2,1393,4,packages\fast-redact\test\index.js,1,3461
4767,Identifier,result,-1,-1,-1,1394,17,1394,23,packages\fast-redact\test\index.js,1,3462
4768,MemberExpression,nan,-1,-1,-1,1394,2,1394,16,packages\fast-redact\test\index.js,1,3463
4769,MemberExpression,nan,-1,-1,-1,1395,5,1395,19,packages\fast-redact\test\index.js,1,3464
4771,Identifier,is,-1,-1,-1,1395,2,1395,4,packages\fast-redact\test\index.js,1,3465
4772,MemberExpression,nan,-1,-1,-1,1396,5,1396,21,packages\fast-redact\test\index.js,1,3466
4774,Identifier,is,-1,-1,-1,1396,2,1396,4,packages\fast-redact\test\index.js,1,3467
4775,MemberExpression,nan,-1,-1,-1,1397,5,1397,21,packages\fast-redact\test\index.js,1,3468
4777,Identifier,is,-1,-1,-1,1397,2,1397,4,packages\fast-redact\test\index.js,1,3469
4778,MemberExpression,nan,-1,-1,-1,1398,5,1398,21,packages\fast-redact\test\index.js,1,3470
4780,Identifier,is,-1,-1,-1,1398,2,1398,4,packages\fast-redact\test\index.js,1,3471
4781,Identifier,end,-1,-1,-1,1399,2,1399,5,packages\fast-redact\test\index.js,1,3472
4782,Identifier,o,-1,-1,-1,1412,9,1412,10,packages\fast-redact\test\index.js,1,3473
4783,Identifier,redact,-1,-1,-1,1412,2,1412,8,packages\fast-redact\test\index.js,1,3474
4784,MemberExpression,nan,-1,-1,-1,1413,5,1413,20,packages\fast-redact\test\index.js,1,3475
4785,Identifier,censor,-1,-1,-1,1413,22,1413,28,packages\fast-redact\test\index.js,1,3476
4786,Identifier,is,-1,-1,-1,1413,2,1413,4,packages\fast-redact\test\index.js,1,3477
4787,MemberExpression,nan,-1,-1,-1,1414,5,1414,20,packages\fast-redact\test\index.js,1,3478
4788,Identifier,censor,-1,-1,-1,1414,22,1414,28,packages\fast-redact\test\index.js,1,3479
4789,Identifier,is,-1,-1,-1,1414,2,1414,4,packages\fast-redact\test\index.js,1,3480
4790,Identifier,o,-1,-1,-1,1415,17,1415,18,packages\fast-redact\test\index.js,1,3481
4791,MemberExpression,nan,-1,-1,-1,1415,2,1415,16,packages\fast-redact\test\index.js,1,3482
4792,MemberExpression,nan,-1,-1,-1,1416,5,1416,20,packages\fast-redact\test\index.js,1,3483
4794,Identifier,is,-1,-1,-1,1416,2,1416,4,packages\fast-redact\test\index.js,1,3484
4795,MemberExpression,nan,-1,-1,-1,1417,5,1417,20,packages\fast-redact\test\index.js,1,3485
4797,Identifier,is,-1,-1,-1,1417,2,1417,4,packages\fast-redact\test\index.js,1,3486
4798,Identifier,end,-1,-1,-1,1418,2,1418,5,packages\fast-redact\test\index.js,1,3487
4799,Identifier,o,-1,-1,-1,1461,9,1461,10,packages\fast-redact\test\index.js,1,3488
4800,Identifier,redact,-1,-1,-1,1461,2,1461,8,packages\fast-redact\test\index.js,1,3489
4801,MemberExpression,nan,-1,-1,-1,1462,5,1462,19,packages\fast-redact\test\index.js,1,3490
4802,Identifier,censor,-1,-1,-1,1462,21,1462,27,packages\fast-redact\test\index.js,1,3491
4803,Identifier,is,-1,-1,-1,1462,2,1462,4,packages\fast-redact\test\index.js,1,3492
4804,MemberExpression,nan,-1,-1,-1,1463,5,1463,19,packages\fast-redact\test\index.js,1,3493
4805,Identifier,censor,-1,-1,-1,1463,21,1463,27,packages\fast-redact\test\index.js,1,3494
4806,Identifier,is,-1,-1,-1,1463,2,1463,4,packages\fast-redact\test\index.js,1,3495
4807,MemberExpression,nan,-1,-1,-1,1464,5,1464,19,packages\fast-redact\test\index.js,1,3496
4808,Identifier,censor,-1,-1,-1,1464,21,1464,27,packages\fast-redact\test\index.js,1,3497
4809,Identifier,is,-1,-1,-1,1464,2,1464,4,packages\fast-redact\test\index.js,1,3498
4810,MemberExpression,nan,-1,-1,-1,1465,5,1465,19,packages\fast-redact\test\index.js,1,3499
4811,Identifier,censor,-1,-1,-1,1465,21,1465,27,packages\fast-redact\test\index.js,1,3500
4812,Identifier,is,-1,-1,-1,1465,2,1465,4,packages\fast-redact\test\index.js,1,3501
4813,MemberExpression,nan,-1,-1,-1,1466,5,1466,19,packages\fast-redact\test\index.js,1,3502
4814,Identifier,censor,-1,-1,-1,1466,21,1466,27,packages\fast-redact\test\index.js,1,3503
4815,Identifier,is,-1,-1,-1,1466,2,1466,4,packages\fast-redact\test\index.js,1,3504
4816,MemberExpression,nan,-1,-1,-1,1467,5,1467,19,packages\fast-redact\test\index.js,1,3505
4817,Identifier,censor,-1,-1,-1,1467,21,1467,27,packages\fast-redact\test\index.js,1,3506
4818,Identifier,is,-1,-1,-1,1467,2,1467,4,packages\fast-redact\test\index.js,1,3507
4819,MemberExpression,nan,-1,-1,-1,1468,5,1468,19,packages\fast-redact\test\index.js,1,3508
4820,Identifier,censor,-1,-1,-1,1468,21,1468,27,packages\fast-redact\test\index.js,1,3509
4821,Identifier,is,-1,-1,-1,1468,2,1468,4,packages\fast-redact\test\index.js,1,3510
4822,MemberExpression,nan,-1,-1,-1,1469,5,1469,19,packages\fast-redact\test\index.js,1,3511
4823,Identifier,censor,-1,-1,-1,1469,21,1469,27,packages\fast-redact\test\index.js,1,3512
4824,Identifier,is,-1,-1,-1,1469,2,1469,4,packages\fast-redact\test\index.js,1,3513
4825,Identifier,o,-1,-1,-1,1470,17,1470,18,packages\fast-redact\test\index.js,1,3514
4826,MemberExpression,nan,-1,-1,-1,1470,2,1470,16,packages\fast-redact\test\index.js,1,3515
4827,MemberExpression,nan,-1,-1,-1,1471,5,1471,19,packages\fast-redact\test\index.js,1,3516
4829,Identifier,is,-1,-1,-1,1471,2,1471,4,packages\fast-redact\test\index.js,1,3517
4830,MemberExpression,nan,-1,-1,-1,1472,5,1472,19,packages\fast-redact\test\index.js,1,3518
4832,Identifier,is,-1,-1,-1,1472,2,1472,4,packages\fast-redact\test\index.js,1,3519
4833,MemberExpression,nan,-1,-1,-1,1473,5,1473,19,packages\fast-redact\test\index.js,1,3520
4835,Identifier,is,-1,-1,-1,1473,2,1473,4,packages\fast-redact\test\index.js,1,3521
4836,MemberExpression,nan,-1,-1,-1,1474,5,1474,19,packages\fast-redact\test\index.js,1,3522
4838,Identifier,is,-1,-1,-1,1474,2,1474,4,packages\fast-redact\test\index.js,1,3523
4839,MemberExpression,nan,-1,-1,-1,1475,5,1475,19,packages\fast-redact\test\index.js,1,3524
4841,Identifier,is,-1,-1,-1,1475,2,1475,4,packages\fast-redact\test\index.js,1,3525
4842,MemberExpression,nan,-1,-1,-1,1476,5,1476,19,packages\fast-redact\test\index.js,1,3526
4844,Identifier,is,-1,-1,-1,1476,2,1476,4,packages\fast-redact\test\index.js,1,3527
4845,MemberExpression,nan,-1,-1,-1,1477,5,1477,19,packages\fast-redact\test\index.js,1,3528
4847,Identifier,is,-1,-1,-1,1477,2,1477,4,packages\fast-redact\test\index.js,1,3529
4848,MemberExpression,nan,-1,-1,-1,1478,5,1478,19,packages\fast-redact\test\index.js,1,3530
4850,Identifier,is,-1,-1,-1,1478,2,1478,4,packages\fast-redact\test\index.js,1,3531
4851,Identifier,o2,-1,-1,-1,1480,9,1480,11,packages\fast-redact\test\index.js,1,3532
4852,Identifier,redact,-1,-1,-1,1480,2,1480,8,packages\fast-redact\test\index.js,1,3533
4853,MemberExpression,nan,-1,-1,-1,1481,5,1481,20,packages\fast-redact\test\index.js,1,3534
4854,Identifier,censor,-1,-1,-1,1481,22,1481,28,packages\fast-redact\test\index.js,1,3535
4855,Identifier,is,-1,-1,-1,1481,2,1481,4,packages\fast-redact\test\index.js,1,3536
4856,MemberExpression,nan,-1,-1,-1,1482,5,1482,20,packages\fast-redact\test\index.js,1,3537
4857,Identifier,censor,-1,-1,-1,1482,22,1482,28,packages\fast-redact\test\index.js,1,3538
4858,Identifier,is,-1,-1,-1,1482,2,1482,4,packages\fast-redact\test\index.js,1,3539
4859,Identifier,o2,-1,-1,-1,1483,17,1483,19,packages\fast-redact\test\index.js,1,3540
4860,MemberExpression,nan,-1,-1,-1,1483,2,1483,16,packages\fast-redact\test\index.js,1,3541
4861,MemberExpression,nan,-1,-1,-1,1484,5,1484,20,packages\fast-redact\test\index.js,1,3542
4863,Identifier,is,-1,-1,-1,1484,2,1484,4,packages\fast-redact\test\index.js,1,3543
4864,MemberExpression,nan,-1,-1,-1,1485,5,1485,20,packages\fast-redact\test\index.js,1,3544
4866,Identifier,is,-1,-1,-1,1485,2,1485,4,packages\fast-redact\test\index.js,1,3545
4867,Identifier,end,-1,-1,-1,1487,2,1487,5,packages\fast-redact\test\index.js,1,3546
4868,Identifier,o,-1,-1,-1,1497,9,1497,10,packages\fast-redact\test\index.js,1,3547
4869,Identifier,redact,-1,-1,-1,1497,2,1497,8,packages\fast-redact\test\index.js,1,3548
4870,MemberExpression,nan,-1,-1,-1,1498,5,1498,12,packages\fast-redact\test\index.js,1,3549
4871,Identifier,censor,-1,-1,-1,1498,14,1498,20,packages\fast-redact\test\index.js,1,3550
4872,Identifier,is,-1,-1,-1,1498,2,1498,4,packages\fast-redact\test\index.js,1,3551
4873,Identifier,o,-1,-1,-1,1499,17,1499,18,packages\fast-redact\test\index.js,1,3552
4874,MemberExpression,nan,-1,-1,-1,1499,2,1499,16,packages\fast-redact\test\index.js,1,3553
4875,MemberExpression,nan,-1,-1,-1,1500,5,1500,12,packages\fast-redact\test\index.js,1,3554
4877,Identifier,is,-1,-1,-1,1500,2,1500,4,packages\fast-redact\test\index.js,1,3555
4878,Identifier,end,-1,-1,-1,1501,2,1501,5,packages\fast-redact\test\index.js,1,3556
4880,CallExpression,nan,1,-1,-1,12,21,12,31,packages\fast-redact\test\index.js,1,3557
4882,BlockStatement,nan,-1,-1,-1,13,21,16,3,packages\fast-redact\test\index.js,1,3558
4883,ObjectExpression,nan,-1,-1,-1,21,16,21,29,packages\fast-redact\test\index.js,1,3559
4884,Identifier,fastRedact,-1,-1,-1,21,5,21,15,packages\fast-redact\test\index.js,1,3560
4885,Identifier,fastRedact,-1,-1,-1,22,5,22,15,packages\fast-redact\test\index.js,1,3561
4887,CallExpression,nan,1,-1,-1,28,15,28,24,packages\fast-redact\test\index.js,1,3562
4889,CallExpression,nan,1,-1,-1,34,15,34,24,packages\fast-redact\test\index.js,1,3563
4890,Identifier,it,-1,-1,-1,46,22,46,24,packages\fast-redact\test\index.js,1,3564
4891,Identifier,i,-1,-1,-1,46,26,46,27,packages\fast-redact\test\index.js,1,3565
4893,BlockStatement,nan,-1,-1,-1,46,32,50,3,packages\fast-redact\test\index.js,1,3566
4894,Identifier,it,-1,-1,-1,65,22,65,24,packages\fast-redact\test\index.js,1,3567
4896,BlockStatement,nan,-1,-1,-1,65,29,69,3,packages\fast-redact\test\index.js,1,3568
4897,Identifier,it,-1,-1,-1,83,22,83,24,packages\fast-redact\test\index.js,1,3569
4899,BlockStatement,nan,-1,-1,-1,83,29,87,3,packages\fast-redact\test\index.js,1,3570
4900,Identifier,a,-1,-1,-1,101,22,101,23,packages\fast-redact\test\index.js,1,3571
4902,BlockStatement,nan,-1,-1,-1,101,28,105,3,packages\fast-redact\test\index.js,1,3572
4903,Identifier,e,-1,-1,-1,123,10,123,11,packages\fast-redact\test\index.js,1,3573
4905,BlockStatement,nan,-1,-1,-1,123,16,125,3,packages\fast-redact\test\index.js,1,3574
4906,Identifier,invalidTypeMsg,-1,-1,-1,125,11,125,25,packages\fast-redact\test\index.js,1,3575
4907,Identifier,Error,-1,-1,-1,125,5,125,10,packages\fast-redact\test\index.js,1,3576
4908,Identifier,e,-1,-1,-1,126,10,126,11,packages\fast-redact\test\index.js,1,3577
4910,BlockStatement,nan,-1,-1,-1,126,16,128,3,packages\fast-redact\test\index.js,1,3578
4911,Identifier,invalidTypeMsg,-1,-1,-1,128,11,128,25,packages\fast-redact\test\index.js,1,3579
4912,Identifier,Error,-1,-1,-1,128,5,128,10,packages\fast-redact\test\index.js,1,3580
4913,Identifier,e,-1,-1,-1,129,10,129,11,packages\fast-redact\test\index.js,1,3581
4915,BlockStatement,nan,-1,-1,-1,129,16,131,3,packages\fast-redact\test\index.js,1,3582
4916,Identifier,invalidTypeMsg,-1,-1,-1,131,11,131,25,packages\fast-redact\test\index.js,1,3583
4917,Identifier,Error,-1,-1,-1,131,5,131,10,packages\fast-redact\test\index.js,1,3584
4918,Identifier,e,-1,-1,-1,132,10,132,11,packages\fast-redact\test\index.js,1,3585
4920,BlockStatement,nan,-1,-1,-1,132,16,134,3,packages\fast-redact\test\index.js,1,3586
4921,Identifier,invalidTypeMsg,-1,-1,-1,134,11,134,25,packages\fast-redact\test\index.js,1,3587
4922,Identifier,Error,-1,-1,-1,134,5,134,10,packages\fast-redact\test\index.js,1,3588
4923,Identifier,e,-1,-1,-1,135,10,135,11,packages\fast-redact\test\index.js,1,3589
4925,BlockStatement,nan,-1,-1,-1,135,16,137,3,packages\fast-redact\test\index.js,1,3590
4926,Identifier,invalidTypeMsg,-1,-1,-1,137,11,137,25,packages\fast-redact\test\index.js,1,3591
4927,Identifier,Error,-1,-1,-1,137,5,137,10,packages\fast-redact\test\index.js,1,3592
4928,Identifier,e,-1,-1,-1,143,10,143,11,packages\fast-redact\test\index.js,1,3593
4930,BlockStatement,nan,-1,-1,-1,143,16,145,3,packages\fast-redact\test\index.js,1,3594
4932,Identifier,err,-1,-1,-1,145,5,145,8,packages\fast-redact\test\index.js,1,3595
4933,Identifier,e,-1,-1,-1,146,10,146,11,packages\fast-redact\test\index.js,1,3596
4935,BlockStatement,nan,-1,-1,-1,146,16,148,3,packages\fast-redact\test\index.js,1,3597
4937,Identifier,err,-1,-1,-1,148,5,148,8,packages\fast-redact\test\index.js,1,3598
4938,Identifier,e,-1,-1,-1,149,10,149,11,packages\fast-redact\test\index.js,1,3599
4940,BlockStatement,nan,-1,-1,-1,149,16,151,3,packages\fast-redact\test\index.js,1,3600
4942,Identifier,err,-1,-1,-1,151,5,151,8,packages\fast-redact\test\index.js,1,3601
4943,Identifier,e,-1,-1,-1,152,10,152,11,packages\fast-redact\test\index.js,1,3602
4945,BlockStatement,nan,-1,-1,-1,152,16,154,3,packages\fast-redact\test\index.js,1,3603
4947,Identifier,err,-1,-1,-1,154,5,154,8,packages\fast-redact\test\index.js,1,3604
4948,Identifier,e,-1,-1,-1,155,10,155,11,packages\fast-redact\test\index.js,1,3605
4950,BlockStatement,nan,-1,-1,-1,155,16,157,3,packages\fast-redact\test\index.js,1,3606
4952,Identifier,err,-1,-1,-1,157,5,157,8,packages\fast-redact\test\index.js,1,3607
4953,Identifier,e,-1,-1,-1,158,10,158,11,packages\fast-redact\test\index.js,1,3608
4955,BlockStatement,nan,-1,-1,-1,158,16,160,3,packages\fast-redact\test\index.js,1,3609
4957,Identifier,err,-1,-1,-1,160,5,160,8,packages\fast-redact\test\index.js,1,3610
4958,Identifier,e,-1,-1,-1,161,10,161,11,packages\fast-redact\test\index.js,1,3611
4960,BlockStatement,nan,-1,-1,-1,161,16,163,3,packages\fast-redact\test\index.js,1,3612
4962,Identifier,err,-1,-1,-1,163,5,163,8,packages\fast-redact\test\index.js,1,3613
4963,Identifier,e,-1,-1,-1,164,10,164,11,packages\fast-redact\test\index.js,1,3614
4965,BlockStatement,nan,-1,-1,-1,164,16,166,3,packages\fast-redact\test\index.js,1,3615
4967,Identifier,err,-1,-1,-1,166,5,166,8,packages\fast-redact\test\index.js,1,3616
4968,Identifier,e,-1,-1,-1,167,10,167,11,packages\fast-redact\test\index.js,1,3617
4970,BlockStatement,nan,-1,-1,-1,167,16,169,3,packages\fast-redact\test\index.js,1,3618
4972,Identifier,err,-1,-1,-1,169,5,169,8,packages\fast-redact\test\index.js,1,3619
4973,Identifier,e,-1,-1,-1,170,10,170,11,packages\fast-redact\test\index.js,1,3620
4975,BlockStatement,nan,-1,-1,-1,170,16,172,3,packages\fast-redact\test\index.js,1,3621
4977,Identifier,err,-1,-1,-1,172,5,172,8,packages\fast-redact\test\index.js,1,3622
4978,Identifier,e,-1,-1,-1,173,10,173,11,packages\fast-redact\test\index.js,1,3623
4980,BlockStatement,nan,-1,-1,-1,173,16,175,3,packages\fast-redact\test\index.js,1,3624
4982,Identifier,err,-1,-1,-1,175,5,175,8,packages\fast-redact\test\index.js,1,3625
4983,Identifier,e,-1,-1,-1,176,10,176,11,packages\fast-redact\test\index.js,1,3626
4985,BlockStatement,nan,-1,-1,-1,176,16,178,3,packages\fast-redact\test\index.js,1,3627
4987,Identifier,err,-1,-1,-1,178,5,178,8,packages\fast-redact\test\index.js,1,3628
4988,Identifier,e,-1,-1,-1,179,10,179,11,packages\fast-redact\test\index.js,1,3629
4990,BlockStatement,nan,-1,-1,-1,179,16,181,3,packages\fast-redact\test\index.js,1,3630
4992,Identifier,err,-1,-1,-1,181,5,181,8,packages\fast-redact\test\index.js,1,3631
4993,Identifier,e,-1,-1,-1,182,10,182,11,packages\fast-redact\test\index.js,1,3632
4995,BlockStatement,nan,-1,-1,-1,182,16,184,3,packages\fast-redact\test\index.js,1,3633
4997,Identifier,err,-1,-1,-1,184,5,184,8,packages\fast-redact\test\index.js,1,3634
4998,Identifier,e,-1,-1,-1,185,10,185,11,packages\fast-redact\test\index.js,1,3635
5000,BlockStatement,nan,-1,-1,-1,185,16,187,3,packages\fast-redact\test\index.js,1,3636
5002,Identifier,err,-1,-1,-1,187,5,187,8,packages\fast-redact\test\index.js,1,3637
5003,Identifier,e,-1,-1,-1,188,10,188,11,packages\fast-redact\test\index.js,1,3638
5005,BlockStatement,nan,-1,-1,-1,188,16,190,3,packages\fast-redact\test\index.js,1,3639
5007,Identifier,err,-1,-1,-1,190,5,190,8,packages\fast-redact\test\index.js,1,3640
5008,Identifier,e,-1,-1,-1,191,10,191,11,packages\fast-redact\test\index.js,1,3641
5010,BlockStatement,nan,-1,-1,-1,191,16,193,3,packages\fast-redact\test\index.js,1,3642
5012,Identifier,err,-1,-1,-1,193,5,193,8,packages\fast-redact\test\index.js,1,3643
5013,Identifier,e,-1,-1,-1,194,10,194,11,packages\fast-redact\test\index.js,1,3644
5015,BlockStatement,nan,-1,-1,-1,194,16,196,3,packages\fast-redact\test\index.js,1,3645
5017,Identifier,err,-1,-1,-1,196,5,196,8,packages\fast-redact\test\index.js,1,3646
5018,Identifier,e,-1,-1,-1,197,10,197,11,packages\fast-redact\test\index.js,1,3647
5020,BlockStatement,nan,-1,-1,-1,197,16,199,3,packages\fast-redact\test\index.js,1,3648
5022,Identifier,err,-1,-1,-1,199,5,199,8,packages\fast-redact\test\index.js,1,3649
5023,Identifier,e,-1,-1,-1,200,10,200,11,packages\fast-redact\test\index.js,1,3650
5025,BlockStatement,nan,-1,-1,-1,200,16,202,3,packages\fast-redact\test\index.js,1,3651
5027,Identifier,err,-1,-1,-1,202,5,202,8,packages\fast-redact\test\index.js,1,3652
5028,Identifier,e,-1,-1,-1,203,10,203,11,packages\fast-redact\test\index.js,1,3653
5030,BlockStatement,nan,-1,-1,-1,203,16,205,3,packages\fast-redact\test\index.js,1,3654
5032,Identifier,err,-1,-1,-1,205,5,205,8,packages\fast-redact\test\index.js,1,3655
5033,Identifier,e,-1,-1,-1,206,10,206,11,packages\fast-redact\test\index.js,1,3656
5035,BlockStatement,nan,-1,-1,-1,206,16,208,3,packages\fast-redact\test\index.js,1,3657
5037,Identifier,err,-1,-1,-1,208,5,208,8,packages\fast-redact\test\index.js,1,3658
5038,Identifier,e,-1,-1,-1,209,10,209,11,packages\fast-redact\test\index.js,1,3659
5040,BlockStatement,nan,-1,-1,-1,209,16,211,3,packages\fast-redact\test\index.js,1,3660
5042,Identifier,err,-1,-1,-1,211,5,211,8,packages\fast-redact\test\index.js,1,3661
5043,Identifier,e,-1,-1,-1,212,10,212,11,packages\fast-redact\test\index.js,1,3662
5045,BlockStatement,nan,-1,-1,-1,212,16,214,3,packages\fast-redact\test\index.js,1,3663
5047,Identifier,err,-1,-1,-1,214,5,214,8,packages\fast-redact\test\index.js,1,3664
5048,Identifier,e,-1,-1,-1,215,10,215,11,packages\fast-redact\test\index.js,1,3665
5050,BlockStatement,nan,-1,-1,-1,215,16,217,3,packages\fast-redact\test\index.js,1,3666
5052,Identifier,err,-1,-1,-1,217,5,217,8,packages\fast-redact\test\index.js,1,3667
5053,Identifier,e,-1,-1,-1,218,10,218,11,packages\fast-redact\test\index.js,1,3668
5055,BlockStatement,nan,-1,-1,-1,218,16,220,3,packages\fast-redact\test\index.js,1,3669
5057,Identifier,err,-1,-1,-1,220,5,220,8,packages\fast-redact\test\index.js,1,3670
5058,Identifier,e,-1,-1,-1,221,10,221,11,packages\fast-redact\test\index.js,1,3671
5060,BlockStatement,nan,-1,-1,-1,221,16,223,3,packages\fast-redact\test\index.js,1,3672
5062,Identifier,err,-1,-1,-1,223,5,223,8,packages\fast-redact\test\index.js,1,3673
5063,Identifier,e,-1,-1,-1,224,10,224,11,packages\fast-redact\test\index.js,1,3674
5065,BlockStatement,nan,-1,-1,-1,224,16,226,3,packages\fast-redact\test\index.js,1,3675
5067,Identifier,err,-1,-1,-1,226,5,226,8,packages\fast-redact\test\index.js,1,3676
5068,Identifier,e,-1,-1,-1,227,10,227,11,packages\fast-redact\test\index.js,1,3677
5070,BlockStatement,nan,-1,-1,-1,227,16,229,3,packages\fast-redact\test\index.js,1,3678
5072,Identifier,err,-1,-1,-1,229,5,229,8,packages\fast-redact\test\index.js,1,3679
5073,Identifier,e,-1,-1,-1,230,10,230,11,packages\fast-redact\test\index.js,1,3680
5075,BlockStatement,nan,-1,-1,-1,230,16,232,3,packages\fast-redact\test\index.js,1,3681
5077,Identifier,err,-1,-1,-1,232,5,232,8,packages\fast-redact\test\index.js,1,3682
5078,Identifier,e,-1,-1,-1,233,10,233,11,packages\fast-redact\test\index.js,1,3683
5080,BlockStatement,nan,-1,-1,-1,233,16,235,3,packages\fast-redact\test\index.js,1,3684
5082,Identifier,err,-1,-1,-1,235,5,235,8,packages\fast-redact\test\index.js,1,3685
5084,BlockStatement,nan,-1,-1,-1,240,15,242,3,packages\fast-redact\test\index.js,1,3686
5086,Identifier,Error,-1,-1,-1,242,5,242,10,packages\fast-redact\test\index.js,1,3687
5088,BlockStatement,nan,-1,-1,-1,247,15,249,3,packages\fast-redact\test\index.js,1,3688
5090,Identifier,Error,-1,-1,-1,249,5,249,10,packages\fast-redact\test\index.js,1,3689
5091,MemberExpression,nan,-1,-1,-1,299,12,299,26,packages\fast-redact\test\index.js,1,3690
5092,MemberExpression,nan,-1,-1,-1,353,19,353,38,packages\fast-redact\test\index.js,1,3691
5093,MemberExpression,nan,-1,-1,-1,353,7,353,18,packages\fast-redact\test\index.js,1,3692
5094,MemberExpression,nan,-1,-1,-1,356,19,356,38,packages\fast-redact\test\index.js,1,3693
5095,MemberExpression,nan,-1,-1,-1,356,7,356,18,packages\fast-redact\test\index.js,1,3694
5096,MemberExpression,nan,-1,-1,-1,359,19,359,38,packages\fast-redact\test\index.js,1,3695
5097,MemberExpression,nan,-1,-1,-1,359,7,359,18,packages\fast-redact\test\index.js,1,3696
5098,Identifier,o,-1,-1,-1,397,12,397,13,packages\fast-redact\test\index.js,1,3697
5099,Identifier,redact,-1,-1,-1,397,5,397,11,packages\fast-redact\test\index.js,1,3698
5100,Identifier,o,-1,-1,-1,405,12,405,13,packages\fast-redact\test\index.js,1,3699
5101,Identifier,redact,-1,-1,-1,405,5,405,11,packages\fast-redact\test\index.js,1,3700
5102,Identifier,o,-1,-1,-1,413,12,413,13,packages\fast-redact\test\index.js,1,3701
5103,Identifier,redact,-1,-1,-1,413,5,413,11,packages\fast-redact\test\index.js,1,3702
5104,Identifier,o,-1,-1,-1,421,12,421,13,packages\fast-redact\test\index.js,1,3703
5105,Identifier,redact,-1,-1,-1,421,5,421,11,packages\fast-redact\test\index.js,1,3704
5106,Identifier,o,-1,-1,-1,429,12,429,13,packages\fast-redact\test\index.js,1,3705
5107,Identifier,redact,-1,-1,-1,429,5,429,11,packages\fast-redact\test\index.js,1,3706
5108,ObjectExpression,nan,-1,-1,-1,443,14,443,83,packages\fast-redact\test\index.js,1,3707
5109,Identifier,redact,-1,-1,-1,443,7,443,13,packages\fast-redact\test\index.js,1,3708
5110,ObjectExpression,nan,-1,-1,-1,460,22,460,69,packages\fast-redact\test\index.js,1,3709
5111,Identifier,redactToString,-1,-1,-1,460,7,460,21,packages\fast-redact\test\index.js,1,3710
5112,ObjectExpression,nan,-1,-1,-1,461,25,461,72,packages\fast-redact\test\index.js,1,3711
5113,Identifier,redactToUndefined,-1,-1,-1,461,7,461,24,packages\fast-redact\test\index.js,1,3712
5114,ObjectExpression,nan,-1,-1,-1,462,22,462,69,packages\fast-redact\test\index.js,1,3713
5115,Identifier,redactToSymbol,-1,-1,-1,462,7,462,21,packages\fast-redact\test\index.js,1,3714
5116,ObjectExpression,nan,-1,-1,-1,463,22,463,69,packages\fast-redact\test\index.js,1,3715
5117,Identifier,redactToNumber,-1,-1,-1,463,7,463,21,packages\fast-redact\test\index.js,1,3716
5118,ObjectExpression,nan,-1,-1,-1,464,23,464,70,packages\fast-redact\test\index.js,1,3717
5119,Identifier,redactToBoolean,-1,-1,-1,464,7,464,22,packages\fast-redact\test\index.js,1,3718
5120,ObjectExpression,nan,-1,-1,-1,465,20,465,67,packages\fast-redact\test\index.js,1,3719
5121,Identifier,redactToNull,-1,-1,-1,465,7,465,19,packages\fast-redact\test\index.js,1,3720
5122,ObjectExpression,nan,-1,-1,-1,466,22,466,69,packages\fast-redact\test\index.js,1,3721
5123,Identifier,redactToObject,-1,-1,-1,466,7,466,21,packages\fast-redact\test\index.js,1,3722
5124,ObjectExpression,nan,-1,-1,-1,467,21,467,68,packages\fast-redact\test\index.js,1,3723
5125,Identifier,redactToArray,-1,-1,-1,467,7,467,20,packages\fast-redact\test\index.js,1,3724
5126,ObjectExpression,nan,-1,-1,-1,468,22,468,69,packages\fast-redact\test\index.js,1,3725
5127,Identifier,redactToBuffer,-1,-1,-1,468,7,468,21,packages\fast-redact\test\index.js,1,3726
5128,ObjectExpression,nan,-1,-1,-1,469,21,469,68,packages\fast-redact\test\index.js,1,3727
5129,Identifier,redactToError,-1,-1,-1,469,7,469,20,packages\fast-redact\test\index.js,1,3728
5130,ObjectExpression,nan,-1,-1,-1,470,24,470,71,packages\fast-redact\test\index.js,1,3729
5131,Identifier,redactToFunction,-1,-1,-1,470,7,470,23,packages\fast-redact\test\index.js,1,3730
5132,ObjectExpression,nan,-1,-1,-1,476,14,476,94,packages\fast-redact\test\index.js,1,3731
5133,Identifier,redact,-1,-1,-1,476,7,476,13,packages\fast-redact\test\index.js,1,3732
5134,ObjectExpression,nan,-1,-1,-1,536,14,536,38,packages\fast-redact\test\index.js,1,3733
5135,Identifier,redact,-1,-1,-1,536,7,536,13,packages\fast-redact\test\index.js,1,3734
5136,ObjectExpression,nan,-1,-1,-1,542,14,542,38,packages\fast-redact\test\index.js,1,3735
5137,Identifier,redact,-1,-1,-1,542,7,542,13,packages\fast-redact\test\index.js,1,3736
5139,BlockStatement,nan,-1,-1,-1,550,21,552,3,packages\fast-redact\test\index.js,1,3737
5140,ObjectExpression,nan,-1,-1,-1,559,14,559,32,packages\fast-redact\test\index.js,1,3738
5141,Identifier,redact,-1,-1,-1,559,7,559,13,packages\fast-redact\test\index.js,1,3739
5142,ObjectExpression,nan,-1,-1,-1,560,14,560,31,packages\fast-redact\test\index.js,1,3740
5143,Identifier,redact,-1,-1,-1,560,7,560,13,packages\fast-redact\test\index.js,1,3741
5144,ObjectExpression,nan,-1,-1,-1,561,14,561,29,packages\fast-redact\test\index.js,1,3742
5145,Identifier,redact,-1,-1,-1,561,7,561,13,packages\fast-redact\test\index.js,1,3743
5146,ObjectExpression,nan,-1,-1,-1,562,14,562,37,packages\fast-redact\test\index.js,1,3744
5147,Identifier,redact,-1,-1,-1,562,7,562,13,packages\fast-redact\test\index.js,1,3745
5148,ObjectExpression,nan,-1,-1,-1,563,14,563,32,packages\fast-redact\test\index.js,1,3746
5149,Identifier,redact,-1,-1,-1,563,7,563,13,packages\fast-redact\test\index.js,1,3747
5150,ObjectExpression,nan,-1,-1,-1,565,14,565,31,packages\fast-redact\test\index.js,1,3748
5151,Identifier,redact,-1,-1,-1,565,7,565,13,packages\fast-redact\test\index.js,1,3749
5152,Identifier,o,-1,-1,-1,575,14,575,15,packages\fast-redact\test\index.js,1,3750
5153,Identifier,redact,-1,-1,-1,575,7,575,13,packages\fast-redact\test\index.js,1,3751
5154,ObjectExpression,nan,-1,-1,-1,612,14,612,50,packages\fast-redact\test\index.js,1,3752
5155,Identifier,redact,-1,-1,-1,612,7,612,13,packages\fast-redact\test\index.js,1,3753
5156,ObjectExpression,nan,-1,-1,-1,618,14,618,94,packages\fast-redact\test\index.js,1,3754
5157,Identifier,redact,-1,-1,-1,618,7,618,13,packages\fast-redact\test\index.js,1,3755
5158,ObjectExpression,nan,-1,-1,-1,624,14,624,45,packages\fast-redact\test\index.js,1,3756
5159,Identifier,redact,-1,-1,-1,624,7,624,13,packages\fast-redact\test\index.js,1,3757
5160,ObjectExpression,nan,-1,-1,-1,630,14,630,64,packages\fast-redact\test\index.js,1,3758
5161,Identifier,redact,-1,-1,-1,630,7,630,13,packages\fast-redact\test\index.js,1,3759
5162,ObjectExpression,nan,-1,-1,-1,636,14,636,83,packages\fast-redact\test\index.js,1,3760
5163,Identifier,redact,-1,-1,-1,636,7,636,13,packages\fast-redact\test\index.js,1,3761
5164,ObjectExpression,nan,-1,-1,-1,649,14,649,38,packages\fast-redact\test\index.js,1,3762
5165,Identifier,redact,-1,-1,-1,649,7,649,13,packages\fast-redact\test\index.js,1,3763
5166,ObjectExpression,nan,-1,-1,-1,655,14,655,32,packages\fast-redact\test\index.js,1,3764
5167,Identifier,redact,-1,-1,-1,655,7,655,13,packages\fast-redact\test\index.js,1,3765
5168,ObjectExpression,nan,-1,-1,-1,656,14,656,31,packages\fast-redact\test\index.js,1,3766
5169,Identifier,redact,-1,-1,-1,656,7,656,13,packages\fast-redact\test\index.js,1,3767
5170,ObjectExpression,nan,-1,-1,-1,657,14,657,29,packages\fast-redact\test\index.js,1,3768
5171,Identifier,redact,-1,-1,-1,657,7,657,13,packages\fast-redact\test\index.js,1,3769
5172,ObjectExpression,nan,-1,-1,-1,658,14,658,37,packages\fast-redact\test\index.js,1,3770
5173,Identifier,redact,-1,-1,-1,658,7,658,13,packages\fast-redact\test\index.js,1,3771
5174,ObjectExpression,nan,-1,-1,-1,659,14,659,32,packages\fast-redact\test\index.js,1,3772
5175,Identifier,redact,-1,-1,-1,659,7,659,13,packages\fast-redact\test\index.js,1,3773
5176,ObjectExpression,nan,-1,-1,-1,661,14,661,31,packages\fast-redact\test\index.js,1,3774
5177,Identifier,redact,-1,-1,-1,661,7,661,13,packages\fast-redact\test\index.js,1,3775
5178,Identifier,o,-1,-1,-1,671,14,671,15,packages\fast-redact\test\index.js,1,3776
5179,Identifier,redact,-1,-1,-1,671,7,671,13,packages\fast-redact\test\index.js,1,3777
5180,ObjectExpression,nan,-1,-1,-1,965,14,965,83,packages\fast-redact\test\index.js,1,3778
5181,Identifier,redact,-1,-1,-1,965,7,965,13,packages\fast-redact\test\index.js,1,3779
5182,ObjectExpression,nan,-1,-1,-1,978,14,978,38,packages\fast-redact\test\index.js,1,3780
5183,Identifier,redact,-1,-1,-1,978,7,978,13,packages\fast-redact\test\index.js,1,3781
5184,ObjectExpression,nan,-1,-1,-1,984,14,984,32,packages\fast-redact\test\index.js,1,3782
5185,Identifier,redact,-1,-1,-1,984,7,984,13,packages\fast-redact\test\index.js,1,3783
5186,ObjectExpression,nan,-1,-1,-1,985,14,985,31,packages\fast-redact\test\index.js,1,3784
5187,Identifier,redact,-1,-1,-1,985,7,985,13,packages\fast-redact\test\index.js,1,3785
5188,ObjectExpression,nan,-1,-1,-1,986,14,986,29,packages\fast-redact\test\index.js,1,3786
5189,Identifier,redact,-1,-1,-1,986,7,986,13,packages\fast-redact\test\index.js,1,3787
5190,ObjectExpression,nan,-1,-1,-1,987,14,987,37,packages\fast-redact\test\index.js,1,3788
5191,Identifier,redact,-1,-1,-1,987,7,987,13,packages\fast-redact\test\index.js,1,3789
5192,ObjectExpression,nan,-1,-1,-1,988,14,988,32,packages\fast-redact\test\index.js,1,3790
5193,Identifier,redact,-1,-1,-1,988,7,988,13,packages\fast-redact\test\index.js,1,3791
5194,ObjectExpression,nan,-1,-1,-1,990,14,990,31,packages\fast-redact\test\index.js,1,3792
5195,Identifier,redact,-1,-1,-1,990,7,990,13,packages\fast-redact\test\index.js,1,3793
5196,Identifier,o,-1,-1,-1,1000,14,1000,15,packages\fast-redact\test\index.js,1,3794
5197,Identifier,redact,-1,-1,-1,1000,7,1000,13,packages\fast-redact\test\index.js,1,3795
5198,Identifier,o,-1,-1,-1,1039,12,1039,13,packages\fast-redact\test\index.js,1,3796
5199,Identifier,redact,-1,-1,-1,1039,5,1039,11,packages\fast-redact\test\index.js,1,3797
5200,Identifier,o,-1,-1,-1,1039,31,1039,32,packages\fast-redact\test\index.js,1,3798
5201,MemberExpression,nan,-1,-1,-1,1039,16,1039,30,packages\fast-redact\test\index.js,1,3799
5202,Identifier,o,-1,-1,-1,1046,12,1046,13,packages\fast-redact\test\index.js,1,3800
5203,Identifier,redact,-1,-1,-1,1046,5,1046,11,packages\fast-redact\test\index.js,1,3801
5204,Identifier,o,-1,-1,-1,1046,31,1046,32,packages\fast-redact\test\index.js,1,3802
5205,MemberExpression,nan,-1,-1,-1,1046,16,1046,30,packages\fast-redact\test\index.js,1,3803
5206,Identifier,o,-1,-1,-1,1053,12,1053,13,packages\fast-redact\test\index.js,1,3804
5207,Identifier,redact,-1,-1,-1,1053,5,1053,11,packages\fast-redact\test\index.js,1,3805
5208,Identifier,o,-1,-1,-1,1060,12,1060,13,packages\fast-redact\test\index.js,1,3806
5209,Identifier,redact,-1,-1,-1,1060,5,1060,11,packages\fast-redact\test\index.js,1,3807
5210,Identifier,o,-1,-1,-1,1067,12,1067,13,packages\fast-redact\test\index.js,1,3808
5211,Identifier,redact,-1,-1,-1,1067,5,1067,11,packages\fast-redact\test\index.js,1,3809
5212,Identifier,o,-1,-1,-1,1074,12,1074,13,packages\fast-redact\test\index.js,1,3810
5213,Identifier,redact,-1,-1,-1,1074,5,1074,11,packages\fast-redact\test\index.js,1,3811
5214,Identifier,o,-1,-1,-1,1129,12,1129,13,packages\fast-redact\test\index.js,1,3812
5215,Identifier,redact,-1,-1,-1,1129,5,1129,11,packages\fast-redact\test\index.js,1,3813
5216,Identifier,o,-1,-1,-1,1129,31,1129,32,packages\fast-redact\test\index.js,1,3814
5217,MemberExpression,nan,-1,-1,-1,1129,16,1129,30,packages\fast-redact\test\index.js,1,3815
5218,ObjectExpression,nan,-1,-1,-1,1157,12,1157,22,packages\fast-redact\test\index.js,1,3816
5219,Identifier,redact,-1,-1,-1,1157,5,1157,11,packages\fast-redact\test\index.js,1,3817
5221,MemberExpression,nan,-1,-1,-1,1158,5,1158,21,packages\fast-redact\test\index.js,1,3818
5222,ObjectExpression,nan,-1,-1,-1,1165,12,1165,22,packages\fast-redact\test\index.js,1,3819
5223,Identifier,redact,-1,-1,-1,1165,5,1165,11,packages\fast-redact\test\index.js,1,3820
5225,MemberExpression,nan,-1,-1,-1,1166,5,1166,21,packages\fast-redact\test\index.js,1,3821
5226,Identifier,o,-1,-1,-1,1206,12,1206,13,packages\fast-redact\test\index.js,1,3822
5227,Identifier,redact,-1,-1,-1,1206,5,1206,11,packages\fast-redact\test\index.js,1,3823
5228,Identifier,o1,-1,-1,-1,1214,12,1214,14,packages\fast-redact\test\index.js,1,3824
5229,Identifier,redact,-1,-1,-1,1214,5,1214,11,packages\fast-redact\test\index.js,1,3825
5230,Identifier,o2,-1,-1,-1,1215,12,1215,14,packages\fast-redact\test\index.js,1,3826
5231,Identifier,redact,-1,-1,-1,1215,5,1215,11,packages\fast-redact\test\index.js,1,3827
5232,Identifier,o1,-1,-1,-1,1217,12,1217,14,packages\fast-redact\test\index.js,1,3828
5233,Identifier,redact,-1,-1,-1,1217,5,1217,11,packages\fast-redact\test\index.js,1,3829
5234,Identifier,o2,-1,-1,-1,1218,12,1218,14,packages\fast-redact\test\index.js,1,3830
5235,Identifier,redact,-1,-1,-1,1218,5,1218,11,packages\fast-redact\test\index.js,1,3831
5237,Identifier,o1,-1,-1,-1,1219,15,1219,17,packages\fast-redact\test\index.js,1,3832
5239,Identifier,o2,-1,-1,-1,1220,15,1220,17,packages\fast-redact\test\index.js,1,3833
5240,Identifier,o,-1,-1,-1,1227,12,1227,13,packages\fast-redact\test\index.js,1,3834
5241,Identifier,redact,-1,-1,-1,1227,5,1227,11,packages\fast-redact\test\index.js,1,3835
5242,Identifier,o,-1,-1,-1,1253,12,1253,13,packages\fast-redact\test\index.js,1,3836
5243,Identifier,redact,-1,-1,-1,1253,5,1253,11,packages\fast-redact\test\index.js,1,3837
5244,Identifier,o,-1,-1,-1,1267,12,1267,13,packages\fast-redact\test\index.js,1,3838
5245,Identifier,redact,-1,-1,-1,1267,5,1267,11,packages\fast-redact\test\index.js,1,3839
5246,Identifier,o,-1,-1,-1,1280,12,1280,13,packages\fast-redact\test\index.js,1,3840
5247,Identifier,redact,-1,-1,-1,1280,5,1280,11,packages\fast-redact\test\index.js,1,3841
5248,Identifier,o,-1,-1,-1,1291,12,1291,13,packages\fast-redact\test\index.js,1,3842
5249,Identifier,redact,-1,-1,-1,1291,5,1291,11,packages\fast-redact\test\index.js,1,3843
5250,Identifier,o,-1,-1,-1,1304,12,1304,13,packages\fast-redact\test\index.js,1,3844
5251,Identifier,redact,-1,-1,-1,1304,5,1304,11,packages\fast-redact\test\index.js,1,3845
5252,Identifier,o,-1,-1,-1,1344,12,1344,13,packages\fast-redact\test\index.js,1,3846
5253,Identifier,redact,-1,-1,-1,1344,5,1344,11,packages\fast-redact\test\index.js,1,3847
5254,Identifier,o,-1,-1,-1,1368,12,1368,13,packages\fast-redact\test\index.js,1,3848
5255,Identifier,redact,-1,-1,-1,1368,5,1368,11,packages\fast-redact\test\index.js,1,3849
5256,ObjectExpression,nan,-1,-1,-1,12,28,12,30,packages\fast-redact\test\index.js,1,3850
5257,Identifier,redact,-1,-1,-1,12,21,12,27,packages\fast-redact\test\index.js,1,3851
5258,VariableDeclaration,nan,-1,-1,-1,14,4,14,24,packages\fast-redact\test\index.js,1,3852
5261,Identifier,redact,-1,-1,-1,28,15,28,21,packages\fast-redact\test\index.js,1,3853
5263,Identifier,redact,-1,-1,-1,34,15,34,21,packages\fast-redact\test\index.js,1,3854
5265,VariableDeclaration,nan,-1,-1,-1,48,4,48,42,packages\fast-redact\test\index.js,1,3855
5268,VariableDeclaration,nan,-1,-1,-1,67,4,67,41,packages\fast-redact\test\index.js,1,3856
5271,VariableDeclaration,nan,-1,-1,-1,85,4,85,40,packages\fast-redact\test\index.js,1,3857
5274,VariableDeclaration,nan,-1,-1,-1,103,4,103,43,packages\fast-redact\test\index.js,1,3858
5315,CallExpression,nan,1,-1,-1,15,4,15,21,packages\fast-redact\test\index.js,1,3859
5316,CallExpression,nan,1,-1,-1,47,4,47,50,packages\fast-redact\test\index.js,1,3860
5317,CallExpression,nan,2,-1,-1,49,4,49,31,packages\fast-redact\test\index.js,1,3861
5318,CallExpression,nan,1,-1,-1,66,4,66,49,packages\fast-redact\test\index.js,1,3862
5319,CallExpression,nan,2,-1,-1,68,4,68,32,packages\fast-redact\test\index.js,1,3863
5320,CallExpression,nan,1,-1,-1,84,4,84,48,packages\fast-redact\test\index.js,1,3864
5321,CallExpression,nan,2,-1,-1,86,4,86,15,packages\fast-redact\test\index.js,1,3865
5322,CallExpression,nan,1,-1,-1,102,4,102,51,packages\fast-redact\test\index.js,1,3866
5323,CallExpression,nan,2,-1,-1,104,4,104,26,packages\fast-redact\test\index.js,1,3867
5324,CallExpression,nan,1,-1,-1,124,4,124,30,packages\fast-redact\test\index.js,1,3868
5325,CallExpression,nan,1,-1,-1,127,4,127,33,packages\fast-redact\test\index.js,1,3869
5326,CallExpression,nan,1,-1,-1,130,4,130,38,packages\fast-redact\test\index.js,1,3870
5327,CallExpression,nan,1,-1,-1,133,4,133,31,packages\fast-redact\test\index.js,1,3871
5328,CallExpression,nan,1,-1,-1,136,4,136,35,packages\fast-redact\test\index.js,1,3872
5329,CallExpression,nan,1,-1,-1,144,4,144,32,packages\fast-redact\test\index.js,1,3873
5330,CallExpression,nan,1,-1,-1,147,4,147,32,packages\fast-redact\test\index.js,1,3874
5331,CallExpression,nan,1,-1,-1,150,4,150,34,packages\fast-redact\test\index.js,1,3875
5332,CallExpression,nan,1,-1,-1,153,4,153,36,packages\fast-redact\test\index.js,1,3876
5333,CallExpression,nan,1,-1,-1,156,4,156,35,packages\fast-redact\test\index.js,1,3877
5334,CallExpression,nan,1,-1,-1,159,4,159,35,packages\fast-redact\test\index.js,1,3878
5335,CallExpression,nan,1,-1,-1,162,4,162,36,packages\fast-redact\test\index.js,1,3879
5336,CallExpression,nan,1,-1,-1,165,4,165,35,packages\fast-redact\test\index.js,1,3880
5337,CallExpression,nan,1,-1,-1,168,4,168,38,packages\fast-redact\test\index.js,1,3881
5338,CallExpression,nan,1,-1,-1,171,4,171,38,packages\fast-redact\test\index.js,1,3882
5339,CallExpression,nan,1,-1,-1,174,4,174,36,packages\fast-redact\test\index.js,1,3883
5340,CallExpression,nan,1,-1,-1,177,4,177,38,packages\fast-redact\test\index.js,1,3884
5341,CallExpression,nan,1,-1,-1,180,4,180,37,packages\fast-redact\test\index.js,1,3885
5342,CallExpression,nan,1,-1,-1,183,4,183,36,packages\fast-redact\test\index.js,1,3886
5343,CallExpression,nan,1,-1,-1,186,4,186,43,packages\fast-redact\test\index.js,1,3887
5344,CallExpression,nan,1,-1,-1,189,4,189,36,packages\fast-redact\test\index.js,1,3888
5345,CallExpression,nan,1,-1,-1,192,4,192,36,packages\fast-redact\test\index.js,1,3889
5346,CallExpression,nan,1,-1,-1,195,4,195,36,packages\fast-redact\test\index.js,1,3890
5347,CallExpression,nan,1,-1,-1,198,4,198,37,packages\fast-redact\test\index.js,1,3891
5348,CallExpression,nan,1,-1,-1,201,4,201,36,packages\fast-redact\test\index.js,1,3892
5349,CallExpression,nan,1,-1,-1,204,4,204,37,packages\fast-redact\test\index.js,1,3893
5350,CallExpression,nan,1,-1,-1,207,4,207,51,packages\fast-redact\test\index.js,1,3894
5351,CallExpression,nan,1,-1,-1,210,4,210,43,packages\fast-redact\test\index.js,1,3895
5352,CallExpression,nan,1,-1,-1,213,4,213,34,packages\fast-redact\test\index.js,1,3896
5353,CallExpression,nan,1,-1,-1,216,4,216,39,packages\fast-redact\test\index.js,1,3897
5354,CallExpression,nan,1,-1,-1,219,4,219,36,packages\fast-redact\test\index.js,1,3898
5355,CallExpression,nan,1,-1,-1,222,4,222,38,packages\fast-redact\test\index.js,1,3899
5356,CallExpression,nan,1,-1,-1,225,4,225,34,packages\fast-redact\test\index.js,1,3900
5357,CallExpression,nan,1,-1,-1,228,4,228,34,packages\fast-redact\test\index.js,1,3901
5358,CallExpression,nan,1,-1,-1,231,4,231,31,packages\fast-redact\test\index.js,1,3902
5359,CallExpression,nan,1,-1,-1,234,4,234,37,packages\fast-redact\test\index.js,1,3903
5360,CallExpression,nan,1,-1,-1,241,4,241,67,packages\fast-redact\test\index.js,1,3904
5361,CallExpression,nan,1,-1,-1,248,4,248,64,packages\fast-redact\test\index.js,1,3905
5362,CallExpression,nan,1,-1,-1,551,4,551,21,packages\fast-redact\test\index.js,1,3906
5363,Identifier,o,-1,-1,-1,15,19,15,20,packages\fast-redact\test\index.js,1,3907
5364,MemberExpression,nan,-1,-1,-1,15,4,15,18,packages\fast-redact\test\index.js,1,3908
5365,ArrowFunctionExpression,nan,-1,0,0,47,17,47,49,packages\fast-redact\test\index.js,1,3909
5366,Identifier,doesNotThrow,-1,-1,-1,47,4,47,16,packages\fast-redact\test\index.js,1,3910
5367,Identifier,res,-1,-1,-1,49,7,49,10,packages\fast-redact\test\index.js,1,3911
5368,MemberExpression,nan,-1,-1,-1,49,12,49,30,packages\fast-redact\test\index.js,1,3912
5369,Identifier,is,-1,-1,-1,49,4,49,6,packages\fast-redact\test\index.js,1,3913
5370,ArrowFunctionExpression,nan,-1,0,0,66,17,66,48,packages\fast-redact\test\index.js,1,3914
5371,Identifier,doesNotThrow,-1,-1,-1,66,4,66,16,packages\fast-redact\test\index.js,1,3915
5372,Identifier,res,-1,-1,-1,68,7,68,10,packages\fast-redact\test\index.js,1,3916
5373,CallExpression,nan,1,-1,-1,68,12,68,31,packages\fast-redact\test\index.js,1,3917
5374,Identifier,is,-1,-1,-1,68,4,68,6,packages\fast-redact\test\index.js,1,3918
5375,ArrowFunctionExpression,nan,-1,0,0,84,17,84,47,packages\fast-redact\test\index.js,1,3919
5376,Identifier,doesNotThrow,-1,-1,-1,84,4,84,16,packages\fast-redact\test\index.js,1,3920
5377,Identifier,res,-1,-1,-1,86,7,86,10,packages\fast-redact\test\index.js,1,3921
5378,Identifier,it,-1,-1,-1,86,12,86,14,packages\fast-redact\test\index.js,1,3922
5379,Identifier,is,-1,-1,-1,86,4,86,6,packages\fast-redact\test\index.js,1,3923
5380,ArrowFunctionExpression,nan,-1,0,0,102,17,102,50,packages\fast-redact\test\index.js,1,3924
5381,Identifier,doesNotThrow,-1,-1,-1,102,4,102,16,packages\fast-redact\test\index.js,1,3925
5382,Identifier,res,-1,-1,-1,104,15,104,18,packages\fast-redact\test\index.js,1,3926
5383,ObjectExpression,nan,-1,-1,-1,104,20,104,25,packages\fast-redact\test\index.js,1,3927
5384,Identifier,strictSame,-1,-1,-1,104,4,104,14,packages\fast-redact\test\index.js,1,3928
5385,ObjectExpression,nan,-1,-1,-1,124,15,124,29,packages\fast-redact\test\index.js,1,3929
5386,Identifier,fastRedact,-1,-1,-1,124,4,124,14,packages\fast-redact\test\index.js,1,3930
5387,ObjectExpression,nan,-1,-1,-1,127,15,127,32,packages\fast-redact\test\index.js,1,3931
5388,Identifier,fastRedact,-1,-1,-1,127,4,127,14,packages\fast-redact\test\index.js,1,3932
5389,ObjectExpression,nan,-1,-1,-1,130,15,130,37,packages\fast-redact\test\index.js,1,3933
5390,Identifier,fastRedact,-1,-1,-1,130,4,130,14,packages\fast-redact\test\index.js,1,3934
5391,ObjectExpression,nan,-1,-1,-1,133,15,133,30,packages\fast-redact\test\index.js,1,3935
5392,Identifier,fastRedact,-1,-1,-1,133,4,133,14,packages\fast-redact\test\index.js,1,3936
5393,ObjectExpression,nan,-1,-1,-1,136,15,136,34,packages\fast-redact\test\index.js,1,3937
5394,Identifier,fastRedact,-1,-1,-1,136,4,136,14,packages\fast-redact\test\index.js,1,3938
5395,ObjectExpression,nan,-1,-1,-1,144,15,144,31,packages\fast-redact\test\index.js,1,3939
5396,Identifier,fastRedact,-1,-1,-1,144,4,144,14,packages\fast-redact\test\index.js,1,3940
5397,ObjectExpression,nan,-1,-1,-1,147,15,147,31,packages\fast-redact\test\index.js,1,3941
5398,Identifier,fastRedact,-1,-1,-1,147,4,147,14,packages\fast-redact\test\index.js,1,3942
5399,ObjectExpression,nan,-1,-1,-1,150,15,150,33,packages\fast-redact\test\index.js,1,3943
5400,Identifier,fastRedact,-1,-1,-1,150,4,150,14,packages\fast-redact\test\index.js,1,3944
5401,ObjectExpression,nan,-1,-1,-1,153,15,153,35,packages\fast-redact\test\index.js,1,3945
5402,Identifier,fastRedact,-1,-1,-1,153,4,153,14,packages\fast-redact\test\index.js,1,3946
5403,ObjectExpression,nan,-1,-1,-1,156,15,156,34,packages\fast-redact\test\index.js,1,3947
5404,Identifier,fastRedact,-1,-1,-1,156,4,156,14,packages\fast-redact\test\index.js,1,3948
5405,ObjectExpression,nan,-1,-1,-1,159,15,159,34,packages\fast-redact\test\index.js,1,3949
5406,Identifier,fastRedact,-1,-1,-1,159,4,159,14,packages\fast-redact\test\index.js,1,3950
5407,ObjectExpression,nan,-1,-1,-1,162,15,162,35,packages\fast-redact\test\index.js,1,3951
5408,Identifier,fastRedact,-1,-1,-1,162,4,162,14,packages\fast-redact\test\index.js,1,3952
5409,ObjectExpression,nan,-1,-1,-1,165,15,165,34,packages\fast-redact\test\index.js,1,3953
5410,Identifier,fastRedact,-1,-1,-1,165,4,165,14,packages\fast-redact\test\index.js,1,3954
5411,ObjectExpression,nan,-1,-1,-1,168,15,168,37,packages\fast-redact\test\index.js,1,3955
5412,Identifier,fastRedact,-1,-1,-1,168,4,168,14,packages\fast-redact\test\index.js,1,3956
5413,ObjectExpression,nan,-1,-1,-1,171,15,171,37,packages\fast-redact\test\index.js,1,3957
5414,Identifier,fastRedact,-1,-1,-1,171,4,171,14,packages\fast-redact\test\index.js,1,3958
5415,ObjectExpression,nan,-1,-1,-1,174,15,174,35,packages\fast-redact\test\index.js,1,3959
5416,Identifier,fastRedact,-1,-1,-1,174,4,174,14,packages\fast-redact\test\index.js,1,3960
5417,ObjectExpression,nan,-1,-1,-1,177,15,177,37,packages\fast-redact\test\index.js,1,3961
5418,Identifier,fastRedact,-1,-1,-1,177,4,177,14,packages\fast-redact\test\index.js,1,3962
5419,ObjectExpression,nan,-1,-1,-1,180,15,180,36,packages\fast-redact\test\index.js,1,3963
5420,Identifier,fastRedact,-1,-1,-1,180,4,180,14,packages\fast-redact\test\index.js,1,3964
5421,ObjectExpression,nan,-1,-1,-1,183,15,183,35,packages\fast-redact\test\index.js,1,3965
5422,Identifier,fastRedact,-1,-1,-1,183,4,183,14,packages\fast-redact\test\index.js,1,3966
5423,ObjectExpression,nan,-1,-1,-1,186,15,186,42,packages\fast-redact\test\index.js,1,3967
5424,Identifier,fastRedact,-1,-1,-1,186,4,186,14,packages\fast-redact\test\index.js,1,3968
5425,ObjectExpression,nan,-1,-1,-1,189,15,189,35,packages\fast-redact\test\index.js,1,3969
5426,Identifier,fastRedact,-1,-1,-1,189,4,189,14,packages\fast-redact\test\index.js,1,3970
5427,ObjectExpression,nan,-1,-1,-1,192,15,192,35,packages\fast-redact\test\index.js,1,3971
5428,Identifier,fastRedact,-1,-1,-1,192,4,192,14,packages\fast-redact\test\index.js,1,3972
5429,ObjectExpression,nan,-1,-1,-1,195,15,195,35,packages\fast-redact\test\index.js,1,3973
5430,Identifier,fastRedact,-1,-1,-1,195,4,195,14,packages\fast-redact\test\index.js,1,3974
5431,ObjectExpression,nan,-1,-1,-1,198,15,198,36,packages\fast-redact\test\index.js,1,3975
5432,Identifier,fastRedact,-1,-1,-1,198,4,198,14,packages\fast-redact\test\index.js,1,3976
5433,ObjectExpression,nan,-1,-1,-1,201,15,201,35,packages\fast-redact\test\index.js,1,3977
5434,Identifier,fastRedact,-1,-1,-1,201,4,201,14,packages\fast-redact\test\index.js,1,3978
5435,ObjectExpression,nan,-1,-1,-1,204,15,204,36,packages\fast-redact\test\index.js,1,3979
5436,Identifier,fastRedact,-1,-1,-1,204,4,204,14,packages\fast-redact\test\index.js,1,3980
5437,ObjectExpression,nan,-1,-1,-1,207,15,207,50,packages\fast-redact\test\index.js,1,3981
5438,Identifier,fastRedact,-1,-1,-1,207,4,207,14,packages\fast-redact\test\index.js,1,3982
5439,ObjectExpression,nan,-1,-1,-1,210,15,210,42,packages\fast-redact\test\index.js,1,3983
5440,Identifier,fastRedact,-1,-1,-1,210,4,210,14,packages\fast-redact\test\index.js,1,3984
5441,ObjectExpression,nan,-1,-1,-1,213,15,213,33,packages\fast-redact\test\index.js,1,3985
5442,Identifier,fastRedact,-1,-1,-1,213,4,213,14,packages\fast-redact\test\index.js,1,3986
5443,ObjectExpression,nan,-1,-1,-1,216,15,216,38,packages\fast-redact\test\index.js,1,3987
5444,Identifier,fastRedact,-1,-1,-1,216,4,216,14,packages\fast-redact\test\index.js,1,3988
5445,ObjectExpression,nan,-1,-1,-1,219,15,219,35,packages\fast-redact\test\index.js,1,3989
5446,Identifier,fastRedact,-1,-1,-1,219,4,219,14,packages\fast-redact\test\index.js,1,3990
5447,ObjectExpression,nan,-1,-1,-1,222,15,222,37,packages\fast-redact\test\index.js,1,3991
5448,Identifier,fastRedact,-1,-1,-1,222,4,222,14,packages\fast-redact\test\index.js,1,3992
5449,ObjectExpression,nan,-1,-1,-1,225,15,225,33,packages\fast-redact\test\index.js,1,3993
5450,Identifier,fastRedact,-1,-1,-1,225,4,225,14,packages\fast-redact\test\index.js,1,3994
5451,ObjectExpression,nan,-1,-1,-1,228,15,228,33,packages\fast-redact\test\index.js,1,3995
5452,Identifier,fastRedact,-1,-1,-1,228,4,228,14,packages\fast-redact\test\index.js,1,3996
5453,ObjectExpression,nan,-1,-1,-1,231,15,231,30,packages\fast-redact\test\index.js,1,3997
5454,Identifier,fastRedact,-1,-1,-1,231,4,231,14,packages\fast-redact\test\index.js,1,3998
5455,ObjectExpression,nan,-1,-1,-1,234,15,234,36,packages\fast-redact\test\index.js,1,3999
5456,Identifier,fastRedact,-1,-1,-1,234,4,234,14,packages\fast-redact\test\index.js,1,4000
5457,ObjectExpression,nan,-1,-1,-1,241,15,241,66,packages\fast-redact\test\index.js,1,4001
5458,Identifier,fastRedact,-1,-1,-1,241,4,241,14,packages\fast-redact\test\index.js,1,4002
5459,ObjectExpression,nan,-1,-1,-1,248,15,248,63,packages\fast-redact\test\index.js,1,4003
5460,Identifier,fastRedact,-1,-1,-1,248,4,248,14,packages\fast-redact\test\index.js,1,4004
5461,Identifier,o,-1,-1,-1,551,19,551,20,packages\fast-redact\test\index.js,1,4005
5462,MemberExpression,nan,-1,-1,-1,551,4,551,18,packages\fast-redact\test\index.js,1,4006
5464,CallExpression,nan,1,-1,-1,47,23,47,49,packages\fast-redact\test\index.js,1,4007
5466,CallExpression,nan,1,-1,-1,66,23,66,48,packages\fast-redact\test\index.js,1,4008
5467,Identifier,it,-1,-1,-1,68,28,68,30,packages\fast-redact\test\index.js,1,4009
5468,Identifier,customSerialize,-1,-1,-1,68,12,68,27,packages\fast-redact\test\index.js,1,4010
5470,CallExpression,nan,1,-1,-1,84,23,84,47,packages\fast-redact\test\index.js,1,4011
5472,CallExpression,nan,1,-1,-1,102,23,102,50,packages\fast-redact\test\index.js,1,4012
5473,Identifier,it,-1,-1,-1,47,46,47,48,packages\fast-redact\test\index.js,1,4013
5474,Identifier,redactDefaultSerialize,-1,-1,-1,47,23,47,45,packages\fast-redact\test\index.js,1,4014
5475,Identifier,it,-1,-1,-1,66,45,66,47,packages\fast-redact\test\index.js,1,4015
5476,Identifier,redactCustomSerialize,-1,-1,-1,66,23,66,44,packages\fast-redact\test\index.js,1,4016
5477,Identifier,it,-1,-1,-1,84,44,84,46,packages\fast-redact\test\index.js,1,4017
5478,Identifier,redactSerializeFalse,-1,-1,-1,84,23,84,43,packages\fast-redact\test\index.js,1,4018
5479,ObjectExpression,nan,-1,-1,-1,102,44,102,49,packages\fast-redact\test\index.js,1,4019
5480,Identifier,redactSerializeFalse,-1,-1,-1,102,23,102,43,packages\fast-redact\test\index.js,1,4020
