id,type,name,params_len,argument_len,returns,start_line,start_column,end_line,end_column,file_name,file_is_index_or_test,new_id
1,Program,nan,-1,-1,-1,1,0,366,28,packages\glob-stream\index.js,1,0
3,VariableDeclaration,nan,-1,-1,-1,3,0,3,23,packages\glob-stream\index.js,1,1
4,VariableDeclaration,nan,-1,-1,-1,4,0,4,27,packages\glob-stream\index.js,1,2
5,VariableDeclaration,nan,-1,-1,-1,5,0,5,37,packages\glob-stream\index.js,1,3
6,VariableDeclaration,nan,-1,-1,-1,7,0,7,29,packages\glob-stream\index.js,1,4
7,VariableDeclaration,nan,-1,-1,-1,8,0,8,35,packages\glob-stream\index.js,1,5
8,VariableDeclaration,nan,-1,-1,-1,9,0,9,43,packages\glob-stream\index.js,1,6
9,VariableDeclaration,nan,-1,-1,-1,10,0,10,32,packages\glob-stream\index.js,1,7
10,VariableDeclaration,nan,-1,-1,-1,11,0,11,40,packages\glob-stream\index.js,1,8
11,VariableDeclaration,nan,-1,-1,-1,12,0,12,46,packages\glob-stream\index.js,1,9
12,VariableDeclaration,nan,-1,-1,-1,13,0,13,47,packages\glob-stream\index.js,1,10
13,VariableDeclaration,nan,-1,-1,-1,14,0,14,57,packages\glob-stream\index.js,1,11
14,VariableDeclaration,nan,-1,-1,-1,16,0,16,60,packages\glob-stream\index.js,1,12
15,VariableDeclaration,nan,-1,-1,-1,17,0,17,75,packages\glob-stream\index.js,1,13
16,FunctionDeclaration,nan,-1,1,1,19,0,24,1,packages\glob-stream\index.js,1,14
17,FunctionDeclaration,nan,-1,0,1,26,0,140,1,packages\glob-stream\index.js,1,15
18,FunctionDeclaration,nan,-1,1,0,142,0,161,1,packages\glob-stream\index.js,1,16
19,FunctionDeclaration,nan,-1,1,1,163,0,165,1,packages\glob-stream\index.js,1,17
20,FunctionDeclaration,nan,-1,1,0,167,0,198,1,packages\glob-stream\index.js,1,18
21,FunctionDeclaration,nan,-1,1,1,200,0,225,1,packages\glob-stream\index.js,1,19
22,FunctionDeclaration,nan,-1,2,1,227,0,364,1,packages\glob-stream\index.js,1,20
25,Identifier,isFound,-1,-1,-1,19,9,19,16,packages\glob-stream\index.js,1,21
26,Identifier,glob,-1,-1,-1,19,17,19,21,packages\glob-stream\index.js,1,22
28,BlockStatement,nan,-1,-1,-1,19,23,24,1,packages\glob-stream\index.js,1,23
29,Identifier,walkdir,-1,-1,-1,26,9,26,16,packages\glob-stream\index.js,1,24
31,BlockStatement,nan,-1,-1,-1,26,19,140,1,packages\glob-stream\index.js,1,25
32,Identifier,validateGlobs,-1,-1,-1,142,9,142,22,packages\glob-stream\index.js,1,26
33,Identifier,globs,-1,-1,-1,142,23,142,28,packages\glob-stream\index.js,1,27
35,BlockStatement,nan,-1,-1,-1,142,30,161,1,packages\glob-stream\index.js,1,28
36,Identifier,isPositiveGlob,-1,-1,-1,163,9,163,23,packages\glob-stream\index.js,1,29
37,Identifier,glob,-1,-1,-1,163,24,163,28,packages\glob-stream\index.js,1,30
39,BlockStatement,nan,-1,-1,-1,163,30,165,1,packages\glob-stream\index.js,1,31
40,Identifier,validateOptions,-1,-1,-1,167,9,167,24,packages\glob-stream\index.js,1,32
41,Identifier,opts,-1,-1,-1,167,25,167,29,packages\glob-stream\index.js,1,33
43,BlockStatement,nan,-1,-1,-1,167,31,198,1,packages\glob-stream\index.js,1,34
44,Identifier,uniqueBy,-1,-1,-1,200,9,200,17,packages\glob-stream\index.js,1,35
45,Identifier,comparator,-1,-1,-1,200,18,200,28,packages\glob-stream\index.js,1,36
47,BlockStatement,nan,-1,-1,-1,200,30,225,1,packages\glob-stream\index.js,1,37
48,Identifier,globStream,-1,-1,-1,227,9,227,19,packages\glob-stream\index.js,1,38
49,Identifier,globs,-1,-1,-1,227,20,227,25,packages\glob-stream\index.js,1,39
50,Identifier,opt,-1,-1,-1,227,27,227,30,packages\glob-stream\index.js,1,40
52,BlockStatement,nan,-1,-1,-1,227,32,364,1,packages\glob-stream\index.js,1,41
53,AssignmentExpression,nan,-1,-1,-1,366,0,366,27,packages\glob-stream\index.js,1,42
54,ReturnStatement,nan,1,-1,-1,23,2,23,22,packages\glob-stream\index.js,1,43
55,VariableDeclaration,nan,-1,-1,-1,27,2,29,4,packages\glob-stream\index.js,1,44
56,VariableDeclaration,nan,-1,-1,-1,31,2,31,30,packages\glob-stream\index.js,1,45
57,VariableDeclaration,nan,-1,-1,-1,33,2,33,33,packages\glob-stream\index.js,1,46
60,FunctionDeclaration,nan,-1,1,0,39,2,43,3,packages\glob-stream\index.js,1,47
67,FunctionDeclaration,nan,-1,1,0,58,2,60,3,packages\glob-stream\index.js,1,48
68,FunctionDeclaration,nan,-1,1,0,62,2,64,3,packages\glob-stream\index.js,1,49
69,FunctionDeclaration,nan,-1,1,0,66,2,68,3,packages\glob-stream\index.js,1,50
70,FunctionDeclaration,nan,-1,2,0,70,2,88,3,packages\glob-stream\index.js,1,51
71,FunctionDeclaration,nan,-1,2,1,90,2,137,3,packages\glob-stream\index.js,1,52
72,ReturnStatement,nan,1,-1,-1,139,2,139,12,packages\glob-stream\index.js,1,53
73,VariableDeclaration,nan,-1,-1,-1,143,2,143,30,packages\glob-stream\index.js,1,54
75,FunctionDeclaration,nan,-1,2,0,147,2,156,3,packages\glob-stream\index.js,1,55
76,IfStatement,nan,-1,-1,-1,158,2,160,3,packages\glob-stream\index.js,1,56
77,ReturnStatement,nan,1,-1,-1,164,2,164,38,packages\glob-stream\index.js,1,57
78,IfStatement,nan,-1,-1,-1,168,2,170,3,packages\glob-stream\index.js,1,58
79,IfStatement,nan,-1,-1,-1,172,2,174,3,packages\glob-stream\index.js,1,59
80,IfStatement,nan,-1,-1,-1,176,2,178,3,packages\glob-stream\index.js,1,60
81,IfStatement,nan,-1,-1,-1,180,2,185,3,packages\glob-stream\index.js,1,61
82,IfStatement,nan,-1,-1,-1,187,2,189,3,packages\glob-stream\index.js,1,62
83,IfStatement,nan,-1,-1,-1,191,2,193,3,packages\glob-stream\index.js,1,63
84,IfStatement,nan,-1,-1,-1,195,2,197,3,packages\glob-stream\index.js,1,64
85,VariableDeclaration,nan,-1,-1,-1,201,2,201,23,packages\glob-stream\index.js,1,65
86,IfStatement,nan,-1,-1,-1,203,2,207,3,packages\glob-stream\index.js,1,66
87,FunctionDeclaration,nan,-1,1,1,209,2,216,3,packages\glob-stream\index.js,1,67
88,FunctionDeclaration,nan,-1,1,1,218,2,220,3,packages\glob-stream\index.js,1,68
89,FunctionDeclaration,nan,-1,1,1,222,2,224,3,packages\glob-stream\index.js,1,69
90,IfStatement,nan,-1,-1,-1,228,2,230,3,packages\glob-stream\index.js,1,70
92,VariableDeclaration,nan,-1,-1,-1,234,2,245,4,packages\glob-stream\index.js,1,71
96,VariableDeclaration,nan,-1,-1,-1,254,2,254,25,packages\glob-stream\index.js,1,72
97,IfStatement,nan,-1,-1,-1,255,2,257,3,packages\glob-stream\index.js,1,73
98,VariableDeclaration,nan,-1,-1,-1,259,2,259,25,packages\glob-stream\index.js,1,74
99,VariableDeclaration,nan,-1,-1,-1,261,2,266,5,packages\glob-stream\index.js,1,75
100,VariableDeclaration,nan,-1,-1,-1,269,2,269,40,packages\glob-stream\index.js,1,76
102,VariableDeclaration,nan,-1,-1,-1,272,2,272,36,packages\glob-stream\index.js,1,77
103,VariableDeclaration,nan,-1,-1,-1,274,2,274,49,packages\glob-stream\index.js,1,78
104,VariableDeclaration,nan,-1,-1,-1,276,2,276,43,packages\glob-stream\index.js,1,79
108,FunctionDeclaration,nan,-1,1,0,282,2,297,3,packages\glob-stream\index.js,1,80
109,FunctionDeclaration,nan,-1,1,0,299,2,302,3,packages\glob-stream\index.js,1,81
110,FunctionDeclaration,nan,-1,0,0,304,2,306,3,packages\glob-stream\index.js,1,82
111,FunctionDeclaration,nan,-1,1,1,308,2,310,3,packages\glob-stream\index.js,1,83
112,FunctionDeclaration,nan,-1,2,0,312,2,340,3,packages\glob-stream\index.js,1,84
113,FunctionDeclaration,nan,-1,0,0,342,2,357,3,packages\glob-stream\index.js,1,85
114,FunctionDeclaration,nan,-1,1,0,359,2,361,3,packages\glob-stream\index.js,1,86
115,ReturnStatement,nan,1,-1,-1,363,2,363,16,packages\glob-stream\index.js,1,87
116,MemberExpression,nan,-1,-1,-1,366,0,366,14,packages\glob-stream\index.js,1,88
117,Identifier,globStream,-1,-1,-1,366,17,366,27,packages\glob-stream\index.js,1,89
118,CallExpression,nan,1,-1,-1,23,9,23,21,packages\glob-stream\index.js,1,90
119,AssignmentExpression,nan,-1,-1,-1,34,2,36,3,packages\glob-stream\index.js,1,91
120,CallExpression,nan,1,-1,-1,37,2,37,22,packages\glob-stream\index.js,1,92
121,Identifier,onError,-1,-1,-1,39,11,39,18,packages\glob-stream\index.js,1,93
122,Identifier,err,-1,-1,-1,39,19,39,22,packages\glob-stream\index.js,1,94
124,BlockStatement,nan,-1,-1,-1,39,24,43,3,packages\glob-stream\index.js,1,95
125,AssignmentExpression,nan,-1,-1,-1,45,2,47,3,packages\glob-stream\index.js,1,96
126,AssignmentExpression,nan,-1,-1,-1,48,2,50,3,packages\glob-stream\index.js,1,97
127,AssignmentExpression,nan,-1,-1,-1,51,2,53,3,packages\glob-stream\index.js,1,98
128,AssignmentExpression,nan,-1,-1,-1,54,2,54,16,packages\glob-stream\index.js,1,99
129,AssignmentExpression,nan,-1,-1,-1,55,2,55,20,packages\glob-stream\index.js,1,100
130,AssignmentExpression,nan,-1,-1,-1,56,2,56,22,packages\glob-stream\index.js,1,101
131,Identifier,walk,-1,-1,-1,58,11,58,15,packages\glob-stream\index.js,1,102
132,Identifier,path,-1,-1,-1,58,16,58,20,packages\glob-stream\index.js,1,103
134,BlockStatement,nan,-1,-1,-1,58,22,60,3,packages\glob-stream\index.js,1,104
135,Identifier,exists,-1,-1,-1,62,11,62,17,packages\glob-stream\index.js,1,105
136,Identifier,path,-1,-1,-1,62,18,62,22,packages\glob-stream\index.js,1,106
138,BlockStatement,nan,-1,-1,-1,62,24,64,3,packages\glob-stream\index.js,1,107
139,Identifier,resolve,-1,-1,-1,66,11,66,18,packages\glob-stream\index.js,1,108
140,Identifier,path,-1,-1,-1,66,19,66,23,packages\glob-stream\index.js,1,109
142,BlockStatement,nan,-1,-1,-1,66,25,68,3,packages\glob-stream\index.js,1,110
143,Identifier,resolveSymlink,-1,-1,-1,70,11,70,25,packages\glob-stream\index.js,1,111
144,Identifier,symlinkPath,-1,-1,-1,70,26,70,37,packages\glob-stream\index.js,1,112
145,Identifier,cb,-1,-1,-1,70,39,70,41,packages\glob-stream\index.js,1,113
147,BlockStatement,nan,-1,-1,-1,70,43,88,3,packages\glob-stream\index.js,1,114
148,Identifier,onAction,-1,-1,-1,90,11,90,19,packages\glob-stream\index.js,1,115
149,Identifier,data,-1,-1,-1,90,20,90,24,packages\glob-stream\index.js,1,116
150,Identifier,cb,-1,-1,-1,90,26,90,28,packages\glob-stream\index.js,1,117
152,BlockStatement,nan,-1,-1,-1,90,30,137,3,packages\glob-stream\index.js,1,118
153,Identifier,ee,-1,-1,-1,139,9,139,11,packages\glob-stream\index.js,1,119
154,CallExpression,nan,1,-1,-1,145,2,145,30,packages\glob-stream\index.js,1,120
155,Identifier,validateGlobs,-1,-1,-1,147,11,147,24,packages\glob-stream\index.js,1,121
156,Identifier,globString,-1,-1,-1,147,25,147,35,packages\glob-stream\index.js,1,122
157,Identifier,index,-1,-1,-1,147,37,147,42,packages\glob-stream\index.js,1,123
159,BlockStatement,nan,-1,-1,-1,147,44,156,3,packages\glob-stream\index.js,1,124
160,BlockStatement,nan,-1,-1,-1,158,33,160,3,packages\glob-stream\index.js,1,125
162,UnaryExpression,nan,1,-1,-1,164,9,164,37,packages\glob-stream\index.js,1,126
163,BlockStatement,nan,-1,-1,-1,168,36,170,3,packages\glob-stream\index.js,1,127
165,BlockStatement,nan,-1,-1,-1,172,37,174,3,packages\glob-stream\index.js,1,128
167,BlockStatement,nan,-1,-1,-1,176,41,178,3,packages\glob-stream\index.js,1,129
169,BlockStatement,nan,-1,-1,-1,183,4,185,3,packages\glob-stream\index.js,1,130
170,LogicalExpression,nan,-1,-1,-1,181,4,182,39,packages\glob-stream\index.js,1,131
171,BlockStatement,nan,-1,-1,-1,187,44,189,3,packages\glob-stream\index.js,1,132
173,BlockStatement,nan,-1,-1,-1,191,50,193,3,packages\glob-stream\index.js,1,133
174,LogicalExpression,nan,-1,-1,-1,191,6,191,48,packages\glob-stream\index.js,1,134
175,BlockStatement,nan,-1,-1,-1,195,35,197,3,packages\glob-stream\index.js,1,135
176,UnaryExpression,nan,1,-1,-1,195,6,195,33,packages\glob-stream\index.js,1,136
177,BlockStatement,nan,-1,-1,-1,203,38,205,3,packages\glob-stream\index.js,1,137
179,Identifier,isUnique,-1,-1,-1,209,11,209,19,packages\glob-stream\index.js,1,138
180,Identifier,value,-1,-1,-1,209,20,209,25,packages\glob-stream\index.js,1,139
182,BlockStatement,nan,-1,-1,-1,209,27,216,3,packages\glob-stream\index.js,1,140
183,Identifier,isUniqueByKey,-1,-1,-1,218,11,218,24,packages\glob-stream\index.js,1,141
184,Identifier,obj,-1,-1,-1,218,25,218,28,packages\glob-stream\index.js,1,142
186,BlockStatement,nan,-1,-1,-1,218,30,220,3,packages\glob-stream\index.js,1,143
187,Identifier,isUniqueByFunc,-1,-1,-1,222,11,222,25,packages\glob-stream\index.js,1,144
188,Identifier,obj,-1,-1,-1,222,26,222,29,packages\glob-stream\index.js,1,145
190,BlockStatement,nan,-1,-1,-1,222,31,224,3,packages\glob-stream\index.js,1,146
191,BlockStatement,nan,-1,-1,-1,228,29,230,3,packages\glob-stream\index.js,1,147
192,UnaryExpression,nan,1,-1,-1,228,6,228,27,packages\glob-stream\index.js,1,148
193,CallExpression,nan,1,-1,-1,232,2,232,22,packages\glob-stream\index.js,1,149
194,AssignmentExpression,nan,-1,-1,-1,247,2,248,71,packages\glob-stream\index.js,1,150
195,CallExpression,nan,1,-1,-1,250,2,250,25,packages\glob-stream\index.js,1,151
196,AssignmentExpression,nan,-1,-1,-1,252,2,252,60,packages\glob-stream\index.js,1,152
197,BlockStatement,nan,-1,-1,-1,255,22,257,3,packages\glob-stream\index.js,1,153
198,MemberExpression,nan,-1,-1,-1,255,6,255,20,packages\glob-stream\index.js,1,154
199,AssignmentExpression,nan,-1,-1,-1,270,2,270,48,packages\glob-stream\index.js,1,155
200,CallExpression,nan,2,-1,-1,278,2,278,27,packages\glob-stream\index.js,1,156
201,CallExpression,nan,2,-1,-1,279,2,279,27,packages\glob-stream\index.js,1,157
202,CallExpression,nan,2,-1,-1,280,2,280,31,packages\glob-stream\index.js,1,158
203,Identifier,open,-1,-1,-1,282,11,282,15,packages\glob-stream\index.js,1,159
204,Identifier,cb,-1,-1,-1,282,16,282,18,packages\glob-stream\index.js,1,160
206,BlockStatement,nan,-1,-1,-1,282,20,297,3,packages\glob-stream\index.js,1,161
207,Identifier,read,-1,-1,-1,299,11,299,15,packages\glob-stream\index.js,1,162
208,Identifier,cb,-1,-1,-1,299,16,299,18,packages\glob-stream\index.js,1,163
210,BlockStatement,nan,-1,-1,-1,299,20,302,3,packages\glob-stream\index.js,1,164
211,Identifier,predestroy,-1,-1,-1,304,11,304,21,packages\glob-stream\index.js,1,165
213,BlockStatement,nan,-1,-1,-1,304,24,306,3,packages\glob-stream\index.js,1,166
214,Identifier,resolveGlob,-1,-1,-1,308,11,308,22,packages\glob-stream\index.js,1,167
215,Identifier,glob,-1,-1,-1,308,23,308,27,packages\glob-stream\index.js,1,168
217,BlockStatement,nan,-1,-1,-1,308,29,310,3,packages\glob-stream\index.js,1,169
218,Identifier,onPath,-1,-1,-1,312,11,312,17,packages\glob-stream\index.js,1,170
219,Identifier,filepath,-1,-1,-1,312,18,312,26,packages\glob-stream\index.js,1,171
220,Identifier,dirent,-1,-1,-1,312,28,312,34,packages\glob-stream\index.js,1,172
222,BlockStatement,nan,-1,-1,-1,312,36,340,3,packages\glob-stream\index.js,1,173
223,Identifier,onEnd,-1,-1,-1,342,11,342,16,packages\glob-stream\index.js,1,174
225,BlockStatement,nan,-1,-1,-1,342,19,357,3,packages\glob-stream\index.js,1,175
226,Identifier,onError,-1,-1,-1,359,11,359,18,packages\glob-stream\index.js,1,176
227,Identifier,err,-1,-1,-1,359,19,359,22,packages\glob-stream\index.js,1,177
229,BlockStatement,nan,-1,-1,-1,359,24,361,3,packages\glob-stream\index.js,1,178
230,Identifier,stream,-1,-1,-1,363,9,363,15,packages\glob-stream\index.js,1,179
231,Identifier,glob,-1,-1,-1,23,16,23,20,packages\glob-stream\index.js,1,180
232,Identifier,isGlob,-1,-1,-1,23,9,23,15,packages\glob-stream\index.js,1,181
233,MemberExpression,nan,-1,-1,-1,34,2,34,13,packages\glob-stream\index.js,1,182
234,FunctionExpression,nan,-1,0,0,34,16,36,3,packages\glob-stream\index.js,1,183
235,Identifier,onError,-1,-1,-1,37,14,37,21,packages\glob-stream\index.js,1,184
236,MemberExpression,nan,-1,-1,-1,37,2,37,13,packages\glob-stream\index.js,1,185
237,IfStatement,nan,-1,-1,-1,40,4,42,5,packages\glob-stream\index.js,1,186
238,MemberExpression,nan,-1,-1,-1,45,2,45,10,packages\glob-stream\index.js,1,187
239,FunctionExpression,nan,-1,0,0,45,13,47,3,packages\glob-stream\index.js,1,188
240,MemberExpression,nan,-1,-1,-1,48,2,48,11,packages\glob-stream\index.js,1,189
241,FunctionExpression,nan,-1,0,0,48,14,50,3,packages\glob-stream\index.js,1,190
242,MemberExpression,nan,-1,-1,-1,51,2,51,8,packages\glob-stream\index.js,1,191
243,FunctionExpression,nan,-1,0,0,51,11,53,3,packages\glob-stream\index.js,1,192
244,MemberExpression,nan,-1,-1,-1,54,2,54,9,packages\glob-stream\index.js,1,193
245,Identifier,walk,-1,-1,-1,54,12,54,16,packages\glob-stream\index.js,1,194
246,MemberExpression,nan,-1,-1,-1,55,2,55,11,packages\glob-stream\index.js,1,195
247,Identifier,exists,-1,-1,-1,55,14,55,20,packages\glob-stream\index.js,1,196
248,MemberExpression,nan,-1,-1,-1,56,2,56,12,packages\glob-stream\index.js,1,197
249,Identifier,resolve,-1,-1,-1,56,15,56,22,packages\glob-stream\index.js,1,198
254,IfStatement,nan,-1,-1,-1,91,4,93,5,packages\glob-stream\index.js,1,199
255,IfStatement,nan,-1,-1,-1,95,4,97,5,packages\glob-stream\index.js,1,200
256,IfStatement,nan,-1,-1,-1,99,4,101,5,packages\glob-stream\index.js,1,201
257,FunctionDeclaration,nan,-1,2,1,103,4,113,5,packages\glob-stream\index.js,1,202
258,FunctionDeclaration,nan,-1,2,1,115,4,123,5,packages\glob-stream\index.js,1,203
259,FunctionDeclaration,nan,-1,1,1,125,4,136,5,packages\glob-stream\index.js,1,204
260,Identifier,validateGlobs,-1,-1,-1,145,16,145,29,packages\glob-stream\index.js,1,205
261,MemberExpression,nan,-1,-1,-1,145,2,145,15,packages\glob-stream\index.js,1,206
262,IfStatement,nan,-1,-1,-1,148,4,150,5,packages\glob-stream\index.js,1,207
263,VariableDeclaration,nan,-1,-1,-1,152,4,152,43,packages\glob-stream\index.js,1,208
264,IfStatement,nan,-1,-1,-1,153,4,155,5,packages\glob-stream\index.js,1,209
265,ThrowStatement,nan,1,-1,-1,159,4,159,45,packages\glob-stream\index.js,1,210
266,Identifier,hasPositiveGlob,-1,-1,-1,158,6,158,21,packages\glob-stream\index.js,1,211
268,MemberExpression,nan,-1,-1,-1,164,10,164,37,packages\glob-stream\index.js,1,212
269,ThrowStatement,nan,1,-1,-1,169,4,169,57,packages\glob-stream\index.js,1,213
270,UnaryExpression,nan,1,-1,-1,168,6,168,21,packages\glob-stream\index.js,1,214
272,ThrowStatement,nan,1,-1,-1,173,4,173,58,packages\glob-stream\index.js,1,215
273,UnaryExpression,nan,1,-1,-1,172,6,172,21,packages\glob-stream\index.js,1,216
275,ThrowStatement,nan,1,-1,-1,177,4,177,62,packages\glob-stream\index.js,1,217
276,UnaryExpression,nan,1,-1,-1,176,6,176,25,packages\glob-stream\index.js,1,218
278,ThrowStatement,nan,1,-1,-1,184,4,184,74,packages\glob-stream\index.js,1,219
281,ThrowStatement,nan,1,-1,-1,188,4,188,65,packages\glob-stream\index.js,1,220
282,UnaryExpression,nan,1,-1,-1,187,6,187,28,packages\glob-stream\index.js,1,221
284,ThrowStatement,nan,1,-1,-1,192,4,192,71,packages\glob-stream\index.js,1,222
285,MemberExpression,nan,-1,-1,-1,191,6,191,15,packages\glob-stream\index.js,1,223
287,ThrowStatement,nan,1,-1,-1,196,4,196,69,packages\glob-stream\index.js,1,224
288,CallExpression,nan,1,-1,-1,195,7,195,33,packages\glob-stream\index.js,1,225
289,ReturnStatement,nan,1,-1,-1,204,4,204,25,packages\glob-stream\index.js,1,226
290,UnaryExpression,nan,1,-1,-1,203,6,203,23,packages\glob-stream\index.js,1,227
292,IfStatement,nan,-1,-1,-1,210,4,215,5,packages\glob-stream\index.js,1,228
293,ReturnStatement,nan,1,-1,-1,219,4,219,37,packages\glob-stream\index.js,1,229
294,ReturnStatement,nan,1,-1,-1,223,4,223,37,packages\glob-stream\index.js,1,230
296,CallExpression,nan,1,-1,-1,228,7,228,27,packages\glob-stream\index.js,1,231
297,Identifier,globs,-1,-1,-1,232,16,232,21,packages\glob-stream\index.js,1,232
298,Identifier,validateGlobs,-1,-1,-1,232,2,232,15,packages\glob-stream\index.js,1,233
299,MemberExpression,nan,-1,-1,-1,247,2,247,15,packages\glob-stream\index.js,1,234
300,ConditionalExpression,nan,-1,-1,-1,248,4,248,71,packages\glob-stream\index.js,1,235
301,Identifier,ourOpt,-1,-1,-1,250,18,250,24,packages\glob-stream\index.js,1,236
302,Identifier,validateOptions,-1,-1,-1,250,2,250,17,packages\glob-stream\index.js,1,237
303,MemberExpression,nan,-1,-1,-1,252,2,252,12,packages\glob-stream\index.js,1,238
304,CallExpression,nan,2,-1,-1,252,15,252,60,packages\glob-stream\index.js,1,239
306,MemberExpression,nan,-1,-1,-1,270,2,270,15,packages\glob-stream\index.js,1,240
307,CallExpression,nan,1,-1,-1,270,18,270,48,packages\glob-stream\index.js,1,241
309,Identifier,onPath,-1,-1,-1,278,20,278,26,packages\glob-stream\index.js,1,242
310,MemberExpression,nan,-1,-1,-1,278,2,278,11,packages\glob-stream\index.js,1,243
312,Identifier,onEnd,-1,-1,-1,279,21,279,26,packages\glob-stream\index.js,1,244
313,MemberExpression,nan,-1,-1,-1,279,2,279,13,packages\glob-stream\index.js,1,245
315,Identifier,onError,-1,-1,-1,280,23,280,30,packages\glob-stream\index.js,1,246
316,MemberExpression,nan,-1,-1,-1,280,2,280,13,packages\glob-stream\index.js,1,247
322,ReturnStatement,nan,1,-1,-1,309,4,309,40,packages\glob-stream\index.js,1,248
323,VariableDeclaration,nan,-1,-1,-1,313,4,313,43,packages\glob-stream\index.js,1,249
324,IfStatement,nan,-1,-1,-1,316,4,318,5,packages\glob-stream\index.js,1,250
325,IfStatement,nan,-1,-1,-1,319,4,339,5,packages\glob-stream\index.js,1,251
326,VariableDeclaration,nan,-1,-1,-1,343,4,343,26,packages\glob-stream\index.js,1,252
328,IfStatement,nan,-1,-1,-1,354,4,356,5,packages\glob-stream\index.js,1,253
331,BlockStatement,nan,-1,-1,-1,34,28,36,3,packages\glob-stream\index.js,1,254
332,BlockStatement,nan,-1,-1,-1,40,13,42,5,packages\glob-stream\index.js,1,255
333,Identifier,err,-1,-1,-1,40,8,40,11,packages\glob-stream\index.js,1,256
335,BlockStatement,nan,-1,-1,-1,45,25,47,3,packages\glob-stream\index.js,1,257
337,BlockStatement,nan,-1,-1,-1,48,26,50,3,packages\glob-stream\index.js,1,258
339,BlockStatement,nan,-1,-1,-1,51,23,53,3,packages\glob-stream\index.js,1,259
340,CallExpression,nan,1,-1,-1,59,4,59,46,packages\glob-stream\index.js,1,260
341,CallExpression,nan,1,-1,-1,63,4,63,48,packages\glob-stream\index.js,1,261
342,CallExpression,nan,1,-1,-1,67,4,67,49,packages\glob-stream\index.js,1,262
343,CallExpression,nan,2,-1,-1,71,4,87,6,packages\glob-stream\index.js,1,263
344,BlockStatement,nan,-1,-1,-1,91,32,93,5,packages\glob-stream\index.js,1,264
346,BlockStatement,nan,-1,-1,-1,95,34,97,5,packages\glob-stream\index.js,1,265
348,BlockStatement,nan,-1,-1,-1,99,35,101,5,packages\glob-stream\index.js,1,266
350,Identifier,onStat,-1,-1,-1,103,13,103,19,packages\glob-stream\index.js,1,267
351,Identifier,err,-1,-1,-1,103,20,103,23,packages\glob-stream\index.js,1,268
352,Identifier,stat,-1,-1,-1,103,25,103,29,packages\glob-stream\index.js,1,269
354,BlockStatement,nan,-1,-1,-1,103,31,113,5,packages\glob-stream\index.js,1,270
355,Identifier,onReaddir,-1,-1,-1,115,13,115,22,packages\glob-stream\index.js,1,271
356,Identifier,err,-1,-1,-1,115,23,115,26,packages\glob-stream\index.js,1,272
357,Identifier,dirents,-1,-1,-1,115,28,115,35,packages\glob-stream\index.js,1,273
359,BlockStatement,nan,-1,-1,-1,115,37,123,5,packages\glob-stream\index.js,1,274
360,Identifier,processDirent,-1,-1,-1,125,13,125,26,packages\glob-stream\index.js,1,275
361,Identifier,dirent,-1,-1,-1,125,27,125,33,packages\glob-stream\index.js,1,276
363,BlockStatement,nan,-1,-1,-1,125,35,136,5,packages\glob-stream\index.js,1,277
364,BlockStatement,nan,-1,-1,-1,148,40,150,5,packages\glob-stream\index.js,1,278
366,BlockStatement,nan,-1,-1,-1,153,34,155,5,packages\glob-stream\index.js,1,279
368,NewExpression,nan,1,-1,-1,159,10,159,44,packages\glob-stream\index.js,1,280
369,NewExpression,nan,1,-1,-1,169,10,169,56,packages\glob-stream\index.js,1,281
370,MemberExpression,nan,-1,-1,-1,168,13,168,21,packages\glob-stream\index.js,1,282
371,NewExpression,nan,1,-1,-1,173,10,173,57,packages\glob-stream\index.js,1,283
372,MemberExpression,nan,-1,-1,-1,172,13,172,21,packages\glob-stream\index.js,1,284
373,NewExpression,nan,1,-1,-1,177,10,177,61,packages\glob-stream\index.js,1,285
374,MemberExpression,nan,-1,-1,-1,176,13,176,25,packages\glob-stream\index.js,1,286
375,NewExpression,nan,1,-1,-1,184,10,184,73,packages\glob-stream\index.js,1,287
376,UnaryExpression,nan,1,-1,-1,181,4,181,24,packages\glob-stream\index.js,1,288
378,UnaryExpression,nan,1,-1,-1,182,4,182,24,packages\glob-stream\index.js,1,289
380,NewExpression,nan,1,-1,-1,188,10,188,64,packages\glob-stream\index.js,1,290
381,MemberExpression,nan,-1,-1,-1,187,13,187,28,packages\glob-stream\index.js,1,291
382,NewExpression,nan,1,-1,-1,192,10,192,70,packages\glob-stream\index.js,1,292
383,UnaryExpression,nan,1,-1,-1,191,19,191,35,packages\glob-stream\index.js,1,293
385,NewExpression,nan,1,-1,-1,196,10,196,68,packages\glob-stream\index.js,1,294
386,MemberExpression,nan,-1,-1,-1,195,21,195,32,packages\glob-stream\index.js,1,295
387,MemberExpression,nan,-1,-1,-1,195,7,195,20,packages\glob-stream\index.js,1,296
388,Identifier,isUniqueByKey,-1,-1,-1,204,11,204,24,packages\glob-stream\index.js,1,297
389,Identifier,comparator,-1,-1,-1,203,13,203,23,packages\glob-stream\index.js,1,298
390,BlockStatement,nan,-1,-1,-1,210,25,212,5,packages\glob-stream\index.js,1,299
391,CallExpression,nan,1,-1,-1,210,8,210,23,packages\glob-stream\index.js,1,300
392,CallExpression,nan,1,-1,-1,219,11,219,36,packages\glob-stream\index.js,1,301
393,CallExpression,nan,1,-1,-1,223,11,223,36,packages\glob-stream\index.js,1,302
394,AssignmentExpression,nan,-1,-1,-1,229,4,229,19,packages\glob-stream\index.js,1,303
395,Identifier,globs,-1,-1,-1,228,21,228,26,packages\glob-stream\index.js,1,304
396,MemberExpression,nan,-1,-1,-1,228,7,228,20,packages\glob-stream\index.js,1,305
397,ArrayExpression,nan,-1,-1,-1,248,40,248,55,packages\glob-stream\index.js,1,306
399,CallExpression,nan,1,-1,-1,252,29,252,53,packages\glob-stream\index.js,1,307
401,Identifier,normalizePath,-1,-1,-1,252,15,252,28,packages\glob-stream\index.js,1,308
402,AssignmentExpression,nan,-1,-1,-1,256,4,256,21,packages\glob-stream\index.js,1,309
403,Identifier,resolveGlob,-1,-1,-1,270,36,270,47,packages\glob-stream\index.js,1,310
404,MemberExpression,nan,-1,-1,-1,270,18,270,35,packages\glob-stream\index.js,1,311
405,CallExpression,nan,1,-1,-1,283,4,295,6,packages\glob-stream\index.js,1,312
406,CallExpression,nan,0,-1,-1,296,4,296,8,packages\glob-stream\index.js,1,313
407,CallExpression,nan,0,-1,-1,300,4,300,19,packages\glob-stream\index.js,1,314
408,CallExpression,nan,0,-1,-1,301,4,301,8,packages\glob-stream\index.js,1,315
409,CallExpression,nan,0,-1,-1,305,4,305,16,packages\glob-stream\index.js,1,316
410,CallExpression,nan,2,-1,-1,309,11,309,39,packages\glob-stream\index.js,1,317
411,BlockStatement,nan,-1,-1,-1,316,49,318,5,packages\glob-stream\index.js,1,318
412,LogicalExpression,nan,-1,-1,-1,316,8,316,47,packages\glob-stream\index.js,1,319
413,BlockStatement,nan,-1,-1,-1,319,25,339,5,packages\glob-stream\index.js,1,320
415,CallExpression,nan,1,-1,-1,345,4,352,6,packages\glob-stream\index.js,1,321
416,BlockStatement,nan,-1,-1,-1,354,29,356,5,packages\glob-stream\index.js,1,322
418,CallExpression,nan,1,-1,-1,360,4,360,23,packages\glob-stream\index.js,1,323
424,ObjectExpression,nan,-1,-1,-1,59,15,59,45,packages\glob-stream\index.js,1,324
425,MemberExpression,nan,-1,-1,-1,59,4,59,14,packages\glob-stream\index.js,1,325
426,ObjectExpression,nan,-1,-1,-1,63,15,63,47,packages\glob-stream\index.js,1,326
427,MemberExpression,nan,-1,-1,-1,63,4,63,14,packages\glob-stream\index.js,1,327
428,ObjectExpression,nan,-1,-1,-1,67,15,67,48,packages\glob-stream\index.js,1,328
429,MemberExpression,nan,-1,-1,-1,67,4,67,14,packages\glob-stream\index.js,1,329
430,Identifier,symlinkPath,-1,-1,-1,71,16,71,27,packages\glob-stream\index.js,1,330
431,FunctionExpression,nan,-1,2,1,71,29,87,5,packages\glob-stream\index.js,1,331
432,MemberExpression,nan,-1,-1,-1,71,4,71,15,packages\glob-stream\index.js,1,332
433,ReturnStatement,nan,1,-1,-1,92,6,92,59,packages\glob-stream\index.js,1,333
434,MemberExpression,nan,-1,-1,-1,91,8,91,19,packages\glob-stream\index.js,1,334
436,ReturnStatement,nan,1,-1,-1,96,6,96,40,packages\glob-stream\index.js,1,335
437,MemberExpression,nan,-1,-1,-1,95,8,95,19,packages\glob-stream\index.js,1,336
439,ReturnStatement,nan,1,-1,-1,100,6,100,43,packages\glob-stream\index.js,1,337
440,MemberExpression,nan,-1,-1,-1,99,8,99,19,packages\glob-stream\index.js,1,338
442,IfStatement,nan,-1,-1,-1,104,6,107,7,packages\glob-stream\index.js,1,339
445,IfStatement,nan,-1,-1,-1,116,6,118,7,packages\glob-stream\index.js,1,340
448,VariableDeclaration,nan,-1,-1,-1,126,6,126,55,packages\glob-stream\index.js,1,341
450,IfStatement,nan,-1,-1,-1,129,6,131,7,packages\glob-stream\index.js,1,342
451,IfStatement,nan,-1,-1,-1,133,6,135,7,packages\glob-stream\index.js,1,343
452,ThrowStatement,nan,1,-1,-1,149,6,149,56,packages\glob-stream\index.js,1,344
453,UnaryExpression,nan,1,-1,-1,148,8,148,25,packages\glob-stream\index.js,1,345
456,MemberExpression,nan,-1,-1,-1,153,8,153,22,packages\glob-stream\index.js,1,346
459,Identifier,Error,-1,-1,-1,159,14,159,19,packages\glob-stream\index.js,1,347
461,Identifier,Error,-1,-1,-1,169,14,169,19,packages\glob-stream\index.js,1,348
463,Identifier,Error,-1,-1,-1,173,14,173,19,packages\glob-stream\index.js,1,349
465,Identifier,Error,-1,-1,-1,177,14,177,19,packages\glob-stream\index.js,1,350
467,Identifier,Error,-1,-1,-1,184,14,184,19,packages\glob-stream\index.js,1,351
468,MemberExpression,nan,-1,-1,-1,181,11,181,24,packages\glob-stream\index.js,1,352
469,MemberExpression,nan,-1,-1,-1,182,11,182,24,packages\glob-stream\index.js,1,353
471,Identifier,Error,-1,-1,-1,188,14,188,19,packages\glob-stream\index.js,1,354
473,Identifier,Error,-1,-1,-1,192,14,192,19,packages\glob-stream\index.js,1,355
474,MemberExpression,nan,-1,-1,-1,191,26,191,35,packages\glob-stream\index.js,1,356
476,Identifier,Error,-1,-1,-1,196,14,196,19,packages\glob-stream\index.js,1,357
477,ReturnStatement,nan,1,-1,-1,211,6,211,19,packages\glob-stream\index.js,1,358
478,Identifier,value,-1,-1,-1,210,17,210,22,packages\glob-stream\index.js,1,359
479,MemberExpression,nan,-1,-1,-1,210,8,210,16,packages\glob-stream\index.js,1,360
480,MemberExpression,nan,-1,-1,-1,219,20,219,35,packages\glob-stream\index.js,1,361
481,Identifier,isUnique,-1,-1,-1,219,11,219,19,packages\glob-stream\index.js,1,362
482,CallExpression,nan,1,-1,-1,223,20,223,35,packages\glob-stream\index.js,1,363
483,Identifier,isUnique,-1,-1,-1,223,11,223,19,packages\glob-stream\index.js,1,364
484,Identifier,globs,-1,-1,-1,229,4,229,9,packages\glob-stream\index.js,1,365
485,ArrayExpression,nan,-1,-1,-1,229,12,229,19,packages\glob-stream\index.js,1,366
486,UnaryExpression,nan,1,-1,-1,248,4,248,24,packages\glob-stream\index.js,1,367
488,MemberExpression,nan,-1,-1,-1,252,42,252,52,packages\glob-stream\index.js,1,368
489,MemberExpression,nan,-1,-1,-1,252,29,252,41,packages\glob-stream\index.js,1,369
490,Identifier,base,-1,-1,-1,256,4,256,8,packages\glob-stream\index.js,1,370
491,MemberExpression,nan,-1,-1,-1,256,11,256,21,packages\glob-stream\index.js,1,371
492,FunctionExpression,nan,-1,1,0,283,21,295,5,packages\glob-stream\index.js,1,372
493,MemberExpression,nan,-1,-1,-1,283,4,283,20,packages\glob-stream\index.js,1,373
494,Identifier,cb,-1,-1,-1,296,4,296,6,packages\glob-stream\index.js,1,374
495,MemberExpression,nan,-1,-1,-1,300,4,300,17,packages\glob-stream\index.js,1,375
496,Identifier,cb,-1,-1,-1,301,4,301,6,packages\glob-stream\index.js,1,376
497,MemberExpression,nan,-1,-1,-1,305,4,305,14,packages\glob-stream\index.js,1,377
498,Identifier,glob,-1,-1,-1,309,26,309,30,packages\glob-stream\index.js,1,378
499,Identifier,ourOpt,-1,-1,-1,309,32,309,38,packages\glob-stream\index.js,1,379
500,Identifier,toAbsoluteGlob,-1,-1,-1,309,11,309,25,packages\glob-stream\index.js,1,380
503,CallExpression,nan,0,-1,-1,316,27,316,47,packages\glob-stream\index.js,1,381
505,VariableDeclaration,nan,-1,-1,-1,323,6,323,60,packages\glob-stream\index.js,1,382
506,VariableDeclaration,nan,-1,-1,-1,325,6,330,8,packages\glob-stream\index.js,1,383
507,VariableDeclaration,nan,-1,-1,-1,332,6,332,33,packages\glob-stream\index.js,1,384
508,IfStatement,nan,-1,-1,-1,333,6,338,7,packages\glob-stream\index.js,1,385
509,Identifier,matchIdx,-1,-1,-1,319,8,319,16,packages\glob-stream\index.js,1,386
510,UnaryExpression,nan,1,-1,-1,319,21,319,23,packages\glob-stream\index.js,1,387
511,FunctionExpression,nan,-1,2,1,345,18,352,5,packages\glob-stream\index.js,1,388
512,MemberExpression,nan,-1,-1,-1,345,4,345,17,packages\glob-stream\index.js,1,389
514,Identifier,destroyed,-1,-1,-1,354,8,354,17,packages\glob-stream\index.js,1,390
516,Identifier,err,-1,-1,-1,360,19,360,22,packages\glob-stream\index.js,1,391
517,MemberExpression,nan,-1,-1,-1,360,4,360,18,packages\glob-stream\index.js,1,392
518,CallExpression,nan,1,-1,-1,35,4,35,18,packages\glob-stream\index.js,1,393
519,CallExpression,nan,2,-1,-1,41,6,41,27,packages\glob-stream\index.js,1,394
520,CallExpression,nan,0,-1,-1,46,4,46,17,packages\glob-stream\index.js,1,395
521,CallExpression,nan,0,-1,-1,49,4,49,18,packages\glob-stream\index.js,1,396
522,CallExpression,nan,0,-1,-1,52,4,52,16,packages\glob-stream\index.js,1,397
523,Identifier,err,-1,-1,-1,71,39,71,42,packages\glob-stream\index.js,1,398
524,Identifier,realpath,-1,-1,-1,71,44,71,52,packages\glob-stream\index.js,1,399
526,BlockStatement,nan,-1,-1,-1,71,54,87,5,packages\glob-stream\index.js,1,400
527,CallExpression,nan,3,-1,-1,92,13,92,58,packages\glob-stream\index.js,1,401
528,CallExpression,nan,2,-1,-1,96,13,96,39,packages\glob-stream\index.js,1,402
529,CallExpression,nan,2,-1,-1,100,13,100,42,packages\glob-stream\index.js,1,403
530,BlockStatement,nan,-1,-1,-1,104,15,107,7,packages\glob-stream\index.js,1,404
531,Identifier,err,-1,-1,-1,104,10,104,13,packages\glob-stream\index.js,1,405
532,CallExpression,nan,3,-1,-1,110,6,110,38,packages\glob-stream\index.js,1,406
533,CallExpression,nan,0,-1,-1,112,6,112,10,packages\glob-stream\index.js,1,407
534,BlockStatement,nan,-1,-1,-1,116,15,118,7,packages\glob-stream\index.js,1,408
535,Identifier,err,-1,-1,-1,116,10,116,13,packages\glob-stream\index.js,1,409
536,CallExpression,nan,1,-1,-1,120,6,120,36,packages\glob-stream\index.js,1,410
537,CallExpression,nan,0,-1,-1,122,6,122,10,packages\glob-stream\index.js,1,411
538,CallExpression,nan,3,-1,-1,127,6,127,39,packages\glob-stream\index.js,1,412
539,BlockStatement,nan,-1,-1,-1,129,32,131,7,packages\glob-stream\index.js,1,413
540,CallExpression,nan,0,-1,-1,129,10,129,30,packages\glob-stream\index.js,1,414
541,BlockStatement,nan,-1,-1,-1,133,35,135,7,packages\glob-stream\index.js,1,415
542,CallExpression,nan,0,-1,-1,133,10,133,33,packages\glob-stream\index.js,1,416
543,NewExpression,nan,1,-1,-1,149,12,149,55,packages\glob-stream\index.js,1,417
544,Identifier,globString,-1,-1,-1,148,15,148,25,packages\glob-stream\index.js,1,418
545,AssignmentExpression,nan,-1,-1,-1,154,6,154,28,packages\glob-stream\index.js,1,419
547,Identifier,obj,-1,-1,-1,223,31,223,34,packages\glob-stream\index.js,1,420
548,Identifier,comparator,-1,-1,-1,223,20,223,30,packages\glob-stream\index.js,1,421
549,MemberExpression,nan,-1,-1,-1,248,11,248,24,packages\glob-stream\index.js,1,422
550,Identifier,glob,-1,-1,-1,283,31,283,35,packages\glob-stream\index.js,1,423
552,BlockStatement,nan,-1,-1,-1,283,37,295,5,packages\glob-stream\index.js,1,424
553,AssignmentExpression,nan,-1,-1,-1,317,6,317,51,packages\glob-stream\index.js,1,425
554,Identifier,matchIdx,-1,-1,-1,316,8,316,16,packages\glob-stream\index.js,1,426
555,UnaryExpression,nan,1,-1,-1,316,21,316,23,packages\glob-stream\index.js,1,427
556,MemberExpression,nan,-1,-1,-1,316,27,316,45,packages\glob-stream\index.js,1,428
557,AssignmentExpression,nan,-1,-1,-1,320,6,320,28,packages\glob-stream\index.js,1,429
558,BlockStatement,nan,-1,-1,-1,333,18,338,7,packages\glob-stream\index.js,1,430
559,Identifier,unique,-1,-1,-1,333,10,333,16,packages\glob-stream\index.js,1,431
561,Identifier,matchFound,-1,-1,-1,345,28,345,38,packages\glob-stream\index.js,1,432
562,Identifier,idx,-1,-1,-1,345,40,345,43,packages\glob-stream\index.js,1,433
564,BlockStatement,nan,-1,-1,-1,345,45,352,5,packages\glob-stream\index.js,1,434
565,CallExpression,nan,1,-1,-1,355,6,355,23,packages\glob-stream\index.js,1,435
567,MemberExpression,nan,-1,-1,-1,35,4,35,11,packages\glob-stream\index.js,1,436
569,Identifier,err,-1,-1,-1,41,23,41,26,packages\glob-stream\index.js,1,437
570,MemberExpression,nan,-1,-1,-1,41,6,41,13,packages\glob-stream\index.js,1,438
571,MemberExpression,nan,-1,-1,-1,46,4,46,15,packages\glob-stream\index.js,1,439
572,MemberExpression,nan,-1,-1,-1,49,4,49,16,packages\glob-stream\index.js,1,440
573,MemberExpression,nan,-1,-1,-1,52,4,52,14,packages\glob-stream\index.js,1,441
574,IfStatement,nan,-1,-1,-1,72,6,74,7,packages\glob-stream\index.js,1,442
576,MemberExpression,nan,-1,-1,-1,92,24,92,33,packages\glob-stream\index.js,1,443
577,Identifier,readdirOpts,-1,-1,-1,92,35,92,46,packages\glob-stream\index.js,1,444
578,Identifier,onReaddir,-1,-1,-1,92,48,92,57,packages\glob-stream\index.js,1,445
579,MemberExpression,nan,-1,-1,-1,92,13,92,23,packages\glob-stream\index.js,1,446
580,MemberExpression,nan,-1,-1,-1,96,21,96,30,packages\glob-stream\index.js,1,447
581,Identifier,onStat,-1,-1,-1,96,32,96,38,packages\glob-stream\index.js,1,448
582,MemberExpression,nan,-1,-1,-1,96,13,96,20,packages\glob-stream\index.js,1,449
583,MemberExpression,nan,-1,-1,-1,100,28,100,37,packages\glob-stream\index.js,1,450
584,Identifier,cb,-1,-1,-1,100,39,100,41,packages\glob-stream\index.js,1,451
585,Identifier,resolveSymlink,-1,-1,-1,100,13,100,27,packages\glob-stream\index.js,1,452
586,ReturnStatement,nan,1,-1,-1,106,8,106,20,packages\glob-stream\index.js,1,453
588,MemberExpression,nan,-1,-1,-1,110,22,110,31,packages\glob-stream\index.js,1,454
589,Identifier,stat,-1,-1,-1,110,33,110,37,packages\glob-stream\index.js,1,455
590,MemberExpression,nan,-1,-1,-1,110,6,110,13,packages\glob-stream\index.js,1,456
591,Identifier,cb,-1,-1,-1,112,6,112,8,packages\glob-stream\index.js,1,457
592,ReturnStatement,nan,1,-1,-1,117,8,117,23,packages\glob-stream\index.js,1,458
593,Identifier,processDirent,-1,-1,-1,120,22,120,35,packages\glob-stream\index.js,1,459
594,MemberExpression,nan,-1,-1,-1,120,6,120,21,packages\glob-stream\index.js,1,460
595,Identifier,cb,-1,-1,-1,122,6,122,8,packages\glob-stream\index.js,1,461
597,Identifier,nextpath,-1,-1,-1,127,22,127,30,packages\glob-stream\index.js,1,462
598,Identifier,dirent,-1,-1,-1,127,32,127,38,packages\glob-stream\index.js,1,463
599,MemberExpression,nan,-1,-1,-1,127,6,127,13,packages\glob-stream\index.js,1,464
600,ReturnStatement,nan,1,-1,-1,130,8,130,30,packages\glob-stream\index.js,1,465
601,MemberExpression,nan,-1,-1,-1,129,10,129,28,packages\glob-stream\index.js,1,466
602,ReturnStatement,nan,1,-1,-1,134,8,134,33,packages\glob-stream\index.js,1,467
603,MemberExpression,nan,-1,-1,-1,133,10,133,31,packages\glob-stream\index.js,1,468
605,Identifier,Error,-1,-1,-1,149,16,149,21,packages\glob-stream\index.js,1,469
606,Identifier,hasPositiveGlob,-1,-1,-1,154,6,154,21,packages\glob-stream\index.js,1,470
608,IfStatement,nan,-1,-1,-1,284,6,294,7,packages\glob-stream\index.js,1,471
609,Identifier,matchIdx,-1,-1,-1,317,6,317,14,packages\glob-stream\index.js,1,472
610,CallExpression,nan,2,-1,-1,317,17,317,51,packages\glob-stream\index.js,1,473
612,MemberExpression,nan,-1,-1,-1,320,6,320,21,packages\glob-stream\index.js,1,474
614,VariableDeclaration,nan,-1,-1,-1,334,8,334,39,packages\glob-stream\index.js,1,475
615,IfStatement,nan,-1,-1,-1,335,8,337,9,packages\glob-stream\index.js,1,476
616,IfStatement,nan,-1,-1,-1,346,6,351,7,packages\glob-stream\index.js,1,477
618,MemberExpression,nan,-1,-1,-1,355,6,355,17,packages\glob-stream\index.js,1,478
619,BlockStatement,nan,-1,-1,-1,72,15,74,7,packages\glob-stream\index.js,1,479
620,Identifier,err,-1,-1,-1,72,10,72,13,packages\glob-stream\index.js,1,480
621,CallExpression,nan,2,-1,-1,76,6,86,8,packages\glob-stream\index.js,1,481
622,CallExpression,nan,0,-1,-1,106,15,106,19,packages\glob-stream\index.js,1,482
623,CallExpression,nan,1,-1,-1,117,15,117,22,packages\glob-stream\index.js,1,483
624,CallExpression,nan,1,-1,-1,130,15,130,29,packages\glob-stream\index.js,1,484
625,CallExpression,nan,1,-1,-1,134,15,134,32,packages\glob-stream\index.js,1,485
627,Identifier,index,-1,-1,-1,149,49,149,54,packages\glob-stream\index.js,1,486
628,BlockStatement,nan,-1,-1,-1,284,24,291,7,packages\glob-stream\index.js,1,487
629,CallExpression,nan,1,-1,-1,284,10,284,22,packages\glob-stream\index.js,1,488
632,Identifier,matcher,-1,-1,-1,317,17,317,24,packages\glob-stream\index.js,1,489
633,BlockStatement,nan,-1,-1,-1,335,22,337,9,packages\glob-stream\index.js,1,490
634,UnaryExpression,nan,1,-1,-1,335,12,335,20,packages\glob-stream\index.js,1,491
635,BlockStatement,nan,-1,-1,-1,346,53,351,7,packages\glob-stream\index.js,1,492
636,LogicalExpression,nan,-1,-1,-1,346,10,346,51,packages\glob-stream\index.js,1,493
637,ReturnStatement,nan,1,-1,-1,73,8,73,23,packages\glob-stream\index.js,1,494
638,Identifier,realpath,-1,-1,-1,76,15,76,23,packages\glob-stream\index.js,1,495
639,FunctionExpression,nan,-1,2,1,76,25,86,7,packages\glob-stream\index.js,1,496
640,MemberExpression,nan,-1,-1,-1,76,6,76,14,packages\glob-stream\index.js,1,497
641,Identifier,cb,-1,-1,-1,106,15,106,17,packages\glob-stream\index.js,1,498
642,Identifier,err,-1,-1,-1,117,18,117,21,packages\glob-stream\index.js,1,499
643,Identifier,cb,-1,-1,-1,117,15,117,17,packages\glob-stream\index.js,1,500
644,Identifier,nextpath,-1,-1,-1,130,20,130,28,packages\glob-stream\index.js,1,501
645,Identifier,walk,-1,-1,-1,130,15,130,19,packages\glob-stream\index.js,1,502
646,Identifier,nextpath,-1,-1,-1,134,23,134,31,packages\glob-stream\index.js,1,503
647,Identifier,resolve,-1,-1,-1,134,15,134,22,packages\glob-stream\index.js,1,504
648,IfStatement,nan,-1,-1,-1,287,8,290,9,packages\glob-stream\index.js,1,505
649,Identifier,glob,-1,-1,-1,284,17,284,21,packages\glob-stream\index.js,1,506
650,Identifier,isGlob,-1,-1,-1,284,10,284,16,packages\glob-stream\index.js,1,507
651,Identifier,filepath,-1,-1,-1,317,25,317,33,packages\glob-stream\index.js,1,508
652,MemberExpression,nan,-1,-1,-1,317,36,317,44,packages\glob-stream\index.js,1,509
654,Identifier,drained,-1,-1,-1,335,13,335,20,packages\glob-stream\index.js,1,510
656,VariableDeclaration,nan,-1,-1,-1,348,8,348,79,packages\glob-stream\index.js,1,511
657,ReturnStatement,nan,1,-1,-1,350,8,350,35,packages\glob-stream\index.js,1,512
659,UnaryExpression,nan,1,-1,-1,346,40,346,51,packages\glob-stream\index.js,1,513
660,CallExpression,nan,1,-1,-1,73,15,73,22,packages\glob-stream\index.js,1,514
661,Identifier,err,-1,-1,-1,76,35,76,38,packages\glob-stream\index.js,1,515
662,Identifier,stat,-1,-1,-1,76,40,76,44,packages\glob-stream\index.js,1,516
664,BlockStatement,nan,-1,-1,-1,76,46,86,7,packages\glob-stream\index.js,1,517
665,BlockStatement,nan,-1,-1,-1,287,34,290,9,packages\glob-stream\index.js,1,518
666,CallExpression,nan,1,-1,-1,287,12,287,32,packages\glob-stream\index.js,1,519
667,CallExpression,nan,0,-1,-1,336,10,336,24,packages\glob-stream\index.js,1,520
668,AssignmentExpression,nan,-1,-1,-1,347,8,347,24,packages\glob-stream\index.js,1,521
669,CallExpression,nan,1,-1,-1,350,15,350,34,packages\glob-stream\index.js,1,522
670,MemberExpression,nan,-1,-1,-1,346,10,346,27,packages\glob-stream\index.js,1,523
672,Identifier,matchFound,-1,-1,-1,346,41,346,51,packages\glob-stream\index.js,1,524
673,Identifier,err,-1,-1,-1,73,18,73,21,packages\glob-stream\index.js,1,525
674,Identifier,cb,-1,-1,-1,73,15,73,17,packages\glob-stream\index.js,1,526
675,IfStatement,nan,-1,-1,-1,77,8,79,9,packages\glob-stream\index.js,1,527
676,IfStatement,nan,-1,-1,-1,81,8,83,9,packages\glob-stream\index.js,1,528
678,VariableDeclaration,nan,-1,-1,-1,288,10,288,38,packages\glob-stream\index.js,1,529
680,Identifier,glob,-1,-1,-1,287,27,287,31,packages\glob-stream\index.js,1,530
681,Identifier,isPositiveGlob,-1,-1,-1,287,12,287,26,packages\glob-stream\index.js,1,531
682,MemberExpression,nan,-1,-1,-1,336,10,336,22,packages\glob-stream\index.js,1,532
683,Identifier,destroyed,-1,-1,-1,347,8,347,17,packages\glob-stream\index.js,1,533
685,Identifier,err,-1,-1,-1,350,30,350,33,packages\glob-stream\index.js,1,534
686,MemberExpression,nan,-1,-1,-1,350,15,350,29,packages\glob-stream\index.js,1,535
687,BlockStatement,nan,-1,-1,-1,77,17,79,9,packages\glob-stream\index.js,1,536
688,Identifier,err,-1,-1,-1,77,12,77,15,packages\glob-stream\index.js,1,537
689,BlockStatement,nan,-1,-1,-1,81,80,83,9,packages\glob-stream\index.js,1,538
690,LogicalExpression,nan,-1,-1,-1,81,12,81,78,packages\glob-stream\index.js,1,539
691,CallExpression,nan,0,-1,-1,85,8,85,12,packages\glob-stream\index.js,1,540
692,CallExpression,nan,1,-1,-1,289,10,289,27,packages\glob-stream\index.js,1,541
693,ReturnStatement,nan,1,-1,-1,78,10,78,25,packages\glob-stream\index.js,1,542
695,CallExpression,nan,0,-1,-1,81,12,81,30,packages\glob-stream\index.js,1,543
696,UnaryExpression,nan,1,-1,-1,81,34,81,78,packages\glob-stream\index.js,1,544
697,Identifier,cb,-1,-1,-1,85,8,85,10,packages\glob-stream\index.js,1,545
698,Identifier,base,-1,-1,-1,289,22,289,26,packages\glob-stream\index.js,1,546
699,MemberExpression,nan,-1,-1,-1,289,10,289,21,packages\glob-stream\index.js,1,547
700,CallExpression,nan,1,-1,-1,78,17,78,24,packages\glob-stream\index.js,1,548
701,CallExpression,nan,1,-1,-1,82,10,82,27,packages\glob-stream\index.js,1,549
702,MemberExpression,nan,-1,-1,-1,81,12,81,28,packages\glob-stream\index.js,1,550
703,CallExpression,nan,1,-1,-1,81,35,81,78,packages\glob-stream\index.js,1,551
704,Identifier,err,-1,-1,-1,78,20,78,23,packages\glob-stream\index.js,1,552
705,Identifier,cb,-1,-1,-1,78,17,78,19,packages\glob-stream\index.js,1,553
706,Identifier,symlinkPath,-1,-1,-1,82,15,82,26,packages\glob-stream\index.js,1,554
707,Identifier,walk,-1,-1,-1,82,10,82,14,packages\glob-stream\index.js,1,555
709,MemberExpression,nan,-1,-1,-1,81,35,81,57,packages\glob-stream\index.js,1,556
710,Identifier,realpath,-1,-1,-1,81,58,81,66,packages\glob-stream\index.js,1,557
711,MemberExpression,nan,-1,-1,-1,81,69,81,77,packages\glob-stream\index.js,1,558
712,Program,nan,-1,-1,-1,1,0,1288,25,packages\glob-stream\test\index.js,1,559
714,VariableDeclaration,nan,-1,-1,-1,3,0,3,27,packages\glob-stream\test\index.js,1,560
715,VariableDeclaration,nan,-1,-1,-1,4,0,4,31,packages\glob-stream\test\index.js,1,561
716,VariableDeclaration,nan,-1,-1,-1,5,0,5,29,packages\glob-stream\test\index.js,1,562
717,VariableDeclaration,nan,-1,-1,-1,8,0,8,23,packages\glob-stream\test\index.js,1,563
718,VariableDeclaration,nan,-1,-1,-1,9,0,9,23,packages\glob-stream\test\index.js,1,564
719,VariableDeclaration,nan,-1,-1,-1,11,0,11,32,packages\glob-stream\test\index.js,1,565
720,FunctionDeclaration,nan,-1,1,1,13,0,15,1,packages\glob-stream\test\index.js,1,566
721,VariableDeclaration,nan,-1,-1,-1,17,0,17,35,packages\glob-stream\test\index.js,1,567
722,VariableDeclaration,nan,-1,-1,-1,18,0,18,31,packages\glob-stream\test\index.js,1,568
723,FunctionDeclaration,nan,-1,1,0,20,0,1284,1,packages\glob-stream\test\index.js,1,569
728,Identifier,deWindows,-1,-1,-1,13,9,13,18,packages\glob-stream\test\index.js,1,570
729,Identifier,p,-1,-1,-1,13,19,13,20,packages\glob-stream\test\index.js,1,571
731,BlockStatement,nan,-1,-1,-1,13,22,15,1,packages\glob-stream\test\index.js,1,572
732,Identifier,suite,-1,-1,-1,20,9,20,14,packages\glob-stream\test\index.js,1,573
733,Identifier,moduleName,-1,-1,-1,20,15,20,25,packages\glob-stream\test\index.js,1,574
735,BlockStatement,nan,-1,-1,-1,20,27,1284,1,packages\glob-stream\test\index.js,1,575
736,CallExpression,nan,1,-1,-1,1286,0,1286,15,packages\glob-stream\test\index.js,1,576
737,CallExpression,nan,1,-1,-1,1287,0,1287,16,packages\glob-stream\test\index.js,1,577
738,CallExpression,nan,1,-1,-1,1288,0,1288,24,packages\glob-stream\test\index.js,1,578
739,ReturnStatement,nan,1,-1,-1,14,2,14,31,packages\glob-stream\test\index.js,1,579
740,VariableDeclaration,nan,-1,-1,-1,21,2,21,35,packages\glob-stream\test\index.js,1,580
741,FunctionDeclaration,nan,-1,2,1,23,2,44,3,packages\glob-stream\test\index.js,1,581
745,Identifier,suite,-1,-1,-1,1286,0,1286,5,packages\glob-stream\test\index.js,1,582
747,Identifier,suite,-1,-1,-1,1287,0,1287,5,packages\glob-stream\test\index.js,1,583
749,Identifier,suite,-1,-1,-1,1288,0,1288,5,packages\glob-stream\test\index.js,1,584
750,CallExpression,nan,2,-1,-1,14,9,14,30,packages\glob-stream\test\index.js,1,585
751,Identifier,concat,-1,-1,-1,23,11,23,17,packages\glob-stream\test\index.js,1,586
752,Identifier,fn,-1,-1,-1,23,18,23,20,packages\glob-stream\test\index.js,1,587
753,Identifier,timeout,-1,-1,-1,23,22,23,29,packages\glob-stream\test\index.js,1,588
755,BlockStatement,nan,-1,-1,-1,23,31,44,3,packages\glob-stream\test\index.js,1,589
756,CallExpression,nan,2,-1,-1,46,2,915,4,packages\glob-stream\test\index.js,1,590
757,CallExpression,nan,2,-1,-1,917,2,1283,4,packages\glob-stream\test\index.js,1,591
760,MemberExpression,nan,-1,-1,-1,14,9,14,18,packages\glob-stream\test\index.js,1,592
761,VariableDeclaration,nan,-1,-1,-1,24,4,24,19,packages\glob-stream\test\index.js,1,593
762,ReturnStatement,nan,1,-1,-1,25,4,43,7,packages\glob-stream\test\index.js,1,594
764,FunctionExpression,nan,-1,0,0,46,52,915,3,packages\glob-stream\test\index.js,1,595
765,Identifier,describe,-1,-1,-1,46,2,46,10,packages\glob-stream\test\index.js,1,596
767,FunctionExpression,nan,-1,0,0,917,22,1283,3,packages\glob-stream\test\index.js,1,597
768,Identifier,describe,-1,-1,-1,917,2,917,10,packages\glob-stream\test\index.js,1,598
769,NewExpression,nan,1,-1,-1,25,11,43,6,packages\glob-stream\test\index.js,1,599
773,BlockStatement,nan,-1,-1,-1,46,64,915,3,packages\glob-stream\test\index.js,1,600
775,BlockStatement,nan,-1,-1,-1,917,34,1283,3,packages\glob-stream\test\index.js,1,601
776,ObjectExpression,nan,-1,-1,-1,25,31,43,5,packages\glob-stream\test\index.js,1,602
777,MemberExpression,nan,-1,-1,-1,25,15,25,30,packages\glob-stream\test\index.js,1,603
779,Identifier,moduleName,-1,-1,-1,46,34,46,44,packages\glob-stream\test\index.js,1,604
834,CallExpression,nan,2,-1,-1,47,4,63,6,packages\glob-stream\test\index.js,1,605
835,CallExpression,nan,2,-1,-1,65,4,81,6,packages\glob-stream\test\index.js,1,606
836,CallExpression,nan,2,-1,-1,83,4,102,6,packages\glob-stream\test\index.js,1,607
837,CallExpression,nan,2,-1,-1,104,4,120,6,packages\glob-stream\test\index.js,1,608
838,CallExpression,nan,2,-1,-1,122,4,140,6,packages\glob-stream\test\index.js,1,609
839,CallExpression,nan,2,-1,-1,142,4,161,6,packages\glob-stream\test\index.js,1,610
840,CallExpression,nan,2,-1,-1,163,4,187,6,packages\glob-stream\test\index.js,1,611
841,CallExpression,nan,2,-1,-1,189,4,207,6,packages\glob-stream\test\index.js,1,612
842,CallExpression,nan,2,-1,-1,209,4,228,6,packages\glob-stream\test\index.js,1,613
843,CallExpression,nan,2,-1,-1,230,4,268,6,packages\glob-stream\test\index.js,1,614
844,CallExpression,nan,2,-1,-1,270,4,308,6,packages\glob-stream\test\index.js,1,615
845,CallExpression,nan,2,-1,-1,310,4,371,6,packages\glob-stream\test\index.js,1,616
846,CallExpression,nan,2,-1,-1,374,4,399,6,packages\glob-stream\test\index.js,1,617
847,CallExpression,nan,2,-1,-1,401,4,448,6,packages\glob-stream\test\index.js,1,618
848,CallExpression,nan,2,-1,-1,450,4,468,6,packages\glob-stream\test\index.js,1,619
849,CallExpression,nan,2,-1,-1,471,4,487,6,packages\glob-stream\test\index.js,1,620
850,CallExpression,nan,2,-1,-1,489,4,510,6,packages\glob-stream\test\index.js,1,621
851,CallExpression,nan,2,-1,-1,512,4,537,6,packages\glob-stream\test\index.js,1,622
852,CallExpression,nan,2,-1,-1,539,4,573,6,packages\glob-stream\test\index.js,1,623
853,CallExpression,nan,2,-1,-1,575,4,584,6,packages\glob-stream\test\index.js,1,624
854,CallExpression,nan,2,-1,-1,586,4,605,6,packages\glob-stream\test\index.js,1,625
855,CallExpression,nan,2,-1,-1,607,4,622,6,packages\glob-stream\test\index.js,1,626
856,CallExpression,nan,2,-1,-1,624,4,640,6,packages\glob-stream\test\index.js,1,627
857,CallExpression,nan,2,-1,-1,642,4,663,6,packages\glob-stream\test\index.js,1,628
858,CallExpression,nan,2,-1,-1,665,4,683,6,packages\glob-stream\test\index.js,1,629
859,CallExpression,nan,2,-1,-1,685,4,703,6,packages\glob-stream\test\index.js,1,630
860,CallExpression,nan,2,-1,-1,705,4,717,6,packages\glob-stream\test\index.js,1,631
861,CallExpression,nan,2,-1,-1,719,4,731,6,packages\glob-stream\test\index.js,1,632
862,CallExpression,nan,2,-1,-1,733,4,741,6,packages\glob-stream\test\index.js,1,633
863,CallExpression,nan,2,-1,-1,743,4,751,6,packages\glob-stream\test\index.js,1,634
864,CallExpression,nan,2,-1,-1,753,4,760,6,packages\glob-stream\test\index.js,1,635
865,CallExpression,nan,2,-1,-1,762,4,769,6,packages\glob-stream\test\index.js,1,636
866,CallExpression,nan,2,-1,-1,771,4,781,6,packages\glob-stream\test\index.js,1,637
867,CallExpression,nan,2,-1,-1,783,4,797,6,packages\glob-stream\test\index.js,1,638
868,CallExpression,nan,2,-1,-1,799,4,812,6,packages\glob-stream\test\index.js,1,639
869,CallExpression,nan,2,-1,-1,814,4,833,6,packages\glob-stream\test\index.js,1,640
870,CallExpression,nan,2,-1,-1,835,4,889,6,packages\glob-stream\test\index.js,1,641
871,CallExpression,nan,2,-1,-1,891,4,914,6,packages\glob-stream\test\index.js,1,642
872,CallExpression,nan,2,-1,-1,918,4,932,6,packages\glob-stream\test\index.js,1,643
873,CallExpression,nan,2,-1,-1,934,4,958,6,packages\glob-stream\test\index.js,1,644
874,CallExpression,nan,2,-1,-1,960,4,1045,6,packages\glob-stream\test\index.js,1,645
875,CallExpression,nan,2,-1,-1,1047,4,1054,6,packages\glob-stream\test\index.js,1,646
876,CallExpression,nan,2,-1,-1,1056,4,1066,6,packages\glob-stream\test\index.js,1,647
877,CallExpression,nan,2,-1,-1,1068,4,1085,6,packages\glob-stream\test\index.js,1,648
878,CallExpression,nan,2,-1,-1,1087,4,1103,6,packages\glob-stream\test\index.js,1,649
879,CallExpression,nan,2,-1,-1,1105,4,1135,6,packages\glob-stream\test\index.js,1,650
880,CallExpression,nan,2,-1,-1,1137,4,1164,6,packages\glob-stream\test\index.js,1,651
881,CallExpression,nan,2,-1,-1,1166,4,1179,6,packages\glob-stream\test\index.js,1,652
882,CallExpression,nan,2,-1,-1,1181,4,1194,6,packages\glob-stream\test\index.js,1,653
883,CallExpression,nan,2,-1,-1,1196,4,1216,6,packages\glob-stream\test\index.js,1,654
884,CallExpression,nan,2,-1,-1,1218,4,1238,6,packages\glob-stream\test\index.js,1,655
885,CallExpression,nan,2,-1,-1,1240,4,1254,6,packages\glob-stream\test\index.js,1,656
886,CallExpression,nan,2,-1,-1,1256,4,1268,6,packages\glob-stream\test\index.js,1,657
887,CallExpression,nan,2,-1,-1,1270,4,1282,6,packages\glob-stream\test\index.js,1,658
889,FunctionExpression,nan,-1,1,0,47,62,63,5,packages\glob-stream\test\index.js,1,659
890,Identifier,it,-1,-1,-1,47,4,47,6,packages\glob-stream\test\index.js,1,660
892,FunctionExpression,nan,-1,1,0,65,57,81,5,packages\glob-stream\test\index.js,1,661
893,Identifier,it,-1,-1,-1,65,4,65,6,packages\glob-stream\test\index.js,1,662
895,FunctionExpression,nan,-1,1,0,83,80,102,5,packages\glob-stream\test\index.js,1,663
896,Identifier,it,-1,-1,-1,83,4,83,6,packages\glob-stream\test\index.js,1,664
898,FunctionExpression,nan,-1,1,0,104,73,120,5,packages\glob-stream\test\index.js,1,665
899,Identifier,it,-1,-1,-1,104,4,104,6,packages\glob-stream\test\index.js,1,666
901,FunctionExpression,nan,-1,1,0,122,43,140,5,packages\glob-stream\test\index.js,1,667
902,Identifier,it,-1,-1,-1,122,4,122,6,packages\glob-stream\test\index.js,1,668
904,FunctionExpression,nan,-1,1,0,142,49,161,5,packages\glob-stream\test\index.js,1,669
905,Identifier,it,-1,-1,-1,142,4,142,6,packages\glob-stream\test\index.js,1,670
907,FunctionExpression,nan,-1,1,0,163,80,187,5,packages\glob-stream\test\index.js,1,671
908,Identifier,it,-1,-1,-1,163,4,163,6,packages\glob-stream\test\index.js,1,672
910,FunctionExpression,nan,-1,1,0,189,43,207,5,packages\glob-stream\test\index.js,1,673
911,Identifier,it,-1,-1,-1,189,4,189,6,packages\glob-stream\test\index.js,1,674
913,FunctionExpression,nan,-1,1,0,209,49,228,5,packages\glob-stream\test\index.js,1,675
914,Identifier,it,-1,-1,-1,209,4,209,6,packages\glob-stream\test\index.js,1,676
916,FunctionExpression,nan,-1,1,0,230,85,268,5,packages\glob-stream\test\index.js,1,677
917,Identifier,it,-1,-1,-1,230,4,230,6,packages\glob-stream\test\index.js,1,678
919,FunctionExpression,nan,-1,1,0,270,78,308,5,packages\glob-stream\test\index.js,1,679
920,Identifier,it,-1,-1,-1,270,4,270,6,packages\glob-stream\test\index.js,1,680
922,FunctionExpression,nan,-1,1,0,310,81,371,5,packages\glob-stream\test\index.js,1,681
923,Identifier,it,-1,-1,-1,310,4,310,6,packages\glob-stream\test\index.js,1,682
925,FunctionExpression,nan,-1,1,0,374,73,399,5,packages\glob-stream\test\index.js,1,683
926,Identifier,it,-1,-1,-1,374,4,374,6,packages\glob-stream\test\index.js,1,684
928,FunctionExpression,nan,-1,1,0,401,86,448,5,packages\glob-stream\test\index.js,1,685
929,Identifier,it,-1,-1,-1,401,4,401,6,packages\glob-stream\test\index.js,1,686
931,FunctionExpression,nan,-1,1,0,450,62,468,5,packages\glob-stream\test\index.js,1,687
932,Identifier,it,-1,-1,-1,450,4,450,6,packages\glob-stream\test\index.js,1,688
934,FunctionExpression,nan,-1,1,0,471,91,487,5,packages\glob-stream\test\index.js,1,689
935,Identifier,it,-1,-1,-1,471,4,471,6,packages\glob-stream\test\index.js,1,690
937,FunctionExpression,nan,-1,1,0,489,80,510,5,packages\glob-stream\test\index.js,1,691
938,Identifier,it,-1,-1,-1,489,4,489,6,packages\glob-stream\test\index.js,1,692
940,FunctionExpression,nan,-1,1,0,512,79,537,5,packages\glob-stream\test\index.js,1,693
941,Identifier,it,-1,-1,-1,512,4,512,6,packages\glob-stream\test\index.js,1,694
943,FunctionExpression,nan,-1,1,0,539,81,573,5,packages\glob-stream\test\index.js,1,695
944,Identifier,it,-1,-1,-1,539,4,539,6,packages\glob-stream\test\index.js,1,696
946,FunctionExpression,nan,-1,1,0,575,46,584,5,packages\glob-stream\test\index.js,1,697
947,Identifier,it,-1,-1,-1,575,4,575,6,packages\glob-stream\test\index.js,1,698
949,FunctionExpression,nan,-1,1,0,586,41,605,5,packages\glob-stream\test\index.js,1,699
950,Identifier,it,-1,-1,-1,586,4,586,6,packages\glob-stream\test\index.js,1,700
952,FunctionExpression,nan,-1,1,0,607,69,622,5,packages\glob-stream\test\index.js,1,701
953,Identifier,it,-1,-1,-1,607,4,607,6,packages\glob-stream\test\index.js,1,702
955,FunctionExpression,nan,-1,1,0,624,45,640,5,packages\glob-stream\test\index.js,1,703
956,Identifier,it,-1,-1,-1,624,4,624,6,packages\glob-stream\test\index.js,1,704
958,FunctionExpression,nan,-1,1,0,642,36,663,5,packages\glob-stream\test\index.js,1,705
959,Identifier,it,-1,-1,-1,642,4,642,6,packages\glob-stream\test\index.js,1,706
961,FunctionExpression,nan,-1,1,0,665,34,683,5,packages\glob-stream\test\index.js,1,707
962,Identifier,it,-1,-1,-1,665,4,665,6,packages\glob-stream\test\index.js,1,708
964,FunctionExpression,nan,-1,1,0,685,39,703,5,packages\glob-stream\test\index.js,1,709
965,Identifier,it,-1,-1,-1,685,4,685,6,packages\glob-stream\test\index.js,1,710
967,FunctionExpression,nan,-1,1,0,705,87,717,5,packages\glob-stream\test\index.js,1,711
968,Identifier,it,-1,-1,-1,705,4,705,6,packages\glob-stream\test\index.js,1,712
970,FunctionExpression,nan,-1,1,0,719,59,731,5,packages\glob-stream\test\index.js,1,713
971,Identifier,it,-1,-1,-1,719,4,719,6,packages\glob-stream\test\index.js,1,714
973,FunctionExpression,nan,-1,1,0,733,42,741,5,packages\glob-stream\test\index.js,1,715
974,Identifier,it,-1,-1,-1,733,4,733,6,packages\glob-stream\test\index.js,1,716
976,FunctionExpression,nan,-1,1,0,743,42,751,5,packages\glob-stream\test\index.js,1,717
977,Identifier,it,-1,-1,-1,743,4,743,6,packages\glob-stream\test\index.js,1,718
979,FunctionExpression,nan,-1,1,0,753,62,760,5,packages\glob-stream\test\index.js,1,719
980,Identifier,it,-1,-1,-1,753,4,753,6,packages\glob-stream\test\index.js,1,720
982,FunctionExpression,nan,-1,1,0,762,75,769,5,packages\glob-stream\test\index.js,1,721
983,Identifier,it,-1,-1,-1,762,4,762,6,packages\glob-stream\test\index.js,1,722
985,FunctionExpression,nan,-1,1,0,771,74,781,5,packages\glob-stream\test\index.js,1,723
986,Identifier,it,-1,-1,-1,771,4,771,6,packages\glob-stream\test\index.js,1,724
988,FunctionExpression,nan,-1,1,0,783,74,797,5,packages\glob-stream\test\index.js,1,725
989,Identifier,it,-1,-1,-1,783,4,783,6,packages\glob-stream\test\index.js,1,726
991,FunctionExpression,nan,-1,1,0,799,80,812,5,packages\glob-stream\test\index.js,1,727
992,Identifier,it,-1,-1,-1,799,4,799,6,packages\glob-stream\test\index.js,1,728
994,FunctionExpression,nan,-1,1,0,814,60,833,5,packages\glob-stream\test\index.js,1,729
995,Identifier,it,-1,-1,-1,814,4,814,6,packages\glob-stream\test\index.js,1,730
997,FunctionExpression,nan,-1,1,0,835,42,889,5,packages\glob-stream\test\index.js,1,731
998,Identifier,it,-1,-1,-1,835,4,835,6,packages\glob-stream\test\index.js,1,732
1000,FunctionExpression,nan,-1,1,0,891,35,914,5,packages\glob-stream\test\index.js,1,733
1001,Identifier,it,-1,-1,-1,891,4,891,6,packages\glob-stream\test\index.js,1,734
1003,FunctionExpression,nan,-1,1,0,918,37,932,5,packages\glob-stream\test\index.js,1,735
1004,Identifier,it,-1,-1,-1,918,4,918,6,packages\glob-stream\test\index.js,1,736
1006,FunctionExpression,nan,-1,1,0,934,36,958,5,packages\glob-stream\test\index.js,1,737
1007,Identifier,it,-1,-1,-1,934,4,934,6,packages\glob-stream\test\index.js,1,738
1009,FunctionExpression,nan,-1,0,0,960,23,1045,5,packages\glob-stream\test\index.js,1,739
1010,Identifier,describe,-1,-1,-1,960,4,960,12,packages\glob-stream\test\index.js,1,740
1012,FunctionExpression,nan,-1,1,0,1047,49,1054,5,packages\glob-stream\test\index.js,1,741
1013,Identifier,it,-1,-1,-1,1047,4,1047,6,packages\glob-stream\test\index.js,1,742
1015,FunctionExpression,nan,-1,1,0,1056,52,1066,5,packages\glob-stream\test\index.js,1,743
1016,Identifier,it,-1,-1,-1,1056,4,1056,6,packages\glob-stream\test\index.js,1,744
1018,FunctionExpression,nan,-1,1,0,1068,52,1085,5,packages\glob-stream\test\index.js,1,745
1019,Identifier,it,-1,-1,-1,1068,4,1068,6,packages\glob-stream\test\index.js,1,746
1021,FunctionExpression,nan,-1,1,0,1087,30,1103,5,packages\glob-stream\test\index.js,1,747
1022,Identifier,it,-1,-1,-1,1087,4,1087,6,packages\glob-stream\test\index.js,1,748
1024,FunctionExpression,nan,-1,1,0,1105,25,1135,5,packages\glob-stream\test\index.js,1,749
1025,Identifier,it,-1,-1,-1,1105,4,1105,6,packages\glob-stream\test\index.js,1,750
1027,FunctionExpression,nan,-1,1,0,1137,47,1164,5,packages\glob-stream\test\index.js,1,751
1028,Identifier,it,-1,-1,-1,1137,4,1137,6,packages\glob-stream\test\index.js,1,752
1030,FunctionExpression,nan,-1,1,0,1166,65,1179,5,packages\glob-stream\test\index.js,1,753
1031,Identifier,it,-1,-1,-1,1166,4,1166,6,packages\glob-stream\test\index.js,1,754
1033,FunctionExpression,nan,-1,1,0,1181,94,1194,5,packages\glob-stream\test\index.js,1,755
1034,Identifier,it,-1,-1,-1,1181,4,1181,6,packages\glob-stream\test\index.js,1,756
1036,FunctionExpression,nan,-1,1,0,1196,47,1216,5,packages\glob-stream\test\index.js,1,757
1037,Identifier,it,-1,-1,-1,1196,4,1196,6,packages\glob-stream\test\index.js,1,758
1039,FunctionExpression,nan,-1,1,0,1218,70,1238,5,packages\glob-stream\test\index.js,1,759
1040,Identifier,it,-1,-1,-1,1218,4,1218,6,packages\glob-stream\test\index.js,1,760
1042,FunctionExpression,nan,-1,1,0,1240,73,1254,5,packages\glob-stream\test\index.js,1,761
1043,Identifier,it,-1,-1,-1,1240,4,1240,6,packages\glob-stream\test\index.js,1,762
1045,FunctionExpression,nan,-1,1,0,1256,54,1268,5,packages\glob-stream\test\index.js,1,763
1046,Identifier,it,-1,-1,-1,1256,4,1256,6,packages\glob-stream\test\index.js,1,764
1048,FunctionExpression,nan,-1,1,0,1270,54,1282,5,packages\glob-stream\test\index.js,1,765
1049,Identifier,it,-1,-1,-1,1270,4,1270,6,packages\glob-stream\test\index.js,1,766
1050,Identifier,done,-1,-1,-1,47,72,47,76,packages\glob-stream\test\index.js,1,767
1052,BlockStatement,nan,-1,-1,-1,47,78,63,5,packages\glob-stream\test\index.js,1,768
1053,Identifier,done,-1,-1,-1,65,67,65,71,packages\glob-stream\test\index.js,1,769
1055,BlockStatement,nan,-1,-1,-1,65,73,81,5,packages\glob-stream\test\index.js,1,770
1056,Identifier,done,-1,-1,-1,83,90,83,94,packages\glob-stream\test\index.js,1,771
1058,BlockStatement,nan,-1,-1,-1,83,96,102,5,packages\glob-stream\test\index.js,1,772
1059,Identifier,done,-1,-1,-1,104,83,104,87,packages\glob-stream\test\index.js,1,773
1061,BlockStatement,nan,-1,-1,-1,104,89,120,5,packages\glob-stream\test\index.js,1,774
1062,Identifier,done,-1,-1,-1,122,53,122,57,packages\glob-stream\test\index.js,1,775
1064,BlockStatement,nan,-1,-1,-1,122,59,140,5,packages\glob-stream\test\index.js,1,776
1065,Identifier,done,-1,-1,-1,142,59,142,63,packages\glob-stream\test\index.js,1,777
1067,BlockStatement,nan,-1,-1,-1,142,65,161,5,packages\glob-stream\test\index.js,1,778
1068,Identifier,done,-1,-1,-1,163,90,163,94,packages\glob-stream\test\index.js,1,779
1070,BlockStatement,nan,-1,-1,-1,163,96,187,5,packages\glob-stream\test\index.js,1,780
1071,Identifier,done,-1,-1,-1,189,53,189,57,packages\glob-stream\test\index.js,1,781
1073,BlockStatement,nan,-1,-1,-1,189,59,207,5,packages\glob-stream\test\index.js,1,782
1074,Identifier,done,-1,-1,-1,209,59,209,63,packages\glob-stream\test\index.js,1,783
1076,BlockStatement,nan,-1,-1,-1,209,65,228,5,packages\glob-stream\test\index.js,1,784
1077,Identifier,done,-1,-1,-1,230,95,230,99,packages\glob-stream\test\index.js,1,785
1079,BlockStatement,nan,-1,-1,-1,230,101,268,5,packages\glob-stream\test\index.js,1,786
1080,Identifier,done,-1,-1,-1,270,88,270,92,packages\glob-stream\test\index.js,1,787
1082,BlockStatement,nan,-1,-1,-1,270,94,308,5,packages\glob-stream\test\index.js,1,788
1083,Identifier,done,-1,-1,-1,310,91,310,95,packages\glob-stream\test\index.js,1,789
1085,BlockStatement,nan,-1,-1,-1,310,97,371,5,packages\glob-stream\test\index.js,1,790
1086,Identifier,done,-1,-1,-1,374,83,374,87,packages\glob-stream\test\index.js,1,791
1088,BlockStatement,nan,-1,-1,-1,374,89,399,5,packages\glob-stream\test\index.js,1,792
1089,Identifier,done,-1,-1,-1,401,96,401,100,packages\glob-stream\test\index.js,1,793
1091,BlockStatement,nan,-1,-1,-1,401,102,448,5,packages\glob-stream\test\index.js,1,794
1092,Identifier,done,-1,-1,-1,450,72,450,76,packages\glob-stream\test\index.js,1,795
1094,BlockStatement,nan,-1,-1,-1,450,78,468,5,packages\glob-stream\test\index.js,1,796
1095,Identifier,done,-1,-1,-1,471,101,471,105,packages\glob-stream\test\index.js,1,797
1097,BlockStatement,nan,-1,-1,-1,471,107,487,5,packages\glob-stream\test\index.js,1,798
1098,Identifier,done,-1,-1,-1,489,90,489,94,packages\glob-stream\test\index.js,1,799
1100,BlockStatement,nan,-1,-1,-1,489,96,510,5,packages\glob-stream\test\index.js,1,800
1101,Identifier,done,-1,-1,-1,512,89,512,93,packages\glob-stream\test\index.js,1,801
1103,BlockStatement,nan,-1,-1,-1,512,95,537,5,packages\glob-stream\test\index.js,1,802
1104,Identifier,done,-1,-1,-1,539,91,539,95,packages\glob-stream\test\index.js,1,803
1106,BlockStatement,nan,-1,-1,-1,539,97,573,5,packages\glob-stream\test\index.js,1,804
1107,Identifier,done,-1,-1,-1,575,56,575,60,packages\glob-stream\test\index.js,1,805
1109,BlockStatement,nan,-1,-1,-1,575,62,584,5,packages\glob-stream\test\index.js,1,806
1110,Identifier,done,-1,-1,-1,586,51,586,55,packages\glob-stream\test\index.js,1,807
1112,BlockStatement,nan,-1,-1,-1,586,57,605,5,packages\glob-stream\test\index.js,1,808
1113,Identifier,done,-1,-1,-1,607,79,607,83,packages\glob-stream\test\index.js,1,809
1115,BlockStatement,nan,-1,-1,-1,607,85,622,5,packages\glob-stream\test\index.js,1,810
1116,Identifier,done,-1,-1,-1,624,55,624,59,packages\glob-stream\test\index.js,1,811
1118,BlockStatement,nan,-1,-1,-1,624,61,640,5,packages\glob-stream\test\index.js,1,812
1119,Identifier,done,-1,-1,-1,642,46,642,50,packages\glob-stream\test\index.js,1,813
1121,BlockStatement,nan,-1,-1,-1,642,52,663,5,packages\glob-stream\test\index.js,1,814
1122,Identifier,done,-1,-1,-1,665,44,665,48,packages\glob-stream\test\index.js,1,815
1124,BlockStatement,nan,-1,-1,-1,665,50,683,5,packages\glob-stream\test\index.js,1,816
1125,Identifier,done,-1,-1,-1,685,49,685,53,packages\glob-stream\test\index.js,1,817
1127,BlockStatement,nan,-1,-1,-1,685,55,703,5,packages\glob-stream\test\index.js,1,818
1128,Identifier,done,-1,-1,-1,705,97,705,101,packages\glob-stream\test\index.js,1,819
1130,BlockStatement,nan,-1,-1,-1,705,103,717,5,packages\glob-stream\test\index.js,1,820
1131,Identifier,done,-1,-1,-1,719,69,719,73,packages\glob-stream\test\index.js,1,821
1133,BlockStatement,nan,-1,-1,-1,719,75,731,5,packages\glob-stream\test\index.js,1,822
1134,Identifier,done,-1,-1,-1,733,52,733,56,packages\glob-stream\test\index.js,1,823
1136,BlockStatement,nan,-1,-1,-1,733,58,741,5,packages\glob-stream\test\index.js,1,824
1137,Identifier,done,-1,-1,-1,743,52,743,56,packages\glob-stream\test\index.js,1,825
1139,BlockStatement,nan,-1,-1,-1,743,58,751,5,packages\glob-stream\test\index.js,1,826
1140,Identifier,done,-1,-1,-1,753,72,753,76,packages\glob-stream\test\index.js,1,827
1142,BlockStatement,nan,-1,-1,-1,753,78,760,5,packages\glob-stream\test\index.js,1,828
1143,Identifier,done,-1,-1,-1,762,85,762,89,packages\glob-stream\test\index.js,1,829
1145,BlockStatement,nan,-1,-1,-1,762,91,769,5,packages\glob-stream\test\index.js,1,830
1146,Identifier,done,-1,-1,-1,771,84,771,88,packages\glob-stream\test\index.js,1,831
1148,BlockStatement,nan,-1,-1,-1,771,90,781,5,packages\glob-stream\test\index.js,1,832
1149,Identifier,done,-1,-1,-1,783,84,783,88,packages\glob-stream\test\index.js,1,833
1151,BlockStatement,nan,-1,-1,-1,783,90,797,5,packages\glob-stream\test\index.js,1,834
1152,Identifier,done,-1,-1,-1,799,90,799,94,packages\glob-stream\test\index.js,1,835
1154,BlockStatement,nan,-1,-1,-1,799,96,812,5,packages\glob-stream\test\index.js,1,836
1155,Identifier,done,-1,-1,-1,814,70,814,74,packages\glob-stream\test\index.js,1,837
1157,BlockStatement,nan,-1,-1,-1,814,76,833,5,packages\glob-stream\test\index.js,1,838
1158,Identifier,done,-1,-1,-1,835,52,835,56,packages\glob-stream\test\index.js,1,839
1160,BlockStatement,nan,-1,-1,-1,835,58,889,5,packages\glob-stream\test\index.js,1,840
1161,Identifier,done,-1,-1,-1,891,45,891,49,packages\glob-stream\test\index.js,1,841
1163,BlockStatement,nan,-1,-1,-1,891,51,914,5,packages\glob-stream\test\index.js,1,842
1164,Identifier,done,-1,-1,-1,918,47,918,51,packages\glob-stream\test\index.js,1,843
1166,BlockStatement,nan,-1,-1,-1,918,53,932,5,packages\glob-stream\test\index.js,1,844
1167,Identifier,done,-1,-1,-1,934,46,934,50,packages\glob-stream\test\index.js,1,845
1169,BlockStatement,nan,-1,-1,-1,934,52,958,5,packages\glob-stream\test\index.js,1,846
1171,BlockStatement,nan,-1,-1,-1,960,35,1045,5,packages\glob-stream\test\index.js,1,847
1172,Identifier,done,-1,-1,-1,1047,59,1047,63,packages\glob-stream\test\index.js,1,848
1174,BlockStatement,nan,-1,-1,-1,1047,65,1054,5,packages\glob-stream\test\index.js,1,849
1175,Identifier,done,-1,-1,-1,1056,62,1056,66,packages\glob-stream\test\index.js,1,850
1177,BlockStatement,nan,-1,-1,-1,1056,68,1066,5,packages\glob-stream\test\index.js,1,851
1178,Identifier,done,-1,-1,-1,1068,62,1068,66,packages\glob-stream\test\index.js,1,852
1180,BlockStatement,nan,-1,-1,-1,1068,68,1085,5,packages\glob-stream\test\index.js,1,853
1181,Identifier,done,-1,-1,-1,1087,40,1087,44,packages\glob-stream\test\index.js,1,854
1183,BlockStatement,nan,-1,-1,-1,1087,46,1103,5,packages\glob-stream\test\index.js,1,855
1184,Identifier,done,-1,-1,-1,1105,35,1105,39,packages\glob-stream\test\index.js,1,856
1186,BlockStatement,nan,-1,-1,-1,1105,41,1135,5,packages\glob-stream\test\index.js,1,857
1187,Identifier,done,-1,-1,-1,1137,57,1137,61,packages\glob-stream\test\index.js,1,858
1189,BlockStatement,nan,-1,-1,-1,1137,63,1164,5,packages\glob-stream\test\index.js,1,859
1190,Identifier,done,-1,-1,-1,1166,75,1166,79,packages\glob-stream\test\index.js,1,860
1192,BlockStatement,nan,-1,-1,-1,1166,81,1179,5,packages\glob-stream\test\index.js,1,861
1193,Identifier,done,-1,-1,-1,1181,104,1181,108,packages\glob-stream\test\index.js,1,862
1195,BlockStatement,nan,-1,-1,-1,1181,110,1194,5,packages\glob-stream\test\index.js,1,863
1196,Identifier,done,-1,-1,-1,1196,57,1196,61,packages\glob-stream\test\index.js,1,864
1198,BlockStatement,nan,-1,-1,-1,1196,63,1216,5,packages\glob-stream\test\index.js,1,865
1199,Identifier,done,-1,-1,-1,1218,80,1218,84,packages\glob-stream\test\index.js,1,866
1201,BlockStatement,nan,-1,-1,-1,1218,86,1238,5,packages\glob-stream\test\index.js,1,867
1202,Identifier,done,-1,-1,-1,1240,83,1240,87,packages\glob-stream\test\index.js,1,868
1204,BlockStatement,nan,-1,-1,-1,1240,89,1254,5,packages\glob-stream\test\index.js,1,869
1205,Identifier,done,-1,-1,-1,1256,64,1256,68,packages\glob-stream\test\index.js,1,870
1207,BlockStatement,nan,-1,-1,-1,1256,70,1268,5,packages\glob-stream\test\index.js,1,871
1208,Identifier,done,-1,-1,-1,1270,64,1270,68,packages\glob-stream\test\index.js,1,872
1210,BlockStatement,nan,-1,-1,-1,1270,70,1282,5,packages\glob-stream\test\index.js,1,873
1211,VariableDeclaration,nan,-1,-1,-1,48,6,52,8,packages\glob-stream\test\index.js,1,874
1212,FunctionDeclaration,nan,-1,1,0,54,6,57,7,packages\glob-stream\test\index.js,1,875
1214,VariableDeclaration,nan,-1,-1,-1,66,6,70,8,packages\glob-stream\test\index.js,1,876
1215,FunctionDeclaration,nan,-1,1,0,72,6,75,7,packages\glob-stream\test\index.js,1,877
1217,VariableDeclaration,nan,-1,-1,-1,84,6,88,8,packages\glob-stream\test\index.js,1,878
1218,FunctionDeclaration,nan,-1,1,0,90,6,93,7,packages\glob-stream\test\index.js,1,879
1220,VariableDeclaration,nan,-1,-1,-1,105,6,109,8,packages\glob-stream\test\index.js,1,880
1221,FunctionDeclaration,nan,-1,1,0,111,6,114,7,packages\glob-stream\test\index.js,1,881
1223,VariableDeclaration,nan,-1,-1,-1,123,6,123,47,packages\glob-stream\test\index.js,1,882
1224,VariableDeclaration,nan,-1,-1,-1,125,6,129,8,packages\glob-stream\test\index.js,1,883
1225,FunctionDeclaration,nan,-1,1,0,131,6,134,7,packages\glob-stream\test\index.js,1,884
1227,VariableDeclaration,nan,-1,-1,-1,143,6,147,8,packages\glob-stream\test\index.js,1,885
1228,FunctionDeclaration,nan,-1,1,0,149,6,152,7,packages\glob-stream\test\index.js,1,886
1230,VariableDeclaration,nan,-1,-1,-1,164,6,175,8,packages\glob-stream\test\index.js,1,887
1231,FunctionDeclaration,nan,-1,1,0,177,6,181,7,packages\glob-stream\test\index.js,1,888
1233,VariableDeclaration,nan,-1,-1,-1,190,6,190,49,packages\glob-stream\test\index.js,1,889
1234,VariableDeclaration,nan,-1,-1,-1,192,6,196,8,packages\glob-stream\test\index.js,1,890
1235,FunctionDeclaration,nan,-1,1,0,198,6,201,7,packages\glob-stream\test\index.js,1,891
1237,VariableDeclaration,nan,-1,-1,-1,210,6,214,8,packages\glob-stream\test\index.js,1,892
1238,FunctionDeclaration,nan,-1,1,0,216,6,219,7,packages\glob-stream\test\index.js,1,893
1240,VariableDeclaration,nan,-1,-1,-1,231,6,231,35,packages\glob-stream\test\index.js,1,894
1241,VariableDeclaration,nan,-1,-1,-1,233,6,249,8,packages\glob-stream\test\index.js,1,895
1242,VariableDeclaration,nan,-1,-1,-1,251,6,255,8,packages\glob-stream\test\index.js,1,896
1243,FunctionDeclaration,nan,-1,1,0,257,6,262,7,packages\glob-stream\test\index.js,1,897
1245,VariableDeclaration,nan,-1,-1,-1,271,6,271,35,packages\glob-stream\test\index.js,1,898
1246,VariableDeclaration,nan,-1,-1,-1,273,6,289,8,packages\glob-stream\test\index.js,1,899
1247,VariableDeclaration,nan,-1,-1,-1,291,6,295,8,packages\glob-stream\test\index.js,1,900
1248,FunctionDeclaration,nan,-1,1,0,297,6,302,7,packages\glob-stream\test\index.js,1,901
1250,VariableDeclaration,nan,-1,-1,-1,311,6,350,8,packages\glob-stream\test\index.js,1,902
1251,VariableDeclaration,nan,-1,-1,-1,352,6,357,8,packages\glob-stream\test\index.js,1,903
1252,FunctionDeclaration,nan,-1,1,0,359,6,368,7,packages\glob-stream\test\index.js,1,904
1254,IfStatement,nan,-1,-1,-1,375,6,377,7,packages\glob-stream\test\index.js,1,905
1256,VariableDeclaration,nan,-1,-1,-1,380,6,380,57,packages\glob-stream\test\index.js,1,906
1258,ForStatement,nan,-1,-1,-1,383,6,385,7,packages\glob-stream\test\index.js,1,907
1259,FunctionDeclaration,nan,-1,1,0,387,6,394,7,packages\glob-stream\test\index.js,1,908
1260,VariableDeclaration,nan,-1,-1,-1,396,6,396,48,packages\glob-stream\test\index.js,1,909
1262,VariableDeclaration,nan,-1,-1,-1,402,6,402,68,packages\glob-stream\test\index.js,1,910
1264,VariableDeclaration,nan,-1,-1,-1,405,6,405,39,packages\glob-stream\test\index.js,1,911
1265,VariableDeclaration,nan,-1,-1,-1,407,6,429,8,packages\glob-stream\test\index.js,1,912
1266,VariableDeclaration,nan,-1,-1,-1,431,6,436,8,packages\glob-stream\test\index.js,1,913
1267,FunctionDeclaration,nan,-1,1,0,438,6,445,7,packages\glob-stream\test\index.js,1,914
1269,VariableDeclaration,nan,-1,-1,-1,451,6,451,34,packages\glob-stream\test\index.js,1,915
1271,VariableDeclaration,nan,-1,-1,-1,454,6,458,8,packages\glob-stream\test\index.js,1,916
1272,FunctionDeclaration,nan,-1,1,0,460,6,465,7,packages\glob-stream\test\index.js,1,917
1275,VariableDeclaration,nan,-1,-1,-1,475,6,479,8,packages\glob-stream\test\index.js,1,918
1276,FunctionDeclaration,nan,-1,1,0,481,6,484,7,packages\glob-stream\test\index.js,1,919
1278,VariableDeclaration,nan,-1,-1,-1,490,6,494,8,packages\glob-stream\test\index.js,1,920
1279,FunctionDeclaration,nan,-1,1,0,496,6,499,7,packages\glob-stream\test\index.js,1,921
1281,VariableDeclaration,nan,-1,-1,-1,513,6,517,8,packages\glob-stream\test\index.js,1,922
1282,FunctionDeclaration,nan,-1,1,0,519,6,522,7,packages\glob-stream\test\index.js,1,923
1284,VariableDeclaration,nan,-1,-1,-1,540,6,551,8,packages\glob-stream\test\index.js,1,924
1285,VariableDeclaration,nan,-1,-1,-1,553,6,555,8,packages\glob-stream\test\index.js,1,925
1286,FunctionDeclaration,nan,-1,1,0,557,6,561,7,packages\glob-stream\test\index.js,1,926
1288,FunctionDeclaration,nan,-1,1,0,576,6,578,7,packages\glob-stream\test\index.js,1,927
1290,VariableDeclaration,nan,-1,-1,-1,587,6,591,8,packages\glob-stream\test\index.js,1,928
1291,FunctionDeclaration,nan,-1,1,0,593,6,596,7,packages\glob-stream\test\index.js,1,929
1293,FunctionDeclaration,nan,-1,1,0,608,6,610,7,packages\glob-stream\test\index.js,1,930
1295,VariableDeclaration,nan,-1,-1,-1,625,6,629,8,packages\glob-stream\test\index.js,1,931
1296,FunctionDeclaration,nan,-1,1,0,631,6,634,7,packages\glob-stream\test\index.js,1,932
1298,VariableDeclaration,nan,-1,-1,-1,643,6,647,8,packages\glob-stream\test\index.js,1,933
1299,FunctionDeclaration,nan,-1,1,0,649,6,652,7,packages\glob-stream\test\index.js,1,934
1301,VariableDeclaration,nan,-1,-1,-1,666,6,670,8,packages\glob-stream\test\index.js,1,935
1302,VariableDeclaration,nan,-1,-1,-1,672,6,675,8,packages\glob-stream\test\index.js,1,936
1303,FunctionDeclaration,nan,-1,1,0,677,6,680,7,packages\glob-stream\test\index.js,1,937
1305,VariableDeclaration,nan,-1,-1,-1,686,6,690,8,packages\glob-stream\test\index.js,1,938
1306,VariableDeclaration,nan,-1,-1,-1,692,6,695,8,packages\glob-stream\test\index.js,1,939
1307,FunctionDeclaration,nan,-1,1,0,697,6,700,7,packages\glob-stream\test\index.js,1,940
1309,FunctionDeclaration,nan,-1,1,0,706,6,708,7,packages\glob-stream\test\index.js,1,941
1311,VariableDeclaration,nan,-1,-1,-1,720,6,724,8,packages\glob-stream\test\index.js,1,942
1312,FunctionDeclaration,nan,-1,1,0,726,6,728,7,packages\glob-stream\test\index.js,1,943
1320,FunctionDeclaration,nan,-1,1,0,754,6,757,7,packages\glob-stream\test\index.js,1,944
1322,FunctionDeclaration,nan,-1,1,0,763,6,766,7,packages\glob-stream\test\index.js,1,945
1324,FunctionDeclaration,nan,-1,1,0,772,6,775,7,packages\glob-stream\test\index.js,1,946
1326,FunctionDeclaration,nan,-1,1,0,784,6,788,7,packages\glob-stream\test\index.js,1,947
1328,FunctionDeclaration,nan,-1,1,0,800,6,803,7,packages\glob-stream\test\index.js,1,948
1330,VariableDeclaration,nan,-1,-1,-1,815,6,819,8,packages\glob-stream\test\index.js,1,949
1331,FunctionDeclaration,nan,-1,1,0,821,6,824,7,packages\glob-stream\test\index.js,1,950
1333,VariableDeclaration,nan,-1,-1,-1,836,6,870,8,packages\glob-stream\test\index.js,1,951
1334,FunctionDeclaration,nan,-1,1,0,872,6,880,7,packages\glob-stream\test\index.js,1,952
1336,VariableDeclaration,nan,-1,-1,-1,892,6,892,61,packages\glob-stream\test\index.js,1,953
1337,FunctionDeclaration,nan,-1,0,0,894,6,911,7,packages\glob-stream\test\index.js,1,954
1339,VariableDeclaration,nan,-1,-1,-1,919,6,923,8,packages\glob-stream\test\index.js,1,955
1340,VariableDeclaration,nan,-1,-1,-1,925,6,925,20,packages\glob-stream\test\index.js,1,956
1341,VariableDeclaration,nan,-1,-1,-1,927,6,927,65,packages\glob-stream\test\index.js,1,957
1357,FunctionDeclaration,nan,-1,1,0,1048,6,1051,7,packages\glob-stream\test\index.js,1,958
1359,VariableDeclaration,nan,-1,-1,-1,1057,6,1057,52,packages\glob-stream\test\index.js,1,959
1361,TryStatement,nan,-1,-1,-1,1060,6,1065,7,packages\glob-stream\test\index.js,1,960
1362,VariableDeclaration,nan,-1,-1,-1,1069,6,1073,8,packages\glob-stream\test\index.js,1,961
1363,VariableDeclaration,nan,-1,-1,-1,1075,6,1075,66,packages\glob-stream\test\index.js,1,962
1365,FunctionDeclaration,nan,-1,1,0,1079,6,1082,7,packages\glob-stream\test\index.js,1,963
1367,VariableDeclaration,nan,-1,-1,-1,1088,6,1092,8,packages\glob-stream\test\index.js,1,964
1368,FunctionDeclaration,nan,-1,1,0,1094,6,1097,7,packages\glob-stream\test\index.js,1,965
1370,VariableDeclaration,nan,-1,-1,-1,1106,6,1122,8,packages\glob-stream\test\index.js,1,966
1371,FunctionDeclaration,nan,-1,1,0,1124,6,1129,7,packages\glob-stream\test\index.js,1,967
1373,VariableDeclaration,nan,-1,-1,-1,1138,6,1141,9,packages\glob-stream\test\index.js,1,968
1374,FunctionDeclaration,nan,-1,3,0,1143,6,1147,7,packages\glob-stream\test\index.js,1,969
1375,FunctionDeclaration,nan,-1,1,0,1149,6,1151,7,packages\glob-stream\test\index.js,1,970
1377,VariableDeclaration,nan,-1,-1,-1,1167,6,1167,52,packages\glob-stream\test\index.js,1,971
1378,VariableDeclaration,nan,-1,-1,-1,1169,6,1169,41,packages\glob-stream\test\index.js,1,972
1379,FunctionDeclaration,nan,-1,1,0,1171,6,1176,7,packages\glob-stream\test\index.js,1,973
1381,VariableDeclaration,nan,-1,-1,-1,1182,6,1182,67,packages\glob-stream\test\index.js,1,974
1382,VariableDeclaration,nan,-1,-1,-1,1184,6,1184,41,packages\glob-stream\test\index.js,1,975
1383,FunctionDeclaration,nan,-1,1,0,1186,6,1191,7,packages\glob-stream\test\index.js,1,976
1385,VariableDeclaration,nan,-1,-1,-1,1197,6,1197,53,packages\glob-stream\test\index.js,1,977
1386,VariableDeclaration,nan,-1,-1,-1,1199,6,1199,63,packages\glob-stream\test\index.js,1,978
1387,FunctionDeclaration,nan,-1,3,0,1201,6,1203,7,packages\glob-stream\test\index.js,1,979
1388,VariableDeclaration,nan,-1,-1,-1,1205,6,1205,41,packages\glob-stream\test\index.js,1,980
1390,FunctionDeclaration,nan,-1,1,0,1208,6,1213,7,packages\glob-stream\test\index.js,1,981
1392,VariableDeclaration,nan,-1,-1,-1,1219,6,1219,53,packages\glob-stream\test\index.js,1,982
1393,VariableDeclaration,nan,-1,-1,-1,1221,6,1221,63,packages\glob-stream\test\index.js,1,983
1394,FunctionDeclaration,nan,-1,2,0,1223,6,1225,7,packages\glob-stream\test\index.js,1,984
1395,VariableDeclaration,nan,-1,-1,-1,1227,6,1227,41,packages\glob-stream\test\index.js,1,985
1397,FunctionDeclaration,nan,-1,1,0,1230,6,1235,7,packages\glob-stream\test\index.js,1,986
1399,VariableDeclaration,nan,-1,-1,-1,1241,6,1241,63,packages\glob-stream\test\index.js,1,987
1400,VariableDeclaration,nan,-1,-1,-1,1243,6,1243,28,packages\glob-stream\test\index.js,1,988
1405,VariableDeclaration,nan,-1,-1,-1,1259,6,1261,9,packages\glob-stream\test\index.js,1,989
1406,FunctionDeclaration,nan,-1,1,0,1263,6,1265,7,packages\glob-stream\test\index.js,1,990
1409,VariableDeclaration,nan,-1,-1,-1,1273,6,1275,9,packages\glob-stream\test\index.js,1,991
1410,FunctionDeclaration,nan,-1,1,0,1277,6,1279,7,packages\glob-stream\test\index.js,1,992
1412,Identifier,assert,-1,-1,-1,54,15,54,21,packages\glob-stream\test\index.js,1,993
1413,Identifier,pathObjs,-1,-1,-1,54,22,54,30,packages\glob-stream\test\index.js,1,994
1415,BlockStatement,nan,-1,-1,-1,54,32,57,7,packages\glob-stream\test\index.js,1,995
1416,CallExpression,nan,2,-1,-1,59,6,62,7,packages\glob-stream\test\index.js,1,996
1417,Identifier,assert,-1,-1,-1,72,15,72,21,packages\glob-stream\test\index.js,1,997
1418,Identifier,pathObjs,-1,-1,-1,72,22,72,30,packages\glob-stream\test\index.js,1,998
1420,BlockStatement,nan,-1,-1,-1,72,32,75,7,packages\glob-stream\test\index.js,1,999
1421,CallExpression,nan,2,-1,-1,77,6,80,7,packages\glob-stream\test\index.js,1,1000
1422,Identifier,assert,-1,-1,-1,90,15,90,21,packages\glob-stream\test\index.js,1,1001
1423,Identifier,pathObjs,-1,-1,-1,90,22,90,30,packages\glob-stream\test\index.js,1,1002
1425,BlockStatement,nan,-1,-1,-1,90,32,93,7,packages\glob-stream\test\index.js,1,1003
1426,CallExpression,nan,2,-1,-1,95,6,101,7,packages\glob-stream\test\index.js,1,1004
1427,Identifier,assert,-1,-1,-1,111,15,111,21,packages\glob-stream\test\index.js,1,1005
1428,Identifier,pathObjs,-1,-1,-1,111,22,111,30,packages\glob-stream\test\index.js,1,1006
1430,BlockStatement,nan,-1,-1,-1,111,32,114,7,packages\glob-stream\test\index.js,1,1007
1431,CallExpression,nan,2,-1,-1,116,6,119,7,packages\glob-stream\test\index.js,1,1008
1432,Identifier,assert,-1,-1,-1,131,15,131,21,packages\glob-stream\test\index.js,1,1009
1433,Identifier,pathObjs,-1,-1,-1,131,22,131,30,packages\glob-stream\test\index.js,1,1010
1435,BlockStatement,nan,-1,-1,-1,131,32,134,7,packages\glob-stream\test\index.js,1,1011
1436,CallExpression,nan,2,-1,-1,136,6,139,7,packages\glob-stream\test\index.js,1,1012
1437,Identifier,assert,-1,-1,-1,149,15,149,21,packages\glob-stream\test\index.js,1,1013
1438,Identifier,pathObjs,-1,-1,-1,149,22,149,30,packages\glob-stream\test\index.js,1,1014
1440,BlockStatement,nan,-1,-1,-1,149,32,152,7,packages\glob-stream\test\index.js,1,1015
1441,CallExpression,nan,2,-1,-1,154,6,160,7,packages\glob-stream\test\index.js,1,1016
1442,Identifier,assert,-1,-1,-1,177,15,177,21,packages\glob-stream\test\index.js,1,1017
1443,Identifier,pathObjs,-1,-1,-1,177,22,177,30,packages\glob-stream\test\index.js,1,1018
1445,BlockStatement,nan,-1,-1,-1,177,32,181,7,packages\glob-stream\test\index.js,1,1019
1446,CallExpression,nan,2,-1,-1,183,6,186,7,packages\glob-stream\test\index.js,1,1020
1447,Identifier,assert,-1,-1,-1,198,15,198,21,packages\glob-stream\test\index.js,1,1021
1448,Identifier,pathObjs,-1,-1,-1,198,22,198,30,packages\glob-stream\test\index.js,1,1022
1450,BlockStatement,nan,-1,-1,-1,198,32,201,7,packages\glob-stream\test\index.js,1,1023
1451,CallExpression,nan,2,-1,-1,203,6,206,7,packages\glob-stream\test\index.js,1,1024
1452,Identifier,assert,-1,-1,-1,216,15,216,21,packages\glob-stream\test\index.js,1,1025
1453,Identifier,pathObjs,-1,-1,-1,216,22,216,30,packages\glob-stream\test\index.js,1,1026
1455,BlockStatement,nan,-1,-1,-1,216,32,219,7,packages\glob-stream\test\index.js,1,1027
1456,CallExpression,nan,2,-1,-1,221,6,227,7,packages\glob-stream\test\index.js,1,1028
1457,Identifier,assert,-1,-1,-1,257,15,257,21,packages\glob-stream\test\index.js,1,1029
1458,Identifier,pathObjs,-1,-1,-1,257,22,257,30,packages\glob-stream\test\index.js,1,1030
1460,BlockStatement,nan,-1,-1,-1,257,32,262,7,packages\glob-stream\test\index.js,1,1031
1461,CallExpression,nan,2,-1,-1,264,6,267,7,packages\glob-stream\test\index.js,1,1032
1462,Identifier,assert,-1,-1,-1,297,15,297,21,packages\glob-stream\test\index.js,1,1033
1463,Identifier,pathObjs,-1,-1,-1,297,22,297,30,packages\glob-stream\test\index.js,1,1034
1465,BlockStatement,nan,-1,-1,-1,297,32,302,7,packages\glob-stream\test\index.js,1,1035
1466,CallExpression,nan,2,-1,-1,304,6,307,7,packages\glob-stream\test\index.js,1,1036
1467,Identifier,assert,-1,-1,-1,359,15,359,21,packages\glob-stream\test\index.js,1,1037
1468,Identifier,pathObjs,-1,-1,-1,359,22,359,30,packages\glob-stream\test\index.js,1,1038
1470,BlockStatement,nan,-1,-1,-1,359,32,368,7,packages\glob-stream\test\index.js,1,1039
1471,CallExpression,nan,2,-1,-1,370,6,370,78,packages\glob-stream\test\index.js,1,1040
1472,BlockStatement,nan,-1,-1,-1,375,67,377,7,packages\glob-stream\test\index.js,1,1041
1473,LogicalExpression,nan,-1,-1,-1,375,10,375,65,packages\glob-stream\test\index.js,1,1042
1474,CallExpression,nan,1,-1,-1,379,6,379,21,packages\glob-stream\test\index.js,1,1043
1475,CallExpression,nan,2,-1,-1,381,6,381,49,packages\glob-stream\test\index.js,1,1044
1477,BlockStatement,nan,-1,-1,-1,383,39,385,7,packages\glob-stream\test\index.js,1,1045
1478,Identifier,assert,-1,-1,-1,387,15,387,21,packages\glob-stream\test\index.js,1,1046
1479,Identifier,pathObjs,-1,-1,-1,387,22,387,30,packages\glob-stream\test\index.js,1,1047
1481,BlockStatement,nan,-1,-1,-1,387,32,394,7,packages\glob-stream\test\index.js,1,1048
1482,CallExpression,nan,2,-1,-1,398,6,398,63,packages\glob-stream\test\index.js,1,1049
1483,CallExpression,nan,2,-1,-1,403,6,403,40,packages\glob-stream\test\index.js,1,1050
1484,Identifier,assert,-1,-1,-1,438,15,438,21,packages\glob-stream\test\index.js,1,1051
1485,Identifier,pathObjs,-1,-1,-1,438,22,438,30,packages\glob-stream\test\index.js,1,1052
1487,BlockStatement,nan,-1,-1,-1,438,32,445,7,packages\glob-stream\test\index.js,1,1053
1488,CallExpression,nan,2,-1,-1,447,6,447,64,packages\glob-stream\test\index.js,1,1054
1489,CallExpression,nan,1,-1,-1,452,6,452,42,packages\glob-stream\test\index.js,1,1055
1490,Identifier,assert,-1,-1,-1,460,15,460,21,packages\glob-stream\test\index.js,1,1056
1491,Identifier,pathObjs,-1,-1,-1,460,22,460,30,packages\glob-stream\test\index.js,1,1057
1493,BlockStatement,nan,-1,-1,-1,460,32,465,7,packages\glob-stream\test\index.js,1,1058
1494,CallExpression,nan,2,-1,-1,467,6,467,74,packages\glob-stream\test\index.js,1,1059
1495,CallExpression,nan,1,-1,-1,473,6,473,22,packages\glob-stream\test\index.js,1,1060
1496,Identifier,assert,-1,-1,-1,481,15,481,21,packages\glob-stream\test\index.js,1,1061
1497,Identifier,pathObjs,-1,-1,-1,481,22,481,30,packages\glob-stream\test\index.js,1,1062
1499,BlockStatement,nan,-1,-1,-1,481,32,484,7,packages\glob-stream\test\index.js,1,1063
1500,CallExpression,nan,2,-1,-1,486,6,486,77,packages\glob-stream\test\index.js,1,1064
1501,Identifier,assert,-1,-1,-1,496,15,496,21,packages\glob-stream\test\index.js,1,1065
1502,Identifier,pathObjs,-1,-1,-1,496,22,496,30,packages\glob-stream\test\index.js,1,1066
1504,BlockStatement,nan,-1,-1,-1,496,32,499,7,packages\glob-stream\test\index.js,1,1067
1505,CallExpression,nan,2,-1,-1,501,6,509,7,packages\glob-stream\test\index.js,1,1068
1506,Identifier,assert,-1,-1,-1,519,15,519,21,packages\glob-stream\test\index.js,1,1069
1507,Identifier,pathObjs,-1,-1,-1,519,22,519,30,packages\glob-stream\test\index.js,1,1070
1509,BlockStatement,nan,-1,-1,-1,519,32,522,7,packages\glob-stream\test\index.js,1,1071
1510,CallExpression,nan,2,-1,-1,524,6,536,7,packages\glob-stream\test\index.js,1,1072
1511,Identifier,assert,-1,-1,-1,557,15,557,21,packages\glob-stream\test\index.js,1,1073
1512,Identifier,pathObjs,-1,-1,-1,557,22,557,30,packages\glob-stream\test\index.js,1,1074
1514,BlockStatement,nan,-1,-1,-1,557,32,561,7,packages\glob-stream\test\index.js,1,1075
1515,CallExpression,nan,2,-1,-1,563,6,572,7,packages\glob-stream\test\index.js,1,1076
1516,Identifier,assert,-1,-1,-1,576,15,576,21,packages\glob-stream\test\index.js,1,1077
1517,Identifier,pathObjs,-1,-1,-1,576,22,576,30,packages\glob-stream\test\index.js,1,1078
1519,BlockStatement,nan,-1,-1,-1,576,32,578,7,packages\glob-stream\test\index.js,1,1079
1520,CallExpression,nan,2,-1,-1,580,6,583,7,packages\glob-stream\test\index.js,1,1080
1521,Identifier,assert,-1,-1,-1,593,15,593,21,packages\glob-stream\test\index.js,1,1081
1522,Identifier,pathObjs,-1,-1,-1,593,22,593,30,packages\glob-stream\test\index.js,1,1082
1524,BlockStatement,nan,-1,-1,-1,593,32,596,7,packages\glob-stream\test\index.js,1,1083
1525,CallExpression,nan,2,-1,-1,598,6,604,7,packages\glob-stream\test\index.js,1,1084
1526,Identifier,assert,-1,-1,-1,608,15,608,21,packages\glob-stream\test\index.js,1,1085
1527,Identifier,pathObjs,-1,-1,-1,608,22,608,30,packages\glob-stream\test\index.js,1,1086
1529,BlockStatement,nan,-1,-1,-1,608,32,610,7,packages\glob-stream\test\index.js,1,1087
1530,CallExpression,nan,2,-1,-1,612,6,621,7,packages\glob-stream\test\index.js,1,1088
1531,Identifier,assert,-1,-1,-1,631,15,631,21,packages\glob-stream\test\index.js,1,1089
1532,Identifier,pathObjs,-1,-1,-1,631,22,631,30,packages\glob-stream\test\index.js,1,1090
1534,BlockStatement,nan,-1,-1,-1,631,32,634,7,packages\glob-stream\test\index.js,1,1091
1535,CallExpression,nan,2,-1,-1,636,6,639,7,packages\glob-stream\test\index.js,1,1092
1536,Identifier,assert,-1,-1,-1,649,15,649,21,packages\glob-stream\test\index.js,1,1093
1537,Identifier,pathObjs,-1,-1,-1,649,22,649,30,packages\glob-stream\test\index.js,1,1094
1539,BlockStatement,nan,-1,-1,-1,649,32,652,7,packages\glob-stream\test\index.js,1,1095
1540,CallExpression,nan,2,-1,-1,654,6,662,7,packages\glob-stream\test\index.js,1,1096
1541,Identifier,assert,-1,-1,-1,677,15,677,21,packages\glob-stream\test\index.js,1,1097
1542,Identifier,pathObjs,-1,-1,-1,677,22,677,30,packages\glob-stream\test\index.js,1,1098
1544,BlockStatement,nan,-1,-1,-1,677,32,680,7,packages\glob-stream\test\index.js,1,1099
1545,CallExpression,nan,2,-1,-1,682,6,682,64,packages\glob-stream\test\index.js,1,1100
1546,Identifier,assert,-1,-1,-1,697,15,697,21,packages\glob-stream\test\index.js,1,1101
1547,Identifier,pathObjs,-1,-1,-1,697,22,697,30,packages\glob-stream\test\index.js,1,1102
1549,BlockStatement,nan,-1,-1,-1,697,32,700,7,packages\glob-stream\test\index.js,1,1103
1550,CallExpression,nan,2,-1,-1,702,6,702,64,packages\glob-stream\test\index.js,1,1104
1551,Identifier,assert,-1,-1,-1,706,15,706,21,packages\glob-stream\test\index.js,1,1105
1552,Identifier,pathObjs,-1,-1,-1,706,22,706,30,packages\glob-stream\test\index.js,1,1106
1554,BlockStatement,nan,-1,-1,-1,706,32,708,7,packages\glob-stream\test\index.js,1,1107
1555,CallExpression,nan,2,-1,-1,710,6,716,7,packages\glob-stream\test\index.js,1,1108
1556,Identifier,assert,-1,-1,-1,726,15,726,21,packages\glob-stream\test\index.js,1,1109
1557,Identifier,pathObjs,-1,-1,-1,726,22,726,30,packages\glob-stream\test\index.js,1,1110
1559,BlockStatement,nan,-1,-1,-1,726,32,728,7,packages\glob-stream\test\index.js,1,1111
1560,CallExpression,nan,2,-1,-1,730,6,730,78,packages\glob-stream\test\index.js,1,1112
1561,CallExpression,nan,1,-1,-1,734,6,736,7,packages\glob-stream\test\index.js,1,1113
1562,CallExpression,nan,1,-1,-1,737,6,739,7,packages\glob-stream\test\index.js,1,1114
1563,CallExpression,nan,0,-1,-1,740,6,740,12,packages\glob-stream\test\index.js,1,1115
1564,CallExpression,nan,1,-1,-1,744,6,746,7,packages\glob-stream\test\index.js,1,1116
1565,CallExpression,nan,1,-1,-1,747,6,749,7,packages\glob-stream\test\index.js,1,1117
1566,CallExpression,nan,0,-1,-1,750,6,750,12,packages\glob-stream\test\index.js,1,1118
1567,Identifier,assert,-1,-1,-1,754,15,754,21,packages\glob-stream\test\index.js,1,1119
1568,Identifier,err,-1,-1,-1,754,22,754,25,packages\glob-stream\test\index.js,1,1120
1570,BlockStatement,nan,-1,-1,-1,754,27,757,7,packages\glob-stream\test\index.js,1,1121
1571,CallExpression,nan,2,-1,-1,759,6,759,65,packages\glob-stream\test\index.js,1,1122
1572,Identifier,assert,-1,-1,-1,763,15,763,21,packages\glob-stream\test\index.js,1,1123
1573,Identifier,err,-1,-1,-1,763,22,763,25,packages\glob-stream\test\index.js,1,1124
1575,BlockStatement,nan,-1,-1,-1,763,27,766,7,packages\glob-stream\test\index.js,1,1125
1576,CallExpression,nan,2,-1,-1,768,6,768,70,packages\glob-stream\test\index.js,1,1126
1577,Identifier,assert,-1,-1,-1,772,15,772,21,packages\glob-stream\test\index.js,1,1127
1578,Identifier,err,-1,-1,-1,772,22,772,25,packages\glob-stream\test\index.js,1,1128
1580,BlockStatement,nan,-1,-1,-1,772,27,775,7,packages\glob-stream\test\index.js,1,1129
1581,CallExpression,nan,2,-1,-1,777,6,780,7,packages\glob-stream\test\index.js,1,1130
1582,Identifier,assert,-1,-1,-1,784,15,784,21,packages\glob-stream\test\index.js,1,1131
1583,Identifier,err,-1,-1,-1,784,22,784,25,packages\glob-stream\test\index.js,1,1132
1585,BlockStatement,nan,-1,-1,-1,784,27,788,7,packages\glob-stream\test\index.js,1,1133
1586,CallExpression,nan,2,-1,-1,790,6,796,7,packages\glob-stream\test\index.js,1,1134
1587,Identifier,assert,-1,-1,-1,800,15,800,21,packages\glob-stream\test\index.js,1,1135
1588,Identifier,err,-1,-1,-1,800,22,800,25,packages\glob-stream\test\index.js,1,1136
1590,BlockStatement,nan,-1,-1,-1,800,27,803,7,packages\glob-stream\test\index.js,1,1137
1591,CallExpression,nan,2,-1,-1,805,6,811,7,packages\glob-stream\test\index.js,1,1138
1592,Identifier,assert,-1,-1,-1,821,15,821,21,packages\glob-stream\test\index.js,1,1139
1593,Identifier,pathObjs,-1,-1,-1,821,22,821,30,packages\glob-stream\test\index.js,1,1140
1595,BlockStatement,nan,-1,-1,-1,821,32,824,7,packages\glob-stream\test\index.js,1,1141
1596,CallExpression,nan,2,-1,-1,826,6,832,7,packages\glob-stream\test\index.js,1,1142
1597,Identifier,assert,-1,-1,-1,872,15,872,21,packages\glob-stream\test\index.js,1,1143
1598,Identifier,pathObjs,-1,-1,-1,872,22,872,30,packages\glob-stream\test\index.js,1,1144
1600,BlockStatement,nan,-1,-1,-1,872,32,880,7,packages\glob-stream\test\index.js,1,1145
1601,CallExpression,nan,2,-1,-1,882,6,888,7,packages\glob-stream\test\index.js,1,1146
1602,Identifier,delayed,-1,-1,-1,894,15,894,22,packages\glob-stream\test\index.js,1,1147
1604,BlockStatement,nan,-1,-1,-1,894,25,911,7,packages\glob-stream\test\index.js,1,1148
1605,CallExpression,nan,2,-1,-1,913,6,913,29,packages\glob-stream\test\index.js,1,1149
1606,CallExpression,nan,1,-1,-1,928,6,928,49,packages\glob-stream\test\index.js,1,1150
1607,CallExpression,nan,1,-1,-1,929,6,929,45,packages\glob-stream\test\index.js,1,1151
1608,CallExpression,nan,2,-1,-1,931,6,931,43,packages\glob-stream\test\index.js,1,1152
1609,CallExpression,nan,1,-1,-1,935,6,937,36,packages\glob-stream\test\index.js,1,1153
1610,CallExpression,nan,1,-1,-1,938,6,940,37,packages\glob-stream\test\index.js,1,1154
1611,CallExpression,nan,1,-1,-1,941,6,943,37,packages\glob-stream\test\index.js,1,1155
1612,CallExpression,nan,1,-1,-1,944,6,946,48,packages\glob-stream\test\index.js,1,1156
1613,CallExpression,nan,1,-1,-1,947,6,949,37,packages\glob-stream\test\index.js,1,1157
1614,CallExpression,nan,1,-1,-1,950,6,952,49,packages\glob-stream\test\index.js,1,1158
1615,CallExpression,nan,1,-1,-1,953,6,955,45,packages\glob-stream\test\index.js,1,1159
1616,CallExpression,nan,0,-1,-1,957,6,957,12,packages\glob-stream\test\index.js,1,1160
1617,CallExpression,nan,2,-1,-1,961,6,983,8,packages\glob-stream\test\index.js,1,1161
1618,CallExpression,nan,2,-1,-1,985,6,1007,8,packages\glob-stream\test\index.js,1,1162
1619,CallExpression,nan,2,-1,-1,1009,6,1025,8,packages\glob-stream\test\index.js,1,1163
1620,CallExpression,nan,2,-1,-1,1027,6,1044,8,packages\glob-stream\test\index.js,1,1164
1621,Identifier,assert,-1,-1,-1,1048,15,1048,21,packages\glob-stream\test\index.js,1,1165
1622,Identifier,err,-1,-1,-1,1048,22,1048,25,packages\glob-stream\test\index.js,1,1166
1624,BlockStatement,nan,-1,-1,-1,1048,27,1051,7,packages\glob-stream\test\index.js,1,1167
1625,CallExpression,nan,2,-1,-1,1053,6,1053,79,packages\glob-stream\test\index.js,1,1168
1626,CallExpression,nan,2,-1,-1,1058,6,1058,36,packages\glob-stream\test\index.js,1,1169
1627,CallExpression,nan,1,-1,-1,1077,6,1077,19,packages\glob-stream\test\index.js,1,1170
1628,Identifier,assert,-1,-1,-1,1079,15,1079,21,packages\glob-stream\test\index.js,1,1171
1629,Identifier,pathObjs,-1,-1,-1,1079,22,1079,30,packages\glob-stream\test\index.js,1,1172
1631,BlockStatement,nan,-1,-1,-1,1079,32,1082,7,packages\glob-stream\test\index.js,1,1173
1632,CallExpression,nan,2,-1,-1,1084,6,1084,49,packages\glob-stream\test\index.js,1,1174
1633,Identifier,assert,-1,-1,-1,1094,15,1094,21,packages\glob-stream\test\index.js,1,1175
1634,Identifier,pathObjs,-1,-1,-1,1094,22,1094,30,packages\glob-stream\test\index.js,1,1176
1636,BlockStatement,nan,-1,-1,-1,1094,32,1097,7,packages\glob-stream\test\index.js,1,1177
1637,CallExpression,nan,2,-1,-1,1099,6,1102,7,packages\glob-stream\test\index.js,1,1178
1638,Identifier,assert,-1,-1,-1,1124,15,1124,21,packages\glob-stream\test\index.js,1,1179
1639,Identifier,pathObjs,-1,-1,-1,1124,22,1124,30,packages\glob-stream\test\index.js,1,1180
1641,BlockStatement,nan,-1,-1,-1,1124,32,1129,7,packages\glob-stream\test\index.js,1,1181
1642,CallExpression,nan,2,-1,-1,1131,6,1134,7,packages\glob-stream\test\index.js,1,1182
1643,Identifier,waiter,-1,-1,-1,1143,15,1143,21,packages\glob-stream\test\index.js,1,1183
1644,Identifier,pathObj,-1,-1,-1,1143,22,1143,29,packages\glob-stream\test\index.js,1,1184
1645,Identifier,_,-1,-1,-1,1143,31,1143,32,packages\glob-stream\test\index.js,1,1185
1646,Identifier,cb,-1,-1,-1,1143,34,1143,36,packages\glob-stream\test\index.js,1,1186
1648,BlockStatement,nan,-1,-1,-1,1143,38,1147,7,packages\glob-stream\test\index.js,1,1187
1649,Identifier,assert,-1,-1,-1,1149,15,1149,21,packages\glob-stream\test\index.js,1,1188
1650,Identifier,pathObjs,-1,-1,-1,1149,22,1149,30,packages\glob-stream\test\index.js,1,1189
1652,BlockStatement,nan,-1,-1,-1,1149,32,1151,7,packages\glob-stream\test\index.js,1,1190
1653,CallExpression,nan,2,-1,-1,1153,6,1163,7,packages\glob-stream\test\index.js,1,1191
1654,Identifier,assert,-1,-1,-1,1171,15,1171,21,packages\glob-stream\test\index.js,1,1192
1655,Identifier,err,-1,-1,-1,1171,22,1171,25,packages\glob-stream\test\index.js,1,1193
1657,BlockStatement,nan,-1,-1,-1,1171,27,1176,7,packages\glob-stream\test\index.js,1,1194
1658,CallExpression,nan,2,-1,-1,1178,6,1178,45,packages\glob-stream\test\index.js,1,1195
1659,Identifier,assert,-1,-1,-1,1186,15,1186,21,packages\glob-stream\test\index.js,1,1196
1660,Identifier,err,-1,-1,-1,1186,22,1186,25,packages\glob-stream\test\index.js,1,1197
1662,BlockStatement,nan,-1,-1,-1,1186,27,1191,7,packages\glob-stream\test\index.js,1,1198
1663,CallExpression,nan,2,-1,-1,1193,6,1193,45,packages\glob-stream\test\index.js,1,1199
1664,Identifier,stubError,-1,-1,-1,1201,15,1201,24,packages\glob-stream\test\index.js,1,1200
1665,Identifier,dirpath,-1,-1,-1,1201,25,1201,32,packages\glob-stream\test\index.js,1,1201
1666,Identifier,opts,-1,-1,-1,1201,34,1201,38,packages\glob-stream\test\index.js,1,1202
1667,Identifier,cb,-1,-1,-1,1201,40,1201,42,packages\glob-stream\test\index.js,1,1203
1669,BlockStatement,nan,-1,-1,-1,1201,44,1203,7,packages\glob-stream\test\index.js,1,1204
1670,CallExpression,nan,1,-1,-1,1206,6,1206,52,packages\glob-stream\test\index.js,1,1205
1671,Identifier,assert,-1,-1,-1,1208,15,1208,21,packages\glob-stream\test\index.js,1,1206
1672,Identifier,err,-1,-1,-1,1208,22,1208,25,packages\glob-stream\test\index.js,1,1207
1674,BlockStatement,nan,-1,-1,-1,1208,27,1213,7,packages\glob-stream\test\index.js,1,1208
1675,CallExpression,nan,2,-1,-1,1215,6,1215,45,packages\glob-stream\test\index.js,1,1209
1676,Identifier,stubError,-1,-1,-1,1223,15,1223,24,packages\glob-stream\test\index.js,1,1210
1677,Identifier,dirpath,-1,-1,-1,1223,25,1223,32,packages\glob-stream\test\index.js,1,1211
1678,Identifier,cb,-1,-1,-1,1223,34,1223,36,packages\glob-stream\test\index.js,1,1212
1680,BlockStatement,nan,-1,-1,-1,1223,38,1225,7,packages\glob-stream\test\index.js,1,1213
1681,CallExpression,nan,1,-1,-1,1228,6,1228,49,packages\glob-stream\test\index.js,1,1214
1682,Identifier,assert,-1,-1,-1,1230,15,1230,21,packages\glob-stream\test\index.js,1,1215
1683,Identifier,err,-1,-1,-1,1230,22,1230,25,packages\glob-stream\test\index.js,1,1216
1685,BlockStatement,nan,-1,-1,-1,1230,27,1235,7,packages\glob-stream\test\index.js,1,1217
1686,CallExpression,nan,2,-1,-1,1237,6,1237,45,packages\glob-stream\test\index.js,1,1218
1687,CallExpression,nan,2,-1,-1,1245,6,1245,25,packages\glob-stream\test\index.js,1,1219
1688,CallExpression,nan,2,-1,-1,1247,6,1251,8,packages\glob-stream\test\index.js,1,1220
1689,CallExpression,nan,0,-1,-1,1253,6,1253,18,packages\glob-stream\test\index.js,1,1221
1690,CallExpression,nan,1,-1,-1,1257,6,1257,25,packages\glob-stream\test\index.js,1,1222
1691,Identifier,assert,-1,-1,-1,1263,15,1263,21,packages\glob-stream\test\index.js,1,1223
1692,Identifier,results,-1,-1,-1,1263,22,1263,29,packages\glob-stream\test\index.js,1,1224
1694,BlockStatement,nan,-1,-1,-1,1263,31,1265,7,packages\glob-stream\test\index.js,1,1225
1695,CallExpression,nan,2,-1,-1,1267,6,1267,49,packages\glob-stream\test\index.js,1,1226
1696,CallExpression,nan,1,-1,-1,1271,6,1271,25,packages\glob-stream\test\index.js,1,1227
1697,Identifier,assert,-1,-1,-1,1277,15,1277,21,packages\glob-stream\test\index.js,1,1228
1698,Identifier,results,-1,-1,-1,1277,22,1277,29,packages\glob-stream\test\index.js,1,1229
1700,BlockStatement,nan,-1,-1,-1,1277,31,1279,7,packages\glob-stream\test\index.js,1,1230
1701,CallExpression,nan,2,-1,-1,1281,6,1281,49,packages\glob-stream\test\index.js,1,1231
1704,ArrayExpression,nan,-1,-1,-1,60,8,60,77,packages\glob-stream\test\index.js,1,1232
1705,Identifier,done,-1,-1,-1,61,8,61,12,packages\glob-stream\test\index.js,1,1233
1706,MemberExpression,nan,-1,-1,-1,59,6,59,21,packages\glob-stream\test\index.js,1,1234
1709,ArrayExpression,nan,-1,-1,-1,78,8,78,76,packages\glob-stream\test\index.js,1,1235
1710,Identifier,done,-1,-1,-1,79,8,79,12,packages\glob-stream\test\index.js,1,1236
1711,MemberExpression,nan,-1,-1,-1,77,6,77,21,packages\glob-stream\test\index.js,1,1237
1714,ArrayExpression,nan,-1,-1,-1,96,8,99,9,packages\glob-stream\test\index.js,1,1238
1715,Identifier,done,-1,-1,-1,100,8,100,12,packages\glob-stream\test\index.js,1,1239
1716,MemberExpression,nan,-1,-1,-1,95,6,95,21,packages\glob-stream\test\index.js,1,1240
1719,ArrayExpression,nan,-1,-1,-1,117,8,117,73,packages\glob-stream\test\index.js,1,1241
1720,Identifier,done,-1,-1,-1,118,8,118,12,packages\glob-stream\test\index.js,1,1242
1721,MemberExpression,nan,-1,-1,-1,116,6,116,21,packages\glob-stream\test\index.js,1,1243
1724,ArrayExpression,nan,-1,-1,-1,137,8,137,59,packages\glob-stream\test\index.js,1,1244
1725,Identifier,done,-1,-1,-1,138,8,138,12,packages\glob-stream\test\index.js,1,1245
1726,MemberExpression,nan,-1,-1,-1,136,6,136,21,packages\glob-stream\test\index.js,1,1246
1729,ArrayExpression,nan,-1,-1,-1,155,8,158,9,packages\glob-stream\test\index.js,1,1247
1730,Identifier,done,-1,-1,-1,159,8,159,12,packages\glob-stream\test\index.js,1,1248
1731,MemberExpression,nan,-1,-1,-1,154,6,154,21,packages\glob-stream\test\index.js,1,1249
1735,ArrayExpression,nan,-1,-1,-1,184,8,184,71,packages\glob-stream\test\index.js,1,1250
1736,Identifier,done,-1,-1,-1,185,8,185,12,packages\glob-stream\test\index.js,1,1251
1737,MemberExpression,nan,-1,-1,-1,183,6,183,21,packages\glob-stream\test\index.js,1,1252
1740,ArrayExpression,nan,-1,-1,-1,204,8,204,59,packages\glob-stream\test\index.js,1,1253
1741,Identifier,done,-1,-1,-1,205,8,205,12,packages\glob-stream\test\index.js,1,1254
1742,MemberExpression,nan,-1,-1,-1,203,6,203,21,packages\glob-stream\test\index.js,1,1255
1745,ArrayExpression,nan,-1,-1,-1,222,8,225,9,packages\glob-stream\test\index.js,1,1256
1746,Identifier,done,-1,-1,-1,226,8,226,12,packages\glob-stream\test\index.js,1,1257
1747,MemberExpression,nan,-1,-1,-1,221,6,221,21,packages\glob-stream\test\index.js,1,1258
1752,ArrayExpression,nan,-1,-1,-1,265,8,265,70,packages\glob-stream\test\index.js,1,1259
1753,Identifier,done,-1,-1,-1,266,8,266,12,packages\glob-stream\test\index.js,1,1260
1754,MemberExpression,nan,-1,-1,-1,264,6,264,21,packages\glob-stream\test\index.js,1,1261
1759,ArrayExpression,nan,-1,-1,-1,305,8,305,73,packages\glob-stream\test\index.js,1,1262
1760,Identifier,done,-1,-1,-1,306,8,306,12,packages\glob-stream\test\index.js,1,1263
1761,MemberExpression,nan,-1,-1,-1,304,6,304,21,packages\glob-stream\test\index.js,1,1264
1770,ArrayExpression,nan,-1,-1,-1,370,22,370,71,packages\glob-stream\test\index.js,1,1265
1771,Identifier,done,-1,-1,-1,370,73,370,77,packages\glob-stream\test\index.js,1,1266
1772,MemberExpression,nan,-1,-1,-1,370,6,370,21,packages\glob-stream\test\index.js,1,1267
1777,MemberExpression,nan,-1,-1,-1,379,6,379,18,packages\glob-stream\test\index.js,1,1268
1778,Identifier,largeDir,-1,-1,-1,381,19,381,27,packages\glob-stream\test\index.js,1,1269
1779,ObjectExpression,nan,-1,-1,-1,381,29,381,48,packages\glob-stream\test\index.js,1,1270
1780,MemberExpression,nan,-1,-1,-1,381,6,381,18,packages\glob-stream\test\index.js,1,1271
1781,Identifier,i,-1,-1,-1,383,22,383,23,packages\glob-stream\test\index.js,1,1272
1784,ForStatement,nan,-1,-1,-1,388,8,390,9,packages\glob-stream\test\index.js,1,1273
1787,ArrayExpression,nan,-1,-1,-1,398,22,398,56,packages\glob-stream\test\index.js,1,1274
1788,Identifier,done,-1,-1,-1,398,58,398,62,packages\glob-stream\test\index.js,1,1275
1789,MemberExpression,nan,-1,-1,-1,398,6,398,21,packages\glob-stream\test\index.js,1,1276
1790,Identifier,testFile,-1,-1,-1,403,23,403,31,packages\glob-stream\test\index.js,1,1277
1792,MemberExpression,nan,-1,-1,-1,403,6,403,22,packages\glob-stream\test\index.js,1,1278
1799,ArrayExpression,nan,-1,-1,-1,447,22,447,57,packages\glob-stream\test\index.js,1,1279
1800,Identifier,done,-1,-1,-1,447,59,447,63,packages\glob-stream\test\index.js,1,1280
1801,MemberExpression,nan,-1,-1,-1,447,6,447,21,packages\glob-stream\test\index.js,1,1281
1803,MemberExpression,nan,-1,-1,-1,452,6,452,19,packages\glob-stream\test\index.js,1,1282
1807,ArrayExpression,nan,-1,-1,-1,467,22,467,67,packages\glob-stream\test\index.js,1,1283
1808,Identifier,done,-1,-1,-1,467,69,467,73,packages\glob-stream\test\index.js,1,1284
1809,MemberExpression,nan,-1,-1,-1,467,6,467,21,packages\glob-stream\test\index.js,1,1285
1811,MemberExpression,nan,-1,-1,-1,473,6,473,18,packages\glob-stream\test\index.js,1,1286
1814,ArrayExpression,nan,-1,-1,-1,486,22,486,70,packages\glob-stream\test\index.js,1,1287
1815,Identifier,done,-1,-1,-1,486,72,486,76,packages\glob-stream\test\index.js,1,1288
1816,MemberExpression,nan,-1,-1,-1,486,6,486,21,packages\glob-stream\test\index.js,1,1289
1819,ArrayExpression,nan,-1,-1,-1,502,8,507,9,packages\glob-stream\test\index.js,1,1290
1820,Identifier,done,-1,-1,-1,508,8,508,12,packages\glob-stream\test\index.js,1,1291
1821,MemberExpression,nan,-1,-1,-1,501,6,501,21,packages\glob-stream\test\index.js,1,1292
1824,ArrayExpression,nan,-1,-1,-1,525,8,534,9,packages\glob-stream\test\index.js,1,1293
1825,Identifier,done,-1,-1,-1,535,8,535,12,packages\glob-stream\test\index.js,1,1294
1826,MemberExpression,nan,-1,-1,-1,524,6,524,21,packages\glob-stream\test\index.js,1,1295
1830,ArrayExpression,nan,-1,-1,-1,564,8,570,9,packages\glob-stream\test\index.js,1,1296
1831,Identifier,done,-1,-1,-1,571,8,571,12,packages\glob-stream\test\index.js,1,1297
1832,MemberExpression,nan,-1,-1,-1,563,6,563,21,packages\glob-stream\test\index.js,1,1298
1834,ArrayExpression,nan,-1,-1,-1,581,8,581,70,packages\glob-stream\test\index.js,1,1299
1835,Identifier,done,-1,-1,-1,582,8,582,12,packages\glob-stream\test\index.js,1,1300
1836,MemberExpression,nan,-1,-1,-1,580,6,580,21,packages\glob-stream\test\index.js,1,1301
1839,ArrayExpression,nan,-1,-1,-1,599,8,602,9,packages\glob-stream\test\index.js,1,1302
1840,Identifier,done,-1,-1,-1,603,8,603,12,packages\glob-stream\test\index.js,1,1303
1841,MemberExpression,nan,-1,-1,-1,598,6,598,21,packages\glob-stream\test\index.js,1,1304
1843,ArrayExpression,nan,-1,-1,-1,613,8,619,9,packages\glob-stream\test\index.js,1,1305
1844,Identifier,done,-1,-1,-1,620,8,620,12,packages\glob-stream\test\index.js,1,1306
1845,MemberExpression,nan,-1,-1,-1,612,6,612,21,packages\glob-stream\test\index.js,1,1307
1848,ArrayExpression,nan,-1,-1,-1,637,8,637,67,packages\glob-stream\test\index.js,1,1308
1849,Identifier,done,-1,-1,-1,638,8,638,12,packages\glob-stream\test\index.js,1,1309
1850,MemberExpression,nan,-1,-1,-1,636,6,636,21,packages\glob-stream\test\index.js,1,1310
1853,ArrayExpression,nan,-1,-1,-1,655,8,660,9,packages\glob-stream\test\index.js,1,1311
1854,Identifier,done,-1,-1,-1,661,8,661,12,packages\glob-stream\test\index.js,1,1312
1855,MemberExpression,nan,-1,-1,-1,654,6,654,21,packages\glob-stream\test\index.js,1,1313
1858,ArrayExpression,nan,-1,-1,-1,682,22,682,57,packages\glob-stream\test\index.js,1,1314
1859,Identifier,done,-1,-1,-1,682,59,682,63,packages\glob-stream\test\index.js,1,1315
1860,MemberExpression,nan,-1,-1,-1,682,6,682,21,packages\glob-stream\test\index.js,1,1316
1863,ArrayExpression,nan,-1,-1,-1,702,22,702,57,packages\glob-stream\test\index.js,1,1317
1864,Identifier,done,-1,-1,-1,702,59,702,63,packages\glob-stream\test\index.js,1,1318
1865,MemberExpression,nan,-1,-1,-1,702,6,702,21,packages\glob-stream\test\index.js,1,1319
1867,ArrayExpression,nan,-1,-1,-1,711,8,714,9,packages\glob-stream\test\index.js,1,1320
1868,Identifier,done,-1,-1,-1,715,8,715,12,packages\glob-stream\test\index.js,1,1321
1869,MemberExpression,nan,-1,-1,-1,710,6,710,21,packages\glob-stream\test\index.js,1,1322
1871,ArrayExpression,nan,-1,-1,-1,730,22,730,71,packages\glob-stream\test\index.js,1,1323
1872,Identifier,done,-1,-1,-1,730,73,730,77,packages\glob-stream\test\index.js,1,1324
1873,MemberExpression,nan,-1,-1,-1,730,6,730,21,packages\glob-stream\test\index.js,1,1325
1875,MemberExpression,nan,-1,-1,-1,734,6,734,67,packages\glob-stream\test\index.js,1,1326
1877,MemberExpression,nan,-1,-1,-1,737,6,737,74,packages\glob-stream\test\index.js,1,1327
1878,Identifier,done,-1,-1,-1,740,6,740,10,packages\glob-stream\test\index.js,1,1328
1880,MemberExpression,nan,-1,-1,-1,744,6,744,69,packages\glob-stream\test\index.js,1,1329
1882,MemberExpression,nan,-1,-1,-1,747,6,747,77,packages\glob-stream\test\index.js,1,1330
1883,Identifier,done,-1,-1,-1,750,6,750,10,packages\glob-stream\test\index.js,1,1331
1886,ArrayExpression,nan,-1,-1,-1,759,22,759,56,packages\glob-stream\test\index.js,1,1332
1887,Identifier,assert,-1,-1,-1,759,58,759,64,packages\glob-stream\test\index.js,1,1333
1888,MemberExpression,nan,-1,-1,-1,759,6,759,21,packages\glob-stream\test\index.js,1,1334
1891,ArrayExpression,nan,-1,-1,-1,768,22,768,61,packages\glob-stream\test\index.js,1,1335
1892,Identifier,assert,-1,-1,-1,768,63,768,69,packages\glob-stream\test\index.js,1,1336
1893,MemberExpression,nan,-1,-1,-1,768,6,768,21,packages\glob-stream\test\index.js,1,1337
1896,ArrayExpression,nan,-1,-1,-1,778,8,778,64,packages\glob-stream\test\index.js,1,1338
1897,Identifier,assert,-1,-1,-1,779,8,779,14,packages\glob-stream\test\index.js,1,1339
1898,MemberExpression,nan,-1,-1,-1,777,6,777,21,packages\glob-stream\test\index.js,1,1340
1902,ArrayExpression,nan,-1,-1,-1,791,8,794,9,packages\glob-stream\test\index.js,1,1341
1903,Identifier,assert,-1,-1,-1,795,8,795,14,packages\glob-stream\test\index.js,1,1342
1904,MemberExpression,nan,-1,-1,-1,790,6,790,21,packages\glob-stream\test\index.js,1,1343
1907,ArrayExpression,nan,-1,-1,-1,806,8,809,9,packages\glob-stream\test\index.js,1,1344
1908,Identifier,assert,-1,-1,-1,810,8,810,14,packages\glob-stream\test\index.js,1,1345
1909,MemberExpression,nan,-1,-1,-1,805,6,805,21,packages\glob-stream\test\index.js,1,1346
1912,ArrayExpression,nan,-1,-1,-1,827,8,830,9,packages\glob-stream\test\index.js,1,1347
1913,Identifier,done,-1,-1,-1,831,8,831,12,packages\glob-stream\test\index.js,1,1348
1914,MemberExpression,nan,-1,-1,-1,826,6,826,21,packages\glob-stream\test\index.js,1,1349
1922,ArrayExpression,nan,-1,-1,-1,883,8,886,9,packages\glob-stream\test\index.js,1,1350
1923,Identifier,done,-1,-1,-1,887,8,887,12,packages\glob-stream\test\index.js,1,1351
1924,MemberExpression,nan,-1,-1,-1,882,6,882,21,packages\glob-stream\test\index.js,1,1352
1926,Identifier,delayed,-1,-1,-1,913,17,913,24,packages\glob-stream\test\index.js,1,1353
1928,Identifier,setTimeout,-1,-1,-1,913,6,913,16,packages\glob-stream\test\index.js,1,1354
1930,MemberExpression,nan,-1,-1,-1,928,6,928,46,packages\glob-stream\test\index.js,1,1355
1931,Identifier,defaultedOpts,-1,-1,-1,929,31,929,44,packages\glob-stream\test\index.js,1,1356
1932,MemberExpression,nan,-1,-1,-1,929,6,929,30,packages\glob-stream\test\index.js,1,1357
1933,ArrayExpression,nan,-1,-1,-1,931,22,931,36,packages\glob-stream\test\index.js,1,1358
1934,Identifier,done,-1,-1,-1,931,38,931,42,packages\glob-stream\test\index.js,1,1359
1935,MemberExpression,nan,-1,-1,-1,931,6,931,21,packages\glob-stream\test\index.js,1,1360
1937,MemberExpression,nan,-1,-1,-1,935,6,937,16,packages\glob-stream\test\index.js,1,1361
1939,MemberExpression,nan,-1,-1,-1,938,6,940,16,packages\glob-stream\test\index.js,1,1362
1941,MemberExpression,nan,-1,-1,-1,941,6,943,16,packages\glob-stream\test\index.js,1,1363
1943,MemberExpression,nan,-1,-1,-1,944,6,946,16,packages\glob-stream\test\index.js,1,1364
1945,MemberExpression,nan,-1,-1,-1,947,6,949,16,packages\glob-stream\test\index.js,1,1365
1947,MemberExpression,nan,-1,-1,-1,950,6,952,16,packages\glob-stream\test\index.js,1,1366
1949,MemberExpression,nan,-1,-1,-1,953,6,955,16,packages\glob-stream\test\index.js,1,1367
1950,Identifier,done,-1,-1,-1,957,6,957,10,packages\glob-stream\test\index.js,1,1368
1952,FunctionExpression,nan,-1,1,0,961,52,983,7,packages\glob-stream\test\index.js,1,1369
1953,Identifier,it,-1,-1,-1,961,6,961,8,packages\glob-stream\test\index.js,1,1370
1955,FunctionExpression,nan,-1,1,0,985,59,1007,7,packages\glob-stream\test\index.js,1,1371
1956,Identifier,it,-1,-1,-1,985,6,985,8,packages\glob-stream\test\index.js,1,1372
1958,FunctionExpression,nan,-1,1,0,1009,55,1025,7,packages\glob-stream\test\index.js,1,1373
1959,Identifier,it,-1,-1,-1,1009,6,1009,8,packages\glob-stream\test\index.js,1,1374
1961,FunctionExpression,nan,-1,1,0,1027,58,1044,7,packages\glob-stream\test\index.js,1,1375
1962,Identifier,it,-1,-1,-1,1027,6,1027,8,packages\glob-stream\test\index.js,1,1376
1965,ArrayExpression,nan,-1,-1,-1,1053,22,1053,70,packages\glob-stream\test\index.js,1,1377
1966,Identifier,assert,-1,-1,-1,1053,72,1053,78,packages\glob-stream\test\index.js,1,1378
1967,MemberExpression,nan,-1,-1,-1,1053,6,1053,21,packages\glob-stream\test\index.js,1,1379
1969,FunctionExpression,nan,-1,0,0,1058,21,1058,35,packages\glob-stream\test\index.js,1,1380
1970,MemberExpression,nan,-1,-1,-1,1058,6,1058,11,packages\glob-stream\test\index.js,1,1381
1971,Identifier,stub,-1,-1,-1,1077,14,1077,18,packages\glob-stream\test\index.js,1,1382
1972,MemberExpression,nan,-1,-1,-1,1077,6,1077,13,packages\glob-stream\test\index.js,1,1383
1975,ArrayExpression,nan,-1,-1,-1,1084,22,1084,42,packages\glob-stream\test\index.js,1,1384
1976,Identifier,done,-1,-1,-1,1084,44,1084,48,packages\glob-stream\test\index.js,1,1385
1977,MemberExpression,nan,-1,-1,-1,1084,6,1084,21,packages\glob-stream\test\index.js,1,1386
1980,ArrayExpression,nan,-1,-1,-1,1100,8,1100,76,packages\glob-stream\test\index.js,1,1387
1981,Identifier,done,-1,-1,-1,1101,8,1101,12,packages\glob-stream\test\index.js,1,1388
1982,MemberExpression,nan,-1,-1,-1,1099,6,1099,21,packages\glob-stream\test\index.js,1,1389
1987,ArrayExpression,nan,-1,-1,-1,1132,8,1132,73,packages\glob-stream\test\index.js,1,1390
1988,Identifier,done,-1,-1,-1,1133,8,1133,12,packages\glob-stream\test\index.js,1,1391
1989,MemberExpression,nan,-1,-1,-1,1131,6,1131,21,packages\glob-stream\test\index.js,1,1392
1992,ArrayExpression,nan,-1,-1,-1,1154,8,1161,9,packages\glob-stream\test\index.js,1,1393
1993,Identifier,done,-1,-1,-1,1162,8,1162,12,packages\glob-stream\test\index.js,1,1394
1994,MemberExpression,nan,-1,-1,-1,1153,6,1153,21,packages\glob-stream\test\index.js,1,1395
1999,ArrayExpression,nan,-1,-1,-1,1178,22,1178,36,packages\glob-stream\test\index.js,1,1396
2000,Identifier,assert,-1,-1,-1,1178,38,1178,44,packages\glob-stream\test\index.js,1,1397
2001,MemberExpression,nan,-1,-1,-1,1178,6,1178,21,packages\glob-stream\test\index.js,1,1398
2006,ArrayExpression,nan,-1,-1,-1,1193,22,1193,36,packages\glob-stream\test\index.js,1,1399
2007,Identifier,assert,-1,-1,-1,1193,38,1193,44,packages\glob-stream\test\index.js,1,1400
2008,MemberExpression,nan,-1,-1,-1,1193,6,1193,21,packages\glob-stream\test\index.js,1,1401
2010,Identifier,stubError,-1,-1,-1,1206,42,1206,51,packages\glob-stream\test\index.js,1,1402
2011,MemberExpression,nan,-1,-1,-1,1206,6,1206,41,packages\glob-stream\test\index.js,1,1403
2016,ArrayExpression,nan,-1,-1,-1,1215,22,1215,36,packages\glob-stream\test\index.js,1,1404
2017,Identifier,assert,-1,-1,-1,1215,38,1215,44,packages\glob-stream\test\index.js,1,1405
2018,MemberExpression,nan,-1,-1,-1,1215,6,1215,21,packages\glob-stream\test\index.js,1,1406
2020,Identifier,stubError,-1,-1,-1,1228,39,1228,48,packages\glob-stream\test\index.js,1,1407
2021,MemberExpression,nan,-1,-1,-1,1228,6,1228,38,packages\glob-stream\test\index.js,1,1408
2026,ArrayExpression,nan,-1,-1,-1,1237,22,1237,36,packages\glob-stream\test\index.js,1,1409
2027,Identifier,assert,-1,-1,-1,1237,38,1237,44,packages\glob-stream\test\index.js,1,1410
2028,MemberExpression,nan,-1,-1,-1,1237,6,1237,21,packages\glob-stream\test\index.js,1,1411
2030,Identifier,spy,-1,-1,-1,1245,21,1245,24,packages\glob-stream\test\index.js,1,1412
2031,MemberExpression,nan,-1,-1,-1,1245,6,1245,11,packages\glob-stream\test\index.js,1,1413
2033,FunctionExpression,nan,-1,0,0,1247,21,1251,7,packages\glob-stream\test\index.js,1,1414
2034,MemberExpression,nan,-1,-1,-1,1247,6,1247,11,packages\glob-stream\test\index.js,1,1415
2035,MemberExpression,nan,-1,-1,-1,1253,6,1253,16,packages\glob-stream\test\index.js,1,1416
2037,MemberExpression,nan,-1,-1,-1,1257,6,1257,18,packages\glob-stream\test\index.js,1,1417
2039,ArrayExpression,nan,-1,-1,-1,1267,22,1267,42,packages\glob-stream\test\index.js,1,1418
2040,Identifier,done,-1,-1,-1,1267,44,1267,48,packages\glob-stream\test\index.js,1,1419
2041,MemberExpression,nan,-1,-1,-1,1267,6,1267,21,packages\glob-stream\test\index.js,1,1420
2043,MemberExpression,nan,-1,-1,-1,1271,6,1271,18,packages\glob-stream\test\index.js,1,1421
2045,ArrayExpression,nan,-1,-1,-1,1281,22,1281,42,packages\glob-stream\test\index.js,1,1422
2046,Identifier,done,-1,-1,-1,1281,44,1281,48,packages\glob-stream\test\index.js,1,1423
2047,MemberExpression,nan,-1,-1,-1,1281,6,1281,21,packages\glob-stream\test\index.js,1,1424
2048,CallExpression,nan,1,-1,-1,55,8,55,42,packages\glob-stream\test\index.js,1,1425
2049,CallExpression,nan,1,-1,-1,56,8,56,45,packages\glob-stream\test\index.js,1,1426
2050,CallExpression,nan,1,-1,-1,73,8,73,42,packages\glob-stream\test\index.js,1,1427
2051,CallExpression,nan,1,-1,-1,74,8,74,45,packages\glob-stream\test\index.js,1,1428
2052,CallExpression,nan,1,-1,-1,91,8,91,42,packages\glob-stream\test\index.js,1,1429
2053,CallExpression,nan,1,-1,-1,92,8,92,45,packages\glob-stream\test\index.js,1,1430
2054,CallExpression,nan,1,-1,-1,112,8,112,42,packages\glob-stream\test\index.js,1,1431
2055,CallExpression,nan,1,-1,-1,113,8,113,45,packages\glob-stream\test\index.js,1,1432
2056,CallExpression,nan,1,-1,-1,132,8,132,42,packages\glob-stream\test\index.js,1,1433
2057,CallExpression,nan,1,-1,-1,133,8,133,45,packages\glob-stream\test\index.js,1,1434
2058,CallExpression,nan,1,-1,-1,150,8,150,42,packages\glob-stream\test\index.js,1,1435
2059,CallExpression,nan,1,-1,-1,151,8,151,45,packages\glob-stream\test\index.js,1,1436
2060,CallExpression,nan,1,-1,-1,178,8,178,42,packages\glob-stream\test\index.js,1,1437
2061,CallExpression,nan,1,-1,-1,179,8,179,52,packages\glob-stream\test\index.js,1,1438
2062,CallExpression,nan,1,-1,-1,180,8,180,52,packages\glob-stream\test\index.js,1,1439
2063,CallExpression,nan,1,-1,-1,199,8,199,42,packages\glob-stream\test\index.js,1,1440
2064,CallExpression,nan,1,-1,-1,200,8,200,45,packages\glob-stream\test\index.js,1,1441
2065,CallExpression,nan,1,-1,-1,217,8,217,42,packages\glob-stream\test\index.js,1,1442
2066,CallExpression,nan,1,-1,-1,218,8,218,45,packages\glob-stream\test\index.js,1,1443
2067,CallExpression,nan,1,-1,-1,258,8,258,42,packages\glob-stream\test\index.js,1,1444
2068,CallExpression,nan,1,-1,-1,259,8,259,52,packages\glob-stream\test\index.js,1,1445
2069,CallExpression,nan,1,-1,-1,260,8,260,52,packages\glob-stream\test\index.js,1,1446
2070,CallExpression,nan,1,-1,-1,261,8,261,52,packages\glob-stream\test\index.js,1,1447
2071,CallExpression,nan,1,-1,-1,298,8,298,42,packages\glob-stream\test\index.js,1,1448
2072,CallExpression,nan,1,-1,-1,299,8,299,52,packages\glob-stream\test\index.js,1,1449
2073,CallExpression,nan,1,-1,-1,300,8,300,52,packages\glob-stream\test\index.js,1,1450
2074,CallExpression,nan,1,-1,-1,301,8,301,52,packages\glob-stream\test\index.js,1,1451
2075,CallExpression,nan,1,-1,-1,360,8,360,42,packages\glob-stream\test\index.js,1,1452
2076,CallExpression,nan,1,-1,-1,361,8,361,52,packages\glob-stream\test\index.js,1,1453
2077,CallExpression,nan,1,-1,-1,362,8,362,52,packages\glob-stream\test\index.js,1,1454
2078,CallExpression,nan,1,-1,-1,363,8,363,52,packages\glob-stream\test\index.js,1,1455
2079,CallExpression,nan,1,-1,-1,364,8,364,52,packages\glob-stream\test\index.js,1,1456
2080,CallExpression,nan,1,-1,-1,365,8,365,52,packages\glob-stream\test\index.js,1,1457
2081,CallExpression,nan,1,-1,-1,366,8,366,52,packages\glob-stream\test\index.js,1,1458
2082,CallExpression,nan,1,-1,-1,367,8,367,52,packages\glob-stream\test\index.js,1,1459
2083,CallExpression,nan,0,-1,-1,376,8,376,19,packages\glob-stream\test\index.js,1,1460
2084,MemberExpression,nan,-1,-1,-1,375,10,375,24,packages\glob-stream\test\index.js,1,1461
2086,CallExpression,nan,0,-1,-1,375,39,375,52,packages\glob-stream\test\index.js,1,1462
2088,CallExpression,nan,2,-1,-1,384,8,384,80,packages\glob-stream\test\index.js,1,1463
2090,BlockStatement,nan,-1,-1,-1,388,41,390,9,packages\glob-stream\test\index.js,1,1464
2091,CallExpression,nan,1,-1,-1,391,8,391,30,packages\glob-stream\test\index.js,1,1465
2092,CallExpression,nan,1,-1,-1,393,8,393,47,packages\glob-stream\test\index.js,1,1466
2093,CallExpression,nan,2,-1,-1,439,8,439,39,packages\glob-stream\test\index.js,1,1467
2094,CallExpression,nan,1,-1,-1,440,8,440,42,packages\glob-stream\test\index.js,1,1468
2095,CallExpression,nan,1,-1,-1,441,8,441,52,packages\glob-stream\test\index.js,1,1469
2096,CallExpression,nan,1,-1,-1,442,8,442,52,packages\glob-stream\test\index.js,1,1470
2097,CallExpression,nan,1,-1,-1,443,8,443,52,packages\glob-stream\test\index.js,1,1471
2098,CallExpression,nan,1,-1,-1,444,8,444,52,packages\glob-stream\test\index.js,1,1472
2099,CallExpression,nan,1,-1,-1,461,8,461,30,packages\glob-stream\test\index.js,1,1473
2100,CallExpression,nan,1,-1,-1,463,8,463,42,packages\glob-stream\test\index.js,1,1474
2101,CallExpression,nan,1,-1,-1,464,8,464,45,packages\glob-stream\test\index.js,1,1475
2102,CallExpression,nan,1,-1,-1,482,8,482,42,packages\glob-stream\test\index.js,1,1476
2103,CallExpression,nan,1,-1,-1,483,8,483,45,packages\glob-stream\test\index.js,1,1477
2104,CallExpression,nan,1,-1,-1,497,8,497,42,packages\glob-stream\test\index.js,1,1478
2105,CallExpression,nan,1,-1,-1,498,8,498,45,packages\glob-stream\test\index.js,1,1479
2106,CallExpression,nan,1,-1,-1,520,8,520,42,packages\glob-stream\test\index.js,1,1480
2107,CallExpression,nan,1,-1,-1,521,8,521,45,packages\glob-stream\test\index.js,1,1481
2108,CallExpression,nan,1,-1,-1,558,8,558,42,packages\glob-stream\test\index.js,1,1482
2109,CallExpression,nan,1,-1,-1,559,8,559,52,packages\glob-stream\test\index.js,1,1483
2110,CallExpression,nan,1,-1,-1,560,8,560,52,packages\glob-stream\test\index.js,1,1484
2111,CallExpression,nan,1,-1,-1,577,8,577,42,packages\glob-stream\test\index.js,1,1485
2112,CallExpression,nan,1,-1,-1,594,8,594,42,packages\glob-stream\test\index.js,1,1486
2113,CallExpression,nan,1,-1,-1,595,8,595,45,packages\glob-stream\test\index.js,1,1487
2114,CallExpression,nan,1,-1,-1,609,8,609,42,packages\glob-stream\test\index.js,1,1488
2115,CallExpression,nan,1,-1,-1,632,8,632,42,packages\glob-stream\test\index.js,1,1489
2116,CallExpression,nan,1,-1,-1,633,8,633,45,packages\glob-stream\test\index.js,1,1490
2117,CallExpression,nan,1,-1,-1,650,8,650,42,packages\glob-stream\test\index.js,1,1491
2118,CallExpression,nan,1,-1,-1,651,8,651,45,packages\glob-stream\test\index.js,1,1492
2119,CallExpression,nan,1,-1,-1,678,8,678,42,packages\glob-stream\test\index.js,1,1493
2120,CallExpression,nan,1,-1,-1,679,8,679,45,packages\glob-stream\test\index.js,1,1494
2121,CallExpression,nan,1,-1,-1,698,8,698,42,packages\glob-stream\test\index.js,1,1495
2122,CallExpression,nan,1,-1,-1,699,8,699,45,packages\glob-stream\test\index.js,1,1496
2123,CallExpression,nan,1,-1,-1,707,8,707,42,packages\glob-stream\test\index.js,1,1497
2124,CallExpression,nan,1,-1,-1,727,8,727,42,packages\glob-stream\test\index.js,1,1498
2125,CallExpression,nan,1,-1,-1,755,8,755,75,packages\glob-stream\test\index.js,1,1499
2126,CallExpression,nan,0,-1,-1,756,8,756,14,packages\glob-stream\test\index.js,1,1500
2127,CallExpression,nan,1,-1,-1,764,8,764,50,packages\glob-stream\test\index.js,1,1501
2128,CallExpression,nan,0,-1,-1,765,8,765,14,packages\glob-stream\test\index.js,1,1502
2129,CallExpression,nan,1,-1,-1,773,8,773,50,packages\glob-stream\test\index.js,1,1503
2130,CallExpression,nan,0,-1,-1,774,8,774,14,packages\glob-stream\test\index.js,1,1504
2131,CallExpression,nan,1,-1,-1,785,8,785,46,packages\glob-stream\test\index.js,1,1505
2132,CallExpression,nan,1,-1,-1,786,8,786,75,packages\glob-stream\test\index.js,1,1506
2133,CallExpression,nan,0,-1,-1,787,8,787,14,packages\glob-stream\test\index.js,1,1507
2134,CallExpression,nan,1,-1,-1,801,8,801,75,packages\glob-stream\test\index.js,1,1508
2135,CallExpression,nan,0,-1,-1,802,8,802,14,packages\glob-stream\test\index.js,1,1509
2136,CallExpression,nan,1,-1,-1,822,8,822,42,packages\glob-stream\test\index.js,1,1510
2137,CallExpression,nan,1,-1,-1,823,8,823,45,packages\glob-stream\test\index.js,1,1511
2138,CallExpression,nan,1,-1,-1,873,8,873,39,packages\glob-stream\test\index.js,1,1512
2139,CallExpression,nan,1,-1,-1,874,8,874,52,packages\glob-stream\test\index.js,1,1513
2140,CallExpression,nan,1,-1,-1,875,8,875,52,packages\glob-stream\test\index.js,1,1514
2141,CallExpression,nan,1,-1,-1,876,8,876,52,packages\glob-stream\test\index.js,1,1515
2142,CallExpression,nan,1,-1,-1,877,8,877,52,packages\glob-stream\test\index.js,1,1516
2143,CallExpression,nan,1,-1,-1,878,8,878,52,packages\glob-stream\test\index.js,1,1517
2144,CallExpression,nan,1,-1,-1,879,8,879,52,packages\glob-stream\test\index.js,1,1518
2145,CallExpression,nan,2,-1,-1,895,8,910,9,packages\glob-stream\test\index.js,1,1519
2146,Identifier,done,-1,-1,-1,961,62,961,66,packages\glob-stream\test\index.js,1,1520
2148,BlockStatement,nan,-1,-1,-1,961,68,983,7,packages\glob-stream\test\index.js,1,1521
2149,Identifier,done,-1,-1,-1,985,69,985,73,packages\glob-stream\test\index.js,1,1522
2151,BlockStatement,nan,-1,-1,-1,985,75,1007,7,packages\glob-stream\test\index.js,1,1523
2152,Identifier,done,-1,-1,-1,1009,65,1009,69,packages\glob-stream\test\index.js,1,1524
2154,BlockStatement,nan,-1,-1,-1,1009,71,1025,7,packages\glob-stream\test\index.js,1,1525
2155,Identifier,done,-1,-1,-1,1027,68,1027,72,packages\glob-stream\test\index.js,1,1526
2157,BlockStatement,nan,-1,-1,-1,1027,74,1044,7,packages\glob-stream\test\index.js,1,1527
2158,CallExpression,nan,1,-1,-1,1049,8,1049,74,packages\glob-stream\test\index.js,1,1528
2159,CallExpression,nan,0,-1,-1,1050,8,1050,14,packages\glob-stream\test\index.js,1,1529
2161,BlockStatement,nan,-1,-1,-1,1058,33,1058,35,packages\glob-stream\test\index.js,1,1530
2162,CallExpression,nan,1,-1,-1,1080,8,1080,42,packages\glob-stream\test\index.js,1,1531
2163,CallExpression,nan,1,-1,-1,1081,8,1081,41,packages\glob-stream\test\index.js,1,1532
2164,CallExpression,nan,1,-1,-1,1095,8,1095,39,packages\glob-stream\test\index.js,1,1533
2165,CallExpression,nan,1,-1,-1,1096,8,1096,51,packages\glob-stream\test\index.js,1,1534
2166,CallExpression,nan,1,-1,-1,1125,8,1125,39,packages\glob-stream\test\index.js,1,1535
2167,CallExpression,nan,1,-1,-1,1126,8,1126,52,packages\glob-stream\test\index.js,1,1536
2168,CallExpression,nan,1,-1,-1,1127,8,1127,52,packages\glob-stream\test\index.js,1,1537
2169,CallExpression,nan,1,-1,-1,1128,8,1128,52,packages\glob-stream\test\index.js,1,1538
2170,CallExpression,nan,2,-1,-1,1144,8,1146,15,packages\glob-stream\test\index.js,1,1539
2171,CallExpression,nan,1,-1,-1,1150,8,1150,42,packages\glob-stream\test\index.js,1,1540
2172,CallExpression,nan,0,-1,-1,1172,8,1172,23,packages\glob-stream\test\index.js,1,1541
2173,CallExpression,nan,1,-1,-1,1173,8,1173,48,packages\glob-stream\test\index.js,1,1542
2174,CallExpression,nan,1,-1,-1,1174,8,1174,75,packages\glob-stream\test\index.js,1,1543
2175,CallExpression,nan,0,-1,-1,1175,8,1175,14,packages\glob-stream\test\index.js,1,1544
2176,CallExpression,nan,0,-1,-1,1187,8,1187,23,packages\glob-stream\test\index.js,1,1545
2177,CallExpression,nan,1,-1,-1,1188,8,1188,48,packages\glob-stream\test\index.js,1,1546
2178,CallExpression,nan,1,-1,-1,1189,8,1189,75,packages\glob-stream\test\index.js,1,1547
2179,CallExpression,nan,0,-1,-1,1190,8,1190,14,packages\glob-stream\test\index.js,1,1548
2180,CallExpression,nan,1,-1,-1,1202,8,1202,25,packages\glob-stream\test\index.js,1,1549
2181,CallExpression,nan,0,-1,-1,1209,8,1209,23,packages\glob-stream\test\index.js,1,1550
2182,CallExpression,nan,1,-1,-1,1210,8,1210,40,packages\glob-stream\test\index.js,1,1551
2183,CallExpression,nan,1,-1,-1,1211,8,1211,39,packages\glob-stream\test\index.js,1,1552
2184,CallExpression,nan,0,-1,-1,1212,8,1212,14,packages\glob-stream\test\index.js,1,1553
2185,CallExpression,nan,1,-1,-1,1224,8,1224,25,packages\glob-stream\test\index.js,1,1554
2186,CallExpression,nan,0,-1,-1,1231,8,1231,23,packages\glob-stream\test\index.js,1,1555
2187,CallExpression,nan,1,-1,-1,1232,8,1232,40,packages\glob-stream\test\index.js,1,1556
2188,CallExpression,nan,1,-1,-1,1233,8,1233,39,packages\glob-stream\test\index.js,1,1557
2189,CallExpression,nan,0,-1,-1,1234,8,1234,14,packages\glob-stream\test\index.js,1,1558
2191,BlockStatement,nan,-1,-1,-1,1247,33,1251,7,packages\glob-stream\test\index.js,1,1559
2192,CallExpression,nan,1,-1,-1,1264,8,1264,50,packages\glob-stream\test\index.js,1,1560
2193,CallExpression,nan,1,-1,-1,1278,8,1278,50,packages\glob-stream\test\index.js,1,1561
2195,MemberExpression,nan,-1,-1,-1,55,8,55,39,packages\glob-stream\test\index.js,1,1562
2196,Identifier,expected,-1,-1,-1,56,36,56,44,packages\glob-stream\test\index.js,1,1563
2197,MemberExpression,nan,-1,-1,-1,56,8,56,35,packages\glob-stream\test\index.js,1,1564
2199,MemberExpression,nan,-1,-1,-1,73,8,73,39,packages\glob-stream\test\index.js,1,1565
2200,Identifier,expected,-1,-1,-1,74,36,74,44,packages\glob-stream\test\index.js,1,1566
2201,MemberExpression,nan,-1,-1,-1,74,8,74,35,packages\glob-stream\test\index.js,1,1567
2203,MemberExpression,nan,-1,-1,-1,91,8,91,39,packages\glob-stream\test\index.js,1,1568
2204,Identifier,expected,-1,-1,-1,92,36,92,44,packages\glob-stream\test\index.js,1,1569
2205,MemberExpression,nan,-1,-1,-1,92,8,92,35,packages\glob-stream\test\index.js,1,1570
2207,MemberExpression,nan,-1,-1,-1,112,8,112,39,packages\glob-stream\test\index.js,1,1571
2208,Identifier,expected,-1,-1,-1,113,36,113,44,packages\glob-stream\test\index.js,1,1572
2209,MemberExpression,nan,-1,-1,-1,113,8,113,35,packages\glob-stream\test\index.js,1,1573
2211,MemberExpression,nan,-1,-1,-1,132,8,132,39,packages\glob-stream\test\index.js,1,1574
2212,Identifier,expected,-1,-1,-1,133,36,133,44,packages\glob-stream\test\index.js,1,1575
2213,MemberExpression,nan,-1,-1,-1,133,8,133,35,packages\glob-stream\test\index.js,1,1576
2215,MemberExpression,nan,-1,-1,-1,150,8,150,39,packages\glob-stream\test\index.js,1,1577
2216,Identifier,expected,-1,-1,-1,151,36,151,44,packages\glob-stream\test\index.js,1,1578
2217,MemberExpression,nan,-1,-1,-1,151,8,151,35,packages\glob-stream\test\index.js,1,1579
2219,MemberExpression,nan,-1,-1,-1,178,8,178,39,packages\glob-stream\test\index.js,1,1580
2220,MemberExpression,nan,-1,-1,-1,179,40,179,51,packages\glob-stream\test\index.js,1,1581
2221,MemberExpression,nan,-1,-1,-1,179,8,179,39,packages\glob-stream\test\index.js,1,1582
2222,MemberExpression,nan,-1,-1,-1,180,40,180,51,packages\glob-stream\test\index.js,1,1583
2223,MemberExpression,nan,-1,-1,-1,180,8,180,39,packages\glob-stream\test\index.js,1,1584
2225,MemberExpression,nan,-1,-1,-1,199,8,199,39,packages\glob-stream\test\index.js,1,1585
2226,Identifier,expected,-1,-1,-1,200,36,200,44,packages\glob-stream\test\index.js,1,1586
2227,MemberExpression,nan,-1,-1,-1,200,8,200,35,packages\glob-stream\test\index.js,1,1587
2229,MemberExpression,nan,-1,-1,-1,217,8,217,39,packages\glob-stream\test\index.js,1,1588
2230,Identifier,expected,-1,-1,-1,218,36,218,44,packages\glob-stream\test\index.js,1,1589
2231,MemberExpression,nan,-1,-1,-1,218,8,218,35,packages\glob-stream\test\index.js,1,1590
2233,MemberExpression,nan,-1,-1,-1,258,8,258,39,packages\glob-stream\test\index.js,1,1591
2234,MemberExpression,nan,-1,-1,-1,259,40,259,51,packages\glob-stream\test\index.js,1,1592
2235,MemberExpression,nan,-1,-1,-1,259,8,259,39,packages\glob-stream\test\index.js,1,1593
2236,MemberExpression,nan,-1,-1,-1,260,40,260,51,packages\glob-stream\test\index.js,1,1594
2237,MemberExpression,nan,-1,-1,-1,260,8,260,39,packages\glob-stream\test\index.js,1,1595
2238,MemberExpression,nan,-1,-1,-1,261,40,261,51,packages\glob-stream\test\index.js,1,1596
2239,MemberExpression,nan,-1,-1,-1,261,8,261,39,packages\glob-stream\test\index.js,1,1597
2241,MemberExpression,nan,-1,-1,-1,298,8,298,39,packages\glob-stream\test\index.js,1,1598
2242,MemberExpression,nan,-1,-1,-1,299,40,299,51,packages\glob-stream\test\index.js,1,1599
2243,MemberExpression,nan,-1,-1,-1,299,8,299,39,packages\glob-stream\test\index.js,1,1600
2244,MemberExpression,nan,-1,-1,-1,300,40,300,51,packages\glob-stream\test\index.js,1,1601
2245,MemberExpression,nan,-1,-1,-1,300,8,300,39,packages\glob-stream\test\index.js,1,1602
2246,MemberExpression,nan,-1,-1,-1,301,40,301,51,packages\glob-stream\test\index.js,1,1603
2247,MemberExpression,nan,-1,-1,-1,301,8,301,39,packages\glob-stream\test\index.js,1,1604
2249,MemberExpression,nan,-1,-1,-1,360,8,360,39,packages\glob-stream\test\index.js,1,1605
2250,MemberExpression,nan,-1,-1,-1,361,40,361,51,packages\glob-stream\test\index.js,1,1606
2251,MemberExpression,nan,-1,-1,-1,361,8,361,39,packages\glob-stream\test\index.js,1,1607
2252,MemberExpression,nan,-1,-1,-1,362,40,362,51,packages\glob-stream\test\index.js,1,1608
2253,MemberExpression,nan,-1,-1,-1,362,8,362,39,packages\glob-stream\test\index.js,1,1609
2254,MemberExpression,nan,-1,-1,-1,363,40,363,51,packages\glob-stream\test\index.js,1,1610
2255,MemberExpression,nan,-1,-1,-1,363,8,363,39,packages\glob-stream\test\index.js,1,1611
2256,MemberExpression,nan,-1,-1,-1,364,40,364,51,packages\glob-stream\test\index.js,1,1612
2257,MemberExpression,nan,-1,-1,-1,364,8,364,39,packages\glob-stream\test\index.js,1,1613
2258,MemberExpression,nan,-1,-1,-1,365,40,365,51,packages\glob-stream\test\index.js,1,1614
2259,MemberExpression,nan,-1,-1,-1,365,8,365,39,packages\glob-stream\test\index.js,1,1615
2260,MemberExpression,nan,-1,-1,-1,366,40,366,51,packages\glob-stream\test\index.js,1,1616
2261,MemberExpression,nan,-1,-1,-1,366,8,366,39,packages\glob-stream\test\index.js,1,1617
2262,MemberExpression,nan,-1,-1,-1,367,40,367,51,packages\glob-stream\test\index.js,1,1618
2263,MemberExpression,nan,-1,-1,-1,367,8,367,39,packages\glob-stream\test\index.js,1,1619
2264,MemberExpression,nan,-1,-1,-1,376,8,376,17,packages\glob-stream\test\index.js,1,1620
2265,MemberExpression,nan,-1,-1,-1,375,39,375,50,packages\glob-stream\test\index.js,1,1621
2266,CallExpression,nan,2,-1,-1,384,25,384,66,packages\glob-stream\test\index.js,1,1622
2268,MemberExpression,nan,-1,-1,-1,384,8,384,24,packages\glob-stream\test\index.js,1,1623
2269,Identifier,i,-1,-1,-1,388,24,388,25,packages\glob-stream\test\index.js,1,1624
2272,Identifier,largeDir,-1,-1,-1,391,21,391,29,packages\glob-stream\test\index.js,1,1625
2273,MemberExpression,nan,-1,-1,-1,391,8,391,20,packages\glob-stream\test\index.js,1,1626
2275,MemberExpression,nan,-1,-1,-1,393,8,393,39,packages\glob-stream\test\index.js,1,1627
2276,Identifier,testFile,-1,-1,-1,439,22,439,30,packages\glob-stream\test\index.js,1,1628
2278,MemberExpression,nan,-1,-1,-1,439,8,439,21,packages\glob-stream\test\index.js,1,1629
2280,MemberExpression,nan,-1,-1,-1,440,8,440,39,packages\glob-stream\test\index.js,1,1630
2281,MemberExpression,nan,-1,-1,-1,441,40,441,51,packages\glob-stream\test\index.js,1,1631
2282,MemberExpression,nan,-1,-1,-1,441,8,441,39,packages\glob-stream\test\index.js,1,1632
2283,MemberExpression,nan,-1,-1,-1,442,40,442,51,packages\glob-stream\test\index.js,1,1633
2284,MemberExpression,nan,-1,-1,-1,442,8,442,39,packages\glob-stream\test\index.js,1,1634
2285,MemberExpression,nan,-1,-1,-1,443,40,443,51,packages\glob-stream\test\index.js,1,1635
2286,MemberExpression,nan,-1,-1,-1,443,8,443,39,packages\glob-stream\test\index.js,1,1636
2287,MemberExpression,nan,-1,-1,-1,444,40,444,51,packages\glob-stream\test\index.js,1,1637
2288,MemberExpression,nan,-1,-1,-1,444,8,444,39,packages\glob-stream\test\index.js,1,1638
2289,Identifier,prevCwd,-1,-1,-1,461,22,461,29,packages\glob-stream\test\index.js,1,1639
2290,MemberExpression,nan,-1,-1,-1,461,8,461,21,packages\glob-stream\test\index.js,1,1640
2292,MemberExpression,nan,-1,-1,-1,463,8,463,39,packages\glob-stream\test\index.js,1,1641
2293,Identifier,expected,-1,-1,-1,464,36,464,44,packages\glob-stream\test\index.js,1,1642
2294,MemberExpression,nan,-1,-1,-1,464,8,464,35,packages\glob-stream\test\index.js,1,1643
2296,MemberExpression,nan,-1,-1,-1,482,8,482,39,packages\glob-stream\test\index.js,1,1644
2297,Identifier,expected,-1,-1,-1,483,36,483,44,packages\glob-stream\test\index.js,1,1645
2298,MemberExpression,nan,-1,-1,-1,483,8,483,35,packages\glob-stream\test\index.js,1,1646
2300,MemberExpression,nan,-1,-1,-1,497,8,497,39,packages\glob-stream\test\index.js,1,1647
2301,Identifier,expected,-1,-1,-1,498,36,498,44,packages\glob-stream\test\index.js,1,1648
2302,MemberExpression,nan,-1,-1,-1,498,8,498,35,packages\glob-stream\test\index.js,1,1649
2304,MemberExpression,nan,-1,-1,-1,520,8,520,39,packages\glob-stream\test\index.js,1,1650
2305,Identifier,expected,-1,-1,-1,521,36,521,44,packages\glob-stream\test\index.js,1,1651
2306,MemberExpression,nan,-1,-1,-1,521,8,521,35,packages\glob-stream\test\index.js,1,1652
2308,MemberExpression,nan,-1,-1,-1,558,8,558,39,packages\glob-stream\test\index.js,1,1653
2309,MemberExpression,nan,-1,-1,-1,559,40,559,51,packages\glob-stream\test\index.js,1,1654
2310,MemberExpression,nan,-1,-1,-1,559,8,559,39,packages\glob-stream\test\index.js,1,1655
2311,MemberExpression,nan,-1,-1,-1,560,40,560,51,packages\glob-stream\test\index.js,1,1656
2312,MemberExpression,nan,-1,-1,-1,560,8,560,39,packages\glob-stream\test\index.js,1,1657
2314,MemberExpression,nan,-1,-1,-1,577,8,577,39,packages\glob-stream\test\index.js,1,1658
2316,MemberExpression,nan,-1,-1,-1,594,8,594,39,packages\glob-stream\test\index.js,1,1659
2317,Identifier,expected,-1,-1,-1,595,36,595,44,packages\glob-stream\test\index.js,1,1660
2318,MemberExpression,nan,-1,-1,-1,595,8,595,35,packages\glob-stream\test\index.js,1,1661
2320,MemberExpression,nan,-1,-1,-1,609,8,609,39,packages\glob-stream\test\index.js,1,1662
2322,MemberExpression,nan,-1,-1,-1,632,8,632,39,packages\glob-stream\test\index.js,1,1663
2323,Identifier,expected,-1,-1,-1,633,36,633,44,packages\glob-stream\test\index.js,1,1664
2324,MemberExpression,nan,-1,-1,-1,633,8,633,35,packages\glob-stream\test\index.js,1,1665
2326,MemberExpression,nan,-1,-1,-1,650,8,650,39,packages\glob-stream\test\index.js,1,1666
2327,Identifier,expected,-1,-1,-1,651,36,651,44,packages\glob-stream\test\index.js,1,1667
2328,MemberExpression,nan,-1,-1,-1,651,8,651,35,packages\glob-stream\test\index.js,1,1668
2330,MemberExpression,nan,-1,-1,-1,678,8,678,39,packages\glob-stream\test\index.js,1,1669
2331,Identifier,expected,-1,-1,-1,679,36,679,44,packages\glob-stream\test\index.js,1,1670
2332,MemberExpression,nan,-1,-1,-1,679,8,679,35,packages\glob-stream\test\index.js,1,1671
2334,MemberExpression,nan,-1,-1,-1,698,8,698,39,packages\glob-stream\test\index.js,1,1672
2335,Identifier,expected,-1,-1,-1,699,36,699,44,packages\glob-stream\test\index.js,1,1673
2336,MemberExpression,nan,-1,-1,-1,699,8,699,35,packages\glob-stream\test\index.js,1,1674
2338,MemberExpression,nan,-1,-1,-1,707,8,707,39,packages\glob-stream\test\index.js,1,1675
2340,MemberExpression,nan,-1,-1,-1,727,8,727,39,packages\glob-stream\test\index.js,1,1676
2342,MemberExpression,nan,-1,-1,-1,755,8,755,38,packages\glob-stream\test\index.js,1,1677
2343,Identifier,done,-1,-1,-1,756,8,756,12,packages\glob-stream\test\index.js,1,1678
2344,CallExpression,nan,0,-1,-1,764,32,764,49,packages\glob-stream\test\index.js,1,1679
2345,MemberExpression,nan,-1,-1,-1,764,8,764,31,packages\glob-stream\test\index.js,1,1680
2346,Identifier,done,-1,-1,-1,765,8,765,12,packages\glob-stream\test\index.js,1,1681
2347,CallExpression,nan,0,-1,-1,773,32,773,49,packages\glob-stream\test\index.js,1,1682
2348,MemberExpression,nan,-1,-1,-1,773,8,773,31,packages\glob-stream\test\index.js,1,1683
2349,Identifier,done,-1,-1,-1,774,8,774,12,packages\glob-stream\test\index.js,1,1684
2350,CallExpression,nan,0,-1,-1,785,28,785,45,packages\glob-stream\test\index.js,1,1685
2351,MemberExpression,nan,-1,-1,-1,785,8,785,27,packages\glob-stream\test\index.js,1,1686
2353,MemberExpression,nan,-1,-1,-1,786,8,786,38,packages\glob-stream\test\index.js,1,1687
2354,Identifier,done,-1,-1,-1,787,8,787,12,packages\glob-stream\test\index.js,1,1688
2356,MemberExpression,nan,-1,-1,-1,801,8,801,38,packages\glob-stream\test\index.js,1,1689
2357,Identifier,done,-1,-1,-1,802,8,802,12,packages\glob-stream\test\index.js,1,1690
2359,MemberExpression,nan,-1,-1,-1,822,8,822,39,packages\glob-stream\test\index.js,1,1691
2360,Identifier,expected,-1,-1,-1,823,36,823,44,packages\glob-stream\test\index.js,1,1692
2361,MemberExpression,nan,-1,-1,-1,823,8,823,35,packages\glob-stream\test\index.js,1,1693
2363,MemberExpression,nan,-1,-1,-1,873,8,873,36,packages\glob-stream\test\index.js,1,1694
2364,MemberExpression,nan,-1,-1,-1,874,40,874,51,packages\glob-stream\test\index.js,1,1695
2365,MemberExpression,nan,-1,-1,-1,874,8,874,39,packages\glob-stream\test\index.js,1,1696
2366,MemberExpression,nan,-1,-1,-1,875,40,875,51,packages\glob-stream\test\index.js,1,1697
2367,MemberExpression,nan,-1,-1,-1,875,8,875,39,packages\glob-stream\test\index.js,1,1698
2368,MemberExpression,nan,-1,-1,-1,876,40,876,51,packages\glob-stream\test\index.js,1,1699
2369,MemberExpression,nan,-1,-1,-1,876,8,876,39,packages\glob-stream\test\index.js,1,1700
2370,MemberExpression,nan,-1,-1,-1,877,40,877,51,packages\glob-stream\test\index.js,1,1701
2371,MemberExpression,nan,-1,-1,-1,877,8,877,39,packages\glob-stream\test\index.js,1,1702
2372,MemberExpression,nan,-1,-1,-1,878,40,878,51,packages\glob-stream\test\index.js,1,1703
2373,MemberExpression,nan,-1,-1,-1,878,8,878,39,packages\glob-stream\test\index.js,1,1704
2374,MemberExpression,nan,-1,-1,-1,879,40,879,51,packages\glob-stream\test\index.js,1,1705
2375,MemberExpression,nan,-1,-1,-1,879,8,879,39,packages\glob-stream\test\index.js,1,1706
2376,ArrayExpression,nan,-1,-1,-1,896,10,908,11,packages\glob-stream\test\index.js,1,1707
2377,Identifier,done,-1,-1,-1,909,10,909,14,packages\glob-stream\test\index.js,1,1708
2378,MemberExpression,nan,-1,-1,-1,895,8,895,23,packages\glob-stream\test\index.js,1,1709
2379,VariableDeclaration,nan,-1,-1,-1,962,8,966,10,packages\glob-stream\test\index.js,1,1710
2380,FunctionDeclaration,nan,-1,1,0,968,8,971,9,packages\glob-stream\test\index.js,1,1711
2382,VariableDeclaration,nan,-1,-1,-1,986,8,990,10,packages\glob-stream\test\index.js,1,1712
2383,FunctionDeclaration,nan,-1,1,0,992,8,995,9,packages\glob-stream\test\index.js,1,1713
2385,FunctionDeclaration,nan,-1,1,0,1010,8,1012,9,packages\glob-stream\test\index.js,1,1714
2387,VariableDeclaration,nan,-1,-1,-1,1028,8,1028,77,packages\glob-stream\test\index.js,1,1715
2388,FunctionDeclaration,nan,-1,1,0,1030,8,1032,9,packages\glob-stream\test\index.js,1,1716
2391,MemberExpression,nan,-1,-1,-1,1049,8,1049,35,packages\glob-stream\test\index.js,1,1717
2392,Identifier,done,-1,-1,-1,1050,8,1050,12,packages\glob-stream\test\index.js,1,1718
2394,MemberExpression,nan,-1,-1,-1,1080,8,1080,39,packages\glob-stream\test\index.js,1,1719
2395,Identifier,stub,-1,-1,-1,1081,36,1081,40,packages\glob-stream\test\index.js,1,1720
2396,MemberExpression,nan,-1,-1,-1,1081,8,1081,35,packages\glob-stream\test\index.js,1,1721
2398,MemberExpression,nan,-1,-1,-1,1095,8,1095,36,packages\glob-stream\test\index.js,1,1722
2399,Identifier,expected,-1,-1,-1,1096,42,1096,50,packages\glob-stream\test\index.js,1,1723
2400,MemberExpression,nan,-1,-1,-1,1096,8,1096,41,packages\glob-stream\test\index.js,1,1724
2402,MemberExpression,nan,-1,-1,-1,1125,8,1125,36,packages\glob-stream\test\index.js,1,1725
2403,MemberExpression,nan,-1,-1,-1,1126,40,1126,51,packages\glob-stream\test\index.js,1,1726
2404,MemberExpression,nan,-1,-1,-1,1126,8,1126,39,packages\glob-stream\test\index.js,1,1727
2405,MemberExpression,nan,-1,-1,-1,1127,40,1127,51,packages\glob-stream\test\index.js,1,1728
2406,MemberExpression,nan,-1,-1,-1,1127,8,1127,39,packages\glob-stream\test\index.js,1,1729
2407,MemberExpression,nan,-1,-1,-1,1128,40,1128,51,packages\glob-stream\test\index.js,1,1730
2408,MemberExpression,nan,-1,-1,-1,1128,8,1128,39,packages\glob-stream\test\index.js,1,1731
2409,FunctionExpression,nan,-1,0,0,1144,19,1146,9,packages\glob-stream\test\index.js,1,1732
2411,Identifier,setTimeout,-1,-1,-1,1144,8,1144,18,packages\glob-stream\test\index.js,1,1733
2413,MemberExpression,nan,-1,-1,-1,1150,8,1150,39,packages\glob-stream\test\index.js,1,1734
2414,MemberExpression,nan,-1,-1,-1,1172,8,1172,21,packages\glob-stream\test\index.js,1,1735
2415,Identifier,err,-1,-1,-1,1173,44,1173,47,packages\glob-stream\test\index.js,1,1736
2416,MemberExpression,nan,-1,-1,-1,1173,8,1173,43,packages\glob-stream\test\index.js,1,1737
2418,MemberExpression,nan,-1,-1,-1,1174,8,1174,38,packages\glob-stream\test\index.js,1,1738
2419,Identifier,done,-1,-1,-1,1175,8,1175,12,packages\glob-stream\test\index.js,1,1739
2420,MemberExpression,nan,-1,-1,-1,1187,8,1187,21,packages\glob-stream\test\index.js,1,1740
2421,Identifier,err,-1,-1,-1,1188,44,1188,47,packages\glob-stream\test\index.js,1,1741
2422,MemberExpression,nan,-1,-1,-1,1188,8,1188,43,packages\glob-stream\test\index.js,1,1742
2424,MemberExpression,nan,-1,-1,-1,1189,8,1189,38,packages\glob-stream\test\index.js,1,1743
2425,Identifier,done,-1,-1,-1,1190,8,1190,12,packages\glob-stream\test\index.js,1,1744
2426,Identifier,expectedError,-1,-1,-1,1202,11,1202,24,packages\glob-stream\test\index.js,1,1745
2427,Identifier,cb,-1,-1,-1,1202,8,1202,10,packages\glob-stream\test\index.js,1,1746
2428,MemberExpression,nan,-1,-1,-1,1209,8,1209,21,packages\glob-stream\test\index.js,1,1747
2430,MemberExpression,nan,-1,-1,-1,1210,8,1210,34,packages\glob-stream\test\index.js,1,1748
2431,Identifier,expectedError,-1,-1,-1,1211,25,1211,38,packages\glob-stream\test\index.js,1,1749
2432,MemberExpression,nan,-1,-1,-1,1211,8,1211,24,packages\glob-stream\test\index.js,1,1750
2433,Identifier,done,-1,-1,-1,1212,8,1212,12,packages\glob-stream\test\index.js,1,1751
2434,Identifier,expectedError,-1,-1,-1,1224,11,1224,24,packages\glob-stream\test\index.js,1,1752
2435,Identifier,cb,-1,-1,-1,1224,8,1224,10,packages\glob-stream\test\index.js,1,1753
2436,MemberExpression,nan,-1,-1,-1,1231,8,1231,21,packages\glob-stream\test\index.js,1,1754
2438,MemberExpression,nan,-1,-1,-1,1232,8,1232,34,packages\glob-stream\test\index.js,1,1755
2439,Identifier,expectedError,-1,-1,-1,1233,25,1233,38,packages\glob-stream\test\index.js,1,1756
2440,MemberExpression,nan,-1,-1,-1,1233,8,1233,24,packages\glob-stream\test\index.js,1,1757
2441,Identifier,done,-1,-1,-1,1234,8,1234,12,packages\glob-stream\test\index.js,1,1758
2446,MemberExpression,nan,-1,-1,-1,1264,8,1264,46,packages\glob-stream\test\index.js,1,1759
2448,MemberExpression,nan,-1,-1,-1,1278,8,1278,46,packages\glob-stream\test\index.js,1,1760
2449,Identifier,largeDir,-1,-1,-1,384,35,384,43,packages\glob-stream\test\index.js,1,1761
2451,MemberExpression,nan,-1,-1,-1,384,25,384,34,packages\glob-stream\test\index.js,1,1762
2453,Identifier,i,-1,-1,-1,384,78,384,79,packages\glob-stream\test\index.js,1,1763
2454,CallExpression,nan,1,-1,-1,389,10,389,66,packages\glob-stream\test\index.js,1,1764
2455,MemberExpression,nan,-1,-1,-1,764,32,764,47,packages\glob-stream\test\index.js,1,1765
2456,MemberExpression,nan,-1,-1,-1,773,32,773,47,packages\glob-stream\test\index.js,1,1766
2457,MemberExpression,nan,-1,-1,-1,785,28,785,43,packages\glob-stream\test\index.js,1,1767
2458,Identifier,assert,-1,-1,-1,968,17,968,23,packages\glob-stream\test\index.js,1,1768
2459,Identifier,pathObjs,-1,-1,-1,968,24,968,32,packages\glob-stream\test\index.js,1,1769
2461,BlockStatement,nan,-1,-1,-1,968,34,971,9,packages\glob-stream\test\index.js,1,1770
2462,CallExpression,nan,2,-1,-1,973,8,982,9,packages\glob-stream\test\index.js,1,1771
2463,Identifier,assert,-1,-1,-1,992,17,992,23,packages\glob-stream\test\index.js,1,1772
2464,Identifier,pathObjs,-1,-1,-1,992,24,992,32,packages\glob-stream\test\index.js,1,1773
2466,BlockStatement,nan,-1,-1,-1,992,34,995,9,packages\glob-stream\test\index.js,1,1774
2467,CallExpression,nan,2,-1,-1,997,8,1006,9,packages\glob-stream\test\index.js,1,1775
2468,Identifier,assert,-1,-1,-1,1010,17,1010,23,packages\glob-stream\test\index.js,1,1776
2469,Identifier,pathObjs,-1,-1,-1,1010,24,1010,32,packages\glob-stream\test\index.js,1,1777
2471,BlockStatement,nan,-1,-1,-1,1010,34,1012,9,packages\glob-stream\test\index.js,1,1778
2472,CallExpression,nan,2,-1,-1,1014,8,1024,9,packages\glob-stream\test\index.js,1,1779
2473,Identifier,assert,-1,-1,-1,1030,17,1030,23,packages\glob-stream\test\index.js,1,1780
2474,Identifier,pathObjs,-1,-1,-1,1030,24,1030,32,packages\glob-stream\test\index.js,1,1781
2476,BlockStatement,nan,-1,-1,-1,1030,34,1032,9,packages\glob-stream\test\index.js,1,1782
2477,CallExpression,nan,2,-1,-1,1034,8,1043,9,packages\glob-stream\test\index.js,1,1783
2479,BlockStatement,nan,-1,-1,-1,1144,31,1146,9,packages\glob-stream\test\index.js,1,1784
2480,CallExpression,nan,0,-1,-1,1248,8,1248,23,packages\glob-stream\test\index.js,1,1785
2481,CallExpression,nan,1,-1,-1,1249,8,1249,41,packages\glob-stream\test\index.js,1,1786
2482,CallExpression,nan,0,-1,-1,1250,8,1250,14,packages\glob-stream\test\index.js,1,1787
2485,CallExpression,nan,2,-1,-1,389,24,389,65,packages\glob-stream\test\index.js,1,1788
2486,MemberExpression,nan,-1,-1,-1,389,10,389,23,packages\glob-stream\test\index.js,1,1789
2489,ArrayExpression,nan,-1,-1,-1,974,10,980,11,packages\glob-stream\test\index.js,1,1790
2490,Identifier,done,-1,-1,-1,981,10,981,14,packages\glob-stream\test\index.js,1,1791
2491,MemberExpression,nan,-1,-1,-1,973,8,973,23,packages\glob-stream\test\index.js,1,1792
2494,ArrayExpression,nan,-1,-1,-1,998,10,1004,11,packages\glob-stream\test\index.js,1,1793
2495,Identifier,done,-1,-1,-1,1005,10,1005,14,packages\glob-stream\test\index.js,1,1794
2496,MemberExpression,nan,-1,-1,-1,997,8,997,23,packages\glob-stream\test\index.js,1,1795
2498,ArrayExpression,nan,-1,-1,-1,1015,10,1022,11,packages\glob-stream\test\index.js,1,1796
2499,Identifier,done,-1,-1,-1,1023,10,1023,14,packages\glob-stream\test\index.js,1,1797
2500,MemberExpression,nan,-1,-1,-1,1014,8,1014,23,packages\glob-stream\test\index.js,1,1798
2502,ArrayExpression,nan,-1,-1,-1,1035,10,1041,11,packages\glob-stream\test\index.js,1,1799
2503,Identifier,done,-1,-1,-1,1042,10,1042,14,packages\glob-stream\test\index.js,1,1800
2504,MemberExpression,nan,-1,-1,-1,1034,8,1034,23,packages\glob-stream\test\index.js,1,1801
2506,MemberExpression,nan,-1,-1,-1,1248,8,1248,21,packages\glob-stream\test\index.js,1,1802
2508,MemberExpression,nan,-1,-1,-1,1249,8,1249,34,packages\glob-stream\test\index.js,1,1803
2509,Identifier,done,-1,-1,-1,1250,8,1250,12,packages\glob-stream\test\index.js,1,1804
2511,Identifier,i,-1,-1,-1,384,55,384,56,packages\glob-stream\test\index.js,1,1805
2512,Identifier,largeDir,-1,-1,-1,389,34,389,42,packages\glob-stream\test\index.js,1,1806
2514,MemberExpression,nan,-1,-1,-1,389,24,389,33,packages\glob-stream\test\index.js,1,1807
2515,CallExpression,nan,1,-1,-1,969,10,969,44,packages\glob-stream\test\index.js,1,1808
2516,CallExpression,nan,1,-1,-1,970,10,970,47,packages\glob-stream\test\index.js,1,1809
2517,CallExpression,nan,1,-1,-1,993,10,993,44,packages\glob-stream\test\index.js,1,1810
2518,CallExpression,nan,1,-1,-1,994,10,994,47,packages\glob-stream\test\index.js,1,1811
2519,CallExpression,nan,1,-1,-1,1011,10,1011,44,packages\glob-stream\test\index.js,1,1812
2520,CallExpression,nan,1,-1,-1,1031,10,1031,44,packages\glob-stream\test\index.js,1,1813
2521,CallExpression,nan,2,-1,-1,1145,10,1145,27,packages\glob-stream\test\index.js,1,1814
2525,MemberExpression,nan,-1,-1,-1,969,10,969,41,packages\glob-stream\test\index.js,1,1815
2526,Identifier,expected,-1,-1,-1,970,38,970,46,packages\glob-stream\test\index.js,1,1816
2527,MemberExpression,nan,-1,-1,-1,970,10,970,37,packages\glob-stream\test\index.js,1,1817
2529,MemberExpression,nan,-1,-1,-1,993,10,993,41,packages\glob-stream\test\index.js,1,1818
2530,Identifier,expected,-1,-1,-1,994,38,994,46,packages\glob-stream\test\index.js,1,1819
2531,MemberExpression,nan,-1,-1,-1,994,10,994,37,packages\glob-stream\test\index.js,1,1820
2533,MemberExpression,nan,-1,-1,-1,1011,10,1011,41,packages\glob-stream\test\index.js,1,1821
2535,MemberExpression,nan,-1,-1,-1,1031,10,1031,41,packages\glob-stream\test\index.js,1,1822
2537,Identifier,pathObj,-1,-1,-1,1145,19,1145,26,packages\glob-stream\test\index.js,1,1823
2538,Identifier,cb,-1,-1,-1,1145,10,1145,12,packages\glob-stream\test\index.js,1,1824
2540,Identifier,i,-1,-1,-1,389,54,389,55,packages\glob-stream\test\index.js,1,1825
2541,Program,nan,-1,-1,-1,1,0,1,5,packages\glob-stream\test\fixtures\whatsgoingon\test.js,1,1826
2543,Identifier,what,-1,-1,-1,1,0,1,4,packages\glob-stream\test\fixtures\whatsgoingon\test.js,1,1827
