id,type,name,params_len,argument_len,returns,start_line,start_column,end_line,end_column,file_name,file_is_index_or_test,new_id
1,Program,nan,-1,-1,-1,1,0,29,29,packages\juice\client.js,0,0
3,VariableDeclaration,nan,-1,-1,-1,3,0,3,39,packages\juice\client.js,0,1
4,VariableDeclaration,nan,-1,-1,-1,4,0,4,46,packages\juice\client.js,0,2
5,VariableDeclaration,nan,-1,-1,-1,15,0,17,3,packages\juice\client.js,0,3
6,VariableDeclaration,nan,-1,-1,-1,19,0,21,1,packages\juice\client.js,0,4
11,AssignmentExpression,nan,-1,-1,-1,23,0,25,1,packages\juice\client.js,0,5
12,AssignmentExpression,nan,-1,-1,-1,27,0,27,43,packages\juice\client.js,0,6
13,AssignmentExpression,nan,-1,-1,-1,29,0,29,28,packages\juice\client.js,0,7
14,MemberExpression,nan,-1,-1,-1,23,0,23,25,packages\juice\client.js,0,8
15,FunctionExpression,nan,-1,3,1,23,28,25,1,packages\juice\client.js,0,9
16,MemberExpression,nan,-1,-1,-1,27,0,27,22,packages\juice\client.js,0,10
17,MemberExpression,nan,-1,-1,-1,27,25,27,43,packages\juice\client.js,0,11
18,MemberExpression,nan,-1,-1,-1,29,0,29,14,packages\juice\client.js,0,12
19,Identifier,juiceClient,-1,-1,-1,29,17,29,28,packages\juice\client.js,0,13
20,Identifier,html,-1,-1,-1,23,37,23,41,packages\juice\client.js,0,14
21,Identifier,css,-1,-1,-1,23,43,23,46,packages\juice\client.js,0,15
22,Identifier,options,-1,-1,-1,23,48,23,55,packages\juice\client.js,0,16
24,BlockStatement,nan,-1,-1,-1,23,57,25,1,packages\juice\client.js,0,17
25,ReturnStatement,nan,1,-1,-1,24,2,24,107,packages\juice\client.js,0,18
26,CallExpression,nan,4,-1,-1,24,9,24,106,packages\juice\client.js,0,19
27,Identifier,html,-1,-1,-1,24,17,24,21,packages\juice\client.js,0,20
28,ObjectExpression,nan,-1,-1,-1,24,23,24,61,packages\juice\client.js,0,21
29,MemberExpression,nan,-1,-1,-1,24,63,24,89,packages\juice\client.js,0,22
30,ArrayExpression,nan,-1,-1,-1,24,91,24,105,packages\juice\client.js,0,23
31,Identifier,cheerio,-1,-1,-1,24,9,24,16,packages\juice\client.js,0,24
32,Program,nan,-1,-1,-1,1,1,69,1,packages\juice\index.js,1,25
34,VariableDeclaration,nan,-1,-1,-1,7,0,7,35,packages\juice\index.js,1,26
35,VariableDeclaration,nan,-1,-1,-1,8,0,8,44,packages\juice\index.js,1,27
36,VariableDeclaration,nan,-1,-1,-1,9,0,9,23,packages\juice\index.js,1,28
37,VariableDeclaration,nan,-1,-1,-1,10,0,10,27,packages\juice\index.js,1,29
38,VariableDeclaration,nan,-1,-1,-1,11,0,11,45,packages\juice\index.js,1,30
39,VariableDeclaration,nan,-1,-1,-1,12,0,12,38,packages\juice\index.js,1,31
40,VariableDeclaration,nan,-1,-1,-1,13,0,13,39,packages\juice\index.js,1,32
41,VariableDeclaration,nan,-1,-1,-1,14,0,14,24,packages\juice\index.js,1,33
50,FunctionDeclaration,nan,-1,3,0,28,0,47,1,packages\juice\index.js,1,34
51,FunctionDeclaration,nan,-1,3,0,49,0,52,1,packages\juice\index.js,1,35
52,FunctionDeclaration,nan,-1,3,0,54,0,69,1,packages\juice\index.js,1,36
54,AssignmentExpression,nan,-1,-1,-1,16,0,16,22,packages\juice\index.js,1,37
55,AssignmentExpression,nan,-1,-1,-1,18,0,18,35,packages\juice\index.js,1,38
56,AssignmentExpression,nan,-1,-1,-1,20,0,20,31,packages\juice\index.js,1,39
57,AssignmentExpression,nan,-1,-1,-1,21,0,21,31,packages\juice\index.js,1,40
58,AssignmentExpression,nan,-1,-1,-1,22,0,22,19,packages\juice\index.js,1,41
59,AssignmentExpression,nan,-1,-1,-1,24,0,24,27,packages\juice\index.js,1,42
60,AssignmentExpression,nan,-1,-1,-1,25,0,25,37,packages\juice\index.js,1,43
61,AssignmentExpression,nan,-1,-1,-1,26,0,26,37,packages\juice\index.js,1,44
62,Identifier,juiceFile,-1,-1,-1,28,9,28,18,packages\juice\index.js,1,45
63,Identifier,filePath,-1,-1,-1,28,19,28,27,packages\juice\index.js,1,46
64,Identifier,options,-1,-1,-1,28,29,28,36,packages\juice\index.js,1,47
65,Identifier,callback,-1,-1,-1,28,38,28,46,packages\juice\index.js,1,48
67,BlockStatement,nan,-1,-1,-1,28,48,47,1,packages\juice\index.js,1,49
68,Identifier,inlineExternal,-1,-1,-1,49,9,49,23,packages\juice\index.js,1,50
69,Identifier,html,-1,-1,-1,49,24,49,28,packages\juice\index.js,1,51
70,Identifier,inlineOptions,-1,-1,-1,49,30,49,43,packages\juice\index.js,1,52
71,Identifier,callback,-1,-1,-1,49,45,49,53,packages\juice\index.js,1,53
73,BlockStatement,nan,-1,-1,-1,49,55,52,1,packages\juice\index.js,1,54
74,Identifier,juiceResources,-1,-1,-1,54,9,54,23,packages\juice\index.js,1,55
75,Identifier,html,-1,-1,-1,54,24,54,28,packages\juice\index.js,1,56
76,Identifier,options,-1,-1,-1,54,30,54,37,packages\juice\index.js,1,57
77,Identifier,callback,-1,-1,-1,54,39,54,47,packages\juice\index.js,1,58
79,BlockStatement,nan,-1,-1,-1,54,49,69,1,packages\juice\index.js,1,59
80,MemberExpression,nan,-1,-1,-1,16,0,16,14,packages\juice\index.js,1,60
81,Identifier,juice,-1,-1,-1,16,17,16,22,packages\juice\index.js,1,61
82,MemberExpression,nan,-1,-1,-1,18,0,18,13,packages\juice\index.js,1,62
83,MemberExpression,nan,-1,-1,-1,18,16,18,35,packages\juice\index.js,1,63
84,MemberExpression,nan,-1,-1,-1,20,0,20,14,packages\juice\index.js,1,64
85,MemberExpression,nan,-1,-1,-1,20,17,20,31,packages\juice\index.js,1,65
86,MemberExpression,nan,-1,-1,-1,21,0,21,14,packages\juice\index.js,1,66
87,MemberExpression,nan,-1,-1,-1,21,17,21,31,packages\juice\index.js,1,67
88,MemberExpression,nan,-1,-1,-1,22,0,22,11,packages\juice\index.js,1,68
89,Identifier,utils,-1,-1,-1,22,14,22,19,packages\juice\index.js,1,69
90,MemberExpression,nan,-1,-1,-1,24,0,24,15,packages\juice\index.js,1,70
91,Identifier,juiceFile,-1,-1,-1,24,18,24,27,packages\juice\index.js,1,71
92,MemberExpression,nan,-1,-1,-1,25,0,25,20,packages\juice\index.js,1,72
93,Identifier,juiceResources,-1,-1,-1,25,23,25,37,packages\juice\index.js,1,73
94,MemberExpression,nan,-1,-1,-1,26,0,26,20,packages\juice\index.js,1,74
95,Identifier,inlineExternal,-1,-1,-1,26,23,26,37,packages\juice\index.js,1,75
97,VariableDeclaration,nan,-1,-1,-1,50,2,50,66,packages\juice\index.js,1,76
100,VariableDeclaration,nan,-1,-1,-1,57,2,65,4,packages\juice\index.js,1,77
103,CallExpression,nan,3,-1,-1,30,2,46,4,packages\juice\index.js,1,78
104,CallExpression,nan,2,-1,-1,51,2,51,32,packages\juice\index.js,1,79
105,AssignmentExpression,nan,-1,-1,-1,55,2,55,44,packages\juice\index.js,1,80
106,AssignmentExpression,nan,-1,-1,-1,67,2,67,82,packages\juice\index.js,1,81
107,CallExpression,nan,3,-1,-1,68,2,68,54,packages\juice\index.js,1,82
108,Identifier,filePath,-1,-1,-1,30,14,30,22,packages\juice\index.js,1,83
110,FunctionExpression,nan,-1,2,1,30,32,46,3,packages\juice\index.js,1,84
111,MemberExpression,nan,-1,-1,-1,30,2,30,13,packages\juice\index.js,1,85
112,Identifier,options,-1,-1,-1,51,14,51,21,packages\juice\index.js,1,86
113,Identifier,callback,-1,-1,-1,51,23,51,31,packages\juice\index.js,1,87
114,MemberExpression,nan,-1,-1,-1,51,2,51,13,packages\juice\index.js,1,88
115,Identifier,options,-1,-1,-1,55,2,55,9,packages\juice\index.js,1,89
116,CallExpression,nan,1,-1,-1,55,12,55,44,packages\juice\index.js,1,90
117,MemberExpression,nan,-1,-1,-1,67,2,67,33,packages\juice\index.js,1,91
118,LogicalExpression,nan,-1,-1,-1,67,36,67,82,packages\juice\index.js,1,92
119,Identifier,html,-1,-1,-1,68,17,68,21,packages\juice\index.js,1,93
120,MemberExpression,nan,-1,-1,-1,68,23,68,43,packages\juice\index.js,1,94
121,Identifier,onInline,-1,-1,-1,68,45,68,53,packages\juice\index.js,1,95
122,Identifier,inlineExternal,-1,-1,-1,68,2,68,16,packages\juice\index.js,1,96
123,Identifier,err,-1,-1,-1,30,41,30,44,packages\juice\index.js,1,97
124,Identifier,content,-1,-1,-1,30,46,30,53,packages\juice\index.js,1,98
126,BlockStatement,nan,-1,-1,-1,30,55,46,3,packages\juice\index.js,1,99
127,Identifier,options,-1,-1,-1,55,36,55,43,packages\juice\index.js,1,100
128,MemberExpression,nan,-1,-1,-1,55,12,55,35,packages\juice\index.js,1,101
129,MemberExpression,nan,-1,-1,-1,67,36,67,67,packages\juice\index.js,1,102
130,MemberExpression,nan,-1,-1,-1,67,71,67,82,packages\juice\index.js,1,103
131,IfStatement,nan,-1,-1,-1,31,4,33,5,packages\juice\index.js,1,104
133,IfStatement,nan,-1,-1,-1,36,4,40,5,packages\juice\index.js,1,105
134,IfStatement,nan,-1,-1,-1,41,4,44,5,packages\juice\index.js,1,106
136,BlockStatement,nan,-1,-1,-1,31,13,33,5,packages\juice\index.js,1,107
137,Identifier,err,-1,-1,-1,31,8,31,11,packages\juice\index.js,1,108
138,AssignmentExpression,nan,-1,-1,-1,34,4,34,46,packages\juice\index.js,1,109
139,BlockStatement,nan,-1,-1,-1,36,28,40,5,packages\juice\index.js,1,110
140,MemberExpression,nan,-1,-1,-1,36,8,36,26,packages\juice\index.js,1,111
141,BlockStatement,nan,-1,-1,-1,41,42,44,5,packages\juice\index.js,1,112
142,UnaryExpression,nan,1,-1,-1,41,8,41,40,packages\juice\index.js,1,113
143,CallExpression,nan,3,-1,-1,45,4,45,46,packages\juice\index.js,1,114
144,ReturnStatement,nan,1,-1,-1,32,6,32,27,packages\juice\index.js,1,115
145,Identifier,options,-1,-1,-1,34,4,34,11,packages\juice\index.js,1,116
146,CallExpression,nan,1,-1,-1,34,14,34,46,packages\juice\index.js,1,117
148,VariableDeclaration,nan,-1,-1,-1,42,6,42,68,packages\juice\index.js,1,118
150,MemberExpression,nan,-1,-1,-1,41,9,41,40,packages\juice\index.js,1,119
151,Identifier,content,-1,-1,-1,45,19,45,26,packages\juice\index.js,1,120
152,Identifier,options,-1,-1,-1,45,28,45,35,packages\juice\index.js,1,121
153,Identifier,callback,-1,-1,-1,45,37,45,45,packages\juice\index.js,1,122
154,Identifier,juiceResources,-1,-1,-1,45,4,45,18,packages\juice\index.js,1,123
155,CallExpression,nan,1,-1,-1,32,13,32,26,packages\juice\index.js,1,124
156,Identifier,options,-1,-1,-1,34,38,34,45,packages\juice\index.js,1,125
157,MemberExpression,nan,-1,-1,-1,34,14,34,37,packages\juice\index.js,1,126
158,CallExpression,nan,1,-1,-1,37,6,39,8,packages\juice\index.js,1,127
159,AssignmentExpression,nan,-1,-1,-1,43,6,43,43,packages\juice\index.js,1,128
160,Identifier,err,-1,-1,-1,32,22,32,25,packages\juice\index.js,1,129
161,Identifier,callback,-1,-1,-1,32,13,32,21,packages\juice\index.js,1,130
162,FunctionExpression,nan,-1,1,0,37,46,39,7,packages\juice\index.js,1,131
163,MemberExpression,nan,-1,-1,-1,37,6,37,45,packages\juice\index.js,1,132
164,MemberExpression,nan,-1,-1,-1,43,6,43,37,packages\juice\index.js,1,133
165,Identifier,rel,-1,-1,-1,43,40,43,43,packages\juice\index.js,1,134
166,Identifier,key,-1,-1,-1,37,55,37,58,packages\juice\index.js,1,135
168,BlockStatement,nan,-1,-1,-1,37,60,39,7,packages\juice\index.js,1,136
170,AssignmentExpression,nan,-1,-1,-1,38,8,38,55,packages\juice\index.js,1,137
171,MemberExpression,nan,-1,-1,-1,38,8,38,29,packages\juice\index.js,1,138
172,MemberExpression,nan,-1,-1,-1,38,32,38,55,packages\juice\index.js,1,139
173,Program,nan,-1,-1,-1,1,0,73,2,packages\juice\lib\cheerio.js,0,140
175,VariableDeclaration,nan,-1,-1,-1,6,0,6,33,packages\juice\lib\cheerio.js,0,141
176,VariableDeclaration,nan,-1,-1,-1,7,0,7,31,packages\juice\lib\cheerio.js,0,142
177,VariableDeclaration,nan,-1,-1,-1,9,0,14,2,packages\juice\lib\cheerio.js,0,143
178,VariableDeclaration,nan,-1,-1,-1,16,0,45,2,packages\juice\lib\cheerio.js,0,144
182,AssignmentExpression,nan,-1,-1,-1,56,0,68,1,packages\juice\lib\cheerio.js,0,145
183,AssignmentExpression,nan,-1,-1,-1,70,0,73,1,packages\juice\lib\cheerio.js,0,146
184,MemberExpression,nan,-1,-1,-1,56,0,56,14,packages\juice\lib\cheerio.js,0,147
185,FunctionExpression,nan,-1,4,1,56,17,68,1,packages\juice\lib\cheerio.js,0,148
186,MemberExpression,nan,-1,-1,-1,70,0,70,25,packages\juice\lib\cheerio.js,0,149
187,ObjectExpression,nan,-1,-1,-1,70,28,73,1,packages\juice\lib\cheerio.js,0,150
188,Identifier,html,-1,-1,-1,56,26,56,30,packages\juice\lib\cheerio.js,0,151
189,Identifier,options,-1,-1,-1,56,32,56,39,packages\juice\lib\cheerio.js,0,152
190,Identifier,callback,-1,-1,-1,56,41,56,49,packages\juice\lib\cheerio.js,0,153
191,Identifier,callbackExtraArguments,-1,-1,-1,56,51,56,73,packages\juice\lib\cheerio.js,0,154
193,BlockStatement,nan,-1,-1,-1,56,75,68,1,packages\juice\lib\cheerio.js,0,155
194,VariableDeclaration,nan,-1,-1,-1,57,2,57,50,packages\juice\lib\cheerio.js,0,156
195,VariableDeclaration,nan,-1,-1,-1,59,2,59,70,packages\juice\lib\cheerio.js,0,157
196,VariableDeclaration,nan,-1,-1,-1,60,2,60,19,packages\juice\lib\cheerio.js,0,158
198,VariableDeclaration,nan,-1,-1,-1,62,2,62,49,packages\juice\lib\cheerio.js,0,159
199,IfStatement,nan,-1,-1,-1,64,2,66,3,packages\juice\lib\cheerio.js,0,160
200,ReturnStatement,nan,1,-1,-1,67,2,67,53,packages\juice\lib\cheerio.js,0,161
201,CallExpression,nan,2,-1,-1,61,2,61,47,packages\juice\lib\cheerio.js,0,162
202,BlockStatement,nan,-1,-1,-1,64,34,66,3,packages\juice\lib\cheerio.js,0,163
203,LogicalExpression,nan,-1,-1,-1,64,6,64,32,packages\juice\lib\cheerio.js,0,164
204,CallExpression,nan,1,-1,-1,67,9,67,52,packages\juice\lib\cheerio.js,0,165
205,Identifier,args,-1,-1,-1,61,18,61,22,packages\juice\lib\cheerio.js,0,166
206,Identifier,callbackExtraArguments,-1,-1,-1,61,24,61,46,packages\juice\lib\cheerio.js,0,167
207,MemberExpression,nan,-1,-1,-1,61,2,61,17,packages\juice\lib\cheerio.js,0,168
208,ReturnStatement,nan,1,-1,-1,65,4,65,54,packages\juice\lib\cheerio.js,0,169
209,Identifier,options,-1,-1,-1,64,6,64,13,packages\juice\lib\cheerio.js,0,170
210,MemberExpression,nan,-1,-1,-1,64,17,64,32,packages\juice\lib\cheerio.js,0,171
211,CallExpression,nan,0,-1,-1,67,41,67,51,packages\juice\lib\cheerio.js,0,172
212,MemberExpression,nan,-1,-1,-1,67,9,67,40,packages\juice\lib\cheerio.js,0,173
213,CallExpression,nan,1,-1,-1,65,11,65,53,packages\juice\lib\cheerio.js,0,174
214,MemberExpression,nan,-1,-1,-1,67,41,67,49,packages\juice\lib\cheerio.js,0,175
215,CallExpression,nan,0,-1,-1,65,43,65,52,packages\juice\lib\cheerio.js,0,176
216,MemberExpression,nan,-1,-1,-1,65,11,65,42,packages\juice\lib\cheerio.js,0,177
217,MemberExpression,nan,-1,-1,-1,65,43,65,50,packages\juice\lib\cheerio.js,0,178
218,Program,nan,-1,-1,-1,1,0,147,2,packages\juice\lib\cli.js,0,179
220,VariableDeclaration,nan,-1,-1,-1,3,0,3,39,packages\juice\lib\cli.js,0,180
221,VariableDeclaration,nan,-1,-1,-1,4,0,4,32,packages\juice\lib\cli.js,0,181
222,VariableDeclaration,nan,-1,-1,-1,6,0,6,13,packages\juice\lib\cli.js,0,182
228,AssignmentExpression,nan,-1,-1,-1,8,0,8,20,packages\juice\lib\cli.js,0,183
229,AssignmentExpression,nan,-1,-1,-1,10,0,24,1,packages\juice\lib\cli.js,0,184
230,AssignmentExpression,nan,-1,-1,-1,26,0,126,1,packages\juice\lib\cli.js,0,185
231,AssignmentExpression,nan,-1,-1,-1,128,0,147,1,packages\juice\lib\cli.js,0,186
232,MemberExpression,nan,-1,-1,-1,8,0,8,14,packages\juice\lib\cli.js,0,187
233,Identifier,cli,-1,-1,-1,8,17,8,20,packages\juice\lib\cli.js,0,188
234,MemberExpression,nan,-1,-1,-1,10,0,10,14,packages\juice\lib\cli.js,0,189
235,FunctionExpression,nan,-1,0,1,10,17,24,1,packages\juice\lib\cli.js,0,190
236,MemberExpression,nan,-1,-1,-1,26,0,26,11,packages\juice\lib\cli.js,0,191
237,ObjectExpression,nan,-1,-1,-1,26,14,126,1,packages\juice\lib\cli.js,0,192
238,MemberExpression,nan,-1,-1,-1,128,0,128,17,packages\juice\lib\cli.js,0,193
239,FunctionExpression,nan,-1,1,1,128,20,147,1,packages\juice\lib\cli.js,0,194
241,BlockStatement,nan,-1,-1,-1,10,28,24,1,packages\juice\lib\cli.js,0,195
242,Identifier,program,-1,-1,-1,128,29,128,36,packages\juice\lib\cli.js,0,196
244,BlockStatement,nan,-1,-1,-1,128,38,147,1,packages\juice\lib\cli.js,0,197
248,ReturnStatement,nan,1,-1,-1,23,2,23,17,packages\juice\lib\cli.js,0,198
249,VariableDeclaration,nan,-1,-1,-1,129,2,129,36,packages\juice\lib\cli.js,0,199
251,ReturnStatement,nan,1,-1,-1,146,2,146,16,packages\juice\lib\cli.js,0,200
252,CallExpression,nan,1,-1,-1,11,2,15,46,packages\juice\lib\cli.js,0,201
253,CallExpression,nan,1,-1,-1,17,2,19,4,packages\juice\lib\cli.js,0,202
254,CallExpression,nan,1,-1,-1,21,2,21,29,packages\juice\lib\cli.js,0,203
255,Identifier,program,-1,-1,-1,23,9,23,16,packages\juice\lib\cli.js,0,204
256,CallExpression,nan,1,-1,-1,130,2,144,4,packages\juice\lib\cli.js,0,205
257,Identifier,result,-1,-1,-1,146,9,146,15,packages\juice\lib\cli.js,0,206
259,MemberExpression,nan,-1,-1,-1,11,2,15,10,packages\juice\lib\cli.js,0,207
260,FunctionExpression,nan,-1,1,0,17,35,19,3,packages\juice\lib\cli.js,0,208
261,MemberExpression,nan,-1,-1,-1,17,2,17,34,packages\juice\lib\cli.js,0,209
262,MemberExpression,nan,-1,-1,-1,21,16,21,28,packages\juice\lib\cli.js,0,210
263,MemberExpression,nan,-1,-1,-1,21,2,21,15,packages\juice\lib\cli.js,0,211
264,FunctionExpression,nan,-1,1,0,130,35,144,3,packages\juice\lib\cli.js,0,212
265,MemberExpression,nan,-1,-1,-1,130,2,130,34,packages\juice\lib\cli.js,0,213
266,Identifier,key,-1,-1,-1,17,44,17,47,packages\juice\lib\cli.js,0,214
268,BlockStatement,nan,-1,-1,-1,17,49,19,3,packages\juice\lib\cli.js,0,215
269,Identifier,key,-1,-1,-1,130,44,130,47,packages\juice\lib\cli.js,0,216
271,BlockStatement,nan,-1,-1,-1,130,49,144,3,packages\juice\lib\cli.js,0,217
273,VariableDeclaration,nan,-1,-1,-1,131,4,131,34,packages\juice\lib\cli.js,0,218
274,VariableDeclaration,nan,-1,-1,-1,132,4,132,52,packages\juice\lib\cli.js,0,219
275,IfStatement,nan,-1,-1,-1,133,4,143,5,packages\juice\lib\cli.js,0,220
276,CallExpression,nan,2,-1,-1,18,4,18,65,packages\juice\lib\cli.js,0,221
277,BlockStatement,nan,-1,-1,-1,133,29,143,5,packages\juice\lib\cli.js,0,222
280,MemberExpression,nan,-1,-1,-1,18,44,18,64,packages\juice\lib\cli.js,0,223
281,MemberExpression,nan,-1,-1,-1,18,4,18,18,packages\juice\lib\cli.js,0,224
282,IfStatement,nan,-1,-1,-1,134,6,136,7,packages\juice\lib\cli.js,0,225
283,IfStatement,nan,-1,-1,-1,138,6,142,7,packages\juice\lib\cli.js,0,226
284,Identifier,value,-1,-1,-1,133,8,133,13,packages\juice\lib\cli.js,0,227
285,Identifier,undefined,-1,-1,-1,133,18,133,27,packages\juice\lib\cli.js,0,228
288,BlockStatement,nan,-1,-1,-1,134,27,136,7,packages\juice\lib\cli.js,0,229
289,MemberExpression,nan,-1,-1,-1,134,10,134,25,packages\juice\lib\cli.js,0,230
290,BlockStatement,nan,-1,-1,-1,138,45,140,7,packages\juice\lib\cli.js,0,231
291,CallExpression,nan,1,-1,-1,138,10,138,43,packages\juice\lib\cli.js,0,232
293,Identifier,key,-1,-1,-1,18,26,18,29,packages\juice\lib\cli.js,0,233
297,MemberExpression,nan,-1,-1,-1,138,10,138,27,packages\juice\lib\cli.js,0,234
298,AssignmentExpression,nan,-1,-1,-1,135,8,135,38,packages\juice\lib\cli.js,0,235
299,AssignmentExpression,nan,-1,-1,-1,139,8,139,47,packages\juice\lib\cli.js,0,236
300,Identifier,value,-1,-1,-1,135,8,135,13,packages\juice\lib\cli.js,0,237
301,CallExpression,nan,1,-1,-1,135,16,135,38,packages\juice\lib\cli.js,0,238
302,MemberExpression,nan,-1,-1,-1,139,8,139,39,packages\juice\lib\cli.js,0,239
303,Identifier,value,-1,-1,-1,139,42,139,47,packages\juice\lib\cli.js,0,240
304,Identifier,value,-1,-1,-1,135,32,135,37,packages\juice\lib\cli.js,0,241
305,MemberExpression,nan,-1,-1,-1,135,16,135,31,packages\juice\lib\cli.js,0,242
306,Program,nan,-1,-1,-1,1,0,581,2,packages\juice\lib\inline.js,0,243
308,VariableDeclaration,nan,-1,-1,-1,3,0,3,37,packages\juice\lib\inline.js,0,244
309,VariableDeclaration,nan,-1,-1,-1,5,0,5,31,packages\juice\lib\inline.js,0,245
310,VariableDeclaration,nan,-1,-1,-1,6,0,6,35,packages\juice\lib\inline.js,0,246
311,VariableDeclaration,nan,-1,-1,-1,7,0,7,39,packages\juice\lib\inline.js,0,247
314,AssignmentExpression,nan,-1,-1,-1,9,0,581,1,packages\juice\lib\inline.js,0,248
315,MemberExpression,nan,-1,-1,-1,9,0,9,14,packages\juice\lib\inline.js,0,249
316,FunctionExpression,nan,-1,1,1,9,17,581,1,packages\juice\lib\inline.js,0,250
317,Identifier,makeJuiceClient,-1,-1,-1,9,26,9,41,packages\juice\lib\inline.js,0,251
318,Identifier,juiceClient,-1,-1,-1,9,42,9,53,packages\juice\lib\inline.js,0,252
320,BlockStatement,nan,-1,-1,-1,9,55,581,1,packages\juice\lib\inline.js,0,253
330,FunctionDeclaration,nan,-1,3,1,26,2,388,3,packages\juice\lib\inline.js,0,254
331,FunctionDeclaration,nan,-1,1,1,390,2,392,3,packages\juice\lib\inline.js,0,255
332,FunctionDeclaration,nan,-1,2,0,394,2,410,3,packages\juice\lib\inline.js,0,256
333,FunctionDeclaration,nan,-1,1,1,412,2,462,3,packages\juice\lib\inline.js,0,257
334,FunctionDeclaration,nan,-1,1,1,465,2,480,3,packages\juice\lib\inline.js,0,258
335,FunctionDeclaration,nan,-1,1,1,482,2,484,3,packages\juice\lib\inline.js,0,259
336,FunctionDeclaration,nan,-1,1,1,486,2,490,3,packages\juice\lib\inline.js,0,260
337,FunctionDeclaration,nan,-1,2,1,492,2,505,3,packages\juice\lib\inline.js,0,261
338,FunctionDeclaration,nan,-1,3,0,507,2,535,3,packages\juice\lib\inline.js,0,262
339,FunctionDeclaration,nan,-1,2,1,537,2,572,3,packages\juice\lib\inline.js,0,263
340,FunctionDeclaration,nan,-1,2,1,574,2,578,3,packages\juice\lib\inline.js,0,264
341,ReturnStatement,nan,1,-1,-1,580,2,580,21,packages\juice\lib\inline.js,0,265
342,AssignmentExpression,nan,-1,-1,-1,10,2,10,78,packages\juice\lib\inline.js,0,266
343,AssignmentExpression,nan,-1,-1,-1,11,2,11,58,packages\juice\lib\inline.js,0,267
344,AssignmentExpression,nan,-1,-1,-1,12,2,12,59,packages\juice\lib\inline.js,0,268
345,AssignmentExpression,nan,-1,-1,-1,13,2,13,114,packages\juice\lib\inline.js,0,269
346,AssignmentExpression,nan,-1,-1,-1,14,2,14,108,packages\juice\lib\inline.js,0,270
347,AssignmentExpression,nan,-1,-1,-1,15,2,20,3,packages\juice\lib\inline.js,0,271
348,AssignmentExpression,nan,-1,-1,-1,21,2,21,37,packages\juice\lib\inline.js,0,272
349,AssignmentExpression,nan,-1,-1,-1,23,2,23,43,packages\juice\lib\inline.js,0,273
350,AssignmentExpression,nan,-1,-1,-1,24,2,24,45,packages\juice\lib\inline.js,0,274
351,Identifier,inlineDocument,-1,-1,-1,26,11,26,25,packages\juice\lib\inline.js,0,275
352,Identifier,$,-1,-1,-1,26,26,26,27,packages\juice\lib\inline.js,0,276
353,Identifier,css,-1,-1,-1,26,29,26,32,packages\juice\lib\inline.js,0,277
354,Identifier,options,-1,-1,-1,26,34,26,41,packages\juice\lib\inline.js,0,278
356,BlockStatement,nan,-1,-1,-1,26,43,388,3,packages\juice\lib\inline.js,0,279
357,Identifier,removeImportant,-1,-1,-1,390,11,390,26,packages\juice\lib\inline.js,0,280
358,Identifier,value,-1,-1,-1,390,27,390,32,packages\juice\lib\inline.js,0,281
360,BlockStatement,nan,-1,-1,-1,390,34,392,3,packages\juice\lib\inline.js,0,282
361,Identifier,applyCounterStyle,-1,-1,-1,394,11,394,28,packages\juice\lib\inline.js,0,283
362,Identifier,counter,-1,-1,-1,394,29,394,36,packages\juice\lib\inline.js,0,284
363,Identifier,style,-1,-1,-1,394,38,394,43,packages\juice\lib\inline.js,0,285
365,BlockStatement,nan,-1,-1,-1,394,45,410,3,packages\juice\lib\inline.js,0,286
366,Identifier,parseContent,-1,-1,-1,412,11,412,23,packages\juice\lib\inline.js,0,287
367,Identifier,el,-1,-1,-1,412,24,412,26,packages\juice\lib\inline.js,0,288
369,BlockStatement,nan,-1,-1,-1,412,28,462,3,packages\juice\lib\inline.js,0,289
370,Identifier,getPseudoElementType,-1,-1,-1,465,11,465,31,packages\juice\lib\inline.js,0,290
371,Identifier,selector,-1,-1,-1,465,32,465,40,packages\juice\lib\inline.js,0,291
373,BlockStatement,nan,-1,-1,-1,465,42,480,3,packages\juice\lib\inline.js,0,292
374,Identifier,isPseudoElementName,-1,-1,-1,482,11,482,30,packages\juice\lib\inline.js,0,293
375,Identifier,pseudo,-1,-1,-1,482,31,482,37,packages\juice\lib\inline.js,0,294
377,BlockStatement,nan,-1,-1,-1,482,39,484,3,packages\juice\lib\inline.js,0,295
378,Identifier,filterElementPseudos,-1,-1,-1,486,11,486,31,packages\juice\lib\inline.js,0,296
379,Identifier,pseudos,-1,-1,-1,486,32,486,39,packages\juice\lib\inline.js,0,297
381,BlockStatement,nan,-1,-1,-1,486,41,490,3,packages\juice\lib\inline.js,0,298
382,Identifier,juiceDocument,-1,-1,-1,492,11,492,24,packages\juice\lib\inline.js,0,299
383,Identifier,$,-1,-1,-1,492,25,492,26,packages\juice\lib\inline.js,0,300
384,Identifier,options,-1,-1,-1,492,28,492,35,packages\juice\lib\inline.js,0,301
386,BlockStatement,nan,-1,-1,-1,492,37,505,3,packages\juice\lib\inline.js,0,302
387,Identifier,updateStyleTags,-1,-1,-1,507,11,507,26,packages\juice\lib\inline.js,0,303
388,Identifier,$,-1,-1,-1,507,27,507,28,packages\juice\lib\inline.js,0,304
389,Identifier,inlinedSelectors,-1,-1,-1,507,30,507,46,packages\juice\lib\inline.js,0,305
390,Identifier,options,-1,-1,-1,507,48,507,55,packages\juice\lib\inline.js,0,306
392,BlockStatement,nan,-1,-1,-1,507,57,535,3,packages\juice\lib\inline.js,0,307
393,Identifier,getStylesData,-1,-1,-1,537,11,537,24,packages\juice\lib\inline.js,0,308
394,Identifier,$,-1,-1,-1,537,25,537,26,packages\juice\lib\inline.js,0,309
395,Identifier,options,-1,-1,-1,537,28,537,35,packages\juice\lib\inline.js,0,310
397,BlockStatement,nan,-1,-1,-1,537,37,572,3,packages\juice\lib\inline.js,0,311
398,Identifier,extractCssFromDocument,-1,-1,-1,574,11,574,33,packages\juice\lib\inline.js,0,312
399,Identifier,$,-1,-1,-1,574,34,574,35,packages\juice\lib\inline.js,0,313
400,Identifier,options,-1,-1,-1,574,37,574,44,packages\juice\lib\inline.js,0,314
402,BlockStatement,nan,-1,-1,-1,574,46,578,3,packages\juice\lib\inline.js,0,315
403,Identifier,juiceClient,-1,-1,-1,580,9,580,20,packages\juice\lib\inline.js,0,316
404,MemberExpression,nan,-1,-1,-1,10,2,10,28,packages\juice\lib\inline.js,0,317
405,ArrayExpression,nan,-1,-1,-1,10,31,10,78,packages\juice\lib\inline.js,0,318
406,MemberExpression,nan,-1,-1,-1,11,2,11,27,packages\juice\lib\inline.js,0,319
407,ArrayExpression,nan,-1,-1,-1,11,30,11,58,packages\juice\lib\inline.js,0,320
408,MemberExpression,nan,-1,-1,-1,12,2,12,28,packages\juice\lib\inline.js,0,321
409,ArrayExpression,nan,-1,-1,-1,12,31,12,59,packages\juice\lib\inline.js,0,322
410,MemberExpression,nan,-1,-1,-1,13,2,13,27,packages\juice\lib\inline.js,0,323
411,ArrayExpression,nan,-1,-1,-1,13,30,13,114,packages\juice\lib\inline.js,0,324
412,MemberExpression,nan,-1,-1,-1,14,2,14,31,packages\juice\lib\inline.js,0,325
413,ArrayExpression,nan,-1,-1,-1,14,34,14,108,packages\juice\lib\inline.js,0,326
414,MemberExpression,nan,-1,-1,-1,15,2,15,30,packages\juice\lib\inline.js,0,327
415,ObjectExpression,nan,-1,-1,-1,15,33,20,3,packages\juice\lib\inline.js,0,328
416,MemberExpression,nan,-1,-1,-1,21,2,21,32,packages\juice\lib\inline.js,0,329
417,ArrayExpression,nan,-1,-1,-1,21,35,21,37,packages\juice\lib\inline.js,0,330
418,MemberExpression,nan,-1,-1,-1,23,2,23,27,packages\juice\lib\inline.js,0,331
419,Identifier,juiceDocument,-1,-1,-1,23,30,23,43,packages\juice\lib\inline.js,0,332
420,MemberExpression,nan,-1,-1,-1,24,2,24,28,packages\juice\lib\inline.js,0,333
421,Identifier,inlineDocument,-1,-1,-1,24,31,24,45,packages\juice\lib\inline.js,0,334
423,VariableDeclaration,nan,-1,-1,-1,28,4,28,36,packages\juice\lib\inline.js,0,335
424,VariableDeclaration,nan,-1,-1,-1,29,4,29,28,packages\juice\lib\inline.js,0,336
425,VariableDeclaration,nan,-1,-1,-1,30,4,30,37,packages\juice\lib\inline.js,0,337
426,VariableDeclaration,nan,-1,-1,-1,31,4,31,22,packages\juice\lib\inline.js,0,338
427,VariableDeclaration,nan,-1,-1,-1,32,4,32,77,packages\juice\lib\inline.js,0,339
428,IfStatement,nan,-1,-1,-1,34,4,36,5,packages\juice\lib\inline.js,0,340
429,FunctionDeclaration,nan,-1,1,1,38,4,225,5,packages\juice\lib\inline.js,0,341
430,FunctionDeclaration,nan,-1,1,0,227,4,268,5,packages\juice\lib\inline.js,0,342
431,FunctionDeclaration,nan,-1,1,0,270,4,286,5,packages\juice\lib\inline.js,0,343
432,FunctionDeclaration,nan,-1,2,1,288,4,310,5,packages\juice\lib\inline.js,0,344
433,FunctionDeclaration,nan,-1,1,1,312,4,316,5,packages\juice\lib\inline.js,0,345
434,FunctionDeclaration,nan,-1,1,1,318,4,341,5,packages\juice\lib\inline.js,0,346
437,IfStatement,nan,-1,-1,-1,346,4,348,5,packages\juice\lib\inline.js,0,347
438,IfStatement,nan,-1,-1,-1,350,4,354,5,packages\juice\lib\inline.js,0,348
439,IfStatement,nan,-1,-1,-1,356,4,360,5,packages\juice\lib\inline.js,0,349
440,IfStatement,nan,-1,-1,-1,362,4,364,5,packages\juice\lib\inline.js,0,350
441,IfStatement,nan,-1,-1,-1,366,4,385,5,packages\juice\lib\inline.js,0,351
442,ReturnStatement,nan,1,-1,-1,387,4,387,28,packages\juice\lib\inline.js,0,352
443,ReturnStatement,nan,1,-1,-1,391,4,391,46,packages\juice\lib\inline.js,0,353
444,SwitchStatement,nan,-1,-1,-1,395,4,409,5,packages\juice\lib\inline.js,0,354
445,VariableDeclaration,nan,-1,-1,-1,413,4,413,46,packages\juice\lib\inline.js,0,355
446,IfStatement,nan,-1,-1,-1,415,4,417,5,packages\juice\lib\inline.js,0,356
447,VariableDeclaration,nan,-1,-1,-1,419,4,419,72,packages\juice\lib\inline.js,0,357
448,IfStatement,nan,-1,-1,-1,420,4,423,5,packages\juice\lib\inline.js,0,358
449,VariableDeclaration,nan,-1,-1,-1,425,4,425,20,packages\juice\lib\inline.js,0,359
450,VariableDeclaration,nan,-1,-1,-1,427,4,427,39,packages\juice\lib\inline.js,0,360
451,ForStatement,nan,-1,-1,-1,428,4,456,5,packages\juice\lib\inline.js,0,361
454,ReturnStatement,nan,1,-1,-1,461,4,461,19,packages\juice\lib\inline.js,0,362
455,IfStatement,nan,-1,-1,-1,466,4,468,5,packages\juice\lib\inline.js,0,363
456,VariableDeclaration,nan,-1,-1,-1,470,4,470,56,packages\juice\lib\inline.js,0,364
457,IfStatement,nan,-1,-1,-1,471,4,473,5,packages\juice\lib\inline.js,0,365
458,ForStatement,nan,-1,-1,-1,475,4,479,5,packages\juice\lib\inline.js,0,366
459,ReturnStatement,nan,1,-1,-1,483,4,483,63,packages\juice\lib\inline.js,0,367
460,ReturnStatement,nan,1,-1,-1,487,4,489,7,packages\juice\lib\inline.js,0,368
462,VariableDeclaration,nan,-1,-1,-1,494,4,494,49,packages\juice\lib\inline.js,0,369
464,VariableDeclaration,nan,-1,-1,-1,497,4,497,59,packages\juice\lib\inline.js,0,370
465,IfStatement,nan,-1,-1,-1,500,4,502,5,packages\juice\lib\inline.js,0,371
466,ReturnStatement,nan,1,-1,-1,504,4,504,13,packages\juice\lib\inline.js,0,372
467,VariableDeclaration,nan,-1,-1,-1,508,4,508,32,packages\juice\lib\inline.js,0,373
469,VariableDeclaration,nan,-1,-1,-1,538,4,538,21,packages\juice\lib\inline.js,0,374
470,VariableDeclaration,nan,-1,-1,-1,539,4,539,32,packages\juice\lib\inline.js,0,375
471,VariableDeclaration,nan,-1,-1,-1,540,4,540,47,packages\juice\lib\inline.js,0,376
473,ReturnStatement,nan,1,-1,-1,571,4,571,19,packages\juice\lib\inline.js,0,377
474,VariableDeclaration,nan,-1,-1,-1,575,4,575,44,packages\juice\lib\inline.js,0,378
475,VariableDeclaration,nan,-1,-1,-1,576,4,576,33,packages\juice\lib\inline.js,0,379
476,ReturnStatement,nan,1,-1,-1,577,4,577,15,packages\juice\lib\inline.js,0,380
477,AssignmentExpression,nan,-1,-1,-1,27,4,27,27,packages\juice\lib\inline.js,0,381
478,BlockStatement,nan,-1,-1,-1,34,36,36,5,packages\juice\lib\inline.js,0,382
479,MemberExpression,nan,-1,-1,-1,34,8,34,34,packages\juice\lib\inline.js,0,383
480,Identifier,handleRule,-1,-1,-1,38,13,38,23,packages\juice\lib\inline.js,0,384
481,Identifier,rule,-1,-1,-1,38,24,38,28,packages\juice\lib\inline.js,0,385
483,BlockStatement,nan,-1,-1,-1,38,30,225,5,packages\juice\lib\inline.js,0,386
484,Identifier,setStyleAttrs,-1,-1,-1,227,13,227,26,packages\juice\lib\inline.js,0,387
485,Identifier,el,-1,-1,-1,227,27,227,29,packages\juice\lib\inline.js,0,388
487,BlockStatement,nan,-1,-1,-1,227,31,268,5,packages\juice\lib\inline.js,0,389
488,Identifier,inlinePseudoElements,-1,-1,-1,270,13,270,33,packages\juice\lib\inline.js,0,390
489,Identifier,el,-1,-1,-1,270,34,270,36,packages\juice\lib\inline.js,0,391
491,BlockStatement,nan,-1,-1,-1,270,38,286,5,packages\juice\lib\inline.js,0,392
492,Identifier,setDimensionAttrs,-1,-1,-1,288,13,288,30,packages\juice\lib\inline.js,0,393
493,Identifier,el,-1,-1,-1,288,31,288,33,packages\juice\lib\inline.js,0,394
494,Identifier,dimension,-1,-1,-1,288,35,288,44,packages\juice\lib\inline.js,0,395
496,BlockStatement,nan,-1,-1,-1,288,46,310,5,packages\juice\lib\inline.js,0,396
497,Identifier,extractBackgroundUrl,-1,-1,-1,312,13,312,33,packages\juice\lib\inline.js,0,397
498,Identifier,value,-1,-1,-1,312,34,312,39,packages\juice\lib\inline.js,0,398
500,BlockStatement,nan,-1,-1,-1,312,41,316,5,packages\juice\lib\inline.js,0,399
501,Identifier,setAttributesOnTableElements,-1,-1,-1,318,13,318,41,packages\juice\lib\inline.js,0,400
502,Identifier,el,-1,-1,-1,318,42,318,44,packages\juice\lib\inline.js,0,401
504,BlockStatement,nan,-1,-1,-1,318,46,341,5,packages\juice\lib\inline.js,0,402
505,CallExpression,nan,1,-1,-1,343,4,343,29,packages\juice\lib\inline.js,0,403
506,CallExpression,nan,1,-1,-1,344,4,344,41,packages\juice\lib\inline.js,0,404
507,BlockStatement,nan,-1,-1,-1,346,38,348,5,packages\juice\lib\inline.js,0,405
508,MemberExpression,nan,-1,-1,-1,346,8,346,36,packages\juice\lib\inline.js,0,406
509,BlockStatement,nan,-1,-1,-1,350,38,354,5,packages\juice\lib\inline.js,0,407
510,MemberExpression,nan,-1,-1,-1,350,8,350,36,packages\juice\lib\inline.js,0,408
511,BlockStatement,nan,-1,-1,-1,356,39,360,5,packages\juice\lib\inline.js,0,409
512,MemberExpression,nan,-1,-1,-1,356,8,356,37,packages\juice\lib\inline.js,0,410
513,BlockStatement,nan,-1,-1,-1,362,46,364,5,packages\juice\lib\inline.js,0,411
514,MemberExpression,nan,-1,-1,-1,362,8,362,44,packages\juice\lib\inline.js,0,412
515,BlockStatement,nan,-1,-1,-1,366,61,385,5,packages\juice\lib\inline.js,0,413
516,LogicalExpression,nan,-1,-1,-1,366,8,366,59,packages\juice\lib\inline.js,0,414
517,Identifier,inlinedSelectors,-1,-1,-1,387,11,387,27,packages\juice\lib\inline.js,0,415
518,CallExpression,nan,2,-1,-1,391,11,391,46,packages\juice\lib\inline.js,0,416
519,BlockStatement,nan,-1,-1,-1,415,52,417,5,packages\juice\lib\inline.js,0,417
520,LogicalExpression,nan,-1,-1,-1,415,8,415,50,packages\juice\lib\inline.js,0,418
521,BlockStatement,nan,-1,-1,-1,420,23,423,5,packages\juice\lib\inline.js,0,419
522,Identifier,imageUrlMatch,-1,-1,-1,420,8,420,21,packages\juice\lib\inline.js,0,420
524,BlockStatement,nan,-1,-1,-1,428,44,456,5,packages\juice\lib\inline.js,0,421
525,AssignmentExpression,nan,-1,-1,-1,458,4,458,29,packages\juice\lib\inline.js,0,422
526,AssignmentExpression,nan,-1,-1,-1,460,4,460,40,packages\juice\lib\inline.js,0,423
527,Identifier,content,-1,-1,-1,461,11,461,18,packages\juice\lib\inline.js,0,424
528,BlockStatement,nan,-1,-1,-1,466,31,468,5,packages\juice\lib\inline.js,0,425
530,BlockStatement,nan,-1,-1,-1,471,18,473,5,packages\juice\lib\inline.js,0,426
531,UnaryExpression,nan,1,-1,-1,471,8,471,16,packages\juice\lib\inline.js,0,427
533,BlockStatement,nan,-1,-1,-1,475,45,479,5,packages\juice\lib\inline.js,0,428
534,LogicalExpression,nan,-1,-1,-1,483,11,483,62,packages\juice\lib\inline.js,0,429
535,CallExpression,nan,1,-1,-1,487,11,489,6,packages\juice\lib\inline.js,0,430
536,AssignmentExpression,nan,-1,-1,-1,493,4,493,46,packages\juice\lib\inline.js,0,431
537,AssignmentExpression,nan,-1,-1,-1,495,4,495,34,packages\juice\lib\inline.js,0,432
538,BlockStatement,nan,-1,-1,-1,500,54,502,5,packages\juice\lib\inline.js,0,433
539,LogicalExpression,nan,-1,-1,-1,500,8,500,52,packages\juice\lib\inline.js,0,434
540,Identifier,$,-1,-1,-1,504,11,504,12,packages\juice\lib\inline.js,0,435
541,CallExpression,nan,1,-1,-1,509,4,534,6,packages\juice\lib\inline.js,0,436
542,CallExpression,nan,1,-1,-1,541,4,570,6,packages\juice\lib\inline.js,0,437
543,Identifier,results,-1,-1,-1,571,11,571,18,packages\juice\lib\inline.js,0,438
544,Identifier,css,-1,-1,-1,577,11,577,14,packages\juice\lib\inline.js,0,439
545,Identifier,options,-1,-1,-1,27,4,27,11,packages\juice\lib\inline.js,0,440
546,LogicalExpression,nan,-1,-1,-1,27,14,27,27,packages\juice\lib\inline.js,0,441
548,VariableDeclaration,nan,-1,-1,-1,39,6,39,24,packages\juice\lib\inline.js,0,442
549,VariableDeclaration,nan,-1,-1,-1,40,6,40,26,packages\juice\lib\inline.js,0,443
550,VariableDeclaration,nan,-1,-1,-1,41,6,41,45,packages\juice\lib\inline.js,0,444
551,VariableDeclaration,nan,-1,-1,-1,42,6,42,45,packages\juice\lib\inline.js,0,445
552,IfStatement,nan,-1,-1,-1,44,6,46,7,packages\juice\lib\inline.js,0,446
553,VariableDeclaration,nan,-1,-1,-1,48,6,48,67,packages\juice\lib\inline.js,0,447
554,ForStatement,nan,-1,-1,-1,51,6,61,7,packages\juice\lib\inline.js,0,448
555,IfStatement,nan,-1,-1,-1,63,6,69,7,packages\juice\lib\inline.js,0,449
556,VariableDeclaration,nan,-1,-1,-1,71,6,71,14,packages\juice\lib\inline.js,0,450
557,TryStatement,nan,-1,-1,-1,72,6,77,7,packages\juice\lib\inline.js,0,451
558,VariableDeclaration,nan,-1,-1,-1,80,6,80,34,packages\juice\lib\inline.js,0,452
560,IfStatement,nan,-1,-1,-1,222,6,224,7,packages\juice\lib\inline.js,0,453
561,VariableDeclaration,nan,-1,-1,-1,228,6,228,48,packages\juice\lib\inline.js,0,454
562,VariableDeclaration,nan,-1,-1,-1,229,6,229,21,packages\juice\lib\inline.js,0,455
565,VariableDeclaration,nan,-1,-1,-1,246,6,264,19,packages\juice\lib\inline.js,0,456
566,IfStatement,nan,-1,-1,-1,265,6,267,7,packages\juice\lib\inline.js,0,457
567,IfStatement,nan,-1,-1,-1,271,6,285,7,packages\juice\lib\inline.js,0,458
568,IfStatement,nan,-1,-1,-1,289,6,289,31,packages\juice\lib\inline.js,0,459
569,VariableDeclaration,nan,-1,-1,-1,290,6,290,41,packages\juice\lib\inline.js,0,460
570,IfStatement,nan,-1,-1,-1,291,6,309,7,packages\juice\lib\inline.js,0,461
571,ReturnStatement,nan,1,-1,-1,313,6,315,60,packages\juice\lib\inline.js,0,462
572,IfStatement,nan,-1,-1,-1,319,6,319,31,packages\juice\lib\inline.js,0,463
573,VariableDeclaration,nan,-1,-1,-1,320,6,320,41,packages\juice\lib\inline.js,0,464
574,VariableDeclaration,nan,-1,-1,-1,321,6,321,65,packages\juice\lib\inline.js,0,465
575,IfStatement,nan,-1,-1,-1,323,6,340,7,packages\juice\lib\inline.js,0,466
576,Identifier,handleRule,-1,-1,-1,343,18,343,28,packages\juice\lib\inline.js,0,467
577,MemberExpression,nan,-1,-1,-1,343,4,343,17,packages\juice\lib\inline.js,0,468
578,Identifier,setStyleAttrs,-1,-1,-1,344,27,344,40,packages\juice\lib\inline.js,0,469
579,MemberExpression,nan,-1,-1,-1,344,4,344,26,packages\juice\lib\inline.js,0,470
584,VariableDeclaration,nan,-1,-1,-1,367,6,372,9,packages\juice\lib\inline.js,0,471
585,IfStatement,nan,-1,-1,-1,373,6,384,7,packages\juice\lib\inline.js,0,472
586,MemberExpression,nan,-1,-1,-1,366,8,366,39,packages\juice\lib\inline.js,0,473
587,MemberExpression,nan,-1,-1,-1,366,43,366,59,packages\juice\lib\inline.js,0,474
590,MemberExpression,nan,-1,-1,-1,391,11,391,24,packages\juice\lib\inline.js,0,475
591,ReturnStatement,nan,1,-1,-1,416,6,416,16,packages\juice\lib\inline.js,0,476
594,VariableDeclaration,nan,-1,-1,-1,421,6,421,61,packages\juice\lib\inline.js,0,477
595,ReturnStatement,nan,1,-1,-1,422,6,422,26,packages\juice\lib\inline.js,0,478
596,Identifier,i,-1,-1,-1,428,20,428,21,packages\juice\lib\inline.js,0,479
597,MemberExpression,nan,-1,-1,-1,428,24,428,37,packages\juice\lib\inline.js,0,480
598,IfStatement,nan,-1,-1,-1,429,6,429,37,packages\juice\lib\inline.js,0,481
599,VariableDeclaration,nan,-1,-1,-1,431,6,431,81,packages\juice\lib\inline.js,0,482
600,IfStatement,nan,-1,-1,-1,432,6,436,7,packages\juice\lib\inline.js,0,483
601,VariableDeclaration,nan,-1,-1,-1,438,6,438,89,packages\juice\lib\inline.js,0,484
602,IfStatement,nan,-1,-1,-1,439,6,443,7,packages\juice\lib\inline.js,0,485
603,VariableDeclaration,nan,-1,-1,-1,445,6,445,65,packages\juice\lib\inline.js,0,486
604,IfStatement,nan,-1,-1,-1,446,6,453,7,packages\juice\lib\inline.js,0,487
606,Identifier,content,-1,-1,-1,458,4,458,11,packages\juice\lib\inline.js,0,488
607,CallExpression,nan,1,-1,-1,458,14,458,29,packages\juice\lib\inline.js,0,489
608,Identifier,content,-1,-1,-1,460,4,460,11,packages\juice\lib\inline.js,0,490
609,CallExpression,nan,2,-1,-1,460,14,460,40,packages\juice\lib\inline.js,0,491
610,ReturnStatement,nan,-1,-1,-1,467,6,467,13,packages\juice\lib\inline.js,0,492
611,MemberExpression,nan,-1,-1,-1,466,8,466,23,packages\juice\lib\inline.js,0,493
613,ReturnStatement,nan,-1,-1,-1,472,6,472,13,packages\juice\lib\inline.js,0,494
614,Identifier,pseudos,-1,-1,-1,471,9,471,16,packages\juice\lib\inline.js,0,495
615,Identifier,i,-1,-1,-1,475,20,475,21,packages\juice\lib\inline.js,0,496
616,MemberExpression,nan,-1,-1,-1,475,24,475,38,packages\juice\lib\inline.js,0,497
617,IfStatement,nan,-1,-1,-1,476,6,478,7,packages\juice\lib\inline.js,0,498
620,FunctionExpression,nan,-1,1,1,487,26,489,5,packages\juice\lib\inline.js,0,499
621,MemberExpression,nan,-1,-1,-1,487,11,487,25,packages\juice\lib\inline.js,0,500
622,Identifier,options,-1,-1,-1,493,4,493,11,packages\juice\lib\inline.js,0,501
623,CallExpression,nan,1,-1,-1,493,14,493,46,packages\juice\lib\inline.js,0,502
624,Identifier,css,-1,-1,-1,495,4,495,7,packages\juice\lib\inline.js,0,503
627,Identifier,inlinedSelectors,-1,-1,-1,500,8,500,24,packages\juice\lib\inline.js,0,504
628,UnaryExpression,nan,1,-1,-1,500,28,500,52,packages\juice\lib\inline.js,0,505
629,FunctionExpression,nan,-1,0,1,509,20,534,5,packages\juice\lib\inline.js,0,506
630,MemberExpression,nan,-1,-1,-1,509,4,509,19,packages\juice\lib\inline.js,0,507
631,FunctionExpression,nan,-1,0,1,541,20,570,5,packages\juice\lib\inline.js,0,508
632,MemberExpression,nan,-1,-1,-1,541,4,541,19,packages\juice\lib\inline.js,0,509
633,Identifier,options,-1,-1,-1,27,14,27,21,packages\juice\lib\inline.js,0,510
634,ObjectExpression,nan,-1,-1,-1,27,25,27,27,packages\juice\lib\inline.js,0,511
635,AssignmentExpression,nan,-1,-1,-1,35,6,35,53,packages\juice\lib\inline.js,0,512
636,BlockStatement,nan,-1,-1,-1,44,27,46,7,packages\juice\lib\inline.js,0,513
637,UnaryExpression,nan,1,-1,-1,44,10,44,25,packages\juice\lib\inline.js,0,514
639,BlockStatement,nan,-1,-1,-1,51,54,61,7,packages\juice\lib\inline.js,0,515
640,BlockStatement,nan,-1,-1,-1,63,29,69,7,packages\juice\lib\inline.js,0,516
641,Identifier,pseudoElementType,-1,-1,-1,63,10,63,27,packages\juice\lib\inline.js,0,517
642,CallExpression,nan,1,-1,-1,82,6,219,8,packages\juice\lib\inline.js,0,518
643,BlockStatement,nan,-1,-1,-1,222,47,224,7,packages\juice\lib\inline.js,0,519
644,LogicalExpression,nan,-1,-1,-1,222,10,222,45,packages\juice\lib\inline.js,0,520
645,CallExpression,nan,1,-1,-1,233,6,239,8,packages\juice\lib\inline.js,0,521
646,CallExpression,nan,1,-1,-1,242,6,244,8,packages\juice\lib\inline.js,0,522
647,BlockStatement,nan,-1,-1,-1,265,18,267,7,packages\juice\lib\inline.js,0,523
648,Identifier,string,-1,-1,-1,265,10,265,16,packages\juice\lib\inline.js,0,524
649,BlockStatement,nan,-1,-1,-1,271,57,285,7,packages\juice\lib\inline.js,0,525
650,LogicalExpression,nan,-1,-1,-1,271,10,271,55,packages\juice\lib\inline.js,0,526
651,BlockStatement,nan,-1,-1,-1,289,20,289,31,packages\juice\lib\inline.js,0,527
652,UnaryExpression,nan,1,-1,-1,289,10,289,18,packages\juice\lib\inline.js,0,528
653,BlockStatement,nan,-1,-1,-1,291,68,309,7,packages\juice\lib\inline.js,0,529
655,ConditionalExpression,nan,-1,-1,-1,313,13,315,59,packages\juice\lib\inline.js,0,530
656,BlockStatement,nan,-1,-1,-1,319,20,319,31,packages\juice\lib\inline.js,0,531
657,UnaryExpression,nan,1,-1,-1,319,10,319,18,packages\juice\lib\inline.js,0,532
658,BlockStatement,nan,-1,-1,-1,323,58,340,7,packages\juice\lib\inline.js,0,533
660,CallExpression,nan,1,-1,-1,347,6,347,50,packages\juice\lib\inline.js,0,534
661,CallExpression,nan,1,-1,-1,351,6,353,8,packages\juice\lib\inline.js,0,535
662,CallExpression,nan,1,-1,-1,357,6,359,8,packages\juice\lib\inline.js,0,536
663,CallExpression,nan,1,-1,-1,363,6,363,58,packages\juice\lib\inline.js,0,537
664,BlockStatement,nan,-1,-1,-1,373,25,384,7,packages\juice\lib\inline.js,0,538
665,Identifier,preservedText,-1,-1,-1,373,10,373,23,packages\juice\lib\inline.js,0,539
667,Identifier,content,-1,-1,-1,415,8,415,15,packages\juice\lib\inline.js,0,540
669,Identifier,content,-1,-1,-1,415,30,415,37,packages\juice\lib\inline.js,0,541
671,ObjectExpression,nan,-1,-1,-1,422,13,422,25,packages\juice\lib\inline.js,0,542
672,ContinueStatement,nan,-1,-1,-1,429,28,429,37,packages\juice\lib\inline.js,0,543
674,BlockStatement,nan,-1,-1,-1,432,20,436,7,packages\juice\lib\inline.js,0,544
675,Identifier,varMatch,-1,-1,-1,432,10,432,18,packages\juice\lib\inline.js,0,545
676,BlockStatement,nan,-1,-1,-1,439,62,443,7,packages\juice\lib\inline.js,0,546
677,LogicalExpression,nan,-1,-1,-1,439,10,439,60,packages\juice\lib\inline.js,0,547
678,BlockStatement,nan,-1,-1,-1,446,21,453,7,packages\juice\lib\inline.js,0,548
679,Identifier,attrMatch,-1,-1,-1,446,10,446,19,packages\juice\lib\inline.js,0,549
680,CallExpression,nan,1,-1,-1,455,6,455,28,packages\juice\lib\inline.js,0,550
682,MemberExpression,nan,-1,-1,-1,458,14,458,25,packages\juice\lib\inline.js,0,551
685,MemberExpression,nan,-1,-1,-1,460,14,460,29,packages\juice\lib\inline.js,0,552
686,BlockStatement,nan,-1,-1,-1,476,43,478,7,packages\juice\lib\inline.js,0,553
687,CallExpression,nan,1,-1,-1,476,10,476,41,packages\juice\lib\inline.js,0,554
688,MemberExpression,nan,-1,-1,-1,483,11,483,22,packages\juice\lib\inline.js,0,555
690,MemberExpression,nan,-1,-1,-1,483,39,483,50,packages\juice\lib\inline.js,0,556
692,Identifier,pseudo,-1,-1,-1,487,35,487,41,packages\juice\lib\inline.js,0,557
694,BlockStatement,nan,-1,-1,-1,487,43,489,5,packages\juice\lib\inline.js,0,558
695,Identifier,options,-1,-1,-1,493,38,493,45,packages\juice\lib\inline.js,0,559
696,MemberExpression,nan,-1,-1,-1,493,14,493,37,packages\juice\lib\inline.js,0,560
698,MemberExpression,nan,-1,-1,-1,495,18,495,34,packages\juice\lib\inline.js,0,561
699,CallExpression,nan,3,-1,-1,501,6,501,51,packages\juice\lib\inline.js,0,562
700,MemberExpression,nan,-1,-1,-1,500,29,500,52,packages\juice\lib\inline.js,0,563
702,BlockStatement,nan,-1,-1,-1,509,31,534,5,packages\juice\lib\inline.js,0,564
704,BlockStatement,nan,-1,-1,-1,541,31,570,5,packages\juice\lib\inline.js,0,565
705,Identifier,styleAttributeName,-1,-1,-1,35,6,35,24,packages\juice\lib\inline.js,0,566
706,MemberExpression,nan,-1,-1,-1,35,27,35,53,packages\juice\lib\inline.js,0,567
707,ReturnStatement,nan,-1,-1,-1,45,8,45,15,packages\juice\lib\inline.js,0,568
708,Identifier,parsedSelector,-1,-1,-1,44,11,44,25,packages\juice\lib\inline.js,0,569
709,Identifier,i,-1,-1,-1,51,22,51,23,packages\juice\lib\inline.js,0,570
710,MemberExpression,nan,-1,-1,-1,51,26,51,47,packages\juice\lib\inline.js,0,571
711,VariableDeclaration,nan,-1,-1,-1,52,8,52,39,packages\juice\lib\inline.js,0,572
712,IfStatement,nan,-1,-1,-1,53,8,60,9,packages\juice\lib\inline.js,0,573
713,VariableDeclaration,nan,-1,-1,-1,64,8,64,61,packages\juice\lib\inline.js,0,574
714,VariableDeclaration,nan,-1,-1,-1,65,8,65,35,packages\juice\lib\inline.js,0,575
718,FunctionExpression,nan,-1,0,1,82,15,219,7,packages\juice\lib\inline.js,0,576
719,MemberExpression,nan,-1,-1,-1,82,6,82,14,packages\juice\lib\inline.js,0,577
721,Identifier,matchedElements,-1,-1,-1,222,10,222,25,packages\juice\lib\inline.js,0,578
722,Identifier,inlinedSelectors,-1,-1,-1,222,29,222,45,packages\juice\lib\inline.js,0,579
723,FunctionExpression,nan,-1,1,0,233,41,239,7,packages\juice\lib\inline.js,0,580
724,MemberExpression,nan,-1,-1,-1,233,6,233,40,packages\juice\lib\inline.js,0,581
725,FunctionExpression,nan,-1,2,1,242,17,244,7,packages\juice\lib\inline.js,0,582
726,MemberExpression,nan,-1,-1,-1,242,6,242,16,packages\juice\lib\inline.js,0,583
728,VariableDeclaration,nan,-1,-1,-1,272,8,272,38,packages\juice\lib\inline.js,0,584
729,IfStatement,nan,-1,-1,-1,273,8,278,9,packages\juice\lib\inline.js,0,585
730,VariableDeclaration,nan,-1,-1,-1,279,8,279,44,packages\juice\lib\inline.js,0,586
731,IfStatement,nan,-1,-1,-1,280,8,284,9,packages\juice\lib\inline.js,0,587
732,MemberExpression,nan,-1,-1,-1,271,10,271,30,packages\juice\lib\inline.js,0,588
733,MemberExpression,nan,-1,-1,-1,271,34,271,55,packages\juice\lib\inline.js,0,589
734,ReturnStatement,nan,-1,-1,-1,289,22,289,29,packages\juice\lib\inline.js,0,590
735,MemberExpression,nan,-1,-1,-1,289,11,289,18,packages\juice\lib\inline.js,0,591
736,ForInStatement,nan,-1,-1,-1,292,8,308,9,packages\juice\lib\inline.js,0,592
737,CallExpression,nan,1,-1,-1,291,10,291,61,packages\juice\lib\inline.js,0,593
738,UnaryExpression,nan,1,-1,-1,291,64,291,66,packages\juice\lib\inline.js,0,594
739,Identifier,value,-1,-1,-1,314,10,314,15,packages\juice\lib\inline.js,0,595
741,ReturnStatement,nan,-1,-1,-1,319,22,319,29,packages\juice\lib\inline.js,0,596
742,MemberExpression,nan,-1,-1,-1,319,11,319,18,packages\juice\lib\inline.js,0,597
743,ForInStatement,nan,-1,-1,-1,324,8,339,9,packages\juice\lib\inline.js,0,598
744,CallExpression,nan,1,-1,-1,323,10,323,51,packages\juice\lib\inline.js,0,599
745,UnaryExpression,nan,1,-1,-1,323,54,323,56,packages\juice\lib\inline.js,0,600
746,Identifier,inlinePseudoElements,-1,-1,-1,347,29,347,49,packages\juice\lib\inline.js,0,601
747,MemberExpression,nan,-1,-1,-1,347,6,347,28,packages\juice\lib\inline.js,0,602
748,FunctionExpression,nan,-1,1,0,351,29,353,7,packages\juice\lib\inline.js,0,603
749,MemberExpression,nan,-1,-1,-1,351,6,351,28,packages\juice\lib\inline.js,0,604
750,FunctionExpression,nan,-1,1,0,357,29,359,7,packages\juice\lib\inline.js,0,605
751,MemberExpression,nan,-1,-1,-1,357,6,357,28,packages\juice\lib\inline.js,0,606
752,Identifier,setAttributesOnTableElements,-1,-1,-1,363,29,363,57,packages\juice\lib\inline.js,0,607
753,MemberExpression,nan,-1,-1,-1,363,6,363,28,packages\juice\lib\inline.js,0,608
754,VariableDeclaration,nan,-1,-1,-1,374,8,374,29,packages\juice\lib\inline.js,0,609
755,IfStatement,nan,-1,-1,-1,375,8,381,9,packages\juice\lib\inline.js,0,610
757,MemberExpression,nan,-1,-1,-1,429,10,429,19,packages\juice\lib\inline.js,0,611
759,VariableDeclaration,nan,-1,-1,-1,433,8,433,83,packages\juice\lib\inline.js,0,612
761,ContinueStatement,nan,-1,-1,-1,435,8,435,17,packages\juice\lib\inline.js,0,613
762,VariableDeclaration,nan,-1,-1,-1,440,8,440,55,packages\juice\lib\inline.js,0,614
764,ContinueStatement,nan,-1,-1,-1,442,8,442,17,packages\juice\lib\inline.js,0,615
765,Identifier,counterMatch,-1,-1,-1,439,10,439,22,packages\juice\lib\inline.js,0,616
767,VariableDeclaration,nan,-1,-1,-1,447,8,447,32,packages\juice\lib\inline.js,0,617
769,ContinueStatement,nan,-1,-1,-1,452,8,452,17,packages\juice\lib\inline.js,0,618
770,MemberExpression,nan,-1,-1,-1,455,18,455,27,packages\juice\lib\inline.js,0,619
771,MemberExpression,nan,-1,-1,-1,455,6,455,17,packages\juice\lib\inline.js,0,620
772,ReturnStatement,nan,1,-1,-1,477,8,477,31,packages\juice\lib\inline.js,0,621
773,MemberExpression,nan,-1,-1,-1,476,30,476,40,packages\juice\lib\inline.js,0,622
774,Identifier,isPseudoElementName,-1,-1,-1,476,10,476,29,packages\juice\lib\inline.js,0,623
775,ReturnStatement,nan,1,-1,-1,488,6,488,42,packages\juice\lib\inline.js,0,624
776,Identifier,$,-1,-1,-1,501,22,501,23,packages\juice\lib\inline.js,0,625
777,Identifier,inlinedSelectors,-1,-1,-1,501,25,501,41,packages\juice\lib\inline.js,0,626
778,Identifier,options,-1,-1,-1,501,43,501,50,packages\juice\lib\inline.js,0,627
779,Identifier,updateStyleTags,-1,-1,-1,501,6,501,21,packages\juice\lib\inline.js,0,628
780,VariableDeclaration,nan,-1,-1,-1,510,6,510,30,packages\juice\lib\inline.js,0,629
781,VariableDeclaration,nan,-1,-1,-1,511,6,511,50,packages\juice\lib\inline.js,0,630
782,IfStatement,nan,-1,-1,-1,513,6,515,7,packages\juice\lib\inline.js,0,631
783,IfStatement,nan,-1,-1,-1,517,6,519,7,packages\juice\lib\inline.js,0,632
784,VariableDeclaration,nan,-1,-1,-1,521,6,521,51,packages\juice\lib\inline.js,0,633
785,VariableDeclaration,nan,-1,-1,-1,522,6,527,8,packages\juice\lib\inline.js,0,634
786,IfStatement,nan,-1,-1,-1,529,6,533,7,packages\juice\lib\inline.js,0,635
789,IfStatement,nan,-1,-1,-1,544,6,549,7,packages\juice\lib\inline.js,0,636
791,IfStatement,nan,-1,-1,-1,551,6,553,7,packages\juice\lib\inline.js,0,637
792,IfStatement,nan,-1,-1,-1,554,6,568,7,packages\juice\lib\inline.js,0,638
794,BlockStatement,nan,-1,-1,-1,53,28,60,9,packages\juice\lib\inline.js,0,639
795,MemberExpression,nan,-1,-1,-1,53,12,53,26,packages\juice\lib\inline.js,0,640
796,AssignmentExpression,nan,-1,-1,-1,66,8,66,57,packages\juice\lib\inline.js,0,641
797,AssignmentExpression,nan,-1,-1,-1,67,8,67,39,packages\juice\lib\inline.js,0,642
798,AssignmentExpression,nan,-1,-1,-1,68,8,68,30,packages\juice\lib\inline.js,0,643
800,BlockStatement,nan,-1,-1,-1,82,27,219,7,packages\juice\lib\inline.js,0,644
801,CallExpression,nan,1,-1,-1,223,8,223,37,packages\juice\lib\inline.js,0,645
802,Identifier,key,-1,-1,-1,233,51,233,54,packages\juice\lib\inline.js,0,646
804,BlockStatement,nan,-1,-1,-1,233,56,239,7,packages\juice\lib\inline.js,0,647
805,Identifier,a,-1,-1,-1,242,27,242,28,packages\juice\lib\inline.js,0,648
806,Identifier,b,-1,-1,-1,242,30,242,31,packages\juice\lib\inline.js,0,649
808,BlockStatement,nan,-1,-1,-1,242,33,244,7,packages\juice\lib\inline.js,0,650
809,CallExpression,nan,2,-1,-1,266,8,266,46,packages\juice\lib\inline.js,0,651
810,BlockStatement,nan,-1,-1,-1,273,24,276,9,packages\juice\lib\inline.js,0,652
811,MemberExpression,nan,-1,-1,-1,273,12,273,22,packages\juice\lib\inline.js,0,653
812,BlockStatement,nan,-1,-1,-1,280,47,282,9,packages\juice\lib\inline.js,0,654
814,VariableDeclaration,nan,-1,-1,-1,292,13,292,18,packages\juice\lib\inline.js,0,655
815,MemberExpression,nan,-1,-1,-1,292,22,292,35,packages\juice\lib\inline.js,0,656
816,BlockStatement,nan,-1,-1,-1,292,37,308,9,packages\juice\lib\inline.js,0,657
817,Identifier,elName,-1,-1,-1,291,54,291,60,packages\juice\lib\inline.js,0,658
818,MemberExpression,nan,-1,-1,-1,291,10,291,53,packages\juice\lib\inline.js,0,659
820,CallExpression,nan,1,-1,-1,313,13,313,34,packages\juice\lib\inline.js,0,660
822,VariableDeclaration,nan,-1,-1,-1,324,13,324,18,packages\juice\lib\inline.js,0,661
823,MemberExpression,nan,-1,-1,-1,324,22,324,35,packages\juice\lib\inline.js,0,662
824,BlockStatement,nan,-1,-1,-1,324,37,339,9,packages\juice\lib\inline.js,0,663
825,Identifier,elName,-1,-1,-1,323,44,323,50,packages\juice\lib\inline.js,0,664
826,MemberExpression,nan,-1,-1,-1,323,10,323,43,packages\juice\lib\inline.js,0,665
828,Identifier,el,-1,-1,-1,351,38,351,40,packages\juice\lib\inline.js,0,666
830,BlockStatement,nan,-1,-1,-1,351,42,353,7,packages\juice\lib\inline.js,0,667
831,Identifier,el,-1,-1,-1,357,38,357,40,packages\juice\lib\inline.js,0,668
833,BlockStatement,nan,-1,-1,-1,357,42,359,7,packages\juice\lib\inline.js,0,669
834,BlockStatement,nan,-1,-1,-1,375,54,377,9,packages\juice\lib\inline.js,0,670
836,CallExpression,nan,1,-1,-1,383,8,383,72,packages\juice\lib\inline.js,0,671
837,CallExpression,nan,1,-1,-1,434,8,434,57,packages\juice\lib\inline.js,0,672
838,CallExpression,nan,1,-1,-1,441,8,441,64,packages\juice\lib\inline.js,0,673
839,MemberExpression,nan,-1,-1,-1,439,26,439,41,packages\juice\lib\inline.js,0,674
840,MemberExpression,nan,-1,-1,-1,439,45,439,60,packages\juice\lib\inline.js,0,675
841,CallExpression,nan,1,-1,-1,448,8,451,9,packages\juice\lib\inline.js,0,676
842,MemberExpression,nan,-1,-1,-1,477,15,477,30,packages\juice\lib\inline.js,0,677
843,UnaryExpression,nan,1,-1,-1,488,13,488,41,packages\juice\lib\inline.js,0,678
844,BlockStatement,nan,-1,-1,-1,513,38,515,7,packages\juice\lib\inline.js,0,679
846,BlockStatement,nan,-1,-1,-1,517,60,519,7,packages\juice\lib\inline.js,0,680
848,BlockStatement,nan,-1,-1,-1,529,47,531,7,packages\juice\lib\inline.js,0,681
849,LogicalExpression,nan,-1,-1,-1,529,10,529,45,packages\juice\lib\inline.js,0,682
850,AssignmentExpression,nan,-1,-1,-1,542,6,542,25,packages\juice\lib\inline.js,0,683
851,AssignmentExpression,nan,-1,-1,-1,543,6,543,45,packages\juice\lib\inline.js,0,684
852,BlockStatement,nan,-1,-1,-1,544,38,549,7,packages\juice\lib\inline.js,0,685
854,AssignmentExpression,nan,-1,-1,-1,550,6,550,39,packages\juice\lib\inline.js,0,686
855,BlockStatement,nan,-1,-1,-1,551,86,553,7,packages\juice\lib\inline.js,0,687
856,LogicalExpression,nan,-1,-1,-1,551,10,551,84,packages\juice\lib\inline.js,0,688
857,BlockStatement,nan,-1,-1,-1,554,87,568,7,packages\juice\lib\inline.js,0,689
858,LogicalExpression,nan,-1,-1,-1,554,10,554,85,packages\juice\lib\inline.js,0,690
859,CallExpression,nan,1,-1,-1,569,6,569,46,packages\juice\lib\inline.js,0,691
860,ForStatement,nan,-1,-1,-1,54,10,59,11,packages\juice\lib\inline.js,0,692
861,MemberExpression,nan,-1,-1,-1,66,8,66,20,packages\juice\lib\inline.js,0,693
862,CallExpression,nan,1,-1,-1,66,23,66,57,packages\juice\lib\inline.js,0,694
863,Identifier,sel,-1,-1,-1,67,8,67,11,packages\juice\lib\inline.js,0,695
864,CallExpression,nan,0,-1,-1,67,14,67,39,packages\juice\lib\inline.js,0,696
865,MemberExpression,nan,-1,-1,-1,68,8,68,20,packages\juice\lib\inline.js,0,697
866,Identifier,pseudos,-1,-1,-1,68,23,68,30,packages\juice\lib\inline.js,0,698
867,VariableDeclaration,nan,-1,-1,-1,83,8,83,22,packages\juice\lib\inline.js,0,699
868,IfStatement,nan,-1,-1,-1,85,8,87,9,packages\juice\lib\inline.js,0,700
870,IfStatement,nan,-1,-1,-1,91,8,95,9,packages\juice\lib\inline.js,0,701
871,IfStatement,nan,-1,-1,-1,97,8,108,9,packages\juice\lib\inline.js,0,702
872,IfStatement,nan,-1,-1,-1,110,8,125,9,packages\juice\lib\inline.js,0,703
873,FunctionDeclaration,nan,-1,2,0,127,8,138,9,packages\juice\lib\inline.js,0,704
874,FunctionDeclaration,nan,-1,2,0,140,8,156,9,packages\juice\lib\inline.js,0,705
875,FunctionDeclaration,nan,-1,2,0,159,8,216,9,packages\juice\lib\inline.js,0,706
877,MemberExpression,nan,-1,-1,-1,223,29,223,36,packages\juice\lib\inline.js,0,707
878,MemberExpression,nan,-1,-1,-1,223,8,223,28,packages\juice\lib\inline.js,0,708
879,VariableDeclaration,nan,-1,-1,-1,234,8,234,36,packages\juice\lib\inline.js,0,709
880,WhileStatement,nan,-1,-1,-1,235,8,238,9,packages\juice\lib\inline.js,0,710
881,ReturnStatement,nan,1,-1,-1,243,8,243,32,packages\juice\lib\inline.js,0,711
882,Identifier,styleAttributeName,-1,-1,-1,266,19,266,37,packages\juice\lib\inline.js,0,712
883,Identifier,string,-1,-1,-1,266,39,266,45,packages\juice\lib\inline.js,0,713
884,MemberExpression,nan,-1,-1,-1,266,8,266,18,packages\juice\lib\inline.js,0,714
888,MemberExpression,nan,-1,-1,-1,280,12,280,32,packages\juice\lib\inline.js,0,715
890,IfStatement,nan,-1,-1,-1,293,10,307,11,packages\juice\lib\inline.js,0,716
892,MemberExpression,nan,-1,-1,-1,313,13,313,26,packages\juice\lib\inline.js,0,717
893,IfStatement,nan,-1,-1,-1,325,10,338,11,packages\juice\lib\inline.js,0,718
897,MemberExpression,nan,-1,-1,-1,375,12,375,43,packages\juice\lib\inline.js,0,719
900,MemberExpression,nan,-1,-1,-1,383,8,383,32,packages\juice\lib\inline.js,0,720
901,CallExpression,nan,2,-1,-1,434,20,434,56,packages\juice\lib\inline.js,0,721
902,MemberExpression,nan,-1,-1,-1,434,8,434,19,packages\juice\lib\inline.js,0,722
903,CallExpression,nan,2,-1,-1,441,20,441,63,packages\juice\lib\inline.js,0,723
904,MemberExpression,nan,-1,-1,-1,441,8,441,19,packages\juice\lib\inline.js,0,724
905,ConditionalExpression,nan,-1,-1,-1,448,20,450,28,packages\juice\lib\inline.js,0,725
906,MemberExpression,nan,-1,-1,-1,448,8,448,19,packages\juice\lib\inline.js,0,726
907,CallExpression,nan,1,-1,-1,488,14,488,41,packages\juice\lib\inline.js,0,727
908,ReturnStatement,nan,-1,-1,-1,514,8,514,15,packages\juice\lib\inline.js,0,728
909,MemberExpression,nan,-1,-1,-1,513,10,513,30,packages\juice\lib\inline.js,0,729
911,ReturnStatement,nan,-1,-1,-1,518,8,518,15,packages\juice\lib\inline.js,0,730
912,CallExpression,nan,1,-1,-1,517,10,517,44,packages\juice\lib\inline.js,0,731
913,Identifier,undefined,-1,-1,-1,517,49,517,58,packages\juice\lib\inline.js,0,732
915,Identifier,remainingCss,-1,-1,-1,529,10,529,22,packages\juice\lib\inline.js,0,733
916,CallExpression,nan,0,-1,-1,529,26,529,45,packages\juice\lib\inline.js,0,734
917,Identifier,styleElement,-1,-1,-1,542,6,542,18,packages\juice\lib\inline.js,0,735
918,ThisExpression,nan,-1,-1,-1,542,21,542,25,packages\juice\lib\inline.js,0,736
919,Identifier,styleDataList,-1,-1,-1,543,6,543,19,packages\juice\lib\inline.js,0,737
920,MemberExpression,nan,-1,-1,-1,543,22,543,45,packages\juice\lib\inline.js,0,738
921,IfStatement,nan,-1,-1,-1,545,8,547,9,packages\juice\lib\inline.js,0,739
922,ReturnStatement,nan,-1,-1,-1,548,8,548,15,packages\juice\lib\inline.js,0,740
923,MemberExpression,nan,-1,-1,-1,544,10,544,30,packages\juice\lib\inline.js,0,741
925,Identifier,styleData,-1,-1,-1,550,6,550,15,packages\juice\lib\inline.js,0,742
926,MemberExpression,nan,-1,-1,-1,550,18,550,39,packages\juice\lib\inline.js,0,743
928,MemberExpression,nan,-1,-1,-1,551,10,551,32,packages\juice\lib\inline.js,0,744
930,VariableDeclaration,nan,-1,-1,-1,555,8,555,56,packages\juice\lib\inline.js,0,745
931,VariableDeclaration,nan,-1,-1,-1,556,8,562,39,packages\juice\lib\inline.js,0,746
932,IfStatement,nan,-1,-1,-1,563,8,567,9,packages\juice\lib\inline.js,0,747
933,MemberExpression,nan,-1,-1,-1,554,10,554,33,packages\juice\lib\inline.js,0,748
936,MemberExpression,nan,-1,-1,-1,569,6,569,32,packages\juice\lib\inline.js,0,749
938,BlockStatement,nan,-1,-1,-1,54,58,59,11,packages\juice\lib\inline.js,0,750
939,MemberExpression,nan,-1,-1,-1,66,44,66,56,packages\juice\lib\inline.js,0,751
940,Identifier,filterElementPseudos,-1,-1,-1,66,23,66,43,packages\juice\lib\inline.js,0,752
941,MemberExpression,nan,-1,-1,-1,67,14,67,37,packages\juice\lib\inline.js,0,753
942,BlockStatement,nan,-1,-1,-1,85,90,87,9,packages\juice\lib\inline.js,0,754
943,LogicalExpression,nan,-1,-1,-1,85,12,85,88,packages\juice\lib\inline.js,0,755
944,AssignmentExpression,nan,-1,-1,-1,89,8,89,30,packages\juice\lib\inline.js,0,756
945,BlockStatement,nan,-1,-1,-1,91,30,95,9,packages\juice\lib\inline.js,0,757
946,UnaryExpression,nan,1,-1,-1,91,12,91,28,packages\juice\lib\inline.js,0,758
947,BlockStatement,nan,-1,-1,-1,97,31,108,9,packages\juice\lib\inline.js,0,759
948,Identifier,pseudoElementType,-1,-1,-1,97,12,97,29,packages\juice\lib\inline.js,0,760
949,BlockStatement,nan,-1,-1,-1,110,28,125,9,packages\juice\lib\inline.js,0,761
950,UnaryExpression,nan,1,-1,-1,110,12,110,26,packages\juice\lib\inline.js,0,762
951,Identifier,resetCounter,-1,-1,-1,127,17,127,29,packages\juice\lib\inline.js,0,763
952,Identifier,el,-1,-1,-1,127,30,127,32,packages\juice\lib\inline.js,0,764
953,Identifier,value,-1,-1,-1,127,34,127,39,packages\juice\lib\inline.js,0,765
955,BlockStatement,nan,-1,-1,-1,127,41,138,9,packages\juice\lib\inline.js,0,766
956,Identifier,incrementCounter,-1,-1,-1,140,17,140,33,packages\juice\lib\inline.js,0,767
957,Identifier,el,-1,-1,-1,140,34,140,36,packages\juice\lib\inline.js,0,768
958,Identifier,value,-1,-1,-1,140,38,140,43,packages\juice\lib\inline.js,0,769
960,BlockStatement,nan,-1,-1,-1,140,45,156,9,packages\juice\lib\inline.js,0,770
961,Identifier,addProps,-1,-1,-1,159,17,159,25,packages\juice\lib\inline.js,0,771
962,Identifier,style,-1,-1,-1,159,26,159,31,packages\juice\lib\inline.js,0,772
963,Identifier,selector,-1,-1,-1,159,33,159,41,packages\juice\lib\inline.js,0,773
965,BlockStatement,nan,-1,-1,-1,159,43,216,9,packages\juice\lib\inline.js,0,774
966,CallExpression,nan,2,-1,-1,218,8,218,33,packages\juice\lib\inline.js,0,775
968,BlockStatement,nan,-1,-1,-1,235,42,238,9,packages\juice\lib\inline.js,0,776
969,CallExpression,nan,1,-1,-1,243,15,243,31,packages\juice\lib\inline.js,0,777
970,AssignmentExpression,nan,-1,-1,-1,274,10,274,25,packages\juice\lib\inline.js,0,778
971,CallExpression,nan,2,-1,-1,275,10,275,39,packages\juice\lib\inline.js,0,779
972,CallExpression,nan,1,-1,-1,281,10,281,31,packages\juice\lib\inline.js,0,780
973,BlockStatement,nan,-1,-1,-1,293,51,307,11,packages\juice\lib\inline.js,0,781
975,BlockStatement,nan,-1,-1,-1,325,62,338,11,packages\juice\lib\inline.js,0,782
977,CallExpression,nan,2,-1,-1,352,8,352,38,packages\juice\lib\inline.js,0,783
978,CallExpression,nan,2,-1,-1,358,8,358,39,packages\juice\lib\inline.js,0,784
979,AssignmentExpression,nan,-1,-1,-1,376,10,376,56,packages\juice\lib\inline.js,0,785
984,MemberExpression,nan,-1,-1,-1,434,20,434,36,packages\juice\lib\inline.js,0,786
985,Identifier,counter,-1,-1,-1,441,38,441,45,packages\juice\lib\inline.js,0,787
986,MemberExpression,nan,-1,-1,-1,441,47,441,62,packages\juice\lib\inline.js,0,788
987,Identifier,applyCounterStyle,-1,-1,-1,441,20,441,37,packages\juice\lib\inline.js,0,789
988,MemberExpression,nan,-1,-1,-1,449,12,449,48,packages\juice\lib\inline.js,0,790
989,MemberExpression,nan,-1,-1,-1,448,20,448,42,packages\juice\lib\inline.js,0,791
990,Identifier,pseudo,-1,-1,-1,488,34,488,40,packages\juice\lib\inline.js,0,792
991,Identifier,isPseudoElementName,-1,-1,-1,488,14,488,33,packages\juice\lib\inline.js,0,793
993,MemberExpression,nan,-1,-1,-1,517,10,517,30,packages\juice\lib\inline.js,0,794
994,AssignmentExpression,nan,-1,-1,-1,530,8,530,59,packages\juice\lib\inline.js,0,795
995,MemberExpression,nan,-1,-1,-1,529,26,529,43,packages\juice\lib\inline.js,0,796
996,BlockStatement,nan,-1,-1,-1,545,37,547,9,packages\juice\lib\inline.js,0,797
997,MemberExpression,nan,-1,-1,-1,545,12,545,35,packages\juice\lib\inline.js,0,798
998,CallExpression,nan,1,-1,-1,552,8,552,31,packages\juice\lib\inline.js,0,799
999,CallExpression,nan,1,-1,-1,551,36,551,70,packages\juice\lib\inline.js,0,800
1000,Identifier,undefined,-1,-1,-1,551,75,551,84,packages\juice\lib\inline.js,0,801
1001,BlockStatement,nan,-1,-1,-1,563,27,565,9,packages\juice\lib\inline.js,0,802
1002,Identifier,preservedText,-1,-1,-1,563,12,563,25,packages\juice\lib\inline.js,0,803
1003,CallExpression,nan,1,-1,-1,554,37,554,71,packages\juice\lib\inline.js,0,804
1004,Identifier,undefined,-1,-1,-1,554,76,554,85,packages\juice\lib\inline.js,0,805
1005,Identifier,j,-1,-1,-1,54,26,54,27,packages\juice\lib\inline.js,0,806
1006,MemberExpression,nan,-1,-1,-1,54,30,54,51,packages\juice\lib\inline.js,0,807
1007,VariableDeclaration,nan,-1,-1,-1,55,12,55,49,packages\juice\lib\inline.js,0,808
1008,IfStatement,nan,-1,-1,-1,56,12,58,13,packages\juice\lib\inline.js,0,809
1009,ReturnStatement,nan,-1,-1,-1,86,10,86,17,packages\juice\lib\inline.js,0,810
1010,MemberExpression,nan,-1,-1,-1,85,12,85,19,packages\juice\lib\inline.js,0,811
1012,Identifier,matchedElements,-1,-1,-1,89,8,89,23,packages\juice\lib\inline.js,0,812
1015,MemberExpression,nan,-1,-1,-1,91,13,91,28,packages\juice\lib\inline.js,0,813
1016,VariableDeclaration,nan,-1,-1,-1,98,10,98,62,packages\juice\lib\inline.js,0,814
1017,VariableDeclaration,nan,-1,-1,-1,99,10,99,46,packages\juice\lib\inline.js,0,815
1018,IfStatement,nan,-1,-1,-1,100,10,106,11,packages\juice\lib\inline.js,0,816
1021,IfStatement,nan,-1,-1,-1,114,10,121,11,packages\juice\lib\inline.js,0,817
1023,MemberExpression,nan,-1,-1,-1,110,13,110,26,packages\juice\lib\inline.js,0,818
1024,VariableDeclaration,nan,-1,-1,-1,128,10,128,42,packages\juice\lib\inline.js,0,819
1025,ForStatement,nan,-1,-1,-1,130,10,137,11,packages\juice\lib\inline.js,0,820
1026,VariableDeclaration,nan,-1,-1,-1,141,10,141,42,packages\juice\lib\inline.js,0,821
1027,ForStatement,nan,-1,-1,-1,143,10,155,11,packages\juice\lib\inline.js,0,822
1028,ForStatement,nan,-1,-1,-1,160,10,215,11,packages\juice\lib\inline.js,0,823
1029,Identifier,style,-1,-1,-1,218,17,218,22,packages\juice\lib\inline.js,0,824
1030,Identifier,selector,-1,-1,-1,218,24,218,32,packages\juice\lib\inline.js,0,825
1031,Identifier,addProps,-1,-1,-1,218,8,218,16,packages\juice\lib\inline.js,0,826
1032,UnaryExpression,nan,1,-1,-1,235,15,235,24,packages\juice\lib\inline.js,0,827
1036,Identifier,b,-1,-1,-1,243,29,243,30,packages\juice\lib\inline.js,0,828
1037,MemberExpression,nan,-1,-1,-1,243,15,243,28,packages\juice\lib\inline.js,0,829
1038,MemberExpression,nan,-1,-1,-1,274,10,274,17,packages\juice\lib\inline.js,0,830
1041,MemberExpression,nan,-1,-1,-1,275,28,275,38,packages\juice\lib\inline.js,0,831
1042,MemberExpression,nan,-1,-1,-1,275,10,275,20,packages\juice\lib\inline.js,0,832
1043,Identifier,el,-1,-1,-1,281,28,281,30,packages\juice\lib\inline.js,0,833
1044,MemberExpression,nan,-1,-1,-1,281,10,281,27,packages\juice\lib\inline.js,0,834
1045,VariableDeclaration,nan,-1,-1,-1,294,12,294,47,packages\juice\lib\inline.js,0,835
1046,IfStatement,nan,-1,-1,-1,295,12,297,13,packages\juice\lib\inline.js,0,836
1047,IfStatement,nan,-1,-1,-1,298,12,302,13,packages\juice\lib\inline.js,0,837
1048,IfStatement,nan,-1,-1,-1,303,12,306,13,packages\juice\lib\inline.js,0,838
1049,MemberExpression,nan,-1,-1,-1,293,14,293,35,packages\juice\lib\inline.js,0,839
1050,Identifier,dimension,-1,-1,-1,293,40,293,49,packages\juice\lib\inline.js,0,840
1051,VariableDeclaration,nan,-1,-1,-1,326,12,326,75,packages\juice\lib\inline.js,0,841
1052,VariableDeclaration,nan,-1,-1,-1,327,12,327,47,packages\juice\lib\inline.js,0,842
1053,IfStatement,nan,-1,-1,-1,328,12,330,13,packages\juice\lib\inline.js,0,843
1054,IfStatement,nan,-1,-1,-1,331,12,333,13,packages\juice\lib\inline.js,0,844
1055,IfStatement,nan,-1,-1,-1,334,12,336,13,packages\juice\lib\inline.js,0,845
1057,CallExpression,nan,1,-1,-1,325,14,325,55,packages\juice\lib\inline.js,0,846
1058,UnaryExpression,nan,1,-1,-1,325,58,325,60,packages\juice\lib\inline.js,0,847
1059,Identifier,el,-1,-1,-1,352,26,352,28,packages\juice\lib\inline.js,0,848
1061,Identifier,setDimensionAttrs,-1,-1,-1,352,8,352,25,packages\juice\lib\inline.js,0,849
1062,Identifier,el,-1,-1,-1,358,26,358,28,packages\juice\lib\inline.js,0,850
1064,Identifier,setDimensionAttrs,-1,-1,-1,358,8,358,25,packages\juice\lib\inline.js,0,851
1065,Identifier,$appendTo,-1,-1,-1,376,10,376,19,packages\juice\lib\inline.js,0,852
1066,CallExpression,nan,1,-1,-1,376,22,376,56,packages\juice\lib\inline.js,0,853
1068,Identifier,preservedText,-1,-1,-1,383,45,383,58,packages\juice\lib\inline.js,0,854
1069,MemberExpression,nan,-1,-1,-1,530,8,530,44,packages\juice\lib\inline.js,0,855
1070,Identifier,remainingCss,-1,-1,-1,530,47,530,59,packages\juice\lib\inline.js,0,856
1072,Identifier,styleData,-1,-1,-1,552,21,552,30,packages\juice\lib\inline.js,0,857
1073,MemberExpression,nan,-1,-1,-1,552,8,552,20,packages\juice\lib\inline.js,0,858
1075,MemberExpression,nan,-1,-1,-1,551,36,551,56,packages\juice\lib\inline.js,0,859
1078,MemberExpression,nan,-1,-1,-1,554,37,554,57,packages\juice\lib\inline.js,0,860
1079,BlockStatement,nan,-1,-1,-1,56,76,58,13,packages\juice\lib\inline.js,0,861
1081,CallExpression,nan,1,-1,-1,85,23,85,83,packages\juice\lib\inline.js,0,862
1083,AssignmentExpression,nan,-1,-1,-1,92,10,94,16,packages\juice\lib\inline.js,0,863
1084,BlockStatement,nan,-1,-1,-1,100,25,106,11,packages\juice\lib\inline.js,0,864
1085,UnaryExpression,nan,1,-1,-1,100,14,100,23,packages\juice\lib\inline.js,0,865
1086,AssignmentExpression,nan,-1,-1,-1,107,10,107,23,packages\juice\lib\inline.js,0,866
1087,AssignmentExpression,nan,-1,-1,-1,111,10,111,28,packages\juice\lib\inline.js,0,867
1088,BlockStatement,nan,-1,-1,-1,114,46,121,11,packages\juice\lib\inline.js,0,868
1089,CallExpression,nan,1,-1,-1,114,14,114,44,packages\juice\lib\inline.js,0,869
1090,CallExpression,nan,1,-1,-1,124,10,124,33,packages\juice\lib\inline.js,0,870
1092,BlockStatement,nan,-1,-1,-1,130,50,137,11,packages\juice\lib\inline.js,0,871
1094,BlockStatement,nan,-1,-1,-1,143,50,155,11,packages\juice\lib\inline.js,0,872
1096,BlockStatement,nan,-1,-1,-1,160,56,215,11,packages\juice\lib\inline.js,0,873
1097,Identifier,np,-1,-1,-1,235,22,235,24,packages\juice\lib\inline.js,0,874
1098,CallExpression,nan,1,-1,-1,236,10,236,24,packages\juice\lib\inline.js,0,875
1099,AssignmentExpression,nan,-1,-1,-1,237,10,237,26,packages\juice\lib\inline.js,0,876
1100,BlockStatement,nan,-1,-1,-1,295,43,297,13,packages\juice\lib\inline.js,0,877
1101,MemberExpression,nan,-1,-1,-1,295,16,295,41,packages\juice\lib\inline.js,0,878
1102,BlockStatement,nan,-1,-1,-1,298,42,302,13,packages\juice\lib\inline.js,0,879
1103,CallExpression,nan,1,-1,-1,298,16,298,40,packages\juice\lib\inline.js,0,880
1104,BlockStatement,nan,-1,-1,-1,303,85,306,13,packages\juice\lib\inline.js,0,881
1105,LogicalExpression,nan,-1,-1,-1,303,16,303,83,packages\juice\lib\inline.js,0,882
1106,BlockStatement,nan,-1,-1,-1,328,43,330,13,packages\juice\lib\inline.js,0,883
1107,MemberExpression,nan,-1,-1,-1,328,16,328,41,packages\juice\lib\inline.js,0,884
1108,BlockStatement,nan,-1,-1,-1,331,39,333,13,packages\juice\lib\inline.js,0,885
1110,BlockStatement,nan,-1,-1,-1,334,59,336,13,packages\juice\lib\inline.js,0,886
1111,CallExpression,nan,1,-1,-1,334,16,334,57,packages\juice\lib\inline.js,0,887
1112,CallExpression,nan,2,-1,-1,337,12,337,35,packages\juice\lib\inline.js,0,888
1113,MemberExpression,nan,-1,-1,-1,325,33,325,54,packages\juice\lib\inline.js,0,889
1114,MemberExpression,nan,-1,-1,-1,325,14,325,32,packages\juice\lib\inline.js,0,890
1116,MemberExpression,nan,-1,-1,-1,376,24,376,55,packages\juice\lib\inline.js,0,891
1117,Identifier,$,-1,-1,-1,376,22,376,23,packages\juice\lib\inline.js,0,892
1118,CallExpression,nan,0,-1,-1,546,10,546,34,packages\juice\lib\inline.js,0,893
1119,AssignmentExpression,nan,-1,-1,-1,564,10,564,62,packages\juice\lib\inline.js,0,894
1120,ReturnStatement,nan,-1,-1,-1,57,14,57,21,packages\juice\lib\inline.js,0,895
1121,CallExpression,nan,1,-1,-1,56,16,56,69,packages\juice\lib\inline.js,0,896
1123,CallExpression,nan,0,-1,-1,85,61,85,82,packages\juice\lib\inline.js,0,897
1124,MemberExpression,nan,-1,-1,-1,85,23,85,60,packages\juice\lib\inline.js,0,898
1125,MemberExpression,nan,-1,-1,-1,92,10,92,25,packages\juice\lib\inline.js,0,899
1126,ConditionalExpression,nan,-1,-1,-1,92,28,94,16,packages\juice\lib\inline.js,0,900
1132,Identifier,pseudoEl,-1,-1,-1,100,15,100,23,packages\juice\lib\inline.js,0,901
1133,Identifier,el,-1,-1,-1,107,10,107,12,packages\juice\lib\inline.js,0,902
1134,Identifier,pseudoEl,-1,-1,-1,107,15,107,23,packages\juice\lib\inline.js,0,903
1135,MemberExpression,nan,-1,-1,-1,111,10,111,23,packages\juice\lib\inline.js,0,904
1136,ObjectExpression,nan,-1,-1,-1,111,26,111,28,packages\juice\lib\inline.js,0,905
1137,VariableDeclaration,nan,-1,-1,-1,115,12,115,69,packages\juice\lib\inline.js,0,906
1138,VariableDeclaration,nan,-1,-1,-1,116,12,118,36,packages\juice\lib\inline.js,0,907
1139,VariableDeclaration,nan,-1,-1,-1,119,12,119,66,packages\juice\lib\inline.js,0,908
1141,Identifier,styleAttributeName,-1,-1,-1,114,25,114,43,packages\juice\lib\inline.js,0,909
1142,MemberExpression,nan,-1,-1,-1,114,14,114,24,packages\juice\lib\inline.js,0,910
1143,Identifier,el,-1,-1,-1,124,30,124,32,packages\juice\lib\inline.js,0,911
1144,MemberExpression,nan,-1,-1,-1,124,10,124,29,packages\juice\lib\inline.js,0,912
1145,Identifier,j,-1,-1,-1,130,26,130,27,packages\juice\lib\inline.js,0,913
1146,MemberExpression,nan,-1,-1,-1,130,30,130,43,packages\juice\lib\inline.js,0,914
1147,VariableDeclaration,nan,-1,-1,-1,131,12,131,36,packages\juice\lib\inline.js,0,915
1148,VariableDeclaration,nan,-1,-1,-1,132,12,132,55,packages\juice\lib\inline.js,0,916
1150,Identifier,j,-1,-1,-1,143,26,143,27,packages\juice\lib\inline.js,0,917
1151,MemberExpression,nan,-1,-1,-1,143,30,143,43,packages\juice\lib\inline.js,0,918
1152,VariableDeclaration,nan,-1,-1,-1,144,12,144,36,packages\juice\lib\inline.js,0,919
1153,IfStatement,nan,-1,-1,-1,146,12,148,13,packages\juice\lib\inline.js,0,920
1154,VariableDeclaration,nan,-1,-1,-1,150,12,150,54,packages\juice\lib\inline.js,0,921
1156,Identifier,i,-1,-1,-1,160,44,160,45,packages\juice\lib\inline.js,0,922
1157,Identifier,l,-1,-1,-1,160,48,160,49,packages\juice\lib\inline.js,0,923
1158,IfStatement,nan,-1,-1,-1,161,12,214,13,packages\juice\lib\inline.js,0,924
1159,Identifier,np,-1,-1,-1,236,21,236,23,packages\juice\lib\inline.js,0,925
1160,MemberExpression,nan,-1,-1,-1,236,10,236,20,packages\juice\lib\inline.js,0,926
1161,Identifier,np,-1,-1,-1,237,10,237,12,packages\juice\lib\inline.js,0,927
1162,MemberExpression,nan,-1,-1,-1,237,15,237,26,packages\juice\lib\inline.js,0,928
1164,VariableDeclaration,nan,-1,-1,-1,299,14,299,49,packages\juice\lib\inline.js,0,929
1166,ReturnStatement,nan,-1,-1,-1,301,14,301,21,packages\juice\lib\inline.js,0,930
1168,MemberExpression,nan,-1,-1,-1,298,16,298,27,packages\juice\lib\inline.js,0,931
1170,ReturnStatement,nan,-1,-1,-1,305,14,305,21,packages\juice\lib\inline.js,0,932
1172,CallExpression,nan,1,-1,-1,303,66,303,83,packages\juice\lib\inline.js,0,933
1175,Identifier,prop,-1,-1,-1,331,16,331,20,packages\juice\lib\inline.js,0,934
1177,ContinueStatement,nan,-1,-1,-1,335,14,335,23,packages\juice\lib\inline.js,0,935
1178,Identifier,value,-1,-1,-1,334,51,334,56,packages\juice\lib\inline.js,0,936
1179,MemberExpression,nan,-1,-1,-1,334,16,334,50,packages\juice\lib\inline.js,0,937
1180,Identifier,prop,-1,-1,-1,337,23,337,27,packages\juice\lib\inline.js,0,938
1181,Identifier,value,-1,-1,-1,337,29,337,34,packages\juice\lib\inline.js,0,939
1182,MemberExpression,nan,-1,-1,-1,337,12,337,22,packages\juice\lib\inline.js,0,940
1183,MemberExpression,nan,-1,-1,-1,546,10,546,32,packages\juice\lib\inline.js,0,941
1184,MemberExpression,nan,-1,-1,-1,564,10,564,46,packages\juice\lib\inline.js,0,942
1185,Identifier,preservedText,-1,-1,-1,564,49,564,62,packages\juice\lib\inline.js,0,943
1186,MemberExpression,nan,-1,-1,-1,56,51,56,68,packages\juice\lib\inline.js,0,944
1187,MemberExpression,nan,-1,-1,-1,56,16,56,50,packages\juice\lib\inline.js,0,945
1188,MemberExpression,nan,-1,-1,-1,85,61,85,80,packages\juice\lib\inline.js,0,946
1189,CallExpression,nan,1,-1,-1,93,14,93,51,packages\juice\lib\inline.js,0,947
1190,LogicalExpression,nan,-1,-1,-1,92,28,92,63,packages\juice\lib\inline.js,0,948
1191,AssignmentExpression,nan,-1,-1,-1,101,12,101,66,packages\juice\lib\inline.js,0,949
1192,AssignmentExpression,nan,-1,-1,-1,102,12,102,58,packages\juice\lib\inline.js,0,950
1193,AssignmentExpression,nan,-1,-1,-1,103,12,103,45,packages\juice\lib\inline.js,0,951
1194,AssignmentExpression,nan,-1,-1,-1,104,12,104,51,packages\juice\lib\inline.js,0,952
1195,AssignmentExpression,nan,-1,-1,-1,105,12,105,43,packages\juice\lib\inline.js,0,953
1196,CallExpression,nan,2,-1,-1,120,12,120,88,packages\juice\lib\inline.js,0,954
1197,ConditionalExpression,nan,-1,-1,-1,134,12,136,75,packages\juice\lib\inline.js,0,955
1198,BlockStatement,nan,-1,-1,-1,146,56,148,13,packages\juice\lib\inline.js,0,956
1200,ConditionalExpression,nan,-1,-1,-1,152,12,154,75,packages\juice\lib\inline.js,0,957
1201,BlockStatement,nan,-1,-1,-1,161,45,214,13,packages\juice\lib\inline.js,0,958
1203,AssignmentExpression,nan,-1,-1,-1,296,14,296,44,packages\juice\lib\inline.js,0,959
1204,CallExpression,nan,2,-1,-1,300,14,300,41,packages\juice\lib\inline.js,0,960
1205,CallExpression,nan,2,-1,-1,304,14,304,42,packages\juice\lib\inline.js,0,961
1206,CallExpression,nan,1,-1,-1,303,16,303,57,packages\juice\lib\inline.js,0,962
1207,UnaryExpression,nan,1,-1,-1,303,60,303,62,packages\juice\lib\inline.js,0,963
1209,MemberExpression,nan,-1,-1,-1,303,66,303,77,packages\juice\lib\inline.js,0,964
1210,AssignmentExpression,nan,-1,-1,-1,329,14,329,44,packages\juice\lib\inline.js,0,965
1211,AssignmentExpression,nan,-1,-1,-1,332,14,332,49,packages\juice\lib\inline.js,0,966
1212,MemberExpression,nan,-1,-1,-1,93,28,93,50,packages\juice\lib\inline.js,0,967
1213,MemberExpression,nan,-1,-1,-1,93,14,93,27,packages\juice\lib\inline.js,0,968
1214,MemberExpression,nan,-1,-1,-1,92,28,92,37,packages\juice\lib\inline.js,0,969
1215,MemberExpression,nan,-1,-1,-1,92,41,92,63,packages\juice\lib\inline.js,0,970
1216,Identifier,pseudoEl,-1,-1,-1,101,12,101,20,packages\juice\lib\inline.js,0,971
1217,AssignmentExpression,nan,-1,-1,-1,101,23,101,66,packages\juice\lib\inline.js,0,972
1218,MemberExpression,nan,-1,-1,-1,102,12,102,38,packages\juice\lib\inline.js,0,973
1219,Identifier,pseudoElementType,-1,-1,-1,102,41,102,58,packages\juice\lib\inline.js,0,974
1220,MemberExpression,nan,-1,-1,-1,103,12,103,40,packages\juice\lib\inline.js,0,975
1221,Identifier,el,-1,-1,-1,103,43,103,45,packages\juice\lib\inline.js,0,976
1222,MemberExpression,nan,-1,-1,-1,104,12,104,33,packages\juice\lib\inline.js,0,977
1223,MemberExpression,nan,-1,-1,-1,104,36,104,51,packages\juice\lib\inline.js,0,978
1224,MemberExpression,nan,-1,-1,-1,105,12,105,32,packages\juice\lib\inline.js,0,979
1225,Identifier,pseudoEl,-1,-1,-1,105,35,105,43,packages\juice\lib\inline.js,0,980
1226,MemberExpression,nan,-1,-1,-1,120,21,120,50,packages\juice\lib\inline.js,0,981
1227,NewExpression,nan,2,-1,-1,120,52,120,87,packages\juice\lib\inline.js,0,982
1228,Identifier,addProps,-1,-1,-1,120,12,120,20,packages\juice\lib\inline.js,0,983
1229,AssignmentExpression,nan,-1,-1,-1,135,16,135,64,packages\juice\lib\inline.js,0,984
1230,CallExpression,nan,1,-1,-1,134,12,134,27,packages\juice\lib\inline.js,0,985
1231,ContinueStatement,nan,-1,-1,-1,147,14,147,23,packages\juice\lib\inline.js,0,986
1232,MemberExpression,nan,-1,-1,-1,146,16,146,40,packages\juice\lib\inline.js,0,987
1233,Identifier,undefined,-1,-1,-1,146,45,146,54,packages\juice\lib\inline.js,0,988
1234,AssignmentExpression,nan,-1,-1,-1,153,16,153,65,packages\juice\lib\inline.js,0,989
1235,CallExpression,nan,1,-1,-1,152,12,152,26,packages\juice\lib\inline.js,0,990
1236,VariableDeclaration,nan,-1,-1,-1,162,14,162,39,packages\juice\lib\inline.js,0,991
1237,VariableDeclaration,nan,-1,-1,-1,163,14,163,41,packages\juice\lib\inline.js,0,992
1238,IfStatement,nan,-1,-1,-1,165,14,167,15,packages\juice\lib\inline.js,0,993
1239,IfStatement,nan,-1,-1,-1,169,14,171,15,packages\juice\lib\inline.js,0,994
1240,VariableDeclaration,nan,-1,-1,-1,173,14,173,66,packages\juice\lib\inline.js,0,995
1241,IfStatement,nan,-1,-1,-1,174,14,174,90,packages\juice\lib\inline.js,0,996
1242,VariableDeclaration,nan,-1,-1,-1,177,14,177,99,packages\juice\lib\inline.js,0,997
1243,VariableDeclaration,nan,-1,-1,-1,178,14,178,106,packages\juice\lib\inline.js,0,998
1244,VariableDeclaration,nan,-1,-1,-1,179,14,179,49,packages\juice\lib\inline.js,0,999
1245,IfStatement,nan,-1,-1,-1,182,14,213,15,packages\juice\lib\inline.js,0,1000
1246,MemberExpression,nan,-1,-1,-1,161,16,161,29,packages\juice\lib\inline.js,0,1001
1248,Identifier,value,-1,-1,-1,296,14,296,19,packages\juice\lib\inline.js,0,1002
1249,CallExpression,nan,1,-1,-1,296,22,296,44,packages\juice\lib\inline.js,0,1003
1250,Identifier,dimension,-1,-1,-1,300,25,300,34,packages\juice\lib\inline.js,0,1004
1251,Identifier,size,-1,-1,-1,300,36,300,40,packages\juice\lib\inline.js,0,1005
1252,MemberExpression,nan,-1,-1,-1,300,14,300,24,packages\juice\lib\inline.js,0,1006
1253,Identifier,dimension,-1,-1,-1,304,25,304,34,packages\juice\lib\inline.js,0,1007
1254,Identifier,value,-1,-1,-1,304,36,304,41,packages\juice\lib\inline.js,0,1008
1255,MemberExpression,nan,-1,-1,-1,304,14,304,24,packages\juice\lib\inline.js,0,1009
1256,Identifier,elName,-1,-1,-1,303,50,303,56,packages\juice\lib\inline.js,0,1010
1257,MemberExpression,nan,-1,-1,-1,303,16,303,49,packages\juice\lib\inline.js,0,1011
1259,Identifier,value,-1,-1,-1,329,14,329,19,packages\juice\lib\inline.js,0,1012
1260,CallExpression,nan,1,-1,-1,329,22,329,44,packages\juice\lib\inline.js,0,1013
1261,Identifier,value,-1,-1,-1,332,14,332,19,packages\juice\lib\inline.js,0,1014
1262,CallExpression,nan,1,-1,-1,332,22,332,49,packages\juice\lib\inline.js,0,1015
1263,MemberExpression,nan,-1,-1,-1,101,23,101,43,packages\juice\lib\inline.js,0,1016
1264,CallExpression,nan,1,-1,-1,101,46,101,66,packages\juice\lib\inline.js,0,1017
1267,MemberExpression,nan,-1,-1,-1,120,56,120,70,packages\juice\lib\inline.js,0,1018
1268,MemberExpression,nan,-1,-1,-1,135,16,135,40,packages\juice\lib\inline.js,0,1019
1269,AssignmentExpression,nan,-1,-1,-1,135,43,135,64,packages\juice\lib\inline.js,0,1020
1270,Identifier,resetval,-1,-1,-1,134,18,134,26,packages\juice\lib\inline.js,0,1021
1271,Identifier,isNaN,-1,-1,-1,134,12,134,17,packages\juice\lib\inline.js,0,1022
1272,MemberExpression,nan,-1,-1,-1,153,16,153,40,packages\juice\lib\inline.js,0,1023
1273,AssignmentExpression,nan,-1,-1,-1,153,43,153,65,packages\juice\lib\inline.js,0,1024
1274,Identifier,incrval,-1,-1,-1,152,18,152,25,packages\juice\lib\inline.js,0,1025
1275,Identifier,isNaN,-1,-1,-1,152,12,152,17,packages\juice\lib\inline.js,0,1026
1276,BlockStatement,nan,-1,-1,-1,165,44,167,15,packages\juice\lib\inline.js,0,1027
1278,BlockStatement,nan,-1,-1,-1,169,48,171,15,packages\juice\lib\inline.js,0,1028
1281,LogicalExpression,nan,-1,-1,-1,174,18,174,57,packages\juice\lib\inline.js,0,1029
1282,BlockStatement,nan,-1,-1,-1,182,68,213,15,packages\juice\lib\inline.js,0,1030
1284,Identifier,value,-1,-1,-1,296,38,296,43,packages\juice\lib\inline.js,0,1031
1285,Identifier,removeImportant,-1,-1,-1,296,22,296,37,packages\juice\lib\inline.js,0,1032
1286,Identifier,value,-1,-1,-1,329,38,329,43,packages\juice\lib\inline.js,0,1033
1287,Identifier,removeImportant,-1,-1,-1,329,22,329,37,packages\juice\lib\inline.js,0,1034
1288,Identifier,value,-1,-1,-1,332,43,332,48,packages\juice\lib\inline.js,0,1035
1289,Identifier,extractBackgroundUrl,-1,-1,-1,332,22,332,42,packages\juice\lib\inline.js,0,1036
1291,MemberExpression,nan,-1,-1,-1,101,46,101,63,packages\juice\lib\inline.js,0,1037
1292,MemberExpression,nan,-1,-1,-1,135,43,135,60,packages\juice\lib\inline.js,0,1038
1294,MemberExpression,nan,-1,-1,-1,153,43,153,60,packages\juice\lib\inline.js,0,1039
1297,Identifier,name,-1,-1,-1,165,18,165,22,packages\juice\lib\inline.js,0,1040
1300,Identifier,name,-1,-1,-1,169,18,169,22,packages\juice\lib\inline.js,0,1041
1302,AssignmentExpression,nan,-1,-1,-1,174,59,174,89,packages\juice\lib\inline.js,0,1042
1303,Identifier,important,-1,-1,-1,174,18,174,27,packages\juice\lib\inline.js,0,1043
1304,UnaryExpression,nan,1,-1,-1,174,31,174,57,packages\juice\lib\inline.js,0,1044
1305,IfStatement,nan,-1,-1,-1,183,16,212,17,packages\juice\lib\inline.js,0,1045
1306,CallExpression,nan,1,-1,-1,182,18,182,62,packages\juice\lib\inline.js,0,1046
1308,CallExpression,nan,2,-1,-1,166,16,166,39,packages\juice\lib\inline.js,0,1047
1309,CallExpression,nan,2,-1,-1,170,16,170,43,packages\juice\lib\inline.js,0,1048
1310,Identifier,value,-1,-1,-1,174,59,174,64,packages\juice\lib\inline.js,0,1049
1311,CallExpression,nan,1,-1,-1,174,67,174,89,packages\juice\lib\inline.js,0,1050
1312,MemberExpression,nan,-1,-1,-1,174,32,174,57,packages\juice\lib\inline.js,0,1051
1313,BlockStatement,nan,-1,-1,-1,183,55,202,17,packages\juice\lib\inline.js,0,1052
1314,MemberExpression,nan,-1,-1,-1,183,20,183,53,packages\juice\lib\inline.js,0,1053
1315,Identifier,name,-1,-1,-1,182,57,182,61,packages\juice\lib\inline.js,0,1054
1316,MemberExpression,nan,-1,-1,-1,182,18,182,56,packages\juice\lib\inline.js,0,1055
1317,Identifier,el,-1,-1,-1,166,29,166,31,packages\juice\lib\inline.js,0,1056
1318,Identifier,value,-1,-1,-1,166,33,166,38,packages\juice\lib\inline.js,0,1057
1319,Identifier,resetCounter,-1,-1,-1,166,16,166,28,packages\juice\lib\inline.js,0,1058
1320,Identifier,el,-1,-1,-1,170,33,170,35,packages\juice\lib\inline.js,0,1059
1321,Identifier,value,-1,-1,-1,170,37,170,42,packages\juice\lib\inline.js,0,1060
1322,Identifier,incrementCounter,-1,-1,-1,170,16,170,32,packages\juice\lib\inline.js,0,1061
1323,Identifier,value,-1,-1,-1,174,83,174,88,packages\juice\lib\inline.js,0,1062
1324,Identifier,removeImportant,-1,-1,-1,174,67,174,82,packages\juice\lib\inline.js,0,1063
1325,IfStatement,nan,-1,-1,-1,185,18,201,19,packages\juice\lib\inline.js,0,1064
1326,BlockStatement,nan,-1,-1,-1,185,32,199,19,packages\juice\lib\inline.js,0,1065
1327,Identifier,existing,-1,-1,-1,185,22,185,30,packages\juice\lib\inline.js,0,1066
1328,IfStatement,nan,-1,-1,-1,187,20,198,21,packages\juice\lib\inline.js,0,1067
1329,BlockStatement,nan,-1,-1,-1,187,56,191,21,packages\juice\lib\inline.js,0,1068
1333,MemberExpression,nan,-1,-1,-1,187,24,187,41,packages\juice\lib\inline.js,0,1069
1334,Identifier,selector,-1,-1,-1,187,46,187,54,packages\juice\lib\inline.js,0,1070
1335,AssignmentExpression,nan,-1,-1,-1,189,22,189,46,packages\juice\lib\inline.js,0,1071
1336,AssignmentExpression,nan,-1,-1,-1,190,22,190,48,packages\juice\lib\inline.js,0,1072
1337,MemberExpression,nan,-1,-1,-1,189,22,189,35,packages\juice\lib\inline.js,0,1073
1338,Identifier,existing,-1,-1,-1,189,38,189,46,packages\juice\lib\inline.js,0,1074
1339,MemberExpression,nan,-1,-1,-1,190,22,190,41,packages\juice\lib\inline.js,0,1075
1340,Identifier,prop,-1,-1,-1,190,44,190,48,packages\juice\lib\inline.js,0,1076
1341,Program,nan,-1,-1,-1,1,0,40,1,packages\juice\lib\numbers.js,0,1077
1346,AssignmentExpression,nan,-1,-1,-1,10,0,22,1,packages\juice\lib\numbers.js,0,1078
1347,AssignmentExpression,nan,-1,-1,-1,31,0,40,1,packages\juice\lib\numbers.js,0,1079
1348,MemberExpression,nan,-1,-1,-1,10,0,10,16,packages\juice\lib\numbers.js,0,1080
1349,FunctionExpression,nan,-1,1,1,10,19,22,1,packages\juice\lib\numbers.js,0,1081
1350,MemberExpression,nan,-1,-1,-1,31,0,31,20,packages\juice\lib\numbers.js,0,1082
1351,FunctionExpression,nan,-1,1,1,31,23,40,1,packages\juice\lib\numbers.js,0,1083
1352,Identifier,num,-1,-1,-1,10,28,10,31,packages\juice\lib\numbers.js,0,1084
1354,BlockStatement,nan,-1,-1,-1,10,33,22,1,packages\juice\lib\numbers.js,0,1085
1355,Identifier,num,-1,-1,-1,31,32,31,35,packages\juice\lib\numbers.js,0,1086
1357,BlockStatement,nan,-1,-1,-1,31,37,40,1,packages\juice\lib\numbers.js,0,1087
1358,IfStatement,nan,-1,-1,-1,11,4,12,19,packages\juice\lib\numbers.js,0,1088
1359,VariableDeclaration,nan,-1,-1,-1,13,4,18,14,packages\juice\lib\numbers.js,0,1089
1360,WhileStatement,nan,-1,-1,-1,19,4,20,62,packages\juice\lib\numbers.js,0,1090
1361,ReturnStatement,nan,1,-1,-1,21,4,21,57,packages\juice\lib\numbers.js,0,1091
1362,VariableDeclaration,nan,-1,-1,-1,32,4,32,18,packages\juice\lib\numbers.js,0,1092
1363,WhileStatement,nan,-1,-1,-1,34,4,38,5,packages\juice\lib\numbers.js,0,1093
1364,ReturnStatement,nan,1,-1,-1,39,4,39,26,packages\juice\lib\numbers.js,0,1094
1365,ReturnStatement,nan,1,-1,-1,12,8,12,19,packages\juice\lib\numbers.js,0,1095
1366,CallExpression,nan,1,-1,-1,11,8,11,18,packages\juice\lib\numbers.js,0,1096
1367,UpdateExpression,nan,1,-1,-1,19,11,19,14,packages\juice\lib\numbers.js,0,1097
1371,BlockStatement,nan,-1,-1,-1,34,20,38,5,packages\juice\lib\numbers.js,0,1098
1372,LogicalExpression,nan,-1,-1,-1,39,11,39,25,packages\juice\lib\numbers.js,0,1099
1373,Identifier,nan,-1,-1,-1,12,15,12,18,packages\juice\lib\numbers.js,0,1100
1374,Identifier,num,-1,-1,-1,11,14,11,17,packages\juice\lib\numbers.js,0,1101
1375,Identifier,isNaN,-1,-1,-1,11,8,11,13,packages\juice\lib\numbers.js,0,1102
1376,Identifier,i,-1,-1,-1,19,11,19,12,packages\juice\lib\numbers.js,0,1103
1377,AssignmentExpression,nan,-1,-1,-1,20,8,20,61,packages\juice\lib\numbers.js,0,1104
1378,CallExpression,nan,1,-1,-1,21,11,21,48,packages\juice\lib\numbers.js,0,1105
1379,Identifier,roman,-1,-1,-1,21,51,21,56,packages\juice\lib\numbers.js,0,1106
1380,Identifier,num,-1,-1,-1,34,11,34,14,packages\juice\lib\numbers.js,0,1107
1385,Identifier,s,-1,-1,-1,39,11,39,12,packages\juice\lib\numbers.js,0,1108
1386,Identifier,undefined,-1,-1,-1,39,16,39,25,packages\juice\lib\numbers.js,0,1109
1387,Identifier,roman,-1,-1,-1,20,8,20,13,packages\juice\lib\numbers.js,0,1110
1390,MemberExpression,nan,-1,-1,-1,21,11,21,43,packages\juice\lib\numbers.js,0,1111
1391,AssignmentExpression,nan,-1,-1,-1,35,6,35,24,packages\juice\lib\numbers.js,0,1112
1392,AssignmentExpression,nan,-1,-1,-1,36,6,36,41,packages\juice\lib\numbers.js,0,1113
1393,AssignmentExpression,nan,-1,-1,-1,37,6,37,28,packages\juice\lib\numbers.js,0,1114
1394,LogicalExpression,nan,-1,-1,-1,20,17,20,52,packages\juice\lib\numbers.js,0,1115
1395,Identifier,roman,-1,-1,-1,20,56,20,61,packages\juice\lib\numbers.js,0,1116
1396,Identifier,t,-1,-1,-1,35,6,35,7,packages\juice\lib\numbers.js,0,1117
1398,Identifier,s,-1,-1,-1,36,6,36,7,packages\juice\lib\numbers.js,0,1118
1400,Identifier,num,-1,-1,-1,37,6,37,9,packages\juice\lib\numbers.js,0,1119
1402,MemberExpression,nan,-1,-1,-1,20,17,20,46,packages\juice\lib\numbers.js,0,1120
1406,CallExpression,nan,1,-1,-1,36,10,36,37,packages\juice\lib\numbers.js,0,1121
1407,Identifier,s,-1,-1,-1,36,40,36,41,packages\juice\lib\numbers.js,0,1122
1410,Identifier,num,-1,-1,-1,35,11,35,14,packages\juice\lib\numbers.js,0,1123
1413,MemberExpression,nan,-1,-1,-1,36,10,36,29,packages\juice\lib\numbers.js,0,1124
1417,Identifier,t,-1,-1,-1,36,35,36,36,packages\juice\lib\numbers.js,0,1125
1418,Identifier,num,-1,-1,-1,37,13,37,16,packages\juice\lib\numbers.js,0,1126
1419,Identifier,t,-1,-1,-1,37,19,37,20,packages\juice\lib\numbers.js,0,1127
1420,Program,nan,-1,-1,-1,1,0,65,2,packages\juice\lib\property.js,0,1128
1423,VariableDeclaration,nan,-1,-1,-1,9,0,9,31,packages\juice\lib\property.js,0,1129
1424,FunctionDeclaration,nan,-1,5,0,22,0,28,1,packages\juice\lib\property.js,0,1130
1429,AssignmentExpression,nan,-1,-1,-1,3,0,3,35,packages\juice\lib\property.js,0,1131
1430,Identifier,Property,-1,-1,-1,22,9,22,17,packages\juice\lib\property.js,0,1132
1431,Identifier,prop,-1,-1,-1,22,18,22,22,packages\juice\lib\property.js,0,1133
1432,Identifier,value,-1,-1,-1,22,24,22,29,packages\juice\lib\property.js,0,1134
1433,Identifier,selector,-1,-1,-1,22,31,22,39,packages\juice\lib\property.js,0,1135
1434,Identifier,priority,-1,-1,-1,22,41,22,49,packages\juice\lib\property.js,0,1136
1435,Identifier,additionalPriority,-1,-1,-1,22,51,22,69,packages\juice\lib\property.js,0,1137
1437,BlockStatement,nan,-1,-1,-1,22,71,28,1,packages\juice\lib\property.js,0,1138
1438,AssignmentExpression,nan,-1,-1,-1,36,0,46,1,packages\juice\lib\property.js,0,1139
1439,AssignmentExpression,nan,-1,-1,-1,48,0,54,1,packages\juice\lib\property.js,0,1140
1440,AssignmentExpression,nan,-1,-1,-1,63,0,65,1,packages\juice\lib\property.js,0,1141
1441,MemberExpression,nan,-1,-1,-1,3,0,3,14,packages\juice\lib\property.js,0,1142
1442,AssignmentExpression,nan,-1,-1,-1,3,17,3,35,packages\juice\lib\property.js,0,1143
1448,MemberExpression,nan,-1,-1,-1,36,0,36,30,packages\juice\lib\property.js,0,1144
1449,FunctionExpression,nan,-1,1,1,36,33,46,1,packages\juice\lib\property.js,0,1145
1450,MemberExpression,nan,-1,-1,-1,48,0,48,26,packages\juice\lib\property.js,0,1146
1451,FunctionExpression,nan,-1,1,1,48,29,54,1,packages\juice\lib\property.js,0,1147
1452,MemberExpression,nan,-1,-1,-1,63,0,63,27,packages\juice\lib\property.js,0,1148
1453,FunctionExpression,nan,-1,0,1,63,30,65,1,packages\juice\lib\property.js,0,1149
1454,Identifier,exports,-1,-1,-1,3,17,3,24,packages\juice\lib\property.js,0,1150
1455,Identifier,Property,-1,-1,-1,3,27,3,35,packages\juice\lib\property.js,0,1151
1456,AssignmentExpression,nan,-1,-1,-1,23,2,23,18,packages\juice\lib\property.js,0,1152
1457,AssignmentExpression,nan,-1,-1,-1,24,2,24,20,packages\juice\lib\property.js,0,1153
1458,AssignmentExpression,nan,-1,-1,-1,25,2,25,26,packages\juice\lib\property.js,0,1154
1459,AssignmentExpression,nan,-1,-1,-1,26,2,26,31,packages\juice\lib\property.js,0,1155
1460,AssignmentExpression,nan,-1,-1,-1,27,2,27,52,packages\juice\lib\property.js,0,1156
1461,Identifier,property,-1,-1,-1,36,42,36,50,packages\juice\lib\property.js,0,1157
1463,BlockStatement,nan,-1,-1,-1,36,52,46,1,packages\juice\lib\property.js,0,1158
1464,Identifier,property,-1,-1,-1,48,38,48,46,packages\juice\lib\property.js,0,1159
1466,BlockStatement,nan,-1,-1,-1,48,48,54,1,packages\juice\lib\property.js,0,1160
1468,BlockStatement,nan,-1,-1,-1,63,41,65,1,packages\juice\lib\property.js,0,1161
1469,MemberExpression,nan,-1,-1,-1,23,2,23,11,packages\juice\lib\property.js,0,1162
1470,Identifier,prop,-1,-1,-1,23,14,23,18,packages\juice\lib\property.js,0,1163
1471,MemberExpression,nan,-1,-1,-1,24,2,24,12,packages\juice\lib\property.js,0,1164
1472,Identifier,value,-1,-1,-1,24,15,24,20,packages\juice\lib\property.js,0,1165
1473,MemberExpression,nan,-1,-1,-1,25,2,25,15,packages\juice\lib\property.js,0,1166
1474,Identifier,selector,-1,-1,-1,25,18,25,26,packages\juice\lib\property.js,0,1167
1475,MemberExpression,nan,-1,-1,-1,26,2,26,15,packages\juice\lib\property.js,0,1168
1476,LogicalExpression,nan,-1,-1,-1,26,18,26,31,packages\juice\lib\property.js,0,1169
1477,MemberExpression,nan,-1,-1,-1,27,2,27,25,packages\juice\lib\property.js,0,1170
1478,LogicalExpression,nan,-1,-1,-1,27,28,27,52,packages\juice\lib\property.js,0,1171
1479,VariableDeclaration,nan,-1,-1,-1,37,2,37,13,packages\juice\lib\property.js,0,1172
1483,VariableDeclaration,nan,-1,-1,-1,41,2,41,13,packages\juice\lib\property.js,0,1173
1487,ReturnStatement,nan,1,-1,-1,45,2,45,33,packages\juice\lib\property.js,0,1174
1488,VariableDeclaration,nan,-1,-1,-1,49,2,49,42,packages\juice\lib\property.js,0,1175
1489,IfStatement,nan,-1,-1,-1,50,2,52,3,packages\juice\lib\property.js,0,1176
1490,ReturnStatement,nan,1,-1,-1,53,2,53,18,packages\juice\lib\property.js,0,1177
1491,ReturnStatement,nan,1,-1,-1,64,2,64,67,packages\juice\lib\property.js,0,1178
1492,Identifier,priority,-1,-1,-1,26,18,26,26,packages\juice\lib\property.js,0,1179
1494,Identifier,additionalPriority,-1,-1,-1,27,28,27,46,packages\juice\lib\property.js,0,1180
1495,ArrayExpression,nan,-1,-1,-1,27,50,27,52,packages\juice\lib\property.js,0,1181
1496,CallExpression,nan,2,-1,-1,38,2,38,46,packages\juice\lib\property.js,0,1182
1497,CallExpression,nan,2,-1,-1,39,2,39,42,packages\juice\lib\property.js,0,1183
1498,AssignmentExpression,nan,-1,-1,-1,40,2,40,23,packages\juice\lib\property.js,0,1184
1499,CallExpression,nan,2,-1,-1,42,2,42,50,packages\juice\lib\property.js,0,1185
1500,CallExpression,nan,2,-1,-1,43,2,43,46,packages\juice\lib\property.js,0,1186
1501,AssignmentExpression,nan,-1,-1,-1,44,2,44,27,packages\juice\lib\property.js,0,1187
1502,CallExpression,nan,2,-1,-1,45,9,45,32,packages\juice\lib\property.js,0,1188
1503,BlockStatement,nan,-1,-1,-1,50,20,52,3,packages\juice\lib\property.js,0,1189
1505,Identifier,property,-1,-1,-1,53,9,53,17,packages\juice\lib\property.js,0,1190
1507,Identifier,a,-1,-1,-1,38,15,38,16,packages\juice\lib\property.js,0,1191
1508,CallExpression,nan,0,-1,-1,38,18,38,45,packages\juice\lib\property.js,0,1192
1509,MemberExpression,nan,-1,-1,-1,38,2,38,14,packages\juice\lib\property.js,0,1193
1510,Identifier,a,-1,-1,-1,39,15,39,16,packages\juice\lib\property.js,0,1194
1511,MemberExpression,nan,-1,-1,-1,39,18,39,41,packages\juice\lib\property.js,0,1195
1512,MemberExpression,nan,-1,-1,-1,39,2,39,14,packages\juice\lib\property.js,0,1196
1513,MemberExpression,nan,-1,-1,-1,40,2,40,6,packages\juice\lib\property.js,0,1197
1514,MemberExpression,nan,-1,-1,-1,40,10,40,23,packages\juice\lib\property.js,0,1198
1515,Identifier,b,-1,-1,-1,42,15,42,16,packages\juice\lib\property.js,0,1199
1516,CallExpression,nan,0,-1,-1,42,18,42,49,packages\juice\lib\property.js,0,1200
1517,MemberExpression,nan,-1,-1,-1,42,2,42,14,packages\juice\lib\property.js,0,1201
1518,Identifier,b,-1,-1,-1,43,15,43,16,packages\juice\lib\property.js,0,1202
1519,MemberExpression,nan,-1,-1,-1,43,18,43,45,packages\juice\lib\property.js,0,1203
1520,MemberExpression,nan,-1,-1,-1,43,2,43,14,packages\juice\lib\property.js,0,1204
1521,MemberExpression,nan,-1,-1,-1,44,2,44,6,packages\juice\lib\property.js,0,1205
1522,MemberExpression,nan,-1,-1,-1,44,10,44,27,packages\juice\lib\property.js,0,1206
1523,Identifier,a,-1,-1,-1,45,27,45,28,packages\juice\lib\property.js,0,1207
1524,Identifier,b,-1,-1,-1,45,30,45,31,packages\juice\lib\property.js,0,1208
1525,MemberExpression,nan,-1,-1,-1,45,9,45,26,packages\juice\lib\property.js,0,1209
1526,ReturnStatement,nan,1,-1,-1,51,4,51,16,packages\juice\lib\property.js,0,1210
1527,Identifier,winner,-1,-1,-1,50,6,50,12,packages\juice\lib\property.js,0,1211
1531,MemberExpression,nan,-1,-1,-1,38,18,38,43,packages\juice\lib\property.js,0,1212
1532,MemberExpression,nan,-1,-1,-1,42,18,42,47,packages\juice\lib\property.js,0,1213
1533,ThisExpression,nan,-1,-1,-1,51,11,51,15,packages\juice\lib\property.js,0,1214
1535,CallExpression,nan,2,-1,-1,64,28,64,60,packages\juice\lib\property.js,0,1215
1536,MemberExpression,nan,-1,-1,-1,64,9,64,18,packages\juice\lib\property.js,0,1216
1540,MemberExpression,nan,-1,-1,-1,64,28,64,46,packages\juice\lib\property.js,0,1217
1541,Program,nan,-1,-1,-1,1,0,97,1,packages\juice\lib\selector.js,0,1218
1543,VariableDeclaration,nan,-1,-1,-1,3,0,3,37,packages\juice\lib\selector.js,0,1219
1545,FunctionDeclaration,nan,-1,2,0,15,0,19,1,packages\juice\lib\selector.js,0,1220
1548,FunctionDeclaration,nan,-1,1,0,91,0,97,1,packages\juice\lib\selector.js,0,1221
1550,AssignmentExpression,nan,-1,-1,-1,5,0,5,35,packages\juice\lib\selector.js,0,1222
1551,Identifier,Selector,-1,-1,-1,15,9,15,17,packages\juice\lib\selector.js,0,1223
1552,Identifier,text,-1,-1,-1,15,18,15,22,packages\juice\lib\selector.js,0,1224
1553,Identifier,styleAttribute,-1,-1,-1,15,24,15,38,packages\juice\lib\selector.js,0,1225
1555,BlockStatement,nan,-1,-1,-1,15,40,19,1,packages\juice\lib\selector.js,0,1226
1556,AssignmentExpression,nan,-1,-1,-1,27,0,30,1,packages\juice\lib\selector.js,0,1227
1557,AssignmentExpression,nan,-1,-1,-1,38,0,82,1,packages\juice\lib\selector.js,0,1228
1558,Identifier,parse,-1,-1,-1,91,9,91,14,packages\juice\lib\selector.js,0,1229
1559,Identifier,text,-1,-1,-1,91,15,91,19,packages\juice\lib\selector.js,0,1230
1561,BlockStatement,nan,-1,-1,-1,91,21,97,1,packages\juice\lib\selector.js,0,1231
1562,MemberExpression,nan,-1,-1,-1,5,0,5,14,packages\juice\lib\selector.js,0,1232
1563,AssignmentExpression,nan,-1,-1,-1,5,17,5,35,packages\juice\lib\selector.js,0,1233
1567,MemberExpression,nan,-1,-1,-1,27,0,27,25,packages\juice\lib\selector.js,0,1234
1568,FunctionExpression,nan,-1,0,1,27,28,30,1,packages\juice\lib\selector.js,0,1235
1569,MemberExpression,nan,-1,-1,-1,38,0,38,30,packages\juice\lib\selector.js,0,1236
1570,FunctionExpression,nan,-1,0,1,38,33,82,1,packages\juice\lib\selector.js,0,1237
1571,TryStatement,nan,-1,-1,-1,92,2,96,3,packages\juice\lib\selector.js,0,1238
1572,Identifier,exports,-1,-1,-1,5,17,5,24,packages\juice\lib\selector.js,0,1239
1573,Identifier,Selector,-1,-1,-1,5,27,5,35,packages\juice\lib\selector.js,0,1240
1574,AssignmentExpression,nan,-1,-1,-1,16,2,16,18,packages\juice\lib\selector.js,0,1241
1575,AssignmentExpression,nan,-1,-1,-1,17,2,17,23,packages\juice\lib\selector.js,0,1242
1576,AssignmentExpression,nan,-1,-1,-1,18,2,18,47,packages\juice\lib\selector.js,0,1243
1578,BlockStatement,nan,-1,-1,-1,27,39,30,1,packages\juice\lib\selector.js,0,1244
1580,BlockStatement,nan,-1,-1,-1,38,44,82,1,packages\juice\lib\selector.js,0,1245
1581,MemberExpression,nan,-1,-1,-1,16,2,16,11,packages\juice\lib\selector.js,0,1246
1582,Identifier,text,-1,-1,-1,16,14,16,18,packages\juice\lib\selector.js,0,1247
1583,MemberExpression,nan,-1,-1,-1,17,2,17,11,packages\juice\lib\selector.js,0,1248
1584,Identifier,undefined,-1,-1,-1,17,14,17,23,packages\juice\lib\selector.js,0,1249
1585,MemberExpression,nan,-1,-1,-1,18,2,18,21,packages\juice\lib\selector.js,0,1250
1586,LogicalExpression,nan,-1,-1,-1,18,24,18,47,packages\juice\lib\selector.js,0,1251
1587,IfStatement,nan,-1,-1,-1,28,2,28,55,packages\juice\lib\selector.js,0,1252
1588,ReturnStatement,nan,1,-1,-1,29,2,29,21,packages\juice\lib\selector.js,0,1253
1589,VariableDeclaration,nan,-1,-1,-1,39,2,39,43,packages\juice\lib\selector.js,0,1254
1590,IfStatement,nan,-1,-1,-1,40,2,40,72,packages\juice\lib\selector.js,0,1255
1591,ReturnStatement,nan,1,-1,-1,41,2,41,19,packages\juice\lib\selector.js,0,1256
1592,FunctionDeclaration,nan,-1,2,1,43,2,81,3,packages\juice\lib\selector.js,0,1257
1593,Identifier,styleAttribute,-1,-1,-1,18,24,18,38,packages\juice\lib\selector.js,0,1258
1595,BlockStatement,nan,-1,-1,-1,28,20,28,55,packages\juice\lib\selector.js,0,1259
1596,UnaryExpression,nan,1,-1,-1,28,6,28,18,packages\juice\lib\selector.js,0,1260
1597,MemberExpression,nan,-1,-1,-1,29,9,29,20,packages\juice\lib\selector.js,0,1261
1598,BlockStatement,nan,-1,-1,-1,40,18,40,72,packages\juice\lib\selector.js,0,1262
1599,UnaryExpression,nan,1,-1,-1,40,6,40,16,packages\juice\lib\selector.js,0,1263
1600,MemberExpression,nan,-1,-1,-1,41,9,41,18,packages\juice\lib\selector.js,0,1264
1601,Identifier,specificity,-1,-1,-1,43,11,43,22,packages\juice\lib\selector.js,0,1265
1602,Identifier,text,-1,-1,-1,43,23,43,27,packages\juice\lib\selector.js,0,1266
1603,Identifier,parsed,-1,-1,-1,43,29,43,35,packages\juice\lib\selector.js,0,1267
1605,BlockStatement,nan,-1,-1,-1,43,37,81,3,packages\juice\lib\selector.js,0,1268
1607,MemberExpression,nan,-1,-1,-1,28,7,28,18,packages\juice\lib\selector.js,0,1269
1609,MemberExpression,nan,-1,-1,-1,40,7,40,16,packages\juice\lib\selector.js,0,1270
1610,VariableDeclaration,nan,-1,-1,-1,44,4,44,44,packages\juice\lib\selector.js,0,1271
1611,VariableDeclaration,nan,-1,-1,-1,45,4,45,49,packages\juice\lib\selector.js,0,1272
1612,VariableDeclaration,nan,-1,-1,-1,46,4,46,18,packages\juice\lib\selector.js,0,1273
1613,ForStatement,nan,-1,-1,-1,48,4,73,5,packages\juice\lib\selector.js,0,1274
1614,ForStatement,nan,-1,-1,-1,75,4,78,5,packages\juice\lib\selector.js,0,1275
1615,ReturnStatement,nan,1,-1,-1,80,4,80,16,packages\juice\lib\selector.js,0,1276
1616,AssignmentExpression,nan,-1,-1,-1,28,22,28,52,packages\juice\lib\selector.js,0,1277
1617,AssignmentExpression,nan,-1,-1,-1,40,20,40,69,packages\juice\lib\selector.js,0,1278
1619,BlockStatement,nan,-1,-1,-1,48,49,73,5,packages\juice\lib\selector.js,0,1279
1620,UpdateExpression,nan,1,-1,-1,75,31,75,35,packages\juice\lib\selector.js,0,1280
1621,BlockStatement,nan,-1,-1,-1,75,38,78,5,packages\juice\lib\selector.js,0,1281
1622,Identifier,spec,-1,-1,-1,80,11,80,15,packages\juice\lib\selector.js,0,1282
1623,MemberExpression,nan,-1,-1,-1,28,22,28,33,packages\juice\lib\selector.js,0,1283
1624,CallExpression,nan,1,-1,-1,28,36,28,52,packages\juice\lib\selector.js,0,1284
1625,MemberExpression,nan,-1,-1,-1,40,20,40,29,packages\juice\lib\selector.js,0,1285
1626,CallExpression,nan,2,-1,-1,40,32,40,69,packages\juice\lib\selector.js,0,1286
1627,Identifier,i,-1,-1,-1,48,20,48,21,packages\juice\lib\selector.js,0,1287
1628,MemberExpression,nan,-1,-1,-1,48,24,48,42,packages\juice\lib\selector.js,0,1288
1629,VariableDeclaration,nan,-1,-1,-1,49,6,49,38,packages\juice\lib\selector.js,0,1289
1630,VariableDeclaration,nan,-1,-1,-1,50,6,50,39,packages\juice\lib\selector.js,0,1290
1631,IfStatement,nan,-1,-1,-1,53,6,53,39,packages\juice\lib\selector.js,0,1291
1632,IfStatement,nan,-1,-1,-1,56,6,56,77,packages\juice\lib\selector.js,0,1292
1633,IfStatement,nan,-1,-1,-1,57,6,57,75,packages\juice\lib\selector.js,0,1293
1634,IfStatement,nan,-1,-1,-1,60,6,60,66,packages\juice\lib\selector.js,0,1294
1635,IfStatement,nan,-1,-1,-1,63,6,72,7,packages\juice\lib\selector.js,0,1295
1636,Identifier,ii,-1,-1,-1,75,31,75,33,packages\juice\lib\selector.js,0,1296
1637,VariableDeclaration,nan,-1,-1,-1,76,6,76,38,packages\juice\lib\selector.js,0,1297
1638,ForStatement,nan,-1,-1,-1,77,6,77,54,packages\juice\lib\selector.js,0,1298
1639,MemberExpression,nan,-1,-1,-1,28,42,28,51,packages\juice\lib\selector.js,0,1299
1640,Identifier,parse,-1,-1,-1,28,36,28,41,packages\juice\lib\selector.js,0,1300
1641,MemberExpression,nan,-1,-1,-1,40,44,40,53,packages\juice\lib\selector.js,0,1301
1642,CallExpression,nan,0,-1,-1,40,55,40,68,packages\juice\lib\selector.js,0,1302
1643,Identifier,specificity,-1,-1,-1,40,32,40,43,packages\juice\lib\selector.js,0,1303
1644,BlockStatement,nan,-1,-1,-1,53,25,53,39,packages\juice\lib\selector.js,0,1304
1645,MemberExpression,nan,-1,-1,-1,53,10,53,23,packages\juice\lib\selector.js,0,1305
1646,BlockStatement,nan,-1,-1,-1,56,33,56,77,packages\juice\lib\selector.js,0,1306
1647,MemberExpression,nan,-1,-1,-1,56,10,56,31,packages\juice\lib\selector.js,0,1307
1648,BlockStatement,nan,-1,-1,-1,57,32,57,75,packages\juice\lib\selector.js,0,1308
1649,MemberExpression,nan,-1,-1,-1,57,10,57,30,packages\juice\lib\selector.js,0,1309
1650,BlockStatement,nan,-1,-1,-1,60,52,60,66,packages\juice\lib\selector.js,0,1310
1651,LogicalExpression,nan,-1,-1,-1,60,10,60,50,packages\juice\lib\selector.js,0,1311
1652,BlockStatement,nan,-1,-1,-1,63,19,72,7,packages\juice\lib\selector.js,0,1312
1653,Identifier,pseudos,-1,-1,-1,63,10,63,17,packages\juice\lib\selector.js,0,1313
1654,UpdateExpression,nan,1,-1,-1,77,23,77,27,packages\juice\lib\selector.js,0,1314
1655,BlockStatement,nan,-1,-1,-1,77,30,77,54,packages\juice\lib\selector.js,0,1315
1656,MemberExpression,nan,-1,-1,-1,40,55,40,66,packages\juice\lib\selector.js,0,1316
1661,MemberExpression,nan,-1,-1,-1,60,10,60,24,packages\juice\lib\selector.js,0,1317
1664,ForStatement,nan,-1,-1,-1,66,8,71,9,packages\juice\lib\selector.js,0,1318
1665,Identifier,jj,-1,-1,-1,77,23,77,25,packages\juice\lib\selector.js,0,1319
1667,UpdateExpression,nan,1,-1,-1,53,27,53,36,packages\juice\lib\selector.js,0,1320
1668,AssignmentExpression,nan,-1,-1,-1,56,35,56,74,packages\juice\lib\selector.js,0,1321
1669,AssignmentExpression,nan,-1,-1,-1,57,34,57,72,packages\juice\lib\selector.js,0,1322
1670,UpdateExpression,nan,1,-1,-1,60,54,60,63,packages\juice\lib\selector.js,0,1323
1671,MemberExpression,nan,-1,-1,-1,60,28,60,42,packages\juice\lib\selector.js,0,1324
1673,AssignmentExpression,nan,-1,-1,-1,64,8,64,33,packages\juice\lib\selector.js,0,1325
1675,BlockStatement,nan,-1,-1,-1,66,49,71,9,packages\juice\lib\selector.js,0,1326
1676,AssignmentExpression,nan,-1,-1,-1,77,32,77,51,packages\juice\lib\selector.js,0,1327
1677,MemberExpression,nan,-1,-1,-1,53,27,53,34,packages\juice\lib\selector.js,0,1328
1678,MemberExpression,nan,-1,-1,-1,56,35,56,42,packages\juice\lib\selector.js,0,1329
1679,MemberExpression,nan,-1,-1,-1,56,46,56,74,packages\juice\lib\selector.js,0,1330
1680,MemberExpression,nan,-1,-1,-1,57,34,57,41,packages\juice\lib\selector.js,0,1331
1681,MemberExpression,nan,-1,-1,-1,57,45,57,72,packages\juice\lib\selector.js,0,1332
1682,MemberExpression,nan,-1,-1,-1,60,54,60,61,packages\juice\lib\selector.js,0,1333
1683,MemberExpression,nan,-1,-1,-1,64,8,64,15,packages\juice\lib\selector.js,0,1334
1684,MemberExpression,nan,-1,-1,-1,64,19,64,33,packages\juice\lib\selector.js,0,1335
1685,Identifier,p,-1,-1,-1,66,24,66,25,packages\juice\lib\selector.js,0,1336
1686,MemberExpression,nan,-1,-1,-1,66,28,66,42,packages\juice\lib\selector.js,0,1337
1687,IfStatement,nan,-1,-1,-1,67,10,70,11,packages\juice\lib\selector.js,0,1338
1688,MemberExpression,nan,-1,-1,-1,77,32,77,40,packages\juice\lib\selector.js,0,1339
1689,MemberExpression,nan,-1,-1,-1,77,44,77,51,packages\juice\lib\selector.js,0,1340
1690,BlockStatement,nan,-1,-1,-1,67,41,70,11,packages\juice\lib\selector.js,0,1341
1694,MemberExpression,nan,-1,-1,-1,67,14,67,29,packages\juice\lib\selector.js,0,1342
1696,CallExpression,nan,1,-1,-1,68,12,68,39,packages\juice\lib\selector.js,0,1343
1697,UpdateExpression,nan,1,-1,-1,69,12,69,21,packages\juice\lib\selector.js,0,1344
1698,MemberExpression,nan,-1,-1,-1,68,22,68,38,packages\juice\lib\selector.js,0,1345
1699,MemberExpression,nan,-1,-1,-1,68,12,68,21,packages\juice\lib\selector.js,0,1346
1700,MemberExpression,nan,-1,-1,-1,69,12,69,19,packages\juice\lib\selector.js,0,1347
1701,Program,nan,-1,-1,-1,1,0,419,2,packages\juice\lib\utils.js,0,1348
1703,VariableDeclaration,nan,-1,-1,-1,7,0,7,31,packages\juice\lib\utils.js,0,1349
1704,VariableDeclaration,nan,-1,-1,-1,8,0,8,37,packages\juice\lib\utils.js,0,1350
1705,VariableDeclaration,nan,-1,-1,-1,9,0,9,37,packages\juice\lib\utils.js,0,1351
1719,AssignmentExpression,nan,-1,-1,-1,11,0,11,27,packages\juice\lib\utils.js,0,1352
1720,AssignmentExpression,nan,-1,-1,-1,12,0,12,27,packages\juice\lib\utils.js,0,1353
1721,AssignmentExpression,nan,-1,-1,-1,22,0,48,1,packages\juice\lib\utils.js,0,1354
1722,AssignmentExpression,nan,-1,-1,-1,59,0,143,1,packages\juice\lib\utils.js,0,1355
1723,AssignmentExpression,nan,-1,-1,-1,153,0,270,1,packages\juice\lib\utils.js,0,1356
1724,AssignmentExpression,nan,-1,-1,-1,272,0,274,1,packages\juice\lib\utils.js,0,1357
1725,AssignmentExpression,nan,-1,-1,-1,276,0,280,1,packages\juice\lib\utils.js,0,1358
1726,AssignmentExpression,nan,-1,-1,-1,290,0,308,1,packages\juice\lib\utils.js,0,1359
1727,AssignmentExpression,nan,-1,-1,-1,320,0,370,1,packages\juice\lib\utils.js,0,1360
1728,AssignmentExpression,nan,-1,-1,-1,381,0,390,1,packages\juice\lib\utils.js,0,1361
1729,AssignmentExpression,nan,-1,-1,-1,392,0,394,1,packages\juice\lib\utils.js,0,1362
1730,AssignmentExpression,nan,-1,-1,-1,396,0,419,1,packages\juice\lib\utils.js,0,1363
1731,MemberExpression,nan,-1,-1,-1,11,0,11,16,packages\juice\lib\utils.js,0,1364
1732,Identifier,Selector,-1,-1,-1,11,19,11,27,packages\juice\lib\utils.js,0,1365
1733,MemberExpression,nan,-1,-1,-1,12,0,12,16,packages\juice\lib\utils.js,0,1366
1734,Identifier,Property,-1,-1,-1,12,19,12,27,packages\juice\lib\utils.js,0,1367
1735,MemberExpression,nan,-1,-1,-1,22,0,22,15,packages\juice\lib\utils.js,0,1368
1736,FunctionExpression,nan,-1,1,1,22,18,48,1,packages\juice\lib\utils.js,0,1369
1737,MemberExpression,nan,-1,-1,-1,59,0,59,16,packages\juice\lib\utils.js,0,1370
1738,FunctionExpression,nan,-1,1,1,59,19,143,1,packages\juice\lib\utils.js,0,1371
1739,MemberExpression,nan,-1,-1,-1,153,0,153,24,packages\juice\lib\utils.js,0,1372
1740,FunctionExpression,nan,-1,3,1,153,27,270,1,packages\juice\lib\utils.js,0,1373
1741,MemberExpression,nan,-1,-1,-1,272,0,272,28,packages\juice\lib\utils.js,0,1374
1742,FunctionExpression,nan,-1,1,1,272,31,274,1,packages\juice\lib\utils.js,0,1375
1743,MemberExpression,nan,-1,-1,-1,276,0,276,21,packages\juice\lib\utils.js,0,1376
1744,FunctionExpression,nan,-1,2,1,276,24,280,1,packages\juice\lib\utils.js,0,1377
1745,MemberExpression,nan,-1,-1,-1,290,0,290,32,packages\juice\lib\utils.js,0,1378
1746,FunctionExpression,nan,-1,2,1,290,35,308,1,packages\juice\lib\utils.js,0,1379
1747,MemberExpression,nan,-1,-1,-1,320,0,320,37,packages\juice\lib\utils.js,0,1380
1748,FunctionExpression,nan,-1,4,1,320,40,370,1,packages\juice\lib\utils.js,0,1381
1749,MemberExpression,nan,-1,-1,-1,381,0,381,19,packages\juice\lib\utils.js,0,1382
1750,FunctionExpression,nan,-1,2,1,381,22,390,1,packages\juice\lib\utils.js,0,1383
1751,MemberExpression,nan,-1,-1,-1,392,0,392,15,packages\juice\lib\utils.js,0,1384
1752,FunctionExpression,nan,-1,2,1,392,18,394,1,packages\juice\lib\utils.js,0,1385
1753,MemberExpression,nan,-1,-1,-1,396,0,396,25,packages\juice\lib\utils.js,0,1386
1754,FunctionExpression,nan,-1,1,1,396,28,419,1,packages\juice\lib\utils.js,0,1387
1755,Identifier,extract,-1,-1,-1,22,27,22,34,packages\juice\lib\utils.js,0,1388
1756,Identifier,selectorText,-1,-1,-1,22,35,22,47,packages\juice\lib\utils.js,0,1389
1758,BlockStatement,nan,-1,-1,-1,22,49,48,1,packages\juice\lib\utils.js,0,1390
1759,Identifier,css,-1,-1,-1,59,28,59,31,packages\juice\lib\utils.js,0,1391
1761,BlockStatement,nan,-1,-1,-1,59,33,143,1,packages\juice\lib\utils.js,0,1392
1762,Identifier,css,-1,-1,-1,153,36,153,39,packages\juice\lib\utils.js,0,1393
1763,Identifier,options,-1,-1,-1,153,41,153,48,packages\juice\lib\utils.js,0,1394
1764,Identifier,ignoredPseudos,-1,-1,-1,153,50,153,64,packages\juice\lib\utils.js,0,1395
1766,BlockStatement,nan,-1,-1,-1,153,66,270,1,packages\juice\lib\utils.js,0,1396
1767,Identifier,text,-1,-1,-1,272,40,272,44,packages\juice\lib\utils.js,0,1397
1769,BlockStatement,nan,-1,-1,-1,272,46,274,1,packages\juice\lib\utils.js,0,1398
1770,Identifier,needle,-1,-1,-1,276,33,276,39,packages\juice\lib\utils.js,0,1399
1771,Identifier,haystack,-1,-1,-1,276,41,276,49,packages\juice\lib\utils.js,0,1400
1773,BlockStatement,nan,-1,-1,-1,276,51,280,1,packages\juice\lib\utils.js,0,1401
1774,Identifier,selector,-1,-1,-1,290,44,290,52,packages\juice\lib\utils.js,0,1402
1775,Identifier,preservedSelectors,-1,-1,-1,290,54,290,72,packages\juice\lib\utils.js,0,1403
1777,BlockStatement,nan,-1,-1,-1,290,74,308,1,packages\juice\lib\utils.js,0,1404
1778,Identifier,css,-1,-1,-1,320,49,320,52,packages\juice\lib\utils.js,0,1405
1779,Identifier,inlinedSelectors,-1,-1,-1,320,54,320,70,packages\juice\lib\utils.js,0,1406
1780,Identifier,options,-1,-1,-1,320,72,320,79,packages\juice\lib\utils.js,0,1407
1781,Identifier,ignoredPseudos,-1,-1,-1,320,81,320,95,packages\juice\lib\utils.js,0,1408
1783,BlockStatement,nan,-1,-1,-1,320,97,370,1,packages\juice\lib\utils.js,0,1409
1784,Identifier,a,-1,-1,-1,381,31,381,32,packages\juice\lib\utils.js,0,1410
1785,Identifier,b,-1,-1,-1,381,34,381,35,packages\juice\lib\utils.js,0,1411
1787,BlockStatement,nan,-1,-1,-1,381,37,390,1,packages\juice\lib\utils.js,0,1412
1788,Identifier,a,-1,-1,-1,392,27,392,28,packages\juice\lib\utils.js,0,1413
1789,Identifier,b,-1,-1,-1,392,30,392,31,packages\juice\lib\utils.js,0,1414
1791,BlockStatement,nan,-1,-1,-1,392,33,394,1,packages\juice\lib\utils.js,0,1415
1792,Identifier,options,-1,-1,-1,396,37,396,44,packages\juice\lib\utils.js,0,1416
1794,BlockStatement,nan,-1,-1,-1,396,46,419,1,packages\juice\lib\utils.js,0,1417
1795,VariableDeclaration,nan,-1,-1,-1,23,2,23,15,packages\juice\lib\utils.js,0,1418
1796,VariableDeclaration,nan,-1,-1,-1,24,2,24,16,packages\juice\lib\utils.js,0,1419
1797,VariableDeclaration,nan,-1,-1,-1,25,2,25,15,packages\juice\lib\utils.js,0,1420
1798,ForStatement,nan,-1,-1,-1,27,2,42,3,packages\juice\lib\utils.js,0,1421
1799,IfStatement,nan,-1,-1,-1,44,2,46,3,packages\juice\lib\utils.js,0,1422
1800,ReturnStatement,nan,1,-1,-1,47,2,47,14,packages\juice\lib\utils.js,0,1423
1801,VariableDeclaration,nan,-1,-1,-1,60,2,60,67,packages\juice\lib\utils.js,0,1424
1802,VariableDeclaration,nan,-1,-1,-1,61,2,61,112,packages\juice\lib\utils.js,0,1425
1803,VariableDeclaration,nan,-1,-1,-1,62,2,62,15,packages\juice\lib\utils.js,0,1426
1804,VariableDeclaration,nan,-1,-1,-1,63,2,63,23,packages\juice\lib\utils.js,0,1427
1805,VariableDeclaration,nan,-1,-1,-1,64,2,64,31,packages\juice\lib\utils.js,0,1428
1806,IfStatement,nan,-1,-1,-1,67,2,72,3,packages\juice\lib\utils.js,0,1429
1807,IfStatement,nan,-1,-1,-1,74,2,76,3,packages\juice\lib\utils.js,0,1430
1808,ForStatement,nan,-1,-1,-1,78,2,140,3,packages\juice\lib\utils.js,0,1431
1809,ReturnStatement,nan,1,-1,-1,142,2,142,13,packages\juice\lib\utils.js,0,1432
1810,VariableDeclaration,nan,-1,-1,-1,154,2,154,67,packages\juice\lib\utils.js,0,1433
1811,VariableDeclaration,nan,-1,-1,-1,155,2,155,112,packages\juice\lib\utils.js,0,1434
1812,VariableDeclaration,nan,-1,-1,-1,156,2,156,21,packages\juice\lib\utils.js,0,1435
1813,VariableDeclaration,nan,-1,-1,-1,157,2,157,23,packages\juice\lib\utils.js,0,1436
1814,VariableDeclaration,nan,-1,-1,-1,158,2,158,23,packages\juice\lib\utils.js,0,1437
1815,VariableDeclaration,nan,-1,-1,-1,159,2,159,23,packages\juice\lib\utils.js,0,1438
1816,VariableDeclaration,nan,-1,-1,-1,160,2,160,31,packages\juice\lib\utils.js,0,1439
1817,VariableDeclaration,nan,-1,-1,-1,161,2,161,37,packages\juice\lib\utils.js,0,1440
1818,IfStatement,nan,-1,-1,-1,164,2,169,3,packages\juice\lib\utils.js,0,1441
1819,IfStatement,nan,-1,-1,-1,172,2,174,3,packages\juice\lib\utils.js,0,1442
1820,ForStatement,nan,-1,-1,-1,177,2,197,3,packages\juice\lib\utils.js,0,1443
1821,ForStatement,nan,-1,-1,-1,200,2,264,3,packages\juice\lib\utils.js,0,1444
1822,IfStatement,nan,-1,-1,-1,266,2,268,3,packages\juice\lib\utils.js,0,1445
1823,ReturnStatement,nan,1,-1,-1,269,2,269,44,packages\juice\lib\utils.js,0,1446
1824,ReturnStatement,nan,1,-1,-1,273,2,273,60,packages\juice\lib\utils.js,0,1447
1825,ReturnStatement,nan,1,-1,-1,277,2,279,4,packages\juice\lib\utils.js,0,1448
1826,IfStatement,nan,-1,-1,-1,291,2,293,3,packages\juice\lib\utils.js,0,1449
1827,ForStatement,nan,-1,-1,-1,295,2,305,3,packages\juice\lib\utils.js,0,1450
1828,ReturnStatement,nan,1,-1,-1,307,2,307,15,packages\juice\lib\utils.js,0,1451
1829,VariableDeclaration,nan,-1,-1,-1,321,2,321,67,packages\juice\lib\utils.js,0,1452
1830,VariableDeclaration,nan,-1,-1,-1,322,2,324,9,packages\juice\lib\utils.js,0,1453
1831,VariableDeclaration,nan,-1,-1,-1,325,2,325,26,packages\juice\lib\utils.js,0,1454
1832,ForStatement,nan,-1,-1,-1,327,2,360,3,packages\juice\lib\utils.js,0,1455
1833,IfStatement,nan,-1,-1,-1,362,2,364,3,packages\juice\lib\utils.js,0,1456
1834,ReturnStatement,nan,1,-1,-1,366,2,369,4,packages\juice\lib\utils.js,0,1457
1835,VariableDeclaration,nan,-1,-1,-1,382,2,382,41,packages\juice\lib\utils.js,0,1458
1836,ForStatement,nan,-1,-1,-1,383,2,387,3,packages\juice\lib\utils.js,0,1459
1837,ReturnStatement,nan,1,-1,-1,389,2,389,29,packages\juice\lib\utils.js,0,1460
1838,ReturnStatement,nan,1,-1,-1,393,2,393,48,packages\juice\lib\utils.js,0,1461
1839,VariableDeclaration,nan,-1,-1,-1,397,2,414,14,packages\juice\lib\utils.js,0,1462
1841,ReturnStatement,nan,1,-1,-1,418,2,418,16,packages\juice\lib\utils.js,0,1463
1843,BlockStatement,nan,-1,-1,-1,27,55,42,3,packages\juice\lib\utils.js,0,1464
1844,BlockStatement,nan,-1,-1,-1,44,18,46,3,packages\juice\lib\utils.js,0,1465
1845,MemberExpression,nan,-1,-1,-1,44,6,44,16,packages\juice\lib\utils.js,0,1466
1846,Identifier,sels,-1,-1,-1,47,9,47,13,packages\juice\lib\utils.js,0,1467
1847,BlockStatement,nan,-1,-1,-1,67,72,72,3,packages\juice\lib\utils.js,0,1468
1848,LogicalExpression,nan,-1,-1,-1,67,6,67,70,packages\juice\lib\utils.js,0,1469
1849,BlockStatement,nan,-1,-1,-1,74,24,76,3,packages\juice\lib\utils.js,0,1470
1850,Identifier,ignoreEntireFile,-1,-1,-1,74,6,74,22,packages\juice\lib\utils.js,0,1471
1852,BlockStatement,nan,-1,-1,-1,78,48,140,3,packages\juice\lib\utils.js,0,1472
1853,Identifier,ret,-1,-1,-1,142,9,142,12,packages\juice\lib\utils.js,0,1473
1854,BlockStatement,nan,-1,-1,-1,164,72,169,3,packages\juice\lib\utils.js,0,1474
1855,LogicalExpression,nan,-1,-1,-1,164,6,164,70,packages\juice\lib\utils.js,0,1475
1856,BlockStatement,nan,-1,-1,-1,172,24,174,3,packages\juice\lib\utils.js,0,1476
1857,Identifier,ignoreEntireFile,-1,-1,-1,172,6,172,22,packages\juice\lib\utils.js,0,1477
1859,BlockStatement,nan,-1,-1,-1,177,41,197,3,packages\juice\lib\utils.js,0,1478
1861,BlockStatement,nan,-1,-1,-1,200,46,264,3,packages\juice\lib\utils.js,0,1479
1862,BlockStatement,nan,-1,-1,-1,266,30,268,3,packages\juice\lib\utils.js,0,1480
1865,CallExpression,nan,2,-1,-1,273,9,273,59,packages\juice\lib\utils.js,0,1481
1866,CallExpression,nan,1,-1,-1,277,9,279,4,packages\juice\lib\utils.js,0,1482
1867,BlockStatement,nan,-1,-1,-1,291,62,293,3,packages\juice\lib\utils.js,0,1483
1868,LogicalExpression,nan,-1,-1,-1,291,6,291,60,packages\juice\lib\utils.js,0,1484
1870,BlockStatement,nan,-1,-1,-1,295,54,305,3,packages\juice\lib\utils.js,0,1485
1873,BlockStatement,nan,-1,-1,-1,327,41,360,3,packages\juice\lib\utils.js,0,1486
1874,BlockStatement,nan,-1,-1,-1,362,35,364,3,packages\juice\lib\utils.js,0,1487
1876,CallExpression,nan,2,-1,-1,366,9,369,3,packages\juice\lib\utils.js,0,1488
1878,BlockStatement,nan,-1,-1,-1,383,32,387,3,packages\juice\lib\utils.js,0,1489
1880,ConditionalExpression,nan,-1,-1,-1,393,9,393,47,packages\juice\lib\utils.js,0,1490
1881,AssignmentExpression,nan,-1,-1,-1,416,2,416,49,packages\juice\lib\utils.js,0,1491
1882,Identifier,result,-1,-1,-1,418,9,418,15,packages\juice\lib\utils.js,0,1492
1883,Identifier,i,-1,-1,-1,27,43,27,44,packages\juice\lib\utils.js,0,1493
1884,Identifier,l,-1,-1,-1,27,47,27,48,packages\juice\lib\utils.js,0,1494
1885,VariableDeclaration,nan,-1,-1,-1,28,4,28,35,packages\juice\lib\utils.js,0,1495
1886,IfStatement,nan,-1,-1,-1,30,4,41,5,packages\juice\lib\utils.js,0,1496
1888,VariableDeclaration,nan,-1,-1,-1,68,4,68,44,packages\juice\lib\utils.js,0,1497
1889,IfStatement,nan,-1,-1,-1,69,4,71,5,packages\juice\lib\utils.js,0,1498
1890,LogicalExpression,nan,-1,-1,-1,67,6,67,53,packages\juice\lib\utils.js,0,1499
1891,MemberExpression,nan,-1,-1,-1,67,57,67,70,packages\juice\lib\utils.js,0,1500
1892,ReturnStatement,nan,1,-1,-1,75,4,75,15,packages\juice\lib\utils.js,0,1501
1893,Identifier,i,-1,-1,-1,78,36,78,37,packages\juice\lib\utils.js,0,1502
1894,Identifier,l,-1,-1,-1,78,40,78,41,packages\juice\lib\utils.js,0,1503
1895,IfStatement,nan,-1,-1,-1,80,4,95,5,packages\juice\lib\utils.js,0,1504
1896,IfStatement,nan,-1,-1,-1,98,4,100,5,packages\juice\lib\utils.js,0,1505
1897,IfStatement,nan,-1,-1,-1,102,4,139,5,packages\juice\lib\utils.js,0,1506
1898,VariableDeclaration,nan,-1,-1,-1,165,4,165,44,packages\juice\lib\utils.js,0,1507
1899,IfStatement,nan,-1,-1,-1,166,4,168,5,packages\juice\lib\utils.js,0,1508
1900,LogicalExpression,nan,-1,-1,-1,164,6,164,53,packages\juice\lib\utils.js,0,1509
1901,MemberExpression,nan,-1,-1,-1,164,57,164,70,packages\juice\lib\utils.js,0,1510
1902,ReturnStatement,nan,1,-1,-1,173,4,173,29,packages\juice\lib\utils.js,0,1511
1903,Identifier,i,-1,-1,-1,177,18,177,19,packages\juice\lib\utils.js,0,1512
1904,MemberExpression,nan,-1,-1,-1,177,22,177,34,packages\juice\lib\utils.js,0,1513
1905,IfStatement,nan,-1,-1,-1,178,4,183,5,packages\juice\lib\utils.js,0,1514
1906,IfStatement,nan,-1,-1,-1,186,4,196,5,packages\juice\lib\utils.js,0,1515
1907,Identifier,i,-1,-1,-1,200,33,200,34,packages\juice\lib\utils.js,0,1516
1909,VariableDeclaration,nan,-1,-1,-1,201,4,201,24,packages\juice\lib\utils.js,0,1517
1910,IfStatement,nan,-1,-1,-1,204,4,229,5,packages\juice\lib\utils.js,0,1518
1911,IfStatement,nan,-1,-1,-1,232,4,235,5,packages\juice\lib\utils.js,0,1519
1912,IfStatement,nan,-1,-1,-1,238,4,246,5,packages\juice\lib\utils.js,0,1520
1913,IfStatement,nan,-1,-1,-1,249,4,262,5,packages\juice\lib\utils.js,0,1521
1915,ReturnStatement,nan,1,-1,-1,267,4,267,17,packages\juice\lib\utils.js,0,1522
1916,MemberExpression,nan,-1,-1,-1,266,6,266,22,packages\juice\lib\utils.js,0,1523
1922,MemberExpression,nan,-1,-1,-1,273,9,273,44,packages\juice\lib\utils.js,0,1524
1923,FunctionExpression,nan,-1,1,1,277,23,279,3,packages\juice\lib\utils.js,0,1525
1924,MemberExpression,nan,-1,-1,-1,277,9,277,22,packages\juice\lib\utils.js,0,1526
1925,ReturnStatement,nan,1,-1,-1,292,4,292,17,packages\juice\lib\utils.js,0,1527
1926,UnaryExpression,nan,1,-1,-1,291,6,291,25,packages\juice\lib\utils.js,0,1528
1928,Identifier,i,-1,-1,-1,295,18,295,19,packages\juice\lib\utils.js,0,1529
1929,MemberExpression,nan,-1,-1,-1,295,22,295,47,packages\juice\lib\utils.js,0,1530
1930,VariableDeclaration,nan,-1,-1,-1,296,4,296,40,packages\juice\lib\utils.js,0,1531
1931,IfStatement,nan,-1,-1,-1,298,4,300,5,packages\juice\lib\utils.js,0,1532
1932,IfStatement,nan,-1,-1,-1,302,4,304,5,packages\juice\lib\utils.js,0,1533
1933,Identifier,i,-1,-1,-1,327,18,327,19,packages\juice\lib\utils.js,0,1534
1934,MemberExpression,nan,-1,-1,-1,327,22,327,34,packages\juice\lib\utils.js,0,1535
1935,VariableDeclaration,nan,-1,-1,-1,328,4,328,24,packages\juice\lib\utils.js,0,1536
1936,IfStatement,nan,-1,-1,-1,331,4,334,5,packages\juice\lib\utils.js,0,1537
1937,IfStatement,nan,-1,-1,-1,337,4,340,5,packages\juice\lib\utils.js,0,1538
1938,IfStatement,nan,-1,-1,-1,343,4,348,5,packages\juice\lib\utils.js,0,1539
1939,VariableDeclaration,nan,-1,-1,-1,351,4,353,7,packages\juice\lib\utils.js,0,1540
1940,IfStatement,nan,-1,-1,-1,356,4,359,5,packages\juice\lib\utils.js,0,1541
1941,ReturnStatement,nan,1,-1,-1,363,4,363,14,packages\juice\lib\utils.js,0,1542
1942,MemberExpression,nan,-1,-1,-1,362,6,362,27,packages\juice\lib\utils.js,0,1543
1944,ObjectExpression,nan,-1,-1,-1,367,4,367,44,packages\juice\lib\utils.js,0,1544
1945,ObjectExpression,nan,-1,-1,-1,368,4,368,42,packages\juice\lib\utils.js,0,1545
1946,MemberExpression,nan,-1,-1,-1,366,9,366,25,packages\juice\lib\utils.js,0,1546
1947,Identifier,i,-1,-1,-1,383,18,383,19,packages\juice\lib\utils.js,0,1547
1948,Identifier,min,-1,-1,-1,383,22,383,25,packages\juice\lib\utils.js,0,1548
1949,IfStatement,nan,-1,-1,-1,384,4,384,36,packages\juice\lib\utils.js,0,1549
1950,IfStatement,nan,-1,-1,-1,385,4,385,34,packages\juice\lib\utils.js,0,1550
1951,ReturnStatement,nan,1,-1,-1,386,4,386,14,packages\juice\lib\utils.js,0,1551
1952,MemberExpression,nan,-1,-1,-1,389,9,389,17,packages\juice\lib\utils.js,0,1552
1953,MemberExpression,nan,-1,-1,-1,389,20,389,28,packages\juice\lib\utils.js,0,1553
1954,Identifier,a,-1,-1,-1,393,42,393,43,packages\juice\lib\utils.js,0,1554
1956,MemberExpression,nan,-1,-1,-1,416,2,416,21,packages\juice\lib\utils.js,0,1555
1957,LogicalExpression,nan,-1,-1,-1,416,24,416,49,packages\juice\lib\utils.js,0,1556
1958,BlockStatement,nan,-1,-1,-1,30,14,33,5,packages\juice\lib\utils.js,0,1557
1959,Identifier,attr,-1,-1,-1,30,8,30,12,packages\juice\lib\utils.js,0,1558
1960,CallExpression,nan,1,-1,-1,45,4,45,18,packages\juice\lib\utils.js,0,1559
1961,BlockStatement,nan,-1,-1,-1,69,41,71,5,packages\juice\lib\utils.js,0,1560
1965,Identifier,ret,-1,-1,-1,75,11,75,14,packages\juice\lib\utils.js,0,1561
1966,BlockStatement,nan,-1,-1,-1,80,37,95,5,packages\juice\lib\utils.js,0,1562
1968,BlockStatement,nan,-1,-1,-1,98,18,100,5,packages\juice\lib\utils.js,0,1563
1969,Identifier,ignoring,-1,-1,-1,98,8,98,16,packages\juice\lib\utils.js,0,1564
1970,BlockStatement,nan,-1,-1,-1,102,33,139,5,packages\juice\lib\utils.js,0,1565
1972,BlockStatement,nan,-1,-1,-1,166,41,168,5,packages\juice\lib\utils.js,0,1566
1977,BlockStatement,nan,-1,-1,-1,178,54,183,5,packages\juice\lib\utils.js,0,1567
1978,LogicalExpression,nan,-1,-1,-1,178,8,178,52,packages\juice\lib\utils.js,0,1568
1979,BlockStatement,nan,-1,-1,-1,186,59,196,5,packages\juice\lib\utils.js,0,1569
1980,LogicalExpression,nan,-1,-1,-1,186,8,186,57,packages\juice\lib\utils.js,0,1570
1981,BlockStatement,nan,-1,-1,-1,204,33,229,5,packages\juice\lib\utils.js,0,1571
1983,BlockStatement,nan,-1,-1,-1,232,18,235,5,packages\juice\lib\utils.js,0,1572
1984,Identifier,ignoring,-1,-1,-1,232,8,232,16,packages\juice\lib\utils.js,0,1573
1985,BlockStatement,nan,-1,-1,-1,238,35,246,5,packages\juice\lib\utils.js,0,1574
1986,CallExpression,nan,1,-1,-1,238,8,238,33,packages\juice\lib\utils.js,0,1575
1987,BlockStatement,nan,-1,-1,-1,255,11,262,5,packages\juice\lib\utils.js,0,1576
1988,LogicalExpression,nan,-1,-1,-1,249,8,255,9,packages\juice\lib\utils.js,0,1577
1989,AssignmentExpression,nan,-1,-1,-1,263,4,263,35,packages\juice\lib\utils.js,0,1578
1992,CallExpression,nan,1,-1,-1,269,16,269,36,packages\juice\lib\utils.js,0,1579
1993,Identifier,element,-1,-1,-1,277,33,277,40,packages\juice\lib\utils.js,0,1580
1995,BlockStatement,nan,-1,-1,-1,277,42,279,3,packages\juice\lib\utils.js,0,1581
1997,Identifier,preservedSelectors,-1,-1,-1,291,7,291,25,packages\juice\lib\utils.js,0,1582
1998,MemberExpression,nan,-1,-1,-1,291,29,291,54,packages\juice\lib\utils.js,0,1583
2000,BlockStatement,nan,-1,-1,-1,298,30,300,5,packages\juice\lib\utils.js,0,1584
2002,BlockStatement,nan,-1,-1,-1,302,42,304,5,packages\juice\lib\utils.js,0,1585
2004,BlockStatement,nan,-1,-1,-1,331,30,334,5,packages\juice\lib\utils.js,0,1586
2006,BlockStatement,nan,-1,-1,-1,337,108,340,5,packages\juice\lib\utils.js,0,1587
2007,LogicalExpression,nan,-1,-1,-1,337,8,337,106,packages\juice\lib\utils.js,0,1588
2008,BlockStatement,nan,-1,-1,-1,345,8,348,5,packages\juice\lib\utils.js,0,1589
2009,LogicalExpression,nan,-1,-1,-1,343,8,345,6,packages\juice\lib\utils.js,0,1590
2010,BlockStatement,nan,-1,-1,-1,356,39,359,5,packages\juice\lib\utils.js,0,1591
2013,BlockStatement,nan,-1,-1,-1,384,23,384,36,packages\juice\lib\utils.js,0,1592
2015,BlockStatement,nan,-1,-1,-1,385,21,385,34,packages\juice\lib\utils.js,0,1593
2017,UnaryExpression,nan,1,-1,-1,386,11,386,13,packages\juice\lib\utils.js,0,1594
2018,CallExpression,nan,2,-1,-1,393,9,393,34,packages\juice\lib\utils.js,0,1595
2020,MemberExpression,nan,-1,-1,-1,416,24,416,43,packages\juice\lib\utils.js,0,1596
2021,ObjectExpression,nan,-1,-1,-1,416,47,416,49,packages\juice\lib\utils.js,0,1597
2022,IfStatement,nan,-1,-1,-1,31,6,31,45,packages\juice\lib\utils.js,0,1598
2024,Identifier,sel,-1,-1,-1,45,14,45,17,packages\juice\lib\utils.js,0,1599
2025,MemberExpression,nan,-1,-1,-1,45,4,45,13,packages\juice\lib\utils.js,0,1600
2027,Identifier,firstComment,-1,-1,-1,69,8,69,20,packages\juice\lib\utils.js,0,1601
2029,MemberExpression,nan,-1,-1,-1,67,6,67,18,packages\juice\lib\utils.js,0,1602
2031,MemberExpression,nan,-1,-1,-1,67,26,67,39,packages\juice\lib\utils.js,0,1603
2033,IfStatement,nan,-1,-1,-1,81,6,83,7,packages\juice\lib\utils.js,0,1604
2034,VariableDeclaration,nan,-1,-1,-1,84,6,84,41,packages\juice\lib\utils.js,0,1605
2035,IfStatement,nan,-1,-1,-1,86,6,93,7,packages\juice\lib\utils.js,0,1606
2036,ContinueStatement,nan,-1,-1,-1,94,6,94,15,packages\juice\lib\utils.js,0,1607
2037,MemberExpression,nan,-1,-1,-1,80,8,80,21,packages\juice\lib\utils.js,0,1608
2039,ContinueStatement,nan,-1,-1,-1,99,6,99,15,packages\juice\lib\utils.js,0,1609
2040,VariableDeclaration,nan,-1,-1,-1,103,6,103,26,packages\juice\lib\utils.js,0,1610
2041,VariableDeclaration,nan,-1,-1,-1,104,6,104,37,packages\juice\lib\utils.js,0,1611
2042,VariableDeclaration,nan,-1,-1,-1,108,6,108,36,packages\juice\lib\utils.js,0,1612
2043,IfStatement,nan,-1,-1,-1,109,6,131,7,packages\juice\lib\utils.js,0,1613
2044,IfStatement,nan,-1,-1,-1,134,6,138,7,packages\juice\lib\utils.js,0,1614
2045,MemberExpression,nan,-1,-1,-1,102,8,102,21,packages\juice\lib\utils.js,0,1615
2048,Identifier,firstComment,-1,-1,-1,166,8,166,20,packages\juice\lib\utils.js,0,1616
2050,MemberExpression,nan,-1,-1,-1,164,6,164,18,packages\juice\lib\utils.js,0,1617
2052,MemberExpression,nan,-1,-1,-1,164,26,164,39,packages\juice\lib\utils.js,0,1618
2056,VariableDeclaration,nan,-1,-1,-1,179,6,179,41,packages\juice\lib\utils.js,0,1619
2057,IfStatement,nan,-1,-1,-1,180,6,182,7,packages\juice\lib\utils.js,0,1620
2059,MemberExpression,nan,-1,-1,-1,178,39,178,52,packages\juice\lib\utils.js,0,1621
2060,ForStatement,nan,-1,-1,-1,187,6,195,7,packages\juice\lib\utils.js,0,1622
2062,MemberExpression,nan,-1,-1,-1,186,36,186,57,packages\juice\lib\utils.js,0,1623
2063,IfStatement,nan,-1,-1,-1,205,6,207,7,packages\juice\lib\utils.js,0,1624
2064,VariableDeclaration,nan,-1,-1,-1,208,6,208,37,packages\juice\lib\utils.js,0,1625
2065,IfStatement,nan,-1,-1,-1,210,6,226,7,packages\juice\lib\utils.js,0,1626
2066,ContinueStatement,nan,-1,-1,-1,228,6,228,15,packages\juice\lib\utils.js,0,1627
2067,MemberExpression,nan,-1,-1,-1,204,8,204,17,packages\juice\lib\utils.js,0,1628
2070,ContinueStatement,nan,-1,-1,-1,234,6,234,15,packages\juice\lib\utils.js,0,1629
2072,ContinueStatement,nan,-1,-1,-1,245,6,245,15,packages\juice\lib\utils.js,0,1630
2073,Identifier,i,-1,-1,-1,238,31,238,32,packages\juice\lib\utils.js,0,1631
2074,MemberExpression,nan,-1,-1,-1,238,8,238,30,packages\juice\lib\utils.js,0,1632
2076,LogicalExpression,nan,-1,-1,-1,249,8,252,98,packages\juice\lib\utils.js,0,1633
2077,LogicalExpression,nan,-1,-1,-1,253,7,255,8,packages\juice\lib\utils.js,0,1634
2078,Identifier,lastStart,-1,-1,-1,263,4,263,13,packages\juice\lib\utils.js,0,1635
2079,MemberExpression,nan,-1,-1,-1,263,16,263,35,packages\juice\lib\utils.js,0,1636
2081,MemberExpression,nan,-1,-1,-1,269,16,269,30,packages\juice\lib\utils.js,0,1637
2082,ReturnStatement,nan,1,-1,-1,278,4,278,46,packages\juice\lib\utils.js,0,1638
2083,ReturnStatement,nan,1,-1,-1,299,6,299,18,packages\juice\lib\utils.js,0,1639
2084,Identifier,selector,-1,-1,-1,298,8,298,16,packages\juice\lib\utils.js,0,1640
2085,Identifier,pattern,-1,-1,-1,298,21,298,28,packages\juice\lib\utils.js,0,1641
2086,ReturnStatement,nan,1,-1,-1,303,6,303,18,packages\juice\lib\utils.js,0,1642
2087,CallExpression,nan,1,-1,-1,302,8,302,33,packages\juice\lib\utils.js,0,1643
2088,UnaryExpression,nan,1,-1,-1,302,38,302,40,packages\juice\lib\utils.js,0,1644
2090,ContinueStatement,nan,-1,-1,-1,333,6,333,15,packages\juice\lib\utils.js,0,1645
2091,MemberExpression,nan,-1,-1,-1,331,8,331,17,packages\juice\lib\utils.js,0,1646
2094,ContinueStatement,nan,-1,-1,-1,339,6,339,15,packages\juice\lib\utils.js,0,1647
2095,LogicalExpression,nan,-1,-1,-1,337,8,337,49,packages\juice\lib\utils.js,0,1648
2096,CallExpression,nan,2,-1,-1,337,53,337,106,packages\juice\lib\utils.js,0,1649
2098,ContinueStatement,nan,-1,-1,-1,347,6,347,15,packages\juice\lib\utils.js,0,1650
2099,LogicalExpression,nan,-1,-1,-1,343,8,343,52,packages\juice\lib\utils.js,0,1651
2100,CallExpression,nan,1,-1,-1,343,56,345,6,packages\juice\lib\utils.js,0,1652
2101,VariableDeclaration,nan,-1,-1,-1,357,6,357,79,packages\juice\lib\utils.js,0,1653
2103,MemberExpression,nan,-1,-1,-1,356,8,356,33,packages\juice\lib\utils.js,0,1654
2105,ContinueStatement,nan,-1,-1,-1,384,25,384,34,packages\juice\lib\utils.js,0,1655
2106,MemberExpression,nan,-1,-1,-1,384,8,384,12,packages\juice\lib\utils.js,0,1656
2107,MemberExpression,nan,-1,-1,-1,384,17,384,21,packages\juice\lib\utils.js,0,1657
2108,ReturnStatement,nan,1,-1,-1,385,23,385,32,packages\juice\lib\utils.js,0,1658
2109,MemberExpression,nan,-1,-1,-1,385,8,385,12,packages\juice\lib\utils.js,0,1659
2110,MemberExpression,nan,-1,-1,-1,385,15,385,19,packages\juice\lib\utils.js,0,1660
2112,Identifier,a,-1,-1,-1,393,29,393,30,packages\juice\lib\utils.js,0,1661
2113,Identifier,b,-1,-1,-1,393,32,393,33,packages\juice\lib\utils.js,0,1662
2114,MemberExpression,nan,-1,-1,-1,393,9,393,28,packages\juice\lib\utils.js,0,1663
2115,BlockStatement,nan,-1,-1,-1,31,34,31,45,packages\juice\lib\utils.js,0,1664
2116,LogicalExpression,nan,-1,-1,-1,31,10,31,32,packages\juice\lib\utils.js,0,1665
2117,AssignmentExpression,nan,-1,-1,-1,32,6,32,14,packages\juice\lib\utils.js,0,1666
2118,AssignmentExpression,nan,-1,-1,-1,70,6,70,29,packages\juice\lib\utils.js,0,1667
2119,BlockStatement,nan,-1,-1,-1,81,26,83,7,packages\juice\lib\utils.js,0,1668
2120,UnaryExpression,nan,1,-1,-1,81,10,81,24,packages\juice\lib\utils.js,0,1669
2121,BlockStatement,nan,-1,-1,-1,86,44,88,7,packages\juice\lib\utils.js,0,1670
2123,BlockStatement,nan,-1,-1,-1,109,29,131,7,packages\juice\lib\utils.js,0,1671
2124,MemberExpression,nan,-1,-1,-1,109,10,109,27,packages\juice\lib\utils.js,0,1672
2125,BlockStatement,nan,-1,-1,-1,134,43,138,7,packages\juice\lib\utils.js,0,1673
2127,AssignmentExpression,nan,-1,-1,-1,167,6,167,29,packages\juice\lib\utils.js,0,1674
2129,Identifier,css,-1,-1,-1,173,18,173,21,packages\juice\lib\utils.js,0,1675
2130,BlockStatement,nan,-1,-1,-1,180,67,182,7,packages\juice\lib\utils.js,0,1676
2131,LogicalExpression,nan,-1,-1,-1,180,10,180,65,packages\juice\lib\utils.js,0,1677
2132,MemberExpression,nan,-1,-1,-1,178,8,178,21,packages\juice\lib\utils.js,0,1678
2135,BlockStatement,nan,-1,-1,-1,187,61,195,7,packages\juice\lib\utils.js,0,1679
2136,MemberExpression,nan,-1,-1,-1,186,8,186,21,packages\juice\lib\utils.js,0,1680
2138,BlockStatement,nan,-1,-1,-1,205,22,207,7,packages\juice\lib\utils.js,0,1681
2139,UnaryExpression,nan,1,-1,-1,205,10,205,20,packages\juice\lib\utils.js,0,1682
2140,BlockStatement,nan,-1,-1,-1,210,42,213,7,packages\juice\lib\utils.js,0,1683
2142,CallExpression,nan,1,-1,-1,233,6,233,28,packages\juice\lib\utils.js,0,1684
2143,CallExpression,nan,1,-1,-1,239,6,244,7,packages\juice\lib\utils.js,0,1685
2144,CallExpression,nan,1,-1,-1,256,6,261,7,packages\juice\lib\utils.js,0,1686
2145,LogicalExpression,nan,-1,-1,-1,249,8,251,54,packages\juice\lib\utils.js,0,1687
2146,LogicalExpression,nan,-1,-1,-1,252,7,252,97,packages\juice\lib\utils.js,0,1688
2147,LogicalExpression,nan,-1,-1,-1,253,7,253,51,packages\juice\lib\utils.js,0,1689
2148,CallExpression,nan,1,-1,-1,253,55,255,8,packages\juice\lib\utils.js,0,1690
2152,Identifier,pattern,-1,-1,-1,302,25,302,32,packages\juice\lib\utils.js,0,1691
2153,MemberExpression,nan,-1,-1,-1,302,8,302,24,packages\juice\lib\utils.js,0,1692
2155,CallExpression,nan,1,-1,-1,332,6,332,31,packages\juice\lib\utils.js,0,1693
2156,CallExpression,nan,1,-1,-1,338,6,338,31,packages\juice\lib\utils.js,0,1694
2157,MemberExpression,nan,-1,-1,-1,337,8,337,22,packages\juice\lib\utils.js,0,1695
2158,MemberExpression,nan,-1,-1,-1,337,26,337,49,packages\juice\lib\utils.js,0,1696
2159,MemberExpression,nan,-1,-1,-1,337,72,337,89,packages\juice\lib\utils.js,0,1697
2160,Identifier,ignoredPseudos,-1,-1,-1,337,91,337,105,packages\juice\lib\utils.js,0,1698
2161,MemberExpression,nan,-1,-1,-1,337,53,337,71,packages\juice\lib\utils.js,0,1699
2162,CallExpression,nan,1,-1,-1,346,6,346,31,packages\juice\lib\utils.js,0,1700
2163,MemberExpression,nan,-1,-1,-1,343,8,343,22,packages\juice\lib\utils.js,0,1701
2164,MemberExpression,nan,-1,-1,-1,343,26,343,52,packages\juice\lib\utils.js,0,1702
2165,FunctionExpression,nan,-1,1,1,343,76,345,5,packages\juice\lib\utils.js,0,1703
2166,MemberExpression,nan,-1,-1,-1,343,56,343,75,packages\juice\lib\utils.js,0,1704
2167,CallExpression,nan,1,-1,-1,358,6,358,34,packages\juice\lib\utils.js,0,1705
2172,Identifier,sel,-1,-1,-1,32,6,32,9,packages\juice\lib\utils.js,0,1706
2173,Identifier,c,-1,-1,-1,32,13,32,14,packages\juice\lib\utils.js,0,1707
2174,Identifier,ignoreEntireFile,-1,-1,-1,70,6,70,22,packages\juice\lib\utils.js,0,1708
2176,ContinueStatement,nan,-1,-1,-1,82,8,82,17,packages\juice\lib\utils.js,0,1709
2177,MemberExpression,nan,-1,-1,-1,81,11,81,24,packages\juice\lib\utils.js,0,1710
2179,Identifier,comment,-1,-1,-1,86,10,86,17,packages\juice\lib\utils.js,0,1711
2181,VariableDeclaration,nan,-1,-1,-1,110,8,110,29,packages\juice\lib\utils.js,0,1712
2182,ForStatement,nan,-1,-1,-1,111,8,130,9,packages\juice\lib\utils.js,0,1713
2183,ForStatement,nan,-1,-1,-1,135,8,137,9,packages\juice\lib\utils.js,0,1714
2184,MemberExpression,nan,-1,-1,-1,134,10,134,37,packages\juice\lib\utils.js,0,1715
2186,Identifier,ignoreEntireFile,-1,-1,-1,167,6,167,22,packages\juice\lib\utils.js,0,1716
2191,Identifier,d,-1,-1,-1,187,22,187,23,packages\juice\lib\utils.js,0,1717
2192,MemberExpression,nan,-1,-1,-1,187,26,187,54,packages\juice\lib\utils.js,0,1718
2193,IfStatement,nan,-1,-1,-1,188,8,194,9,packages\juice\lib\utils.js,0,1719
2194,ContinueStatement,nan,-1,-1,-1,206,8,206,17,packages\juice\lib\utils.js,0,1720
2195,MemberExpression,nan,-1,-1,-1,205,11,205,20,packages\juice\lib\utils.js,0,1721
2198,Identifier,comment,-1,-1,-1,210,10,210,17,packages\juice\lib\utils.js,0,1722
2200,Identifier,rule,-1,-1,-1,233,23,233,27,packages\juice\lib\utils.js,0,1723
2201,MemberExpression,nan,-1,-1,-1,233,6,233,22,packages\juice\lib\utils.js,0,1724
2202,CallExpression,nan,2,-1,-1,240,8,243,9,packages\juice\lib\utils.js,0,1725
2203,MemberExpression,nan,-1,-1,-1,239,6,239,23,packages\juice\lib\utils.js,0,1726
2204,CallExpression,nan,2,-1,-1,257,8,260,9,packages\juice\lib\utils.js,0,1727
2205,MemberExpression,nan,-1,-1,-1,256,6,256,23,packages\juice\lib\utils.js,0,1728
2206,LogicalExpression,nan,-1,-1,-1,249,8,250,53,packages\juice\lib\utils.js,0,1729
2207,LogicalExpression,nan,-1,-1,-1,251,7,251,53,packages\juice\lib\utils.js,0,1730
2208,LogicalExpression,nan,-1,-1,-1,252,7,252,40,packages\juice\lib\utils.js,0,1731
2209,CallExpression,nan,2,-1,-1,252,44,252,97,packages\juice\lib\utils.js,0,1732
2210,MemberExpression,nan,-1,-1,-1,253,7,253,33,packages\juice\lib\utils.js,0,1733
2211,MemberExpression,nan,-1,-1,-1,253,37,253,51,packages\juice\lib\utils.js,0,1734
2212,FunctionExpression,nan,-1,1,1,253,75,255,7,packages\juice\lib\utils.js,0,1735
2213,MemberExpression,nan,-1,-1,-1,253,55,253,74,packages\juice\lib\utils.js,0,1736
2214,CallExpression,nan,1,-1,-1,278,11,278,40,packages\juice\lib\utils.js,0,1737
2215,UnaryExpression,nan,1,-1,-1,278,43,278,45,packages\juice\lib\utils.js,0,1738
2216,Identifier,rule,-1,-1,-1,332,26,332,30,packages\juice\lib\utils.js,0,1739
2217,MemberExpression,nan,-1,-1,-1,332,6,332,25,packages\juice\lib\utils.js,0,1740
2218,Identifier,rule,-1,-1,-1,338,26,338,30,packages\juice\lib\utils.js,0,1741
2219,MemberExpression,nan,-1,-1,-1,338,6,338,25,packages\juice\lib\utils.js,0,1742
2220,Identifier,rule,-1,-1,-1,346,26,346,30,packages\juice\lib\utils.js,0,1743
2221,MemberExpression,nan,-1,-1,-1,346,6,346,25,packages\juice\lib\utils.js,0,1744
2222,Identifier,sel,-1,-1,-1,343,85,343,88,packages\juice\lib\utils.js,0,1745
2224,BlockStatement,nan,-1,-1,-1,343,90,345,5,packages\juice\lib\utils.js,0,1746
2225,Identifier,newRule,-1,-1,-1,358,26,358,33,packages\juice\lib\utils.js,0,1747
2226,MemberExpression,nan,-1,-1,-1,358,6,358,25,packages\juice\lib\utils.js,0,1748
2227,UpdateExpression,nan,1,-1,-1,31,36,31,42,packages\juice\lib\utils.js,0,1749
2229,Identifier,c,-1,-1,-1,31,18,31,19,packages\juice\lib\utils.js,0,1750
2231,Identifier,c,-1,-1,-1,31,31,31,32,packages\juice\lib\utils.js,0,1751
2232,AssignmentExpression,nan,-1,-1,-1,87,8,87,23,packages\juice\lib\utils.js,0,1752
2234,BlockStatement,nan,-1,-1,-1,111,59,130,9,packages\juice\lib\utils.js,0,1753
2236,BlockStatement,nan,-1,-1,-1,135,63,137,9,packages\juice\lib\utils.js,0,1754
2237,CallExpression,nan,1,-1,-1,181,8,181,37,packages\juice\lib\utils.js,0,1755
2238,Identifier,comment,-1,-1,-1,180,10,180,17,packages\juice\lib\utils.js,0,1756
2241,MemberExpression,nan,-1,-1,-1,180,53,180,65,packages\juice\lib\utils.js,0,1757
2242,BlockStatement,nan,-1,-1,-1,188,90,194,9,packages\juice\lib\utils.js,0,1758
2243,LogicalExpression,nan,-1,-1,-1,188,12,188,88,packages\juice\lib\utils.js,0,1759
2244,AssignmentExpression,nan,-1,-1,-1,211,8,211,23,packages\juice\lib\utils.js,0,1760
2245,CallExpression,nan,1,-1,-1,212,8,212,30,packages\juice\lib\utils.js,0,1761
2246,ObjectExpression,nan,-1,-1,-1,241,10,241,43,packages\juice\lib\utils.js,0,1762
2247,ObjectExpression,nan,-1,-1,-1,242,10,242,47,packages\juice\lib\utils.js,0,1763
2248,MemberExpression,nan,-1,-1,-1,240,8,240,24,packages\juice\lib\utils.js,0,1764
2249,ObjectExpression,nan,-1,-1,-1,258,10,258,43,packages\juice\lib\utils.js,0,1765
2250,ObjectExpression,nan,-1,-1,-1,259,10,259,48,packages\juice\lib\utils.js,0,1766
2251,MemberExpression,nan,-1,-1,-1,257,8,257,24,packages\juice\lib\utils.js,0,1767
2252,LogicalExpression,nan,-1,-1,-1,249,9,249,55,packages\juice\lib\utils.js,0,1768
2253,LogicalExpression,nan,-1,-1,-1,250,7,250,52,packages\juice\lib\utils.js,0,1769
2254,MemberExpression,nan,-1,-1,-1,251,7,251,24,packages\juice\lib\utils.js,0,1770
2256,MemberExpression,nan,-1,-1,-1,252,7,252,22,packages\juice\lib\utils.js,0,1771
2257,MemberExpression,nan,-1,-1,-1,252,26,252,40,packages\juice\lib\utils.js,0,1772
2258,MemberExpression,nan,-1,-1,-1,252,63,252,80,packages\juice\lib\utils.js,0,1773
2259,Identifier,ignoredPseudos,-1,-1,-1,252,82,252,96,packages\juice\lib\utils.js,0,1774
2260,MemberExpression,nan,-1,-1,-1,252,44,252,62,packages\juice\lib\utils.js,0,1775
2261,Identifier,sel,-1,-1,-1,253,84,253,87,packages\juice\lib\utils.js,0,1776
2263,BlockStatement,nan,-1,-1,-1,253,89,255,7,packages\juice\lib\utils.js,0,1777
2265,MemberExpression,nan,-1,-1,-1,278,11,278,25,packages\juice\lib\utils.js,0,1778
2267,ReturnStatement,nan,1,-1,-1,344,6,344,79,packages\juice\lib\utils.js,0,1779
2268,Identifier,attr,-1,-1,-1,31,36,31,40,packages\juice\lib\utils.js,0,1780
2269,Identifier,ignoring,-1,-1,-1,87,8,87,16,packages\juice\lib\utils.js,0,1781
2271,Identifier,d,-1,-1,-1,111,24,111,25,packages\juice\lib\utils.js,0,1782
2272,MemberExpression,nan,-1,-1,-1,111,28,111,52,packages\juice\lib\utils.js,0,1783
2273,VariableDeclaration,nan,-1,-1,-1,112,10,112,42,packages\juice\lib\utils.js,0,1784
2274,IfStatement,nan,-1,-1,-1,114,10,120,11,packages\juice\lib\utils.js,0,1785
2275,IfStatement,nan,-1,-1,-1,122,10,125,11,packages\juice\lib\utils.js,0,1786
2276,IfStatement,nan,-1,-1,-1,127,10,129,11,packages\juice\lib\utils.js,0,1787
2277,Identifier,ii,-1,-1,-1,135,48,135,50,packages\juice\lib\utils.js,0,1788
2278,Identifier,ll,-1,-1,-1,135,53,135,55,packages\juice\lib\utils.js,0,1789
2281,MemberExpression,nan,-1,-1,-1,181,8,181,30,packages\juice\lib\utils.js,0,1790
2282,Identifier,i,-1,-1,-1,180,45,180,46,packages\juice\lib\utils.js,0,1791
2284,VariableDeclaration,nan,-1,-1,-1,189,10,189,65,packages\juice\lib\utils.js,0,1792
2285,IfStatement,nan,-1,-1,-1,190,10,193,11,packages\juice\lib\utils.js,0,1793
2287,MemberExpression,nan,-1,-1,-1,188,59,188,88,packages\juice\lib\utils.js,0,1794
2288,Identifier,ignoring,-1,-1,-1,211,8,211,16,packages\juice\lib\utils.js,0,1795
2290,Identifier,rule,-1,-1,-1,212,25,212,29,packages\juice\lib\utils.js,0,1796
2291,MemberExpression,nan,-1,-1,-1,212,8,212,24,packages\juice\lib\utils.js,0,1797
2292,MemberExpression,nan,-1,-1,-1,249,9,249,26,packages\juice\lib\utils.js,0,1798
2294,MemberExpression,nan,-1,-1,-1,250,7,250,27,packages\juice\lib\utils.js,0,1799
2296,MemberExpression,nan,-1,-1,-1,251,28,251,37,packages\juice\lib\utils.js,0,1800
2298,ReturnStatement,nan,1,-1,-1,254,8,254,81,packages\juice\lib\utils.js,0,1801
2300,Identifier,element,-1,-1,-1,278,32,278,39,packages\juice\lib\utils.js,0,1802
2301,CallExpression,nan,2,-1,-1,344,13,344,78,packages\juice\lib\utils.js,0,1803
2302,BlockStatement,nan,-1,-1,-1,114,52,120,11,packages\juice\lib\utils.js,0,1804
2303,LogicalExpression,nan,-1,-1,-1,114,14,114,50,packages\juice\lib\utils.js,0,1805
2304,BlockStatement,nan,-1,-1,-1,122,52,125,11,packages\juice\lib\utils.js,0,1806
2305,LogicalExpression,nan,-1,-1,-1,122,14,122,50,packages\juice\lib\utils.js,0,1807
2306,BlockStatement,nan,-1,-1,-1,127,40,129,11,packages\juice\lib\utils.js,0,1808
2308,CallExpression,nan,1,-1,-1,136,10,136,57,packages\juice\lib\utils.js,0,1809
2309,Identifier,i,-1,-1,-1,181,31,181,32,packages\juice\lib\utils.js,0,1810
2311,BlockStatement,nan,-1,-1,-1,190,51,193,11,packages\juice\lib\utils.js,0,1811
2313,MemberExpression,nan,-1,-1,-1,188,12,188,41,packages\juice\lib\utils.js,0,1812
2315,MemberExpression,nan,-1,-1,-1,249,30,249,39,packages\juice\lib\utils.js,0,1813
2317,MemberExpression,nan,-1,-1,-1,250,31,250,40,packages\juice\lib\utils.js,0,1814
2319,CallExpression,nan,2,-1,-1,254,15,254,80,packages\juice\lib\utils.js,0,1815
2320,Identifier,sel,-1,-1,-1,344,46,344,49,packages\juice\lib\utils.js,0,1816
2321,MemberExpression,nan,-1,-1,-1,344,51,344,77,packages\juice\lib\utils.js,0,1817
2322,MemberExpression,nan,-1,-1,-1,344,13,344,45,packages\juice\lib\utils.js,0,1818
2323,VariableDeclaration,nan,-1,-1,-1,115,12,115,47,packages\juice\lib\utils.js,0,1819
2324,IfStatement,nan,-1,-1,-1,116,12,119,13,packages\juice\lib\utils.js,0,1820
2326,MemberExpression,nan,-1,-1,-1,114,41,114,50,packages\juice\lib\utils.js,0,1821
2328,ContinueStatement,nan,-1,-1,-1,124,12,124,21,packages\juice\lib\utils.js,0,1822
2329,Identifier,skipNext,-1,-1,-1,122,14,122,22,packages\juice\lib\utils.js,0,1823
2332,MemberExpression,nan,-1,-1,-1,127,14,127,23,packages\juice\lib\utils.js,0,1824
2334,ArrayExpression,nan,-1,-1,-1,136,19,136,56,packages\juice\lib\utils.js,0,1825
2335,MemberExpression,nan,-1,-1,-1,136,10,136,18,packages\juice\lib\utils.js,0,1826
2337,BreakStatement,nan,-1,-1,-1,192,12,192,18,packages\juice\lib\utils.js,0,1827
2338,Identifier,declComment,-1,-1,-1,190,14,190,25,packages\juice\lib\utils.js,0,1828
2340,Identifier,sel,-1,-1,-1,254,48,254,51,packages\juice\lib\utils.js,0,1829
2341,MemberExpression,nan,-1,-1,-1,254,53,254,79,packages\juice\lib\utils.js,0,1830
2342,MemberExpression,nan,-1,-1,-1,254,15,254,47,packages\juice\lib\utils.js,0,1831
2343,BlockStatement,nan,-1,-1,-1,116,53,119,13,packages\juice\lib\utils.js,0,1832
2345,MemberExpression,nan,-1,-1,-1,114,14,114,23,packages\juice\lib\utils.js,0,1833
2347,AssignmentExpression,nan,-1,-1,-1,123,12,123,28,packages\juice\lib\utils.js,0,1834
2348,MemberExpression,nan,-1,-1,-1,122,26,122,35,packages\juice\lib\utils.js,0,1835
2350,CallExpression,nan,1,-1,-1,128,12,128,43,packages\juice\lib\utils.js,0,1836
2351,CallExpression,nan,1,-1,-1,191,12,191,37,packages\juice\lib\utils.js,0,1837
2353,ContinueStatement,nan,-1,-1,-1,118,14,118,23,packages\juice\lib\utils.js,0,1838
2354,Identifier,declComment,-1,-1,-1,116,16,116,27,packages\juice\lib\utils.js,0,1839
2356,Identifier,skipNext,-1,-1,-1,123,12,123,20,packages\juice\lib\utils.js,0,1840
2358,Identifier,decl,-1,-1,-1,128,38,128,42,packages\juice\lib\utils.js,0,1841
2359,MemberExpression,nan,-1,-1,-1,128,12,128,37,packages\juice\lib\utils.js,0,1842
2360,Identifier,i,-1,-1,-1,191,35,191,36,packages\juice\lib\utils.js,0,1843
2361,MemberExpression,nan,-1,-1,-1,191,12,191,34,packages\juice\lib\utils.js,0,1844
2362,AssignmentExpression,nan,-1,-1,-1,117,14,117,29,packages\juice\lib\utils.js,0,1845
2363,Identifier,skipNext,-1,-1,-1,117,14,117,22,packages\juice\lib\utils.js,0,1846
2365,Program,nan,-1,-1,-1,1,0,70,57,packages\juice\lib\variables.js,0,1847
2367,VariableDeclaration,nan,-1,-1,-1,3,0,11,1,packages\juice\lib\variables.js,0,1848
2368,VariableDeclaration,nan,-1,-1,-1,16,0,58,1,packages\juice\lib\variables.js,0,1849
2369,VariableDeclaration,nan,-1,-1,-1,60,0,68,1,packages\juice\lib\variables.js,0,1850
2372,AssignmentExpression,nan,-1,-1,-1,70,0,70,56,packages\juice\lib\variables.js,0,1851
2373,MemberExpression,nan,-1,-1,-1,70,0,70,14,packages\juice\lib\variables.js,0,1852
2374,ObjectExpression,nan,-1,-1,-1,70,17,70,56,packages\juice\lib\variables.js,0,1853
2375,Program,nan,-1,-1,-1,1,0,114,3,packages\juice\test\cli.js,1,1854
2377,VariableDeclaration,nan,-1,-1,-1,3,0,3,31,packages\juice\test\cli.js,1,1855
2378,VariableDeclaration,nan,-1,-1,-1,4,0,4,23,packages\juice\test\cli.js,1,1856
2379,VariableDeclaration,nan,-1,-1,-1,5,0,5,35,packages\juice\test\cli.js,1,1857
2380,VariableDeclaration,nan,-1,-1,-1,6,0,6,32,packages\juice\test\cli.js,1,1858
2388,CallExpression,nan,1,-1,-1,8,0,11,2,packages\juice\test\cli.js,1,1859
2389,CallExpression,nan,2,-1,-1,13,0,39,2,packages\juice\test\cli.js,1,1860
2390,CallExpression,nan,2,-1,-1,41,0,57,2,packages\juice\test\cli.js,1,1861
2391,CallExpression,nan,2,-1,-1,59,0,76,2,packages\juice\test\cli.js,1,1862
2392,CallExpression,nan,2,-1,-1,78,0,95,2,packages\juice\test\cli.js,1,1863
2393,CallExpression,nan,2,-1,-1,97,0,114,2,packages\juice\test\cli.js,1,1864
2394,FunctionExpression,nan,-1,0,1,8,7,11,1,packages\juice\test\cli.js,1,1865
2395,Identifier,before,-1,-1,-1,8,0,8,6,packages\juice\test\cli.js,1,1866
2397,FunctionExpression,nan,-1,1,0,13,25,39,1,packages\juice\test\cli.js,1,1867
2398,Identifier,it,-1,-1,-1,13,0,13,2,packages\juice\test\cli.js,1,1868
2400,FunctionExpression,nan,-1,1,0,41,17,57,1,packages\juice\test\cli.js,1,1869
2401,Identifier,it,-1,-1,-1,41,0,41,2,packages\juice\test\cli.js,1,1870
2403,FunctionExpression,nan,-1,1,0,59,23,76,1,packages\juice\test\cli.js,1,1871
2404,Identifier,it,-1,-1,-1,59,0,59,2,packages\juice\test\cli.js,1,1872
2406,FunctionExpression,nan,-1,1,0,78,27,95,1,packages\juice\test\cli.js,1,1873
2407,Identifier,it,-1,-1,-1,78,0,78,2,packages\juice\test\cli.js,1,1874
2409,FunctionExpression,nan,-1,1,0,97,29,114,1,packages\juice\test\cli.js,1,1875
2410,Identifier,it,-1,-1,-1,97,0,97,2,packages\juice\test\cli.js,1,1876
2412,BlockStatement,nan,-1,-1,-1,8,18,11,1,packages\juice\test\cli.js,1,1877
2413,Identifier,done,-1,-1,-1,13,34,13,38,packages\juice\test\cli.js,1,1878
2415,BlockStatement,nan,-1,-1,-1,13,40,39,1,packages\juice\test\cli.js,1,1879
2416,Identifier,done,-1,-1,-1,41,26,41,30,packages\juice\test\cli.js,1,1880
2418,BlockStatement,nan,-1,-1,-1,41,32,57,1,packages\juice\test\cli.js,1,1881
2419,Identifier,done,-1,-1,-1,59,32,59,36,packages\juice\test\cli.js,1,1882
2421,BlockStatement,nan,-1,-1,-1,59,38,76,1,packages\juice\test\cli.js,1,1883
2422,Identifier,done,-1,-1,-1,78,36,78,40,packages\juice\test\cli.js,1,1884
2424,BlockStatement,nan,-1,-1,-1,78,42,95,1,packages\juice\test\cli.js,1,1885
2425,Identifier,done,-1,-1,-1,97,38,97,42,packages\juice\test\cli.js,1,1886
2427,BlockStatement,nan,-1,-1,-1,97,44,114,1,packages\juice\test\cli.js,1,1887
2428,IfStatement,nan,-1,-1,-1,9,2,9,39,packages\juice\test\cli.js,1,1888
2430,VariableDeclaration,nan,-1,-1,-1,14,2,14,88,packages\juice\test\cli.js,1,1889
2455,VariableDeclaration,nan,-1,-1,-1,42,2,42,57,packages\juice\test\cli.js,1,1890
2456,VariableDeclaration,nan,-1,-1,-1,43,2,43,59,packages\juice\test\cli.js,1,1891
2457,VariableDeclaration,nan,-1,-1,-1,44,2,44,36,packages\juice\test\cli.js,1,1892
2458,VariableDeclaration,nan,-1,-1,-1,46,2,46,65,packages\juice\test\cli.js,1,1893
2461,VariableDeclaration,nan,-1,-1,-1,60,2,60,47,packages\juice\test\cli.js,1,1894
2462,VariableDeclaration,nan,-1,-1,-1,61,2,61,45,packages\juice\test\cli.js,1,1895
2463,VariableDeclaration,nan,-1,-1,-1,62,2,62,50,packages\juice\test\cli.js,1,1896
2464,VariableDeclaration,nan,-1,-1,-1,63,2,63,41,packages\juice\test\cli.js,1,1897
2465,VariableDeclaration,nan,-1,-1,-1,65,2,65,119,packages\juice\test\cli.js,1,1898
2468,VariableDeclaration,nan,-1,-1,-1,79,2,79,68,packages\juice\test\cli.js,1,1899
2469,VariableDeclaration,nan,-1,-1,-1,80,2,80,75,packages\juice\test\cli.js,1,1900
2470,VariableDeclaration,nan,-1,-1,-1,81,2,81,71,packages\juice\test\cli.js,1,1901
2471,VariableDeclaration,nan,-1,-1,-1,82,2,82,48,packages\juice\test\cli.js,1,1902
2472,VariableDeclaration,nan,-1,-1,-1,84,2,84,99,packages\juice\test\cli.js,1,1903
2475,VariableDeclaration,nan,-1,-1,-1,98,2,98,54,packages\juice\test\cli.js,1,1904
2476,VariableDeclaration,nan,-1,-1,-1,99,2,99,61,packages\juice\test\cli.js,1,1905
2477,VariableDeclaration,nan,-1,-1,-1,100,2,100,57,packages\juice\test\cli.js,1,1906
2478,VariableDeclaration,nan,-1,-1,-1,101,2,101,44,packages\juice\test\cli.js,1,1907
2479,VariableDeclaration,nan,-1,-1,-1,103,2,103,99,packages\juice\test\cli.js,1,1908
2482,BlockStatement,nan,-1,-1,-1,9,28,9,39,packages\juice\test\cli.js,1,1909
2483,CallExpression,nan,1,-1,-1,9,6,9,26,packages\juice\test\cli.js,1,1910
2484,CallExpression,nan,1,-1,-1,10,2,10,21,packages\juice\test\cli.js,1,1911
2485,CallExpression,nan,2,-1,-1,15,2,15,72,packages\juice\test\cli.js,1,1912
2486,CallExpression,nan,2,-1,-1,16,2,16,92,packages\juice\test\cli.js,1,1913
2487,CallExpression,nan,2,-1,-1,17,2,17,94,packages\juice\test\cli.js,1,1914
2488,CallExpression,nan,2,-1,-1,18,2,18,98,packages\juice\test\cli.js,1,1915
2489,CallExpression,nan,2,-1,-1,19,2,19,80,packages\juice\test\cli.js,1,1916
2490,CallExpression,nan,2,-1,-1,20,2,20,82,packages\juice\test\cli.js,1,1917
2491,CallExpression,nan,2,-1,-1,21,2,21,86,packages\juice\test\cli.js,1,1918
2492,CallExpression,nan,2,-1,-1,22,2,22,92,packages\juice\test\cli.js,1,1919
2493,CallExpression,nan,2,-1,-1,23,2,23,86,packages\juice\test\cli.js,1,1920
2494,CallExpression,nan,2,-1,-1,24,2,24,86,packages\juice\test\cli.js,1,1921
2495,CallExpression,nan,2,-1,-1,25,2,25,92,packages\juice\test\cli.js,1,1922
2496,CallExpression,nan,2,-1,-1,26,2,26,94,packages\juice\test\cli.js,1,1923
2497,CallExpression,nan,2,-1,-1,27,2,27,108,packages\juice\test\cli.js,1,1924
2498,CallExpression,nan,2,-1,-1,28,2,28,66,packages\juice\test\cli.js,1,1925
2499,CallExpression,nan,2,-1,-1,29,2,29,90,packages\juice\test\cli.js,1,1926
2500,CallExpression,nan,2,-1,-1,30,2,30,94,packages\juice\test\cli.js,1,1927
2501,CallExpression,nan,2,-1,-1,31,2,31,107,packages\juice\test\cli.js,1,1928
2502,CallExpression,nan,2,-1,-1,32,2,32,85,packages\juice\test\cli.js,1,1929
2503,CallExpression,nan,2,-1,-1,33,2,33,87,packages\juice\test\cli.js,1,1930
2504,CallExpression,nan,2,-1,-1,34,2,34,87,packages\juice\test\cli.js,1,1931
2505,CallExpression,nan,2,-1,-1,35,2,35,97,packages\juice\test\cli.js,1,1932
2506,CallExpression,nan,2,-1,-1,36,2,36,111,packages\juice\test\cli.js,1,1933
2507,CallExpression,nan,2,-1,-1,37,2,37,89,packages\juice\test\cli.js,1,1934
2508,CallExpression,nan,0,-1,-1,38,2,38,8,packages\juice\test\cli.js,1,1935
2509,CallExpression,nan,2,-1,-1,48,2,48,32,packages\juice\test\cli.js,1,1936
2510,CallExpression,nan,2,-1,-1,50,2,56,4,packages\juice\test\cli.js,1,1937
2511,CallExpression,nan,2,-1,-1,67,2,67,32,packages\juice\test\cli.js,1,1938
2512,CallExpression,nan,2,-1,-1,69,2,75,4,packages\juice\test\cli.js,1,1939
2513,CallExpression,nan,2,-1,-1,86,2,86,32,packages\juice\test\cli.js,1,1940
2514,CallExpression,nan,2,-1,-1,88,2,94,4,packages\juice\test\cli.js,1,1941
2515,CallExpression,nan,2,-1,-1,105,2,105,32,packages\juice\test\cli.js,1,1942
2516,CallExpression,nan,2,-1,-1,107,2,113,4,packages\juice\test\cli.js,1,1943
2517,ReturnStatement,nan,-1,-1,-1,9,30,9,37,packages\juice\test\cli.js,1,1944
2519,MemberExpression,nan,-1,-1,-1,9,6,9,19,packages\juice\test\cli.js,1,1945
2521,MemberExpression,nan,-1,-1,-1,10,2,10,14,packages\juice\test\cli.js,1,1946
2522,MemberExpression,nan,-1,-1,-1,15,21,15,59,packages\juice\test\cli.js,1,1947
2524,MemberExpression,nan,-1,-1,-1,15,2,15,20,packages\juice\test\cli.js,1,1948
2525,MemberExpression,nan,-1,-1,-1,16,21,16,75,packages\juice\test\cli.js,1,1949
2527,MemberExpression,nan,-1,-1,-1,16,2,16,20,packages\juice\test\cli.js,1,1950
2528,MemberExpression,nan,-1,-1,-1,17,21,17,73,packages\juice\test\cli.js,1,1951
2530,MemberExpression,nan,-1,-1,-1,17,2,17,20,packages\juice\test\cli.js,1,1952
2531,MemberExpression,nan,-1,-1,-1,18,21,18,91,packages\juice\test\cli.js,1,1953
2533,MemberExpression,nan,-1,-1,-1,18,2,18,20,packages\juice\test\cli.js,1,1954
2534,MemberExpression,nan,-1,-1,-1,19,21,19,73,packages\juice\test\cli.js,1,1955
2536,MemberExpression,nan,-1,-1,-1,19,2,19,20,packages\juice\test\cli.js,1,1956
2537,MemberExpression,nan,-1,-1,-1,20,21,20,75,packages\juice\test\cli.js,1,1957
2539,MemberExpression,nan,-1,-1,-1,20,2,20,20,packages\juice\test\cli.js,1,1958
2540,MemberExpression,nan,-1,-1,-1,21,21,21,79,packages\juice\test\cli.js,1,1959
2542,MemberExpression,nan,-1,-1,-1,21,2,21,20,packages\juice\test\cli.js,1,1960
2543,MemberExpression,nan,-1,-1,-1,22,21,22,85,packages\juice\test\cli.js,1,1961
2545,MemberExpression,nan,-1,-1,-1,22,2,22,20,packages\juice\test\cli.js,1,1962
2546,MemberExpression,nan,-1,-1,-1,23,21,23,79,packages\juice\test\cli.js,1,1963
2548,MemberExpression,nan,-1,-1,-1,23,2,23,20,packages\juice\test\cli.js,1,1964
2549,MemberExpression,nan,-1,-1,-1,24,21,24,79,packages\juice\test\cli.js,1,1965
2551,MemberExpression,nan,-1,-1,-1,24,2,24,20,packages\juice\test\cli.js,1,1966
2552,MemberExpression,nan,-1,-1,-1,25,21,25,85,packages\juice\test\cli.js,1,1967
2554,MemberExpression,nan,-1,-1,-1,25,2,25,20,packages\juice\test\cli.js,1,1968
2555,MemberExpression,nan,-1,-1,-1,26,21,26,87,packages\juice\test\cli.js,1,1969
2557,MemberExpression,nan,-1,-1,-1,26,2,26,20,packages\juice\test\cli.js,1,1970
2558,MemberExpression,nan,-1,-1,-1,27,21,27,101,packages\juice\test\cli.js,1,1971
2560,MemberExpression,nan,-1,-1,-1,27,2,27,20,packages\juice\test\cli.js,1,1972
2561,MemberExpression,nan,-1,-1,-1,28,21,28,59,packages\juice\test\cli.js,1,1973
2563,MemberExpression,nan,-1,-1,-1,28,2,28,20,packages\juice\test\cli.js,1,1974
2564,MemberExpression,nan,-1,-1,-1,29,21,29,83,packages\juice\test\cli.js,1,1975
2566,MemberExpression,nan,-1,-1,-1,29,2,29,20,packages\juice\test\cli.js,1,1976
2567,MemberExpression,nan,-1,-1,-1,30,21,30,87,packages\juice\test\cli.js,1,1977
2569,MemberExpression,nan,-1,-1,-1,30,2,30,20,packages\juice\test\cli.js,1,1978
2570,MemberExpression,nan,-1,-1,-1,31,21,31,100,packages\juice\test\cli.js,1,1979
2572,MemberExpression,nan,-1,-1,-1,31,2,31,20,packages\juice\test\cli.js,1,1980
2573,MemberExpression,nan,-1,-1,-1,32,21,32,80,packages\juice\test\cli.js,1,1981
2575,MemberExpression,nan,-1,-1,-1,32,2,32,20,packages\juice\test\cli.js,1,1982
2576,MemberExpression,nan,-1,-1,-1,33,21,33,80,packages\juice\test\cli.js,1,1983
2578,MemberExpression,nan,-1,-1,-1,33,2,33,20,packages\juice\test\cli.js,1,1984
2579,MemberExpression,nan,-1,-1,-1,34,21,34,82,packages\juice\test\cli.js,1,1985
2581,MemberExpression,nan,-1,-1,-1,34,2,34,20,packages\juice\test\cli.js,1,1986
2582,MemberExpression,nan,-1,-1,-1,35,21,35,89,packages\juice\test\cli.js,1,1987
2584,MemberExpression,nan,-1,-1,-1,35,2,35,20,packages\juice\test\cli.js,1,1988
2585,MemberExpression,nan,-1,-1,-1,36,21,36,102,packages\juice\test\cli.js,1,1989
2587,MemberExpression,nan,-1,-1,-1,36,2,36,20,packages\juice\test\cli.js,1,1990
2588,MemberExpression,nan,-1,-1,-1,37,21,37,82,packages\juice\test\cli.js,1,1991
2590,MemberExpression,nan,-1,-1,-1,37,2,37,20,packages\juice\test\cli.js,1,1992
2591,Identifier,done,-1,-1,-1,38,2,38,6,packages\juice\test\cli.js,1,1993
2593,Identifier,done,-1,-1,-1,48,27,48,31,packages\juice\test\cli.js,1,1994
2594,MemberExpression,nan,-1,-1,-1,48,2,48,17,packages\juice\test\cli.js,1,1995
2596,FunctionExpression,nan,-1,1,0,50,26,56,3,packages\juice\test\cli.js,1,1996
2597,MemberExpression,nan,-1,-1,-1,50,2,50,17,packages\juice\test\cli.js,1,1997
2599,Identifier,done,-1,-1,-1,67,27,67,31,packages\juice\test\cli.js,1,1998
2600,MemberExpression,nan,-1,-1,-1,67,2,67,17,packages\juice\test\cli.js,1,1999
2602,FunctionExpression,nan,-1,1,0,69,26,75,3,packages\juice\test\cli.js,1,2000
2603,MemberExpression,nan,-1,-1,-1,69,2,69,17,packages\juice\test\cli.js,1,2001
2605,Identifier,done,-1,-1,-1,86,27,86,31,packages\juice\test\cli.js,1,2002
2606,MemberExpression,nan,-1,-1,-1,86,2,86,17,packages\juice\test\cli.js,1,2003
2608,FunctionExpression,nan,-1,1,0,88,26,94,3,packages\juice\test\cli.js,1,2004
2609,MemberExpression,nan,-1,-1,-1,88,2,88,17,packages\juice\test\cli.js,1,2005
2611,Identifier,done,-1,-1,-1,105,27,105,31,packages\juice\test\cli.js,1,2006
2612,MemberExpression,nan,-1,-1,-1,105,2,105,17,packages\juice\test\cli.js,1,2007
2614,FunctionExpression,nan,-1,1,0,107,26,113,3,packages\juice\test\cli.js,1,2008
2615,MemberExpression,nan,-1,-1,-1,107,2,107,17,packages\juice\test\cli.js,1,2009
2616,Identifier,code,-1,-1,-1,50,35,50,39,packages\juice\test\cli.js,1,2010
2618,BlockStatement,nan,-1,-1,-1,50,41,56,3,packages\juice\test\cli.js,1,2011
2619,Identifier,code,-1,-1,-1,69,35,69,39,packages\juice\test\cli.js,1,2012
2621,BlockStatement,nan,-1,-1,-1,69,41,75,3,packages\juice\test\cli.js,1,2013
2622,Identifier,code,-1,-1,-1,88,35,88,39,packages\juice\test\cli.js,1,2014
2624,BlockStatement,nan,-1,-1,-1,88,41,94,3,packages\juice\test\cli.js,1,2015
2625,Identifier,code,-1,-1,-1,107,35,107,39,packages\juice\test\cli.js,1,2016
2627,BlockStatement,nan,-1,-1,-1,107,41,113,3,packages\juice\test\cli.js,1,2017
2629,VariableDeclaration,nan,-1,-1,-1,52,4,52,53,packages\juice\test\cli.js,1,2018
2630,VariableDeclaration,nan,-1,-1,-1,53,4,53,63,packages\juice\test\cli.js,1,2019
2634,VariableDeclaration,nan,-1,-1,-1,71,4,71,53,packages\juice\test\cli.js,1,2020
2635,VariableDeclaration,nan,-1,-1,-1,72,4,72,63,packages\juice\test\cli.js,1,2021
2639,VariableDeclaration,nan,-1,-1,-1,90,4,90,72,packages\juice\test\cli.js,1,2022
2640,VariableDeclaration,nan,-1,-1,-1,91,4,91,63,packages\juice\test\cli.js,1,2023
2644,VariableDeclaration,nan,-1,-1,-1,109,4,109,72,packages\juice\test\cli.js,1,2024
2645,VariableDeclaration,nan,-1,-1,-1,110,4,110,63,packages\juice\test\cli.js,1,2025
2648,CallExpression,nan,2,-1,-1,51,4,51,52,packages\juice\test\cli.js,1,2026
2649,CallExpression,nan,2,-1,-1,54,4,54,40,packages\juice\test\cli.js,1,2027
2650,CallExpression,nan,0,-1,-1,55,4,55,10,packages\juice\test\cli.js,1,2028
2651,CallExpression,nan,2,-1,-1,70,4,70,52,packages\juice\test\cli.js,1,2029
2652,CallExpression,nan,2,-1,-1,73,4,73,40,packages\juice\test\cli.js,1,2030
2653,CallExpression,nan,0,-1,-1,74,4,74,10,packages\juice\test\cli.js,1,2031
2654,CallExpression,nan,2,-1,-1,89,4,89,52,packages\juice\test\cli.js,1,2032
2655,CallExpression,nan,2,-1,-1,92,4,92,40,packages\juice\test\cli.js,1,2033
2656,CallExpression,nan,0,-1,-1,93,4,93,10,packages\juice\test\cli.js,1,2034
2657,CallExpression,nan,2,-1,-1,108,4,108,52,packages\juice\test\cli.js,1,2035
2658,CallExpression,nan,2,-1,-1,111,4,111,40,packages\juice\test\cli.js,1,2036
2659,CallExpression,nan,0,-1,-1,112,4,112,10,packages\juice\test\cli.js,1,2037
2662,Identifier,assert,-1,-1,-1,51,4,51,10,packages\juice\test\cli.js,1,2038
2663,Identifier,output,-1,-1,-1,54,17,54,23,packages\juice\test\cli.js,1,2039
2664,Identifier,expectedOutput,-1,-1,-1,54,25,54,39,packages\juice\test\cli.js,1,2040
2665,MemberExpression,nan,-1,-1,-1,54,4,54,16,packages\juice\test\cli.js,1,2041
2666,Identifier,done,-1,-1,-1,55,4,55,8,packages\juice\test\cli.js,1,2042
2669,Identifier,assert,-1,-1,-1,70,4,70,10,packages\juice\test\cli.js,1,2043
2670,Identifier,output,-1,-1,-1,73,17,73,23,packages\juice\test\cli.js,1,2044
2671,Identifier,expectedOutput,-1,-1,-1,73,25,73,39,packages\juice\test\cli.js,1,2045
2672,MemberExpression,nan,-1,-1,-1,73,4,73,16,packages\juice\test\cli.js,1,2046
2673,Identifier,done,-1,-1,-1,74,4,74,8,packages\juice\test\cli.js,1,2047
2676,Identifier,assert,-1,-1,-1,89,4,89,10,packages\juice\test\cli.js,1,2048
2677,Identifier,output,-1,-1,-1,92,17,92,23,packages\juice\test\cli.js,1,2049
2678,Identifier,expectedOutput,-1,-1,-1,92,25,92,39,packages\juice\test\cli.js,1,2050
2679,MemberExpression,nan,-1,-1,-1,92,4,92,16,packages\juice\test\cli.js,1,2051
2680,Identifier,done,-1,-1,-1,93,4,93,8,packages\juice\test\cli.js,1,2052
2683,Identifier,assert,-1,-1,-1,108,4,108,10,packages\juice\test\cli.js,1,2053
2684,Identifier,output,-1,-1,-1,111,17,111,23,packages\juice\test\cli.js,1,2054
2685,Identifier,expectedOutput,-1,-1,-1,111,25,111,39,packages\juice\test\cli.js,1,2055
2686,MemberExpression,nan,-1,-1,-1,111,4,111,16,packages\juice\test\cli.js,1,2056
2687,Identifier,done,-1,-1,-1,112,4,112,8,packages\juice\test\cli.js,1,2057
2688,Identifier,code,-1,-1,-1,51,11,51,15,packages\juice\test\cli.js,1,2058
2690,Identifier,code,-1,-1,-1,70,11,70,15,packages\juice\test\cli.js,1,2059
2692,Identifier,code,-1,-1,-1,89,11,89,15,packages\juice\test\cli.js,1,2060
2694,Identifier,code,-1,-1,-1,108,11,108,15,packages\juice\test\cli.js,1,2061
2696,Program,nan,-1,-1,-1,1,0,658,3,packages\juice\test\juice.test.js,1,2062
2698,VariableDeclaration,nan,-1,-1,-1,11,0,11,27,packages\juice\test\juice.test.js,1,2063
2699,VariableDeclaration,nan,-1,-1,-1,12,0,12,30,packages\juice\test\juice.test.js,1,2064
2700,VariableDeclaration,nan,-1,-1,-1,13,0,13,30,packages\juice\test\juice.test.js,1,2065
2701,VariableDeclaration,nan,-1,-1,-1,14,0,14,24,packages\juice\test\juice.test.js,1,2066
2702,VariableDeclaration,nan,-1,-1,-1,15,0,15,31,packages\juice\test\juice.test.js,1,2067
2703,FunctionDeclaration,nan,-1,1,1,17,0,19,1,packages\juice\test\juice.test.js,1,2068
2731,Identifier,cleanString,-1,-1,-1,17,9,17,20,packages\juice\test\juice.test.js,1,2069
2732,Identifier,str,-1,-1,-1,17,21,17,24,packages\juice\test\juice.test.js,1,2070
2734,BlockStatement,nan,-1,-1,-1,17,26,19,1,packages\juice\test\juice.test.js,1,2071
2735,CallExpression,nan,2,-1,-1,25,0,37,2,packages\juice\test\juice.test.js,1,2072
2736,CallExpression,nan,2,-1,-1,39,0,57,2,packages\juice\test\juice.test.js,1,2073
2737,CallExpression,nan,2,-1,-1,59,0,80,2,packages\juice\test\juice.test.js,1,2074
2738,CallExpression,nan,2,-1,-1,82,0,101,2,packages\juice\test\juice.test.js,1,2075
2739,CallExpression,nan,2,-1,-1,103,0,107,2,packages\juice\test\juice.test.js,1,2076
2740,CallExpression,nan,2,-1,-1,109,0,121,2,packages\juice\test\juice.test.js,1,2077
2741,CallExpression,nan,2,-1,-1,123,0,142,2,packages\juice\test\juice.test.js,1,2078
2742,CallExpression,nan,2,-1,-1,144,0,155,2,packages\juice\test\juice.test.js,1,2079
2743,CallExpression,nan,2,-1,-1,157,0,161,2,packages\juice\test\juice.test.js,1,2080
2744,CallExpression,nan,2,-1,-1,163,0,167,2,packages\juice\test\juice.test.js,1,2081
2745,CallExpression,nan,2,-1,-1,169,0,174,2,packages\juice\test\juice.test.js,1,2082
2746,CallExpression,nan,2,-1,-1,176,0,180,2,packages\juice\test\juice.test.js,1,2083
2747,CallExpression,nan,2,-1,-1,182,0,186,2,packages\juice\test\juice.test.js,1,2084
2748,CallExpression,nan,2,-1,-1,188,0,192,2,packages\juice\test\juice.test.js,1,2085
2749,CallExpression,nan,2,-1,-1,194,0,198,2,packages\juice\test\juice.test.js,1,2086
2750,CallExpression,nan,2,-1,-1,200,0,216,2,packages\juice\test\juice.test.js,1,2087
2751,CallExpression,nan,2,-1,-1,218,0,260,2,packages\juice\test\juice.test.js,1,2088
2752,CallExpression,nan,2,-1,-1,262,0,407,2,packages\juice\test\juice.test.js,1,2089
2753,CallExpression,nan,2,-1,-1,409,0,417,2,packages\juice\test\juice.test.js,1,2090
2754,CallExpression,nan,2,-1,-1,419,0,433,2,packages\juice\test\juice.test.js,1,2091
2755,CallExpression,nan,2,-1,-1,435,0,451,2,packages\juice\test\juice.test.js,1,2092
2756,CallExpression,nan,2,-1,-1,453,0,473,2,packages\juice\test\juice.test.js,1,2093
2757,CallExpression,nan,2,-1,-1,475,0,500,2,packages\juice\test\juice.test.js,1,2094
2758,CallExpression,nan,2,-1,-1,502,0,527,2,packages\juice\test\juice.test.js,1,2095
2759,CallExpression,nan,2,-1,-1,529,0,557,2,packages\juice\test\juice.test.js,1,2096
2760,CallExpression,nan,2,-1,-1,559,0,658,2,packages\juice\test\juice.test.js,1,2097
2761,ReturnStatement,nan,1,-1,-1,18,2,18,40,packages\juice\test\juice.test.js,1,2098
2763,FunctionExpression,nan,-1,0,0,25,27,37,1,packages\juice\test\juice.test.js,1,2099
2764,Identifier,it,-1,-1,-1,25,0,25,2,packages\juice\test\juice.test.js,1,2100
2766,FunctionExpression,nan,-1,0,0,39,38,57,1,packages\juice\test\juice.test.js,1,2101
2767,Identifier,it,-1,-1,-1,39,0,39,2,packages\juice\test\juice.test.js,1,2102
2769,FunctionExpression,nan,-1,0,0,59,38,80,1,packages\juice\test\juice.test.js,1,2103
2770,Identifier,it,-1,-1,-1,59,0,59,2,packages\juice\test\juice.test.js,1,2104
2772,FunctionExpression,nan,-1,0,0,82,56,101,1,packages\juice\test\juice.test.js,1,2105
2773,Identifier,it,-1,-1,-1,82,0,82,2,packages\juice\test\juice.test.js,1,2106
2775,FunctionExpression,nan,-1,0,0,103,24,107,1,packages\juice\test\juice.test.js,1,2107
2776,Identifier,it,-1,-1,-1,103,0,103,2,packages\juice\test\juice.test.js,1,2108
2778,FunctionExpression,nan,-1,0,0,109,47,121,1,packages\juice\test\juice.test.js,1,2109
2779,Identifier,it,-1,-1,-1,109,0,109,2,packages\juice\test\juice.test.js,1,2110
2781,FunctionExpression,nan,-1,0,0,123,48,142,1,packages\juice\test\juice.test.js,1,2111
2782,Identifier,it,-1,-1,-1,123,0,123,2,packages\juice\test\juice.test.js,1,2112
2784,FunctionExpression,nan,-1,0,0,144,38,155,1,packages\juice\test\juice.test.js,1,2113
2785,Identifier,it,-1,-1,-1,144,0,144,2,packages\juice\test\juice.test.js,1,2114
2787,FunctionExpression,nan,-1,0,0,157,17,161,1,packages\juice\test\juice.test.js,1,2115
2788,Identifier,it,-1,-1,-1,157,0,157,2,packages\juice\test\juice.test.js,1,2116
2790,FunctionExpression,nan,-1,0,0,163,39,167,1,packages\juice\test\juice.test.js,1,2117
2791,Identifier,it,-1,-1,-1,163,0,163,2,packages\juice\test\juice.test.js,1,2118
2793,FunctionExpression,nan,-1,0,0,169,25,174,1,packages\juice\test\juice.test.js,1,2119
2794,Identifier,it,-1,-1,-1,169,0,169,2,packages\juice\test\juice.test.js,1,2120
2796,FunctionExpression,nan,-1,0,0,176,37,180,1,packages\juice\test\juice.test.js,1,2121
2797,Identifier,it,-1,-1,-1,176,0,176,2,packages\juice\test\juice.test.js,1,2122
2799,FunctionExpression,nan,-1,0,0,182,51,186,1,packages\juice\test\juice.test.js,1,2123
2800,Identifier,it,-1,-1,-1,182,0,182,2,packages\juice\test\juice.test.js,1,2124
2802,FunctionExpression,nan,-1,0,0,188,51,192,1,packages\juice\test\juice.test.js,1,2125
2803,Identifier,it,-1,-1,-1,188,0,188,2,packages\juice\test\juice.test.js,1,2126
2805,FunctionExpression,nan,-1,0,0,194,47,198,1,packages\juice\test\juice.test.js,1,2127
2806,Identifier,it,-1,-1,-1,194,0,194,2,packages\juice\test\juice.test.js,1,2128
2808,FunctionExpression,nan,-1,0,0,200,53,216,1,packages\juice\test\juice.test.js,1,2129
2809,Identifier,it,-1,-1,-1,200,0,200,2,packages\juice\test\juice.test.js,1,2130
2811,FunctionExpression,nan,-1,0,0,218,32,260,1,packages\juice\test\juice.test.js,1,2131
2812,Identifier,it,-1,-1,-1,218,0,218,2,packages\juice\test\juice.test.js,1,2132
2814,FunctionExpression,nan,-1,0,0,262,29,407,1,packages\juice\test\juice.test.js,1,2133
2815,Identifier,it,-1,-1,-1,262,0,262,2,packages\juice\test\juice.test.js,1,2134
2817,FunctionExpression,nan,-1,0,0,409,39,417,1,packages\juice\test\juice.test.js,1,2135
2818,Identifier,it,-1,-1,-1,409,0,409,2,packages\juice\test\juice.test.js,1,2136
2820,FunctionExpression,nan,-1,0,0,419,37,433,1,packages\juice\test\juice.test.js,1,2137
2821,Identifier,it,-1,-1,-1,419,0,419,2,packages\juice\test\juice.test.js,1,2138
2823,FunctionExpression,nan,-1,0,0,435,44,451,1,packages\juice\test\juice.test.js,1,2139
2824,Identifier,it,-1,-1,-1,435,0,435,2,packages\juice\test\juice.test.js,1,2140
2826,FunctionExpression,nan,-1,0,0,453,35,473,1,packages\juice\test\juice.test.js,1,2141
2827,Identifier,it,-1,-1,-1,453,0,453,2,packages\juice\test\juice.test.js,1,2142
2829,FunctionExpression,nan,-1,0,0,475,54,500,1,packages\juice\test\juice.test.js,1,2143
2830,Identifier,it,-1,-1,-1,475,0,475,2,packages\juice\test\juice.test.js,1,2144
2832,FunctionExpression,nan,-1,0,0,502,48,527,1,packages\juice\test\juice.test.js,1,2145
2833,Identifier,it,-1,-1,-1,502,0,502,2,packages\juice\test\juice.test.js,1,2146
2835,FunctionExpression,nan,-1,0,0,529,55,557,1,packages\juice\test\juice.test.js,1,2147
2836,Identifier,it,-1,-1,-1,529,0,529,2,packages\juice\test\juice.test.js,1,2148
2838,FunctionExpression,nan,-1,0,0,559,34,658,1,packages\juice\test\juice.test.js,1,2149
2839,Identifier,it,-1,-1,-1,559,0,559,2,packages\juice\test\juice.test.js,1,2150
2840,CallExpression,nan,0,-1,-1,18,9,18,40,packages\juice\test\juice.test.js,1,2151
2842,BlockStatement,nan,-1,-1,-1,25,38,37,1,packages\juice\test\juice.test.js,1,2152
2844,BlockStatement,nan,-1,-1,-1,39,49,57,1,packages\juice\test\juice.test.js,1,2153
2846,BlockStatement,nan,-1,-1,-1,59,49,80,1,packages\juice\test\juice.test.js,1,2154
2848,BlockStatement,nan,-1,-1,-1,82,67,101,1,packages\juice\test\juice.test.js,1,2155
2850,BlockStatement,nan,-1,-1,-1,103,35,107,1,packages\juice\test\juice.test.js,1,2156
2852,BlockStatement,nan,-1,-1,-1,109,58,121,1,packages\juice\test\juice.test.js,1,2157
2854,BlockStatement,nan,-1,-1,-1,123,59,142,1,packages\juice\test\juice.test.js,1,2158
2856,BlockStatement,nan,-1,-1,-1,144,49,155,1,packages\juice\test\juice.test.js,1,2159
2858,BlockStatement,nan,-1,-1,-1,157,28,161,1,packages\juice\test\juice.test.js,1,2160
2860,BlockStatement,nan,-1,-1,-1,163,50,167,1,packages\juice\test\juice.test.js,1,2161
2862,BlockStatement,nan,-1,-1,-1,169,36,174,1,packages\juice\test\juice.test.js,1,2162
2864,BlockStatement,nan,-1,-1,-1,176,48,180,1,packages\juice\test\juice.test.js,1,2163
2866,BlockStatement,nan,-1,-1,-1,182,62,186,1,packages\juice\test\juice.test.js,1,2164
2868,BlockStatement,nan,-1,-1,-1,188,62,192,1,packages\juice\test\juice.test.js,1,2165
2870,BlockStatement,nan,-1,-1,-1,194,58,198,1,packages\juice\test\juice.test.js,1,2166
2872,BlockStatement,nan,-1,-1,-1,200,65,216,1,packages\juice\test\juice.test.js,1,2167
2874,BlockStatement,nan,-1,-1,-1,218,43,260,1,packages\juice\test\juice.test.js,1,2168
2876,BlockStatement,nan,-1,-1,-1,262,40,407,1,packages\juice\test\juice.test.js,1,2169
2878,BlockStatement,nan,-1,-1,-1,409,51,417,1,packages\juice\test\juice.test.js,1,2170
2880,BlockStatement,nan,-1,-1,-1,419,49,433,1,packages\juice\test\juice.test.js,1,2171
2882,BlockStatement,nan,-1,-1,-1,435,56,451,1,packages\juice\test\juice.test.js,1,2172
2884,BlockStatement,nan,-1,-1,-1,453,47,473,1,packages\juice\test\juice.test.js,1,2173
2886,BlockStatement,nan,-1,-1,-1,475,66,500,1,packages\juice\test\juice.test.js,1,2174
2888,BlockStatement,nan,-1,-1,-1,502,60,527,1,packages\juice\test\juice.test.js,1,2175
2890,BlockStatement,nan,-1,-1,-1,529,67,557,1,packages\juice\test\juice.test.js,1,2176
2892,BlockStatement,nan,-1,-1,-1,559,45,658,1,packages\juice\test\juice.test.js,1,2177
2893,MemberExpression,nan,-1,-1,-1,18,9,18,38,packages\juice\test\juice.test.js,1,2178
2894,VariableDeclaration,nan,-1,-1,-1,26,2,26,30,packages\juice\test\juice.test.js,1,2179
2904,VariableDeclaration,nan,-1,-1,-1,40,2,40,30,packages\juice\test\juice.test.js,1,2180
2907,VariableDeclaration,nan,-1,-1,-1,46,2,46,23,packages\juice\test\juice.test.js,1,2181
2915,FunctionDeclaration,nan,-1,1,1,60,2,62,3,packages\juice\test\juice.test.js,1,2182
2930,FunctionDeclaration,nan,-1,3,1,83,2,85,3,packages\juice\test\juice.test.js,1,2183
2931,VariableDeclaration,nan,-1,-1,-1,87,2,87,42,packages\juice\test\juice.test.js,1,2184
2932,VariableDeclaration,nan,-1,-1,-1,88,2,88,43,packages\juice\test\juice.test.js,1,2185
2940,VariableDeclaration,nan,-1,-1,-1,104,2,104,64,packages\juice\test\juice.test.js,1,2186
2942,VariableDeclaration,nan,-1,-1,-1,110,2,110,29,packages\juice\test\juice.test.js,1,2187
2943,VariableDeclaration,nan,-1,-1,-1,112,2,112,39,packages\juice\test\juice.test.js,1,2188
2944,VariableDeclaration,nan,-1,-1,-1,114,2,114,20,packages\juice\test\juice.test.js,1,2189
2945,VariableDeclaration,nan,-1,-1,-1,115,2,115,20,packages\juice\test\juice.test.js,1,2190
2950,VariableDeclaration,nan,-1,-1,-1,124,2,124,29,packages\juice\test\juice.test.js,1,2191
2951,VariableDeclaration,nan,-1,-1,-1,126,2,126,91,packages\juice\test\juice.test.js,1,2192
2952,VariableDeclaration,nan,-1,-1,-1,127,2,127,20,packages\juice\test\juice.test.js,1,2193
2953,VariableDeclaration,nan,-1,-1,-1,128,2,128,20,packages\juice\test\juice.test.js,1,2194
2954,VariableDeclaration,nan,-1,-1,-1,129,2,129,22,packages\juice\test\juice.test.js,1,2195
2955,VariableDeclaration,nan,-1,-1,-1,130,2,130,22,packages\juice\test\juice.test.js,1,2196
2978,VariableDeclaration,nan,-1,-1,-1,264,2,267,4,packages\juice\test\juice.test.js,1,2197
3034,VariableDeclaration,nan,-1,-1,-1,410,2,410,79,packages\juice\test\juice.test.js,1,2198
3035,VariableDeclaration,nan,-1,-1,-1,411,2,411,58,packages\juice\test\juice.test.js,1,2199
3037,VariableDeclaration,nan,-1,-1,-1,420,2,423,26,packages\juice\test\juice.test.js,1,2200
3038,VariableDeclaration,nan,-1,-1,-1,425,2,425,87,packages\juice\test\juice.test.js,1,2201
3039,VariableDeclaration,nan,-1,-1,-1,427,2,427,46,packages\juice\test\juice.test.js,1,2202
3043,VariableDeclaration,nan,-1,-1,-1,436,2,441,3,packages\juice\test\juice.test.js,1,2203
3044,VariableDeclaration,nan,-1,-1,-1,443,2,443,45,packages\juice\test\juice.test.js,1,2204
3045,VariableDeclaration,nan,-1,-1,-1,445,2,445,46,packages\juice\test\juice.test.js,1,2205
3049,VariableDeclaration,nan,-1,-1,-1,454,2,463,2,packages\juice\test\juice.test.js,1,2206
3050,VariableDeclaration,nan,-1,-1,-1,464,2,464,119,packages\juice\test\juice.test.js,1,2207
3051,VariableDeclaration,nan,-1,-1,-1,466,2,466,46,packages\juice\test\juice.test.js,1,2208
3056,VariableDeclaration,nan,-1,-1,-1,476,2,492,2,packages\juice\test\juice.test.js,1,2209
3057,VariableDeclaration,nan,-1,-1,-1,494,2,494,54,packages\juice\test\juice.test.js,1,2210
3061,VariableDeclaration,nan,-1,-1,-1,503,2,518,2,packages\juice\test\juice.test.js,1,2211
3062,VariableDeclaration,nan,-1,-1,-1,520,2,520,54,packages\juice\test\juice.test.js,1,2212
3066,VariableDeclaration,nan,-1,-1,-1,530,2,546,2,packages\juice\test\juice.test.js,1,2213
3067,VariableDeclaration,nan,-1,-1,-1,548,2,548,54,packages\juice\test\juice.test.js,1,2214
3073,VariableDeclaration,nan,-1,-1,-1,561,2,564,4,packages\juice\test\juice.test.js,1,2215
3088,CallExpression,nan,2,-1,-1,28,2,28,40,packages\juice\test\juice.test.js,1,2216
3089,CallExpression,nan,2,-1,-1,29,2,29,50,packages\juice\test\juice.test.js,1,2217
3090,CallExpression,nan,2,-1,-1,30,2,30,51,packages\juice\test\juice.test.js,1,2218
3091,CallExpression,nan,2,-1,-1,31,2,31,64,packages\juice\test\juice.test.js,1,2219
3092,CallExpression,nan,2,-1,-1,32,2,32,106,packages\juice\test\juice.test.js,1,2220
3093,CallExpression,nan,2,-1,-1,33,2,33,66,packages\juice\test\juice.test.js,1,2221
3094,CallExpression,nan,2,-1,-1,34,2,34,76,packages\juice\test\juice.test.js,1,2222
3095,CallExpression,nan,2,-1,-1,35,2,35,94,packages\juice\test\juice.test.js,1,2223
3096,CallExpression,nan,2,-1,-1,36,2,36,104,packages\juice\test\juice.test.js,1,2224
3097,CallExpression,nan,2,-1,-1,42,2,42,68,packages\juice\test\juice.test.js,1,2225
3098,CallExpression,nan,2,-1,-1,43,2,43,68,packages\juice\test\juice.test.js,1,2226
3099,CallExpression,nan,2,-1,-1,47,2,47,46,packages\juice\test\juice.test.js,1,2227
3100,CallExpression,nan,2,-1,-1,49,2,49,70,packages\juice\test\juice.test.js,1,2228
3101,CallExpression,nan,2,-1,-1,50,2,50,70,packages\juice\test\juice.test.js,1,2229
3102,CallExpression,nan,2,-1,-1,52,2,52,70,packages\juice\test\juice.test.js,1,2230
3103,CallExpression,nan,2,-1,-1,53,2,53,70,packages\juice\test\juice.test.js,1,2231
3104,CallExpression,nan,2,-1,-1,55,2,55,70,packages\juice\test\juice.test.js,1,2232
3105,CallExpression,nan,2,-1,-1,56,2,56,70,packages\juice\test\juice.test.js,1,2233
3106,Identifier,spec,-1,-1,-1,60,11,60,15,packages\juice\test\juice.test.js,1,2234
3107,Identifier,selector,-1,-1,-1,60,16,60,24,packages\juice\test\juice.test.js,1,2235
3109,BlockStatement,nan,-1,-1,-1,60,26,62,3,packages\juice\test\juice.test.js,1,2236
3110,CallExpression,nan,2,-1,-1,64,2,64,46,packages\juice\test\juice.test.js,1,2237
3111,CallExpression,nan,2,-1,-1,65,2,65,49,packages\juice\test\juice.test.js,1,2238
3112,CallExpression,nan,2,-1,-1,66,2,66,49,packages\juice\test\juice.test.js,1,2239
3113,CallExpression,nan,2,-1,-1,67,2,67,58,packages\juice\test\juice.test.js,1,2240
3114,CallExpression,nan,2,-1,-1,68,2,68,51,packages\juice\test\juice.test.js,1,2241
3115,CallExpression,nan,2,-1,-1,69,2,69,63,packages\juice\test\juice.test.js,1,2242
3116,CallExpression,nan,2,-1,-1,70,2,70,53,packages\juice\test\juice.test.js,1,2243
3117,CallExpression,nan,2,-1,-1,71,2,71,42,packages\juice\test\juice.test.js,1,2244
3118,CallExpression,nan,2,-1,-1,72,2,72,46,packages\juice\test\juice.test.js,1,2245
3119,CallExpression,nan,2,-1,-1,73,2,73,48,packages\juice\test\juice.test.js,1,2246
3120,CallExpression,nan,2,-1,-1,74,2,74,60,packages\juice\test\juice.test.js,1,2247
3121,CallExpression,nan,2,-1,-1,76,2,76,46,packages\juice\test\juice.test.js,1,2248
3122,CallExpression,nan,2,-1,-1,77,2,77,55,packages\juice\test\juice.test.js,1,2249
3123,CallExpression,nan,2,-1,-1,78,2,78,52,packages\juice\test\juice.test.js,1,2250
3124,Identifier,prop,-1,-1,-1,83,11,83,15,packages\juice\test\juice.test.js,1,2251
3125,Identifier,k,-1,-1,-1,83,16,83,17,packages\juice\test\juice.test.js,1,2252
3126,Identifier,v,-1,-1,-1,83,19,83,20,packages\juice\test\juice.test.js,1,2253
3127,Identifier,sel,-1,-1,-1,83,22,83,25,packages\juice\test\juice.test.js,1,2254
3129,BlockStatement,nan,-1,-1,-1,83,27,85,3,packages\juice\test\juice.test.js,1,2255
3130,CallExpression,nan,2,-1,-1,90,2,90,34,packages\juice\test\juice.test.js,1,2256
3131,AssignmentExpression,nan,-1,-1,-1,92,2,92,43,packages\juice\test\juice.test.js,1,2257
3132,AssignmentExpression,nan,-1,-1,-1,93,2,93,47,packages\juice\test\juice.test.js,1,2258
3133,CallExpression,nan,2,-1,-1,95,2,95,34,packages\juice\test\juice.test.js,1,2259
3134,AssignmentExpression,nan,-1,-1,-1,97,2,97,48,packages\juice\test\juice.test.js,1,2260
3135,AssignmentExpression,nan,-1,-1,-1,98,2,98,50,packages\juice\test\juice.test.js,1,2261
3136,CallExpression,nan,2,-1,-1,100,2,100,34,packages\juice\test\juice.test.js,1,2262
3137,CallExpression,nan,2,-1,-1,106,2,106,45,packages\juice\test\juice.test.js,1,2263
3138,CallExpression,nan,2,-1,-1,117,2,117,24,packages\juice\test\juice.test.js,1,2264
3139,CallExpression,nan,2,-1,-1,118,2,118,141,packages\juice\test\juice.test.js,1,2265
3140,CallExpression,nan,2,-1,-1,119,2,119,29,packages\juice\test\juice.test.js,1,2266
3141,CallExpression,nan,2,-1,-1,120,2,120,29,packages\juice\test\juice.test.js,1,2267
3142,CallExpression,nan,2,-1,-1,139,2,139,29,packages\juice\test\juice.test.js,1,2268
3143,CallExpression,nan,2,-1,-1,140,2,140,39,packages\juice\test\juice.test.js,1,2269
3144,CallExpression,nan,2,-1,-1,141,2,141,41,packages\juice\test\juice.test.js,1,2270
3145,AssignmentExpression,nan,-1,-1,-1,145,2,145,55,packages\juice\test\juice.test.js,1,2271
3146,CallExpression,nan,2,-1,-1,146,2,152,3,packages\juice\test\juice.test.js,1,2272
3147,AssignmentExpression,nan,-1,-1,-1,154,2,154,31,packages\juice\test\juice.test.js,1,2273
3148,CallExpression,nan,2,-1,-1,158,2,160,50,packages\juice\test\juice.test.js,1,2274
3149,CallExpression,nan,2,-1,-1,164,2,166,47,packages\juice\test\juice.test.js,1,2275
3150,CallExpression,nan,2,-1,-1,170,2,173,116,packages\juice\test\juice.test.js,1,2276
3151,CallExpression,nan,2,-1,-1,177,2,179,40,packages\juice\test\juice.test.js,1,2277
3152,CallExpression,nan,2,-1,-1,183,2,185,42,packages\juice\test\juice.test.js,1,2278
3153,CallExpression,nan,2,-1,-1,189,2,191,40,packages\juice\test\juice.test.js,1,2279
3154,CallExpression,nan,2,-1,-1,195,2,197,113,packages\juice\test\juice.test.js,1,2280
3155,CallExpression,nan,1,-1,-1,202,2,206,4,packages\juice\test\juice.test.js,1,2281
3156,CallExpression,nan,2,-1,-1,209,2,215,3,packages\juice\test\juice.test.js,1,2282
3157,CallExpression,nan,2,-1,-1,220,2,223,3,packages\juice\test\juice.test.js,1,2283
3158,CallExpression,nan,2,-1,-1,226,2,229,3,packages\juice\test\juice.test.js,1,2284
3159,CallExpression,nan,2,-1,-1,232,2,235,3,packages\juice\test\juice.test.js,1,2285
3160,CallExpression,nan,2,-1,-1,238,2,241,3,packages\juice\test\juice.test.js,1,2286
3161,CallExpression,nan,2,-1,-1,244,2,247,3,packages\juice\test\juice.test.js,1,2287
3162,CallExpression,nan,2,-1,-1,250,2,253,3,packages\juice\test\juice.test.js,1,2288
3163,CallExpression,nan,2,-1,-1,256,2,259,3,packages\juice\test\juice.test.js,1,2289
3164,CallExpression,nan,2,-1,-1,268,2,268,101,packages\juice\test\juice.test.js,1,2290
3165,CallExpression,nan,2,-1,-1,269,2,269,76,packages\juice\test\juice.test.js,1,2291
3166,CallExpression,nan,2,-1,-1,270,2,270,77,packages\juice\test\juice.test.js,1,2292
3167,CallExpression,nan,2,-1,-1,271,2,271,138,packages\juice\test\juice.test.js,1,2293
3168,CallExpression,nan,2,-1,-1,272,2,272,77,packages\juice\test\juice.test.js,1,2294
3169,AssignmentExpression,nan,-1,-1,-1,275,2,278,3,packages\juice\test\juice.test.js,1,2295
3170,CallExpression,nan,2,-1,-1,279,2,279,87,packages\juice\test\juice.test.js,1,2296
3171,CallExpression,nan,2,-1,-1,280,2,280,86,packages\juice\test\juice.test.js,1,2297
3172,CallExpression,nan,2,-1,-1,281,2,281,87,packages\juice\test\juice.test.js,1,2298
3173,CallExpression,nan,2,-1,-1,282,2,282,81,packages\juice\test\juice.test.js,1,2299
3174,CallExpression,nan,2,-1,-1,283,2,283,77,packages\juice\test\juice.test.js,1,2300
3175,AssignmentExpression,nan,-1,-1,-1,286,2,289,3,packages\juice\test\juice.test.js,1,2301
3176,CallExpression,nan,2,-1,-1,290,2,290,79,packages\juice\test\juice.test.js,1,2302
3177,CallExpression,nan,2,-1,-1,291,2,291,81,packages\juice\test\juice.test.js,1,2303
3178,AssignmentExpression,nan,-1,-1,-1,294,2,297,3,packages\juice\test\juice.test.js,1,2304
3179,CallExpression,nan,2,-1,-1,298,2,298,79,packages\juice\test\juice.test.js,1,2305
3180,CallExpression,nan,2,-1,-1,299,2,299,81,packages\juice\test\juice.test.js,1,2306
3181,AssignmentExpression,nan,-1,-1,-1,302,2,305,3,packages\juice\test\juice.test.js,1,2307
3182,CallExpression,nan,2,-1,-1,306,2,306,87,packages\juice\test\juice.test.js,1,2308
3183,CallExpression,nan,2,-1,-1,307,2,307,78,packages\juice\test\juice.test.js,1,2309
3184,CallExpression,nan,2,-1,-1,308,2,308,81,packages\juice\test\juice.test.js,1,2310
3185,AssignmentExpression,nan,-1,-1,-1,311,2,314,3,packages\juice\test\juice.test.js,1,2311
3186,CallExpression,nan,2,-1,-1,315,2,315,82,packages\juice\test\juice.test.js,1,2312
3187,AssignmentExpression,nan,-1,-1,-1,318,2,321,3,packages\juice\test\juice.test.js,1,2313
3188,CallExpression,nan,2,-1,-1,322,2,322,93,packages\juice\test\juice.test.js,1,2314
3189,CallExpression,nan,2,-1,-1,324,2,324,76,packages\juice\test\juice.test.js,1,2315
3190,CallExpression,nan,2,-1,-1,325,2,325,111,packages\juice\test\juice.test.js,1,2316
3191,AssignmentExpression,nan,-1,-1,-1,328,2,335,3,packages\juice\test\juice.test.js,1,2317
3192,CallExpression,nan,2,-1,-1,336,2,336,101,packages\juice\test\juice.test.js,1,2318
3193,CallExpression,nan,2,-1,-1,337,2,337,76,packages\juice\test\juice.test.js,1,2319
3194,CallExpression,nan,2,-1,-1,338,2,338,83,packages\juice\test\juice.test.js,1,2320
3195,CallExpression,nan,2,-1,-1,339,2,339,132,packages\juice\test\juice.test.js,1,2321
3196,CallExpression,nan,2,-1,-1,340,2,340,77,packages\juice\test\juice.test.js,1,2322
3197,AssignmentExpression,nan,-1,-1,-1,343,2,346,3,packages\juice\test\juice.test.js,1,2323
3198,CallExpression,nan,2,-1,-1,348,2,348,104,packages\juice\test\juice.test.js,1,2324
3199,AssignmentExpression,nan,-1,-1,-1,352,2,355,3,packages\juice\test\juice.test.js,1,2325
3200,CallExpression,nan,2,-1,-1,356,2,356,87,packages\juice\test\juice.test.js,1,2326
3201,CallExpression,nan,2,-1,-1,357,2,357,112,packages\juice\test\juice.test.js,1,2327
3202,CallExpression,nan,2,-1,-1,358,2,358,81,packages\juice\test\juice.test.js,1,2328
3203,AssignmentExpression,nan,-1,-1,-1,361,2,364,3,packages\juice\test\juice.test.js,1,2329
3204,CallExpression,nan,2,-1,-1,365,2,365,84,packages\juice\test\juice.test.js,1,2330
3205,CallExpression,nan,2,-1,-1,366,2,366,83,packages\juice\test\juice.test.js,1,2331
3206,CallExpression,nan,2,-1,-1,367,2,367,84,packages\juice\test\juice.test.js,1,2332
3207,CallExpression,nan,2,-1,-1,368,2,368,94,packages\juice\test\juice.test.js,1,2333
3208,CallExpression,nan,2,-1,-1,369,2,369,77,packages\juice\test\juice.test.js,1,2334
3209,AssignmentExpression,nan,-1,-1,-1,372,2,375,3,packages\juice\test\juice.test.js,1,2335
3210,CallExpression,nan,2,-1,-1,376,2,376,96,packages\juice\test\juice.test.js,1,2336
3211,CallExpression,nan,2,-1,-1,377,2,377,109,packages\juice\test\juice.test.js,1,2337
3212,CallExpression,nan,2,-1,-1,378,2,378,88,packages\juice\test\juice.test.js,1,2338
3213,AssignmentExpression,nan,-1,-1,-1,381,2,397,3,packages\juice\test\juice.test.js,1,2339
3214,CallExpression,nan,2,-1,-1,399,2,399,87,packages\juice\test\juice.test.js,1,2340
3215,CallExpression,nan,2,-1,-1,400,2,403,3,packages\juice\test\juice.test.js,1,2341
3216,CallExpression,nan,2,-1,-1,404,2,404,90,packages\juice\test\juice.test.js,1,2342
3217,CallExpression,nan,2,-1,-1,405,2,405,125,packages\juice\test\juice.test.js,1,2343
3218,CallExpression,nan,2,-1,-1,406,2,406,101,packages\juice\test\juice.test.js,1,2344
3219,CallExpression,nan,2,-1,-1,413,2,416,3,packages\juice\test\juice.test.js,1,2345
3220,CallExpression,nan,1,-1,-1,430,2,430,50,packages\juice\test\juice.test.js,1,2346
3221,CallExpression,nan,1,-1,-1,431,2,431,52,packages\juice\test\juice.test.js,1,2347
3222,CallExpression,nan,1,-1,-1,432,2,432,44,packages\juice\test\juice.test.js,1,2348
3223,CallExpression,nan,1,-1,-1,448,2,448,42,packages\juice\test\juice.test.js,1,2349
3224,CallExpression,nan,1,-1,-1,449,2,449,47,packages\juice\test\juice.test.js,1,2350
3225,CallExpression,nan,1,-1,-1,450,2,450,44,packages\juice\test\juice.test.js,1,2351
3226,CallExpression,nan,1,-1,-1,469,2,469,50,packages\juice\test\juice.test.js,1,2352
3227,CallExpression,nan,1,-1,-1,470,2,470,53,packages\juice\test\juice.test.js,1,2353
3228,CallExpression,nan,1,-1,-1,471,2,471,44,packages\juice\test\juice.test.js,1,2354
3229,CallExpression,nan,1,-1,-1,472,2,472,45,packages\juice\test\juice.test.js,1,2355
3230,CallExpression,nan,1,-1,-1,497,2,497,39,packages\juice\test\juice.test.js,1,2356
3231,CallExpression,nan,1,-1,-1,498,2,498,57,packages\juice\test\juice.test.js,1,2357
3232,CallExpression,nan,1,-1,-1,499,2,499,56,packages\juice\test\juice.test.js,1,2358
3233,CallExpression,nan,1,-1,-1,523,2,523,50,packages\juice\test\juice.test.js,1,2359
3234,CallExpression,nan,1,-1,-1,525,2,525,39,packages\juice\test\juice.test.js,1,2360
3235,CallExpression,nan,1,-1,-1,526,2,526,40,packages\juice\test\juice.test.js,1,2361
3236,CallExpression,nan,1,-1,-1,551,2,551,42,packages\juice\test\juice.test.js,1,2362
3237,CallExpression,nan,1,-1,-1,552,2,552,47,packages\juice\test\juice.test.js,1,2363
3238,CallExpression,nan,1,-1,-1,554,2,554,39,packages\juice\test\juice.test.js,1,2364
3239,CallExpression,nan,1,-1,-1,555,2,555,37,packages\juice\test\juice.test.js,1,2365
3240,CallExpression,nan,1,-1,-1,556,2,556,49,packages\juice\test\juice.test.js,1,2366
3241,CallExpression,nan,2,-1,-1,566,2,569,3,packages\juice\test\juice.test.js,1,2367
3242,AssignmentExpression,nan,-1,-1,-1,572,2,581,3,packages\juice\test\juice.test.js,1,2368
3243,CallExpression,nan,2,-1,-1,583,2,586,3,packages\juice\test\juice.test.js,1,2369
3244,AssignmentExpression,nan,-1,-1,-1,589,2,597,3,packages\juice\test\juice.test.js,1,2370
3245,CallExpression,nan,2,-1,-1,599,2,602,3,packages\juice\test\juice.test.js,1,2371
3246,AssignmentExpression,nan,-1,-1,-1,605,2,617,3,packages\juice\test\juice.test.js,1,2372
3247,CallExpression,nan,2,-1,-1,619,2,622,3,packages\juice\test\juice.test.js,1,2373
3248,AssignmentExpression,nan,-1,-1,-1,625,2,628,3,packages\juice\test\juice.test.js,1,2374
3249,CallExpression,nan,2,-1,-1,629,2,629,94,packages\juice\test\juice.test.js,1,2375
3250,CallExpression,nan,2,-1,-1,630,2,630,83,packages\juice\test\juice.test.js,1,2376
3251,AssignmentExpression,nan,-1,-1,-1,633,2,636,3,packages\juice\test\juice.test.js,1,2377
3252,CallExpression,nan,2,-1,-1,638,2,641,3,packages\juice\test\juice.test.js,1,2378
3253,AssignmentExpression,nan,-1,-1,-1,644,2,652,3,packages\juice\test\juice.test.js,1,2379
3254,CallExpression,nan,2,-1,-1,654,2,657,3,packages\juice\test\juice.test.js,1,2380
3255,CallExpression,nan,1,-1,-1,28,19,28,32,packages\juice\test\juice.test.js,1,2381
3256,ArrayExpression,nan,-1,-1,-1,28,33,28,39,packages\juice\test\juice.test.js,1,2382
3257,MemberExpression,nan,-1,-1,-1,28,2,28,18,packages\juice\test\juice.test.js,1,2383
3258,CallExpression,nan,1,-1,-1,29,19,29,36,packages\juice\test\juice.test.js,1,2384
3259,ArrayExpression,nan,-1,-1,-1,29,37,29,49,packages\juice\test\juice.test.js,1,2385
3260,MemberExpression,nan,-1,-1,-1,29,2,29,18,packages\juice\test\juice.test.js,1,2386
3261,CallExpression,nan,1,-1,-1,30,19,30,37,packages\juice\test\juice.test.js,1,2387
3262,ArrayExpression,nan,-1,-1,-1,30,38,30,50,packages\juice\test\juice.test.js,1,2388
3263,MemberExpression,nan,-1,-1,-1,30,2,30,18,packages\juice\test\juice.test.js,1,2389
3264,CallExpression,nan,1,-1,-1,31,19,31,43,packages\juice\test\juice.test.js,1,2390
3265,ArrayExpression,nan,-1,-1,-1,31,44,31,63,packages\juice\test\juice.test.js,1,2391
3266,MemberExpression,nan,-1,-1,-1,31,2,31,18,packages\juice\test\juice.test.js,1,2392
3267,CallExpression,nan,1,-1,-1,32,19,32,62,packages\juice\test\juice.test.js,1,2393
3268,ArrayExpression,nan,-1,-1,-1,32,63,32,105,packages\juice\test\juice.test.js,1,2394
3269,MemberExpression,nan,-1,-1,-1,32,2,32,18,packages\juice\test\juice.test.js,1,2395
3270,CallExpression,nan,1,-1,-1,33,19,33,45,packages\juice\test\juice.test.js,1,2396
3271,ArrayExpression,nan,-1,-1,-1,33,46,33,65,packages\juice\test\juice.test.js,1,2397
3272,MemberExpression,nan,-1,-1,-1,33,2,33,18,packages\juice\test\juice.test.js,1,2398
3273,CallExpression,nan,1,-1,-1,34,19,34,49,packages\juice\test\juice.test.js,1,2399
3274,ArrayExpression,nan,-1,-1,-1,34,50,34,75,packages\juice\test\juice.test.js,1,2400
3275,MemberExpression,nan,-1,-1,-1,34,2,34,18,packages\juice\test\juice.test.js,1,2401
3276,CallExpression,nan,1,-1,-1,35,19,35,58,packages\juice\test\juice.test.js,1,2402
3277,ArrayExpression,nan,-1,-1,-1,35,59,35,93,packages\juice\test\juice.test.js,1,2403
3278,MemberExpression,nan,-1,-1,-1,35,2,35,18,packages\juice\test\juice.test.js,1,2404
3279,CallExpression,nan,1,-1,-1,36,19,36,63,packages\juice\test\juice.test.js,1,2405
3280,ArrayExpression,nan,-1,-1,-1,36,64,36,103,packages\juice\test\juice.test.js,1,2406
3281,MemberExpression,nan,-1,-1,-1,36,2,36,18,packages\juice\test\juice.test.js,1,2407
3282,CallExpression,nan,2,-1,-1,42,19,42,54,packages\juice\test\juice.test.js,1,2408
3283,ArrayExpression,nan,-1,-1,-1,42,55,42,67,packages\juice\test\juice.test.js,1,2409
3284,MemberExpression,nan,-1,-1,-1,42,2,42,18,packages\juice\test\juice.test.js,1,2410
3285,CallExpression,nan,2,-1,-1,43,19,43,54,packages\juice\test\juice.test.js,1,2411
3286,ArrayExpression,nan,-1,-1,-1,43,55,43,67,packages\juice\test\juice.test.js,1,2412
3287,MemberExpression,nan,-1,-1,-1,43,2,43,18,packages\juice\test\juice.test.js,1,2413
3288,CallExpression,nan,2,-1,-1,47,19,47,43,packages\juice\test\juice.test.js,1,2414
3289,Identifier,b,-1,-1,-1,47,44,47,45,packages\juice\test\juice.test.js,1,2415
3290,MemberExpression,nan,-1,-1,-1,47,2,47,18,packages\juice\test\juice.test.js,1,2416
3291,CallExpression,nan,2,-1,-1,49,19,49,55,packages\juice\test\juice.test.js,1,2417
3292,ArrayExpression,nan,-1,-1,-1,49,56,49,69,packages\juice\test\juice.test.js,1,2418
3293,MemberExpression,nan,-1,-1,-1,49,2,49,18,packages\juice\test\juice.test.js,1,2419
3294,CallExpression,nan,2,-1,-1,50,19,50,55,packages\juice\test\juice.test.js,1,2420
3295,ArrayExpression,nan,-1,-1,-1,50,56,50,69,packages\juice\test\juice.test.js,1,2421
3296,MemberExpression,nan,-1,-1,-1,50,2,50,18,packages\juice\test\juice.test.js,1,2422
3297,CallExpression,nan,2,-1,-1,52,19,52,56,packages\juice\test\juice.test.js,1,2423
3298,ArrayExpression,nan,-1,-1,-1,52,57,52,69,packages\juice\test\juice.test.js,1,2424
3299,MemberExpression,nan,-1,-1,-1,52,2,52,18,packages\juice\test\juice.test.js,1,2425
3300,CallExpression,nan,2,-1,-1,53,19,53,56,packages\juice\test\juice.test.js,1,2426
3301,ArrayExpression,nan,-1,-1,-1,53,57,53,69,packages\juice\test\juice.test.js,1,2427
3302,MemberExpression,nan,-1,-1,-1,53,2,53,18,packages\juice\test\juice.test.js,1,2428
3303,CallExpression,nan,2,-1,-1,55,19,55,55,packages\juice\test\juice.test.js,1,2429
3304,ArrayExpression,nan,-1,-1,-1,55,56,55,69,packages\juice\test\juice.test.js,1,2430
3305,MemberExpression,nan,-1,-1,-1,55,2,55,18,packages\juice\test\juice.test.js,1,2431
3306,CallExpression,nan,2,-1,-1,56,19,56,55,packages\juice\test\juice.test.js,1,2432
3307,ArrayExpression,nan,-1,-1,-1,56,56,56,69,packages\juice\test\juice.test.js,1,2433
3308,MemberExpression,nan,-1,-1,-1,56,2,56,18,packages\juice\test\juice.test.js,1,2434
3309,ReturnStatement,nan,1,-1,-1,61,4,61,48,packages\juice\test\juice.test.js,1,2435
3310,CallExpression,nan,1,-1,-1,64,19,64,32,packages\juice\test\juice.test.js,1,2436
3311,ArrayExpression,nan,-1,-1,-1,64,33,64,45,packages\juice\test\juice.test.js,1,2437
3312,MemberExpression,nan,-1,-1,-1,64,2,64,18,packages\juice\test\juice.test.js,1,2438
3313,CallExpression,nan,1,-1,-1,65,19,65,35,packages\juice\test\juice.test.js,1,2439
3314,ArrayExpression,nan,-1,-1,-1,65,36,65,48,packages\juice\test\juice.test.js,1,2440
3315,MemberExpression,nan,-1,-1,-1,65,2,65,18,packages\juice\test\juice.test.js,1,2441
3316,CallExpression,nan,1,-1,-1,66,19,66,35,packages\juice\test\juice.test.js,1,2442
3317,ArrayExpression,nan,-1,-1,-1,66,36,66,48,packages\juice\test\juice.test.js,1,2443
3318,MemberExpression,nan,-1,-1,-1,66,2,66,18,packages\juice\test\juice.test.js,1,2444
3319,CallExpression,nan,1,-1,-1,67,19,67,44,packages\juice\test\juice.test.js,1,2445
3320,ArrayExpression,nan,-1,-1,-1,67,45,67,57,packages\juice\test\juice.test.js,1,2446
3321,MemberExpression,nan,-1,-1,-1,67,2,67,18,packages\juice\test\juice.test.js,1,2447
3322,CallExpression,nan,1,-1,-1,68,19,68,37,packages\juice\test\juice.test.js,1,2448
3323,ArrayExpression,nan,-1,-1,-1,68,38,68,50,packages\juice\test\juice.test.js,1,2449
3324,MemberExpression,nan,-1,-1,-1,68,2,68,18,packages\juice\test\juice.test.js,1,2450
3325,CallExpression,nan,1,-1,-1,69,19,69,49,packages\juice\test\juice.test.js,1,2451
3326,ArrayExpression,nan,-1,-1,-1,69,50,69,62,packages\juice\test\juice.test.js,1,2452
3327,MemberExpression,nan,-1,-1,-1,69,2,69,18,packages\juice\test\juice.test.js,1,2453
3328,CallExpression,nan,1,-1,-1,70,19,70,38,packages\juice\test\juice.test.js,1,2454
3329,ArrayExpression,nan,-1,-1,-1,70,40,70,52,packages\juice\test\juice.test.js,1,2455
3330,MemberExpression,nan,-1,-1,-1,70,2,70,18,packages\juice\test\juice.test.js,1,2456
3331,CallExpression,nan,1,-1,-1,71,19,71,28,packages\juice\test\juice.test.js,1,2457
3332,ArrayExpression,nan,-1,-1,-1,71,29,71,41,packages\juice\test\juice.test.js,1,2458
3333,MemberExpression,nan,-1,-1,-1,71,2,71,18,packages\juice\test\juice.test.js,1,2459
3334,CallExpression,nan,1,-1,-1,72,19,72,32,packages\juice\test\juice.test.js,1,2460
3335,ArrayExpression,nan,-1,-1,-1,72,33,72,45,packages\juice\test\juice.test.js,1,2461
3336,MemberExpression,nan,-1,-1,-1,72,2,72,18,packages\juice\test\juice.test.js,1,2462
3337,CallExpression,nan,1,-1,-1,73,19,73,34,packages\juice\test\juice.test.js,1,2463
3338,ArrayExpression,nan,-1,-1,-1,73,35,73,47,packages\juice\test\juice.test.js,1,2464
3339,MemberExpression,nan,-1,-1,-1,73,2,73,18,packages\juice\test\juice.test.js,1,2465
3340,CallExpression,nan,1,-1,-1,74,19,74,46,packages\juice\test\juice.test.js,1,2466
3341,ArrayExpression,nan,-1,-1,-1,74,47,74,59,packages\juice\test\juice.test.js,1,2467
3342,MemberExpression,nan,-1,-1,-1,74,2,74,18,packages\juice\test\juice.test.js,1,2468
3343,CallExpression,nan,1,-1,-1,76,19,76,32,packages\juice\test\juice.test.js,1,2469
3344,ArrayExpression,nan,-1,-1,-1,76,33,76,45,packages\juice\test\juice.test.js,1,2470
3345,MemberExpression,nan,-1,-1,-1,76,2,76,18,packages\juice\test\juice.test.js,1,2471
3346,CallExpression,nan,1,-1,-1,77,19,77,41,packages\juice\test\juice.test.js,1,2472
3347,ArrayExpression,nan,-1,-1,-1,77,42,77,54,packages\juice\test\juice.test.js,1,2473
3348,MemberExpression,nan,-1,-1,-1,77,2,77,18,packages\juice\test\juice.test.js,1,2474
3349,CallExpression,nan,1,-1,-1,78,19,78,38,packages\juice\test\juice.test.js,1,2475
3350,ArrayExpression,nan,-1,-1,-1,78,39,78,51,packages\juice\test\juice.test.js,1,2476
3351,MemberExpression,nan,-1,-1,-1,78,2,78,18,packages\juice\test\juice.test.js,1,2477
3352,ReturnStatement,nan,1,-1,-1,84,4,84,49,packages\juice\test\juice.test.js,1,2478
3353,CallExpression,nan,1,-1,-1,90,19,90,31,packages\juice\test\juice.test.js,1,2479
3354,Identifier,b,-1,-1,-1,90,32,90,33,packages\juice\test\juice.test.js,1,2480
3355,MemberExpression,nan,-1,-1,-1,90,2,90,18,packages\juice\test\juice.test.js,1,2481
3356,Identifier,a,-1,-1,-1,92,2,92,3,packages\juice\test\juice.test.js,1,2482
3357,CallExpression,nan,3,-1,-1,92,6,92,43,packages\juice\test\juice.test.js,1,2483
3358,Identifier,b,-1,-1,-1,93,2,93,3,packages\juice\test\juice.test.js,1,2484
3359,CallExpression,nan,3,-1,-1,93,6,93,47,packages\juice\test\juice.test.js,1,2485
3360,CallExpression,nan,1,-1,-1,95,19,95,31,packages\juice\test\juice.test.js,1,2486
3361,Identifier,a,-1,-1,-1,95,32,95,33,packages\juice\test\juice.test.js,1,2487
3362,MemberExpression,nan,-1,-1,-1,95,2,95,18,packages\juice\test\juice.test.js,1,2488
3363,Identifier,a,-1,-1,-1,97,2,97,3,packages\juice\test\juice.test.js,1,2489
3364,CallExpression,nan,3,-1,-1,97,6,97,48,packages\juice\test\juice.test.js,1,2490
3365,Identifier,b,-1,-1,-1,98,2,98,3,packages\juice\test\juice.test.js,1,2491
3366,CallExpression,nan,3,-1,-1,98,6,98,50,packages\juice\test\juice.test.js,1,2492
3367,CallExpression,nan,1,-1,-1,100,19,100,31,packages\juice\test\juice.test.js,1,2493
3368,Identifier,b,-1,-1,-1,100,32,100,33,packages\juice\test\juice.test.js,1,2494
3369,MemberExpression,nan,-1,-1,-1,100,2,100,18,packages\juice\test\juice.test.js,1,2495
3370,CallExpression,nan,0,-1,-1,106,15,106,27,packages\juice\test\juice.test.js,1,2496
3372,MemberExpression,nan,-1,-1,-1,106,2,106,14,packages\juice\test\juice.test.js,1,2497
3373,MemberExpression,nan,-1,-1,-1,117,15,117,19,packages\juice\test\juice.test.js,1,2498
3375,MemberExpression,nan,-1,-1,-1,117,2,117,14,packages\juice\test\juice.test.js,1,2499
3376,MemberExpression,nan,-1,-1,-1,118,19,118,28,packages\juice\test\juice.test.js,1,2500
3377,ObjectExpression,nan,-1,-1,-1,118,29,118,140,packages\juice\test\juice.test.js,1,2501
3378,MemberExpression,nan,-1,-1,-1,118,2,118,18,packages\juice\test\juice.test.js,1,2502
3379,MemberExpression,nan,-1,-1,-1,119,15,119,26,packages\juice\test\juice.test.js,1,2503
3381,MemberExpression,nan,-1,-1,-1,119,2,119,14,packages\juice\test\juice.test.js,1,2504
3382,MemberExpression,nan,-1,-1,-1,120,19,120,23,packages\juice\test\juice.test.js,1,2505
3383,MemberExpression,nan,-1,-1,-1,120,24,120,28,packages\juice\test\juice.test.js,1,2506
3384,MemberExpression,nan,-1,-1,-1,120,2,120,18,packages\juice\test\juice.test.js,1,2507
3385,MemberExpression,nan,-1,-1,-1,139,19,139,23,packages\juice\test\juice.test.js,1,2508
3386,MemberExpression,nan,-1,-1,-1,139,24,139,28,packages\juice\test\juice.test.js,1,2509
3387,MemberExpression,nan,-1,-1,-1,139,2,139,18,packages\juice\test\juice.test.js,1,2510
3388,MemberExpression,nan,-1,-1,-1,140,15,140,26,packages\juice\test\juice.test.js,1,2511
3389,MemberExpression,nan,-1,-1,-1,140,27,140,38,packages\juice\test\juice.test.js,1,2512
3390,MemberExpression,nan,-1,-1,-1,140,2,140,14,packages\juice\test\juice.test.js,1,2513
3391,MemberExpression,nan,-1,-1,-1,141,15,141,27,packages\juice\test\juice.test.js,1,2514
3392,MemberExpression,nan,-1,-1,-1,141,28,141,40,packages\juice\test\juice.test.js,1,2515
3393,MemberExpression,nan,-1,-1,-1,141,2,141,14,packages\juice\test\juice.test.js,1,2516
3394,MemberExpression,nan,-1,-1,-1,145,2,145,26,packages\juice\test\juice.test.js,1,2517
3395,ArrayExpression,nan,-1,-1,-1,145,29,145,55,packages\juice\test\juice.test.js,1,2518
3396,CallExpression,nan,2,-1,-1,147,4,150,5,packages\juice\test\juice.test.js,1,2519
3398,MemberExpression,nan,-1,-1,-1,146,2,146,18,packages\juice\test\juice.test.js,1,2520
3399,MemberExpression,nan,-1,-1,-1,154,2,154,26,packages\juice\test\juice.test.js,1,2521
3400,ArrayExpression,nan,-1,-1,-1,154,29,154,31,packages\juice\test\juice.test.js,1,2522
3401,CallExpression,nan,2,-1,-1,159,4,159,69,packages\juice\test\juice.test.js,1,2523
3403,MemberExpression,nan,-1,-1,-1,158,2,158,18,packages\juice\test\juice.test.js,1,2524
3404,CallExpression,nan,2,-1,-1,165,4,165,106,packages\juice\test\juice.test.js,1,2525
3406,MemberExpression,nan,-1,-1,-1,164,2,164,18,packages\juice\test\juice.test.js,1,2526
3407,CallExpression,nan,2,-1,-1,171,6,172,92,packages\juice\test\juice.test.js,1,2527
3409,MemberExpression,nan,-1,-1,-1,170,2,170,18,packages\juice\test\juice.test.js,1,2528
3410,CallExpression,nan,2,-1,-1,178,6,178,85,packages\juice\test\juice.test.js,1,2529
3412,MemberExpression,nan,-1,-1,-1,177,2,177,18,packages\juice\test\juice.test.js,1,2530
3413,CallExpression,nan,2,-1,-1,184,6,184,96,packages\juice\test\juice.test.js,1,2531
3415,MemberExpression,nan,-1,-1,-1,183,2,183,18,packages\juice\test\juice.test.js,1,2532
3416,CallExpression,nan,2,-1,-1,190,6,190,107,packages\juice\test\juice.test.js,1,2533
3418,MemberExpression,nan,-1,-1,-1,189,2,189,18,packages\juice\test\juice.test.js,1,2534
3419,CallExpression,nan,2,-1,-1,196,6,196,221,packages\juice\test\juice.test.js,1,2535
3421,MemberExpression,nan,-1,-1,-1,195,2,195,18,packages\juice\test\juice.test.js,1,2536
3422,FunctionExpression,nan,-1,0,0,202,16,206,3,packages\juice\test\juice.test.js,1,2537
3423,MemberExpression,nan,-1,-1,-1,202,2,202,15,packages\juice\test\juice.test.js,1,2538
3424,CallExpression,nan,2,-1,-1,210,4,213,5,packages\juice\test\juice.test.js,1,2539
3426,MemberExpression,nan,-1,-1,-1,209,2,209,18,packages\juice\test\juice.test.js,1,2540
3427,CallExpression,nan,2,-1,-1,221,4,221,124,packages\juice\test\juice.test.js,1,2541
3429,MemberExpression,nan,-1,-1,-1,220,2,220,18,packages\juice\test\juice.test.js,1,2542
3430,CallExpression,nan,2,-1,-1,227,4,227,119,packages\juice\test\juice.test.js,1,2543
3432,MemberExpression,nan,-1,-1,-1,226,2,226,18,packages\juice\test\juice.test.js,1,2544
3433,CallExpression,nan,3,-1,-1,233,4,233,156,packages\juice\test\juice.test.js,1,2545
3435,MemberExpression,nan,-1,-1,-1,232,2,232,18,packages\juice\test\juice.test.js,1,2546
3436,CallExpression,nan,3,-1,-1,239,4,239,192,packages\juice\test\juice.test.js,1,2547
3438,MemberExpression,nan,-1,-1,-1,238,2,238,18,packages\juice\test\juice.test.js,1,2548
3439,CallExpression,nan,2,-1,-1,245,4,245,161,packages\juice\test\juice.test.js,1,2549
3441,MemberExpression,nan,-1,-1,-1,244,2,244,18,packages\juice\test\juice.test.js,1,2550
3442,CallExpression,nan,3,-1,-1,251,4,251,198,packages\juice\test\juice.test.js,1,2551
3444,MemberExpression,nan,-1,-1,-1,250,2,250,18,packages\juice\test\juice.test.js,1,2552
3445,CallExpression,nan,3,-1,-1,257,4,257,164,packages\juice\test\juice.test.js,1,2553
3447,MemberExpression,nan,-1,-1,-1,256,2,256,18,packages\juice\test\juice.test.js,1,2554
3450,MemberExpression,nan,-1,-1,-1,268,2,268,11,packages\juice\test\juice.test.js,1,2555
3453,MemberExpression,nan,-1,-1,-1,269,2,269,11,packages\juice\test\juice.test.js,1,2556
3456,MemberExpression,nan,-1,-1,-1,270,2,270,11,packages\juice\test\juice.test.js,1,2557
3457,LogicalExpression,nan,-1,-1,-1,271,12,271,96,packages\juice\test\juice.test.js,1,2558
3459,MemberExpression,nan,-1,-1,-1,271,2,271,11,packages\juice\test\juice.test.js,1,2559
3462,MemberExpression,nan,-1,-1,-1,272,2,272,11,packages\juice\test\juice.test.js,1,2560
3463,Identifier,result,-1,-1,-1,275,2,275,8,packages\juice\test\juice.test.js,1,2561
3464,CallExpression,nan,2,-1,-1,275,11,278,3,packages\juice\test\juice.test.js,1,2562
3467,MemberExpression,nan,-1,-1,-1,279,2,279,11,packages\juice\test\juice.test.js,1,2563
3470,MemberExpression,nan,-1,-1,-1,280,2,280,11,packages\juice\test\juice.test.js,1,2564
3473,MemberExpression,nan,-1,-1,-1,281,2,281,11,packages\juice\test\juice.test.js,1,2565
3476,MemberExpression,nan,-1,-1,-1,282,2,282,11,packages\juice\test\juice.test.js,1,2566
3479,MemberExpression,nan,-1,-1,-1,283,2,283,11,packages\juice\test\juice.test.js,1,2567
3480,Identifier,result,-1,-1,-1,286,2,286,8,packages\juice\test\juice.test.js,1,2568
3481,CallExpression,nan,2,-1,-1,286,11,289,3,packages\juice\test\juice.test.js,1,2569
3484,MemberExpression,nan,-1,-1,-1,290,2,290,11,packages\juice\test\juice.test.js,1,2570
3487,MemberExpression,nan,-1,-1,-1,291,2,291,11,packages\juice\test\juice.test.js,1,2571
3488,Identifier,result,-1,-1,-1,294,2,294,8,packages\juice\test\juice.test.js,1,2572
3489,CallExpression,nan,2,-1,-1,294,11,297,3,packages\juice\test\juice.test.js,1,2573
3492,MemberExpression,nan,-1,-1,-1,298,2,298,11,packages\juice\test\juice.test.js,1,2574
3495,MemberExpression,nan,-1,-1,-1,299,2,299,11,packages\juice\test\juice.test.js,1,2575
3496,Identifier,result,-1,-1,-1,302,2,302,8,packages\juice\test\juice.test.js,1,2576
3497,CallExpression,nan,2,-1,-1,302,11,305,3,packages\juice\test\juice.test.js,1,2577
3500,MemberExpression,nan,-1,-1,-1,306,2,306,11,packages\juice\test\juice.test.js,1,2578
3503,MemberExpression,nan,-1,-1,-1,307,2,307,11,packages\juice\test\juice.test.js,1,2579
3506,MemberExpression,nan,-1,-1,-1,308,2,308,11,packages\juice\test\juice.test.js,1,2580
3507,Identifier,result,-1,-1,-1,311,2,311,8,packages\juice\test\juice.test.js,1,2581
3508,CallExpression,nan,2,-1,-1,311,11,314,3,packages\juice\test\juice.test.js,1,2582
3511,MemberExpression,nan,-1,-1,-1,315,2,315,11,packages\juice\test\juice.test.js,1,2583
3512,Identifier,result,-1,-1,-1,318,2,318,8,packages\juice\test\juice.test.js,1,2584
3513,CallExpression,nan,2,-1,-1,318,11,321,3,packages\juice\test\juice.test.js,1,2585
3516,MemberExpression,nan,-1,-1,-1,322,2,322,11,packages\juice\test\juice.test.js,1,2586
3519,MemberExpression,nan,-1,-1,-1,324,2,324,11,packages\juice\test\juice.test.js,1,2587
3520,LogicalExpression,nan,-1,-1,-1,325,12,325,67,packages\juice\test\juice.test.js,1,2588
3522,MemberExpression,nan,-1,-1,-1,325,2,325,11,packages\juice\test\juice.test.js,1,2589
3523,Identifier,result,-1,-1,-1,328,2,328,8,packages\juice\test\juice.test.js,1,2590
3524,CallExpression,nan,2,-1,-1,328,11,335,3,packages\juice\test\juice.test.js,1,2591
3527,MemberExpression,nan,-1,-1,-1,336,2,336,11,packages\juice\test\juice.test.js,1,2592
3530,MemberExpression,nan,-1,-1,-1,337,2,337,11,packages\juice\test\juice.test.js,1,2593
3533,MemberExpression,nan,-1,-1,-1,338,2,338,11,packages\juice\test\juice.test.js,1,2594
3534,LogicalExpression,nan,-1,-1,-1,339,12,339,96,packages\juice\test\juice.test.js,1,2595
3536,MemberExpression,nan,-1,-1,-1,339,2,339,11,packages\juice\test\juice.test.js,1,2596
3539,MemberExpression,nan,-1,-1,-1,340,2,340,11,packages\juice\test\juice.test.js,1,2597
3540,Identifier,result,-1,-1,-1,343,2,343,8,packages\juice\test\juice.test.js,1,2598
3541,CallExpression,nan,2,-1,-1,343,11,346,3,packages\juice\test\juice.test.js,1,2599
3544,MemberExpression,nan,-1,-1,-1,348,2,348,11,packages\juice\test\juice.test.js,1,2600
3545,Identifier,result,-1,-1,-1,352,2,352,8,packages\juice\test\juice.test.js,1,2601
3546,CallExpression,nan,2,-1,-1,352,11,355,3,packages\juice\test\juice.test.js,1,2602
3549,MemberExpression,nan,-1,-1,-1,356,2,356,11,packages\juice\test\juice.test.js,1,2603
3552,MemberExpression,nan,-1,-1,-1,357,2,357,11,packages\juice\test\juice.test.js,1,2604
3555,MemberExpression,nan,-1,-1,-1,358,2,358,11,packages\juice\test\juice.test.js,1,2605
3556,Identifier,result,-1,-1,-1,361,2,361,8,packages\juice\test\juice.test.js,1,2606
3557,CallExpression,nan,2,-1,-1,361,11,364,3,packages\juice\test\juice.test.js,1,2607
3560,MemberExpression,nan,-1,-1,-1,365,2,365,11,packages\juice\test\juice.test.js,1,2608
3563,MemberExpression,nan,-1,-1,-1,366,2,366,11,packages\juice\test\juice.test.js,1,2609
3566,MemberExpression,nan,-1,-1,-1,367,2,367,11,packages\juice\test\juice.test.js,1,2610
3569,MemberExpression,nan,-1,-1,-1,368,2,368,11,packages\juice\test\juice.test.js,1,2611
3572,MemberExpression,nan,-1,-1,-1,369,2,369,11,packages\juice\test\juice.test.js,1,2612
3573,Identifier,result,-1,-1,-1,372,2,372,8,packages\juice\test\juice.test.js,1,2613
3574,CallExpression,nan,2,-1,-1,372,11,375,3,packages\juice\test\juice.test.js,1,2614
3577,MemberExpression,nan,-1,-1,-1,376,2,376,11,packages\juice\test\juice.test.js,1,2615
3580,MemberExpression,nan,-1,-1,-1,377,2,377,11,packages\juice\test\juice.test.js,1,2616
3583,MemberExpression,nan,-1,-1,-1,378,2,378,11,packages\juice\test\juice.test.js,1,2617
3584,Identifier,result,-1,-1,-1,381,2,381,8,packages\juice\test\juice.test.js,1,2618
3585,CallExpression,nan,2,-1,-1,381,11,397,3,packages\juice\test\juice.test.js,1,2619
3588,MemberExpression,nan,-1,-1,-1,399,2,399,11,packages\juice\test\juice.test.js,1,2620
3591,MemberExpression,nan,-1,-1,-1,400,2,400,11,packages\juice\test\juice.test.js,1,2621
3594,MemberExpression,nan,-1,-1,-1,404,2,404,11,packages\juice\test\juice.test.js,1,2622
3597,MemberExpression,nan,-1,-1,-1,405,2,405,11,packages\juice\test\juice.test.js,1,2623
3600,MemberExpression,nan,-1,-1,-1,406,2,406,11,packages\juice\test\juice.test.js,1,2624
3601,CallExpression,nan,2,-1,-1,414,4,414,34,packages\juice\test\juice.test.js,1,2625
3603,MemberExpression,nan,-1,-1,-1,413,2,413,18,packages\juice\test\juice.test.js,1,2626
3604,CallExpression,nan,1,-1,-1,430,12,430,49,packages\juice\test\juice.test.js,1,2627
3605,MemberExpression,nan,-1,-1,-1,430,2,430,11,packages\juice\test\juice.test.js,1,2628
3606,CallExpression,nan,1,-1,-1,431,12,431,51,packages\juice\test\juice.test.js,1,2629
3607,MemberExpression,nan,-1,-1,-1,431,2,431,11,packages\juice\test\juice.test.js,1,2630
3608,UnaryExpression,nan,1,-1,-1,432,12,432,43,packages\juice\test\juice.test.js,1,2631
3609,MemberExpression,nan,-1,-1,-1,432,2,432,11,packages\juice\test\juice.test.js,1,2632
3610,CallExpression,nan,1,-1,-1,448,12,448,41,packages\juice\test\juice.test.js,1,2633
3611,MemberExpression,nan,-1,-1,-1,448,2,448,11,packages\juice\test\juice.test.js,1,2634
3612,CallExpression,nan,1,-1,-1,449,12,449,46,packages\juice\test\juice.test.js,1,2635
3613,MemberExpression,nan,-1,-1,-1,449,2,449,11,packages\juice\test\juice.test.js,1,2636
3614,UnaryExpression,nan,1,-1,-1,450,12,450,43,packages\juice\test\juice.test.js,1,2637
3615,MemberExpression,nan,-1,-1,-1,450,2,450,11,packages\juice\test\juice.test.js,1,2638
3616,CallExpression,nan,1,-1,-1,469,12,469,49,packages\juice\test\juice.test.js,1,2639
3617,MemberExpression,nan,-1,-1,-1,469,2,469,11,packages\juice\test\juice.test.js,1,2640
3618,CallExpression,nan,1,-1,-1,470,12,470,52,packages\juice\test\juice.test.js,1,2641
3619,MemberExpression,nan,-1,-1,-1,470,2,470,11,packages\juice\test\juice.test.js,1,2642
3620,UnaryExpression,nan,1,-1,-1,471,12,471,43,packages\juice\test\juice.test.js,1,2643
3621,MemberExpression,nan,-1,-1,-1,471,2,471,11,packages\juice\test\juice.test.js,1,2644
3622,UnaryExpression,nan,1,-1,-1,472,12,472,44,packages\juice\test\juice.test.js,1,2645
3623,MemberExpression,nan,-1,-1,-1,472,2,472,11,packages\juice\test\juice.test.js,1,2646
3624,CallExpression,nan,1,-1,-1,497,12,497,38,packages\juice\test\juice.test.js,1,2647
3625,MemberExpression,nan,-1,-1,-1,497,2,497,11,packages\juice\test\juice.test.js,1,2648
3626,CallExpression,nan,1,-1,-1,498,12,498,56,packages\juice\test\juice.test.js,1,2649
3627,MemberExpression,nan,-1,-1,-1,498,2,498,11,packages\juice\test\juice.test.js,1,2650
3628,CallExpression,nan,1,-1,-1,499,12,499,55,packages\juice\test\juice.test.js,1,2651
3629,MemberExpression,nan,-1,-1,-1,499,2,499,11,packages\juice\test\juice.test.js,1,2652
3630,CallExpression,nan,1,-1,-1,523,12,523,49,packages\juice\test\juice.test.js,1,2653
3631,MemberExpression,nan,-1,-1,-1,523,2,523,11,packages\juice\test\juice.test.js,1,2654
3632,CallExpression,nan,1,-1,-1,525,12,525,38,packages\juice\test\juice.test.js,1,2655
3633,MemberExpression,nan,-1,-1,-1,525,2,525,11,packages\juice\test\juice.test.js,1,2656
3634,CallExpression,nan,1,-1,-1,526,12,526,39,packages\juice\test\juice.test.js,1,2657
3635,MemberExpression,nan,-1,-1,-1,526,2,526,11,packages\juice\test\juice.test.js,1,2658
3636,CallExpression,nan,1,-1,-1,551,12,551,41,packages\juice\test\juice.test.js,1,2659
3637,MemberExpression,nan,-1,-1,-1,551,2,551,11,packages\juice\test\juice.test.js,1,2660
3638,CallExpression,nan,1,-1,-1,552,12,552,46,packages\juice\test\juice.test.js,1,2661
3639,MemberExpression,nan,-1,-1,-1,552,2,552,11,packages\juice\test\juice.test.js,1,2662
3640,CallExpression,nan,1,-1,-1,554,12,554,38,packages\juice\test\juice.test.js,1,2663
3641,MemberExpression,nan,-1,-1,-1,554,2,554,11,packages\juice\test\juice.test.js,1,2664
3642,CallExpression,nan,1,-1,-1,555,12,555,36,packages\juice\test\juice.test.js,1,2665
3643,MemberExpression,nan,-1,-1,-1,555,2,555,11,packages\juice\test\juice.test.js,1,2666
3644,CallExpression,nan,1,-1,-1,556,12,556,48,packages\juice\test\juice.test.js,1,2667
3645,MemberExpression,nan,-1,-1,-1,556,2,556,11,packages\juice\test\juice.test.js,1,2668
3646,CallExpression,nan,1,-1,-1,567,4,567,23,packages\juice\test\juice.test.js,1,2669
3648,MemberExpression,nan,-1,-1,-1,566,2,566,18,packages\juice\test\juice.test.js,1,2670
3649,Identifier,result,-1,-1,-1,572,2,572,8,packages\juice\test\juice.test.js,1,2671
3650,CallExpression,nan,2,-1,-1,572,11,581,3,packages\juice\test\juice.test.js,1,2672
3651,CallExpression,nan,1,-1,-1,584,4,584,23,packages\juice\test\juice.test.js,1,2673
3653,MemberExpression,nan,-1,-1,-1,583,2,583,18,packages\juice\test\juice.test.js,1,2674
3654,Identifier,result,-1,-1,-1,589,2,589,8,packages\juice\test\juice.test.js,1,2675
3655,CallExpression,nan,2,-1,-1,589,11,597,3,packages\juice\test\juice.test.js,1,2676
3656,CallExpression,nan,1,-1,-1,600,4,600,23,packages\juice\test\juice.test.js,1,2677
3658,MemberExpression,nan,-1,-1,-1,599,2,599,18,packages\juice\test\juice.test.js,1,2678
3659,Identifier,result,-1,-1,-1,605,2,605,8,packages\juice\test\juice.test.js,1,2679
3660,CallExpression,nan,2,-1,-1,605,11,617,3,packages\juice\test\juice.test.js,1,2680
3661,CallExpression,nan,1,-1,-1,620,4,620,23,packages\juice\test\juice.test.js,1,2681
3663,MemberExpression,nan,-1,-1,-1,619,2,619,18,packages\juice\test\juice.test.js,1,2682
3664,Identifier,result,-1,-1,-1,625,2,625,8,packages\juice\test\juice.test.js,1,2683
3665,CallExpression,nan,2,-1,-1,625,11,628,3,packages\juice\test\juice.test.js,1,2684
3668,MemberExpression,nan,-1,-1,-1,629,2,629,11,packages\juice\test\juice.test.js,1,2685
3671,MemberExpression,nan,-1,-1,-1,630,2,630,11,packages\juice\test\juice.test.js,1,2686
3672,Identifier,result,-1,-1,-1,633,2,633,8,packages\juice\test\juice.test.js,1,2687
3673,CallExpression,nan,2,-1,-1,633,11,636,3,packages\juice\test\juice.test.js,1,2688
3674,Identifier,result,-1,-1,-1,639,4,639,10,packages\juice\test\juice.test.js,1,2689
3676,MemberExpression,nan,-1,-1,-1,638,2,638,18,packages\juice\test\juice.test.js,1,2690
3677,Identifier,result,-1,-1,-1,644,2,644,8,packages\juice\test\juice.test.js,1,2691
3678,CallExpression,nan,2,-1,-1,644,11,652,3,packages\juice\test\juice.test.js,1,2692
3679,CallExpression,nan,1,-1,-1,655,4,655,23,packages\juice\test\juice.test.js,1,2693
3681,MemberExpression,nan,-1,-1,-1,654,2,654,18,packages\juice\test\juice.test.js,1,2694
3683,Identifier,extract,-1,-1,-1,28,19,28,26,packages\juice\test\juice.test.js,1,2695
3685,Identifier,extract,-1,-1,-1,29,19,29,26,packages\juice\test\juice.test.js,1,2696
3687,Identifier,extract,-1,-1,-1,30,19,30,26,packages\juice\test\juice.test.js,1,2697
3689,Identifier,extract,-1,-1,-1,31,19,31,26,packages\juice\test\juice.test.js,1,2698
3691,Identifier,extract,-1,-1,-1,32,19,32,26,packages\juice\test\juice.test.js,1,2699
3693,Identifier,extract,-1,-1,-1,33,19,33,26,packages\juice\test\juice.test.js,1,2700
3695,Identifier,extract,-1,-1,-1,34,19,34,26,packages\juice\test\juice.test.js,1,2701
3697,Identifier,extract,-1,-1,-1,35,19,35,26,packages\juice\test\juice.test.js,1,2702
3699,Identifier,extract,-1,-1,-1,36,19,36,26,packages\juice\test\juice.test.js,1,2703
3700,ArrayExpression,nan,-1,-1,-1,42,27,42,39,packages\juice\test\juice.test.js,1,2704
3701,ArrayExpression,nan,-1,-1,-1,42,41,42,53,packages\juice\test\juice.test.js,1,2705
3702,Identifier,compare,-1,-1,-1,42,19,42,26,packages\juice\test\juice.test.js,1,2706
3703,ArrayExpression,nan,-1,-1,-1,43,27,43,39,packages\juice\test\juice.test.js,1,2707
3704,ArrayExpression,nan,-1,-1,-1,43,41,43,53,packages\juice\test\juice.test.js,1,2708
3705,Identifier,compare,-1,-1,-1,43,19,43,26,packages\juice\test\juice.test.js,1,2709
3706,ArrayExpression,nan,-1,-1,-1,47,27,47,39,packages\juice\test\juice.test.js,1,2710
3707,Identifier,b,-1,-1,-1,47,41,47,42,packages\juice\test\juice.test.js,1,2711
3708,Identifier,compare,-1,-1,-1,47,19,47,26,packages\juice\test\juice.test.js,1,2712
3709,ArrayExpression,nan,-1,-1,-1,49,27,49,39,packages\juice\test\juice.test.js,1,2713
3710,ArrayExpression,nan,-1,-1,-1,49,41,49,54,packages\juice\test\juice.test.js,1,2714
3711,Identifier,compare,-1,-1,-1,49,19,49,26,packages\juice\test\juice.test.js,1,2715
3712,ArrayExpression,nan,-1,-1,-1,50,27,50,40,packages\juice\test\juice.test.js,1,2716
3713,ArrayExpression,nan,-1,-1,-1,50,42,50,54,packages\juice\test\juice.test.js,1,2717
3714,Identifier,compare,-1,-1,-1,50,19,50,26,packages\juice\test\juice.test.js,1,2718
3715,ArrayExpression,nan,-1,-1,-1,52,27,52,39,packages\juice\test\juice.test.js,1,2719
3716,ArrayExpression,nan,-1,-1,-1,52,41,52,55,packages\juice\test\juice.test.js,1,2720
3717,Identifier,compare,-1,-1,-1,52,19,52,26,packages\juice\test\juice.test.js,1,2721
3718,ArrayExpression,nan,-1,-1,-1,53,27,53,41,packages\juice\test\juice.test.js,1,2722
3719,ArrayExpression,nan,-1,-1,-1,53,43,53,55,packages\juice\test\juice.test.js,1,2723
3720,Identifier,compare,-1,-1,-1,53,19,53,26,packages\juice\test\juice.test.js,1,2724
3721,ArrayExpression,nan,-1,-1,-1,55,27,55,39,packages\juice\test\juice.test.js,1,2725
3722,ArrayExpression,nan,-1,-1,-1,55,41,55,54,packages\juice\test\juice.test.js,1,2726
3723,Identifier,compare,-1,-1,-1,55,19,55,26,packages\juice\test\juice.test.js,1,2727
3724,ArrayExpression,nan,-1,-1,-1,56,27,56,40,packages\juice\test\juice.test.js,1,2728
3725,ArrayExpression,nan,-1,-1,-1,56,42,56,54,packages\juice\test\juice.test.js,1,2729
3726,Identifier,compare,-1,-1,-1,56,19,56,26,packages\juice\test\juice.test.js,1,2730
3727,CallExpression,nan,0,-1,-1,61,11,61,47,packages\juice\test\juice.test.js,1,2731
3729,Identifier,spec,-1,-1,-1,64,19,64,23,packages\juice\test\juice.test.js,1,2732
3731,Identifier,spec,-1,-1,-1,65,19,65,23,packages\juice\test\juice.test.js,1,2733
3733,Identifier,spec,-1,-1,-1,66,19,66,23,packages\juice\test\juice.test.js,1,2734
3735,Identifier,spec,-1,-1,-1,67,19,67,23,packages\juice\test\juice.test.js,1,2735
3737,Identifier,spec,-1,-1,-1,68,19,68,23,packages\juice\test\juice.test.js,1,2736
3739,Identifier,spec,-1,-1,-1,69,19,69,23,packages\juice\test\juice.test.js,1,2737
3741,Identifier,spec,-1,-1,-1,70,19,70,23,packages\juice\test\juice.test.js,1,2738
3743,Identifier,spec,-1,-1,-1,71,19,71,23,packages\juice\test\juice.test.js,1,2739
3745,Identifier,spec,-1,-1,-1,72,19,72,23,packages\juice\test\juice.test.js,1,2740
3747,Identifier,spec,-1,-1,-1,73,19,73,23,packages\juice\test\juice.test.js,1,2741
3749,Identifier,spec,-1,-1,-1,74,19,74,23,packages\juice\test\juice.test.js,1,2742
3751,Identifier,spec,-1,-1,-1,76,19,76,23,packages\juice\test\juice.test.js,1,2743
3753,Identifier,spec,-1,-1,-1,77,19,77,23,packages\juice\test\juice.test.js,1,2744
3755,Identifier,spec,-1,-1,-1,78,19,78,23,packages\juice\test\juice.test.js,1,2745
3756,NewExpression,nan,3,-1,-1,84,11,84,48,packages\juice\test\juice.test.js,1,2746
3757,Identifier,b,-1,-1,-1,90,29,90,30,packages\juice\test\juice.test.js,1,2747
3758,MemberExpression,nan,-1,-1,-1,90,19,90,28,packages\juice\test\juice.test.js,1,2748
3762,Identifier,prop,-1,-1,-1,92,6,92,10,packages\juice\test\juice.test.js,1,2749
3766,Identifier,prop,-1,-1,-1,93,6,93,10,packages\juice\test\juice.test.js,1,2750
3767,Identifier,b,-1,-1,-1,95,29,95,30,packages\juice\test\juice.test.js,1,2751
3768,MemberExpression,nan,-1,-1,-1,95,19,95,28,packages\juice\test\juice.test.js,1,2752
3772,Identifier,prop,-1,-1,-1,97,6,97,10,packages\juice\test\juice.test.js,1,2753
3776,Identifier,prop,-1,-1,-1,98,6,98,10,packages\juice\test\juice.test.js,1,2754
3777,Identifier,b,-1,-1,-1,100,29,100,30,packages\juice\test\juice.test.js,1,2755
3778,MemberExpression,nan,-1,-1,-1,100,19,100,28,packages\juice\test\juice.test.js,1,2756
3779,MemberExpression,nan,-1,-1,-1,106,15,106,25,packages\juice\test\juice.test.js,1,2757
3781,ObjectExpression,nan,-1,-1,-1,149,6,149,77,packages\juice\test\juice.test.js,1,2758
3782,Identifier,juice,-1,-1,-1,147,4,147,9,packages\juice\test\juice.test.js,1,2759
3784,ObjectExpression,nan,-1,-1,-1,159,35,159,68,packages\juice\test\juice.test.js,1,2760
3785,Identifier,juice,-1,-1,-1,159,4,159,9,packages\juice\test\juice.test.js,1,2761
3788,MemberExpression,nan,-1,-1,-1,165,4,165,23,packages\juice\test\juice.test.js,1,2762
3791,MemberExpression,nan,-1,-1,-1,171,6,171,25,packages\juice\test\juice.test.js,1,2763
3794,MemberExpression,nan,-1,-1,-1,178,6,178,25,packages\juice\test\juice.test.js,1,2764
3797,MemberExpression,nan,-1,-1,-1,184,6,184,25,packages\juice\test\juice.test.js,1,2765
3800,MemberExpression,nan,-1,-1,-1,190,6,190,25,packages\juice\test\juice.test.js,1,2766
3803,MemberExpression,nan,-1,-1,-1,196,6,196,208,packages\juice\test\juice.test.js,1,2767
3805,BlockStatement,nan,-1,-1,-1,202,28,206,3,packages\juice\test\juice.test.js,1,2768
3807,ObjectExpression,nan,-1,-1,-1,212,6,212,37,packages\juice\test\juice.test.js,1,2769
3808,Identifier,juice,-1,-1,-1,210,4,210,9,packages\juice\test\juice.test.js,1,2770
3811,MemberExpression,nan,-1,-1,-1,221,4,221,23,packages\juice\test\juice.test.js,1,2771
3814,MemberExpression,nan,-1,-1,-1,227,4,227,23,packages\juice\test\juice.test.js,1,2772
3817,ObjectExpression,nan,-1,-1,-1,233,120,233,155,packages\juice\test\juice.test.js,1,2773
3818,MemberExpression,nan,-1,-1,-1,233,4,233,23,packages\juice\test\juice.test.js,1,2774
3821,ObjectExpression,nan,-1,-1,-1,239,156,239,191,packages\juice\test\juice.test.js,1,2775
3822,MemberExpression,nan,-1,-1,-1,239,4,239,23,packages\juice\test\juice.test.js,1,2776
3825,MemberExpression,nan,-1,-1,-1,245,4,245,23,packages\juice\test\juice.test.js,1,2777
3828,ObjectExpression,nan,-1,-1,-1,251,162,251,197,packages\juice\test\juice.test.js,1,2778
3829,MemberExpression,nan,-1,-1,-1,251,4,251,23,packages\juice\test\juice.test.js,1,2779
3832,ObjectExpression,nan,-1,-1,-1,257,128,257,163,packages\juice\test\juice.test.js,1,2780
3833,MemberExpression,nan,-1,-1,-1,257,4,257,23,packages\juice\test\juice.test.js,1,2781
3834,CallExpression,nan,1,-1,-1,268,12,268,67,packages\juice\test\juice.test.js,1,2782
3835,UnaryExpression,nan,1,-1,-1,268,70,268,72,packages\juice\test\juice.test.js,1,2783
3836,CallExpression,nan,1,-1,-1,269,12,269,37,packages\juice\test\juice.test.js,1,2784
3837,UnaryExpression,nan,1,-1,-1,269,40,269,42,packages\juice\test\juice.test.js,1,2785
3838,CallExpression,nan,1,-1,-1,270,12,270,36,packages\juice\test\juice.test.js,1,2786
3839,UnaryExpression,nan,1,-1,-1,270,39,270,41,packages\juice\test\juice.test.js,1,2787
3842,CallExpression,nan,1,-1,-1,272,12,272,37,packages\juice\test\juice.test.js,1,2788
3843,UnaryExpression,nan,1,-1,-1,272,42,272,44,packages\juice\test\juice.test.js,1,2789
3845,ObjectExpression,nan,-1,-1,-1,277,4,277,60,packages\juice\test\juice.test.js,1,2790
3846,Identifier,juice,-1,-1,-1,275,11,275,16,packages\juice\test\juice.test.js,1,2791
3847,CallExpression,nan,1,-1,-1,279,12,279,49,packages\juice\test\juice.test.js,1,2792
3848,UnaryExpression,nan,1,-1,-1,279,52,279,54,packages\juice\test\juice.test.js,1,2793
3849,CallExpression,nan,1,-1,-1,280,12,280,50,packages\juice\test\juice.test.js,1,2794
3850,UnaryExpression,nan,1,-1,-1,280,53,280,55,packages\juice\test\juice.test.js,1,2795
3851,CallExpression,nan,1,-1,-1,281,12,281,36,packages\juice\test\juice.test.js,1,2796
3852,UnaryExpression,nan,1,-1,-1,281,39,281,41,packages\juice\test\juice.test.js,1,2797
3853,CallExpression,nan,1,-1,-1,282,12,282,35,packages\juice\test\juice.test.js,1,2798
3854,UnaryExpression,nan,1,-1,-1,282,40,282,42,packages\juice\test\juice.test.js,1,2799
3855,CallExpression,nan,1,-1,-1,283,12,283,33,packages\juice\test\juice.test.js,1,2800
3856,UnaryExpression,nan,1,-1,-1,283,38,283,40,packages\juice\test\juice.test.js,1,2801
3858,ObjectExpression,nan,-1,-1,-1,288,4,288,85,packages\juice\test\juice.test.js,1,2802
3859,Identifier,juice,-1,-1,-1,286,11,286,16,packages\juice\test\juice.test.js,1,2803
3860,CallExpression,nan,1,-1,-1,290,12,290,40,packages\juice\test\juice.test.js,1,2804
3861,UnaryExpression,nan,1,-1,-1,290,43,290,45,packages\juice\test\juice.test.js,1,2805
3862,CallExpression,nan,1,-1,-1,291,12,291,35,packages\juice\test\juice.test.js,1,2806
3863,UnaryExpression,nan,1,-1,-1,291,40,291,42,packages\juice\test\juice.test.js,1,2807
3865,ObjectExpression,nan,-1,-1,-1,296,4,296,85,packages\juice\test\juice.test.js,1,2808
3866,Identifier,juice,-1,-1,-1,294,11,294,16,packages\juice\test\juice.test.js,1,2809
3867,CallExpression,nan,1,-1,-1,298,12,298,40,packages\juice\test\juice.test.js,1,2810
3868,UnaryExpression,nan,1,-1,-1,298,43,298,45,packages\juice\test\juice.test.js,1,2811
3869,CallExpression,nan,1,-1,-1,299,12,299,35,packages\juice\test\juice.test.js,1,2812
3870,UnaryExpression,nan,1,-1,-1,299,40,299,42,packages\juice\test\juice.test.js,1,2813
3872,ObjectExpression,nan,-1,-1,-1,304,4,304,83,packages\juice\test\juice.test.js,1,2814
3873,Identifier,juice,-1,-1,-1,302,11,302,16,packages\juice\test\juice.test.js,1,2815
3874,CallExpression,nan,1,-1,-1,306,12,306,49,packages\juice\test\juice.test.js,1,2816
3875,UnaryExpression,nan,1,-1,-1,306,52,306,54,packages\juice\test\juice.test.js,1,2817
3876,CallExpression,nan,1,-1,-1,307,12,307,36,packages\juice\test\juice.test.js,1,2818
3877,UnaryExpression,nan,1,-1,-1,307,39,307,41,packages\juice\test\juice.test.js,1,2819
3878,CallExpression,nan,1,-1,-1,308,12,308,35,packages\juice\test\juice.test.js,1,2820
3879,UnaryExpression,nan,1,-1,-1,308,40,308,42,packages\juice\test\juice.test.js,1,2821
3881,ObjectExpression,nan,-1,-1,-1,313,4,313,60,packages\juice\test\juice.test.js,1,2822
3882,Identifier,juice,-1,-1,-1,311,11,311,16,packages\juice\test\juice.test.js,1,2823
3883,CallExpression,nan,1,-1,-1,315,12,315,37,packages\juice\test\juice.test.js,1,2824
3884,UnaryExpression,nan,1,-1,-1,315,42,315,44,packages\juice\test\juice.test.js,1,2825
3886,ObjectExpression,nan,-1,-1,-1,320,4,320,60,packages\juice\test\juice.test.js,1,2826
3887,Identifier,juice,-1,-1,-1,318,11,318,16,packages\juice\test\juice.test.js,1,2827
3888,CallExpression,nan,1,-1,-1,322,12,322,49,packages\juice\test\juice.test.js,1,2828
3889,UnaryExpression,nan,1,-1,-1,322,52,322,54,packages\juice\test\juice.test.js,1,2829
3890,CallExpression,nan,1,-1,-1,324,12,324,37,packages\juice\test\juice.test.js,1,2830
3891,UnaryExpression,nan,1,-1,-1,324,40,324,42,packages\juice\test\juice.test.js,1,2831
3895,ObjectExpression,nan,-1,-1,-1,330,4,334,5,packages\juice\test\juice.test.js,1,2832
3896,Identifier,juice,-1,-1,-1,328,11,328,16,packages\juice\test\juice.test.js,1,2833
3897,CallExpression,nan,1,-1,-1,336,12,336,67,packages\juice\test\juice.test.js,1,2834
3898,UnaryExpression,nan,1,-1,-1,336,70,336,72,packages\juice\test\juice.test.js,1,2835
3899,CallExpression,nan,1,-1,-1,337,12,337,37,packages\juice\test\juice.test.js,1,2836
3900,UnaryExpression,nan,1,-1,-1,337,40,337,42,packages\juice\test\juice.test.js,1,2837
3901,CallExpression,nan,1,-1,-1,338,12,338,42,packages\juice\test\juice.test.js,1,2838
3902,UnaryExpression,nan,1,-1,-1,338,45,338,47,packages\juice\test\juice.test.js,1,2839
3905,CallExpression,nan,1,-1,-1,340,12,340,37,packages\juice\test\juice.test.js,1,2840
3906,UnaryExpression,nan,1,-1,-1,340,42,340,44,packages\juice\test\juice.test.js,1,2841
3908,ObjectExpression,nan,-1,-1,-1,345,4,345,59,packages\juice\test\juice.test.js,1,2842
3909,Identifier,juice,-1,-1,-1,343,11,343,16,packages\juice\test\juice.test.js,1,2843
3910,CallExpression,nan,1,-1,-1,348,12,348,42,packages\juice\test\juice.test.js,1,2844
3911,UnaryExpression,nan,1,-1,-1,348,45,348,47,packages\juice\test\juice.test.js,1,2845
3913,ObjectExpression,nan,-1,-1,-1,354,4,354,60,packages\juice\test\juice.test.js,1,2846
3914,Identifier,juice,-1,-1,-1,352,11,352,16,packages\juice\test\juice.test.js,1,2847
3915,CallExpression,nan,1,-1,-1,356,12,356,49,packages\juice\test\juice.test.js,1,2848
3916,UnaryExpression,nan,1,-1,-1,356,52,356,54,packages\juice\test\juice.test.js,1,2849
3917,CallExpression,nan,1,-1,-1,357,12,357,39,packages\juice\test\juice.test.js,1,2850
3918,UnaryExpression,nan,1,-1,-1,357,42,357,44,packages\juice\test\juice.test.js,1,2851
3919,CallExpression,nan,1,-1,-1,358,12,358,35,packages\juice\test\juice.test.js,1,2852
3920,UnaryExpression,nan,1,-1,-1,358,40,358,42,packages\juice\test\juice.test.js,1,2853
3922,ObjectExpression,nan,-1,-1,-1,363,4,363,60,packages\juice\test\juice.test.js,1,2854
3923,Identifier,juice,-1,-1,-1,361,11,361,16,packages\juice\test\juice.test.js,1,2855
3924,CallExpression,nan,1,-1,-1,365,12,365,48,packages\juice\test\juice.test.js,1,2856
3925,UnaryExpression,nan,1,-1,-1,365,51,365,53,packages\juice\test\juice.test.js,1,2857
3926,CallExpression,nan,1,-1,-1,366,12,366,39,packages\juice\test\juice.test.js,1,2858
3927,UnaryExpression,nan,1,-1,-1,366,42,366,44,packages\juice\test\juice.test.js,1,2859
3928,CallExpression,nan,1,-1,-1,367,12,367,38,packages\juice\test\juice.test.js,1,2860
3929,UnaryExpression,nan,1,-1,-1,367,41,367,43,packages\juice\test\juice.test.js,1,2861
3930,CallExpression,nan,1,-1,-1,368,12,368,44,packages\juice\test\juice.test.js,1,2862
3931,UnaryExpression,nan,1,-1,-1,368,47,368,49,packages\juice\test\juice.test.js,1,2863
3932,CallExpression,nan,1,-1,-1,369,12,369,33,packages\juice\test\juice.test.js,1,2864
3933,UnaryExpression,nan,1,-1,-1,369,38,369,40,packages\juice\test\juice.test.js,1,2865
3935,ObjectExpression,nan,-1,-1,-1,374,4,374,60,packages\juice\test\juice.test.js,1,2866
3936,Identifier,juice,-1,-1,-1,372,11,372,16,packages\juice\test\juice.test.js,1,2867
3937,CallExpression,nan,1,-1,-1,376,12,376,55,packages\juice\test\juice.test.js,1,2868
3938,UnaryExpression,nan,1,-1,-1,376,58,376,60,packages\juice\test\juice.test.js,1,2869
3939,CallExpression,nan,1,-1,-1,377,12,377,49,packages\juice\test\juice.test.js,1,2870
3940,UnaryExpression,nan,1,-1,-1,377,52,377,54,packages\juice\test\juice.test.js,1,2871
3941,CallExpression,nan,1,-1,-1,378,12,378,39,packages\juice\test\juice.test.js,1,2872
3942,UnaryExpression,nan,1,-1,-1,378,44,378,46,packages\juice\test\juice.test.js,1,2873
3943,TemplateLiteral,nan,-1,-1,-1,382,4,395,5,packages\juice\test\juice.test.js,1,2874
3944,ObjectExpression,nan,-1,-1,-1,396,4,396,87,packages\juice\test\juice.test.js,1,2875
3945,Identifier,juice,-1,-1,-1,381,11,381,16,packages\juice\test\juice.test.js,1,2876
3946,CallExpression,nan,1,-1,-1,399,12,399,49,packages\juice\test\juice.test.js,1,2877
3947,UnaryExpression,nan,1,-1,-1,399,52,399,54,packages\juice\test\juice.test.js,1,2878
3948,CallExpression,nan,1,-1,-1,400,12,401,103,packages\juice\test\juice.test.js,1,2879
3949,UnaryExpression,nan,1,-1,-1,401,106,401,108,packages\juice\test\juice.test.js,1,2880
3950,CallExpression,nan,1,-1,-1,404,12,404,49,packages\juice\test\juice.test.js,1,2881
3951,UnaryExpression,nan,1,-1,-1,404,52,404,54,packages\juice\test\juice.test.js,1,2882
3952,CallExpression,nan,1,-1,-1,405,12,405,66,packages\juice\test\juice.test.js,1,2883
3953,UnaryExpression,nan,1,-1,-1,405,71,405,73,packages\juice\test\juice.test.js,1,2884
3954,CallExpression,nan,1,-1,-1,406,12,406,37,packages\juice\test\juice.test.js,1,2885
3955,UnaryExpression,nan,1,-1,-1,406,42,406,44,packages\juice\test\juice.test.js,1,2886
3956,Identifier,html,-1,-1,-1,414,24,414,28,packages\juice\test\juice.test.js,1,2887
3957,Identifier,css,-1,-1,-1,414,30,414,33,packages\juice\test\juice.test.js,1,2888
3958,MemberExpression,nan,-1,-1,-1,414,4,414,23,packages\juice\test\juice.test.js,1,2889
3960,MemberExpression,nan,-1,-1,-1,430,12,430,27,packages\juice\test\juice.test.js,1,2890
3962,MemberExpression,nan,-1,-1,-1,431,12,431,27,packages\juice\test\juice.test.js,1,2891
3963,CallExpression,nan,1,-1,-1,432,13,432,43,packages\juice\test\juice.test.js,1,2892
3965,MemberExpression,nan,-1,-1,-1,448,12,448,27,packages\juice\test\juice.test.js,1,2893
3967,MemberExpression,nan,-1,-1,-1,449,12,449,27,packages\juice\test\juice.test.js,1,2894
3968,CallExpression,nan,1,-1,-1,450,13,450,43,packages\juice\test\juice.test.js,1,2895
3970,MemberExpression,nan,-1,-1,-1,469,12,469,27,packages\juice\test\juice.test.js,1,2896
3972,MemberExpression,nan,-1,-1,-1,470,12,470,27,packages\juice\test\juice.test.js,1,2897
3973,CallExpression,nan,1,-1,-1,471,13,471,43,packages\juice\test\juice.test.js,1,2898
3974,CallExpression,nan,1,-1,-1,472,13,472,44,packages\juice\test\juice.test.js,1,2899
3976,MemberExpression,nan,-1,-1,-1,497,12,497,27,packages\juice\test\juice.test.js,1,2900
3978,MemberExpression,nan,-1,-1,-1,498,12,498,27,packages\juice\test\juice.test.js,1,2901
3980,MemberExpression,nan,-1,-1,-1,499,12,499,27,packages\juice\test\juice.test.js,1,2902
3982,MemberExpression,nan,-1,-1,-1,523,12,523,27,packages\juice\test\juice.test.js,1,2903
3984,MemberExpression,nan,-1,-1,-1,525,12,525,27,packages\juice\test\juice.test.js,1,2904
3986,MemberExpression,nan,-1,-1,-1,526,12,526,27,packages\juice\test\juice.test.js,1,2905
3988,MemberExpression,nan,-1,-1,-1,551,12,551,27,packages\juice\test\juice.test.js,1,2906
3990,MemberExpression,nan,-1,-1,-1,552,12,552,27,packages\juice\test\juice.test.js,1,2907
3992,MemberExpression,nan,-1,-1,-1,554,12,554,27,packages\juice\test\juice.test.js,1,2908
3994,MemberExpression,nan,-1,-1,-1,555,12,555,27,packages\juice\test\juice.test.js,1,2909
3996,MemberExpression,nan,-1,-1,-1,556,12,556,27,packages\juice\test\juice.test.js,1,2910
3997,Identifier,result,-1,-1,-1,567,16,567,22,packages\juice\test\juice.test.js,1,2911
3998,Identifier,cleanString,-1,-1,-1,567,4,567,15,packages\juice\test\juice.test.js,1,2912
3999,TemplateLiteral,nan,-1,-1,-1,573,4,579,49,packages\juice\test\juice.test.js,1,2913
4000,ObjectExpression,nan,-1,-1,-1,580,4,580,73,packages\juice\test\juice.test.js,1,2914
4001,Identifier,juice,-1,-1,-1,572,11,572,16,packages\juice\test\juice.test.js,1,2915
4002,Identifier,result,-1,-1,-1,584,16,584,22,packages\juice\test\juice.test.js,1,2916
4003,Identifier,cleanString,-1,-1,-1,584,4,584,15,packages\juice\test\juice.test.js,1,2917
4004,TemplateLiteral,nan,-1,-1,-1,590,4,595,38,packages\juice\test\juice.test.js,1,2918
4005,ObjectExpression,nan,-1,-1,-1,596,4,596,96,packages\juice\test\juice.test.js,1,2919
4006,Identifier,juice,-1,-1,-1,589,11,589,16,packages\juice\test\juice.test.js,1,2920
4007,Identifier,result,-1,-1,-1,600,16,600,22,packages\juice\test\juice.test.js,1,2921
4008,Identifier,cleanString,-1,-1,-1,600,4,600,15,packages\juice\test\juice.test.js,1,2922
4009,TemplateLiteral,nan,-1,-1,-1,606,4,611,17,packages\juice\test\juice.test.js,1,2923
4010,ObjectExpression,nan,-1,-1,-1,612,4,616,5,packages\juice\test\juice.test.js,1,2924
4011,Identifier,juice,-1,-1,-1,605,11,605,16,packages\juice\test\juice.test.js,1,2925
4012,Identifier,result,-1,-1,-1,620,16,620,22,packages\juice\test\juice.test.js,1,2926
4013,Identifier,cleanString,-1,-1,-1,620,4,620,15,packages\juice\test\juice.test.js,1,2927
4015,ObjectExpression,nan,-1,-1,-1,627,4,627,102,packages\juice\test\juice.test.js,1,2928
4016,Identifier,juice,-1,-1,-1,625,11,625,16,packages\juice\test\juice.test.js,1,2929
4017,CallExpression,nan,1,-1,-1,629,12,629,46,packages\juice\test\juice.test.js,1,2930
4018,UnaryExpression,nan,1,-1,-1,629,49,629,51,packages\juice\test\juice.test.js,1,2931
4019,CallExpression,nan,1,-1,-1,630,12,630,36,packages\juice\test\juice.test.js,1,2932
4020,UnaryExpression,nan,1,-1,-1,630,41,630,43,packages\juice\test\juice.test.js,1,2933
4022,ObjectExpression,nan,-1,-1,-1,635,4,635,53,packages\juice\test\juice.test.js,1,2934
4023,Identifier,juice,-1,-1,-1,633,11,633,16,packages\juice\test\juice.test.js,1,2935
4025,ObjectExpression,nan,-1,-1,-1,646,4,651,5,packages\juice\test\juice.test.js,1,2936
4026,Identifier,juice,-1,-1,-1,644,11,644,16,packages\juice\test\juice.test.js,1,2937
4027,Identifier,result,-1,-1,-1,655,16,655,22,packages\juice\test\juice.test.js,1,2938
4028,Identifier,cleanString,-1,-1,-1,655,4,655,15,packages\juice\test\juice.test.js,1,2939
4029,MemberExpression,nan,-1,-1,-1,61,11,61,45,packages\juice\test\juice.test.js,1,2940
4030,Identifier,k,-1,-1,-1,84,24,84,25,packages\juice\test\juice.test.js,1,2941
4031,Identifier,v,-1,-1,-1,84,27,84,28,packages\juice\test\juice.test.js,1,2942
4032,NewExpression,nan,1,-1,-1,84,30,84,47,packages\juice\test\juice.test.js,1,2943
4033,Identifier,Property,-1,-1,-1,84,15,84,23,packages\juice\test\juice.test.js,1,2944
4036,MemberExpression,nan,-1,-1,-1,268,12,268,26,packages\juice\test\juice.test.js,1,2945
4039,MemberExpression,nan,-1,-1,-1,269,12,269,26,packages\juice\test\juice.test.js,1,2946
4042,MemberExpression,nan,-1,-1,-1,270,12,270,26,packages\juice\test\juice.test.js,1,2947
4044,CallExpression,nan,1,-1,-1,271,12,271,35,packages\juice\test\juice.test.js,1,2948
4045,UnaryExpression,nan,1,-1,-1,271,40,271,42,packages\juice\test\juice.test.js,1,2949
4046,CallExpression,nan,1,-1,-1,271,46,271,70,packages\juice\test\juice.test.js,1,2950
4047,CallExpression,nan,1,-1,-1,271,73,271,96,packages\juice\test\juice.test.js,1,2951
4049,MemberExpression,nan,-1,-1,-1,272,12,272,26,packages\juice\test\juice.test.js,1,2952
4052,MemberExpression,nan,-1,-1,-1,279,12,279,26,packages\juice\test\juice.test.js,1,2953
4055,MemberExpression,nan,-1,-1,-1,280,12,280,26,packages\juice\test\juice.test.js,1,2954
4058,MemberExpression,nan,-1,-1,-1,281,12,281,26,packages\juice\test\juice.test.js,1,2955
4061,MemberExpression,nan,-1,-1,-1,282,12,282,26,packages\juice\test\juice.test.js,1,2956
4064,MemberExpression,nan,-1,-1,-1,283,12,283,26,packages\juice\test\juice.test.js,1,2957
4067,MemberExpression,nan,-1,-1,-1,290,12,290,26,packages\juice\test\juice.test.js,1,2958
4070,MemberExpression,nan,-1,-1,-1,291,12,291,26,packages\juice\test\juice.test.js,1,2959
4073,MemberExpression,nan,-1,-1,-1,298,12,298,26,packages\juice\test\juice.test.js,1,2960
4076,MemberExpression,nan,-1,-1,-1,299,12,299,26,packages\juice\test\juice.test.js,1,2961
4079,MemberExpression,nan,-1,-1,-1,306,12,306,26,packages\juice\test\juice.test.js,1,2962
4082,MemberExpression,nan,-1,-1,-1,307,12,307,26,packages\juice\test\juice.test.js,1,2963
4085,MemberExpression,nan,-1,-1,-1,308,12,308,26,packages\juice\test\juice.test.js,1,2964
4088,MemberExpression,nan,-1,-1,-1,315,12,315,26,packages\juice\test\juice.test.js,1,2965
4091,MemberExpression,nan,-1,-1,-1,322,12,322,26,packages\juice\test\juice.test.js,1,2966
4094,MemberExpression,nan,-1,-1,-1,324,12,324,26,packages\juice\test\juice.test.js,1,2967
4096,CallExpression,nan,1,-1,-1,325,12,325,31,packages\juice\test\juice.test.js,1,2968
4097,UnaryExpression,nan,1,-1,-1,325,34,325,36,packages\juice\test\juice.test.js,1,2969
4098,CallExpression,nan,1,-1,-1,325,40,325,62,packages\juice\test\juice.test.js,1,2970
4099,UnaryExpression,nan,1,-1,-1,325,65,325,67,packages\juice\test\juice.test.js,1,2971
4101,MemberExpression,nan,-1,-1,-1,336,12,336,26,packages\juice\test\juice.test.js,1,2972
4104,MemberExpression,nan,-1,-1,-1,337,12,337,26,packages\juice\test\juice.test.js,1,2973
4107,MemberExpression,nan,-1,-1,-1,338,12,338,26,packages\juice\test\juice.test.js,1,2974
4109,CallExpression,nan,1,-1,-1,339,12,339,35,packages\juice\test\juice.test.js,1,2975
4110,UnaryExpression,nan,1,-1,-1,339,40,339,42,packages\juice\test\juice.test.js,1,2976
4111,CallExpression,nan,1,-1,-1,339,46,339,70,packages\juice\test\juice.test.js,1,2977
4112,CallExpression,nan,1,-1,-1,339,73,339,96,packages\juice\test\juice.test.js,1,2978
4114,MemberExpression,nan,-1,-1,-1,340,12,340,26,packages\juice\test\juice.test.js,1,2979
4117,MemberExpression,nan,-1,-1,-1,348,12,348,26,packages\juice\test\juice.test.js,1,2980
4120,MemberExpression,nan,-1,-1,-1,356,12,356,26,packages\juice\test\juice.test.js,1,2981
4123,MemberExpression,nan,-1,-1,-1,357,12,357,26,packages\juice\test\juice.test.js,1,2982
4126,MemberExpression,nan,-1,-1,-1,358,12,358,26,packages\juice\test\juice.test.js,1,2983
4129,MemberExpression,nan,-1,-1,-1,365,12,365,26,packages\juice\test\juice.test.js,1,2984
4132,MemberExpression,nan,-1,-1,-1,366,12,366,26,packages\juice\test\juice.test.js,1,2985
4135,MemberExpression,nan,-1,-1,-1,367,12,367,26,packages\juice\test\juice.test.js,1,2986
4138,MemberExpression,nan,-1,-1,-1,368,12,368,26,packages\juice\test\juice.test.js,1,2987
4141,MemberExpression,nan,-1,-1,-1,369,12,369,26,packages\juice\test\juice.test.js,1,2988
4144,MemberExpression,nan,-1,-1,-1,376,12,376,26,packages\juice\test\juice.test.js,1,2989
4147,MemberExpression,nan,-1,-1,-1,377,12,377,26,packages\juice\test\juice.test.js,1,2990
4150,MemberExpression,nan,-1,-1,-1,378,12,378,26,packages\juice\test\juice.test.js,1,2991
4153,MemberExpression,nan,-1,-1,-1,399,12,399,26,packages\juice\test\juice.test.js,1,2992
4156,MemberExpression,nan,-1,-1,-1,400,12,400,26,packages\juice\test\juice.test.js,1,2993
4159,MemberExpression,nan,-1,-1,-1,404,12,404,26,packages\juice\test\juice.test.js,1,2994
4162,MemberExpression,nan,-1,-1,-1,405,12,405,26,packages\juice\test\juice.test.js,1,2995
4165,MemberExpression,nan,-1,-1,-1,406,12,406,26,packages\juice\test\juice.test.js,1,2996
4168,MemberExpression,nan,-1,-1,-1,432,13,432,28,packages\juice\test\juice.test.js,1,2997
4170,MemberExpression,nan,-1,-1,-1,450,13,450,28,packages\juice\test\juice.test.js,1,2998
4172,MemberExpression,nan,-1,-1,-1,471,13,471,28,packages\juice\test\juice.test.js,1,2999
4174,MemberExpression,nan,-1,-1,-1,472,13,472,28,packages\juice\test\juice.test.js,1,3000
4176,MemberExpression,nan,-1,-1,-1,629,12,629,26,packages\juice\test\juice.test.js,1,3001
4179,MemberExpression,nan,-1,-1,-1,630,12,630,26,packages\juice\test\juice.test.js,1,3002
4181,Identifier,sel,-1,-1,-1,84,43,84,46,packages\juice\test\juice.test.js,1,3003
4182,Identifier,Selector,-1,-1,-1,84,34,84,42,packages\juice\test\juice.test.js,1,3004
4183,CallExpression,nan,1,-1,-1,203,4,205,5,packages\juice\test\juice.test.js,1,3005
4185,MemberExpression,nan,-1,-1,-1,271,12,271,26,packages\juice\test\juice.test.js,1,3006
4188,MemberExpression,nan,-1,-1,-1,271,46,271,60,packages\juice\test\juice.test.js,1,3007
4190,MemberExpression,nan,-1,-1,-1,271,73,271,87,packages\juice\test\juice.test.js,1,3008
4192,MemberExpression,nan,-1,-1,-1,325,12,325,26,packages\juice\test\juice.test.js,1,3009
4195,MemberExpression,nan,-1,-1,-1,325,40,325,54,packages\juice\test\juice.test.js,1,3010
4198,MemberExpression,nan,-1,-1,-1,339,12,339,26,packages\juice\test\juice.test.js,1,3011
4201,MemberExpression,nan,-1,-1,-1,339,46,339,60,packages\juice\test\juice.test.js,1,3012
4203,MemberExpression,nan,-1,-1,-1,339,73,339,87,packages\juice\test\juice.test.js,1,3013
4205,Identifier,juice,-1,-1,-1,203,4,203,9,packages\juice\test\juice.test.js,1,3014
4206,Program,nan,-1,-1,-1,1,0,79,1,packages\juice\test\run.js,1,3015
4208,VariableDeclaration,nan,-1,-1,-1,3,0,3,27,packages\juice\test\run.js,1,3016
4209,VariableDeclaration,nan,-1,-1,-1,4,0,4,36,packages\juice\test\run.js,1,3017
4210,VariableDeclaration,nan,-1,-1,-1,5,0,5,40,packages\juice\test\run.js,1,3018
4211,VariableDeclaration,nan,-1,-1,-1,6,0,6,23,packages\juice\test\run.js,1,3019
4212,VariableDeclaration,nan,-1,-1,-1,7,0,7,31,packages\juice\test\run.js,1,3020
4213,VariableDeclaration,nan,-1,-1,-1,8,0,8,33,packages\juice\test\run.js,1,3021
4214,VariableDeclaration,nan,-1,-1,-1,9,0,9,41,packages\juice\test\run.js,1,3022
4215,VariableDeclaration,nan,-1,-1,-1,16,0,16,49,packages\juice\test\run.js,1,3023
4219,VariableDeclaration,nan,-1,-1,-1,40,0,40,69,packages\juice\test\run.js,1,3024
4221,FunctionDeclaration,nan,-1,1,0,49,0,53,1,packages\juice\test\run.js,1,3025
4222,FunctionDeclaration,nan,-1,2,1,55,0,79,1,packages\juice\test\run.js,1,3026
4224,CallExpression,nan,1,-1,-1,17,0,22,2,packages\juice\test\run.js,1,3027
4225,CallExpression,nan,2,-1,-1,24,0,28,2,packages\juice\test\run.js,1,3028
4226,CallExpression,nan,2,-1,-1,30,0,38,2,packages\juice\test\run.js,1,3029
4227,CallExpression,nan,1,-1,-1,42,0,47,2,packages\juice\test\run.js,1,3030
4228,Identifier,read,-1,-1,-1,49,9,49,13,packages\juice\test\run.js,1,3031
4229,Identifier,file,-1,-1,-1,49,14,49,18,packages\juice\test\run.js,1,3032
4231,BlockStatement,nan,-1,-1,-1,49,20,53,1,packages\juice\test\run.js,1,3033
4232,Identifier,test,-1,-1,-1,55,9,55,13,packages\juice\test\run.js,1,3034
4233,Identifier,testName,-1,-1,-1,55,14,55,22,packages\juice\test\run.js,1,3035
4234,Identifier,options,-1,-1,-1,55,24,55,31,packages\juice\test\run.js,1,3036
4236,BlockStatement,nan,-1,-1,-1,55,33,79,1,packages\juice\test\run.js,1,3037
4237,FunctionExpression,nan,-1,1,0,17,14,22,1,packages\juice\test\run.js,1,3038
4238,MemberExpression,nan,-1,-1,-1,17,0,17,13,packages\juice\test\run.js,1,3039
4240,FunctionExpression,nan,-1,0,0,24,18,28,1,packages\juice\test\run.js,1,3040
4241,Identifier,it,-1,-1,-1,24,0,24,2,packages\juice\test\run.js,1,3041
4243,FunctionExpression,nan,-1,0,0,30,39,38,1,packages\juice\test\run.js,1,3042
4244,Identifier,it,-1,-1,-1,30,0,30,2,packages\juice\test\run.js,1,3043
4245,FunctionExpression,nan,-1,1,0,42,20,47,1,packages\juice\test\run.js,1,3044
4246,MemberExpression,nan,-1,-1,-1,42,0,42,19,packages\juice\test\run.js,1,3045
4247,TryStatement,nan,-1,-1,-1,50,2,52,15,packages\juice\test\run.js,1,3046
4248,VariableDeclaration,nan,-1,-1,-1,56,2,56,46,packages\juice\test\run.js,1,3047
4249,VariableDeclaration,nan,-1,-1,-1,57,2,57,35,packages\juice\test\run.js,1,3048
4250,VariableDeclaration,nan,-1,-1,-1,58,2,58,32,packages\juice\test\run.js,1,3049
4251,VariableDeclaration,nan,-1,-1,-1,59,2,59,36,packages\juice\test\run.js,1,3050
4253,ReturnStatement,nan,1,-1,-1,63,2,78,4,packages\juice\test\run.js,1,3051
4254,Identifier,file,-1,-1,-1,17,23,17,27,packages\juice\test\run.js,1,3052
4256,BlockStatement,nan,-1,-1,-1,17,29,22,1,packages\juice\test\run.js,1,3053
4258,BlockStatement,nan,-1,-1,-1,24,29,28,1,packages\juice\test\run.js,1,3054
4260,BlockStatement,nan,-1,-1,-1,30,50,38,1,packages\juice\test\run.js,1,3055
4261,Identifier,file,-1,-1,-1,42,29,42,33,packages\juice\test\run.js,1,3056
4263,BlockStatement,nan,-1,-1,-1,42,35,47,1,packages\juice\test\run.js,1,3057
4264,AssignmentExpression,nan,-1,-1,-1,60,2,60,45,packages\juice\test\run.js,1,3058
4265,FunctionExpression,nan,-1,1,0,63,9,78,3,packages\juice\test\run.js,1,3059
4266,IfStatement,nan,-1,-1,-1,18,2,21,3,packages\juice\test\run.js,1,3060
4267,VariableDeclaration,nan,-1,-1,-1,25,2,25,51,packages\juice\test\run.js,1,3061
4268,VariableDeclaration,nan,-1,-1,-1,26,2,26,61,packages\juice\test\run.js,1,3062
4270,VariableDeclaration,nan,-1,-1,-1,31,2,31,78,packages\juice\test\run.js,1,3063
4271,VariableDeclaration,nan,-1,-1,-1,32,2,32,40,packages\juice\test\run.js,1,3064
4272,VariableDeclaration,nan,-1,-1,-1,34,2,34,46,packages\juice\test\run.js,1,3065
4274,VariableDeclaration,nan,-1,-1,-1,36,2,36,24,packages\juice\test\run.js,1,3066
4276,IfStatement,nan,-1,-1,-1,43,2,46,3,packages\juice\test\run.js,1,3067
4277,Identifier,config,-1,-1,-1,60,2,60,8,packages\juice\test\run.js,1,3068
4278,ConditionalExpression,nan,-1,-1,-1,60,11,60,45,packages\juice\test\run.js,1,3069
4279,Identifier,done,-1,-1,-1,63,18,63,22,packages\juice\test\run.js,1,3070
4281,BlockStatement,nan,-1,-1,-1,63,24,78,3,packages\juice\test\run.js,1,3071
4282,BlockStatement,nan,-1,-1,-1,18,28,21,3,packages\juice\test\run.js,1,3072
4283,CallExpression,nan,1,-1,-1,18,6,18,26,packages\juice\test\run.js,1,3073
4284,CallExpression,nan,2,-1,-1,27,2,27,102,packages\juice\test\run.js,1,3074
4285,CallExpression,nan,1,-1,-1,35,2,35,24,packages\juice\test\run.js,1,3075
4286,CallExpression,nan,2,-1,-1,37,2,37,102,packages\juice\test\run.js,1,3076
4287,BlockStatement,nan,-1,-1,-1,43,28,46,3,packages\juice\test\run.js,1,3077
4288,CallExpression,nan,1,-1,-1,43,6,43,26,packages\juice\test\run.js,1,3078
4289,CallExpression,nan,1,-1,-1,60,20,60,38,packages\juice\test\run.js,1,3079
4290,Identifier,config,-1,-1,-1,60,11,60,17,packages\juice\test\run.js,1,3080
4291,VariableDeclaration,nan,-1,-1,-1,64,4,71,6,packages\juice\test\run.js,1,3081
4292,IfStatement,nan,-1,-1,-1,73,4,77,5,packages\juice\test\run.js,1,3082
4293,VariableDeclaration,nan,-1,-1,-1,19,4,19,39,packages\juice\test\run.js,1,3083
4295,Identifier,file,-1,-1,-1,18,21,18,25,packages\juice\test\run.js,1,3084
4296,MemberExpression,nan,-1,-1,-1,18,6,18,20,packages\juice\test\run.js,1,3085
4297,CallExpression,nan,1,-1,-1,27,15,27,56,packages\juice\test\run.js,1,3086
4298,CallExpression,nan,1,-1,-1,27,58,27,101,packages\juice\test\run.js,1,3087
4299,MemberExpression,nan,-1,-1,-1,27,2,27,14,packages\juice\test\run.js,1,3088
4300,Identifier,$,-1,-1,-1,35,22,35,23,packages\juice\test\run.js,1,3089
4301,MemberExpression,nan,-1,-1,-1,35,2,35,21,packages\juice\test\run.js,1,3090
4302,CallExpression,nan,1,-1,-1,37,15,37,56,packages\juice\test\run.js,1,3091
4303,CallExpression,nan,1,-1,-1,37,58,37,101,packages\juice\test\run.js,1,3092
4304,MemberExpression,nan,-1,-1,-1,37,2,37,14,packages\juice\test\run.js,1,3093
4305,VariableDeclaration,nan,-1,-1,-1,44,4,44,58,packages\juice\test\run.js,1,3094
4307,Identifier,file,-1,-1,-1,43,21,43,25,packages\juice\test\run.js,1,3095
4308,MemberExpression,nan,-1,-1,-1,43,6,43,20,packages\juice\test\run.js,1,3096
4309,Identifier,config,-1,-1,-1,60,31,60,37,packages\juice\test\run.js,1,3097
4310,MemberExpression,nan,-1,-1,-1,60,20,60,30,packages\juice\test\run.js,1,3098
4311,BlockStatement,nan,-1,-1,-1,73,19,75,5,packages\juice\test\run.js,1,3099
4312,UnaryExpression,nan,1,-1,-1,73,8,73,16,packages\juice\test\run.js,1,3100
4313,CallExpression,nan,2,-1,-1,20,4,20,31,packages\juice\test\run.js,1,3101
4314,CallExpression,nan,0,-1,-1,27,42,27,55,packages\juice\test\run.js,1,3102
4315,MemberExpression,nan,-1,-1,-1,27,15,27,41,packages\juice\test\run.js,1,3103
4316,CallExpression,nan,0,-1,-1,27,85,27,100,packages\juice\test\run.js,1,3104
4317,MemberExpression,nan,-1,-1,-1,27,58,27,84,packages\juice\test\run.js,1,3105
4318,CallExpression,nan,0,-1,-1,37,42,37,55,packages\juice\test\run.js,1,3106
4319,MemberExpression,nan,-1,-1,-1,37,15,37,41,packages\juice\test\run.js,1,3107
4320,CallExpression,nan,0,-1,-1,37,85,37,100,packages\juice\test\run.js,1,3108
4321,MemberExpression,nan,-1,-1,-1,37,58,37,84,packages\juice\test\run.js,1,3109
4322,CallExpression,nan,2,-1,-1,45,4,45,30,packages\juice\test\run.js,1,3110
4324,Identifier,options,-1,-1,-1,73,9,73,16,packages\juice\test\run.js,1,3111
4325,Identifier,name,-1,-1,-1,20,7,20,11,packages\juice\test\run.js,1,3112
4326,CallExpression,nan,2,-1,-1,20,13,20,30,packages\juice\test\run.js,1,3113
4327,Identifier,it,-1,-1,-1,20,4,20,6,packages\juice\test\run.js,1,3114
4328,MemberExpression,nan,-1,-1,-1,27,42,27,53,packages\juice\test\run.js,1,3115
4329,MemberExpression,nan,-1,-1,-1,27,85,27,98,packages\juice\test\run.js,1,3116
4330,MemberExpression,nan,-1,-1,-1,37,42,37,53,packages\juice\test\run.js,1,3117
4331,MemberExpression,nan,-1,-1,-1,37,85,37,98,packages\juice\test\run.js,1,3118
4332,Identifier,name,-1,-1,-1,45,7,45,11,packages\juice\test\run.js,1,3119
4333,CallExpression,nan,2,-1,-1,45,13,45,29,packages\juice\test\run.js,1,3120
4334,Identifier,it,-1,-1,-1,45,4,45,6,packages\juice\test\run.js,1,3121
4335,CallExpression,nan,2,-1,-1,74,6,74,60,packages\juice\test\run.js,1,3122
4336,Identifier,name,-1,-1,-1,20,18,20,22,packages\juice\test\run.js,1,3123
4338,Identifier,test,-1,-1,-1,20,13,20,17,packages\juice\test\run.js,1,3124
4339,Identifier,name,-1,-1,-1,45,18,45,22,packages\juice\test\run.js,1,3125
4341,Identifier,test,-1,-1,-1,45,13,45,17,packages\juice\test\run.js,1,3126
4343,CallExpression,nan,3,-1,-1,74,21,74,59,packages\juice\test\run.js,1,3127
4344,Identifier,onJuiced,-1,-1,-1,74,6,74,14,packages\juice\test\run.js,1,3128
4345,Identifier,html,-1,-1,-1,74,41,74,45,packages\juice\test\run.js,1,3129
4346,Identifier,css,-1,-1,-1,74,47,74,50,packages\juice\test\run.js,1,3130
4347,Identifier,config,-1,-1,-1,74,52,74,58,packages\juice\test\run.js,1,3131
4348,MemberExpression,nan,-1,-1,-1,74,21,74,40,packages\juice\test\run.js,1,3132
4349,Program,nan,-1,-1,-1,3,0,48,1,packages\juice\test\test.js,1,3133
4351,VariableDeclaration,nan,-1,-1,-1,5,0,5,27,packages\juice\test\test.js,1,3134
4352,VariableDeclaration,nan,-1,-1,-1,6,0,6,36,packages\juice\test\test.js,1,3135
4353,VariableDeclaration,nan,-1,-1,-1,7,0,7,27,packages\juice\test\test.js,1,3136
4354,VariableDeclaration,nan,-1,-1,-1,8,0,8,23,packages\juice\test\test.js,1,3137
4355,VariableDeclaration,nan,-1,-1,-1,9,0,9,29,packages\juice\test\test.js,1,3138
4356,VariableDeclaration,nan,-1,-1,-1,10,0,10,31,packages\juice\test\test.js,1,3139
4357,VariableDeclaration,nan,-1,-1,-1,12,0,18,2,packages\juice\test\test.js,1,3140
4360,FunctionDeclaration,nan,-1,1,1,31,0,48,1,packages\juice\test\test.js,1,3141
4362,CallExpression,nan,1,-1,-1,20,0,22,2,packages\juice\test\test.js,1,3142
4363,CallExpression,nan,2,-1,-1,24,0,29,2,packages\juice\test\test.js,1,3143
4364,Identifier,createIt,-1,-1,-1,31,9,31,17,packages\juice\test\test.js,1,3144
4365,Identifier,testName,-1,-1,-1,31,18,31,26,packages\juice\test\test.js,1,3145
4367,BlockStatement,nan,-1,-1,-1,31,28,48,1,packages\juice\test\test.js,1,3146
4368,FunctionExpression,nan,-1,1,0,20,14,22,1,packages\juice\test\test.js,1,3147
4369,MemberExpression,nan,-1,-1,-1,20,0,20,13,packages\juice\test\test.js,1,3148
4371,FunctionExpression,nan,-1,0,0,24,20,29,1,packages\juice\test\test.js,1,3149
4372,Identifier,it,-1,-1,-1,24,0,24,2,packages\juice\test\test.js,1,3150
4373,ReturnStatement,nan,1,-1,-1,32,2,47,4,packages\juice\test\test.js,1,3151
4374,Identifier,testName,-1,-1,-1,20,23,20,31,packages\juice\test\test.js,1,3152
4376,BlockStatement,nan,-1,-1,-1,20,33,22,1,packages\juice\test\test.js,1,3153
4378,BlockStatement,nan,-1,-1,-1,24,31,29,1,packages\juice\test\test.js,1,3154
4379,FunctionExpression,nan,-1,1,0,32,9,47,3,packages\juice\test\test.js,1,3155
4381,VariableDeclaration,nan,-1,-1,-1,25,2,25,28,packages\juice\test\test.js,1,3156
4382,VariableDeclaration,nan,-1,-1,-1,26,2,26,35,packages\juice\test\test.js,1,3157
4384,Identifier,cb,-1,-1,-1,32,18,32,20,packages\juice\test\test.js,1,3158
4386,BlockStatement,nan,-1,-1,-1,32,22,47,3,packages\juice\test\test.js,1,3159
4387,CallExpression,nan,2,-1,-1,21,2,21,34,packages\juice\test\test.js,1,3160
4388,CallExpression,nan,2,-1,-1,28,2,28,95,packages\juice\test\test.js,1,3161
4389,VariableDeclaration,nan,-1,-1,-1,33,4,33,28,packages\juice\test\test.js,1,3162
4393,Identifier,testName,-1,-1,-1,21,5,21,13,packages\juice\test\test.js,1,3163
4394,CallExpression,nan,1,-1,-1,21,15,21,33,packages\juice\test\test.js,1,3164
4395,Identifier,it,-1,-1,-1,21,2,21,4,packages\juice\test\test.js,1,3165
4396,CallExpression,nan,2,-1,-1,28,21,28,51,packages\juice\test\test.js,1,3166
4398,MemberExpression,nan,-1,-1,-1,28,2,28,20,packages\juice\test\test.js,1,3167
4399,CallExpression,nan,1,-1,-1,34,4,36,6,packages\juice\test\test.js,1,3168
4400,CallExpression,nan,1,-1,-1,37,4,39,6,packages\juice\test\test.js,1,3169
4401,CallExpression,nan,1,-1,-1,40,4,46,6,packages\juice\test\test.js,1,3170
4402,Identifier,testName,-1,-1,-1,21,24,21,32,packages\juice\test\test.js,1,3171
4403,Identifier,createIt,-1,-1,-1,21,15,21,23,packages\juice\test\test.js,1,3172
4404,Identifier,html,-1,-1,-1,28,41,28,45,packages\juice\test\test.js,1,3173
4405,Identifier,css,-1,-1,-1,28,47,28,50,packages\juice\test\test.js,1,3174
4406,MemberExpression,nan,-1,-1,-1,28,21,28,40,packages\juice\test\test.js,1,3175
4407,FunctionExpression,nan,-1,1,0,34,15,36,5,packages\juice\test\test.js,1,3176
4408,MemberExpression,nan,-1,-1,-1,34,4,34,14,packages\juice\test\test.js,1,3177
4409,FunctionExpression,nan,-1,1,0,37,15,39,5,packages\juice\test\test.js,1,3178
4410,MemberExpression,nan,-1,-1,-1,37,4,37,14,packages\juice\test\test.js,1,3179
4411,FunctionExpression,nan,-1,2,1,40,14,46,5,packages\juice\test\test.js,1,3180
4412,MemberExpression,nan,-1,-1,-1,40,4,40,13,packages\juice\test\test.js,1,3181
4413,Identifier,cb,-1,-1,-1,34,24,34,26,packages\juice\test\test.js,1,3182
4415,BlockStatement,nan,-1,-1,-1,34,28,36,5,packages\juice\test\test.js,1,3183
4416,Identifier,cb,-1,-1,-1,37,24,37,26,packages\juice\test\test.js,1,3184
4418,BlockStatement,nan,-1,-1,-1,37,28,39,5,packages\juice\test\test.js,1,3185
4419,Identifier,err,-1,-1,-1,40,23,40,26,packages\juice\test\test.js,1,3186
4420,Identifier,results,-1,-1,-1,40,28,40,35,packages\juice\test\test.js,1,3187
4422,BlockStatement,nan,-1,-1,-1,40,37,46,5,packages\juice\test\test.js,1,3188
4425,IfStatement,nan,-1,-1,-1,41,6,43,7,packages\juice\test\test.js,1,3189
4428,CallExpression,nan,3,-1,-1,35,6,35,82,packages\juice\test\test.js,1,3190
4429,CallExpression,nan,3,-1,-1,38,6,38,83,packages\juice\test\test.js,1,3191
4430,BlockStatement,nan,-1,-1,-1,41,15,43,7,packages\juice\test\test.js,1,3192
4431,Identifier,err,-1,-1,-1,41,10,41,13,packages\juice\test\test.js,1,3193
4432,CallExpression,nan,2,-1,-1,44,6,44,118,packages\juice\test\test.js,1,3194
4433,CallExpression,nan,0,-1,-1,45,6,45,10,packages\juice\test\test.js,1,3195
4434,CallExpression,nan,3,-1,-1,35,22,35,73,packages\juice\test\test.js,1,3196
4435,ObjectExpression,nan,-1,-1,-1,35,75,35,77,packages\juice\test\test.js,1,3197
4436,Identifier,cb,-1,-1,-1,35,79,35,81,packages\juice\test\test.js,1,3198
4437,MemberExpression,nan,-1,-1,-1,35,6,35,21,packages\juice\test\test.js,1,3199
4438,CallExpression,nan,3,-1,-1,38,18,38,70,packages\juice\test\test.js,1,3200
4440,Identifier,cb,-1,-1,-1,38,80,38,82,packages\juice\test\test.js,1,3201
4441,MemberExpression,nan,-1,-1,-1,38,6,38,17,packages\juice\test\test.js,1,3202
4442,ReturnStatement,nan,1,-1,-1,42,8,42,23,packages\juice\test\test.js,1,3203
4443,CallExpression,nan,1,-1,-1,44,25,44,70,packages\juice\test\test.js,1,3204
4444,CallExpression,nan,1,-1,-1,44,72,44,117,packages\juice\test\test.js,1,3205
4445,MemberExpression,nan,-1,-1,-1,44,6,44,24,packages\juice\test\test.js,1,3206
4446,Identifier,cb,-1,-1,-1,45,6,45,8,packages\juice\test\test.js,1,3207
4447,Identifier,__dirname,-1,-1,-1,35,32,35,41,packages\juice\test\test.js,1,3208
4450,MemberExpression,nan,-1,-1,-1,35,22,35,31,packages\juice\test\test.js,1,3209
4451,Identifier,__dirname,-1,-1,-1,38,28,38,37,packages\juice\test\test.js,1,3210
4454,MemberExpression,nan,-1,-1,-1,38,18,38,27,packages\juice\test\test.js,1,3211
4455,CallExpression,nan,1,-1,-1,42,15,42,22,packages\juice\test\test.js,1,3212
4456,CallExpression,nan,0,-1,-1,44,52,44,69,packages\juice\test\test.js,1,3213
4457,MemberExpression,nan,-1,-1,-1,44,25,44,51,packages\juice\test\test.js,1,3214
4458,CallExpression,nan,0,-1,-1,44,99,44,116,packages\juice\test\test.js,1,3215
4459,MemberExpression,nan,-1,-1,-1,44,72,44,98,packages\juice\test\test.js,1,3216
4460,Identifier,testName,-1,-1,-1,35,51,35,59,packages\juice\test\test.js,1,3217
4462,Identifier,testName,-1,-1,-1,38,47,38,55,packages\juice\test\test.js,1,3218
4464,Identifier,err,-1,-1,-1,42,18,42,21,packages\juice\test\test.js,1,3219
4465,Identifier,cb,-1,-1,-1,42,15,42,17,packages\juice\test\test.js,1,3220
4466,MemberExpression,nan,-1,-1,-1,44,52,44,67,packages\juice\test\test.js,1,3221
4467,MemberExpression,nan,-1,-1,-1,44,99,44,114,packages\juice\test\test.js,1,3222
