id,type,name,params_len,argument_len,returns,start_line,start_column,end_line,end_column,file_name,file_is_index_or_test,new_id
1,Program,nan,-1,-1,-1,1,0,29,25,packages\klaw-sync\klaw-sync.js,0,0
3,VariableDeclaration,nan,-1,-1,-1,2,0,2,33,packages\klaw-sync\klaw-sync.js,0,1
4,VariableDeclaration,nan,-1,-1,-1,3,0,3,28,packages\klaw-sync\klaw-sync.js,0,2
5,FunctionDeclaration,nan,-1,3,1,5,0,27,1,packages\klaw-sync\klaw-sync.js,0,3
8,Identifier,klawSync,-1,-1,-1,5,9,5,17,packages\klaw-sync\klaw-sync.js,0,4
9,Identifier,dir,-1,-1,-1,5,19,5,22,packages\klaw-sync\klaw-sync.js,0,5
10,Identifier,opts,-1,-1,-1,5,24,5,28,packages\klaw-sync\klaw-sync.js,0,6
11,Identifier,ls,-1,-1,-1,5,30,5,32,packages\klaw-sync\klaw-sync.js,0,7
13,BlockStatement,nan,-1,-1,-1,5,34,27,1,packages\klaw-sync\klaw-sync.js,0,8
14,AssignmentExpression,nan,-1,-1,-1,29,0,29,25,packages\klaw-sync\klaw-sync.js,0,9
15,IfStatement,nan,-1,-1,-1,6,2,12,3,packages\klaw-sync\klaw-sync.js,0,10
16,VariableDeclaration,nan,-1,-1,-1,13,2,13,69,packages\klaw-sync\klaw-sync.js,0,11
17,ForStatement,nan,-1,-1,-1,14,2,25,3,packages\klaw-sync\klaw-sync.js,0,12
18,ReturnStatement,nan,1,-1,-1,26,2,26,11,packages\klaw-sync\klaw-sync.js,0,13
19,MemberExpression,nan,-1,-1,-1,29,0,29,14,packages\klaw-sync\klaw-sync.js,0,14
20,Identifier,klawSync,-1,-1,-1,29,17,29,25,packages\klaw-sync\klaw-sync.js,0,15
21,BlockStatement,nan,-1,-1,-1,6,11,12,3,packages\klaw-sync\klaw-sync.js,0,16
22,UnaryExpression,nan,1,-1,-1,6,6,6,9,packages\klaw-sync\klaw-sync.js,0,17
24,BlockStatement,nan,-1,-1,-1,14,44,25,3,packages\klaw-sync\klaw-sync.js,0,18
25,Identifier,ls,-1,-1,-1,26,9,26,11,packages\klaw-sync\klaw-sync.js,0,19
30,IfStatement,nan,-1,-1,-1,11,4,11,77,packages\klaw-sync\klaw-sync.js,0,20
31,Identifier,ls,-1,-1,-1,6,7,6,9,packages\klaw-sync\klaw-sync.js,0,21
32,Identifier,i,-1,-1,-1,14,18,14,19,packages\klaw-sync\klaw-sync.js,0,22
33,MemberExpression,nan,-1,-1,-1,14,22,14,34,packages\klaw-sync\klaw-sync.js,0,23
34,VariableDeclaration,nan,-1,-1,-1,15,4,15,23,packages\klaw-sync\klaw-sync.js,0,24
35,VariableDeclaration,nan,-1,-1,-1,16,4,16,36,packages\klaw-sync\klaw-sync.js,0,25
36,VariableDeclaration,nan,-1,-1,-1,17,4,17,38,packages\klaw-sync\klaw-sync.js,0,26
37,VariableDeclaration,nan,-1,-1,-1,18,4,18,111,packages\klaw-sync\klaw-sync.js,0,27
38,VariableDeclaration,nan,-1,-1,-1,19,4,19,63,packages\klaw-sync\klaw-sync.js,0,28
39,VariableDeclaration,nan,-1,-1,-1,20,4,20,34,packages\klaw-sync\klaw-sync.js,0,29
40,VariableDeclaration,nan,-1,-1,-1,21,4,21,74,packages\klaw-sync\klaw-sync.js,0,30
41,VariableDeclaration,nan,-1,-1,-1,22,4,22,91,packages\klaw-sync\klaw-sync.js,0,31
42,IfStatement,nan,-1,-1,-1,23,4,23,32,packages\klaw-sync\klaw-sync.js,0,32
43,IfStatement,nan,-1,-1,-1,24,4,24,51,packages\klaw-sync\klaw-sync.js,0,33
44,AssignmentExpression,nan,-1,-1,-1,7,4,7,11,packages\klaw-sync\klaw-sync.js,0,34
45,AssignmentExpression,nan,-1,-1,-1,8,4,8,27,packages\klaw-sync\klaw-sync.js,0,35
46,AssignmentExpression,nan,-1,-1,-1,9,4,9,21,packages\klaw-sync\klaw-sync.js,0,36
47,AssignmentExpression,nan,-1,-1,-1,10,4,10,27,packages\klaw-sync\klaw-sync.js,0,37
51,Identifier,shouldAdd,-1,-1,-1,23,8,23,17,packages\klaw-sync\klaw-sync.js,0,38
53,Identifier,shouldTraverse,-1,-1,-1,24,8,24,22,packages\klaw-sync\klaw-sync.js,0,39
54,Identifier,ls,-1,-1,-1,7,4,7,6,packages\klaw-sync\klaw-sync.js,0,40
55,ArrayExpression,nan,-1,-1,-1,7,9,7,11,packages\klaw-sync\klaw-sync.js,0,41
56,Identifier,dir,-1,-1,-1,8,4,8,7,packages\klaw-sync\klaw-sync.js,0,42
57,CallExpression,nan,1,-1,-1,8,10,8,27,packages\klaw-sync\klaw-sync.js,0,43
58,Identifier,opts,-1,-1,-1,9,4,9,8,packages\klaw-sync\klaw-sync.js,0,44
59,LogicalExpression,nan,-1,-1,-1,9,11,9,21,packages\klaw-sync\klaw-sync.js,0,45
60,MemberExpression,nan,-1,-1,-1,10,4,10,11,packages\klaw-sync\klaw-sync.js,0,46
61,LogicalExpression,nan,-1,-1,-1,10,14,10,27,packages\klaw-sync\klaw-sync.js,0,47
62,AssignmentExpression,nan,-1,-1,-1,11,30,11,77,packages\klaw-sync\klaw-sync.js,0,48
63,MemberExpression,nan,-1,-1,-1,11,8,11,23,packages\klaw-sync\klaw-sync.js,0,49
64,UnaryExpression,nan,1,-1,-1,11,26,11,28,packages\klaw-sync\klaw-sync.js,0,50
65,CallExpression,nan,1,-1,-1,23,19,23,32,packages\klaw-sync\klaw-sync.js,0,51
66,AssignmentExpression,nan,-1,-1,-1,24,24,24,51,packages\klaw-sync\klaw-sync.js,0,52
67,Identifier,dir,-1,-1,-1,8,23,8,26,packages\klaw-sync\klaw-sync.js,0,53
68,MemberExpression,nan,-1,-1,-1,8,10,8,22,packages\klaw-sync\klaw-sync.js,0,54
69,Identifier,opts,-1,-1,-1,9,11,9,15,packages\klaw-sync\klaw-sync.js,0,55
70,ObjectExpression,nan,-1,-1,-1,9,19,9,21,packages\klaw-sync\klaw-sync.js,0,56
71,MemberExpression,nan,-1,-1,-1,10,14,10,21,packages\klaw-sync\klaw-sync.js,0,57
72,Identifier,fs,-1,-1,-1,10,25,10,27,packages\klaw-sync\klaw-sync.js,0,58
73,MemberExpression,nan,-1,-1,-1,11,30,11,44,packages\klaw-sync\klaw-sync.js,0,59
76,Identifier,item,-1,-1,-1,23,27,23,31,packages\klaw-sync\klaw-sync.js,0,60
77,MemberExpression,nan,-1,-1,-1,23,19,23,26,packages\klaw-sync\klaw-sync.js,0,61
78,Identifier,ls,-1,-1,-1,24,24,24,26,packages\klaw-sync\klaw-sync.js,0,62
79,CallExpression,nan,3,-1,-1,24,29,24,51,packages\klaw-sync\klaw-sync.js,0,63
80,MemberExpression,nan,-1,-1,-1,11,47,11,73,packages\klaw-sync\klaw-sync.js,0,64
82,Identifier,pi,-1,-1,-1,24,38,24,40,packages\klaw-sync\klaw-sync.js,0,65
83,Identifier,opts,-1,-1,-1,24,42,24,46,packages\klaw-sync\klaw-sync.js,0,66
84,Identifier,ls,-1,-1,-1,24,48,24,50,packages\klaw-sync\klaw-sync.js,0,67
85,Identifier,klawSync,-1,-1,-1,24,29,24,37,packages\klaw-sync\klaw-sync.js,0,68
86,Program,nan,-1,-1,-1,1,0,47,1,packages\klaw-sync\benchmark\bm.js,0,69
88,VariableDeclaration,nan,-1,-1,-1,2,0,2,30,packages\klaw-sync\benchmark\bm.js,0,70
89,VariableDeclaration,nan,-1,-1,-1,3,0,3,28,packages\klaw-sync\benchmark\bm.js,0,71
90,VariableDeclaration,nan,-1,-1,-1,4,0,4,26,packages\klaw-sync\benchmark\bm.js,0,72
91,VariableDeclaration,nan,-1,-1,-1,5,0,5,38,packages\klaw-sync\benchmark\bm.js,0,73
92,VariableDeclaration,nan,-1,-1,-1,6,0,6,37,packages\klaw-sync\benchmark\bm.js,0,74
93,VariableDeclaration,nan,-1,-1,-1,7,0,7,43,packages\klaw-sync\benchmark\bm.js,0,75
94,VariableDeclaration,nan,-1,-1,-1,9,0,9,68,packages\klaw-sync\benchmark\bm.js,0,76
95,VariableDeclaration,nan,-1,-1,-1,10,0,14,1,packages\klaw-sync\benchmark\bm.js,0,77
98,FunctionDeclaration,nan,-1,0,0,24,0,26,1,packages\klaw-sync\benchmark\bm.js,0,78
99,FunctionDeclaration,nan,-1,1,0,28,0,32,1,packages\klaw-sync\benchmark\bm.js,0,79
100,FunctionDeclaration,nan,-1,1,0,34,0,47,1,packages\klaw-sync\benchmark\bm.js,0,80
102,CallExpression,nan,1,-1,-1,16,0,16,40,packages\klaw-sync\benchmark\bm.js,0,81
103,CallExpression,nan,1,-1,-1,17,0,22,2,packages\klaw-sync\benchmark\bm.js,0,82
104,Identifier,tearDown,-1,-1,-1,24,9,24,17,packages\klaw-sync\benchmark\bm.js,0,83
106,BlockStatement,nan,-1,-1,-1,24,21,26,1,packages\klaw-sync\benchmark\bm.js,0,84
107,Identifier,setup,-1,-1,-1,28,9,28,14,packages\klaw-sync\benchmark\bm.js,0,85
108,Identifier,p,-1,-1,-1,28,16,28,17,packages\klaw-sync\benchmark\bm.js,0,86
110,BlockStatement,nan,-1,-1,-1,28,19,32,1,packages\klaw-sync\benchmark\bm.js,0,87
111,Identifier,run,-1,-1,-1,34,9,34,12,packages\klaw-sync\benchmark\bm.js,0,88
112,Identifier,root,-1,-1,-1,34,14,34,18,packages\klaw-sync\benchmark\bm.js,0,89
114,BlockStatement,nan,-1,-1,-1,34,20,47,1,packages\klaw-sync\benchmark\bm.js,0,90
116,MemberExpression,nan,-1,-1,-1,16,0,16,11,packages\klaw-sync\benchmark\bm.js,0,91
117,ArrowFunctionExpression,nan,-1,1,0,17,14,22,1,packages\klaw-sync\benchmark\bm.js,0,92
118,MemberExpression,nan,-1,-1,-1,17,0,17,13,packages\klaw-sync\benchmark\bm.js,0,93
123,VariableDeclaration,nan,-1,-1,-1,35,2,35,33,packages\klaw-sync\benchmark\bm.js,0,94
125,Identifier,p,-1,-1,-1,17,14,17,15,packages\klaw-sync\benchmark\bm.js,0,95
127,BlockStatement,nan,-1,-1,-1,17,19,22,1,packages\klaw-sync\benchmark\bm.js,0,96
128,CallExpression,nan,1,-1,-1,25,2,25,24,packages\klaw-sync\benchmark\bm.js,0,97
129,CallExpression,nan,0,-1,-1,29,2,29,12,packages\klaw-sync\benchmark\bm.js,0,98
130,CallExpression,nan,1,-1,-1,30,2,30,18,packages\klaw-sync\benchmark\bm.js,0,99
131,CallExpression,nan,1,-1,-1,31,2,31,19,packages\klaw-sync\benchmark\bm.js,0,100
132,CallExpression,nan,0,-1,-1,36,2,46,10,packages\klaw-sync\benchmark\bm.js,0,101
137,Identifier,testDir,-1,-1,-1,25,16,25,23,packages\klaw-sync\benchmark\bm.js,0,102
138,MemberExpression,nan,-1,-1,-1,25,2,25,15,packages\klaw-sync\benchmark\bm.js,0,103
139,Identifier,tearDown,-1,-1,-1,29,2,29,10,packages\klaw-sync\benchmark\bm.js,0,104
140,MemberExpression,nan,-1,-1,-1,30,11,30,17,packages\klaw-sync\benchmark\bm.js,0,105
141,MemberExpression,nan,-1,-1,-1,30,2,30,10,packages\klaw-sync\benchmark\bm.js,0,106
142,MemberExpression,nan,-1,-1,-1,31,11,31,18,packages\klaw-sync\benchmark\bm.js,0,107
143,MemberExpression,nan,-1,-1,-1,31,2,31,10,packages\klaw-sync\benchmark\bm.js,0,108
144,MemberExpression,nan,-1,-1,-1,36,2,46,8,packages\klaw-sync\benchmark\bm.js,0,109
145,CallExpression,nan,1,-1,-1,18,2,18,10,packages\klaw-sync\benchmark\bm.js,0,110
146,CallExpression,nan,1,-1,-1,19,2,19,63,packages\klaw-sync\benchmark\bm.js,0,111
147,CallExpression,nan,1,-1,-1,20,2,20,14,packages\klaw-sync\benchmark\bm.js,0,112
148,CallExpression,nan,0,-1,-1,21,2,21,12,packages\klaw-sync\benchmark\bm.js,0,113
149,Identifier,p,-1,-1,-1,18,8,18,9,packages\klaw-sync\benchmark\bm.js,0,114
150,Identifier,setup,-1,-1,-1,18,2,18,7,packages\klaw-sync\benchmark\bm.js,0,115
151,TemplateLiteral,nan,-1,-1,-1,19,14,19,62,packages\klaw-sync\benchmark\bm.js,0,116
152,MemberExpression,nan,-1,-1,-1,19,2,19,13,packages\klaw-sync\benchmark\bm.js,0,117
153,Identifier,testDir,-1,-1,-1,20,6,20,13,packages\klaw-sync\benchmark\bm.js,0,118
154,Identifier,run,-1,-1,-1,20,2,20,5,packages\klaw-sync\benchmark\bm.js,0,119
155,Identifier,tearDown,-1,-1,-1,21,2,21,10,packages\klaw-sync\benchmark\bm.js,0,120
156,Program,nan,-1,-1,-1,1,0,219,2,packages\klaw-sync\test\klaw-sync-customfs.test.js,1,121
158,VariableDeclaration,nan,-1,-1,-1,2,0,2,32,packages\klaw-sync\test\klaw-sync-customfs.test.js,1,122
159,VariableDeclaration,nan,-1,-1,-1,3,0,3,28,packages\klaw-sync\test\klaw-sync-customfs.test.js,1,123
160,VariableDeclaration,nan,-1,-1,-1,4,0,4,43,packages\klaw-sync\test\klaw-sync-customfs.test.js,1,124
161,VariableDeclaration,nan,-1,-1,-1,5,0,5,43,packages\klaw-sync\test\klaw-sync-customfs.test.js,1,125
162,VariableDeclaration,nan,-1,-1,-1,7,0,7,65,packages\klaw-sync\test\klaw-sync-customfs.test.js,1,126
166,CallExpression,nan,1,-1,-1,8,0,8,24,packages\klaw-sync\test\klaw-sync-customfs.test.js,1,127
167,CallExpression,nan,2,-1,-1,10,0,219,2,packages\klaw-sync\test\klaw-sync-customfs.test.js,1,128
168,ArrowFunctionExpression,nan,-1,0,0,8,6,8,23,packages\klaw-sync\test\klaw-sync-customfs.test.js,1,129
169,Identifier,after,-1,-1,-1,8,0,8,5,packages\klaw-sync\test\klaw-sync-customfs.test.js,1,130
171,ArrowFunctionExpression,nan,-1,0,0,10,34,219,1,packages\klaw-sync\test\klaw-sync-customfs.test.js,1,131
172,Identifier,describe,-1,-1,-1,10,0,10,8,packages\klaw-sync\test\klaw-sync-customfs.test.js,1,132
174,CallExpression,nan,0,-1,-1,8,12,8,23,packages\klaw-sync\test\klaw-sync-customfs.test.js,1,133
176,BlockStatement,nan,-1,-1,-1,10,40,219,1,packages\klaw-sync\test\klaw-sync-customfs.test.js,1,134
177,MemberExpression,nan,-1,-1,-1,8,12,8,21,packages\klaw-sync\test\klaw-sync-customfs.test.js,1,135
178,VariableDeclaration,nan,-1,-1,-1,11,2,11,74,packages\klaw-sync\test\klaw-sync-customfs.test.js,1,136
179,VariableDeclaration,nan,-1,-1,-1,12,2,12,70,packages\klaw-sync\test\klaw-sync-customfs.test.js,1,137
180,VariableDeclaration,nan,-1,-1,-1,13,2,13,17,packages\klaw-sync\test\klaw-sync-customfs.test.js,1,138
186,CallExpression,nan,1,-1,-1,15,2,29,4,packages\klaw-sync\test\klaw-sync-customfs.test.js,1,139
187,CallExpression,nan,2,-1,-1,31,2,58,4,packages\klaw-sync\test\klaw-sync-customfs.test.js,1,140
188,CallExpression,nan,2,-1,-1,60,2,73,4,packages\klaw-sync\test\klaw-sync-customfs.test.js,1,141
189,CallExpression,nan,2,-1,-1,75,2,98,4,packages\klaw-sync\test\klaw-sync-customfs.test.js,1,142
190,CallExpression,nan,2,-1,-1,100,2,218,4,packages\klaw-sync\test\klaw-sync-customfs.test.js,1,143
191,ArrowFunctionExpression,nan,-1,0,0,15,13,29,3,packages\klaw-sync\test\klaw-sync-customfs.test.js,1,144
192,Identifier,beforeEach,-1,-1,-1,15,2,15,12,packages\klaw-sync\test\klaw-sync-customfs.test.js,1,145
194,ArrowFunctionExpression,nan,-1,0,0,31,74,58,3,packages\klaw-sync\test\klaw-sync-customfs.test.js,1,146
195,Identifier,it,-1,-1,-1,31,2,31,4,packages\klaw-sync\test\klaw-sync-customfs.test.js,1,147
197,ArrowFunctionExpression,nan,-1,0,0,60,55,73,3,packages\klaw-sync\test\klaw-sync-customfs.test.js,1,148
198,Identifier,it,-1,-1,-1,60,2,60,4,packages\klaw-sync\test\klaw-sync-customfs.test.js,1,149
200,ArrowFunctionExpression,nan,-1,0,0,75,55,98,3,packages\klaw-sync\test\klaw-sync-customfs.test.js,1,150
201,Identifier,it,-1,-1,-1,75,2,75,4,packages\klaw-sync\test\klaw-sync-customfs.test.js,1,151
203,ArrowFunctionExpression,nan,-1,0,0,100,39,218,3,packages\klaw-sync\test\klaw-sync-customfs.test.js,1,152
204,Identifier,describe,-1,-1,-1,100,2,100,10,packages\klaw-sync\test\klaw-sync-customfs.test.js,1,153
206,BlockStatement,nan,-1,-1,-1,15,19,29,3,packages\klaw-sync\test\klaw-sync-customfs.test.js,1,154
208,BlockStatement,nan,-1,-1,-1,31,80,58,3,packages\klaw-sync\test\klaw-sync-customfs.test.js,1,155
210,BlockStatement,nan,-1,-1,-1,60,61,73,3,packages\klaw-sync\test\klaw-sync-customfs.test.js,1,156
212,BlockStatement,nan,-1,-1,-1,75,61,98,3,packages\klaw-sync\test\klaw-sync-customfs.test.js,1,157
214,BlockStatement,nan,-1,-1,-1,100,45,218,3,packages\klaw-sync\test\klaw-sync-customfs.test.js,1,158
220,VariableDeclaration,nan,-1,-1,-1,32,4,32,51,packages\klaw-sync\test\klaw-sync-customfs.test.js,1,159
221,VariableDeclaration,nan,-1,-1,-1,33,4,41,5,packages\klaw-sync\test\klaw-sync-customfs.test.js,1,160
224,VariableDeclaration,nan,-1,-1,-1,61,4,65,5,packages\klaw-sync\test\klaw-sync-customfs.test.js,1,161
225,VariableDeclaration,nan,-1,-1,-1,66,4,66,64,packages\klaw-sync\test\klaw-sync-customfs.test.js,1,162
228,VariableDeclaration,nan,-1,-1,-1,76,4,76,64,packages\klaw-sync\test\klaw-sync-customfs.test.js,1,163
229,VariableDeclaration,nan,-1,-1,-1,77,4,82,5,packages\klaw-sync\test\klaw-sync-customfs.test.js,1,164
236,CallExpression,nan,0,-1,-1,16,4,16,15,packages\klaw-sync\test\klaw-sync-customfs.test.js,1,165
237,CallExpression,nan,1,-1,-1,18,4,21,6,packages\klaw-sync\test\klaw-sync-customfs.test.js,1,166
238,CallExpression,nan,1,-1,-1,23,4,26,6,packages\klaw-sync\test\klaw-sync-customfs.test.js,1,167
239,AssignmentExpression,nan,-1,-1,-1,27,4,27,58,packages\klaw-sync\test\klaw-sync-customfs.test.js,1,168
240,AssignmentExpression,nan,-1,-1,-1,28,4,28,56,packages\klaw-sync\test\klaw-sync-customfs.test.js,1,169
241,CallExpression,nan,2,-1,-1,42,4,42,50,packages\klaw-sync\test\klaw-sync-customfs.test.js,1,170
242,CallExpression,nan,1,-1,-1,43,4,57,6,packages\klaw-sync\test\klaw-sync-customfs.test.js,1,171
243,CallExpression,nan,2,-1,-1,67,4,67,54,packages\klaw-sync\test\klaw-sync-customfs.test.js,1,172
244,CallExpression,nan,1,-1,-1,68,4,72,6,packages\klaw-sync\test\klaw-sync-customfs.test.js,1,173
245,CallExpression,nan,2,-1,-1,83,4,83,52,packages\klaw-sync\test\klaw-sync-customfs.test.js,1,174
246,CallExpression,nan,1,-1,-1,84,4,97,6,packages\klaw-sync\test\klaw-sync-customfs.test.js,1,175
247,CallExpression,nan,2,-1,-1,101,4,115,6,packages\klaw-sync\test\klaw-sync-customfs.test.js,1,176
248,CallExpression,nan,2,-1,-1,117,4,153,6,packages\klaw-sync\test\klaw-sync-customfs.test.js,1,177
249,CallExpression,nan,2,-1,-1,155,4,192,6,packages\klaw-sync\test\klaw-sync-customfs.test.js,1,178
250,CallExpression,nan,2,-1,-1,194,4,217,6,packages\klaw-sync\test\klaw-sync-customfs.test.js,1,179
251,MemberExpression,nan,-1,-1,-1,16,4,16,13,packages\klaw-sync\test\klaw-sync-customfs.test.js,1,180
252,ArrowFunctionExpression,nan,-1,1,0,18,21,21,5,packages\klaw-sync\test\klaw-sync-customfs.test.js,1,181
253,MemberExpression,nan,-1,-1,-1,18,4,18,20,packages\klaw-sync\test\klaw-sync-customfs.test.js,1,182
254,ArrowFunctionExpression,nan,-1,2,0,23,22,26,5,packages\klaw-sync\test\klaw-sync-customfs.test.js,1,183
255,MemberExpression,nan,-1,-1,-1,23,4,23,21,packages\klaw-sync\test\klaw-sync-customfs.test.js,1,184
256,Identifier,DIRS,-1,-1,-1,27,4,27,8,packages\klaw-sync\test\klaw-sync-customfs.test.js,1,185
257,CallExpression,nan,1,-1,-1,27,11,27,58,packages\klaw-sync\test\klaw-sync-customfs.test.js,1,186
258,Identifier,FILES,-1,-1,-1,28,4,28,9,packages\klaw-sync\test\klaw-sync-customfs.test.js,1,187
259,CallExpression,nan,1,-1,-1,28,12,28,56,packages\klaw-sync\test\klaw-sync-customfs.test.js,1,188
260,MemberExpression,nan,-1,-1,-1,42,23,42,35,packages\klaw-sync\test\klaw-sync-customfs.test.js,1,189
261,MemberExpression,nan,-1,-1,-1,42,37,42,49,packages\klaw-sync\test\klaw-sync-customfs.test.js,1,190
262,MemberExpression,nan,-1,-1,-1,42,4,42,22,packages\klaw-sync\test\klaw-sync-customfs.test.js,1,191
263,ArrowFunctionExpression,nan,-1,1,0,43,18,57,5,packages\klaw-sync\test\klaw-sync-customfs.test.js,1,192
264,MemberExpression,nan,-1,-1,-1,43,4,43,17,packages\klaw-sync\test\klaw-sync-customfs.test.js,1,193
265,MemberExpression,nan,-1,-1,-1,67,23,67,35,packages\klaw-sync\test\klaw-sync-customfs.test.js,1,194
266,MemberExpression,nan,-1,-1,-1,67,37,67,53,packages\klaw-sync\test\klaw-sync-customfs.test.js,1,195
267,MemberExpression,nan,-1,-1,-1,67,4,67,22,packages\klaw-sync\test\klaw-sync-customfs.test.js,1,196
268,ArrowFunctionExpression,nan,-1,1,0,68,18,72,5,packages\klaw-sync\test\klaw-sync-customfs.test.js,1,197
269,MemberExpression,nan,-1,-1,-1,68,4,68,17,packages\klaw-sync\test\klaw-sync-customfs.test.js,1,198
270,MemberExpression,nan,-1,-1,-1,83,23,83,34,packages\klaw-sync\test\klaw-sync-customfs.test.js,1,199
271,MemberExpression,nan,-1,-1,-1,83,36,83,51,packages\klaw-sync\test\klaw-sync-customfs.test.js,1,200
272,MemberExpression,nan,-1,-1,-1,83,4,83,22,packages\klaw-sync\test\klaw-sync-customfs.test.js,1,201
273,ArrowFunctionExpression,nan,-1,2,0,84,17,97,5,packages\klaw-sync\test\klaw-sync-customfs.test.js,1,202
274,MemberExpression,nan,-1,-1,-1,84,4,84,16,packages\klaw-sync\test\klaw-sync-customfs.test.js,1,203
276,ArrowFunctionExpression,nan,-1,0,0,101,38,115,5,packages\klaw-sync\test\klaw-sync-customfs.test.js,1,204
277,Identifier,it,-1,-1,-1,101,4,101,6,packages\klaw-sync\test\klaw-sync-customfs.test.js,1,205
279,ArrowFunctionExpression,nan,-1,0,0,117,64,153,5,packages\klaw-sync\test\klaw-sync-customfs.test.js,1,206
280,Identifier,it,-1,-1,-1,117,4,117,6,packages\klaw-sync\test\klaw-sync-customfs.test.js,1,207
282,ArrowFunctionExpression,nan,-1,0,0,155,56,192,5,packages\klaw-sync\test\klaw-sync-customfs.test.js,1,208
283,Identifier,it,-1,-1,-1,155,4,155,6,packages\klaw-sync\test\klaw-sync-customfs.test.js,1,209
285,ArrowFunctionExpression,nan,-1,0,0,194,46,217,5,packages\klaw-sync\test\klaw-sync-customfs.test.js,1,210
286,Identifier,it,-1,-1,-1,194,4,194,6,packages\klaw-sync\test\klaw-sync-customfs.test.js,1,211
287,Identifier,dir,-1,-1,-1,18,22,18,25,packages\klaw-sync\test\klaw-sync-customfs.test.js,1,212
289,BlockStatement,nan,-1,-1,-1,18,30,21,5,packages\klaw-sync\test\klaw-sync-customfs.test.js,1,213
290,Identifier,f,-1,-1,-1,23,23,23,24,packages\klaw-sync\test\klaw-sync-customfs.test.js,1,214
291,Identifier,i,-1,-1,-1,23,26,23,27,packages\klaw-sync\test\klaw-sync-customfs.test.js,1,215
293,BlockStatement,nan,-1,-1,-1,23,32,26,5,packages\klaw-sync\test\klaw-sync-customfs.test.js,1,216
294,ArrowFunctionExpression,nan,-1,1,0,27,24,27,57,packages\klaw-sync\test\klaw-sync-customfs.test.js,1,217
295,MemberExpression,nan,-1,-1,-1,27,11,27,23,packages\klaw-sync\test\klaw-sync-customfs.test.js,1,218
296,ArrowFunctionExpression,nan,-1,1,0,28,26,28,55,packages\klaw-sync\test\klaw-sync-customfs.test.js,1,219
297,MemberExpression,nan,-1,-1,-1,28,12,28,25,packages\klaw-sync\test\klaw-sync-customfs.test.js,1,220
298,Identifier,item,-1,-1,-1,43,19,43,23,packages\klaw-sync\test\klaw-sync-customfs.test.js,1,221
300,BlockStatement,nan,-1,-1,-1,43,28,57,5,packages\klaw-sync\test\klaw-sync-customfs.test.js,1,222
301,Identifier,f,-1,-1,-1,68,19,68,20,packages\klaw-sync\test\klaw-sync-customfs.test.js,1,223
303,BlockStatement,nan,-1,-1,-1,68,25,72,5,packages\klaw-sync\test\klaw-sync-customfs.test.js,1,224
304,Identifier,dir,-1,-1,-1,84,18,84,21,packages\klaw-sync\test\klaw-sync-customfs.test.js,1,225
305,Identifier,i,-1,-1,-1,84,23,84,24,packages\klaw-sync\test\klaw-sync-customfs.test.js,1,226
307,BlockStatement,nan,-1,-1,-1,84,29,97,5,packages\klaw-sync\test\klaw-sync-customfs.test.js,1,227
309,BlockStatement,nan,-1,-1,-1,101,44,115,5,packages\klaw-sync\test\klaw-sync-customfs.test.js,1,228
311,BlockStatement,nan,-1,-1,-1,117,70,153,5,packages\klaw-sync\test\klaw-sync-customfs.test.js,1,229
313,BlockStatement,nan,-1,-1,-1,155,62,192,5,packages\klaw-sync\test\klaw-sync-customfs.test.js,1,230
315,BlockStatement,nan,-1,-1,-1,194,52,217,5,packages\klaw-sync\test\klaw-sync-customfs.test.js,1,231
316,VariableDeclaration,nan,-1,-1,-1,19,6,19,47,packages\klaw-sync\test\klaw-sync-customfs.test.js,1,232
318,VariableDeclaration,nan,-1,-1,-1,24,6,24,45,packages\klaw-sync\test\klaw-sync-customfs.test.js,1,233
320,Identifier,dir,-1,-1,-1,27,25,27,28,packages\klaw-sync\test\klaw-sync-customfs.test.js,1,234
322,CallExpression,nan,2,-1,-1,27,33,27,57,packages\klaw-sync\test\klaw-sync-customfs.test.js,1,235
323,Identifier,f,-1,-1,-1,28,27,28,28,packages\klaw-sync\test\klaw-sync-customfs.test.js,1,236
325,CallExpression,nan,2,-1,-1,28,33,28,55,packages\klaw-sync\test\klaw-sync-customfs.test.js,1,237
326,VariableDeclaration,nan,-1,-1,-1,44,6,44,62,packages\klaw-sync\test\klaw-sync-customfs.test.js,1,238
328,VariableDeclaration,nan,-1,-1,-1,47,6,47,36,packages\klaw-sync\test\klaw-sync-customfs.test.js,1,239
329,VariableDeclaration,nan,-1,-1,-1,48,6,48,37,packages\klaw-sync\test\klaw-sync-customfs.test.js,1,240
335,VariableDeclaration,nan,-1,-1,-1,69,6,69,63,packages\klaw-sync\test\klaw-sync-customfs.test.js,1,241
339,VariableDeclaration,nan,-1,-1,-1,87,6,87,35,packages\klaw-sync\test\klaw-sync-customfs.test.js,1,242
340,VariableDeclaration,nan,-1,-1,-1,88,6,88,61,packages\klaw-sync\test\klaw-sync-customfs.test.js,1,243
346,VariableDeclaration,nan,-1,-1,-1,102,6,102,46,packages\klaw-sync\test\klaw-sync-customfs.test.js,1,244
347,VariableDeclaration,nan,-1,-1,-1,103,6,103,46,packages\klaw-sync\test\klaw-sync-customfs.test.js,1,245
350,VariableDeclaration,nan,-1,-1,-1,106,6,106,62,packages\klaw-sync\test\klaw-sync-customfs.test.js,1,246
351,VariableDeclaration,nan,-1,-1,-1,107,6,107,73,packages\klaw-sync\test\klaw-sync-customfs.test.js,1,247
352,VariableDeclaration,nan,-1,-1,-1,108,6,108,73,packages\klaw-sync\test\klaw-sync-customfs.test.js,1,248
355,VariableDeclaration,nan,-1,-1,-1,118,6,118,62,packages\klaw-sync\test\klaw-sync-customfs.test.js,1,249
356,VariableDeclaration,nan,-1,-1,-1,119,6,119,61,packages\klaw-sync\test\klaw-sync-customfs.test.js,1,250
359,VariableDeclaration,nan,-1,-1,-1,122,6,130,7,packages\klaw-sync\test\klaw-sync-customfs.test.js,1,251
360,VariableDeclaration,nan,-1,-1,-1,131,6,131,66,packages\klaw-sync\test\klaw-sync-customfs.test.js,1,252
361,VariableDeclaration,nan,-1,-1,-1,132,6,136,8,packages\klaw-sync\test\klaw-sync-customfs.test.js,1,253
364,VariableDeclaration,nan,-1,-1,-1,156,6,156,62,packages\klaw-sync\test\klaw-sync-customfs.test.js,1,254
365,VariableDeclaration,nan,-1,-1,-1,157,6,157,54,packages\klaw-sync\test\klaw-sync-customfs.test.js,1,255
368,VariableDeclaration,nan,-1,-1,-1,160,6,168,7,packages\klaw-sync\test\klaw-sync-customfs.test.js,1,256
369,VariableDeclaration,nan,-1,-1,-1,169,6,170,72,packages\klaw-sync\test\klaw-sync-customfs.test.js,1,257
370,VariableDeclaration,nan,-1,-1,-1,171,6,175,8,packages\klaw-sync\test\klaw-sync-customfs.test.js,1,258
373,VariableDeclaration,nan,-1,-1,-1,195,6,195,45,packages\klaw-sync\test\klaw-sync-customfs.test.js,1,259
374,VariableDeclaration,nan,-1,-1,-1,196,6,196,43,packages\klaw-sync\test\klaw-sync-customfs.test.js,1,260
375,VariableDeclaration,nan,-1,-1,-1,197,6,197,46,packages\klaw-sync\test\klaw-sync-customfs.test.js,1,261
379,VariableDeclaration,nan,-1,-1,-1,201,6,204,7,packages\klaw-sync\test\klaw-sync-customfs.test.js,1,262
380,VariableDeclaration,nan,-1,-1,-1,205,6,205,57,packages\klaw-sync\test\klaw-sync-customfs.test.js,1,263
381,VariableDeclaration,nan,-1,-1,-1,206,6,210,8,packages\klaw-sync\test\klaw-sync-customfs.test.js,1,264
384,CallExpression,nan,2,-1,-1,20,6,20,52,packages\klaw-sync\test\klaw-sync-customfs.test.js,1,265
385,CallExpression,nan,2,-1,-1,25,6,25,49,packages\klaw-sync\test\klaw-sync-customfs.test.js,1,266
386,Identifier,TEST_DIR,-1,-1,-1,27,43,27,51,packages\klaw-sync\test\klaw-sync-customfs.test.js,1,267
387,Identifier,dir,-1,-1,-1,27,53,27,56,packages\klaw-sync\test\klaw-sync-customfs.test.js,1,268
388,MemberExpression,nan,-1,-1,-1,27,33,27,42,packages\klaw-sync\test\klaw-sync-customfs.test.js,1,269
389,Identifier,TEST_DIR,-1,-1,-1,28,43,28,51,packages\klaw-sync\test\klaw-sync-customfs.test.js,1,270
390,Identifier,f,-1,-1,-1,28,53,28,54,packages\klaw-sync\test\klaw-sync-customfs.test.js,1,271
391,MemberExpression,nan,-1,-1,-1,28,33,28,42,packages\klaw-sync\test\klaw-sync-customfs.test.js,1,272
392,CallExpression,nan,2,-1,-1,45,6,45,45,packages\klaw-sync\test\klaw-sync-customfs.test.js,1,273
393,CallExpression,nan,2,-1,-1,49,6,52,7,packages\klaw-sync\test\klaw-sync-customfs.test.js,1,274
394,CallExpression,nan,2,-1,-1,53,6,53,62,packages\klaw-sync\test\klaw-sync-customfs.test.js,1,275
395,CallExpression,nan,2,-1,-1,54,6,54,60,packages\klaw-sync\test\klaw-sync-customfs.test.js,1,276
396,CallExpression,nan,2,-1,-1,55,6,55,60,packages\klaw-sync\test\klaw-sync-customfs.test.js,1,277
397,CallExpression,nan,2,-1,-1,56,6,56,62,packages\klaw-sync\test\klaw-sync-customfs.test.js,1,278
398,CallExpression,nan,2,-1,-1,70,6,70,42,packages\klaw-sync\test\klaw-sync-customfs.test.js,1,279
399,CallExpression,nan,2,-1,-1,71,6,71,48,packages\klaw-sync\test\klaw-sync-customfs.test.js,1,280
400,CallExpression,nan,2,-1,-1,85,6,85,52,packages\klaw-sync\test\klaw-sync-customfs.test.js,1,281
401,CallExpression,nan,2,-1,-1,89,6,92,7,packages\klaw-sync\test\klaw-sync-customfs.test.js,1,282
402,CallExpression,nan,2,-1,-1,93,6,93,62,packages\klaw-sync\test\klaw-sync-customfs.test.js,1,283
403,CallExpression,nan,2,-1,-1,94,6,94,60,packages\klaw-sync\test\klaw-sync-customfs.test.js,1,284
404,CallExpression,nan,2,-1,-1,95,6,95,60,packages\klaw-sync\test\klaw-sync-customfs.test.js,1,285
405,CallExpression,nan,2,-1,-1,96,6,96,62,packages\klaw-sync\test\klaw-sync-customfs.test.js,1,286
406,CallExpression,nan,2,-1,-1,104,6,104,40,packages\klaw-sync\test\klaw-sync-customfs.test.js,1,287
407,CallExpression,nan,2,-1,-1,105,6,105,40,packages\klaw-sync\test\klaw-sync-customfs.test.js,1,288
408,CallExpression,nan,2,-1,-1,109,6,109,52,packages\klaw-sync\test\klaw-sync-customfs.test.js,1,289
409,CallExpression,nan,1,-1,-1,110,6,114,8,packages\klaw-sync\test\klaw-sync-customfs.test.js,1,290
410,CallExpression,nan,2,-1,-1,120,6,120,56,packages\klaw-sync\test\klaw-sync-customfs.test.js,1,291
411,CallExpression,nan,2,-1,-1,121,6,121,56,packages\klaw-sync\test\klaw-sync-customfs.test.js,1,292
412,CallExpression,nan,2,-1,-1,137,6,137,52,packages\klaw-sync\test\klaw-sync-customfs.test.js,1,293
413,CallExpression,nan,1,-1,-1,138,6,152,8,packages\klaw-sync\test\klaw-sync-customfs.test.js,1,294
414,CallExpression,nan,2,-1,-1,158,6,158,56,packages\klaw-sync\test\klaw-sync-customfs.test.js,1,295
415,CallExpression,nan,2,-1,-1,159,6,159,56,packages\klaw-sync\test\klaw-sync-customfs.test.js,1,296
416,CallExpression,nan,2,-1,-1,176,6,176,52,packages\klaw-sync\test\klaw-sync-customfs.test.js,1,297
417,CallExpression,nan,1,-1,-1,177,6,191,8,packages\klaw-sync\test\klaw-sync-customfs.test.js,1,298
418,CallExpression,nan,2,-1,-1,198,6,198,45,packages\klaw-sync\test\klaw-sync-customfs.test.js,1,299
419,CallExpression,nan,2,-1,-1,199,6,199,46,packages\klaw-sync\test\klaw-sync-customfs.test.js,1,300
420,CallExpression,nan,2,-1,-1,200,6,200,46,packages\klaw-sync\test\klaw-sync-customfs.test.js,1,301
421,CallExpression,nan,2,-1,-1,211,6,211,52,packages\klaw-sync\test\klaw-sync-customfs.test.js,1,302
422,CallExpression,nan,1,-1,-1,212,6,216,8,packages\klaw-sync\test\klaw-sync-customfs.test.js,1,303
423,Identifier,fullPath,-1,-1,-1,20,22,20,30,packages\klaw-sync\test\klaw-sync-customfs.test.js,1,304
424,ObjectExpression,nan,-1,-1,-1,20,32,20,51,packages\klaw-sync\test\klaw-sync-customfs.test.js,1,305
425,MemberExpression,nan,-1,-1,-1,20,6,20,21,packages\klaw-sync\test\klaw-sync-customfs.test.js,1,306
426,Identifier,fullPath,-1,-1,-1,25,26,25,34,packages\klaw-sync\test\klaw-sync-customfs.test.js,1,307
427,CallExpression,nan,0,-1,-1,25,36,25,48,packages\klaw-sync\test\klaw-sync-customfs.test.js,1,308
428,MemberExpression,nan,-1,-1,-1,25,6,25,25,packages\klaw-sync\test\klaw-sync-customfs.test.js,1,309
429,MemberExpression,nan,-1,-1,-1,45,25,45,34,packages\klaw-sync\test\klaw-sync-customfs.test.js,1,310
430,MemberExpression,nan,-1,-1,-1,45,36,45,44,packages\klaw-sync\test\klaw-sync-customfs.test.js,1,311
431,MemberExpression,nan,-1,-1,-1,45,6,45,24,packages\klaw-sync\test\klaw-sync-customfs.test.js,1,312
432,CallExpression,nan,0,-1,-1,50,8,50,33,packages\klaw-sync\test\klaw-sync-customfs.test.js,1,313
433,CallExpression,nan,0,-1,-1,51,8,51,35,packages\klaw-sync\test\klaw-sync-customfs.test.js,1,314
434,MemberExpression,nan,-1,-1,-1,49,6,49,24,packages\klaw-sync\test\klaw-sync-customfs.test.js,1,315
435,MemberExpression,nan,-1,-1,-1,53,25,53,41,packages\klaw-sync\test\klaw-sync-customfs.test.js,1,316
436,MemberExpression,nan,-1,-1,-1,53,43,53,61,packages\klaw-sync\test\klaw-sync-customfs.test.js,1,317
437,MemberExpression,nan,-1,-1,-1,53,6,53,24,packages\klaw-sync\test\klaw-sync-customfs.test.js,1,318
438,MemberExpression,nan,-1,-1,-1,54,25,54,40,packages\klaw-sync\test\klaw-sync-customfs.test.js,1,319
439,MemberExpression,nan,-1,-1,-1,54,42,54,59,packages\klaw-sync\test\klaw-sync-customfs.test.js,1,320
440,MemberExpression,nan,-1,-1,-1,54,6,54,24,packages\klaw-sync\test\klaw-sync-customfs.test.js,1,321
441,MemberExpression,nan,-1,-1,-1,55,25,55,40,packages\klaw-sync\test\klaw-sync-customfs.test.js,1,322
442,MemberExpression,nan,-1,-1,-1,55,42,55,59,packages\klaw-sync\test\klaw-sync-customfs.test.js,1,323
443,MemberExpression,nan,-1,-1,-1,55,6,55,24,packages\klaw-sync\test\klaw-sync-customfs.test.js,1,324
444,MemberExpression,nan,-1,-1,-1,56,25,56,41,packages\klaw-sync\test\klaw-sync-customfs.test.js,1,325
445,MemberExpression,nan,-1,-1,-1,56,43,56,61,packages\klaw-sync\test\klaw-sync-customfs.test.js,1,326
446,MemberExpression,nan,-1,-1,-1,56,6,56,24,packages\klaw-sync\test\klaw-sync-customfs.test.js,1,327
447,MemberExpression,nan,-1,-1,-1,70,25,70,31,packages\klaw-sync\test\klaw-sync-customfs.test.js,1,328
448,MemberExpression,nan,-1,-1,-1,70,33,70,41,packages\klaw-sync\test\klaw-sync-customfs.test.js,1,329
449,MemberExpression,nan,-1,-1,-1,70,6,70,24,packages\klaw-sync\test\klaw-sync-customfs.test.js,1,330
450,MemberExpression,nan,-1,-1,-1,71,29,71,36,packages\klaw-sync\test\klaw-sync-customfs.test.js,1,331
451,MemberExpression,nan,-1,-1,-1,71,38,71,47,packages\klaw-sync\test\klaw-sync-customfs.test.js,1,332
452,MemberExpression,nan,-1,-1,-1,71,6,71,28,packages\klaw-sync\test\klaw-sync-customfs.test.js,1,333
453,MemberExpression,nan,-1,-1,-1,85,25,85,33,packages\klaw-sync\test\klaw-sync-customfs.test.js,1,334
454,MemberExpression,nan,-1,-1,-1,85,35,85,51,packages\klaw-sync\test\klaw-sync-customfs.test.js,1,335
455,MemberExpression,nan,-1,-1,-1,85,6,85,24,packages\klaw-sync\test\klaw-sync-customfs.test.js,1,336
456,CallExpression,nan,0,-1,-1,90,8,90,33,packages\klaw-sync\test\klaw-sync-customfs.test.js,1,337
457,CallExpression,nan,0,-1,-1,91,8,91,35,packages\klaw-sync\test\klaw-sync-customfs.test.js,1,338
458,MemberExpression,nan,-1,-1,-1,89,6,89,24,packages\klaw-sync\test\klaw-sync-customfs.test.js,1,339
459,MemberExpression,nan,-1,-1,-1,93,25,93,41,packages\klaw-sync\test\klaw-sync-customfs.test.js,1,340
460,MemberExpression,nan,-1,-1,-1,93,43,93,61,packages\klaw-sync\test\klaw-sync-customfs.test.js,1,341
461,MemberExpression,nan,-1,-1,-1,93,6,93,24,packages\klaw-sync\test\klaw-sync-customfs.test.js,1,342
462,MemberExpression,nan,-1,-1,-1,94,25,94,40,packages\klaw-sync\test\klaw-sync-customfs.test.js,1,343
463,MemberExpression,nan,-1,-1,-1,94,42,94,59,packages\klaw-sync\test\klaw-sync-customfs.test.js,1,344
464,MemberExpression,nan,-1,-1,-1,94,6,94,24,packages\klaw-sync\test\klaw-sync-customfs.test.js,1,345
465,MemberExpression,nan,-1,-1,-1,95,25,95,40,packages\klaw-sync\test\klaw-sync-customfs.test.js,1,346
466,MemberExpression,nan,-1,-1,-1,95,42,95,59,packages\klaw-sync\test\klaw-sync-customfs.test.js,1,347
467,MemberExpression,nan,-1,-1,-1,95,6,95,24,packages\klaw-sync\test\klaw-sync-customfs.test.js,1,348
468,MemberExpression,nan,-1,-1,-1,96,25,96,41,packages\klaw-sync\test\klaw-sync-customfs.test.js,1,349
469,MemberExpression,nan,-1,-1,-1,96,43,96,61,packages\klaw-sync\test\klaw-sync-customfs.test.js,1,350
470,MemberExpression,nan,-1,-1,-1,96,6,96,24,packages\klaw-sync\test\klaw-sync-customfs.test.js,1,351
471,Identifier,f1,-1,-1,-1,104,26,104,28,packages\klaw-sync\test\klaw-sync-customfs.test.js,1,352
473,MemberExpression,nan,-1,-1,-1,104,6,104,25,packages\klaw-sync\test\klaw-sync-customfs.test.js,1,353
474,Identifier,f2,-1,-1,-1,105,26,105,28,packages\klaw-sync\test\klaw-sync-customfs.test.js,1,354
476,MemberExpression,nan,-1,-1,-1,105,6,105,25,packages\klaw-sync\test\klaw-sync-customfs.test.js,1,355
477,MemberExpression,nan,-1,-1,-1,109,25,109,37,packages\klaw-sync\test\klaw-sync-customfs.test.js,1,356
478,MemberExpression,nan,-1,-1,-1,109,39,109,51,packages\klaw-sync\test\klaw-sync-customfs.test.js,1,357
479,MemberExpression,nan,-1,-1,-1,109,6,109,24,packages\klaw-sync\test\klaw-sync-customfs.test.js,1,358
480,ArrowFunctionExpression,nan,-1,2,0,110,20,114,7,packages\klaw-sync\test\klaw-sync-customfs.test.js,1,359
481,MemberExpression,nan,-1,-1,-1,110,6,110,19,packages\klaw-sync\test\klaw-sync-customfs.test.js,1,360
482,Identifier,dirToIgnore1,-1,-1,-1,120,22,120,34,packages\klaw-sync\test\klaw-sync-customfs.test.js,1,361
483,ObjectExpression,nan,-1,-1,-1,120,36,120,55,packages\klaw-sync\test\klaw-sync-customfs.test.js,1,362
484,MemberExpression,nan,-1,-1,-1,120,6,120,21,packages\klaw-sync\test\klaw-sync-customfs.test.js,1,363
485,Identifier,dirToIgnore2,-1,-1,-1,121,22,121,34,packages\klaw-sync\test\klaw-sync-customfs.test.js,1,364
486,ObjectExpression,nan,-1,-1,-1,121,36,121,55,packages\klaw-sync\test\klaw-sync-customfs.test.js,1,365
487,MemberExpression,nan,-1,-1,-1,121,6,121,21,packages\klaw-sync\test\klaw-sync-customfs.test.js,1,366
488,MemberExpression,nan,-1,-1,-1,137,25,137,37,packages\klaw-sync\test\klaw-sync-customfs.test.js,1,367
489,MemberExpression,nan,-1,-1,-1,137,39,137,51,packages\klaw-sync\test\klaw-sync-customfs.test.js,1,368
490,MemberExpression,nan,-1,-1,-1,137,6,137,24,packages\klaw-sync\test\klaw-sync-customfs.test.js,1,369
491,ArrowFunctionExpression,nan,-1,1,0,138,20,152,7,packages\klaw-sync\test\klaw-sync-customfs.test.js,1,370
492,MemberExpression,nan,-1,-1,-1,138,6,138,19,packages\klaw-sync\test\klaw-sync-customfs.test.js,1,371
493,Identifier,dirToIgnore1,-1,-1,-1,158,22,158,34,packages\klaw-sync\test\klaw-sync-customfs.test.js,1,372
494,ObjectExpression,nan,-1,-1,-1,158,36,158,55,packages\klaw-sync\test\klaw-sync-customfs.test.js,1,373
495,MemberExpression,nan,-1,-1,-1,158,6,158,21,packages\klaw-sync\test\klaw-sync-customfs.test.js,1,374
496,Identifier,dirToIgnore2,-1,-1,-1,159,22,159,34,packages\klaw-sync\test\klaw-sync-customfs.test.js,1,375
497,ObjectExpression,nan,-1,-1,-1,159,36,159,55,packages\klaw-sync\test\klaw-sync-customfs.test.js,1,376
498,MemberExpression,nan,-1,-1,-1,159,6,159,21,packages\klaw-sync\test\klaw-sync-customfs.test.js,1,377
499,MemberExpression,nan,-1,-1,-1,176,25,176,37,packages\klaw-sync\test\klaw-sync-customfs.test.js,1,378
500,MemberExpression,nan,-1,-1,-1,176,39,176,51,packages\klaw-sync\test\klaw-sync-customfs.test.js,1,379
501,MemberExpression,nan,-1,-1,-1,176,6,176,24,packages\klaw-sync\test\klaw-sync-customfs.test.js,1,380
502,ArrowFunctionExpression,nan,-1,1,0,177,20,191,7,packages\klaw-sync\test\klaw-sync-customfs.test.js,1,381
503,MemberExpression,nan,-1,-1,-1,177,6,177,19,packages\klaw-sync\test\klaw-sync-customfs.test.js,1,382
504,Identifier,f,-1,-1,-1,198,26,198,27,packages\klaw-sync\test\klaw-sync-customfs.test.js,1,383
506,MemberExpression,nan,-1,-1,-1,198,6,198,25,packages\klaw-sync\test\klaw-sync-customfs.test.js,1,384
507,Identifier,d1,-1,-1,-1,199,22,199,24,packages\klaw-sync\test\klaw-sync-customfs.test.js,1,385
508,ObjectExpression,nan,-1,-1,-1,199,26,199,45,packages\klaw-sync\test\klaw-sync-customfs.test.js,1,386
509,MemberExpression,nan,-1,-1,-1,199,6,199,21,packages\klaw-sync\test\klaw-sync-customfs.test.js,1,387
510,Identifier,d2,-1,-1,-1,200,22,200,24,packages\klaw-sync\test\klaw-sync-customfs.test.js,1,388
511,ObjectExpression,nan,-1,-1,-1,200,26,200,45,packages\klaw-sync\test\klaw-sync-customfs.test.js,1,389
512,MemberExpression,nan,-1,-1,-1,200,6,200,21,packages\klaw-sync\test\klaw-sync-customfs.test.js,1,390
513,MemberExpression,nan,-1,-1,-1,211,25,211,37,packages\klaw-sync\test\klaw-sync-customfs.test.js,1,391
514,MemberExpression,nan,-1,-1,-1,211,39,211,51,packages\klaw-sync\test\klaw-sync-customfs.test.js,1,392
515,MemberExpression,nan,-1,-1,-1,211,6,211,24,packages\klaw-sync\test\klaw-sync-customfs.test.js,1,393
516,ArrowFunctionExpression,nan,-1,2,0,212,20,216,7,packages\klaw-sync\test\klaw-sync-customfs.test.js,1,394
517,MemberExpression,nan,-1,-1,-1,212,6,212,19,packages\klaw-sync\test\klaw-sync-customfs.test.js,1,395
518,MemberExpression,nan,-1,-1,-1,25,36,25,46,packages\klaw-sync\test\klaw-sync-customfs.test.js,1,396
519,MemberExpression,nan,-1,-1,-1,50,8,50,31,packages\klaw-sync\test\klaw-sync-customfs.test.js,1,397
520,MemberExpression,nan,-1,-1,-1,51,8,51,33,packages\klaw-sync\test\klaw-sync-customfs.test.js,1,398
521,MemberExpression,nan,-1,-1,-1,90,8,90,31,packages\klaw-sync\test\klaw-sync-customfs.test.js,1,399
522,MemberExpression,nan,-1,-1,-1,91,8,91,33,packages\klaw-sync\test\klaw-sync-customfs.test.js,1,400
523,Identifier,p,-1,-1,-1,110,21,110,22,packages\klaw-sync\test\klaw-sync-customfs.test.js,1,401
524,Identifier,i,-1,-1,-1,110,24,110,25,packages\klaw-sync\test\klaw-sync-customfs.test.js,1,402
526,BlockStatement,nan,-1,-1,-1,110,30,114,7,packages\klaw-sync\test\klaw-sync-customfs.test.js,1,403
527,Identifier,item,-1,-1,-1,138,21,138,25,packages\klaw-sync\test\klaw-sync-customfs.test.js,1,404
529,BlockStatement,nan,-1,-1,-1,138,30,152,7,packages\klaw-sync\test\klaw-sync-customfs.test.js,1,405
530,Identifier,item,-1,-1,-1,177,21,177,25,packages\klaw-sync\test\klaw-sync-customfs.test.js,1,406
532,BlockStatement,nan,-1,-1,-1,177,30,191,7,packages\klaw-sync\test\klaw-sync-customfs.test.js,1,407
533,Identifier,p,-1,-1,-1,212,21,212,22,packages\klaw-sync\test\klaw-sync-customfs.test.js,1,408
534,Identifier,i,-1,-1,-1,212,24,212,25,packages\klaw-sync\test\klaw-sync-customfs.test.js,1,409
536,BlockStatement,nan,-1,-1,-1,212,30,216,7,packages\klaw-sync\test\klaw-sync-customfs.test.js,1,410
540,VariableDeclaration,nan,-1,-1,-1,139,8,139,64,packages\klaw-sync\test\klaw-sync-customfs.test.js,1,411
542,VariableDeclaration,nan,-1,-1,-1,142,8,142,38,packages\klaw-sync\test\klaw-sync-customfs.test.js,1,412
543,VariableDeclaration,nan,-1,-1,-1,143,8,143,39,packages\klaw-sync\test\klaw-sync-customfs.test.js,1,413
549,VariableDeclaration,nan,-1,-1,-1,178,8,178,64,packages\klaw-sync\test\klaw-sync-customfs.test.js,1,414
551,VariableDeclaration,nan,-1,-1,-1,181,8,181,38,packages\klaw-sync\test\klaw-sync-customfs.test.js,1,415
552,VariableDeclaration,nan,-1,-1,-1,182,8,182,39,packages\klaw-sync\test\klaw-sync-customfs.test.js,1,416
561,CallExpression,nan,2,-1,-1,111,8,111,43,packages\klaw-sync\test\klaw-sync-customfs.test.js,1,417
562,CallExpression,nan,2,-1,-1,112,8,112,49,packages\klaw-sync\test\klaw-sync-customfs.test.js,1,418
563,CallExpression,nan,2,-1,-1,113,8,113,55,packages\klaw-sync\test\klaw-sync-customfs.test.js,1,419
564,CallExpression,nan,2,-1,-1,140,8,140,47,packages\klaw-sync\test\klaw-sync-customfs.test.js,1,420
565,CallExpression,nan,2,-1,-1,144,8,147,9,packages\klaw-sync\test\klaw-sync-customfs.test.js,1,421
566,CallExpression,nan,2,-1,-1,148,8,148,64,packages\klaw-sync\test\klaw-sync-customfs.test.js,1,422
567,CallExpression,nan,2,-1,-1,149,8,149,62,packages\klaw-sync\test\klaw-sync-customfs.test.js,1,423
568,CallExpression,nan,2,-1,-1,150,8,150,62,packages\klaw-sync\test\klaw-sync-customfs.test.js,1,424
569,CallExpression,nan,2,-1,-1,151,8,151,64,packages\klaw-sync\test\klaw-sync-customfs.test.js,1,425
570,CallExpression,nan,2,-1,-1,179,8,179,47,packages\klaw-sync\test\klaw-sync-customfs.test.js,1,426
571,CallExpression,nan,2,-1,-1,183,8,186,9,packages\klaw-sync\test\klaw-sync-customfs.test.js,1,427
572,CallExpression,nan,2,-1,-1,187,8,187,64,packages\klaw-sync\test\klaw-sync-customfs.test.js,1,428
573,CallExpression,nan,2,-1,-1,188,8,188,62,packages\klaw-sync\test\klaw-sync-customfs.test.js,1,429
574,CallExpression,nan,2,-1,-1,189,8,189,62,packages\klaw-sync\test\klaw-sync-customfs.test.js,1,430
575,CallExpression,nan,2,-1,-1,190,8,190,64,packages\klaw-sync\test\klaw-sync-customfs.test.js,1,431
576,CallExpression,nan,2,-1,-1,213,8,213,43,packages\klaw-sync\test\klaw-sync-customfs.test.js,1,432
577,CallExpression,nan,2,-1,-1,214,8,214,49,packages\klaw-sync\test\klaw-sync-customfs.test.js,1,433
578,CallExpression,nan,2,-1,-1,215,8,215,55,packages\klaw-sync\test\klaw-sync-customfs.test.js,1,434
579,Identifier,p,-1,-1,-1,111,31,111,32,packages\klaw-sync\test\klaw-sync-customfs.test.js,1,435
580,MemberExpression,nan,-1,-1,-1,111,34,111,42,packages\klaw-sync\test\klaw-sync-customfs.test.js,1,436
581,MemberExpression,nan,-1,-1,-1,111,8,111,30,packages\klaw-sync\test\klaw-sync-customfs.test.js,1,437
582,MemberExpression,nan,-1,-1,-1,112,27,112,33,packages\klaw-sync\test\klaw-sync-customfs.test.js,1,438
583,MemberExpression,nan,-1,-1,-1,112,35,112,48,packages\klaw-sync\test\klaw-sync-customfs.test.js,1,439
584,MemberExpression,nan,-1,-1,-1,112,8,112,26,packages\klaw-sync\test\klaw-sync-customfs.test.js,1,440
585,MemberExpression,nan,-1,-1,-1,113,31,113,38,packages\klaw-sync\test\klaw-sync-customfs.test.js,1,441
586,MemberExpression,nan,-1,-1,-1,113,40,113,54,packages\klaw-sync\test\klaw-sync-customfs.test.js,1,442
587,MemberExpression,nan,-1,-1,-1,113,8,113,30,packages\klaw-sync\test\klaw-sync-customfs.test.js,1,443
588,MemberExpression,nan,-1,-1,-1,140,27,140,36,packages\klaw-sync\test\klaw-sync-customfs.test.js,1,444
589,MemberExpression,nan,-1,-1,-1,140,38,140,46,packages\klaw-sync\test\klaw-sync-customfs.test.js,1,445
590,MemberExpression,nan,-1,-1,-1,140,8,140,26,packages\klaw-sync\test\klaw-sync-customfs.test.js,1,446
591,CallExpression,nan,0,-1,-1,145,10,145,35,packages\klaw-sync\test\klaw-sync-customfs.test.js,1,447
592,CallExpression,nan,0,-1,-1,146,10,146,37,packages\klaw-sync\test\klaw-sync-customfs.test.js,1,448
593,MemberExpression,nan,-1,-1,-1,144,8,144,26,packages\klaw-sync\test\klaw-sync-customfs.test.js,1,449
594,MemberExpression,nan,-1,-1,-1,148,27,148,43,packages\klaw-sync\test\klaw-sync-customfs.test.js,1,450
595,MemberExpression,nan,-1,-1,-1,148,45,148,63,packages\klaw-sync\test\klaw-sync-customfs.test.js,1,451
596,MemberExpression,nan,-1,-1,-1,148,8,148,26,packages\klaw-sync\test\klaw-sync-customfs.test.js,1,452
597,MemberExpression,nan,-1,-1,-1,149,27,149,42,packages\klaw-sync\test\klaw-sync-customfs.test.js,1,453
598,MemberExpression,nan,-1,-1,-1,149,44,149,61,packages\klaw-sync\test\klaw-sync-customfs.test.js,1,454
599,MemberExpression,nan,-1,-1,-1,149,8,149,26,packages\klaw-sync\test\klaw-sync-customfs.test.js,1,455
600,MemberExpression,nan,-1,-1,-1,150,27,150,42,packages\klaw-sync\test\klaw-sync-customfs.test.js,1,456
601,MemberExpression,nan,-1,-1,-1,150,44,150,61,packages\klaw-sync\test\klaw-sync-customfs.test.js,1,457
602,MemberExpression,nan,-1,-1,-1,150,8,150,26,packages\klaw-sync\test\klaw-sync-customfs.test.js,1,458
603,MemberExpression,nan,-1,-1,-1,151,27,151,43,packages\klaw-sync\test\klaw-sync-customfs.test.js,1,459
604,MemberExpression,nan,-1,-1,-1,151,45,151,63,packages\klaw-sync\test\klaw-sync-customfs.test.js,1,460
605,MemberExpression,nan,-1,-1,-1,151,8,151,26,packages\klaw-sync\test\klaw-sync-customfs.test.js,1,461
606,MemberExpression,nan,-1,-1,-1,179,27,179,36,packages\klaw-sync\test\klaw-sync-customfs.test.js,1,462
607,MemberExpression,nan,-1,-1,-1,179,38,179,46,packages\klaw-sync\test\klaw-sync-customfs.test.js,1,463
608,MemberExpression,nan,-1,-1,-1,179,8,179,26,packages\klaw-sync\test\klaw-sync-customfs.test.js,1,464
609,CallExpression,nan,0,-1,-1,184,10,184,35,packages\klaw-sync\test\klaw-sync-customfs.test.js,1,465
610,CallExpression,nan,0,-1,-1,185,10,185,37,packages\klaw-sync\test\klaw-sync-customfs.test.js,1,466
611,MemberExpression,nan,-1,-1,-1,183,8,183,26,packages\klaw-sync\test\klaw-sync-customfs.test.js,1,467
612,MemberExpression,nan,-1,-1,-1,187,27,187,43,packages\klaw-sync\test\klaw-sync-customfs.test.js,1,468
613,MemberExpression,nan,-1,-1,-1,187,45,187,63,packages\klaw-sync\test\klaw-sync-customfs.test.js,1,469
614,MemberExpression,nan,-1,-1,-1,187,8,187,26,packages\klaw-sync\test\klaw-sync-customfs.test.js,1,470
615,MemberExpression,nan,-1,-1,-1,188,27,188,42,packages\klaw-sync\test\klaw-sync-customfs.test.js,1,471
616,MemberExpression,nan,-1,-1,-1,188,44,188,61,packages\klaw-sync\test\klaw-sync-customfs.test.js,1,472
617,MemberExpression,nan,-1,-1,-1,188,8,188,26,packages\klaw-sync\test\klaw-sync-customfs.test.js,1,473
618,MemberExpression,nan,-1,-1,-1,189,27,189,42,packages\klaw-sync\test\klaw-sync-customfs.test.js,1,474
619,MemberExpression,nan,-1,-1,-1,189,44,189,61,packages\klaw-sync\test\klaw-sync-customfs.test.js,1,475
620,MemberExpression,nan,-1,-1,-1,189,8,189,26,packages\klaw-sync\test\klaw-sync-customfs.test.js,1,476
621,MemberExpression,nan,-1,-1,-1,190,27,190,43,packages\klaw-sync\test\klaw-sync-customfs.test.js,1,477
622,MemberExpression,nan,-1,-1,-1,190,45,190,63,packages\klaw-sync\test\klaw-sync-customfs.test.js,1,478
623,MemberExpression,nan,-1,-1,-1,190,8,190,26,packages\klaw-sync\test\klaw-sync-customfs.test.js,1,479
624,Identifier,p,-1,-1,-1,213,31,213,32,packages\klaw-sync\test\klaw-sync-customfs.test.js,1,480
625,MemberExpression,nan,-1,-1,-1,213,34,213,42,packages\klaw-sync\test\klaw-sync-customfs.test.js,1,481
626,MemberExpression,nan,-1,-1,-1,213,8,213,30,packages\klaw-sync\test\klaw-sync-customfs.test.js,1,482
627,MemberExpression,nan,-1,-1,-1,214,27,214,33,packages\klaw-sync\test\klaw-sync-customfs.test.js,1,483
628,MemberExpression,nan,-1,-1,-1,214,35,214,48,packages\klaw-sync\test\klaw-sync-customfs.test.js,1,484
629,MemberExpression,nan,-1,-1,-1,214,8,214,26,packages\klaw-sync\test\klaw-sync-customfs.test.js,1,485
630,MemberExpression,nan,-1,-1,-1,215,31,215,38,packages\klaw-sync\test\klaw-sync-customfs.test.js,1,486
631,MemberExpression,nan,-1,-1,-1,215,40,215,54,packages\klaw-sync\test\klaw-sync-customfs.test.js,1,487
632,MemberExpression,nan,-1,-1,-1,215,8,215,30,packages\klaw-sync\test\klaw-sync-customfs.test.js,1,488
633,MemberExpression,nan,-1,-1,-1,145,10,145,33,packages\klaw-sync\test\klaw-sync-customfs.test.js,1,489
634,MemberExpression,nan,-1,-1,-1,146,10,146,35,packages\klaw-sync\test\klaw-sync-customfs.test.js,1,490
635,MemberExpression,nan,-1,-1,-1,184,10,184,33,packages\klaw-sync\test\klaw-sync-customfs.test.js,1,491
636,MemberExpression,nan,-1,-1,-1,185,10,185,35,packages\klaw-sync\test\klaw-sync-customfs.test.js,1,492
637,Program,nan,-1,-1,-1,1,0,387,2,packages\klaw-sync\test\klaw-sync.test.js,1,493
639,VariableDeclaration,nan,-1,-1,-1,2,0,2,32,packages\klaw-sync\test\klaw-sync.test.js,1,494
640,VariableDeclaration,nan,-1,-1,-1,3,0,3,24,packages\klaw-sync\test\klaw-sync.test.js,1,495
641,VariableDeclaration,nan,-1,-1,-1,4,0,4,28,packages\klaw-sync\test\klaw-sync.test.js,1,496
642,VariableDeclaration,nan,-1,-1,-1,5,0,5,30,packages\klaw-sync\test\klaw-sync.test.js,1,497
643,VariableDeclaration,nan,-1,-1,-1,6,0,6,43,packages\klaw-sync\test\klaw-sync.test.js,1,498
646,CallExpression,nan,2,-1,-1,8,0,387,2,packages\klaw-sync\test\klaw-sync.test.js,1,499
648,ArrowFunctionExpression,nan,-1,0,0,8,22,387,1,packages\klaw-sync\test\klaw-sync.test.js,1,500
649,Identifier,describe,-1,-1,-1,8,0,8,8,packages\klaw-sync\test\klaw-sync.test.js,1,501
651,BlockStatement,nan,-1,-1,-1,8,28,387,1,packages\klaw-sync\test\klaw-sync.test.js,1,502
652,VariableDeclaration,nan,-1,-1,-1,9,2,9,54,packages\klaw-sync\test\klaw-sync.test.js,1,503
653,VariableDeclaration,nan,-1,-1,-1,10,2,10,74,packages\klaw-sync\test\klaw-sync.test.js,1,504
654,VariableDeclaration,nan,-1,-1,-1,11,2,11,70,packages\klaw-sync\test\klaw-sync.test.js,1,505
655,VariableDeclaration,nan,-1,-1,-1,12,2,12,10,packages\klaw-sync\test\klaw-sync.test.js,1,506
656,VariableDeclaration,nan,-1,-1,-1,13,2,13,11,packages\klaw-sync\test\klaw-sync.test.js,1,507
667,CallExpression,nan,1,-1,-1,15,2,21,4,packages\klaw-sync\test\klaw-sync.test.js,1,508
668,CallExpression,nan,1,-1,-1,23,2,23,42,packages\klaw-sync\test\klaw-sync.test.js,1,509
669,CallExpression,nan,2,-1,-1,25,2,31,4,packages\klaw-sync\test\klaw-sync.test.js,1,510
670,CallExpression,nan,2,-1,-1,33,2,39,4,packages\klaw-sync\test\klaw-sync.test.js,1,511
671,CallExpression,nan,2,-1,-1,41,2,58,4,packages\klaw-sync\test\klaw-sync.test.js,1,512
672,CallExpression,nan,2,-1,-1,60,2,73,4,packages\klaw-sync\test\klaw-sync.test.js,1,513
673,CallExpression,nan,2,-1,-1,75,2,89,4,packages\klaw-sync\test\klaw-sync.test.js,1,514
674,CallExpression,nan,2,-1,-1,91,2,198,4,packages\klaw-sync\test\klaw-sync.test.js,1,515
675,CallExpression,nan,2,-1,-1,200,2,337,4,packages\klaw-sync\test\klaw-sync.test.js,1,516
676,CallExpression,nan,2,-1,-1,338,2,386,4,packages\klaw-sync\test\klaw-sync.test.js,1,517
677,ArrowFunctionExpression,nan,-1,0,0,15,13,21,3,packages\klaw-sync\test\klaw-sync.test.js,1,518
678,Identifier,beforeEach,-1,-1,-1,15,2,15,12,packages\klaw-sync\test\klaw-sync.test.js,1,519
679,ArrowFunctionExpression,nan,-1,0,0,23,12,23,41,packages\klaw-sync\test\klaw-sync.test.js,1,520
680,Identifier,afterEach,-1,-1,-1,23,2,23,11,packages\klaw-sync\test\klaw-sync.test.js,1,521
682,ArrowFunctionExpression,nan,-1,0,0,25,64,31,3,packages\klaw-sync\test\klaw-sync.test.js,1,522
683,Identifier,it,-1,-1,-1,25,2,25,4,packages\klaw-sync\test\klaw-sync.test.js,1,523
685,ArrowFunctionExpression,nan,-1,0,0,33,58,39,3,packages\klaw-sync\test\klaw-sync.test.js,1,524
686,Identifier,it,-1,-1,-1,33,2,33,4,packages\klaw-sync\test\klaw-sync.test.js,1,525
688,ArrowFunctionExpression,nan,-1,0,0,41,74,58,3,packages\klaw-sync\test\klaw-sync.test.js,1,526
689,Identifier,it,-1,-1,-1,41,2,41,4,packages\klaw-sync\test\klaw-sync.test.js,1,527
691,ArrowFunctionExpression,nan,-1,0,0,60,55,73,3,packages\klaw-sync\test\klaw-sync.test.js,1,528
692,Identifier,it,-1,-1,-1,60,2,60,4,packages\klaw-sync\test\klaw-sync.test.js,1,529
694,ArrowFunctionExpression,nan,-1,0,0,75,55,89,3,packages\klaw-sync\test\klaw-sync.test.js,1,530
695,Identifier,it,-1,-1,-1,75,2,75,4,packages\klaw-sync\test\klaw-sync.test.js,1,531
697,ArrowFunctionExpression,nan,-1,0,0,91,39,198,3,packages\klaw-sync\test\klaw-sync.test.js,1,532
698,Identifier,describe,-1,-1,-1,91,2,91,10,packages\klaw-sync\test\klaw-sync.test.js,1,533
700,ArrowFunctionExpression,nan,-1,0,0,200,26,337,3,packages\klaw-sync\test\klaw-sync.test.js,1,534
701,Identifier,describe,-1,-1,-1,200,2,200,10,packages\klaw-sync\test\klaw-sync.test.js,1,535
703,FunctionExpression,nan,-1,0,0,338,27,386,3,packages\klaw-sync\test\klaw-sync.test.js,1,536
704,Identifier,describe,-1,-1,-1,338,2,338,10,packages\klaw-sync\test\klaw-sync.test.js,1,537
706,BlockStatement,nan,-1,-1,-1,15,19,21,3,packages\klaw-sync\test\klaw-sync.test.js,1,538
708,CallExpression,nan,1,-1,-1,23,18,23,41,packages\klaw-sync\test\klaw-sync.test.js,1,539
710,BlockStatement,nan,-1,-1,-1,25,70,31,3,packages\klaw-sync\test\klaw-sync.test.js,1,540
712,BlockStatement,nan,-1,-1,-1,33,64,39,3,packages\klaw-sync\test\klaw-sync.test.js,1,541
714,BlockStatement,nan,-1,-1,-1,41,80,58,3,packages\klaw-sync\test\klaw-sync.test.js,1,542
716,BlockStatement,nan,-1,-1,-1,60,61,73,3,packages\klaw-sync\test\klaw-sync.test.js,1,543
718,BlockStatement,nan,-1,-1,-1,75,61,89,3,packages\klaw-sync\test\klaw-sync.test.js,1,544
720,BlockStatement,nan,-1,-1,-1,91,45,198,3,packages\klaw-sync\test\klaw-sync.test.js,1,545
722,BlockStatement,nan,-1,-1,-1,200,32,337,3,packages\klaw-sync\test\klaw-sync.test.js,1,546
724,BlockStatement,nan,-1,-1,-1,338,39,386,3,packages\klaw-sync\test\klaw-sync.test.js,1,547
730,Identifier,TEST_DIR,-1,-1,-1,23,32,23,40,packages\klaw-sync\test\klaw-sync.test.js,1,548
731,MemberExpression,nan,-1,-1,-1,23,18,23,31,packages\klaw-sync\test\klaw-sync.test.js,1,549
732,TryStatement,nan,-1,-1,-1,26,4,30,5,packages\klaw-sync\test\klaw-sync.test.js,1,550
733,TryStatement,nan,-1,-1,-1,34,4,38,5,packages\klaw-sync\test\klaw-sync.test.js,1,551
734,VariableDeclaration,nan,-1,-1,-1,42,4,50,5,packages\klaw-sync\test\klaw-sync.test.js,1,552
735,VariableDeclaration,nan,-1,-1,-1,51,4,51,36,packages\klaw-sync\test\klaw-sync.test.js,1,553
738,VariableDeclaration,nan,-1,-1,-1,61,4,65,5,packages\klaw-sync\test\klaw-sync.test.js,1,554
739,VariableDeclaration,nan,-1,-1,-1,66,4,66,51,packages\klaw-sync\test\klaw-sync.test.js,1,555
742,VariableDeclaration,nan,-1,-1,-1,76,4,81,5,packages\klaw-sync\test\klaw-sync.test.js,1,556
743,VariableDeclaration,nan,-1,-1,-1,82,4,82,51,packages\klaw-sync\test\klaw-sync.test.js,1,557
763,FunctionDeclaration,nan,-1,2,0,299,4,317,5,packages\klaw-sync\test\klaw-sync.test.js,1,558
764,FunctionDeclaration,nan,-1,2,0,319,4,336,5,packages\klaw-sync\test\klaw-sync.test.js,1,559
770,FunctionDeclaration,nan,-1,2,0,367,4,385,5,packages\klaw-sync\test\klaw-sync.test.js,1,560
771,CallExpression,nan,1,-1,-1,16,4,16,29,packages\klaw-sync\test\klaw-sync.test.js,1,561
772,AssignmentExpression,nan,-1,-1,-1,17,4,17,56,packages\klaw-sync\test\klaw-sync.test.js,1,562
773,AssignmentExpression,nan,-1,-1,-1,18,4,18,54,packages\klaw-sync\test\klaw-sync.test.js,1,563
774,CallExpression,nan,1,-1,-1,19,4,19,46,packages\klaw-sync\test\klaw-sync.test.js,1,564
775,CallExpression,nan,1,-1,-1,20,4,20,44,packages\klaw-sync\test\klaw-sync.test.js,1,565
776,CallExpression,nan,2,-1,-1,52,4,52,50,packages\klaw-sync\test\klaw-sync.test.js,1,566
777,CallExpression,nan,1,-1,-1,53,4,57,6,packages\klaw-sync\test\klaw-sync.test.js,1,567
778,CallExpression,nan,2,-1,-1,67,4,67,54,packages\klaw-sync\test\klaw-sync.test.js,1,568
779,CallExpression,nan,1,-1,-1,68,4,72,6,packages\klaw-sync\test\klaw-sync.test.js,1,569
780,CallExpression,nan,2,-1,-1,83,4,83,52,packages\klaw-sync\test\klaw-sync.test.js,1,570
781,CallExpression,nan,1,-1,-1,84,4,88,6,packages\klaw-sync\test\klaw-sync.test.js,1,571
782,CallExpression,nan,2,-1,-1,92,4,106,6,packages\klaw-sync\test\klaw-sync.test.js,1,572
783,CallExpression,nan,2,-1,-1,108,4,126,6,packages\klaw-sync\test\klaw-sync.test.js,1,573
784,CallExpression,nan,2,-1,-1,128,4,142,6,packages\klaw-sync\test\klaw-sync.test.js,1,574
785,CallExpression,nan,2,-1,-1,144,4,156,6,packages\klaw-sync\test\klaw-sync.test.js,1,575
786,CallExpression,nan,2,-1,-1,158,4,176,6,packages\klaw-sync\test\klaw-sync.test.js,1,576
787,CallExpression,nan,2,-1,-1,178,4,197,6,packages\klaw-sync\test\klaw-sync.test.js,1,577
788,CallExpression,nan,1,-1,-1,201,4,203,6,packages\klaw-sync\test\klaw-sync.test.js,1,578
789,CallExpression,nan,2,-1,-1,204,4,208,6,packages\klaw-sync\test\klaw-sync.test.js,1,579
790,CallExpression,nan,2,-1,-1,210,4,213,6,packages\klaw-sync\test\klaw-sync.test.js,1,580
791,CallExpression,nan,2,-1,-1,215,4,218,6,packages\klaw-sync\test\klaw-sync.test.js,1,581
792,CallExpression,nan,2,-1,-1,220,4,224,6,packages\klaw-sync\test\klaw-sync.test.js,1,582
793,CallExpression,nan,2,-1,-1,226,4,230,6,packages\klaw-sync\test\klaw-sync.test.js,1,583
794,CallExpression,nan,2,-1,-1,232,4,235,6,packages\klaw-sync\test\klaw-sync.test.js,1,584
795,CallExpression,nan,2,-1,-1,237,4,240,6,packages\klaw-sync\test\klaw-sync.test.js,1,585
796,CallExpression,nan,2,-1,-1,242,4,245,6,packages\klaw-sync\test\klaw-sync.test.js,1,586
797,CallExpression,nan,2,-1,-1,247,4,271,6,packages\klaw-sync\test\klaw-sync.test.js,1,587
798,CallExpression,nan,2,-1,-1,273,4,297,6,packages\klaw-sync\test\klaw-sync.test.js,1,588
799,Identifier,testDepthLimitNoDir,-1,-1,-1,299,13,299,32,packages\klaw-sync\test\klaw-sync.test.js,1,589
800,Identifier,depthLimit,-1,-1,-1,299,34,299,44,packages\klaw-sync\test\klaw-sync.test.js,1,590
801,Identifier,expected,-1,-1,-1,299,46,299,54,packages\klaw-sync\test\klaw-sync.test.js,1,591
803,BlockStatement,nan,-1,-1,-1,299,56,317,5,packages\klaw-sync\test\klaw-sync.test.js,1,592
804,Identifier,testDepthLimit,-1,-1,-1,319,13,319,27,packages\klaw-sync\test\klaw-sync.test.js,1,593
805,Identifier,depthLimit,-1,-1,-1,319,29,319,39,packages\klaw-sync\test\klaw-sync.test.js,1,594
806,Identifier,expected,-1,-1,-1,319,41,319,49,packages\klaw-sync\test\klaw-sync.test.js,1,595
808,BlockStatement,nan,-1,-1,-1,319,51,336,5,packages\klaw-sync\test\klaw-sync.test.js,1,596
809,CallExpression,nan,1,-1,-1,339,4,341,6,packages\klaw-sync\test\klaw-sync.test.js,1,597
810,CallExpression,nan,2,-1,-1,342,4,346,6,packages\klaw-sync\test\klaw-sync.test.js,1,598
811,CallExpression,nan,2,-1,-1,347,4,350,6,packages\klaw-sync\test\klaw-sync.test.js,1,599
812,CallExpression,nan,2,-1,-1,351,4,357,6,packages\klaw-sync\test\klaw-sync.test.js,1,600
813,CallExpression,nan,2,-1,-1,358,4,365,6,packages\klaw-sync\test\klaw-sync.test.js,1,601
814,Identifier,testTraverseAll,-1,-1,-1,367,13,367,28,packages\klaw-sync\test\klaw-sync.test.js,1,602
815,AssignmentPattern,nan,-1,-1,-1,367,30,367,60,packages\klaw-sync\test\klaw-sync.test.js,1,603
816,Identifier,expected,-1,-1,-1,367,62,367,70,packages\klaw-sync\test\klaw-sync.test.js,1,604
818,BlockStatement,nan,-1,-1,-1,367,72,385,5,packages\klaw-sync\test\klaw-sync.test.js,1,605
819,Identifier,TEST_DIR,-1,-1,-1,16,20,16,28,packages\klaw-sync\test\klaw-sync.test.js,1,606
820,MemberExpression,nan,-1,-1,-1,16,4,16,19,packages\klaw-sync\test\klaw-sync.test.js,1,607
821,Identifier,DIRS,-1,-1,-1,17,4,17,8,packages\klaw-sync\test\klaw-sync.test.js,1,608
822,CallExpression,nan,1,-1,-1,17,11,17,56,packages\klaw-sync\test\klaw-sync.test.js,1,609
823,Identifier,FILES,-1,-1,-1,18,4,18,9,packages\klaw-sync\test\klaw-sync.test.js,1,610
824,CallExpression,nan,1,-1,-1,18,12,18,54,packages\klaw-sync\test\klaw-sync.test.js,1,611
825,ArrowFunctionExpression,nan,-1,1,0,19,17,19,45,packages\klaw-sync\test\klaw-sync.test.js,1,612
826,MemberExpression,nan,-1,-1,-1,19,4,19,16,packages\klaw-sync\test\klaw-sync.test.js,1,613
827,ArrowFunctionExpression,nan,-1,1,0,20,18,20,43,packages\klaw-sync\test\klaw-sync.test.js,1,614
828,MemberExpression,nan,-1,-1,-1,20,4,20,17,packages\klaw-sync\test\klaw-sync.test.js,1,615
829,MemberExpression,nan,-1,-1,-1,52,23,52,35,packages\klaw-sync\test\klaw-sync.test.js,1,616
830,MemberExpression,nan,-1,-1,-1,52,37,52,49,packages\klaw-sync\test\klaw-sync.test.js,1,617
831,MemberExpression,nan,-1,-1,-1,52,4,52,22,packages\klaw-sync\test\klaw-sync.test.js,1,618
832,ArrowFunctionExpression,nan,-1,1,0,53,18,57,5,packages\klaw-sync\test\klaw-sync.test.js,1,619
833,MemberExpression,nan,-1,-1,-1,53,4,53,17,packages\klaw-sync\test\klaw-sync.test.js,1,620
834,MemberExpression,nan,-1,-1,-1,67,23,67,35,packages\klaw-sync\test\klaw-sync.test.js,1,621
835,MemberExpression,nan,-1,-1,-1,67,37,67,53,packages\klaw-sync\test\klaw-sync.test.js,1,622
836,MemberExpression,nan,-1,-1,-1,67,4,67,22,packages\klaw-sync\test\klaw-sync.test.js,1,623
837,ArrowFunctionExpression,nan,-1,1,0,68,18,72,5,packages\klaw-sync\test\klaw-sync.test.js,1,624
838,MemberExpression,nan,-1,-1,-1,68,4,68,17,packages\klaw-sync\test\klaw-sync.test.js,1,625
839,MemberExpression,nan,-1,-1,-1,83,23,83,34,packages\klaw-sync\test\klaw-sync.test.js,1,626
840,MemberExpression,nan,-1,-1,-1,83,36,83,51,packages\klaw-sync\test\klaw-sync.test.js,1,627
841,MemberExpression,nan,-1,-1,-1,83,4,83,22,packages\klaw-sync\test\klaw-sync.test.js,1,628
842,ArrowFunctionExpression,nan,-1,2,0,84,17,88,5,packages\klaw-sync\test\klaw-sync.test.js,1,629
843,MemberExpression,nan,-1,-1,-1,84,4,84,16,packages\klaw-sync\test\klaw-sync.test.js,1,630
845,ArrowFunctionExpression,nan,-1,0,0,92,38,106,5,packages\klaw-sync\test\klaw-sync.test.js,1,631
846,Identifier,it,-1,-1,-1,92,4,92,6,packages\klaw-sync\test\klaw-sync.test.js,1,632
848,ArrowFunctionExpression,nan,-1,0,0,108,39,126,5,packages\klaw-sync\test\klaw-sync.test.js,1,633
849,Identifier,it,-1,-1,-1,108,4,108,6,packages\klaw-sync\test\klaw-sync.test.js,1,634
851,ArrowFunctionExpression,nan,-1,0,0,128,53,142,5,packages\klaw-sync\test\klaw-sync.test.js,1,635
852,Identifier,it,-1,-1,-1,128,4,128,6,packages\klaw-sync\test\klaw-sync.test.js,1,636
854,ArrowFunctionExpression,nan,-1,0,0,144,43,156,5,packages\klaw-sync\test\klaw-sync.test.js,1,637
855,Identifier,it,-1,-1,-1,144,4,144,6,packages\klaw-sync\test\klaw-sync.test.js,1,638
857,ArrowFunctionExpression,nan,-1,0,0,158,45,176,5,packages\klaw-sync\test\klaw-sync.test.js,1,639
858,Identifier,it,-1,-1,-1,158,4,158,6,packages\klaw-sync\test\klaw-sync.test.js,1,640
860,ArrowFunctionExpression,nan,-1,0,0,178,46,197,5,packages\klaw-sync\test\klaw-sync.test.js,1,641
861,Identifier,it,-1,-1,-1,178,4,178,6,packages\klaw-sync\test\klaw-sync.test.js,1,642
862,ArrowFunctionExpression,nan,-1,0,0,201,15,203,5,packages\klaw-sync\test\klaw-sync.test.js,1,643
863,Identifier,beforeEach,-1,-1,-1,201,4,201,14,packages\klaw-sync\test\klaw-sync.test.js,1,644
865,ArrowFunctionExpression,nan,-1,0,0,204,44,208,5,packages\klaw-sync\test\klaw-sync.test.js,1,645
866,Identifier,it,-1,-1,-1,204,4,204,6,packages\klaw-sync\test\klaw-sync.test.js,1,646
868,ArrowFunctionExpression,nan,-1,0,0,210,43,213,5,packages\klaw-sync\test\klaw-sync.test.js,1,647
869,Identifier,it,-1,-1,-1,210,4,210,6,packages\klaw-sync\test\klaw-sync.test.js,1,648
871,ArrowFunctionExpression,nan,-1,0,0,215,43,218,5,packages\klaw-sync\test\klaw-sync.test.js,1,649
872,Identifier,it,-1,-1,-1,215,4,215,6,packages\klaw-sync\test\klaw-sync.test.js,1,650
874,ArrowFunctionExpression,nan,-1,0,0,220,43,224,5,packages\klaw-sync\test\klaw-sync.test.js,1,651
875,Identifier,it,-1,-1,-1,220,4,220,6,packages\klaw-sync\test\klaw-sync.test.js,1,652
877,ArrowFunctionExpression,nan,-1,0,0,226,43,230,5,packages\klaw-sync\test\klaw-sync.test.js,1,653
878,Identifier,it,-1,-1,-1,226,4,226,6,packages\klaw-sync\test\klaw-sync.test.js,1,654
880,ArrowFunctionExpression,nan,-1,0,0,232,62,235,5,packages\klaw-sync\test\klaw-sync.test.js,1,655
881,Identifier,it,-1,-1,-1,232,4,232,6,packages\klaw-sync\test\klaw-sync.test.js,1,656
883,ArrowFunctionExpression,nan,-1,0,0,237,61,240,5,packages\klaw-sync\test\klaw-sync.test.js,1,657
884,Identifier,it,-1,-1,-1,237,4,237,6,packages\klaw-sync\test\klaw-sync.test.js,1,658
886,ArrowFunctionExpression,nan,-1,0,0,242,61,245,5,packages\klaw-sync\test\klaw-sync.test.js,1,659
887,Identifier,it,-1,-1,-1,242,4,242,6,packages\klaw-sync\test\klaw-sync.test.js,1,660
889,ArrowFunctionExpression,nan,-1,0,0,247,110,271,5,packages\klaw-sync\test\klaw-sync.test.js,1,661
890,Identifier,it,-1,-1,-1,247,4,247,6,packages\klaw-sync\test\klaw-sync.test.js,1,662
892,ArrowFunctionExpression,nan,-1,0,0,273,70,297,5,packages\klaw-sync\test\klaw-sync.test.js,1,663
893,Identifier,it,-1,-1,-1,273,4,273,6,packages\klaw-sync\test\klaw-sync.test.js,1,664
894,VariableDeclaration,nan,-1,-1,-1,300,6,307,7,packages\klaw-sync\test\klaw-sync.test.js,1,665
896,VariableDeclaration,nan,-1,-1,-1,313,6,313,94,packages\klaw-sync\test\klaw-sync.test.js,1,666
900,VariableDeclaration,nan,-1,-1,-1,320,6,326,7,packages\klaw-sync\test\klaw-sync.test.js,1,667
902,VariableDeclaration,nan,-1,-1,-1,332,6,332,81,packages\klaw-sync\test\klaw-sync.test.js,1,668
906,ArrowFunctionExpression,nan,-1,0,0,339,15,341,5,packages\klaw-sync\test\klaw-sync.test.js,1,669
907,Identifier,beforeEach,-1,-1,-1,339,4,339,14,packages\klaw-sync\test\klaw-sync.test.js,1,670
909,ArrowFunctionExpression,nan,-1,0,0,342,72,346,5,packages\klaw-sync\test\klaw-sync.test.js,1,671
910,Identifier,it,-1,-1,-1,342,4,342,6,packages\klaw-sync\test\klaw-sync.test.js,1,672
912,ArrowFunctionExpression,nan,-1,0,0,347,71,350,5,packages\klaw-sync\test\klaw-sync.test.js,1,673
913,Identifier,it,-1,-1,-1,347,4,347,6,packages\klaw-sync\test\klaw-sync.test.js,1,674
915,ArrowFunctionExpression,nan,-1,0,0,351,68,357,5,packages\klaw-sync\test\klaw-sync.test.js,1,675
916,Identifier,it,-1,-1,-1,351,4,351,6,packages\klaw-sync\test\klaw-sync.test.js,1,676
918,ArrowFunctionExpression,nan,-1,0,0,358,69,365,5,packages\klaw-sync\test\klaw-sync.test.js,1,677
919,Identifier,it,-1,-1,-1,358,4,358,6,packages\klaw-sync\test\klaw-sync.test.js,1,678
920,ObjectPattern,nan,-1,-1,-1,367,30,367,55,packages\klaw-sync\test\klaw-sync.test.js,1,679
921,ObjectExpression,nan,-1,-1,-1,367,58,367,60,packages\klaw-sync\test\klaw-sync.test.js,1,680
922,VariableDeclaration,nan,-1,-1,-1,368,6,375,7,packages\klaw-sync\test\klaw-sync.test.js,1,681
924,VariableDeclaration,nan,-1,-1,-1,381,6,381,93,packages\klaw-sync\test\klaw-sync.test.js,1,682
928,ArrowFunctionExpression,nan,-1,1,0,17,24,17,55,packages\klaw-sync\test\klaw-sync.test.js,1,683
929,MemberExpression,nan,-1,-1,-1,17,11,17,23,packages\klaw-sync\test\klaw-sync.test.js,1,684
930,ArrowFunctionExpression,nan,-1,1,0,18,26,18,53,packages\klaw-sync\test\klaw-sync.test.js,1,685
931,MemberExpression,nan,-1,-1,-1,18,12,18,25,packages\klaw-sync\test\klaw-sync.test.js,1,686
932,Identifier,dir,-1,-1,-1,19,17,19,20,packages\klaw-sync\test\klaw-sync.test.js,1,687
934,CallExpression,nan,1,-1,-1,19,24,19,45,packages\klaw-sync\test\klaw-sync.test.js,1,688
935,Identifier,f,-1,-1,-1,20,18,20,19,packages\klaw-sync\test\klaw-sync.test.js,1,689
937,CallExpression,nan,1,-1,-1,20,23,20,43,packages\klaw-sync\test\klaw-sync.test.js,1,690
938,Identifier,item,-1,-1,-1,53,18,53,22,packages\klaw-sync\test\klaw-sync.test.js,1,691
940,BlockStatement,nan,-1,-1,-1,53,26,57,5,packages\klaw-sync\test\klaw-sync.test.js,1,692
941,Identifier,f,-1,-1,-1,68,18,68,19,packages\klaw-sync\test\klaw-sync.test.js,1,693
943,BlockStatement,nan,-1,-1,-1,68,23,72,5,packages\klaw-sync\test\klaw-sync.test.js,1,694
944,Identifier,dir,-1,-1,-1,84,18,84,21,packages\klaw-sync\test\klaw-sync.test.js,1,695
945,Identifier,i,-1,-1,-1,84,23,84,24,packages\klaw-sync\test\klaw-sync.test.js,1,696
947,BlockStatement,nan,-1,-1,-1,84,29,88,5,packages\klaw-sync\test\klaw-sync.test.js,1,697
949,BlockStatement,nan,-1,-1,-1,92,44,106,5,packages\klaw-sync\test\klaw-sync.test.js,1,698
951,BlockStatement,nan,-1,-1,-1,108,45,126,5,packages\klaw-sync\test\klaw-sync.test.js,1,699
953,BlockStatement,nan,-1,-1,-1,128,59,142,5,packages\klaw-sync\test\klaw-sync.test.js,1,700
955,BlockStatement,nan,-1,-1,-1,144,49,156,5,packages\klaw-sync\test\klaw-sync.test.js,1,701
957,BlockStatement,nan,-1,-1,-1,158,51,176,5,packages\klaw-sync\test\klaw-sync.test.js,1,702
959,BlockStatement,nan,-1,-1,-1,178,52,197,5,packages\klaw-sync\test\klaw-sync.test.js,1,703
961,BlockStatement,nan,-1,-1,-1,201,21,203,5,packages\klaw-sync\test\klaw-sync.test.js,1,704
963,BlockStatement,nan,-1,-1,-1,204,50,208,5,packages\klaw-sync\test\klaw-sync.test.js,1,705
965,BlockStatement,nan,-1,-1,-1,210,49,213,5,packages\klaw-sync\test\klaw-sync.test.js,1,706
967,BlockStatement,nan,-1,-1,-1,215,49,218,5,packages\klaw-sync\test\klaw-sync.test.js,1,707
969,BlockStatement,nan,-1,-1,-1,220,49,224,5,packages\klaw-sync\test\klaw-sync.test.js,1,708
971,BlockStatement,nan,-1,-1,-1,226,49,230,5,packages\klaw-sync\test\klaw-sync.test.js,1,709
973,BlockStatement,nan,-1,-1,-1,232,68,235,5,packages\klaw-sync\test\klaw-sync.test.js,1,710
975,BlockStatement,nan,-1,-1,-1,237,67,240,5,packages\klaw-sync\test\klaw-sync.test.js,1,711
977,BlockStatement,nan,-1,-1,-1,242,67,245,5,packages\klaw-sync\test\klaw-sync.test.js,1,712
979,BlockStatement,nan,-1,-1,-1,247,116,271,5,packages\klaw-sync\test\klaw-sync.test.js,1,713
981,BlockStatement,nan,-1,-1,-1,273,76,297,5,packages\klaw-sync\test\klaw-sync.test.js,1,714
982,CallExpression,nan,1,-1,-1,308,6,311,8,packages\klaw-sync\test\klaw-sync.test.js,1,715
983,CallExpression,nan,0,-1,-1,314,6,314,18,packages\klaw-sync\test\klaw-sync.test.js,1,716
984,AssignmentExpression,nan,-1,-1,-1,315,6,315,75,packages\klaw-sync\test\klaw-sync.test.js,1,717
985,CallExpression,nan,2,-1,-1,316,6,316,45,packages\klaw-sync\test\klaw-sync.test.js,1,718
986,CallExpression,nan,1,-1,-1,327,6,330,8,packages\klaw-sync\test\klaw-sync.test.js,1,719
987,CallExpression,nan,0,-1,-1,333,6,333,18,packages\klaw-sync\test\klaw-sync.test.js,1,720
988,AssignmentExpression,nan,-1,-1,-1,334,6,334,75,packages\klaw-sync\test\klaw-sync.test.js,1,721
989,CallExpression,nan,2,-1,-1,335,6,335,45,packages\klaw-sync\test\klaw-sync.test.js,1,722
991,BlockStatement,nan,-1,-1,-1,339,21,341,5,packages\klaw-sync\test\klaw-sync.test.js,1,723
993,BlockStatement,nan,-1,-1,-1,342,78,346,5,packages\klaw-sync\test\klaw-sync.test.js,1,724
995,BlockStatement,nan,-1,-1,-1,347,77,350,5,packages\klaw-sync\test\klaw-sync.test.js,1,725
997,BlockStatement,nan,-1,-1,-1,351,74,357,5,packages\klaw-sync\test\klaw-sync.test.js,1,726
999,BlockStatement,nan,-1,-1,-1,358,75,365,5,packages\klaw-sync\test\klaw-sync.test.js,1,727
1000,CallExpression,nan,1,-1,-1,376,6,379,8,packages\klaw-sync\test\klaw-sync.test.js,1,728
1001,CallExpression,nan,0,-1,-1,382,6,382,18,packages\klaw-sync\test\klaw-sync.test.js,1,729
1002,AssignmentExpression,nan,-1,-1,-1,383,6,383,75,packages\klaw-sync\test\klaw-sync.test.js,1,730
1003,CallExpression,nan,2,-1,-1,384,6,384,45,packages\klaw-sync\test\klaw-sync.test.js,1,731
1004,Identifier,dir,-1,-1,-1,17,24,17,27,packages\klaw-sync\test\klaw-sync.test.js,1,732
1006,CallExpression,nan,2,-1,-1,17,31,17,55,packages\klaw-sync\test\klaw-sync.test.js,1,733
1007,Identifier,f,-1,-1,-1,18,26,18,27,packages\klaw-sync\test\klaw-sync.test.js,1,734
1009,CallExpression,nan,2,-1,-1,18,31,18,53,packages\klaw-sync\test\klaw-sync.test.js,1,735
1010,Identifier,dir,-1,-1,-1,19,41,19,44,packages\klaw-sync\test\klaw-sync.test.js,1,736
1011,MemberExpression,nan,-1,-1,-1,19,24,19,40,packages\klaw-sync\test\klaw-sync.test.js,1,737
1012,Identifier,f,-1,-1,-1,20,41,20,42,packages\klaw-sync\test\klaw-sync.test.js,1,738
1013,MemberExpression,nan,-1,-1,-1,20,23,20,40,packages\klaw-sync\test\klaw-sync.test.js,1,739
1014,VariableDeclaration,nan,-1,-1,-1,54,6,54,60,packages\klaw-sync\test\klaw-sync.test.js,1,740
1017,VariableDeclaration,nan,-1,-1,-1,69,6,69,61,packages\klaw-sync\test\klaw-sync.test.js,1,741
1023,VariableDeclaration,nan,-1,-1,-1,93,6,93,46,packages\klaw-sync\test\klaw-sync.test.js,1,742
1024,VariableDeclaration,nan,-1,-1,-1,94,6,94,46,packages\klaw-sync\test\klaw-sync.test.js,1,743
1027,VariableDeclaration,nan,-1,-1,-1,97,6,97,56,packages\klaw-sync\test\klaw-sync.test.js,1,744
1028,VariableDeclaration,nan,-1,-1,-1,98,6,98,71,packages\klaw-sync\test\klaw-sync.test.js,1,745
1029,VariableDeclaration,nan,-1,-1,-1,99,6,99,60,packages\klaw-sync\test\klaw-sync.test.js,1,746
1032,VariableDeclaration,nan,-1,-1,-1,109,6,109,46,packages\klaw-sync\test\klaw-sync.test.js,1,747
1033,VariableDeclaration,nan,-1,-1,-1,110,6,110,46,packages\klaw-sync\test\klaw-sync.test.js,1,748
1036,VariableDeclaration,nan,-1,-1,-1,113,6,116,7,packages\klaw-sync\test\klaw-sync.test.js,1,749
1037,VariableDeclaration,nan,-1,-1,-1,117,6,117,91,packages\klaw-sync\test\klaw-sync.test.js,1,750
1038,VariableDeclaration,nan,-1,-1,-1,118,6,118,60,packages\klaw-sync\test\klaw-sync.test.js,1,751
1042,VariableDeclaration,nan,-1,-1,-1,129,6,129,46,packages\klaw-sync\test\klaw-sync.test.js,1,752
1043,VariableDeclaration,nan,-1,-1,-1,130,6,130,46,packages\klaw-sync\test\klaw-sync.test.js,1,753
1046,VariableDeclaration,nan,-1,-1,-1,133,6,133,56,packages\klaw-sync\test\klaw-sync.test.js,1,754
1047,VariableDeclaration,nan,-1,-1,-1,134,6,134,136,packages\klaw-sync\test\klaw-sync.test.js,1,755
1048,VariableDeclaration,nan,-1,-1,-1,135,6,135,60,packages\klaw-sync\test\klaw-sync.test.js,1,756
1051,VariableDeclaration,nan,-1,-1,-1,145,6,145,47,packages\klaw-sync\test\klaw-sync.test.js,1,757
1052,VariableDeclaration,nan,-1,-1,-1,146,6,146,47,packages\klaw-sync\test\klaw-sync.test.js,1,758
1055,VariableDeclaration,nan,-1,-1,-1,149,6,149,95,packages\klaw-sync\test\klaw-sync.test.js,1,759
1056,VariableDeclaration,nan,-1,-1,-1,150,6,150,60,packages\klaw-sync\test\klaw-sync.test.js,1,760
1059,VariableDeclaration,nan,-1,-1,-1,159,6,159,46,packages\klaw-sync\test\klaw-sync.test.js,1,761
1060,VariableDeclaration,nan,-1,-1,-1,160,6,160,46,packages\klaw-sync\test\klaw-sync.test.js,1,762
1063,VariableDeclaration,nan,-1,-1,-1,163,6,166,7,packages\klaw-sync\test\klaw-sync.test.js,1,763
1064,VariableDeclaration,nan,-1,-1,-1,167,6,167,91,packages\klaw-sync\test\klaw-sync.test.js,1,764
1065,VariableDeclaration,nan,-1,-1,-1,168,6,168,73,packages\klaw-sync\test\klaw-sync.test.js,1,765
1069,VariableDeclaration,nan,-1,-1,-1,179,6,179,45,packages\klaw-sync\test\klaw-sync.test.js,1,766
1070,VariableDeclaration,nan,-1,-1,-1,180,6,180,43,packages\klaw-sync\test\klaw-sync.test.js,1,767
1071,VariableDeclaration,nan,-1,-1,-1,181,6,181,46,packages\klaw-sync\test\klaw-sync.test.js,1,768
1075,VariableDeclaration,nan,-1,-1,-1,185,6,188,7,packages\klaw-sync\test\klaw-sync.test.js,1,769
1076,VariableDeclaration,nan,-1,-1,-1,189,6,189,55,packages\klaw-sync\test\klaw-sync.test.js,1,770
1077,VariableDeclaration,nan,-1,-1,-1,190,6,190,74,packages\klaw-sync\test\klaw-sync.test.js,1,771
1081,VariableDeclaration,nan,-1,-1,-1,205,6,206,57,packages\klaw-sync\test\klaw-sync.test.js,1,772
1083,VariableDeclaration,nan,-1,-1,-1,211,6,211,33,packages\klaw-sync\test\klaw-sync.test.js,1,773
1085,VariableDeclaration,nan,-1,-1,-1,216,6,216,58,packages\klaw-sync\test\klaw-sync.test.js,1,774
1087,VariableDeclaration,nan,-1,-1,-1,221,6,222,33,packages\klaw-sync\test\klaw-sync.test.js,1,775
1089,VariableDeclaration,nan,-1,-1,-1,227,6,228,57,packages\klaw-sync\test\klaw-sync.test.js,1,776
1091,VariableDeclaration,nan,-1,-1,-1,233,6,233,99,packages\klaw-sync\test\klaw-sync.test.js,1,777
1093,VariableDeclaration,nan,-1,-1,-1,238,6,238,32,packages\klaw-sync\test\klaw-sync.test.js,1,778
1095,VariableDeclaration,nan,-1,-1,-1,243,6,243,43,packages\klaw-sync\test\klaw-sync.test.js,1,779
1097,VariableDeclaration,nan,-1,-1,-1,248,6,248,36,packages\klaw-sync\test\klaw-sync.test.js,1,780
1098,VariableDeclaration,nan,-1,-1,-1,249,6,256,7,packages\klaw-sync\test\klaw-sync.test.js,1,781
1099,VariableDeclaration,nan,-1,-1,-1,258,6,260,7,packages\klaw-sync\test\klaw-sync.test.js,1,782
1101,VariableDeclaration,nan,-1,-1,-1,267,6,267,110,packages\klaw-sync\test\klaw-sync.test.js,1,783
1105,VariableDeclaration,nan,-1,-1,-1,274,6,274,56,packages\klaw-sync\test\klaw-sync.test.js,1,784
1106,VariableDeclaration,nan,-1,-1,-1,275,6,282,7,packages\klaw-sync\test\klaw-sync.test.js,1,785
1107,VariableDeclaration,nan,-1,-1,-1,284,6,286,7,packages\klaw-sync\test\klaw-sync.test.js,1,786
1109,VariableDeclaration,nan,-1,-1,-1,293,6,293,110,packages\klaw-sync\test\klaw-sync.test.js,1,787
1113,ArrowFunctionExpression,nan,-1,1,0,308,23,311,7,packages\klaw-sync\test\klaw-sync.test.js,1,788
1114,MemberExpression,nan,-1,-1,-1,308,6,308,22,packages\klaw-sync\test\klaw-sync.test.js,1,789
1115,MemberExpression,nan,-1,-1,-1,314,6,314,16,packages\klaw-sync\test\klaw-sync.test.js,1,790
1116,Identifier,expected,-1,-1,-1,315,6,315,14,packages\klaw-sync\test\klaw-sync.test.js,1,791
1117,CallExpression,nan,1,-1,-1,315,17,315,75,packages\klaw-sync\test\klaw-sync.test.js,1,792
1118,Identifier,items,-1,-1,-1,316,29,316,34,packages\klaw-sync\test\klaw-sync.test.js,1,793
1119,Identifier,expected,-1,-1,-1,316,36,316,44,packages\klaw-sync\test\klaw-sync.test.js,1,794
1120,MemberExpression,nan,-1,-1,-1,316,6,316,28,packages\klaw-sync\test\klaw-sync.test.js,1,795
1121,ArrowFunctionExpression,nan,-1,1,0,327,23,330,7,packages\klaw-sync\test\klaw-sync.test.js,1,796
1122,MemberExpression,nan,-1,-1,-1,327,6,327,22,packages\klaw-sync\test\klaw-sync.test.js,1,797
1123,MemberExpression,nan,-1,-1,-1,333,6,333,16,packages\klaw-sync\test\klaw-sync.test.js,1,798
1124,Identifier,expected,-1,-1,-1,334,6,334,14,packages\klaw-sync\test\klaw-sync.test.js,1,799
1125,CallExpression,nan,1,-1,-1,334,17,334,75,packages\klaw-sync\test\klaw-sync.test.js,1,800
1126,Identifier,items,-1,-1,-1,335,29,335,34,packages\klaw-sync\test\klaw-sync.test.js,1,801
1127,Identifier,expected,-1,-1,-1,335,36,335,44,packages\klaw-sync\test\klaw-sync.test.js,1,802
1128,MemberExpression,nan,-1,-1,-1,335,6,335,28,packages\klaw-sync\test\klaw-sync.test.js,1,803
1130,VariableDeclaration,nan,-1,-1,-1,343,6,344,66,packages\klaw-sync\test\klaw-sync.test.js,1,804
1132,VariableDeclaration,nan,-1,-1,-1,348,6,348,99,packages\klaw-sync\test\klaw-sync.test.js,1,805
1134,VariableDeclaration,nan,-1,-1,-1,352,6,352,75,packages\klaw-sync\test\klaw-sync.test.js,1,806
1135,VariableDeclaration,nan,-1,-1,-1,353,6,355,7,packages\klaw-sync\test\klaw-sync.test.js,1,807
1137,VariableDeclaration,nan,-1,-1,-1,359,6,360,29,packages\klaw-sync\test\klaw-sync.test.js,1,808
1138,VariableDeclaration,nan,-1,-1,-1,361,6,363,7,packages\klaw-sync\test\klaw-sync.test.js,1,809
1140,ArrowFunctionExpression,nan,-1,1,0,376,23,379,7,packages\klaw-sync\test\klaw-sync.test.js,1,810
1141,MemberExpression,nan,-1,-1,-1,376,6,376,22,packages\klaw-sync\test\klaw-sync.test.js,1,811
1142,MemberExpression,nan,-1,-1,-1,382,6,382,16,packages\klaw-sync\test\klaw-sync.test.js,1,812
1143,Identifier,expected,-1,-1,-1,383,6,383,14,packages\klaw-sync\test\klaw-sync.test.js,1,813
1144,CallExpression,nan,1,-1,-1,383,17,383,75,packages\klaw-sync\test\klaw-sync.test.js,1,814
1145,Identifier,items,-1,-1,-1,384,29,384,34,packages\klaw-sync\test\klaw-sync.test.js,1,815
1146,Identifier,expected,-1,-1,-1,384,36,384,44,packages\klaw-sync\test\klaw-sync.test.js,1,816
1147,MemberExpression,nan,-1,-1,-1,384,6,384,28,packages\klaw-sync\test\klaw-sync.test.js,1,817
1148,Identifier,TEST_DIR,-1,-1,-1,17,41,17,49,packages\klaw-sync\test\klaw-sync.test.js,1,818
1149,Identifier,dir,-1,-1,-1,17,51,17,54,packages\klaw-sync\test\klaw-sync.test.js,1,819
1150,MemberExpression,nan,-1,-1,-1,17,31,17,40,packages\klaw-sync\test\klaw-sync.test.js,1,820
1151,Identifier,TEST_DIR,-1,-1,-1,18,41,18,49,packages\klaw-sync\test\klaw-sync.test.js,1,821
1152,Identifier,f,-1,-1,-1,18,51,18,52,packages\klaw-sync\test\klaw-sync.test.js,1,822
1153,MemberExpression,nan,-1,-1,-1,18,31,18,40,packages\klaw-sync\test\klaw-sync.test.js,1,823
1154,CallExpression,nan,2,-1,-1,55,6,55,45,packages\klaw-sync\test\klaw-sync.test.js,1,824
1155,CallExpression,nan,2,-1,-1,56,6,56,51,packages\klaw-sync\test\klaw-sync.test.js,1,825
1156,CallExpression,nan,2,-1,-1,70,6,70,42,packages\klaw-sync\test\klaw-sync.test.js,1,826
1157,CallExpression,nan,2,-1,-1,71,6,71,48,packages\klaw-sync\test\klaw-sync.test.js,1,827
1158,CallExpression,nan,2,-1,-1,85,6,85,46,packages\klaw-sync\test\klaw-sync.test.js,1,828
1159,CallExpression,nan,2,-1,-1,86,6,86,52,packages\klaw-sync\test\klaw-sync.test.js,1,829
1160,CallExpression,nan,2,-1,-1,87,6,87,58,packages\klaw-sync\test\klaw-sync.test.js,1,830
1161,CallExpression,nan,1,-1,-1,95,6,95,27,packages\klaw-sync\test\klaw-sync.test.js,1,831
1162,CallExpression,nan,1,-1,-1,96,6,96,27,packages\klaw-sync\test\klaw-sync.test.js,1,832
1163,CallExpression,nan,2,-1,-1,100,6,100,52,packages\klaw-sync\test\klaw-sync.test.js,1,833
1164,CallExpression,nan,1,-1,-1,101,6,105,8,packages\klaw-sync\test\klaw-sync.test.js,1,834
1165,CallExpression,nan,2,-1,-1,111,6,111,51,packages\klaw-sync\test\klaw-sync.test.js,1,835
1166,CallExpression,nan,2,-1,-1,112,6,112,51,packages\klaw-sync\test\klaw-sync.test.js,1,836
1167,CallExpression,nan,0,-1,-1,119,6,119,18,packages\klaw-sync\test\klaw-sync.test.js,1,837
1168,CallExpression,nan,2,-1,-1,120,6,120,52,packages\klaw-sync\test\klaw-sync.test.js,1,838
1169,CallExpression,nan,1,-1,-1,121,6,125,8,packages\klaw-sync\test\klaw-sync.test.js,1,839
1170,CallExpression,nan,2,-1,-1,131,6,131,51,packages\klaw-sync\test\klaw-sync.test.js,1,840
1171,CallExpression,nan,2,-1,-1,132,6,132,51,packages\klaw-sync\test\klaw-sync.test.js,1,841
1172,CallExpression,nan,2,-1,-1,136,6,136,52,packages\klaw-sync\test\klaw-sync.test.js,1,842
1173,CallExpression,nan,1,-1,-1,137,6,141,8,packages\klaw-sync\test\klaw-sync.test.js,1,843
1174,CallExpression,nan,1,-1,-1,147,6,147,28,packages\klaw-sync\test\klaw-sync.test.js,1,844
1175,CallExpression,nan,1,-1,-1,148,6,148,28,packages\klaw-sync\test\klaw-sync.test.js,1,845
1176,CallExpression,nan,1,-1,-1,151,6,151,30,packages\klaw-sync\test\klaw-sync.test.js,1,846
1177,CallExpression,nan,1,-1,-1,152,6,155,8,packages\klaw-sync\test\klaw-sync.test.js,1,847
1178,CallExpression,nan,2,-1,-1,161,6,161,51,packages\klaw-sync\test\klaw-sync.test.js,1,848
1179,CallExpression,nan,2,-1,-1,162,6,162,51,packages\klaw-sync\test\klaw-sync.test.js,1,849
1180,CallExpression,nan,0,-1,-1,169,6,169,18,packages\klaw-sync\test\klaw-sync.test.js,1,850
1181,CallExpression,nan,2,-1,-1,170,6,170,52,packages\klaw-sync\test\klaw-sync.test.js,1,851
1182,CallExpression,nan,1,-1,-1,171,6,175,8,packages\klaw-sync\test\klaw-sync.test.js,1,852
1183,CallExpression,nan,1,-1,-1,182,6,182,26,packages\klaw-sync\test\klaw-sync.test.js,1,853
1184,CallExpression,nan,1,-1,-1,183,6,183,26,packages\klaw-sync\test\klaw-sync.test.js,1,854
1185,CallExpression,nan,1,-1,-1,184,6,184,26,packages\klaw-sync\test\klaw-sync.test.js,1,855
1186,CallExpression,nan,2,-1,-1,191,6,191,52,packages\klaw-sync\test\klaw-sync.test.js,1,856
1187,CallExpression,nan,1,-1,-1,192,6,196,8,packages\klaw-sync\test\klaw-sync.test.js,1,857
1188,CallExpression,nan,1,-1,-1,202,6,202,31,packages\klaw-sync\test\klaw-sync.test.js,1,858
1189,CallExpression,nan,2,-1,-1,207,6,207,34,packages\klaw-sync\test\klaw-sync.test.js,1,859
1190,CallExpression,nan,2,-1,-1,212,6,212,33,packages\klaw-sync\test\klaw-sync.test.js,1,860
1191,CallExpression,nan,2,-1,-1,217,6,217,33,packages\klaw-sync\test\klaw-sync.test.js,1,861
1192,CallExpression,nan,2,-1,-1,223,6,223,33,packages\klaw-sync\test\klaw-sync.test.js,1,862
1193,CallExpression,nan,2,-1,-1,229,6,229,33,packages\klaw-sync\test\klaw-sync.test.js,1,863
1194,CallExpression,nan,2,-1,-1,234,6,234,39,packages\klaw-sync\test\klaw-sync.test.js,1,864
1195,CallExpression,nan,2,-1,-1,239,6,239,38,packages\klaw-sync\test\klaw-sync.test.js,1,865
1196,CallExpression,nan,2,-1,-1,244,6,244,38,packages\klaw-sync\test\klaw-sync.test.js,1,866
1197,CallExpression,nan,1,-1,-1,262,6,265,8,packages\klaw-sync\test\klaw-sync.test.js,1,867
1198,CallExpression,nan,0,-1,-1,268,6,268,18,packages\klaw-sync\test\klaw-sync.test.js,1,868
1199,AssignmentExpression,nan,-1,-1,-1,269,6,269,75,packages\klaw-sync\test\klaw-sync.test.js,1,869
1200,CallExpression,nan,2,-1,-1,270,6,270,45,packages\klaw-sync\test\klaw-sync.test.js,1,870
1201,CallExpression,nan,1,-1,-1,288,6,291,8,packages\klaw-sync\test\klaw-sync.test.js,1,871
1202,CallExpression,nan,0,-1,-1,294,6,294,18,packages\klaw-sync\test\klaw-sync.test.js,1,872
1203,AssignmentExpression,nan,-1,-1,-1,295,6,295,75,packages\klaw-sync\test\klaw-sync.test.js,1,873
1204,CallExpression,nan,2,-1,-1,296,6,296,45,packages\klaw-sync\test\klaw-sync.test.js,1,874
1205,Identifier,f,-1,-1,-1,308,23,308,24,packages\klaw-sync\test\klaw-sync.test.js,1,875
1207,BlockStatement,nan,-1,-1,-1,308,28,311,7,packages\klaw-sync\test\klaw-sync.test.js,1,876
1208,ArrowFunctionExpression,nan,-1,1,0,315,30,315,74,packages\klaw-sync\test\klaw-sync.test.js,1,877
1209,MemberExpression,nan,-1,-1,-1,315,17,315,29,packages\klaw-sync\test\klaw-sync.test.js,1,878
1210,Identifier,f,-1,-1,-1,327,23,327,24,packages\klaw-sync\test\klaw-sync.test.js,1,879
1212,BlockStatement,nan,-1,-1,-1,327,28,330,7,packages\klaw-sync\test\klaw-sync.test.js,1,880
1213,ArrowFunctionExpression,nan,-1,1,0,334,30,334,74,packages\klaw-sync\test\klaw-sync.test.js,1,881
1214,MemberExpression,nan,-1,-1,-1,334,17,334,29,packages\klaw-sync\test\klaw-sync.test.js,1,882
1215,CallExpression,nan,1,-1,-1,340,6,340,31,packages\klaw-sync\test\klaw-sync.test.js,1,883
1216,CallExpression,nan,2,-1,-1,345,6,345,49,packages\klaw-sync\test\klaw-sync.test.js,1,884
1217,CallExpression,nan,2,-1,-1,349,6,349,48,packages\klaw-sync\test\klaw-sync.test.js,1,885
1218,CallExpression,nan,2,-1,-1,356,6,356,56,packages\klaw-sync\test\klaw-sync.test.js,1,886
1219,CallExpression,nan,2,-1,-1,364,6,364,57,packages\klaw-sync\test\klaw-sync.test.js,1,887
1220,Identifier,f,-1,-1,-1,376,23,376,24,packages\klaw-sync\test\klaw-sync.test.js,1,888
1222,BlockStatement,nan,-1,-1,-1,376,28,379,7,packages\klaw-sync\test\klaw-sync.test.js,1,889
1223,ArrowFunctionExpression,nan,-1,1,0,383,30,383,74,packages\klaw-sync\test\klaw-sync.test.js,1,890
1224,MemberExpression,nan,-1,-1,-1,383,17,383,29,packages\klaw-sync\test\klaw-sync.test.js,1,891
1225,MemberExpression,nan,-1,-1,-1,55,25,55,34,packages\klaw-sync\test\klaw-sync.test.js,1,892
1226,MemberExpression,nan,-1,-1,-1,55,36,55,44,packages\klaw-sync\test\klaw-sync.test.js,1,893
1227,MemberExpression,nan,-1,-1,-1,55,6,55,24,packages\klaw-sync\test\klaw-sync.test.js,1,894
1228,MemberExpression,nan,-1,-1,-1,56,29,56,39,packages\klaw-sync\test\klaw-sync.test.js,1,895
1229,MemberExpression,nan,-1,-1,-1,56,41,56,50,packages\klaw-sync\test\klaw-sync.test.js,1,896
1230,MemberExpression,nan,-1,-1,-1,56,6,56,28,packages\klaw-sync\test\klaw-sync.test.js,1,897
1231,MemberExpression,nan,-1,-1,-1,70,25,70,31,packages\klaw-sync\test\klaw-sync.test.js,1,898
1232,MemberExpression,nan,-1,-1,-1,70,33,70,41,packages\klaw-sync\test\klaw-sync.test.js,1,899
1233,MemberExpression,nan,-1,-1,-1,70,6,70,24,packages\klaw-sync\test\klaw-sync.test.js,1,900
1234,MemberExpression,nan,-1,-1,-1,71,29,71,36,packages\klaw-sync\test\klaw-sync.test.js,1,901
1235,MemberExpression,nan,-1,-1,-1,71,38,71,47,packages\klaw-sync\test\klaw-sync.test.js,1,902
1236,MemberExpression,nan,-1,-1,-1,71,6,71,28,packages\klaw-sync\test\klaw-sync.test.js,1,903
1237,Identifier,dir,-1,-1,-1,85,29,85,32,packages\klaw-sync\test\klaw-sync.test.js,1,904
1238,MemberExpression,nan,-1,-1,-1,85,34,85,45,packages\klaw-sync\test\klaw-sync.test.js,1,905
1239,MemberExpression,nan,-1,-1,-1,85,6,85,28,packages\klaw-sync\test\klaw-sync.test.js,1,906
1240,MemberExpression,nan,-1,-1,-1,86,25,86,33,packages\klaw-sync\test\klaw-sync.test.js,1,907
1241,MemberExpression,nan,-1,-1,-1,86,35,86,51,packages\klaw-sync\test\klaw-sync.test.js,1,908
1242,MemberExpression,nan,-1,-1,-1,86,6,86,24,packages\klaw-sync\test\klaw-sync.test.js,1,909
1243,MemberExpression,nan,-1,-1,-1,87,29,87,38,packages\klaw-sync\test\klaw-sync.test.js,1,910
1244,MemberExpression,nan,-1,-1,-1,87,40,87,57,packages\klaw-sync\test\klaw-sync.test.js,1,911
1245,MemberExpression,nan,-1,-1,-1,87,6,87,28,packages\klaw-sync\test\klaw-sync.test.js,1,912
1246,Identifier,f1,-1,-1,-1,95,24,95,26,packages\klaw-sync\test\klaw-sync.test.js,1,913
1247,MemberExpression,nan,-1,-1,-1,95,6,95,23,packages\klaw-sync\test\klaw-sync.test.js,1,914
1248,Identifier,f2,-1,-1,-1,96,24,96,26,packages\klaw-sync\test\klaw-sync.test.js,1,915
1249,MemberExpression,nan,-1,-1,-1,96,6,96,23,packages\klaw-sync\test\klaw-sync.test.js,1,916
1250,MemberExpression,nan,-1,-1,-1,100,25,100,37,packages\klaw-sync\test\klaw-sync.test.js,1,917
1251,MemberExpression,nan,-1,-1,-1,100,39,100,51,packages\klaw-sync\test\klaw-sync.test.js,1,918
1252,MemberExpression,nan,-1,-1,-1,100,6,100,24,packages\klaw-sync\test\klaw-sync.test.js,1,919
1253,ArrowFunctionExpression,nan,-1,2,0,101,20,105,7,packages\klaw-sync\test\klaw-sync.test.js,1,920
1254,MemberExpression,nan,-1,-1,-1,101,6,101,19,packages\klaw-sync\test\klaw-sync.test.js,1,921
1255,Identifier,f1,-1,-1,-1,111,24,111,26,packages\klaw-sync\test\klaw-sync.test.js,1,922
1257,MemberExpression,nan,-1,-1,-1,111,6,111,23,packages\klaw-sync\test\klaw-sync.test.js,1,923
1258,Identifier,f2,-1,-1,-1,112,24,112,26,packages\klaw-sync\test\klaw-sync.test.js,1,924
1260,MemberExpression,nan,-1,-1,-1,112,6,112,23,packages\klaw-sync\test\klaw-sync.test.js,1,925
1261,MemberExpression,nan,-1,-1,-1,119,6,119,16,packages\klaw-sync\test\klaw-sync.test.js,1,926
1262,MemberExpression,nan,-1,-1,-1,120,25,120,37,packages\klaw-sync\test\klaw-sync.test.js,1,927
1263,MemberExpression,nan,-1,-1,-1,120,39,120,51,packages\klaw-sync\test\klaw-sync.test.js,1,928
1264,MemberExpression,nan,-1,-1,-1,120,6,120,24,packages\klaw-sync\test\klaw-sync.test.js,1,929
1265,ArrowFunctionExpression,nan,-1,2,0,121,20,125,7,packages\klaw-sync\test\klaw-sync.test.js,1,930
1266,MemberExpression,nan,-1,-1,-1,121,6,121,19,packages\klaw-sync\test\klaw-sync.test.js,1,931
1267,Identifier,f1,-1,-1,-1,131,24,131,26,packages\klaw-sync\test\klaw-sync.test.js,1,932
1269,MemberExpression,nan,-1,-1,-1,131,6,131,23,packages\klaw-sync\test\klaw-sync.test.js,1,933
1270,Identifier,f2,-1,-1,-1,132,24,132,26,packages\klaw-sync\test\klaw-sync.test.js,1,934
1272,MemberExpression,nan,-1,-1,-1,132,6,132,23,packages\klaw-sync\test\klaw-sync.test.js,1,935
1273,MemberExpression,nan,-1,-1,-1,136,25,136,37,packages\klaw-sync\test\klaw-sync.test.js,1,936
1274,MemberExpression,nan,-1,-1,-1,136,39,136,51,packages\klaw-sync\test\klaw-sync.test.js,1,937
1275,MemberExpression,nan,-1,-1,-1,136,6,136,24,packages\klaw-sync\test\klaw-sync.test.js,1,938
1276,ArrowFunctionExpression,nan,-1,2,0,137,20,141,7,packages\klaw-sync\test\klaw-sync.test.js,1,939
1277,MemberExpression,nan,-1,-1,-1,137,6,137,19,packages\klaw-sync\test\klaw-sync.test.js,1,940
1278,Identifier,dir1,-1,-1,-1,147,23,147,27,packages\klaw-sync\test\klaw-sync.test.js,1,941
1279,MemberExpression,nan,-1,-1,-1,147,6,147,22,packages\klaw-sync\test\klaw-sync.test.js,1,942
1280,Identifier,dir2,-1,-1,-1,148,23,148,27,packages\klaw-sync\test\klaw-sync.test.js,1,943
1281,MemberExpression,nan,-1,-1,-1,148,6,148,22,packages\klaw-sync\test\klaw-sync.test.js,1,944
1283,Identifier,assert,-1,-1,-1,151,6,151,12,packages\klaw-sync\test\klaw-sync.test.js,1,945
1284,ArrowFunctionExpression,nan,-1,1,0,152,20,155,7,packages\klaw-sync\test\klaw-sync.test.js,1,946
1285,MemberExpression,nan,-1,-1,-1,152,6,152,19,packages\klaw-sync\test\klaw-sync.test.js,1,947
1286,Identifier,f1,-1,-1,-1,161,24,161,26,packages\klaw-sync\test\klaw-sync.test.js,1,948
1288,MemberExpression,nan,-1,-1,-1,161,6,161,23,packages\klaw-sync\test\klaw-sync.test.js,1,949
1289,Identifier,f2,-1,-1,-1,162,24,162,26,packages\klaw-sync\test\klaw-sync.test.js,1,950
1291,MemberExpression,nan,-1,-1,-1,162,6,162,23,packages\klaw-sync\test\klaw-sync.test.js,1,951
1292,MemberExpression,nan,-1,-1,-1,169,6,169,16,packages\klaw-sync\test\klaw-sync.test.js,1,952
1293,MemberExpression,nan,-1,-1,-1,170,25,170,37,packages\klaw-sync\test\klaw-sync.test.js,1,953
1294,MemberExpression,nan,-1,-1,-1,170,39,170,51,packages\klaw-sync\test\klaw-sync.test.js,1,954
1295,MemberExpression,nan,-1,-1,-1,170,6,170,24,packages\klaw-sync\test\klaw-sync.test.js,1,955
1296,ArrowFunctionExpression,nan,-1,2,0,171,20,175,7,packages\klaw-sync\test\klaw-sync.test.js,1,956
1297,MemberExpression,nan,-1,-1,-1,171,6,171,19,packages\klaw-sync\test\klaw-sync.test.js,1,957
1298,Identifier,f,-1,-1,-1,182,24,182,25,packages\klaw-sync\test\klaw-sync.test.js,1,958
1299,MemberExpression,nan,-1,-1,-1,182,6,182,23,packages\klaw-sync\test\klaw-sync.test.js,1,959
1300,Identifier,d1,-1,-1,-1,183,23,183,25,packages\klaw-sync\test\klaw-sync.test.js,1,960
1301,MemberExpression,nan,-1,-1,-1,183,6,183,22,packages\klaw-sync\test\klaw-sync.test.js,1,961
1302,Identifier,d2,-1,-1,-1,184,23,184,25,packages\klaw-sync\test\klaw-sync.test.js,1,962
1303,MemberExpression,nan,-1,-1,-1,184,6,184,22,packages\klaw-sync\test\klaw-sync.test.js,1,963
1304,MemberExpression,nan,-1,-1,-1,191,25,191,37,packages\klaw-sync\test\klaw-sync.test.js,1,964
1305,MemberExpression,nan,-1,-1,-1,191,39,191,51,packages\klaw-sync\test\klaw-sync.test.js,1,965
1306,MemberExpression,nan,-1,-1,-1,191,6,191,24,packages\klaw-sync\test\klaw-sync.test.js,1,966
1307,ArrowFunctionExpression,nan,-1,2,0,192,20,196,7,packages\klaw-sync\test\klaw-sync.test.js,1,967
1308,MemberExpression,nan,-1,-1,-1,192,6,192,19,packages\klaw-sync\test\klaw-sync.test.js,1,968
1309,Identifier,TEST_DIR,-1,-1,-1,202,22,202,30,packages\klaw-sync\test\klaw-sync.test.js,1,969
1310,MemberExpression,nan,-1,-1,-1,202,6,202,21,packages\klaw-sync\test\klaw-sync.test.js,1,970
1311,UnaryExpression,nan,1,-1,-1,207,21,207,23,packages\klaw-sync\test\klaw-sync.test.js,1,971
1312,Identifier,expected,-1,-1,-1,207,25,207,33,packages\klaw-sync\test\klaw-sync.test.js,1,972
1313,Identifier,testDepthLimit,-1,-1,-1,207,6,207,20,packages\klaw-sync\test\klaw-sync.test.js,1,973
1315,Identifier,expected,-1,-1,-1,212,24,212,32,packages\klaw-sync\test\klaw-sync.test.js,1,974
1316,Identifier,testDepthLimit,-1,-1,-1,212,6,212,20,packages\klaw-sync\test\klaw-sync.test.js,1,975
1318,Identifier,expected,-1,-1,-1,217,24,217,32,packages\klaw-sync\test\klaw-sync.test.js,1,976
1319,Identifier,testDepthLimit,-1,-1,-1,217,6,217,20,packages\klaw-sync\test\klaw-sync.test.js,1,977
1321,Identifier,expected,-1,-1,-1,223,24,223,32,packages\klaw-sync\test\klaw-sync.test.js,1,978
1322,Identifier,testDepthLimit,-1,-1,-1,223,6,223,20,packages\klaw-sync\test\klaw-sync.test.js,1,979
1324,Identifier,expected,-1,-1,-1,229,24,229,32,packages\klaw-sync\test\klaw-sync.test.js,1,980
1325,Identifier,testDepthLimit,-1,-1,-1,229,6,229,20,packages\klaw-sync\test\klaw-sync.test.js,1,981
1326,UnaryExpression,nan,1,-1,-1,234,26,234,28,packages\klaw-sync\test\klaw-sync.test.js,1,982
1327,Identifier,expected,-1,-1,-1,234,30,234,38,packages\klaw-sync\test\klaw-sync.test.js,1,983
1328,Identifier,testDepthLimitNoDir,-1,-1,-1,234,6,234,25,packages\klaw-sync\test\klaw-sync.test.js,1,984
1330,Identifier,expected,-1,-1,-1,239,29,239,37,packages\klaw-sync\test\klaw-sync.test.js,1,985
1331,Identifier,testDepthLimitNoDir,-1,-1,-1,239,6,239,25,packages\klaw-sync\test\klaw-sync.test.js,1,986
1333,Identifier,expected,-1,-1,-1,244,29,244,37,packages\klaw-sync\test\klaw-sync.test.js,1,987
1334,Identifier,testDepthLimitNoDir,-1,-1,-1,244,6,244,25,packages\klaw-sync\test\klaw-sync.test.js,1,988
1335,ArrowFunctionExpression,nan,-1,1,0,262,23,265,7,packages\klaw-sync\test\klaw-sync.test.js,1,989
1336,MemberExpression,nan,-1,-1,-1,262,6,262,22,packages\klaw-sync\test\klaw-sync.test.js,1,990
1337,MemberExpression,nan,-1,-1,-1,268,6,268,16,packages\klaw-sync\test\klaw-sync.test.js,1,991
1338,Identifier,expected,-1,-1,-1,269,6,269,14,packages\klaw-sync\test\klaw-sync.test.js,1,992
1339,CallExpression,nan,1,-1,-1,269,17,269,75,packages\klaw-sync\test\klaw-sync.test.js,1,993
1340,Identifier,items,-1,-1,-1,270,29,270,34,packages\klaw-sync\test\klaw-sync.test.js,1,994
1341,Identifier,expected,-1,-1,-1,270,36,270,44,packages\klaw-sync\test\klaw-sync.test.js,1,995
1342,MemberExpression,nan,-1,-1,-1,270,6,270,28,packages\klaw-sync\test\klaw-sync.test.js,1,996
1343,ArrowFunctionExpression,nan,-1,1,0,288,23,291,7,packages\klaw-sync\test\klaw-sync.test.js,1,997
1344,MemberExpression,nan,-1,-1,-1,288,6,288,22,packages\klaw-sync\test\klaw-sync.test.js,1,998
1345,MemberExpression,nan,-1,-1,-1,294,6,294,16,packages\klaw-sync\test\klaw-sync.test.js,1,999
1346,Identifier,expected,-1,-1,-1,295,6,295,14,packages\klaw-sync\test\klaw-sync.test.js,1,1000
1347,CallExpression,nan,1,-1,-1,295,17,295,75,packages\klaw-sync\test\klaw-sync.test.js,1,1001
1348,Identifier,items,-1,-1,-1,296,29,296,34,packages\klaw-sync\test\klaw-sync.test.js,1,1002
1349,Identifier,expected,-1,-1,-1,296,36,296,44,packages\klaw-sync\test\klaw-sync.test.js,1,1003
1350,MemberExpression,nan,-1,-1,-1,296,6,296,28,packages\klaw-sync\test\klaw-sync.test.js,1,1004
1353,Identifier,item,-1,-1,-1,315,30,315,34,packages\klaw-sync\test\klaw-sync.test.js,1,1005
1355,CallExpression,nan,1,-1,-1,315,38,315,74,packages\klaw-sync\test\klaw-sync.test.js,1,1006
1358,Identifier,item,-1,-1,-1,334,30,334,34,packages\klaw-sync\test\klaw-sync.test.js,1,1007
1360,CallExpression,nan,1,-1,-1,334,38,334,74,packages\klaw-sync\test\klaw-sync.test.js,1,1008
1361,Identifier,TEST_DIR,-1,-1,-1,340,22,340,30,packages\klaw-sync\test\klaw-sync.test.js,1,1009
1362,MemberExpression,nan,-1,-1,-1,340,6,340,21,packages\klaw-sync\test\klaw-sync.test.js,1,1010
1363,ObjectExpression,nan,-1,-1,-1,345,22,345,38,packages\klaw-sync\test\klaw-sync.test.js,1,1011
1364,Identifier,expected,-1,-1,-1,345,40,345,48,packages\klaw-sync\test\klaw-sync.test.js,1,1012
1365,Identifier,testTraverseAll,-1,-1,-1,345,6,345,21,packages\klaw-sync\test\klaw-sync.test.js,1,1013
1366,ObjectExpression,nan,-1,-1,-1,349,22,349,37,packages\klaw-sync\test\klaw-sync.test.js,1,1014
1367,Identifier,expected,-1,-1,-1,349,39,349,47,packages\klaw-sync\test\klaw-sync.test.js,1,1015
1368,Identifier,testTraverseAll,-1,-1,-1,349,6,349,21,packages\klaw-sync\test\klaw-sync.test.js,1,1016
1369,ObjectExpression,nan,-1,-1,-1,356,22,356,45,packages\klaw-sync\test\klaw-sync.test.js,1,1017
1370,Identifier,expected,-1,-1,-1,356,47,356,55,packages\klaw-sync\test\klaw-sync.test.js,1,1018
1371,Identifier,testTraverseAll,-1,-1,-1,356,6,356,21,packages\klaw-sync\test\klaw-sync.test.js,1,1019
1372,ObjectExpression,nan,-1,-1,-1,364,22,364,46,packages\klaw-sync\test\klaw-sync.test.js,1,1020
1373,Identifier,expected,-1,-1,-1,364,48,364,56,packages\klaw-sync\test\klaw-sync.test.js,1,1021
1374,Identifier,testTraverseAll,-1,-1,-1,364,6,364,21,packages\klaw-sync\test\klaw-sync.test.js,1,1022
1377,Identifier,item,-1,-1,-1,383,30,383,34,packages\klaw-sync\test\klaw-sync.test.js,1,1023
1379,CallExpression,nan,1,-1,-1,383,38,383,74,packages\klaw-sync\test\klaw-sync.test.js,1,1024
1380,Identifier,p,-1,-1,-1,101,21,101,22,packages\klaw-sync\test\klaw-sync.test.js,1,1025
1381,Identifier,i,-1,-1,-1,101,24,101,25,packages\klaw-sync\test\klaw-sync.test.js,1,1026
1383,BlockStatement,nan,-1,-1,-1,101,30,105,7,packages\klaw-sync\test\klaw-sync.test.js,1,1027
1384,Identifier,p,-1,-1,-1,121,21,121,22,packages\klaw-sync\test\klaw-sync.test.js,1,1028
1385,Identifier,i,-1,-1,-1,121,24,121,25,packages\klaw-sync\test\klaw-sync.test.js,1,1029
1387,BlockStatement,nan,-1,-1,-1,121,30,125,7,packages\klaw-sync\test\klaw-sync.test.js,1,1030
1388,Identifier,p,-1,-1,-1,137,21,137,22,packages\klaw-sync\test\klaw-sync.test.js,1,1031
1389,Identifier,i,-1,-1,-1,137,24,137,25,packages\klaw-sync\test\klaw-sync.test.js,1,1032
1391,BlockStatement,nan,-1,-1,-1,137,30,141,7,packages\klaw-sync\test\klaw-sync.test.js,1,1033
1392,MemberExpression,nan,-1,-1,-1,151,13,151,25,packages\klaw-sync\test\klaw-sync.test.js,1,1034
1394,Identifier,p,-1,-1,-1,152,20,152,21,packages\klaw-sync\test\klaw-sync.test.js,1,1035
1396,BlockStatement,nan,-1,-1,-1,152,25,155,7,packages\klaw-sync\test\klaw-sync.test.js,1,1036
1397,Identifier,p,-1,-1,-1,171,21,171,22,packages\klaw-sync\test\klaw-sync.test.js,1,1037
1398,Identifier,i,-1,-1,-1,171,24,171,25,packages\klaw-sync\test\klaw-sync.test.js,1,1038
1400,BlockStatement,nan,-1,-1,-1,171,30,175,7,packages\klaw-sync\test\klaw-sync.test.js,1,1039
1401,Identifier,p,-1,-1,-1,192,21,192,22,packages\klaw-sync\test\klaw-sync.test.js,1,1040
1402,Identifier,i,-1,-1,-1,192,24,192,25,packages\klaw-sync\test\klaw-sync.test.js,1,1041
1404,BlockStatement,nan,-1,-1,-1,192,30,196,7,packages\klaw-sync\test\klaw-sync.test.js,1,1042
1407,Identifier,f,-1,-1,-1,262,23,262,24,packages\klaw-sync\test\klaw-sync.test.js,1,1043
1409,BlockStatement,nan,-1,-1,-1,262,28,265,7,packages\klaw-sync\test\klaw-sync.test.js,1,1044
1410,ArrowFunctionExpression,nan,-1,1,0,269,30,269,74,packages\klaw-sync\test\klaw-sync.test.js,1,1045
1411,MemberExpression,nan,-1,-1,-1,269,17,269,29,packages\klaw-sync\test\klaw-sync.test.js,1,1046
1412,Identifier,f,-1,-1,-1,288,23,288,24,packages\klaw-sync\test\klaw-sync.test.js,1,1047
1414,BlockStatement,nan,-1,-1,-1,288,28,291,7,packages\klaw-sync\test\klaw-sync.test.js,1,1048
1415,ArrowFunctionExpression,nan,-1,1,0,295,30,295,74,packages\klaw-sync\test\klaw-sync.test.js,1,1049
1416,MemberExpression,nan,-1,-1,-1,295,17,295,29,packages\klaw-sync\test\klaw-sync.test.js,1,1050
1417,AssignmentExpression,nan,-1,-1,-1,309,8,309,34,packages\klaw-sync\test\klaw-sync.test.js,1,1051
1418,CallExpression,nan,2,-1,-1,310,8,310,63,packages\klaw-sync\test\klaw-sync.test.js,1,1052
1419,CallExpression,nan,2,-1,-1,315,48,315,73,packages\klaw-sync\test\klaw-sync.test.js,1,1053
1420,MemberExpression,nan,-1,-1,-1,315,38,315,47,packages\klaw-sync\test\klaw-sync.test.js,1,1054
1421,AssignmentExpression,nan,-1,-1,-1,328,8,328,34,packages\klaw-sync\test\klaw-sync.test.js,1,1055
1422,CallExpression,nan,2,-1,-1,329,8,329,63,packages\klaw-sync\test\klaw-sync.test.js,1,1056
1423,CallExpression,nan,2,-1,-1,334,48,334,73,packages\klaw-sync\test\klaw-sync.test.js,1,1057
1424,MemberExpression,nan,-1,-1,-1,334,38,334,47,packages\klaw-sync\test\klaw-sync.test.js,1,1058
1425,AssignmentExpression,nan,-1,-1,-1,377,8,377,34,packages\klaw-sync\test\klaw-sync.test.js,1,1059
1426,CallExpression,nan,2,-1,-1,378,8,378,63,packages\klaw-sync\test\klaw-sync.test.js,1,1060
1427,CallExpression,nan,2,-1,-1,383,48,383,73,packages\klaw-sync\test\klaw-sync.test.js,1,1061
1428,MemberExpression,nan,-1,-1,-1,383,38,383,47,packages\klaw-sync\test\klaw-sync.test.js,1,1062
1448,Identifier,item,-1,-1,-1,269,30,269,34,packages\klaw-sync\test\klaw-sync.test.js,1,1063
1450,CallExpression,nan,1,-1,-1,269,38,269,74,packages\klaw-sync\test\klaw-sync.test.js,1,1064
1453,Identifier,item,-1,-1,-1,295,30,295,34,packages\klaw-sync\test\klaw-sync.test.js,1,1065
1455,CallExpression,nan,1,-1,-1,295,38,295,74,packages\klaw-sync\test\klaw-sync.test.js,1,1066
1456,Identifier,f,-1,-1,-1,309,8,309,9,packages\klaw-sync\test\klaw-sync.test.js,1,1067
1457,CallExpression,nan,2,-1,-1,309,12,309,34,packages\klaw-sync\test\klaw-sync.test.js,1,1068
1458,Identifier,f,-1,-1,-1,310,26,310,27,packages\klaw-sync\test\klaw-sync.test.js,1,1069
1459,CallExpression,nan,2,-1,-1,310,29,310,62,packages\klaw-sync\test\klaw-sync.test.js,1,1070
1460,MemberExpression,nan,-1,-1,-1,310,8,310,25,packages\klaw-sync\test\klaw-sync.test.js,1,1071
1461,Identifier,TEST_DIR,-1,-1,-1,315,58,315,66,packages\klaw-sync\test\klaw-sync.test.js,1,1072
1462,Identifier,item,-1,-1,-1,315,68,315,72,packages\klaw-sync\test\klaw-sync.test.js,1,1073
1463,MemberExpression,nan,-1,-1,-1,315,48,315,57,packages\klaw-sync\test\klaw-sync.test.js,1,1074
1464,Identifier,f,-1,-1,-1,328,8,328,9,packages\klaw-sync\test\klaw-sync.test.js,1,1075
1465,CallExpression,nan,2,-1,-1,328,12,328,34,packages\klaw-sync\test\klaw-sync.test.js,1,1076
1466,Identifier,f,-1,-1,-1,329,26,329,27,packages\klaw-sync\test\klaw-sync.test.js,1,1077
1467,CallExpression,nan,2,-1,-1,329,29,329,62,packages\klaw-sync\test\klaw-sync.test.js,1,1078
1468,MemberExpression,nan,-1,-1,-1,329,8,329,25,packages\klaw-sync\test\klaw-sync.test.js,1,1079
1469,Identifier,TEST_DIR,-1,-1,-1,334,58,334,66,packages\klaw-sync\test\klaw-sync.test.js,1,1080
1470,Identifier,item,-1,-1,-1,334,68,334,72,packages\klaw-sync\test\klaw-sync.test.js,1,1081
1471,MemberExpression,nan,-1,-1,-1,334,48,334,57,packages\klaw-sync\test\klaw-sync.test.js,1,1082
1472,Identifier,f,-1,-1,-1,377,8,377,9,packages\klaw-sync\test\klaw-sync.test.js,1,1083
1473,CallExpression,nan,2,-1,-1,377,12,377,34,packages\klaw-sync\test\klaw-sync.test.js,1,1084
1474,Identifier,f,-1,-1,-1,378,26,378,27,packages\klaw-sync\test\klaw-sync.test.js,1,1085
1475,CallExpression,nan,2,-1,-1,378,29,378,62,packages\klaw-sync\test\klaw-sync.test.js,1,1086
1476,MemberExpression,nan,-1,-1,-1,378,8,378,25,packages\klaw-sync\test\klaw-sync.test.js,1,1087
1477,Identifier,TEST_DIR,-1,-1,-1,383,58,383,66,packages\klaw-sync\test\klaw-sync.test.js,1,1088
1478,Identifier,item,-1,-1,-1,383,68,383,72,packages\klaw-sync\test\klaw-sync.test.js,1,1089
1479,MemberExpression,nan,-1,-1,-1,383,48,383,57,packages\klaw-sync\test\klaw-sync.test.js,1,1090
1480,CallExpression,nan,2,-1,-1,102,8,102,43,packages\klaw-sync\test\klaw-sync.test.js,1,1091
1481,CallExpression,nan,2,-1,-1,103,8,103,49,packages\klaw-sync\test\klaw-sync.test.js,1,1092
1482,CallExpression,nan,2,-1,-1,104,8,104,55,packages\klaw-sync\test\klaw-sync.test.js,1,1093
1483,CallExpression,nan,2,-1,-1,122,8,122,43,packages\klaw-sync\test\klaw-sync.test.js,1,1094
1484,CallExpression,nan,2,-1,-1,123,8,123,49,packages\klaw-sync\test\klaw-sync.test.js,1,1095
1485,CallExpression,nan,2,-1,-1,124,8,124,55,packages\klaw-sync\test\klaw-sync.test.js,1,1096
1486,CallExpression,nan,2,-1,-1,138,8,138,43,packages\klaw-sync\test\klaw-sync.test.js,1,1097
1487,CallExpression,nan,2,-1,-1,139,8,139,49,packages\klaw-sync\test\klaw-sync.test.js,1,1098
1488,CallExpression,nan,2,-1,-1,140,8,140,55,packages\klaw-sync\test\klaw-sync.test.js,1,1099
1489,CallExpression,nan,1,-1,-1,153,8,153,31,packages\klaw-sync\test\klaw-sync.test.js,1,1100
1490,CallExpression,nan,1,-1,-1,154,8,154,31,packages\klaw-sync\test\klaw-sync.test.js,1,1101
1491,CallExpression,nan,2,-1,-1,172,8,172,43,packages\klaw-sync\test\klaw-sync.test.js,1,1102
1492,CallExpression,nan,2,-1,-1,173,8,173,49,packages\klaw-sync\test\klaw-sync.test.js,1,1103
1493,CallExpression,nan,2,-1,-1,174,8,174,55,packages\klaw-sync\test\klaw-sync.test.js,1,1104
1494,CallExpression,nan,2,-1,-1,193,8,193,43,packages\klaw-sync\test\klaw-sync.test.js,1,1105
1495,CallExpression,nan,2,-1,-1,194,8,194,49,packages\klaw-sync\test\klaw-sync.test.js,1,1106
1496,CallExpression,nan,2,-1,-1,195,8,195,55,packages\klaw-sync\test\klaw-sync.test.js,1,1107
1497,AssignmentExpression,nan,-1,-1,-1,263,8,263,34,packages\klaw-sync\test\klaw-sync.test.js,1,1108
1498,CallExpression,nan,2,-1,-1,264,8,264,63,packages\klaw-sync\test\klaw-sync.test.js,1,1109
1499,CallExpression,nan,2,-1,-1,269,48,269,73,packages\klaw-sync\test\klaw-sync.test.js,1,1110
1500,MemberExpression,nan,-1,-1,-1,269,38,269,47,packages\klaw-sync\test\klaw-sync.test.js,1,1111
1501,AssignmentExpression,nan,-1,-1,-1,289,8,289,34,packages\klaw-sync\test\klaw-sync.test.js,1,1112
1502,CallExpression,nan,2,-1,-1,290,8,290,63,packages\klaw-sync\test\klaw-sync.test.js,1,1113
1503,CallExpression,nan,2,-1,-1,295,48,295,73,packages\klaw-sync\test\klaw-sync.test.js,1,1114
1504,MemberExpression,nan,-1,-1,-1,295,38,295,47,packages\klaw-sync\test\klaw-sync.test.js,1,1115
1505,Identifier,TEST_DIR,-1,-1,-1,309,22,309,30,packages\klaw-sync\test\klaw-sync.test.js,1,1116
1506,Identifier,f,-1,-1,-1,309,32,309,33,packages\klaw-sync\test\klaw-sync.test.js,1,1117
1507,MemberExpression,nan,-1,-1,-1,309,12,309,21,packages\klaw-sync\test\klaw-sync.test.js,1,1118
1508,Identifier,f,-1,-1,-1,310,43,310,44,packages\klaw-sync\test\klaw-sync.test.js,1,1119
1509,CallExpression,nan,1,-1,-1,310,46,310,61,packages\klaw-sync\test\klaw-sync.test.js,1,1120
1510,MemberExpression,nan,-1,-1,-1,310,29,310,42,packages\klaw-sync\test\klaw-sync.test.js,1,1121
1511,Identifier,TEST_DIR,-1,-1,-1,328,22,328,30,packages\klaw-sync\test\klaw-sync.test.js,1,1122
1512,Identifier,f,-1,-1,-1,328,32,328,33,packages\klaw-sync\test\klaw-sync.test.js,1,1123
1513,MemberExpression,nan,-1,-1,-1,328,12,328,21,packages\klaw-sync\test\klaw-sync.test.js,1,1124
1514,Identifier,f,-1,-1,-1,329,43,329,44,packages\klaw-sync\test\klaw-sync.test.js,1,1125
1515,CallExpression,nan,1,-1,-1,329,46,329,61,packages\klaw-sync\test\klaw-sync.test.js,1,1126
1516,MemberExpression,nan,-1,-1,-1,329,29,329,42,packages\klaw-sync\test\klaw-sync.test.js,1,1127
1517,Identifier,TEST_DIR,-1,-1,-1,377,22,377,30,packages\klaw-sync\test\klaw-sync.test.js,1,1128
1518,Identifier,f,-1,-1,-1,377,32,377,33,packages\klaw-sync\test\klaw-sync.test.js,1,1129
1519,MemberExpression,nan,-1,-1,-1,377,12,377,21,packages\klaw-sync\test\klaw-sync.test.js,1,1130
1520,Identifier,f,-1,-1,-1,378,43,378,44,packages\klaw-sync\test\klaw-sync.test.js,1,1131
1521,CallExpression,nan,1,-1,-1,378,46,378,61,packages\klaw-sync\test\klaw-sync.test.js,1,1132
1522,MemberExpression,nan,-1,-1,-1,378,29,378,42,packages\klaw-sync\test\klaw-sync.test.js,1,1133
1523,Identifier,p,-1,-1,-1,102,31,102,32,packages\klaw-sync\test\klaw-sync.test.js,1,1134
1524,MemberExpression,nan,-1,-1,-1,102,34,102,42,packages\klaw-sync\test\klaw-sync.test.js,1,1135
1525,MemberExpression,nan,-1,-1,-1,102,8,102,30,packages\klaw-sync\test\klaw-sync.test.js,1,1136
1526,MemberExpression,nan,-1,-1,-1,103,27,103,33,packages\klaw-sync\test\klaw-sync.test.js,1,1137
1527,MemberExpression,nan,-1,-1,-1,103,35,103,48,packages\klaw-sync\test\klaw-sync.test.js,1,1138
1528,MemberExpression,nan,-1,-1,-1,103,8,103,26,packages\klaw-sync\test\klaw-sync.test.js,1,1139
1529,MemberExpression,nan,-1,-1,-1,104,31,104,38,packages\klaw-sync\test\klaw-sync.test.js,1,1140
1530,MemberExpression,nan,-1,-1,-1,104,40,104,54,packages\klaw-sync\test\klaw-sync.test.js,1,1141
1531,MemberExpression,nan,-1,-1,-1,104,8,104,30,packages\klaw-sync\test\klaw-sync.test.js,1,1142
1532,Identifier,p,-1,-1,-1,122,31,122,32,packages\klaw-sync\test\klaw-sync.test.js,1,1143
1533,MemberExpression,nan,-1,-1,-1,122,34,122,42,packages\klaw-sync\test\klaw-sync.test.js,1,1144
1534,MemberExpression,nan,-1,-1,-1,122,8,122,30,packages\klaw-sync\test\klaw-sync.test.js,1,1145
1535,MemberExpression,nan,-1,-1,-1,123,27,123,33,packages\klaw-sync\test\klaw-sync.test.js,1,1146
1536,MemberExpression,nan,-1,-1,-1,123,35,123,48,packages\klaw-sync\test\klaw-sync.test.js,1,1147
1537,MemberExpression,nan,-1,-1,-1,123,8,123,26,packages\klaw-sync\test\klaw-sync.test.js,1,1148
1538,MemberExpression,nan,-1,-1,-1,124,31,124,38,packages\klaw-sync\test\klaw-sync.test.js,1,1149
1539,MemberExpression,nan,-1,-1,-1,124,40,124,54,packages\klaw-sync\test\klaw-sync.test.js,1,1150
1540,MemberExpression,nan,-1,-1,-1,124,8,124,30,packages\klaw-sync\test\klaw-sync.test.js,1,1151
1541,Identifier,p,-1,-1,-1,138,31,138,32,packages\klaw-sync\test\klaw-sync.test.js,1,1152
1542,MemberExpression,nan,-1,-1,-1,138,34,138,42,packages\klaw-sync\test\klaw-sync.test.js,1,1153
1543,MemberExpression,nan,-1,-1,-1,138,8,138,30,packages\klaw-sync\test\klaw-sync.test.js,1,1154
1544,MemberExpression,nan,-1,-1,-1,139,27,139,33,packages\klaw-sync\test\klaw-sync.test.js,1,1155
1545,MemberExpression,nan,-1,-1,-1,139,35,139,48,packages\klaw-sync\test\klaw-sync.test.js,1,1156
1546,MemberExpression,nan,-1,-1,-1,139,8,139,26,packages\klaw-sync\test\klaw-sync.test.js,1,1157
1547,MemberExpression,nan,-1,-1,-1,140,31,140,38,packages\klaw-sync\test\klaw-sync.test.js,1,1158
1548,MemberExpression,nan,-1,-1,-1,140,40,140,54,packages\klaw-sync\test\klaw-sync.test.js,1,1159
1549,MemberExpression,nan,-1,-1,-1,140,8,140,30,packages\klaw-sync\test\klaw-sync.test.js,1,1160
1551,Identifier,assert,-1,-1,-1,153,8,153,14,packages\klaw-sync\test\klaw-sync.test.js,1,1161
1553,Identifier,assert,-1,-1,-1,154,8,154,14,packages\klaw-sync\test\klaw-sync.test.js,1,1162
1554,Identifier,p,-1,-1,-1,172,31,172,32,packages\klaw-sync\test\klaw-sync.test.js,1,1163
1555,MemberExpression,nan,-1,-1,-1,172,34,172,42,packages\klaw-sync\test\klaw-sync.test.js,1,1164
1556,MemberExpression,nan,-1,-1,-1,172,8,172,30,packages\klaw-sync\test\klaw-sync.test.js,1,1165
1557,MemberExpression,nan,-1,-1,-1,173,27,173,33,packages\klaw-sync\test\klaw-sync.test.js,1,1166
1558,MemberExpression,nan,-1,-1,-1,173,35,173,48,packages\klaw-sync\test\klaw-sync.test.js,1,1167
1559,MemberExpression,nan,-1,-1,-1,173,8,173,26,packages\klaw-sync\test\klaw-sync.test.js,1,1168
1560,MemberExpression,nan,-1,-1,-1,174,31,174,38,packages\klaw-sync\test\klaw-sync.test.js,1,1169
1561,MemberExpression,nan,-1,-1,-1,174,40,174,54,packages\klaw-sync\test\klaw-sync.test.js,1,1170
1562,MemberExpression,nan,-1,-1,-1,174,8,174,30,packages\klaw-sync\test\klaw-sync.test.js,1,1171
1563,Identifier,p,-1,-1,-1,193,31,193,32,packages\klaw-sync\test\klaw-sync.test.js,1,1172
1564,MemberExpression,nan,-1,-1,-1,193,34,193,42,packages\klaw-sync\test\klaw-sync.test.js,1,1173
1565,MemberExpression,nan,-1,-1,-1,193,8,193,30,packages\klaw-sync\test\klaw-sync.test.js,1,1174
1566,MemberExpression,nan,-1,-1,-1,194,27,194,33,packages\klaw-sync\test\klaw-sync.test.js,1,1175
1567,MemberExpression,nan,-1,-1,-1,194,35,194,48,packages\klaw-sync\test\klaw-sync.test.js,1,1176
1568,MemberExpression,nan,-1,-1,-1,194,8,194,26,packages\klaw-sync\test\klaw-sync.test.js,1,1177
1569,MemberExpression,nan,-1,-1,-1,195,31,195,38,packages\klaw-sync\test\klaw-sync.test.js,1,1178
1570,MemberExpression,nan,-1,-1,-1,195,40,195,54,packages\klaw-sync\test\klaw-sync.test.js,1,1179
1571,MemberExpression,nan,-1,-1,-1,195,8,195,30,packages\klaw-sync\test\klaw-sync.test.js,1,1180
1572,Identifier,f,-1,-1,-1,263,8,263,9,packages\klaw-sync\test\klaw-sync.test.js,1,1181
1573,CallExpression,nan,2,-1,-1,263,12,263,34,packages\klaw-sync\test\klaw-sync.test.js,1,1182
1574,Identifier,f,-1,-1,-1,264,26,264,27,packages\klaw-sync\test\klaw-sync.test.js,1,1183
1575,CallExpression,nan,2,-1,-1,264,29,264,62,packages\klaw-sync\test\klaw-sync.test.js,1,1184
1576,MemberExpression,nan,-1,-1,-1,264,8,264,25,packages\klaw-sync\test\klaw-sync.test.js,1,1185
1577,Identifier,TEST_DIR,-1,-1,-1,269,58,269,66,packages\klaw-sync\test\klaw-sync.test.js,1,1186
1578,Identifier,item,-1,-1,-1,269,68,269,72,packages\klaw-sync\test\klaw-sync.test.js,1,1187
1579,MemberExpression,nan,-1,-1,-1,269,48,269,57,packages\klaw-sync\test\klaw-sync.test.js,1,1188
1580,Identifier,f,-1,-1,-1,289,8,289,9,packages\klaw-sync\test\klaw-sync.test.js,1,1189
1581,CallExpression,nan,2,-1,-1,289,12,289,34,packages\klaw-sync\test\klaw-sync.test.js,1,1190
1582,Identifier,f,-1,-1,-1,290,26,290,27,packages\klaw-sync\test\klaw-sync.test.js,1,1191
1583,CallExpression,nan,2,-1,-1,290,29,290,62,packages\klaw-sync\test\klaw-sync.test.js,1,1192
1584,MemberExpression,nan,-1,-1,-1,290,8,290,25,packages\klaw-sync\test\klaw-sync.test.js,1,1193
1585,Identifier,TEST_DIR,-1,-1,-1,295,58,295,66,packages\klaw-sync\test\klaw-sync.test.js,1,1194
1586,Identifier,item,-1,-1,-1,295,68,295,72,packages\klaw-sync\test\klaw-sync.test.js,1,1195
1587,MemberExpression,nan,-1,-1,-1,295,48,295,57,packages\klaw-sync\test\klaw-sync.test.js,1,1196
1588,Identifier,f,-1,-1,-1,310,59,310,60,packages\klaw-sync\test\klaw-sync.test.js,1,1197
1589,MemberExpression,nan,-1,-1,-1,310,46,310,58,packages\klaw-sync\test\klaw-sync.test.js,1,1198
1590,Identifier,f,-1,-1,-1,329,59,329,60,packages\klaw-sync\test\klaw-sync.test.js,1,1199
1591,MemberExpression,nan,-1,-1,-1,329,46,329,58,packages\klaw-sync\test\klaw-sync.test.js,1,1200
1592,Identifier,f,-1,-1,-1,378,59,378,60,packages\klaw-sync\test\klaw-sync.test.js,1,1201
1593,MemberExpression,nan,-1,-1,-1,378,46,378,58,packages\klaw-sync\test\klaw-sync.test.js,1,1202
1594,MemberExpression,nan,-1,-1,-1,153,15,153,21,packages\klaw-sync\test\klaw-sync.test.js,1,1203
1595,Identifier,dir1,-1,-1,-1,153,26,153,30,packages\klaw-sync\test\klaw-sync.test.js,1,1204
1596,MemberExpression,nan,-1,-1,-1,154,15,154,21,packages\klaw-sync\test\klaw-sync.test.js,1,1205
1597,Identifier,dir2,-1,-1,-1,154,26,154,30,packages\klaw-sync\test\klaw-sync.test.js,1,1206
1598,Identifier,TEST_DIR,-1,-1,-1,263,22,263,30,packages\klaw-sync\test\klaw-sync.test.js,1,1207
1599,Identifier,f,-1,-1,-1,263,32,263,33,packages\klaw-sync\test\klaw-sync.test.js,1,1208
1600,MemberExpression,nan,-1,-1,-1,263,12,263,21,packages\klaw-sync\test\klaw-sync.test.js,1,1209
1601,Identifier,f,-1,-1,-1,264,43,264,44,packages\klaw-sync\test\klaw-sync.test.js,1,1210
1602,CallExpression,nan,1,-1,-1,264,46,264,61,packages\klaw-sync\test\klaw-sync.test.js,1,1211
1603,MemberExpression,nan,-1,-1,-1,264,29,264,42,packages\klaw-sync\test\klaw-sync.test.js,1,1212
1604,Identifier,TEST_DIR,-1,-1,-1,289,22,289,30,packages\klaw-sync\test\klaw-sync.test.js,1,1213
1605,Identifier,f,-1,-1,-1,289,32,289,33,packages\klaw-sync\test\klaw-sync.test.js,1,1214
1606,MemberExpression,nan,-1,-1,-1,289,12,289,21,packages\klaw-sync\test\klaw-sync.test.js,1,1215
1607,Identifier,f,-1,-1,-1,290,43,290,44,packages\klaw-sync\test\klaw-sync.test.js,1,1216
1608,CallExpression,nan,1,-1,-1,290,46,290,61,packages\klaw-sync\test\klaw-sync.test.js,1,1217
1609,MemberExpression,nan,-1,-1,-1,290,29,290,42,packages\klaw-sync\test\klaw-sync.test.js,1,1218
1610,Identifier,f,-1,-1,-1,264,59,264,60,packages\klaw-sync\test\klaw-sync.test.js,1,1219
1611,MemberExpression,nan,-1,-1,-1,264,46,264,58,packages\klaw-sync\test\klaw-sync.test.js,1,1220
1612,Identifier,f,-1,-1,-1,290,59,290,60,packages\klaw-sync\test\klaw-sync.test.js,1,1221
1613,MemberExpression,nan,-1,-1,-1,290,46,290,58,packages\klaw-sync\test\klaw-sync.test.js,1,1222
