id,type,name,params_len,argument_len,returns,start_line,start_column,end_line,end_column,file_name,file_is_index_or_test,new_id
1,Program,nan,-1,-1,-1,5,0,5,45,packages\mochawesome\addContext.js,0,0
3,AssignmentExpression,nan,-1,-1,-1,5,0,5,44,packages\mochawesome\addContext.js,0,1
4,MemberExpression,nan,-1,-1,-1,5,0,5,14,packages\mochawesome\addContext.js,0,2
5,CallExpression,nan,1,-1,-1,5,17,5,44,packages\mochawesome\addContext.js,0,3
7,Identifier,require,-1,-1,-1,5,17,5,24,packages\mochawesome\addContext.js,0,4
8,Program,nan,-1,-1,-1,7,0,7,43,packages\mochawesome\register.js,0,5
10,AssignmentExpression,nan,-1,-1,-1,7,0,7,42,packages\mochawesome\register.js,0,6
11,MemberExpression,nan,-1,-1,-1,7,0,7,14,packages\mochawesome\register.js,0,7
12,CallExpression,nan,1,-1,-1,7,17,7,42,packages\mochawesome\register.js,0,8
14,Identifier,require,-1,-1,-1,7,17,7,24,packages\mochawesome\register.js,0,9
15,Program,nan,-1,-1,-1,1,0,135,28,packages\mochawesome\src\addContext.js,0,10
16,VariableDeclaration,nan,-1,-1,-1,1,0,1,44,packages\mochawesome\src\addContext.js,0,11
17,VariableDeclaration,nan,-1,-1,-1,2,0,2,42,packages\mochawesome\src\addContext.js,0,12
18,VariableDeclaration,nan,-1,-1,-1,3,0,3,31,packages\mochawesome\src\addContext.js,0,13
19,VariableDeclaration,nan,-1,-1,-1,4,0,4,49,packages\mochawesome\src\addContext.js,0,14
20,VariableDeclaration,nan,-1,-1,-1,6,0,6,44,packages\mochawesome\src\addContext.js,0,15
21,VariableDeclaration,nan,-1,-1,-1,7,0,19,2,packages\mochawesome\src\addContext.js,0,16
22,FunctionDeclaration,nan,-1,2,0,26,0,33,1,packages\mochawesome\src\addContext.js,0,17
23,FunctionDeclaration,nan,-1,1,1,35,0,48,1,packages\mochawesome\src\addContext.js,0,18
24,VariableDeclaration,nan,-1,-1,-1,79,0,133,2,packages\mochawesome\src\addContext.js,0,19
26,Identifier,log,-1,-1,-1,26,9,26,12,packages\mochawesome\src\addContext.js,0,20
27,Identifier,msg,-1,-1,-1,26,13,26,16,packages\mochawesome\src\addContext.js,0,21
28,Identifier,level,-1,-1,-1,26,18,26,23,packages\mochawesome\src\addContext.js,0,22
30,BlockStatement,nan,-1,-1,-1,26,25,33,1,packages\mochawesome\src\addContext.js,0,23
31,Identifier,_isValidContext,-1,-1,-1,35,9,35,24,packages\mochawesome\src\addContext.js,0,24
32,Identifier,ctx,-1,-1,-1,35,25,35,28,packages\mochawesome\src\addContext.js,0,25
34,BlockStatement,nan,-1,-1,-1,35,30,48,1,packages\mochawesome\src\addContext.js,0,26
35,AssignmentExpression,nan,-1,-1,-1,135,0,135,27,packages\mochawesome\src\addContext.js,0,27
36,VariableDeclaration,nan,-1,-1,-1,27,2,27,50,packages\mochawesome\src\addContext.js,0,28
37,VariableDeclaration,nan,-1,-1,-1,28,2,28,16,packages\mochawesome\src\addContext.js,0,29
38,IfStatement,nan,-1,-1,-1,29,2,31,3,packages\mochawesome\src\addContext.js,0,30
40,IfStatement,nan,-1,-1,-1,41,2,41,25,packages\mochawesome\src\addContext.js,0,31
41,ReturnStatement,nan,1,-1,-1,42,2,47,4,packages\mochawesome\src\addContext.js,0,32
42,MemberExpression,nan,-1,-1,-1,135,0,135,14,packages\mochawesome\src\addContext.js,0,33
43,Identifier,addContext,-1,-1,-1,135,17,135,27,packages\mochawesome\src\addContext.js,0,34
44,BlockStatement,nan,-1,-1,-1,29,31,31,3,packages\mochawesome\src\addContext.js,0,35
46,CallExpression,nan,1,-1,-1,32,2,32,54,packages\mochawesome\src\addContext.js,0,36
47,ReturnStatement,nan,1,-1,-1,41,12,41,25,packages\mochawesome\src\addContext.js,0,37
48,UnaryExpression,nan,1,-1,-1,41,6,41,10,packages\mochawesome\src\addContext.js,0,38
49,LogicalExpression,nan,-1,-1,-1,43,4,46,47,packages\mochawesome\src\addContext.js,0,39
51,UnaryExpression,nan,1,-1,-1,29,6,29,16,packages\mochawesome\src\addContext.js,0,40
53,TemplateLiteral,nan,-1,-1,-1,32,12,32,53,packages\mochawesome\src\addContext.js,0,41
54,Identifier,logMethod,-1,-1,-1,32,2,32,11,packages\mochawesome\src\addContext.js,0,42
56,Identifier,ctx,-1,-1,-1,41,7,41,10,packages\mochawesome\src\addContext.js,0,43
57,LogicalExpression,nan,-1,-1,-1,43,5,43,45,packages\mochawesome\src\addContext.js,0,44
58,LogicalExpression,nan,-1,-1,-1,44,5,46,46,packages\mochawesome\src\addContext.js,0,45
59,AssignmentExpression,nan,-1,-1,-1,30,4,30,33,packages\mochawesome\src\addContext.js,0,46
60,Identifier,msg,-1,-1,-1,29,13,29,16,packages\mochawesome\src\addContext.js,0,47
62,UnaryExpression,nan,1,-1,-1,43,32,43,45,packages\mochawesome\src\addContext.js,0,48
63,LogicalExpression,nan,-1,-1,-1,44,5,45,25,packages\mochawesome\src\addContext.js,0,49
64,CallExpression,nan,2,-1,-1,46,6,46,46,packages\mochawesome\src\addContext.js,0,50
65,Identifier,out,-1,-1,-1,30,4,30,7,packages\mochawesome\src\addContext.js,0,51
66,CallExpression,nan,3,-1,-1,30,10,30,33,packages\mochawesome\src\addContext.js,0,52
67,UnaryExpression,nan,1,-1,-1,43,5,43,15,packages\mochawesome\src\addContext.js,0,53
69,CallExpression,nan,1,-1,-1,43,33,43,45,packages\mochawesome\src\addContext.js,0,54
70,CallExpression,nan,2,-1,-1,44,5,44,45,packages\mochawesome\src\addContext.js,0,55
71,UnaryExpression,nan,1,-1,-1,45,6,45,25,packages\mochawesome\src\addContext.js,0,56
72,Identifier,ctx,-1,-1,-1,46,33,46,36,packages\mochawesome\src\addContext.js,0,57
74,MemberExpression,nan,-1,-1,-1,46,6,46,32,packages\mochawesome\src\addContext.js,0,58
75,Identifier,msg,-1,-1,-1,30,20,30,23,packages\mochawesome\src\addContext.js,0,59
78,Identifier,stringify,-1,-1,-1,30,10,30,19,packages\mochawesome\src\addContext.js,0,60
79,Identifier,ctx,-1,-1,-1,43,12,43,15,packages\mochawesome\src\addContext.js,0,61
80,Identifier,ctx,-1,-1,-1,43,41,43,44,packages\mochawesome\src\addContext.js,0,62
81,Identifier,isEmpty,-1,-1,-1,43,33,43,40,packages\mochawesome\src\addContext.js,0,63
82,Identifier,ctx,-1,-1,-1,44,32,44,35,packages\mochawesome\src\addContext.js,0,64
84,MemberExpression,nan,-1,-1,-1,44,5,44,31,packages\mochawesome\src\addContext.js,0,65
85,CallExpression,nan,1,-1,-1,45,7,45,25,packages\mochawesome\src\addContext.js,0,66
86,MemberExpression,nan,-1,-1,-1,45,15,45,24,packages\mochawesome\src\addContext.js,0,67
87,Identifier,isEmpty,-1,-1,-1,45,7,45,14,packages\mochawesome\src\addContext.js,0,68
88,Program,nan,-1,-1,-1,16,0,48,2,packages\mochawesome\src\config.js,0,69
89,FunctionDeclaration,nan,-1,4,1,16,0,27,1,packages\mochawesome\src\config.js,0,70
91,Identifier,_getOption,-1,-1,-1,16,9,16,19,packages\mochawesome\src\config.js,0,71
92,Identifier,optToGet,-1,-1,-1,16,20,16,28,packages\mochawesome\src\config.js,0,72
93,Identifier,options,-1,-1,-1,16,30,16,37,packages\mochawesome\src\config.js,0,73
94,Identifier,isBool,-1,-1,-1,16,39,16,45,packages\mochawesome\src\config.js,0,74
95,Identifier,defaultValue,-1,-1,-1,16,47,16,59,packages\mochawesome\src\config.js,0,75
97,BlockStatement,nan,-1,-1,-1,16,61,27,1,packages\mochawesome\src\config.js,0,76
98,AssignmentExpression,nan,-1,-1,-1,29,0,48,1,packages\mochawesome\src\config.js,0,77
99,VariableDeclaration,nan,-1,-1,-1,17,2,17,57,packages\mochawesome\src\config.js,0,78
100,IfStatement,nan,-1,-1,-1,18,2,22,3,packages\mochawesome\src\config.js,0,79
101,IfStatement,nan,-1,-1,-1,23,2,25,3,packages\mochawesome\src\config.js,0,80
102,ReturnStatement,nan,1,-1,-1,26,2,26,22,packages\mochawesome\src\config.js,0,81
103,MemberExpression,nan,-1,-1,-1,29,0,29,14,packages\mochawesome\src\config.js,0,82
104,FunctionExpression,nan,-1,1,1,29,17,48,1,packages\mochawesome\src\config.js,0,83
105,BlockStatement,nan,-1,-1,-1,18,59,22,3,packages\mochawesome\src\config.js,0,84
106,LogicalExpression,nan,-1,-1,-1,18,6,18,57,packages\mochawesome\src\config.js,0,85
107,BlockStatement,nan,-1,-1,-1,23,50,25,3,packages\mochawesome\src\config.js,0,86
109,Identifier,defaultValue,-1,-1,-1,26,9,26,21,packages\mochawesome\src\config.js,0,87
110,Identifier,opts,-1,-1,-1,29,27,29,31,packages\mochawesome\src\config.js,0,88
112,BlockStatement,nan,-1,-1,-1,29,33,48,1,packages\mochawesome\src\config.js,0,89
113,ReturnStatement,nan,1,-1,-1,19,4,21,26,packages\mochawesome\src\config.js,0,90
114,Identifier,options,-1,-1,-1,18,6,18,13,packages\mochawesome\src\config.js,0,91
116,ReturnStatement,nan,1,-1,-1,24,4,24,73,packages\mochawesome\src\config.js,0,92
117,UnaryExpression,nan,1,-1,-1,23,6,23,32,packages\mochawesome\src\config.js,0,93
119,VariableDeclaration,nan,-1,-1,-1,30,2,30,60,packages\mochawesome\src\config.js,0,94
120,VariableDeclaration,nan,-1,-1,-1,31,2,31,60,packages\mochawesome\src\config.js,0,95
121,VariableDeclaration,nan,-1,-1,-1,32,2,32,66,packages\mochawesome\src\config.js,0,96
122,ReturnStatement,nan,1,-1,-1,34,2,47,4,packages\mochawesome\src\config.js,0,97
123,ConditionalExpression,nan,-1,-1,-1,19,11,21,25,packages\mochawesome\src\config.js,0,98
124,UnaryExpression,nan,1,-1,-1,18,17,18,41,packages\mochawesome\src\config.js,0,99
126,ConditionalExpression,nan,-1,-1,-1,24,11,24,72,packages\mochawesome\src\config.js,0,100
127,MemberExpression,nan,-1,-1,-1,23,13,23,32,packages\mochawesome\src\config.js,0,101
128,ObjectExpression,nan,-1,-1,-1,34,9,47,3,packages\mochawesome\src\config.js,0,102
130,LogicalExpression,nan,-1,-1,-1,19,11,19,58,packages\mochawesome\src\config.js,0,103
131,MemberExpression,nan,-1,-1,-1,18,24,18,41,packages\mochawesome\src\config.js,0,104
133,Identifier,isBool,-1,-1,-1,24,11,24,17,packages\mochawesome\src\config.js,0,105
134,MemberExpression,nan,-1,-1,-1,20,8,20,25,packages\mochawesome\src\config.js,0,106
136,Identifier,isBool,-1,-1,-1,19,11,19,17,packages\mochawesome\src\config.js,0,107
138,MemberExpression,nan,-1,-1,-1,24,20,24,39,packages\mochawesome\src\config.js,0,108
140,UnaryExpression,nan,1,-1,-1,19,21,19,45,packages\mochawesome\src\config.js,0,109
142,MemberExpression,nan,-1,-1,-1,19,28,19,45,packages\mochawesome\src\config.js,0,110
143,Program,nan,-1,-1,-1,1,0,220,29,packages\mochawesome\src\mochawesome.js,0,111
144,VariableDeclaration,nan,-1,-1,-1,1,0,1,49,packages\mochawesome\src\mochawesome.js,0,112
145,VariableDeclaration,nan,-1,-1,-1,2,0,2,47,packages\mochawesome\src\mochawesome.js,0,113
146,VariableDeclaration,nan,-1,-1,-1,3,0,3,29,packages\mochawesome\src\mochawesome.js,0,114
147,VariableDeclaration,nan,-1,-1,-1,4,0,4,54,packages\mochawesome\src\mochawesome.js,0,115
148,VariableDeclaration,nan,-1,-1,-1,5,0,5,70,packages\mochawesome\src\mochawesome.js,0,116
149,VariableDeclaration,nan,-1,-1,-1,6,0,6,33,packages\mochawesome\src\mochawesome.js,0,117
150,VariableDeclaration,nan,-1,-1,-1,7,0,7,33,packages\mochawesome\src\mochawesome.js,0,118
151,VariableDeclaration,nan,-1,-1,-1,8,0,8,39,packages\mochawesome\src\mochawesome.js,0,119
152,VariableDeclaration,nan,-1,-1,-1,9,0,9,31,packages\mochawesome\src\mochawesome.js,0,120
153,VariableDeclaration,nan,-1,-1,-1,10,0,10,51,packages\mochawesome\src\mochawesome.js,0,121
154,VariableDeclaration,nan,-1,-1,-1,13,0,13,33,packages\mochawesome\src\mochawesome.js,0,122
155,VariableDeclaration,nan,-1,-1,-1,16,0,19,2,packages\mochawesome\src\mochawesome.js,0,123
156,FunctionDeclaration,nan,-1,5,1,34,0,51,1,packages\mochawesome\src\mochawesome.js,0,124
157,FunctionDeclaration,nan,-1,1,1,64,0,74,1,packages\mochawesome\src\mochawesome.js,0,125
158,FunctionDeclaration,nan,-1,2,0,82,0,218,1,packages\mochawesome\src\mochawesome.js,0,126
160,Identifier,done,-1,-1,-1,34,9,34,13,packages\mochawesome\src\mochawesome.js,0,127
161,Identifier,output,-1,-1,-1,34,14,34,20,packages\mochawesome\src\mochawesome.js,0,128
162,Identifier,options,-1,-1,-1,34,22,34,29,packages\mochawesome\src\mochawesome.js,0,129
163,Identifier,config,-1,-1,-1,34,31,34,37,packages\mochawesome\src\mochawesome.js,0,130
164,Identifier,failures,-1,-1,-1,34,39,34,47,packages\mochawesome\src\mochawesome.js,0,131
165,Identifier,exit,-1,-1,-1,34,49,34,53,packages\mochawesome\src\mochawesome.js,0,132
167,BlockStatement,nan,-1,-1,-1,34,55,51,1,packages\mochawesome\src\mochawesome.js,0,133
168,Identifier,consoleReporter,-1,-1,-1,64,9,64,24,packages\mochawesome\src\mochawesome.js,0,134
169,Identifier,reporter,-1,-1,-1,64,25,64,33,packages\mochawesome\src\mochawesome.js,0,135
171,BlockStatement,nan,-1,-1,-1,64,35,74,1,packages\mochawesome\src\mochawesome.js,0,136
172,Identifier,Mochawesome,-1,-1,-1,82,9,82,20,packages\mochawesome\src\mochawesome.js,0,137
173,Identifier,runner,-1,-1,-1,82,21,82,27,packages\mochawesome\src\mochawesome.js,0,138
174,Identifier,options,-1,-1,-1,82,29,82,36,packages\mochawesome\src\mochawesome.js,0,139
176,BlockStatement,nan,-1,-1,-1,82,38,218,1,packages\mochawesome\src\mochawesome.js,0,140
177,AssignmentExpression,nan,-1,-1,-1,220,0,220,28,packages\mochawesome\src\mochawesome.js,0,141
178,ReturnStatement,nan,1,-1,-1,35,2,50,7,packages\mochawesome\src\mochawesome.js,0,142
179,IfStatement,nan,-1,-1,-1,65,2,71,3,packages\mochawesome\src\mochawesome.js,0,143
180,ReturnStatement,nan,1,-1,-1,73,2,73,45,packages\mochawesome\src\mochawesome.js,0,144
182,IfStatement,nan,-1,-1,-1,87,2,90,3,packages\mochawesome\src\mochawesome.js,0,145
183,VariableDeclaration,nan,-1,-1,-1,93,2,98,4,packages\mochawesome\src\mochawesome.js,0,146
188,VariableDeclaration,nan,-1,-1,-1,112,2,112,55,packages\mochawesome\src\mochawesome.js,0,147
189,IfStatement,nan,-1,-1,-1,113,2,116,3,packages\mochawesome\src\mochawesome.js,0,148
190,VariableDeclaration,nan,-1,-1,-1,118,2,118,24,packages\mochawesome\src\mochawesome.js,0,149
192,IfStatement,nan,-1,-1,-1,128,2,149,3,packages\mochawesome\src\mochawesome.js,0,150
194,MemberExpression,nan,-1,-1,-1,220,0,220,14,packages\mochawesome\src\mochawesome.js,0,151
195,Identifier,Mochawesome,-1,-1,-1,220,17,220,28,packages\mochawesome\src\mochawesome.js,0,152
196,CallExpression,nan,1,-1,-1,35,9,50,6,packages\mochawesome\src\mochawesome.js,0,153
197,BlockStatement,nan,-1,-1,-1,65,16,71,3,packages\mochawesome\src\mochawesome.js,0,154
198,Identifier,reporter,-1,-1,-1,65,6,65,14,packages\mochawesome\src\mochawesome.js,0,155
199,CallExpression,nan,1,-1,-1,73,9,73,44,packages\mochawesome\src\mochawesome.js,0,156
200,AssignmentExpression,nan,-1,-1,-1,84,2,84,29,packages\mochawesome\src\mochawesome.js,0,157
201,BlockStatement,nan,-1,-1,-1,87,21,90,3,packages\mochawesome\src\mochawesome.js,0,158
202,UnaryExpression,nan,1,-1,-1,87,6,87,19,packages\mochawesome\src\mochawesome.js,0,159
203,AssignmentExpression,nan,-1,-1,-1,102,2,103,67,packages\mochawesome\src\mochawesome.js,0,160
204,AssignmentExpression,nan,-1,-1,-1,106,2,106,27,packages\mochawesome\src\mochawesome.js,0,161
205,AssignmentExpression,nan,-1,-1,-1,107,2,107,24,packages\mochawesome\src\mochawesome.js,0,162
206,CallExpression,nan,2,-1,-1,110,2,110,25,packages\mochawesome\src\mochawesome.js,0,163
207,BlockStatement,nan,-1,-1,-1,113,31,116,3,packages\mochawesome\src\mochawesome.js,0,164
209,CallExpression,nan,1,-1,-1,121,2,125,4,packages\mochawesome\src\mochawesome.js,0,165
210,BlockStatement,nan,-1,-1,-1,128,60,149,3,packages\mochawesome\src\mochawesome.js,0,166
212,CallExpression,nan,2,-1,-1,152,2,217,4,packages\mochawesome\src\mochawesome.js,0,167
213,ArrowFunctionExpression,nan,-1,0,0,48,10,50,5,packages\mochawesome\src\mochawesome.js,0,168
214,MemberExpression,nan,-1,-1,-1,35,9,48,9,packages\mochawesome\src\mochawesome.js,0,169
215,TryStatement,nan,-1,-1,-1,66,4,70,5,packages\mochawesome\src\mochawesome.js,0,170
217,Identifier,require,-1,-1,-1,73,9,73,16,packages\mochawesome\src\mochawesome.js,0,171
218,MemberExpression,nan,-1,-1,-1,84,2,84,13,packages\mochawesome\src\mochawesome.js,0,172
219,CallExpression,nan,1,-1,-1,84,16,84,29,packages\mochawesome\src\mochawesome.js,0,173
220,VariableDeclaration,nan,-1,-1,-1,88,4,88,70,packages\mochawesome\src\mochawesome.js,0,174
222,MemberExpression,nan,-1,-1,-1,87,7,87,19,packages\mochawesome\src\mochawesome.js,0,175
223,MemberExpression,nan,-1,-1,-1,102,2,102,11,packages\mochawesome\src\mochawesome.js,0,176
224,ArrowFunctionExpression,nan,-1,2,0,102,14,103,67,packages\mochawesome\src\mochawesome.js,0,177
225,MemberExpression,nan,-1,-1,-1,106,2,106,23,packages\mochawesome\src\mochawesome.js,0,178
227,MemberExpression,nan,-1,-1,-1,107,2,107,20,packages\mochawesome\src\mochawesome.js,0,179
229,ThisExpression,nan,-1,-1,-1,110,12,110,16,packages\mochawesome\src\mochawesome.js,0,180
230,Identifier,runner,-1,-1,-1,110,18,110,24,packages\mochawesome\src\mochawesome.js,0,181
231,MemberExpression,nan,-1,-1,-1,110,2,110,11,packages\mochawesome\src\mochawesome.js,0,182
232,VariableDeclaration,nan,-1,-1,-1,114,4,114,58,packages\mochawesome\src\mochawesome.js,0,183
234,Identifier,reporterName,-1,-1,-1,113,6,113,18,packages\mochawesome\src\mochawesome.js,0,184
236,ArrowFunctionExpression,nan,-1,1,0,121,47,125,3,packages\mochawesome\src\mochawesome.js,0,185
237,MemberExpression,nan,-1,-1,-1,121,2,121,46,packages\mochawesome\src\mochawesome.js,0,186
238,VariableDeclaration,nan,-1,-1,-1,129,4,141,6,packages\mochawesome\src\mochawesome.js,0,187
240,MemberExpression,nan,-1,-1,-1,128,6,128,29,packages\mochawesome\src\mochawesome.js,0,188
243,ArrowFunctionExpression,nan,-1,0,0,152,19,217,3,packages\mochawesome\src\mochawesome.js,0,189
244,MemberExpression,nan,-1,-1,-1,152,2,152,11,packages\mochawesome\src\mochawesome.js,0,190
246,BlockStatement,nan,-1,-1,-1,48,16,50,5,packages\mochawesome\src\mochawesome.js,0,191
247,Identifier,options,-1,-1,-1,84,21,84,28,packages\mochawesome\src\mochawesome.js,0,192
248,Identifier,conf,-1,-1,-1,84,16,84,20,packages\mochawesome\src\mochawesome.js,0,193
249,CallExpression,nan,1,-1,-1,89,4,89,32,packages\mochawesome\src\mochawesome.js,0,194
250,Identifier,failures,-1,-1,-1,102,15,102,23,packages\mochawesome\src\mochawesome.js,0,195
251,Identifier,exit,-1,-1,-1,102,25,102,29,packages\mochawesome\src\mochawesome.js,0,196
253,CallExpression,nan,5,-1,-1,103,4,103,67,packages\mochawesome\src\mochawesome.js,0,197
254,NewExpression,nan,1,-1,-1,115,4,115,31,packages\mochawesome\src\mochawesome.js,0,198
255,Identifier,type,-1,-1,-1,121,47,121,51,packages\mochawesome\src\mochawesome.js,0,199
257,BlockStatement,nan,-1,-1,-1,121,55,125,3,packages\mochawesome\src\mochawesome.js,0,200
258,CallExpression,nan,2,-1,-1,143,4,148,6,packages\mochawesome\src\mochawesome.js,0,201
260,BlockStatement,nan,-1,-1,-1,152,25,217,3,packages\mochawesome\src\mochawesome.js,0,202
262,Identifier,runner,-1,-1,-1,89,25,89,31,packages\mochawesome\src\mochawesome.js,0,203
263,Identifier,createStatsCollector,-1,-1,-1,89,4,89,24,packages\mochawesome\src\mochawesome.js,0,204
264,MemberExpression,nan,-1,-1,-1,103,9,103,20,packages\mochawesome\src\mochawesome.js,0,205
265,Identifier,reporterOptions,-1,-1,-1,103,22,103,37,packages\mochawesome\src\mochawesome.js,0,206
266,MemberExpression,nan,-1,-1,-1,103,39,103,50,packages\mochawesome\src\mochawesome.js,0,207
267,Identifier,failures,-1,-1,-1,103,52,103,60,packages\mochawesome\src\mochawesome.js,0,208
268,Identifier,exit,-1,-1,-1,103,62,103,66,packages\mochawesome\src\mochawesome.js,0,209
269,Identifier,done,-1,-1,-1,103,4,103,8,packages\mochawesome\src\mochawesome.js,0,210
270,Identifier,runner,-1,-1,-1,115,24,115,30,packages\mochawesome\src\mochawesome.js,0,211
271,Identifier,ConsoleReporter,-1,-1,-1,115,8,115,23,packages\mochawesome\src\mochawesome.js,0,212
273,Identifier,EVENT_SUITE_END,-1,-1,-1,143,14,143,29,packages\mochawesome\src\mochawesome.js,0,213
274,FunctionExpression,nan,-1,1,0,143,31,148,5,packages\mochawesome\src\mochawesome.js,0,214
275,MemberExpression,nan,-1,-1,-1,143,4,143,13,packages\mochawesome\src\mochawesome.js,0,215
276,TryStatement,nan,-1,-1,-1,153,4,216,5,packages\mochawesome\src\mochawesome.js,0,216
277,LogicalExpression,nan,-1,-1,-1,49,6,49,40,packages\mochawesome\src\mochawesome.js,0,217
278,CallExpression,nan,2,-1,-1,122,4,124,6,packages\mochawesome\src\mochawesome.js,0,218
279,Identifier,suite,-1,-1,-1,143,41,143,46,packages\mochawesome\src\mochawesome.js,0,219
281,BlockStatement,nan,-1,-1,-1,143,48,148,5,packages\mochawesome\src\mochawesome.js,0,220
282,Identifier,exit,-1,-1,-1,49,6,49,10,packages\mochawesome\src\mochawesome.js,0,221
283,CallExpression,nan,1,-1,-1,49,14,49,40,packages\mochawesome\src\mochawesome.js,0,222
284,Identifier,type,-1,-1,-1,122,14,122,18,packages\mochawesome\src\mochawesome.js,0,223
285,ArrowFunctionExpression,nan,-1,1,0,122,20,124,5,packages\mochawesome\src\mochawesome.js,0,224
286,MemberExpression,nan,-1,-1,-1,122,4,122,13,packages\mochawesome\src\mochawesome.js,0,225
287,IfStatement,nan,-1,-1,-1,144,6,147,7,packages\mochawesome\src\mochawesome.js,0,226
288,ConditionalExpression,nan,-1,-1,-1,49,19,49,39,packages\mochawesome\src\mochawesome.js,0,227
289,Identifier,exit,-1,-1,-1,49,14,49,18,packages\mochawesome\src\mochawesome.js,0,228
290,Identifier,item,-1,-1,-1,122,20,122,24,packages\mochawesome\src\mochawesome.js,0,229
292,BlockStatement,nan,-1,-1,-1,122,28,124,5,packages\mochawesome\src\mochawesome.js,0,230
293,BlockStatement,nan,-1,-1,-1,144,22,147,7,packages\mochawesome\src\mochawesome.js,0,231
294,MemberExpression,nan,-1,-1,-1,144,10,144,20,packages\mochawesome\src\mochawesome.js,0,232
300,Identifier,failures,-1,-1,-1,49,19,49,27,packages\mochawesome\src\mochawesome.js,0,233
302,AssignmentExpression,nan,-1,-1,-1,123,6,123,27,packages\mochawesome\src\mochawesome.js,0,234
303,CallExpression,nan,1,-1,-1,145,8,145,31,packages\mochawesome\src\mochawesome.js,0,235
304,CallExpression,nan,1,-1,-1,146,8,146,49,packages\mochawesome\src\mochawesome.js,0,236
305,MemberExpression,nan,-1,-1,-1,123,6,123,15,packages\mochawesome\src\mochawesome.js,0,237
306,CallExpression,nan,0,-1,-1,123,18,123,27,packages\mochawesome\src\mochawesome.js,0,238
307,Identifier,suite,-1,-1,-1,145,25,145,30,packages\mochawesome\src\mochawesome.js,0,239
308,Identifier,setSuiteDefaults,-1,-1,-1,145,8,145,24,packages\mochawesome\src\mochawesome.js,0,240
309,SpreadElement,nan,1,-1,-1,146,33,146,48,packages\mochawesome\src\mochawesome.js,0,241
310,MemberExpression,nan,-1,-1,-1,146,8,146,32,packages\mochawesome\src\mochawesome.js,0,242
311,MemberExpression,nan,-1,-1,-1,123,18,123,25,packages\mochawesome\src\mochawesome.js,0,243
312,MemberExpression,nan,-1,-1,-1,146,36,146,48,packages\mochawesome\src\mochawesome.js,0,244
313,Program,nan,-1,-1,-1,1,0,62,99,packages\mochawesome\src\register.js,0,245
314,VariableDeclaration,nan,-1,-1,-1,1,0,1,31,packages\mochawesome\src\register.js,0,246
315,VariableDeclaration,nan,-1,-1,-1,3,0,3,60,packages\mochawesome\src\register.js,0,247
317,VariableDeclaration,nan,-1,-1,-1,14,0,22,1,packages\mochawesome\src\register.js,0,248
318,VariableDeclaration,nan,-1,-1,-1,24,0,26,1,packages\mochawesome\src\register.js,0,249
319,VariableDeclaration,nan,-1,-1,-1,28,0,33,1,packages\mochawesome\src\register.js,0,250
320,VariableDeclaration,nan,-1,-1,-1,35,0,45,2,packages\mochawesome\src\register.js,0,251
321,VariableDeclaration,nan,-1,-1,-1,47,0,60,2,packages\mochawesome\src\register.js,0,252
323,AssignmentExpression,nan,-1,-1,-1,6,0,12,1,packages\mochawesome\src\register.js,0,253
324,AssignmentExpression,nan,-1,-1,-1,62,0,62,98,packages\mochawesome\src\register.js,0,254
325,MemberExpression,nan,-1,-1,-1,6,0,6,31,packages\mochawesome\src\register.js,0,255
326,FunctionExpression,nan,-1,1,1,6,34,12,1,packages\mochawesome\src\register.js,0,256
327,MemberExpression,nan,-1,-1,-1,62,0,62,14,packages\mochawesome\src\register.js,0,257
328,ObjectExpression,nan,-1,-1,-1,62,17,62,98,packages\mochawesome\src\register.js,0,258
329,RestElement,nan,1,-1,-1,6,44,6,51,packages\mochawesome\src\register.js,0,259
331,BlockStatement,nan,-1,-1,-1,6,53,12,1,packages\mochawesome\src\register.js,0,260
332,Identifier,args,-1,-1,-1,6,47,6,51,packages\mochawesome\src\register.js,0,261
333,IfStatement,nan,-1,-1,-1,7,2,10,3,packages\mochawesome\src\register.js,0,262
334,ReturnStatement,nan,1,-1,-1,11,2,11,46,packages\mochawesome\src\register.js,0,263
335,BlockStatement,nan,-1,-1,-1,7,17,10,3,packages\mochawesome\src\register.js,0,264
336,MemberExpression,nan,-1,-1,-1,7,6,7,15,packages\mochawesome\src\register.js,0,265
337,CallExpression,nan,2,-1,-1,11,9,11,46,packages\mochawesome\src\register.js,0,266
338,ReturnStatement,nan,1,-1,-1,9,4,9,32,packages\mochawesome\src\register.js,0,267
339,ThisExpression,nan,-1,-1,-1,11,35,11,39,packages\mochawesome\src\register.js,0,268
340,Identifier,args,-1,-1,-1,11,41,11,45,packages\mochawesome\src\register.js,0,269
341,MemberExpression,nan,-1,-1,-1,11,9,11,34,packages\mochawesome\src\register.js,0,270
342,CallExpression,nan,1,-1,-1,9,11,9,31,packages\mochawesome\src\register.js,0,271
343,ThisExpression,nan,-1,-1,-1,9,26,9,30,packages\mochawesome\src\register.js,0,272
344,Identifier,serializeSuite,-1,-1,-1,9,11,9,25,packages\mochawesome\src\register.js,0,273
345,Program,nan,-1,-1,-1,9,0,64,36,packages\mochawesome\src\stripFnStart.js,0,274
346,FunctionDeclaration,nan,-1,1,1,9,0,62,1,packages\mochawesome\src\stripFnStart.js,0,275
348,Identifier,stripFunctionStart,-1,-1,-1,9,9,9,27,packages\mochawesome\src\stripFnStart.js,0,276
349,Identifier,input,-1,-1,-1,9,28,9,33,packages\mochawesome\src\stripFnStart.js,0,277
351,BlockStatement,nan,-1,-1,-1,9,35,62,1,packages\mochawesome\src\stripFnStart.js,0,278
352,AssignmentExpression,nan,-1,-1,-1,64,0,64,35,packages\mochawesome\src\stripFnStart.js,0,279
353,VariableDeclaration,nan,-1,-1,-1,10,2,10,18,packages\mochawesome\src\stripFnStart.js,0,280
354,VariableDeclaration,nan,-1,-1,-1,11,2,11,19,packages\mochawesome\src\stripFnStart.js,0,281
355,VariableDeclaration,nan,-1,-1,-1,12,2,12,15,packages\mochawesome\src\stripFnStart.js,0,282
356,VariableDeclaration,nan,-1,-1,-1,13,2,13,18,packages\mochawesome\src\stripFnStart.js,0,283
357,VariableDeclaration,nan,-1,-1,-1,14,2,14,26,packages\mochawesome\src\stripFnStart.js,0,284
358,VariableDeclaration,nan,-1,-1,-1,15,2,15,25,packages\mochawesome\src\stripFnStart.js,0,285
359,VariableDeclaration,nan,-1,-1,-1,16,2,16,18,packages\mochawesome\src\stripFnStart.js,0,286
360,VariableDeclaration,nan,-1,-1,-1,18,2,18,70,packages\mochawesome\src\stripFnStart.js,0,287
361,VariableDeclaration,nan,-1,-1,-1,20,2,53,4,packages\mochawesome\src\stripFnStart.js,0,288
362,VariableDeclaration,nan,-1,-1,-1,55,2,55,20,packages\mochawesome\src\stripFnStart.js,0,289
363,VariableDeclaration,nan,-1,-1,-1,56,2,56,14,packages\mochawesome\src\stripFnStart.js,0,290
364,WhileStatement,nan,-1,-1,-1,57,2,60,3,packages\mochawesome\src\stripFnStart.js,0,291
365,ReturnStatement,nan,1,-1,-1,61,2,61,55,packages\mochawesome\src\stripFnStart.js,0,292
366,MemberExpression,nan,-1,-1,-1,64,0,64,14,packages\mochawesome\src\stripFnStart.js,0,293
367,Identifier,stripFunctionStart,-1,-1,-1,64,17,64,35,packages\mochawesome\src\stripFnStart.js,0,294
368,LogicalExpression,nan,-1,-1,-1,57,9,57,45,packages\mochawesome\src\stripFnStart.js,0,295
369,BlockStatement,nan,-1,-1,-1,57,47,60,3,packages\mochawesome\src\stripFnStart.js,0,296
370,ConditionalExpression,nan,-1,-1,-1,61,9,61,54,packages\mochawesome\src\stripFnStart.js,0,297
375,CallExpression,nan,1,-1,-1,61,26,61,46,packages\mochawesome\src\stripFnStart.js,0,298
377,Identifier,pos,-1,-1,-1,57,9,57,12,packages\mochawesome\src\stripFnStart.js,0,299
378,MemberExpression,nan,-1,-1,-1,57,15,57,27,packages\mochawesome\src\stripFnStart.js,0,300
379,Identifier,state,-1,-1,-1,57,31,57,36,packages\mochawesome\src\stripFnStart.js,0,301
380,Identifier,DONE,-1,-1,-1,57,41,57,45,packages\mochawesome\src\stripFnStart.js,0,302
381,AssignmentExpression,nan,-1,-1,-1,58,4,58,47,packages\mochawesome\src\stripFnStart.js,0,303
382,AssignmentExpression,nan,-1,-1,-1,59,4,59,12,packages\mochawesome\src\stripFnStart.js,0,304
384,MemberExpression,nan,-1,-1,-1,61,26,61,37,packages\mochawesome\src\stripFnStart.js,0,305
385,Identifier,state,-1,-1,-1,61,9,61,14,packages\mochawesome\src\stripFnStart.js,0,306
386,Identifier,DONE,-1,-1,-1,61,19,61,23,packages\mochawesome\src\stripFnStart.js,0,307
387,Identifier,state,-1,-1,-1,58,4,58,9,packages\mochawesome\src\stripFnStart.js,0,308
388,CallExpression,nan,2,-1,-1,58,12,58,47,packages\mochawesome\src\stripFnStart.js,0,309
389,Identifier,pos,-1,-1,-1,59,4,59,7,packages\mochawesome\src\stripFnStart.js,0,310
391,Identifier,pos,-1,-1,-1,61,38,61,41,packages\mochawesome\src\stripFnStart.js,0,311
393,Identifier,state,-1,-1,-1,58,22,58,27,packages\mochawesome\src\stripFnStart.js,0,312
394,CallExpression,nan,1,-1,-1,58,29,58,46,packages\mochawesome\src\stripFnStart.js,0,313
395,Identifier,nextState,-1,-1,-1,58,12,58,21,packages\mochawesome\src\stripFnStart.js,0,314
396,Identifier,pos,-1,-1,-1,58,42,58,45,packages\mochawesome\src\stripFnStart.js,0,315
397,MemberExpression,nan,-1,-1,-1,58,29,58,41,packages\mochawesome\src\stripFnStart.js,0,316
398,Program,nan,-1,-1,-1,1,0,285,2,packages\mochawesome\src\utils.js,0,317
399,VariableDeclaration,nan,-1,-1,-1,1,0,1,44,packages\mochawesome\src\utils.js,0,318
400,VariableDeclaration,nan,-1,-1,-1,2,0,2,48,packages\mochawesome\src\utils.js,0,319
401,VariableDeclaration,nan,-1,-1,-1,3,0,3,42,packages\mochawesome\src\utils.js,0,320
402,VariableDeclaration,nan,-1,-1,-1,4,0,4,31,packages\mochawesome\src\utils.js,0,321
403,VariableDeclaration,nan,-1,-1,-1,5,0,5,29,packages\mochawesome\src\utils.js,0,322
404,VariableDeclaration,nan,-1,-1,-1,6,0,6,46,packages\mochawesome\src\utils.js,0,323
405,VariableDeclaration,nan,-1,-1,-1,7,0,7,49,packages\mochawesome\src\utils.js,0,324
406,VariableDeclaration,nan,-1,-1,-1,8,0,8,29,packages\mochawesome\src\utils.js,0,325
407,VariableDeclaration,nan,-1,-1,-1,9,0,9,40,packages\mochawesome\src\utils.js,0,326
408,VariableDeclaration,nan,-1,-1,-1,10,0,10,47,packages\mochawesome\src\utils.js,0,327
409,FunctionDeclaration,nan,-1,3,1,19,0,28,1,packages\mochawesome\src\utils.js,0,328
410,FunctionDeclaration,nan,-1,1,1,38,0,59,1,packages\mochawesome\src\utils.js,0,329
411,FunctionDeclaration,nan,-1,1,1,70,0,86,1,packages\mochawesome\src\utils.js,0,330
412,FunctionDeclaration,nan,-1,1,1,97,0,99,1,packages\mochawesome\src\utils.js,0,331
413,FunctionDeclaration,nan,-1,2,1,108,0,150,1,packages\mochawesome\src\utils.js,0,332
414,FunctionDeclaration,nan,-1,2,1,160,0,189,1,packages\mochawesome\src\utils.js,0,333
415,FunctionDeclaration,nan,-1,3,1,201,0,255,1,packages\mochawesome\src\utils.js,0,334
416,FunctionDeclaration,nan,-1,3,1,267,0,277,1,packages\mochawesome\src\utils.js,0,335
418,Identifier,log,-1,-1,-1,19,9,19,12,packages\mochawesome\src\utils.js,0,336
419,Identifier,msg,-1,-1,-1,19,13,19,16,packages\mochawesome\src\utils.js,0,337
420,Identifier,level,-1,-1,-1,19,18,19,23,packages\mochawesome\src\utils.js,0,338
421,Identifier,config,-1,-1,-1,19,25,19,31,packages\mochawesome\src\utils.js,0,339
423,BlockStatement,nan,-1,-1,-1,19,33,28,1,packages\mochawesome\src\utils.js,0,340
424,Identifier,cleanCode,-1,-1,-1,38,9,38,18,packages\mochawesome\src\utils.js,0,341
425,Identifier,str,-1,-1,-1,38,19,38,22,packages\mochawesome\src\utils.js,0,342
427,BlockStatement,nan,-1,-1,-1,38,24,59,1,packages\mochawesome\src\utils.js,0,343
428,Identifier,createUnifiedDiff,-1,-1,-1,70,9,70,26,packages\mochawesome\src\utils.js,0,344
429,ObjectPattern,nan,-1,-1,-1,70,27,70,47,packages\mochawesome\src\utils.js,0,345
431,BlockStatement,nan,-1,-1,-1,70,49,86,1,packages\mochawesome\src\utils.js,0,346
432,Identifier,createInlineDiff,-1,-1,-1,97,9,97,25,packages\mochawesome\src\utils.js,0,347
433,ObjectPattern,nan,-1,-1,-1,97,26,97,46,packages\mochawesome\src\utils.js,0,348
435,BlockStatement,nan,-1,-1,-1,97,48,99,1,packages\mochawesome\src\utils.js,0,349
436,Identifier,normalizeErr,-1,-1,-1,108,9,108,21,packages\mochawesome\src\utils.js,0,350
437,Identifier,err,-1,-1,-1,108,22,108,25,packages\mochawesome\src\utils.js,0,351
438,Identifier,config,-1,-1,-1,108,27,108,33,packages\mochawesome\src\utils.js,0,352
440,BlockStatement,nan,-1,-1,-1,108,35,150,1,packages\mochawesome\src\utils.js,0,353
441,Identifier,cleanTest,-1,-1,-1,160,9,160,18,packages\mochawesome\src\utils.js,0,354
442,Identifier,test,-1,-1,-1,160,19,160,23,packages\mochawesome\src\utils.js,0,355
443,Identifier,config,-1,-1,-1,160,25,160,31,packages\mochawesome\src\utils.js,0,356
445,BlockStatement,nan,-1,-1,-1,160,33,189,1,packages\mochawesome\src\utils.js,0,357
446,Identifier,cleanSuite,-1,-1,-1,201,9,201,19,packages\mochawesome\src\utils.js,0,358
447,Identifier,suite,-1,-1,-1,201,20,201,25,packages\mochawesome\src\utils.js,0,359
448,Identifier,testTotals,-1,-1,-1,201,27,201,37,packages\mochawesome\src\utils.js,0,360
449,Identifier,config,-1,-1,-1,201,39,201,45,packages\mochawesome\src\utils.js,0,361
451,BlockStatement,nan,-1,-1,-1,201,47,255,1,packages\mochawesome\src\utils.js,0,362
452,Identifier,mapSuites,-1,-1,-1,267,9,267,18,packages\mochawesome\src\utils.js,0,363
453,Identifier,suite,-1,-1,-1,267,19,267,24,packages\mochawesome\src\utils.js,0,364
454,Identifier,testTotals,-1,-1,-1,267,26,267,36,packages\mochawesome\src\utils.js,0,365
455,Identifier,config,-1,-1,-1,267,38,267,44,packages\mochawesome\src\utils.js,0,366
457,BlockStatement,nan,-1,-1,-1,267,46,277,1,packages\mochawesome\src\utils.js,0,367
458,AssignmentExpression,nan,-1,-1,-1,279,0,285,1,packages\mochawesome\src\utils.js,0,368
459,IfStatement,nan,-1,-1,-1,21,2,21,37,packages\mochawesome\src\utils.js,0,369
460,VariableDeclaration,nan,-1,-1,-1,22,2,22,50,packages\mochawesome\src\utils.js,0,370
461,VariableDeclaration,nan,-1,-1,-1,23,2,23,16,packages\mochawesome\src\utils.js,0,371
462,IfStatement,nan,-1,-1,-1,24,2,26,3,packages\mochawesome\src\utils.js,0,372
466,VariableDeclaration,nan,-1,-1,-1,49,2,49,49,packages\mochawesome\src\utils.js,0,373
467,VariableDeclaration,nan,-1,-1,-1,50,2,50,48,packages\mochawesome\src\utils.js,0,374
468,VariableDeclaration,nan,-1,-1,-1,52,2,55,4,packages\mochawesome\src\utils.js,0,375
470,ReturnStatement,nan,1,-1,-1,58,2,58,13,packages\mochawesome\src\utils.js,0,376
471,ReturnStatement,nan,1,-1,-1,71,2,85,16,packages\mochawesome\src\utils.js,0,377
472,ReturnStatement,nan,1,-1,-1,98,2,98,51,packages\mochawesome\src\utils.js,0,378
473,VariableDeclaration,nan,-1,-1,-1,109,2,109,67,packages\mochawesome\src\utils.js,0,379
474,VariableDeclaration,nan,-1,-1,-1,110,2,110,17,packages\mochawesome\src\utils.js,0,380
475,VariableDeclaration,nan,-1,-1,-1,111,2,111,14,packages\mochawesome\src\utils.js,0,381
476,FunctionDeclaration,nan,-1,2,1,116,2,119,3,packages\mochawesome\src\utils.js,0,382
477,IfStatement,nan,-1,-1,-1,122,2,135,3,packages\mochawesome\src\utils.js,0,383
478,IfStatement,nan,-1,-1,-1,139,2,143,3,packages\mochawesome\src\utils.js,0,384
479,ReturnStatement,nan,1,-1,-1,145,2,149,4,packages\mochawesome\src\utils.js,0,385
480,VariableDeclaration,nan,-1,-1,-1,161,2,161,50,packages\mochawesome\src\utils.js,0,386
481,VariableDeclaration,nan,-1,-1,-1,163,2,165,28,packages\mochawesome\src\utils.js,0,387
482,VariableDeclaration,nan,-1,-1,-1,167,2,183,4,packages\mochawesome\src\utils.js,0,388
484,ReturnStatement,nan,1,-1,-1,188,2,188,17,packages\mochawesome\src\utils.js,0,389
485,VariableDeclaration,nan,-1,-1,-1,202,2,202,19,packages\mochawesome\src\utils.js,0,390
486,VariableDeclaration,nan,-1,-1,-1,203,2,203,26,packages\mochawesome\src\utils.js,0,391
487,VariableDeclaration,nan,-1,-1,-1,204,2,204,26,packages\mochawesome\src\utils.js,0,392
488,VariableDeclaration,nan,-1,-1,-1,205,2,205,26,packages\mochawesome\src\utils.js,0,393
489,VariableDeclaration,nan,-1,-1,-1,206,2,206,26,packages\mochawesome\src\utils.js,0,394
490,VariableDeclaration,nan,-1,-1,-1,208,2,210,42,packages\mochawesome\src\utils.js,0,395
491,VariableDeclaration,nan,-1,-1,-1,212,2,214,42,packages\mochawesome\src\utils.js,0,396
492,VariableDeclaration,nan,-1,-1,-1,216,2,224,5,packages\mochawesome\src\utils.js,0,397
495,VariableDeclaration,nan,-1,-1,-1,229,2,246,4,packages\mochawesome\src\utils.js,0,398
496,VariableDeclaration,nan,-1,-1,-1,248,2,252,32,packages\mochawesome\src\utils.js,0,399
497,ReturnStatement,nan,1,-1,-1,254,2,254,34,packages\mochawesome\src\utils.js,0,400
498,VariableDeclaration,nan,-1,-1,-1,268,2,274,9,packages\mochawesome\src\utils.js,0,401
499,VariableDeclaration,nan,-1,-1,-1,275,2,275,43,packages\mochawesome\src\utils.js,0,402
500,ReturnStatement,nan,1,-1,-1,276,2,276,53,packages\mochawesome\src\utils.js,0,403
501,MemberExpression,nan,-1,-1,-1,279,0,279,14,packages\mochawesome\src\utils.js,0,404
502,ObjectExpression,nan,-1,-1,-1,279,17,285,1,packages\mochawesome\src\utils.js,0,405
503,ReturnStatement,nan,-1,-1,-1,21,30,21,37,packages\mochawesome\src\utils.js,0,406
504,LogicalExpression,nan,-1,-1,-1,21,6,21,28,packages\mochawesome\src\utils.js,0,407
505,BlockStatement,nan,-1,-1,-1,24,31,26,3,packages\mochawesome\src\utils.js,0,408
507,CallExpression,nan,1,-1,-1,27,2,27,54,packages\mochawesome\src\utils.js,0,409
508,AssignmentExpression,nan,-1,-1,-1,39,2,41,27,packages\mochawesome\src\utils.js,0,410
509,AssignmentExpression,nan,-1,-1,-1,43,2,45,30,packages\mochawesome\src\utils.js,0,411
510,AssignmentExpression,nan,-1,-1,-1,57,2,57,43,packages\mochawesome\src\utils.js,0,412
511,Identifier,str,-1,-1,-1,58,9,58,12,packages\mochawesome\src\utils.js,0,413
512,CallExpression,nan,1,-1,-1,71,9,85,15,packages\mochawesome\src\utils.js,0,414
513,CallExpression,nan,2,-1,-1,98,9,98,50,packages\mochawesome\src\utils.js,0,415
514,Identifier,sameType,-1,-1,-1,116,11,116,19,packages\mochawesome\src\utils.js,0,416
515,Identifier,a,-1,-1,-1,116,20,116,21,packages\mochawesome\src\utils.js,0,417
516,Identifier,b,-1,-1,-1,116,23,116,24,packages\mochawesome\src\utils.js,0,418
518,BlockStatement,nan,-1,-1,-1,116,26,119,3,packages\mochawesome\src\utils.js,0,419
519,BlockStatement,nan,-1,-1,-1,126,4,135,3,packages\mochawesome\src\utils.js,0,420
520,LogicalExpression,nan,-1,-1,-1,123,4,125,26,packages\mochawesome\src\utils.js,0,421
521,BlockStatement,nan,-1,-1,-1,139,23,141,3,packages\mochawesome\src\utils.js,0,422
522,LogicalExpression,nan,-1,-1,-1,139,6,139,21,packages\mochawesome\src\utils.js,0,423
523,ObjectExpression,nan,-1,-1,-1,145,9,149,3,packages\mochawesome\src\utils.js,0,424
524,AssignmentExpression,nan,-1,-1,-1,185,2,186,73,packages\mochawesome\src\utils.js,0,425
525,Identifier,cleaned,-1,-1,-1,188,9,188,16,packages\mochawesome\src\utils.js,0,426
526,AssignmentExpression,nan,-1,-1,-1,226,2,226,39,packages\mochawesome\src\utils.js,0,427
527,AssignmentExpression,nan,-1,-1,-1,227,2,227,43,packages\mochawesome\src\utils.js,0,428
528,LogicalExpression,nan,-1,-1,-1,254,9,254,33,packages\mochawesome\src\utils.js,0,429
529,CallExpression,nan,3,-1,-1,276,9,276,52,packages\mochawesome\src\utils.js,0,430
530,Identifier,config,-1,-1,-1,21,6,21,12,packages\mochawesome\src\utils.js,0,431
531,MemberExpression,nan,-1,-1,-1,21,16,21,28,packages\mochawesome\src\utils.js,0,432
533,UnaryExpression,nan,1,-1,-1,24,6,24,16,packages\mochawesome\src\utils.js,0,433
535,TemplateLiteral,nan,-1,-1,-1,27,12,27,53,packages\mochawesome\src\utils.js,0,434
536,Identifier,logMethod,-1,-1,-1,27,2,27,11,packages\mochawesome\src\utils.js,0,435
537,Identifier,str,-1,-1,-1,39,2,39,5,packages\mochawesome\src\utils.js,0,436
538,CallExpression,nan,2,-1,-1,39,8,41,27,packages\mochawesome\src\utils.js,0,437
539,Identifier,str,-1,-1,-1,43,2,43,5,packages\mochawesome\src\utils.js,0,438
540,CallExpression,nan,2,-1,-1,43,8,45,30,packages\mochawesome\src\utils.js,0,439
541,Identifier,str,-1,-1,-1,57,2,57,5,packages\mochawesome\src\utils.js,0,440
542,CallExpression,nan,0,-1,-1,57,8,57,43,packages\mochawesome\src\utils.js,0,441
544,MemberExpression,nan,-1,-1,-1,71,9,85,9,packages\mochawesome\src\utils.js,0,442
545,Identifier,actual,-1,-1,-1,98,33,98,39,packages\mochawesome\src\utils.js,0,443
546,Identifier,expected,-1,-1,-1,98,41,98,49,packages\mochawesome\src\utils.js,0,444
547,MemberExpression,nan,-1,-1,-1,98,9,98,32,packages\mochawesome\src\utils.js,0,445
548,VariableDeclaration,nan,-1,-1,-1,117,4,117,50,packages\mochawesome\src\utils.js,0,446
549,ReturnStatement,nan,1,-1,-1,118,4,118,55,packages\mochawesome\src\utils.js,0,447
550,IfStatement,nan,-1,-1,-1,128,4,131,5,packages\mochawesome\src\utils.js,0,448
552,LogicalExpression,nan,-1,-1,-1,123,4,124,30,packages\mochawesome\src\utils.js,0,449
555,Identifier,name,-1,-1,-1,139,6,139,10,packages\mochawesome\src\utils.js,0,450
556,Identifier,message,-1,-1,-1,139,14,139,21,packages\mochawesome\src\utils.js,0,451
557,MemberExpression,nan,-1,-1,-1,185,2,185,17,packages\mochawesome\src\utils.js,0,452
558,LogicalExpression,nan,-1,-1,-1,186,4,186,73,packages\mochawesome\src\utils.js,0,453
559,MemberExpression,nan,-1,-1,-1,226,2,226,23,packages\mochawesome\src\utils.js,0,454
560,MemberExpression,nan,-1,-1,-1,226,27,226,39,packages\mochawesome\src\utils.js,0,455
561,MemberExpression,nan,-1,-1,-1,227,2,227,20,packages\mochawesome\src\utils.js,0,456
562,MemberExpression,nan,-1,-1,-1,227,24,227,43,packages\mochawesome\src\utils.js,0,457
563,UnaryExpression,nan,1,-1,-1,254,9,254,22,packages\mochawesome\src\utils.js,0,458
564,Identifier,cleaned,-1,-1,-1,254,26,254,33,packages\mochawesome\src\utils.js,0,459
565,Identifier,toBeCleaned,-1,-1,-1,276,20,276,31,packages\mochawesome\src\utils.js,0,460
566,Identifier,testTotals,-1,-1,-1,276,33,276,43,packages\mochawesome\src\utils.js,0,461
567,Identifier,config,-1,-1,-1,276,45,276,51,packages\mochawesome\src\utils.js,0,462
568,Identifier,cleanSuite,-1,-1,-1,276,9,276,19,packages\mochawesome\src\utils.js,0,463
569,AssignmentExpression,nan,-1,-1,-1,25,4,25,33,packages\mochawesome\src\utils.js,0,464
570,Identifier,msg,-1,-1,-1,24,13,24,16,packages\mochawesome\src\utils.js,0,465
573,MemberExpression,nan,-1,-1,-1,39,8,41,12,packages\mochawesome\src\utils.js,0,466
576,MemberExpression,nan,-1,-1,-1,43,8,45,12,packages\mochawesome\src\utils.js,0,467
577,MemberExpression,nan,-1,-1,-1,57,8,57,41,packages\mochawesome\src\utils.js,0,468
579,BlockStatement,nan,-1,-1,-1,128,51,131,5,packages\mochawesome\src\utils.js,0,469
580,UnaryExpression,nan,1,-1,-1,128,8,128,49,packages\mochawesome\src\utils.js,0,470
581,AssignmentExpression,nan,-1,-1,-1,132,4,134,30,packages\mochawesome\src\utils.js,0,471
583,CallExpression,nan,2,-1,-1,124,4,124,30,packages\mochawesome\src\utils.js,0,472
584,Identifier,expected,-1,-1,-1,125,4,125,12,packages\mochawesome\src\utils.js,0,473
585,Identifier,undefined,-1,-1,-1,125,17,125,26,packages\mochawesome\src\utils.js,0,474
586,AssignmentExpression,nan,-1,-1,-1,140,4,140,49,packages\mochawesome\src\utils.js,0,475
587,LogicalExpression,nan,-1,-1,-1,186,4,186,54,packages\mochawesome\src\utils.js,0,476
588,UnaryExpression,nan,1,-1,-1,186,58,186,73,packages\mochawesome\src\utils.js,0,477
589,Identifier,isEmptySuite,-1,-1,-1,254,10,254,22,packages\mochawesome\src\utils.js,0,478
590,Identifier,out,-1,-1,-1,25,4,25,7,packages\mochawesome\src\utils.js,0,479
591,CallExpression,nan,3,-1,-1,25,10,25,33,packages\mochawesome\src\utils.js,0,480
592,CallExpression,nan,1,-1,-1,118,11,118,30,packages\mochawesome\src\utils.js,0,481
593,CallExpression,nan,1,-1,-1,118,35,118,54,packages\mochawesome\src\utils.js,0,482
596,LogicalExpression,nan,-1,-1,-1,128,10,128,48,packages\mochawesome\src\utils.js,0,483
597,Identifier,errDiff,-1,-1,-1,132,4,132,11,packages\mochawesome\src\utils.js,0,484
598,ConditionalExpression,nan,-1,-1,-1,132,14,134,30,packages\mochawesome\src\utils.js,0,485
599,Identifier,showDiff,-1,-1,-1,123,4,123,12,packages\mochawesome\src\utils.js,0,486
601,Identifier,actual,-1,-1,-1,124,13,124,19,packages\mochawesome\src\utils.js,0,487
602,Identifier,expected,-1,-1,-1,124,21,124,29,packages\mochawesome\src\utils.js,0,488
603,Identifier,sameType,-1,-1,-1,124,4,124,12,packages\mochawesome\src\utils.js,0,489
604,Identifier,errMessage,-1,-1,-1,140,4,140,14,packages\mochawesome\src\utils.js,0,490
605,TemplateLiteral,nan,-1,-1,-1,140,17,140,49,packages\mochawesome\src\utils.js,0,491
606,LogicalExpression,nan,-1,-1,-1,186,4,186,34,packages\mochawesome\src\utils.js,0,492
607,UnaryExpression,nan,1,-1,-1,186,38,186,54,packages\mochawesome\src\utils.js,0,493
608,MemberExpression,nan,-1,-1,-1,186,59,186,73,packages\mochawesome\src\utils.js,0,494
609,Identifier,msg,-1,-1,-1,25,20,25,23,packages\mochawesome\src\utils.js,0,495
612,Identifier,stringify,-1,-1,-1,25,10,25,19,packages\mochawesome\src\utils.js,0,496
613,Identifier,a,-1,-1,-1,118,28,118,29,packages\mochawesome\src\utils.js,0,497
614,MemberExpression,nan,-1,-1,-1,118,11,118,27,packages\mochawesome\src\utils.js,0,498
615,Identifier,b,-1,-1,-1,118,52,118,53,packages\mochawesome\src\utils.js,0,499
616,MemberExpression,nan,-1,-1,-1,118,35,118,51,packages\mochawesome\src\utils.js,0,500
617,AssignmentExpression,nan,-1,-1,-1,129,6,129,47,packages\mochawesome\src\utils.js,0,501
618,AssignmentExpression,nan,-1,-1,-1,130,6,130,51,packages\mochawesome\src\utils.js,0,502
619,CallExpression,nan,1,-1,-1,128,10,128,26,packages\mochawesome\src\utils.js,0,503
620,CallExpression,nan,1,-1,-1,128,30,128,48,packages\mochawesome\src\utils.js,0,504
621,CallExpression,nan,1,-1,-1,133,8,133,29,packages\mochawesome\src\utils.js,0,505
622,MemberExpression,nan,-1,-1,-1,132,14,132,35,packages\mochawesome\src\utils.js,0,506
623,UnaryExpression,nan,1,-1,-1,186,4,186,17,packages\mochawesome\src\utils.js,0,507
624,UnaryExpression,nan,1,-1,-1,186,21,186,34,packages\mochawesome\src\utils.js,0,508
625,MemberExpression,nan,-1,-1,-1,186,39,186,54,packages\mochawesome\src\utils.js,0,509
626,MemberExpression,nan,-1,-1,-1,129,6,129,16,packages\mochawesome\src\utils.js,0,510
627,CallExpression,nan,1,-1,-1,129,19,129,47,packages\mochawesome\src\utils.js,0,511
628,MemberExpression,nan,-1,-1,-1,130,6,130,18,packages\mochawesome\src\utils.js,0,512
629,CallExpression,nan,1,-1,-1,130,21,130,51,packages\mochawesome\src\utils.js,0,513
630,Identifier,actual,-1,-1,-1,128,19,128,25,packages\mochawesome\src\utils.js,0,514
631,Identifier,isString,-1,-1,-1,128,10,128,18,packages\mochawesome\src\utils.js,0,515
632,Identifier,expected,-1,-1,-1,128,39,128,47,packages\mochawesome\src\utils.js,0,516
633,Identifier,isString,-1,-1,-1,128,30,128,38,packages\mochawesome\src\utils.js,0,517
634,Identifier,err,-1,-1,-1,133,25,133,28,packages\mochawesome\src\utils.js,0,518
635,Identifier,createInlineDiff,-1,-1,-1,133,8,133,24,packages\mochawesome\src\utils.js,0,519
636,MemberExpression,nan,-1,-1,-1,186,5,186,17,packages\mochawesome\src\utils.js,0,520
637,MemberExpression,nan,-1,-1,-1,186,22,186,34,packages\mochawesome\src\utils.js,0,521
638,Identifier,actual,-1,-1,-1,129,40,129,46,packages\mochawesome\src\utils.js,0,522
639,MemberExpression,nan,-1,-1,-1,129,19,129,39,packages\mochawesome\src\utils.js,0,523
640,Identifier,expected,-1,-1,-1,130,42,130,50,packages\mochawesome\src\utils.js,0,524
641,MemberExpression,nan,-1,-1,-1,130,21,130,41,packages\mochawesome\src\utils.js,0,525
642,Program,nan,-1,-1,-1,1,0,198,3,packages\mochawesome\test\addContext.test.js,1,526
643,VariableDeclaration,nan,-1,-1,-1,1,0,1,48,packages\mochawesome\test\addContext.test.js,1,527
645,CallExpression,nan,2,-1,-1,3,0,198,2,packages\mochawesome\test\addContext.test.js,1,528
647,ArrowFunctionExpression,nan,-1,0,0,3,23,198,1,packages\mochawesome\test\addContext.test.js,1,529
648,Identifier,describe,-1,-1,-1,3,0,3,8,packages\mochawesome\test\addContext.test.js,1,530
650,BlockStatement,nan,-1,-1,-1,3,29,198,1,packages\mochawesome\test\addContext.test.js,1,531
651,VariableDeclaration,nan,-1,-1,-1,4,2,4,14,packages\mochawesome\test\addContext.test.js,1,532
652,VariableDeclaration,nan,-1,-1,-1,5,2,5,17,packages\mochawesome\test\addContext.test.js,1,533
653,VariableDeclaration,nan,-1,-1,-1,6,2,6,11,packages\mochawesome\test\addContext.test.js,1,534
654,VariableDeclaration,nan,-1,-1,-1,7,2,7,23,packages\mochawesome\test\addContext.test.js,1,535
655,VariableDeclaration,nan,-1,-1,-1,9,2,21,5,packages\mochawesome\test\addContext.test.js,1,536
658,FunctionDeclaration,nan,-1,0,0,46,2,96,3,packages\mochawesome\test\addContext.test.js,1,537
665,CallExpression,nan,1,-1,-1,23,2,40,4,packages\mochawesome\test\addContext.test.js,1,538
666,CallExpression,nan,1,-1,-1,42,2,44,4,packages\mochawesome\test\addContext.test.js,1,539
667,Identifier,contextTests,-1,-1,-1,46,11,46,23,packages\mochawesome\test\addContext.test.js,1,540
669,BlockStatement,nan,-1,-1,-1,46,26,96,3,packages\mochawesome\test\addContext.test.js,1,541
670,CallExpression,nan,2,-1,-1,98,2,107,4,packages\mochawesome\test\addContext.test.js,1,542
671,CallExpression,nan,2,-1,-1,109,2,118,4,packages\mochawesome\test\addContext.test.js,1,543
672,CallExpression,nan,2,-1,-1,120,2,129,4,packages\mochawesome\test\addContext.test.js,1,544
673,CallExpression,nan,2,-1,-1,131,2,140,4,packages\mochawesome\test\addContext.test.js,1,545
674,CallExpression,nan,2,-1,-1,142,2,151,4,packages\mochawesome\test\addContext.test.js,1,546
675,CallExpression,nan,2,-1,-1,153,2,197,4,packages\mochawesome\test\addContext.test.js,1,547
676,ArrowFunctionExpression,nan,-1,0,0,23,13,40,3,packages\mochawesome\test\addContext.test.js,1,548
677,Identifier,beforeEach,-1,-1,-1,23,2,23,12,packages\mochawesome\test\addContext.test.js,1,549
678,ArrowFunctionExpression,nan,-1,0,0,42,12,44,3,packages\mochawesome\test\addContext.test.js,1,550
679,Identifier,afterEach,-1,-1,-1,42,2,42,11,packages\mochawesome\test\addContext.test.js,1,551
685,ArrowFunctionExpression,nan,-1,0,0,98,37,107,3,packages\mochawesome\test\addContext.test.js,1,552
686,Identifier,describe,-1,-1,-1,98,2,98,10,packages\mochawesome\test\addContext.test.js,1,553
688,ArrowFunctionExpression,nan,-1,0,0,109,39,118,3,packages\mochawesome\test\addContext.test.js,1,554
689,Identifier,describe,-1,-1,-1,109,2,109,10,packages\mochawesome\test\addContext.test.js,1,555
691,ArrowFunctionExpression,nan,-1,0,0,120,43,129,3,packages\mochawesome\test\addContext.test.js,1,556
692,Identifier,describe,-1,-1,-1,120,2,120,10,packages\mochawesome\test\addContext.test.js,1,557
694,ArrowFunctionExpression,nan,-1,0,0,131,39,140,3,packages\mochawesome\test\addContext.test.js,1,558
695,Identifier,describe,-1,-1,-1,131,2,131,10,packages\mochawesome\test\addContext.test.js,1,559
697,ArrowFunctionExpression,nan,-1,0,0,142,43,151,3,packages\mochawesome\test\addContext.test.js,1,560
698,Identifier,describe,-1,-1,-1,142,2,142,10,packages\mochawesome\test\addContext.test.js,1,561
700,ArrowFunctionExpression,nan,-1,0,0,153,39,197,3,packages\mochawesome\test\addContext.test.js,1,562
701,Identifier,describe,-1,-1,-1,153,2,153,10,packages\mochawesome\test\addContext.test.js,1,563
703,BlockStatement,nan,-1,-1,-1,23,19,40,3,packages\mochawesome\test\addContext.test.js,1,564
705,BlockStatement,nan,-1,-1,-1,42,18,44,3,packages\mochawesome\test\addContext.test.js,1,565
706,CallExpression,nan,2,-1,-1,47,4,53,6,packages\mochawesome\test\addContext.test.js,1,566
707,CallExpression,nan,2,-1,-1,55,4,67,6,packages\mochawesome\test\addContext.test.js,1,567
708,CallExpression,nan,2,-1,-1,69,4,81,6,packages\mochawesome\test\addContext.test.js,1,568
709,CallExpression,nan,2,-1,-1,83,4,95,6,packages\mochawesome\test\addContext.test.js,1,569
711,BlockStatement,nan,-1,-1,-1,98,43,107,3,packages\mochawesome\test\addContext.test.js,1,570
713,BlockStatement,nan,-1,-1,-1,109,45,118,3,packages\mochawesome\test\addContext.test.js,1,571
715,BlockStatement,nan,-1,-1,-1,120,49,129,3,packages\mochawesome\test\addContext.test.js,1,572
717,BlockStatement,nan,-1,-1,-1,131,45,140,3,packages\mochawesome\test\addContext.test.js,1,573
719,BlockStatement,nan,-1,-1,-1,142,49,151,3,packages\mochawesome\test\addContext.test.js,1,574
721,BlockStatement,nan,-1,-1,-1,153,45,197,3,packages\mochawesome\test\addContext.test.js,1,575
727,ArrowFunctionExpression,nan,-1,0,0,47,22,53,5,packages\mochawesome\test\addContext.test.js,1,576
728,Identifier,it,-1,-1,-1,47,4,47,6,packages\mochawesome\test\addContext.test.js,1,577
730,ArrowFunctionExpression,nan,-1,0,0,55,23,67,5,packages\mochawesome\test\addContext.test.js,1,578
731,Identifier,it,-1,-1,-1,55,4,55,6,packages\mochawesome\test\addContext.test.js,1,579
733,ArrowFunctionExpression,nan,-1,0,0,69,44,81,5,packages\mochawesome\test\addContext.test.js,1,580
734,Identifier,it,-1,-1,-1,69,4,69,6,packages\mochawesome\test\addContext.test.js,1,581
736,ArrowFunctionExpression,nan,-1,0,0,83,28,95,5,packages\mochawesome\test\addContext.test.js,1,582
737,Identifier,it,-1,-1,-1,83,4,83,6,packages\mochawesome\test\addContext.test.js,1,583
756,AssignmentExpression,nan,-1,-1,-1,24,4,24,36,packages\mochawesome\test\addContext.test.js,1,584
757,AssignmentExpression,nan,-1,-1,-1,25,4,25,34,packages\mochawesome\test\addContext.test.js,1,585
758,AssignmentExpression,nan,-1,-1,-1,27,4,39,5,packages\mochawesome\test\addContext.test.js,1,586
759,AssignmentExpression,nan,-1,-1,-1,43,4,43,36,packages\mochawesome\test\addContext.test.js,1,587
761,BlockStatement,nan,-1,-1,-1,47,28,53,5,packages\mochawesome\test\addContext.test.js,1,588
763,BlockStatement,nan,-1,-1,-1,55,29,67,5,packages\mochawesome\test\addContext.test.js,1,589
765,BlockStatement,nan,-1,-1,-1,69,50,81,5,packages\mochawesome\test\addContext.test.js,1,590
767,BlockStatement,nan,-1,-1,-1,83,34,95,5,packages\mochawesome\test\addContext.test.js,1,591
768,CallExpression,nan,1,-1,-1,99,4,105,6,packages\mochawesome\test\addContext.test.js,1,592
769,CallExpression,nan,0,-1,-1,106,4,106,18,packages\mochawesome\test\addContext.test.js,1,593
770,CallExpression,nan,1,-1,-1,110,4,116,6,packages\mochawesome\test\addContext.test.js,1,594
771,CallExpression,nan,0,-1,-1,117,4,117,18,packages\mochawesome\test\addContext.test.js,1,595
772,CallExpression,nan,1,-1,-1,121,4,127,6,packages\mochawesome\test\addContext.test.js,1,596
773,CallExpression,nan,0,-1,-1,128,4,128,18,packages\mochawesome\test\addContext.test.js,1,597
774,CallExpression,nan,1,-1,-1,132,4,138,6,packages\mochawesome\test\addContext.test.js,1,598
775,CallExpression,nan,0,-1,-1,139,4,139,18,packages\mochawesome\test\addContext.test.js,1,599
776,CallExpression,nan,1,-1,-1,143,4,149,6,packages\mochawesome\test\addContext.test.js,1,600
777,CallExpression,nan,0,-1,-1,150,4,150,18,packages\mochawesome\test\addContext.test.js,1,601
778,CallExpression,nan,1,-1,-1,154,4,161,6,packages\mochawesome\test\addContext.test.js,1,602
779,CallExpression,nan,2,-1,-1,163,4,166,6,packages\mochawesome\test\addContext.test.js,1,603
780,CallExpression,nan,2,-1,-1,168,4,171,6,packages\mochawesome\test\addContext.test.js,1,604
781,CallExpression,nan,2,-1,-1,173,4,176,6,packages\mochawesome\test\addContext.test.js,1,605
782,CallExpression,nan,2,-1,-1,178,4,181,6,packages\mochawesome\test\addContext.test.js,1,606
783,CallExpression,nan,2,-1,-1,183,4,186,6,packages\mochawesome\test\addContext.test.js,1,607
784,CallExpression,nan,2,-1,-1,188,4,191,6,packages\mochawesome\test\addContext.test.js,1,608
785,CallExpression,nan,2,-1,-1,193,4,196,6,packages\mochawesome\test\addContext.test.js,1,609
786,Identifier,origConsoleError,-1,-1,-1,24,4,24,20,packages\mochawesome\test\addContext.test.js,1,610
787,MemberExpression,nan,-1,-1,-1,24,23,24,36,packages\mochawesome\test\addContext.test.js,1,611
788,MemberExpression,nan,-1,-1,-1,25,4,25,17,packages\mochawesome\test\addContext.test.js,1,612
789,FunctionExpression,nan,-1,0,0,25,20,25,34,packages\mochawesome\test\addContext.test.js,1,613
790,Identifier,activeTest,-1,-1,-1,27,4,27,14,packages\mochawesome\test\addContext.test.js,1,614
791,ObjectExpression,nan,-1,-1,-1,27,17,39,5,packages\mochawesome\test\addContext.test.js,1,615
792,MemberExpression,nan,-1,-1,-1,43,4,43,17,packages\mochawesome\test\addContext.test.js,1,616
793,Identifier,origConsoleError,-1,-1,-1,43,20,43,36,packages\mochawesome\test\addContext.test.js,1,617
804,ArrowFunctionExpression,nan,-1,0,0,99,15,105,5,packages\mochawesome\test\addContext.test.js,1,618
805,Identifier,beforeEach,-1,-1,-1,99,4,99,14,packages\mochawesome\test\addContext.test.js,1,619
806,Identifier,contextTests,-1,-1,-1,106,4,106,16,packages\mochawesome\test\addContext.test.js,1,620
807,ArrowFunctionExpression,nan,-1,0,0,110,15,116,5,packages\mochawesome\test\addContext.test.js,1,621
808,Identifier,beforeEach,-1,-1,-1,110,4,110,14,packages\mochawesome\test\addContext.test.js,1,622
809,Identifier,contextTests,-1,-1,-1,117,4,117,16,packages\mochawesome\test\addContext.test.js,1,623
810,ArrowFunctionExpression,nan,-1,0,0,121,15,127,5,packages\mochawesome\test\addContext.test.js,1,624
811,Identifier,beforeEach,-1,-1,-1,121,4,121,14,packages\mochawesome\test\addContext.test.js,1,625
812,Identifier,contextTests,-1,-1,-1,128,4,128,16,packages\mochawesome\test\addContext.test.js,1,626
813,ArrowFunctionExpression,nan,-1,0,0,132,15,138,5,packages\mochawesome\test\addContext.test.js,1,627
814,Identifier,beforeEach,-1,-1,-1,132,4,132,14,packages\mochawesome\test\addContext.test.js,1,628
815,Identifier,contextTests,-1,-1,-1,139,4,139,16,packages\mochawesome\test\addContext.test.js,1,629
816,ArrowFunctionExpression,nan,-1,0,0,143,15,149,5,packages\mochawesome\test\addContext.test.js,1,630
817,Identifier,beforeEach,-1,-1,-1,143,4,143,14,packages\mochawesome\test\addContext.test.js,1,631
818,Identifier,contextTests,-1,-1,-1,150,4,150,16,packages\mochawesome\test\addContext.test.js,1,632
819,ArrowFunctionExpression,nan,-1,0,0,154,15,161,5,packages\mochawesome\test\addContext.test.js,1,633
820,Identifier,beforeEach,-1,-1,-1,154,4,154,14,packages\mochawesome\test\addContext.test.js,1,634
822,ArrowFunctionExpression,nan,-1,0,0,163,31,166,5,packages\mochawesome\test\addContext.test.js,1,635
823,Identifier,it,-1,-1,-1,163,4,163,6,packages\mochawesome\test\addContext.test.js,1,636
825,ArrowFunctionExpression,nan,-1,0,0,168,28,171,5,packages\mochawesome\test\addContext.test.js,1,637
826,Identifier,it,-1,-1,-1,168,4,168,6,packages\mochawesome\test\addContext.test.js,1,638
828,ArrowFunctionExpression,nan,-1,0,0,173,38,176,5,packages\mochawesome\test\addContext.test.js,1,639
829,Identifier,it,-1,-1,-1,173,4,173,6,packages\mochawesome\test\addContext.test.js,1,640
831,ArrowFunctionExpression,nan,-1,0,0,178,38,181,5,packages\mochawesome\test\addContext.test.js,1,641
832,Identifier,it,-1,-1,-1,178,4,178,6,packages\mochawesome\test\addContext.test.js,1,642
834,ArrowFunctionExpression,nan,-1,0,0,183,41,186,5,packages\mochawesome\test\addContext.test.js,1,643
835,Identifier,it,-1,-1,-1,183,4,183,6,packages\mochawesome\test\addContext.test.js,1,644
837,ArrowFunctionExpression,nan,-1,0,0,188,44,191,5,packages\mochawesome\test\addContext.test.js,1,645
838,Identifier,it,-1,-1,-1,188,4,188,6,packages\mochawesome\test\addContext.test.js,1,646
840,ArrowFunctionExpression,nan,-1,0,0,193,41,196,5,packages\mochawesome\test\addContext.test.js,1,647
841,Identifier,it,-1,-1,-1,193,4,193,6,packages\mochawesome\test\addContext.test.js,1,648
843,BlockStatement,nan,-1,-1,-1,25,32,25,34,packages\mochawesome\test\addContext.test.js,1,649
844,CallExpression,nan,2,-1,-1,48,6,48,41,packages\mochawesome\test\addContext.test.js,1,650
845,CallExpression,nan,1,-1,-1,49,6,52,8,packages\mochawesome\test\addContext.test.js,1,651
846,CallExpression,nan,2,-1,-1,56,6,59,8,packages\mochawesome\test\addContext.test.js,1,652
847,CallExpression,nan,1,-1,-1,60,6,66,8,packages\mochawesome\test\addContext.test.js,1,653
848,CallExpression,nan,2,-1,-1,70,6,73,8,packages\mochawesome\test\addContext.test.js,1,654
849,CallExpression,nan,1,-1,-1,74,6,80,8,packages\mochawesome\test\addContext.test.js,1,655
850,CallExpression,nan,2,-1,-1,84,6,84,43,packages\mochawesome\test\addContext.test.js,1,656
851,CallExpression,nan,2,-1,-1,85,6,85,43,packages\mochawesome\test\addContext.test.js,1,657
852,CallExpression,nan,2,-1,-1,86,6,86,67,packages\mochawesome\test\addContext.test.js,1,658
853,CallExpression,nan,1,-1,-1,87,6,94,8,packages\mochawesome\test\addContext.test.js,1,659
855,BlockStatement,nan,-1,-1,-1,99,21,105,5,packages\mochawesome\test\addContext.test.js,1,660
857,BlockStatement,nan,-1,-1,-1,110,21,116,5,packages\mochawesome\test\addContext.test.js,1,661
859,BlockStatement,nan,-1,-1,-1,121,21,127,5,packages\mochawesome\test\addContext.test.js,1,662
861,BlockStatement,nan,-1,-1,-1,132,21,138,5,packages\mochawesome\test\addContext.test.js,1,663
863,BlockStatement,nan,-1,-1,-1,143,21,149,5,packages\mochawesome\test\addContext.test.js,1,664
865,BlockStatement,nan,-1,-1,-1,154,21,161,5,packages\mochawesome\test\addContext.test.js,1,665
867,BlockStatement,nan,-1,-1,-1,163,37,166,5,packages\mochawesome\test\addContext.test.js,1,666
869,BlockStatement,nan,-1,-1,-1,168,34,171,5,packages\mochawesome\test\addContext.test.js,1,667
871,BlockStatement,nan,-1,-1,-1,173,44,176,5,packages\mochawesome\test\addContext.test.js,1,668
873,BlockStatement,nan,-1,-1,-1,178,44,181,5,packages\mochawesome\test\addContext.test.js,1,669
875,BlockStatement,nan,-1,-1,-1,183,47,186,5,packages\mochawesome\test\addContext.test.js,1,670
877,BlockStatement,nan,-1,-1,-1,188,50,191,5,packages\mochawesome\test\addContext.test.js,1,671
879,BlockStatement,nan,-1,-1,-1,193,47,196,5,packages\mochawesome\test\addContext.test.js,1,672
880,Identifier,testObj,-1,-1,-1,48,17,48,24,packages\mochawesome\test\addContext.test.js,1,673
882,Identifier,addContext,-1,-1,-1,48,6,48,16,packages\mochawesome\test\addContext.test.js,1,674
883,ObjectExpression,nan,-1,-1,-1,49,22,52,7,packages\mochawesome\test\addContext.test.js,1,675
884,MemberExpression,nan,-1,-1,-1,49,6,49,21,packages\mochawesome\test\addContext.test.js,1,676
885,Identifier,testObj,-1,-1,-1,56,17,56,24,packages\mochawesome\test\addContext.test.js,1,677
886,ObjectExpression,nan,-1,-1,-1,56,26,59,7,packages\mochawesome\test\addContext.test.js,1,678
887,Identifier,addContext,-1,-1,-1,56,6,56,16,packages\mochawesome\test\addContext.test.js,1,679
888,ObjectExpression,nan,-1,-1,-1,60,22,66,7,packages\mochawesome\test\addContext.test.js,1,680
889,MemberExpression,nan,-1,-1,-1,60,6,60,21,packages\mochawesome\test\addContext.test.js,1,681
890,Identifier,testObj,-1,-1,-1,70,17,70,24,packages\mochawesome\test\addContext.test.js,1,682
891,ObjectExpression,nan,-1,-1,-1,70,26,73,7,packages\mochawesome\test\addContext.test.js,1,683
892,Identifier,addContext,-1,-1,-1,70,6,70,16,packages\mochawesome\test\addContext.test.js,1,684
893,ObjectExpression,nan,-1,-1,-1,74,22,80,7,packages\mochawesome\test\addContext.test.js,1,685
894,MemberExpression,nan,-1,-1,-1,74,6,74,21,packages\mochawesome\test\addContext.test.js,1,686
895,Identifier,testObj,-1,-1,-1,84,17,84,24,packages\mochawesome\test\addContext.test.js,1,687
897,Identifier,addContext,-1,-1,-1,84,6,84,16,packages\mochawesome\test\addContext.test.js,1,688
898,Identifier,testObj,-1,-1,-1,85,17,85,24,packages\mochawesome\test\addContext.test.js,1,689
900,Identifier,addContext,-1,-1,-1,85,6,85,16,packages\mochawesome\test\addContext.test.js,1,690
901,Identifier,testObj,-1,-1,-1,86,17,86,24,packages\mochawesome\test\addContext.test.js,1,691
902,ObjectExpression,nan,-1,-1,-1,86,26,86,66,packages\mochawesome\test\addContext.test.js,1,692
903,Identifier,addContext,-1,-1,-1,86,6,86,16,packages\mochawesome\test\addContext.test.js,1,693
904,ObjectExpression,nan,-1,-1,-1,87,22,94,7,packages\mochawesome\test\addContext.test.js,1,694
905,MemberExpression,nan,-1,-1,-1,87,6,87,21,packages\mochawesome\test\addContext.test.js,1,695
932,AssignmentExpression,nan,-1,-1,-1,100,6,103,7,packages\mochawesome\test\addContext.test.js,1,696
933,AssignmentExpression,nan,-1,-1,-1,104,6,104,25,packages\mochawesome\test\addContext.test.js,1,697
934,AssignmentExpression,nan,-1,-1,-1,111,6,114,7,packages\mochawesome\test\addContext.test.js,1,698
935,AssignmentExpression,nan,-1,-1,-1,115,6,115,25,packages\mochawesome\test\addContext.test.js,1,699
936,AssignmentExpression,nan,-1,-1,-1,122,6,125,7,packages\mochawesome\test\addContext.test.js,1,700
937,AssignmentExpression,nan,-1,-1,-1,126,6,126,32,packages\mochawesome\test\addContext.test.js,1,701
938,AssignmentExpression,nan,-1,-1,-1,133,6,136,7,packages\mochawesome\test\addContext.test.js,1,702
939,AssignmentExpression,nan,-1,-1,-1,137,6,137,25,packages\mochawesome\test\addContext.test.js,1,703
940,AssignmentExpression,nan,-1,-1,-1,144,6,147,7,packages\mochawesome\test\addContext.test.js,1,704
941,AssignmentExpression,nan,-1,-1,-1,148,6,148,32,packages\mochawesome\test\addContext.test.js,1,705
942,AssignmentExpression,nan,-1,-1,-1,155,6,159,7,packages\mochawesome\test\addContext.test.js,1,706
943,AssignmentExpression,nan,-1,-1,-1,160,6,160,25,packages\mochawesome\test\addContext.test.js,1,707
944,CallExpression,nan,1,-1,-1,164,6,164,20,packages\mochawesome\test\addContext.test.js,1,708
945,CallExpression,nan,1,-1,-1,165,6,165,46,packages\mochawesome\test\addContext.test.js,1,709
946,CallExpression,nan,2,-1,-1,169,6,169,36,packages\mochawesome\test\addContext.test.js,1,710
947,CallExpression,nan,1,-1,-1,170,6,170,46,packages\mochawesome\test\addContext.test.js,1,711
948,CallExpression,nan,2,-1,-1,174,6,174,29,packages\mochawesome\test\addContext.test.js,1,712
949,CallExpression,nan,1,-1,-1,175,6,175,46,packages\mochawesome\test\addContext.test.js,1,713
950,CallExpression,nan,2,-1,-1,179,6,179,29,packages\mochawesome\test\addContext.test.js,1,714
951,CallExpression,nan,1,-1,-1,180,6,180,46,packages\mochawesome\test\addContext.test.js,1,715
952,CallExpression,nan,2,-1,-1,184,6,184,44,packages\mochawesome\test\addContext.test.js,1,716
953,CallExpression,nan,1,-1,-1,185,6,185,46,packages\mochawesome\test\addContext.test.js,1,717
954,CallExpression,nan,2,-1,-1,189,6,189,58,packages\mochawesome\test\addContext.test.js,1,718
955,CallExpression,nan,1,-1,-1,190,6,190,46,packages\mochawesome\test\addContext.test.js,1,719
956,CallExpression,nan,2,-1,-1,194,6,194,53,packages\mochawesome\test\addContext.test.js,1,720
957,CallExpression,nan,1,-1,-1,195,6,195,46,packages\mochawesome\test\addContext.test.js,1,721
958,Identifier,testObj,-1,-1,-1,100,6,100,13,packages\mochawesome\test\addContext.test.js,1,722
959,ObjectExpression,nan,-1,-1,-1,100,16,103,7,packages\mochawesome\test\addContext.test.js,1,723
960,Identifier,test,-1,-1,-1,104,6,104,10,packages\mochawesome\test\addContext.test.js,1,724
961,MemberExpression,nan,-1,-1,-1,104,13,104,25,packages\mochawesome\test\addContext.test.js,1,725
962,Identifier,testObj,-1,-1,-1,111,6,111,13,packages\mochawesome\test\addContext.test.js,1,726
963,ObjectExpression,nan,-1,-1,-1,111,16,114,7,packages\mochawesome\test\addContext.test.js,1,727
964,Identifier,test,-1,-1,-1,115,6,115,10,packages\mochawesome\test\addContext.test.js,1,728
965,MemberExpression,nan,-1,-1,-1,115,13,115,25,packages\mochawesome\test\addContext.test.js,1,729
966,Identifier,testObj,-1,-1,-1,122,6,122,13,packages\mochawesome\test\addContext.test.js,1,730
967,ObjectExpression,nan,-1,-1,-1,122,16,125,7,packages\mochawesome\test\addContext.test.js,1,731
968,Identifier,test,-1,-1,-1,126,6,126,10,packages\mochawesome\test\addContext.test.js,1,732
969,MemberExpression,nan,-1,-1,-1,126,13,126,32,packages\mochawesome\test\addContext.test.js,1,733
970,Identifier,testObj,-1,-1,-1,133,6,133,13,packages\mochawesome\test\addContext.test.js,1,734
971,ObjectExpression,nan,-1,-1,-1,133,16,136,7,packages\mochawesome\test\addContext.test.js,1,735
972,Identifier,test,-1,-1,-1,137,6,137,10,packages\mochawesome\test\addContext.test.js,1,736
973,MemberExpression,nan,-1,-1,-1,137,13,137,25,packages\mochawesome\test\addContext.test.js,1,737
974,Identifier,testObj,-1,-1,-1,144,6,144,13,packages\mochawesome\test\addContext.test.js,1,738
975,ObjectExpression,nan,-1,-1,-1,144,16,147,7,packages\mochawesome\test\addContext.test.js,1,739
976,Identifier,test,-1,-1,-1,148,6,148,10,packages\mochawesome\test\addContext.test.js,1,740
977,MemberExpression,nan,-1,-1,-1,148,13,148,32,packages\mochawesome\test\addContext.test.js,1,741
978,Identifier,testObj,-1,-1,-1,155,6,155,13,packages\mochawesome\test\addContext.test.js,1,742
979,ObjectExpression,nan,-1,-1,-1,155,16,159,7,packages\mochawesome\test\addContext.test.js,1,743
980,Identifier,test,-1,-1,-1,160,6,160,10,packages\mochawesome\test\addContext.test.js,1,744
981,MemberExpression,nan,-1,-1,-1,160,13,160,25,packages\mochawesome\test\addContext.test.js,1,745
983,Identifier,addContext,-1,-1,-1,164,6,164,16,packages\mochawesome\test\addContext.test.js,1,746
985,MemberExpression,nan,-1,-1,-1,165,6,165,35,packages\mochawesome\test\addContext.test.js,1,747
986,ObjectExpression,nan,-1,-1,-1,169,17,169,19,packages\mochawesome\test\addContext.test.js,1,748
988,Identifier,addContext,-1,-1,-1,169,6,169,16,packages\mochawesome\test\addContext.test.js,1,749
990,MemberExpression,nan,-1,-1,-1,170,6,170,35,packages\mochawesome\test\addContext.test.js,1,750
991,Identifier,testObj,-1,-1,-1,174,17,174,24,packages\mochawesome\test\addContext.test.js,1,751
993,Identifier,addContext,-1,-1,-1,174,6,174,16,packages\mochawesome\test\addContext.test.js,1,752
995,MemberExpression,nan,-1,-1,-1,175,6,175,35,packages\mochawesome\test\addContext.test.js,1,753
996,Identifier,testObj,-1,-1,-1,179,17,179,24,packages\mochawesome\test\addContext.test.js,1,754
997,ObjectExpression,nan,-1,-1,-1,179,26,179,28,packages\mochawesome\test\addContext.test.js,1,755
998,Identifier,addContext,-1,-1,-1,179,6,179,16,packages\mochawesome\test\addContext.test.js,1,756
1000,MemberExpression,nan,-1,-1,-1,180,6,180,35,packages\mochawesome\test\addContext.test.js,1,757
1001,Identifier,testObj,-1,-1,-1,184,17,184,24,packages\mochawesome\test\addContext.test.js,1,758
1002,ObjectExpression,nan,-1,-1,-1,184,26,184,43,packages\mochawesome\test\addContext.test.js,1,759
1003,Identifier,addContext,-1,-1,-1,184,6,184,16,packages\mochawesome\test\addContext.test.js,1,760
1005,MemberExpression,nan,-1,-1,-1,185,6,185,35,packages\mochawesome\test\addContext.test.js,1,761
1006,Identifier,testObj,-1,-1,-1,189,17,189,24,packages\mochawesome\test\addContext.test.js,1,762
1007,ObjectExpression,nan,-1,-1,-1,189,26,189,57,packages\mochawesome\test\addContext.test.js,1,763
1008,Identifier,addContext,-1,-1,-1,189,6,189,16,packages\mochawesome\test\addContext.test.js,1,764
1010,MemberExpression,nan,-1,-1,-1,190,6,190,35,packages\mochawesome\test\addContext.test.js,1,765
1011,Identifier,testObj,-1,-1,-1,194,17,194,24,packages\mochawesome\test\addContext.test.js,1,766
1012,ObjectExpression,nan,-1,-1,-1,194,26,194,52,packages\mochawesome\test\addContext.test.js,1,767
1013,Identifier,addContext,-1,-1,-1,194,6,194,16,packages\mochawesome\test\addContext.test.js,1,768
1015,MemberExpression,nan,-1,-1,-1,195,6,195,35,packages\mochawesome\test\addContext.test.js,1,769
1016,Program,nan,-1,-1,-1,1,0,365,3,packages\mochawesome\test\parallel-mode.test.js,1,770
1017,VariableDeclaration,nan,-1,-1,-1,1,0,1,100,packages\mochawesome\test\parallel-mode.test.js,1,771
1018,VariableDeclaration,nan,-1,-1,-1,2,0,2,50,packages\mochawesome\test\parallel-mode.test.js,1,772
1019,VariableDeclaration,nan,-1,-1,-1,3,0,3,43,packages\mochawesome\test\parallel-mode.test.js,1,773
1020,VariableDeclaration,nan,-1,-1,-1,4,0,4,31,packages\mochawesome\test\parallel-mode.test.js,1,774
1021,VariableDeclaration,nan,-1,-1,-1,5,0,5,44,packages\mochawesome\test\parallel-mode.test.js,1,775
1022,VariableDeclaration,nan,-1,-1,-1,6,0,6,29,packages\mochawesome\test\parallel-mode.test.js,1,776
1024,CallExpression,nan,2,-1,-1,8,0,365,2,packages\mochawesome\test\parallel-mode.test.js,1,777
1026,ArrowFunctionExpression,nan,-1,0,0,8,26,365,1,packages\mochawesome\test\parallel-mode.test.js,1,778
1027,Identifier,describe,-1,-1,-1,8,0,8,8,packages\mochawesome\test\parallel-mode.test.js,1,779
1029,BlockStatement,nan,-1,-1,-1,8,32,365,1,packages\mochawesome\test\parallel-mode.test.js,1,780
1030,VariableDeclaration,nan,-1,-1,-1,9,2,9,24,packages\mochawesome\test\parallel-mode.test.js,1,781
1033,CallExpression,nan,2,-1,-1,11,2,275,4,packages\mochawesome\test\parallel-mode.test.js,1,782
1034,CallExpression,nan,2,-1,-1,277,2,364,4,packages\mochawesome\test\parallel-mode.test.js,1,783
1036,ArrowFunctionExpression,nan,-1,0,0,11,29,275,3,packages\mochawesome\test\parallel-mode.test.js,1,784
1037,Identifier,describe,-1,-1,-1,11,2,11,10,packages\mochawesome\test\parallel-mode.test.js,1,785
1039,ArrowFunctionExpression,nan,-1,0,0,277,35,364,3,packages\mochawesome\test\parallel-mode.test.js,1,786
1040,Identifier,describe,-1,-1,-1,277,2,277,10,packages\mochawesome\test\parallel-mode.test.js,1,787
1042,BlockStatement,nan,-1,-1,-1,11,35,275,3,packages\mochawesome\test\parallel-mode.test.js,1,788
1044,BlockStatement,nan,-1,-1,-1,277,41,364,3,packages\mochawesome\test\parallel-mode.test.js,1,789
1050,VariableDeclaration,nan,-1,-1,-1,278,4,278,37,packages\mochawesome\test\parallel-mode.test.js,1,790
1051,ClassDeclaration,nan,-1,-1,-1,280,4,301,5,packages\mochawesome\test\parallel-mode.test.js,1,791
1054,CallExpression,nan,2,-1,-1,12,4,68,6,packages\mochawesome\test\parallel-mode.test.js,1,792
1055,CallExpression,nan,2,-1,-1,70,4,111,6,packages\mochawesome\test\parallel-mode.test.js,1,793
1056,CallExpression,nan,2,-1,-1,113,4,172,6,packages\mochawesome\test\parallel-mode.test.js,1,794
1057,CallExpression,nan,2,-1,-1,174,4,240,6,packages\mochawesome\test\parallel-mode.test.js,1,795
1058,CallExpression,nan,2,-1,-1,242,4,274,6,packages\mochawesome\test\parallel-mode.test.js,1,796
1059,Identifier,ParallelBufferedRunner,-1,-1,-1,280,10,280,32,packages\mochawesome\test\parallel-mode.test.js,1,797
1060,ClassBody,nan,-1,-1,-1,280,54,301,5,packages\mochawesome\test\parallel-mode.test.js,1,798
1061,CallExpression,nan,1,-1,-1,303,4,313,6,packages\mochawesome\test\parallel-mode.test.js,1,799
1062,CallExpression,nan,2,-1,-1,315,4,363,6,packages\mochawesome\test\parallel-mode.test.js,1,800
1064,ArrowFunctionExpression,nan,-1,0,0,12,40,68,5,packages\mochawesome\test\parallel-mode.test.js,1,801
1065,Identifier,describe,-1,-1,-1,12,4,12,12,packages\mochawesome\test\parallel-mode.test.js,1,802
1067,ArrowFunctionExpression,nan,-1,0,0,70,33,111,5,packages\mochawesome\test\parallel-mode.test.js,1,803
1068,Identifier,describe,-1,-1,-1,70,4,70,12,packages\mochawesome\test\parallel-mode.test.js,1,804
1070,ArrowFunctionExpression,nan,-1,0,0,113,32,172,5,packages\mochawesome\test\parallel-mode.test.js,1,805
1071,Identifier,describe,-1,-1,-1,113,4,113,12,packages\mochawesome\test\parallel-mode.test.js,1,806
1073,ArrowFunctionExpression,nan,-1,0,0,174,32,240,5,packages\mochawesome\test\parallel-mode.test.js,1,807
1074,Identifier,describe,-1,-1,-1,174,4,174,12,packages\mochawesome\test\parallel-mode.test.js,1,808
1076,ArrowFunctionExpression,nan,-1,0,0,242,33,274,5,packages\mochawesome\test\parallel-mode.test.js,1,809
1077,Identifier,describe,-1,-1,-1,242,4,242,12,packages\mochawesome\test\parallel-mode.test.js,1,810
1078,MethodDefinition,nan,-1,-1,-1,281,6,284,7,packages\mochawesome\test\parallel-mode.test.js,1,811
1079,MethodDefinition,nan,-1,-1,-1,286,6,288,7,packages\mochawesome\test\parallel-mode.test.js,1,812
1080,MethodDefinition,nan,-1,-1,-1,290,6,292,7,packages\mochawesome\test\parallel-mode.test.js,1,813
1081,MethodDefinition,nan,-1,-1,-1,294,6,300,7,packages\mochawesome\test\parallel-mode.test.js,1,814
1082,ArrowFunctionExpression,nan,-1,0,0,303,15,313,5,packages\mochawesome\test\parallel-mode.test.js,1,815
1083,Identifier,beforeEach,-1,-1,-1,303,4,303,14,packages\mochawesome\test\parallel-mode.test.js,1,816
1085,ArrowFunctionExpression,nan,-1,0,0,315,65,363,5,packages\mochawesome\test\parallel-mode.test.js,1,817
1086,Identifier,it,-1,-1,-1,315,4,315,6,packages\mochawesome\test\parallel-mode.test.js,1,818
1088,BlockStatement,nan,-1,-1,-1,12,46,68,5,packages\mochawesome\test\parallel-mode.test.js,1,819
1090,BlockStatement,nan,-1,-1,-1,70,39,111,5,packages\mochawesome\test\parallel-mode.test.js,1,820
1092,BlockStatement,nan,-1,-1,-1,113,38,172,5,packages\mochawesome\test\parallel-mode.test.js,1,821
1094,BlockStatement,nan,-1,-1,-1,174,38,240,5,packages\mochawesome\test\parallel-mode.test.js,1,822
1096,BlockStatement,nan,-1,-1,-1,242,39,274,5,packages\mochawesome\test\parallel-mode.test.js,1,823
1098,BlockStatement,nan,-1,-1,-1,303,21,313,5,packages\mochawesome\test\parallel-mode.test.js,1,824
1100,BlockStatement,nan,-1,-1,-1,315,77,363,5,packages\mochawesome\test\parallel-mode.test.js,1,825
1101,VariableDeclaration,nan,-1,-1,-1,13,6,21,8,packages\mochawesome\test\parallel-mode.test.js,1,826
1117,VariableDeclaration,nan,-1,-1,-1,317,6,317,48,packages\mochawesome\test\parallel-mode.test.js,1,827
1118,VariableDeclaration,nan,-1,-1,-1,319,6,319,50,packages\mochawesome\test\parallel-mode.test.js,1,828
1127,VariableDeclaration,nan,-1,-1,-1,329,6,329,50,packages\mochawesome\test\parallel-mode.test.js,1,829
1140,VariableDeclaration,nan,-1,-1,-1,347,6,359,9,packages\mochawesome\test\parallel-mode.test.js,1,830
1142,CallExpression,nan,2,-1,-1,23,6,44,8,packages\mochawesome\test\parallel-mode.test.js,1,831
1143,CallExpression,nan,2,-1,-1,46,6,67,8,packages\mochawesome\test\parallel-mode.test.js,1,832
1144,CallExpression,nan,1,-1,-1,71,6,110,8,packages\mochawesome\test\parallel-mode.test.js,1,833
1145,CallExpression,nan,1,-1,-1,114,6,133,8,packages\mochawesome\test\parallel-mode.test.js,1,834
1146,CallExpression,nan,2,-1,-1,135,6,147,8,packages\mochawesome\test\parallel-mode.test.js,1,835
1147,CallExpression,nan,2,-1,-1,149,6,171,8,packages\mochawesome\test\parallel-mode.test.js,1,836
1148,CallExpression,nan,1,-1,-1,175,6,194,8,packages\mochawesome\test\parallel-mode.test.js,1,837
1149,CallExpression,nan,2,-1,-1,196,6,218,8,packages\mochawesome\test\parallel-mode.test.js,1,838
1150,CallExpression,nan,2,-1,-1,220,6,239,8,packages\mochawesome\test\parallel-mode.test.js,1,839
1151,CallExpression,nan,2,-1,-1,243,6,260,8,packages\mochawesome\test\parallel-mode.test.js,1,840
1152,CallExpression,nan,2,-1,-1,262,6,273,8,packages\mochawesome\test\parallel-mode.test.js,1,841
1153,AssignmentExpression,nan,-1,-1,-1,304,6,304,27,packages\mochawesome\test\parallel-mode.test.js,1,842
1154,AssignmentExpression,nan,-1,-1,-1,305,6,305,23,packages\mochawesome\test\parallel-mode.test.js,1,843
1155,AssignmentExpression,nan,-1,-1,-1,306,6,306,48,packages\mochawesome\test\parallel-mode.test.js,1,844
1156,AssignmentExpression,nan,-1,-1,-1,307,6,312,8,packages\mochawesome\test\parallel-mode.test.js,1,845
1157,CallExpression,nan,2,-1,-1,320,6,320,48,packages\mochawesome\test\parallel-mode.test.js,1,846
1158,CallExpression,nan,2,-1,-1,321,6,321,49,packages\mochawesome\test\parallel-mode.test.js,1,847
1159,CallExpression,nan,1,-1,-1,322,6,322,52,packages\mochawesome\test\parallel-mode.test.js,1,848
1160,CallExpression,nan,1,-1,-1,323,6,323,52,packages\mochawesome\test\parallel-mode.test.js,1,849
1161,CallExpression,nan,1,-1,-1,324,6,324,55,packages\mochawesome\test\parallel-mode.test.js,1,850
1162,CallExpression,nan,2,-1,-1,325,6,325,48,packages\mochawesome\test\parallel-mode.test.js,1,851
1163,CallExpression,nan,2,-1,-1,326,6,326,47,packages\mochawesome\test\parallel-mode.test.js,1,852
1164,CallExpression,nan,1,-1,-1,327,6,327,35,packages\mochawesome\test\parallel-mode.test.js,1,853
1165,CallExpression,nan,2,-1,-1,330,6,330,48,packages\mochawesome\test\parallel-mode.test.js,1,854
1166,CallExpression,nan,2,-1,-1,331,6,331,49,packages\mochawesome\test\parallel-mode.test.js,1,855
1167,CallExpression,nan,1,-1,-1,332,6,332,52,packages\mochawesome\test\parallel-mode.test.js,1,856
1168,CallExpression,nan,1,-1,-1,333,6,333,52,packages\mochawesome\test\parallel-mode.test.js,1,857
1169,CallExpression,nan,1,-1,-1,334,6,334,55,packages\mochawesome\test\parallel-mode.test.js,1,858
1170,CallExpression,nan,2,-1,-1,335,6,335,48,packages\mochawesome\test\parallel-mode.test.js,1,859
1171,CallExpression,nan,2,-1,-1,336,6,336,47,packages\mochawesome\test\parallel-mode.test.js,1,860
1172,CallExpression,nan,1,-1,-1,337,6,337,35,packages\mochawesome\test\parallel-mode.test.js,1,861
1173,CallExpression,nan,1,-1,-1,340,6,340,44,packages\mochawesome\test\parallel-mode.test.js,1,862
1174,CallExpression,nan,2,-1,-1,341,6,341,55,packages\mochawesome\test\parallel-mode.test.js,1,863
1175,CallExpression,nan,1,-1,-1,342,6,342,42,packages\mochawesome\test\parallel-mode.test.js,1,864
1176,CallExpression,nan,0,-1,-1,345,6,345,41,packages\mochawesome\test\parallel-mode.test.js,1,865
1177,CallExpression,nan,1,-1,-1,360,6,362,8,packages\mochawesome\test\parallel-mode.test.js,1,866
1178,TemplateLiteral,nan,-1,-1,-1,23,9,23,70,packages\mochawesome\test\parallel-mode.test.js,1,867
1179,ArrowFunctionExpression,nan,-1,0,0,23,72,44,7,packages\mochawesome\test\parallel-mode.test.js,1,868
1180,Identifier,it,-1,-1,-1,23,6,23,8,packages\mochawesome\test\parallel-mode.test.js,1,869
1181,TemplateLiteral,nan,-1,-1,-1,46,9,46,49,packages\mochawesome\test\parallel-mode.test.js,1,870
1182,ArrowFunctionExpression,nan,-1,0,0,46,51,67,7,packages\mochawesome\test\parallel-mode.test.js,1,871
1183,Identifier,it,-1,-1,-1,46,6,46,8,packages\mochawesome\test\parallel-mode.test.js,1,872
1184,ArrowFunctionExpression,nan,-1,1,0,71,30,110,7,packages\mochawesome\test\parallel-mode.test.js,1,873
1185,MemberExpression,nan,-1,-1,-1,71,6,71,29,packages\mochawesome\test\parallel-mode.test.js,1,874
1186,ArrowFunctionExpression,nan,-1,1,0,118,16,133,7,packages\mochawesome\test\parallel-mode.test.js,1,875
1187,MemberExpression,nan,-1,-1,-1,114,6,118,15,packages\mochawesome\test\parallel-mode.test.js,1,876
1188,TemplateLiteral,nan,-1,-1,-1,135,9,135,49,packages\mochawesome\test\parallel-mode.test.js,1,877
1189,ArrowFunctionExpression,nan,-1,0,0,135,51,147,7,packages\mochawesome\test\parallel-mode.test.js,1,878
1190,Identifier,it,-1,-1,-1,135,6,135,8,packages\mochawesome\test\parallel-mode.test.js,1,879
1191,TemplateLiteral,nan,-1,-1,-1,149,9,149,42,packages\mochawesome\test\parallel-mode.test.js,1,880
1192,ArrowFunctionExpression,nan,-1,0,0,149,44,171,7,packages\mochawesome\test\parallel-mode.test.js,1,881
1193,Identifier,it,-1,-1,-1,149,6,149,8,packages\mochawesome\test\parallel-mode.test.js,1,882
1194,ArrowFunctionExpression,nan,-1,1,0,178,16,194,7,packages\mochawesome\test\parallel-mode.test.js,1,883
1195,MemberExpression,nan,-1,-1,-1,175,6,178,15,packages\mochawesome\test\parallel-mode.test.js,1,884
1196,TemplateLiteral,nan,-1,-1,-1,196,9,196,42,packages\mochawesome\test\parallel-mode.test.js,1,885
1197,ArrowFunctionExpression,nan,-1,0,0,196,44,218,7,packages\mochawesome\test\parallel-mode.test.js,1,886
1198,Identifier,it,-1,-1,-1,196,6,196,8,packages\mochawesome\test\parallel-mode.test.js,1,887
1199,TemplateLiteral,nan,-1,-1,-1,220,9,220,78,packages\mochawesome\test\parallel-mode.test.js,1,888
1200,ArrowFunctionExpression,nan,-1,0,0,220,80,239,7,packages\mochawesome\test\parallel-mode.test.js,1,889
1201,Identifier,it,-1,-1,-1,220,6,220,8,packages\mochawesome\test\parallel-mode.test.js,1,890
1202,TemplateLiteral,nan,-1,-1,-1,243,9,243,49,packages\mochawesome\test\parallel-mode.test.js,1,891
1203,ArrowFunctionExpression,nan,-1,0,0,243,51,260,7,packages\mochawesome\test\parallel-mode.test.js,1,892
1204,Identifier,it,-1,-1,-1,243,6,243,8,packages\mochawesome\test\parallel-mode.test.js,1,893
1205,TemplateLiteral,nan,-1,-1,-1,262,9,262,74,packages\mochawesome\test\parallel-mode.test.js,1,894
1206,ArrowFunctionExpression,nan,-1,0,0,262,76,273,7,packages\mochawesome\test\parallel-mode.test.js,1,895
1207,Identifier,it,-1,-1,-1,262,6,262,8,packages\mochawesome\test\parallel-mode.test.js,1,896
1208,Identifier,suite,-1,-1,-1,304,6,304,11,packages\mochawesome\test\parallel-mode.test.js,1,897
1209,NewExpression,nan,1,-1,-1,304,14,304,27,packages\mochawesome\test\parallel-mode.test.js,1,898
1210,MemberExpression,nan,-1,-1,-1,305,6,305,16,packages\mochawesome\test\parallel-mode.test.js,1,899
1212,Identifier,runner,-1,-1,-1,306,6,306,12,packages\mochawesome\test\parallel-mode.test.js,1,900
1213,NewExpression,nan,1,-1,-1,306,15,306,48,packages\mochawesome\test\parallel-mode.test.js,1,901
1214,Identifier,mochaReporter,-1,-1,-1,307,6,307,19,packages\mochawesome\test\parallel-mode.test.js,1,902
1215,NewExpression,nan,2,-1,-1,307,22,312,8,packages\mochawesome\test\parallel-mode.test.js,1,903
1216,MemberExpression,nan,-1,-1,-1,320,26,320,41,packages\mochawesome\test\parallel-mode.test.js,1,904
1217,Identifier,noop,-1,-1,-1,320,43,320,47,packages\mochawesome\test\parallel-mode.test.js,1,905
1218,MemberExpression,nan,-1,-1,-1,320,6,320,25,packages\mochawesome\test\parallel-mode.test.js,1,906
1219,MemberExpression,nan,-1,-1,-1,321,27,321,42,packages\mochawesome\test\parallel-mode.test.js,1,907
1220,Identifier,noop,-1,-1,-1,321,44,321,48,packages\mochawesome\test\parallel-mode.test.js,1,908
1221,MemberExpression,nan,-1,-1,-1,321,6,321,26,packages\mochawesome\test\parallel-mode.test.js,1,909
1222,NewExpression,nan,2,-1,-1,322,24,322,51,packages\mochawesome\test\parallel-mode.test.js,1,910
1223,MemberExpression,nan,-1,-1,-1,322,6,322,23,packages\mochawesome\test\parallel-mode.test.js,1,911
1224,NewExpression,nan,2,-1,-1,323,24,323,51,packages\mochawesome\test\parallel-mode.test.js,1,912
1225,MemberExpression,nan,-1,-1,-1,323,6,323,23,packages\mochawesome\test\parallel-mode.test.js,1,913
1226,NewExpression,nan,2,-1,-1,324,24,324,54,packages\mochawesome\test\parallel-mode.test.js,1,914
1227,MemberExpression,nan,-1,-1,-1,324,6,324,23,packages\mochawesome\test\parallel-mode.test.js,1,915
1228,MemberExpression,nan,-1,-1,-1,325,26,325,41,packages\mochawesome\test\parallel-mode.test.js,1,916
1229,Identifier,noop,-1,-1,-1,325,43,325,47,packages\mochawesome\test\parallel-mode.test.js,1,917
1230,MemberExpression,nan,-1,-1,-1,325,6,325,25,packages\mochawesome\test\parallel-mode.test.js,1,918
1231,MemberExpression,nan,-1,-1,-1,326,25,326,40,packages\mochawesome\test\parallel-mode.test.js,1,919
1232,Identifier,noop,-1,-1,-1,326,42,326,46,packages\mochawesome\test\parallel-mode.test.js,1,920
1233,MemberExpression,nan,-1,-1,-1,326,6,326,24,packages\mochawesome\test\parallel-mode.test.js,1,921
1234,Identifier,sub1Suite,-1,-1,-1,327,25,327,34,packages\mochawesome\test\parallel-mode.test.js,1,922
1235,MemberExpression,nan,-1,-1,-1,327,6,327,24,packages\mochawesome\test\parallel-mode.test.js,1,923
1236,MemberExpression,nan,-1,-1,-1,330,26,330,41,packages\mochawesome\test\parallel-mode.test.js,1,924
1237,Identifier,noop,-1,-1,-1,330,43,330,47,packages\mochawesome\test\parallel-mode.test.js,1,925
1238,MemberExpression,nan,-1,-1,-1,330,6,330,25,packages\mochawesome\test\parallel-mode.test.js,1,926
1239,MemberExpression,nan,-1,-1,-1,331,27,331,42,packages\mochawesome\test\parallel-mode.test.js,1,927
1240,Identifier,noop,-1,-1,-1,331,44,331,48,packages\mochawesome\test\parallel-mode.test.js,1,928
1241,MemberExpression,nan,-1,-1,-1,331,6,331,26,packages\mochawesome\test\parallel-mode.test.js,1,929
1242,NewExpression,nan,2,-1,-1,332,24,332,51,packages\mochawesome\test\parallel-mode.test.js,1,930
1243,MemberExpression,nan,-1,-1,-1,332,6,332,23,packages\mochawesome\test\parallel-mode.test.js,1,931
1244,NewExpression,nan,2,-1,-1,333,24,333,51,packages\mochawesome\test\parallel-mode.test.js,1,932
1245,MemberExpression,nan,-1,-1,-1,333,6,333,23,packages\mochawesome\test\parallel-mode.test.js,1,933
1246,NewExpression,nan,2,-1,-1,334,24,334,54,packages\mochawesome\test\parallel-mode.test.js,1,934
1247,MemberExpression,nan,-1,-1,-1,334,6,334,23,packages\mochawesome\test\parallel-mode.test.js,1,935
1248,MemberExpression,nan,-1,-1,-1,335,26,335,41,packages\mochawesome\test\parallel-mode.test.js,1,936
1249,Identifier,noop,-1,-1,-1,335,43,335,47,packages\mochawesome\test\parallel-mode.test.js,1,937
1250,MemberExpression,nan,-1,-1,-1,335,6,335,25,packages\mochawesome\test\parallel-mode.test.js,1,938
1251,MemberExpression,nan,-1,-1,-1,336,25,336,40,packages\mochawesome\test\parallel-mode.test.js,1,939
1252,Identifier,noop,-1,-1,-1,336,42,336,46,packages\mochawesome\test\parallel-mode.test.js,1,940
1253,MemberExpression,nan,-1,-1,-1,336,6,336,24,packages\mochawesome\test\parallel-mode.test.js,1,941
1254,Identifier,sub2Suite,-1,-1,-1,337,25,337,34,packages\mochawesome\test\parallel-mode.test.js,1,942
1255,MemberExpression,nan,-1,-1,-1,337,6,337,24,packages\mochawesome\test\parallel-mode.test.js,1,943
1256,MemberExpression,nan,-1,-1,-1,340,18,340,43,packages\mochawesome\test\parallel-mode.test.js,1,944
1257,MemberExpression,nan,-1,-1,-1,340,6,340,17,packages\mochawesome\test\parallel-mode.test.js,1,945
1258,MemberExpression,nan,-1,-1,-1,341,18,341,43,packages\mochawesome\test\parallel-mode.test.js,1,946
1259,Identifier,rootSuite,-1,-1,-1,341,45,341,54,packages\mochawesome\test\parallel-mode.test.js,1,947
1260,MemberExpression,nan,-1,-1,-1,341,6,341,17,packages\mochawesome\test\parallel-mode.test.js,1,948
1261,MemberExpression,nan,-1,-1,-1,342,18,342,41,packages\mochawesome\test\parallel-mode.test.js,1,949
1262,MemberExpression,nan,-1,-1,-1,342,6,342,17,packages\mochawesome\test\parallel-mode.test.js,1,950
1263,MemberExpression,nan,-1,-1,-1,345,6,345,39,packages\mochawesome\test\parallel-mode.test.js,1,951
1264,ArrayExpression,nan,-1,-1,-1,360,54,362,7,packages\mochawesome\test\parallel-mode.test.js,1,952
1265,MemberExpression,nan,-1,-1,-1,360,6,360,53,packages\mochawesome\test\parallel-mode.test.js,1,953
1267,BlockStatement,nan,-1,-1,-1,23,78,44,7,packages\mochawesome\test\parallel-mode.test.js,1,954
1269,BlockStatement,nan,-1,-1,-1,46,57,67,7,packages\mochawesome\test\parallel-mode.test.js,1,955
1270,Identifier,isRoot,-1,-1,-1,71,30,71,36,packages\mochawesome\test\parallel-mode.test.js,1,956
1272,BlockStatement,nan,-1,-1,-1,71,40,110,7,packages\mochawesome\test\parallel-mode.test.js,1,957
1273,ArrayPattern,nan,-1,-1,-1,118,17,118,34,packages\mochawesome\test\parallel-mode.test.js,1,958
1275,BlockStatement,nan,-1,-1,-1,118,39,133,7,packages\mochawesome\test\parallel-mode.test.js,1,959
1277,BlockStatement,nan,-1,-1,-1,135,57,147,7,packages\mochawesome\test\parallel-mode.test.js,1,960
1279,BlockStatement,nan,-1,-1,-1,149,50,171,7,packages\mochawesome\test\parallel-mode.test.js,1,961
1280,ArrayPattern,nan,-1,-1,-1,178,17,178,34,packages\mochawesome\test\parallel-mode.test.js,1,962
1282,BlockStatement,nan,-1,-1,-1,178,39,194,7,packages\mochawesome\test\parallel-mode.test.js,1,963
1284,BlockStatement,nan,-1,-1,-1,196,50,218,7,packages\mochawesome\test\parallel-mode.test.js,1,964
1286,BlockStatement,nan,-1,-1,-1,220,86,239,7,packages\mochawesome\test\parallel-mode.test.js,1,965
1288,BlockStatement,nan,-1,-1,-1,243,57,260,7,packages\mochawesome\test\parallel-mode.test.js,1,966
1290,BlockStatement,nan,-1,-1,-1,262,82,273,7,packages\mochawesome\test\parallel-mode.test.js,1,967
1292,Identifier,Suite,-1,-1,-1,304,18,304,23,packages\mochawesome\test\parallel-mode.test.js,1,968
1293,Identifier,suite,-1,-1,-1,306,42,306,47,packages\mochawesome\test\parallel-mode.test.js,1,969
1294,Identifier,ParallelBufferedRunner,-1,-1,-1,306,19,306,41,packages\mochawesome\test\parallel-mode.test.js,1,970
1295,Identifier,runner,-1,-1,-1,307,38,307,44,packages\mochawesome\test\parallel-mode.test.js,1,971
1296,ObjectExpression,nan,-1,-1,-1,307,46,312,7,packages\mochawesome\test\parallel-mode.test.js,1,972
1297,Identifier,Mochawesome,-1,-1,-1,307,26,307,37,packages\mochawesome\test\parallel-mode.test.js,1,973
1299,Identifier,noop,-1,-1,-1,322,46,322,50,packages\mochawesome\test\parallel-mode.test.js,1,974
1300,Identifier,Test,-1,-1,-1,322,28,322,32,packages\mochawesome\test\parallel-mode.test.js,1,975
1302,Identifier,noop,-1,-1,-1,323,46,323,50,packages\mochawesome\test\parallel-mode.test.js,1,976
1303,Identifier,Test,-1,-1,-1,323,28,323,32,packages\mochawesome\test\parallel-mode.test.js,1,977
1305,Identifier,noop,-1,-1,-1,324,49,324,53,packages\mochawesome\test\parallel-mode.test.js,1,978
1306,Identifier,Test,-1,-1,-1,324,28,324,32,packages\mochawesome\test\parallel-mode.test.js,1,979
1308,Identifier,noop,-1,-1,-1,332,46,332,50,packages\mochawesome\test\parallel-mode.test.js,1,980
1309,Identifier,Test,-1,-1,-1,332,28,332,32,packages\mochawesome\test\parallel-mode.test.js,1,981
1311,Identifier,noop,-1,-1,-1,333,46,333,50,packages\mochawesome\test\parallel-mode.test.js,1,982
1312,Identifier,Test,-1,-1,-1,333,28,333,32,packages\mochawesome\test\parallel-mode.test.js,1,983
1314,Identifier,noop,-1,-1,-1,334,49,334,53,packages\mochawesome\test\parallel-mode.test.js,1,984
1315,Identifier,Test,-1,-1,-1,334,28,334,32,packages\mochawesome\test\parallel-mode.test.js,1,985
1316,VariableDeclaration,nan,-1,-1,-1,25,8,25,87,packages\mochawesome\test\parallel-mode.test.js,1,986
1317,VariableDeclaration,nan,-1,-1,-1,26,8,26,57,packages\mochawesome\test\parallel-mode.test.js,1,987
1319,VariableDeclaration,nan,-1,-1,-1,30,8,30,41,packages\mochawesome\test\parallel-mode.test.js,1,988
1321,VariableDeclaration,nan,-1,-1,-1,34,8,42,11,packages\mochawesome\test\parallel-mode.test.js,1,989
1323,VariableDeclaration,nan,-1,-1,-1,48,8,48,82,packages\mochawesome\test\parallel-mode.test.js,1,990
1324,VariableDeclaration,nan,-1,-1,-1,49,8,49,58,packages\mochawesome\test\parallel-mode.test.js,1,991
1326,VariableDeclaration,nan,-1,-1,-1,53,8,53,41,packages\mochawesome\test\parallel-mode.test.js,1,992
1331,VariableDeclaration,nan,-1,-1,-1,137,8,137,73,packages\mochawesome\test\parallel-mode.test.js,1,993
1332,VariableDeclaration,nan,-1,-1,-1,138,8,138,52,packages\mochawesome\test\parallel-mode.test.js,1,994
1334,VariableDeclaration,nan,-1,-1,-1,142,8,142,58,packages\mochawesome\test\parallel-mode.test.js,1,995
1337,VariableDeclaration,nan,-1,-1,-1,151,8,155,10,packages\mochawesome\test\parallel-mode.test.js,1,996
1338,VariableDeclaration,nan,-1,-1,-1,156,8,156,52,packages\mochawesome\test\parallel-mode.test.js,1,997
1341,VariableDeclaration,nan,-1,-1,-1,161,8,161,50,packages\mochawesome\test\parallel-mode.test.js,1,998
1345,VariableDeclaration,nan,-1,-1,-1,198,8,202,10,packages\mochawesome\test\parallel-mode.test.js,1,999
1346,VariableDeclaration,nan,-1,-1,-1,203,8,203,52,packages\mochawesome\test\parallel-mode.test.js,1,1000
1349,VariableDeclaration,nan,-1,-1,-1,208,8,208,50,packages\mochawesome\test\parallel-mode.test.js,1,1001
1352,VariableDeclaration,nan,-1,-1,-1,222,8,227,10,packages\mochawesome\test\parallel-mode.test.js,1,1002
1353,VariableDeclaration,nan,-1,-1,-1,228,8,228,52,packages\mochawesome\test\parallel-mode.test.js,1,1003
1356,VariableDeclaration,nan,-1,-1,-1,233,8,233,43,packages\mochawesome\test\parallel-mode.test.js,1,1004
1358,VariableDeclaration,nan,-1,-1,-1,245,8,247,10,packages\mochawesome\test\parallel-mode.test.js,1,1005
1359,VariableDeclaration,nan,-1,-1,-1,250,8,250,51,packages\mochawesome\test\parallel-mode.test.js,1,1006
1362,VariableDeclaration,nan,-1,-1,-1,264,8,266,10,packages\mochawesome\test\parallel-mode.test.js,1,1007
1363,VariableDeclaration,nan,-1,-1,-1,269,8,269,51,packages\mochawesome\test\parallel-mode.test.js,1,1008
1365,CallExpression,nan,1,-1,-1,27,8,27,62,packages\mochawesome\test\parallel-mode.test.js,1,1009
1366,CallExpression,nan,0,-1,-1,33,8,33,29,packages\mochawesome\test\parallel-mode.test.js,1,1010
1367,CallExpression,nan,1,-1,-1,43,8,43,51,packages\mochawesome\test\parallel-mode.test.js,1,1011
1368,CallExpression,nan,1,-1,-1,50,8,50,62,packages\mochawesome\test\parallel-mode.test.js,1,1012
1369,CallExpression,nan,0,-1,-1,56,8,56,29,packages\mochawesome\test\parallel-mode.test.js,1,1013
1370,CallExpression,nan,1,-1,-1,57,8,66,10,packages\mochawesome\test\parallel-mode.test.js,1,1014
1371,CallExpression,nan,1,-1,-1,72,8,109,10,packages\mochawesome\test\parallel-mode.test.js,1,1015
1372,CallExpression,nan,2,-1,-1,119,8,132,10,packages\mochawesome\test\parallel-mode.test.js,1,1016
1373,AssignmentExpression,nan,-1,-1,-1,139,8,139,48,packages\mochawesome\test\parallel-mode.test.js,1,1017
1374,CallExpression,nan,1,-1,-1,145,8,145,45,packages\mochawesome\test\parallel-mode.test.js,1,1018
1375,CallExpression,nan,1,-1,-1,146,8,146,74,packages\mochawesome\test\parallel-mode.test.js,1,1019
1376,AssignmentExpression,nan,-1,-1,-1,157,8,157,48,packages\mochawesome\test\parallel-mode.test.js,1,1020
1377,AssignmentExpression,nan,-1,-1,-1,158,8,158,30,packages\mochawesome\test\parallel-mode.test.js,1,1021
1378,CallExpression,nan,1,-1,-1,164,8,164,44,packages\mochawesome\test\parallel-mode.test.js,1,1022
1379,CallExpression,nan,1,-1,-1,165,8,170,10,packages\mochawesome\test\parallel-mode.test.js,1,1023
1380,CallExpression,nan,2,-1,-1,179,8,193,10,packages\mochawesome\test\parallel-mode.test.js,1,1024
1381,AssignmentExpression,nan,-1,-1,-1,204,8,204,48,packages\mochawesome\test\parallel-mode.test.js,1,1025
1382,AssignmentExpression,nan,-1,-1,-1,205,8,205,30,packages\mochawesome\test\parallel-mode.test.js,1,1026
1383,CallExpression,nan,1,-1,-1,211,8,211,44,packages\mochawesome\test\parallel-mode.test.js,1,1027
1384,CallExpression,nan,1,-1,-1,212,8,217,10,packages\mochawesome\test\parallel-mode.test.js,1,1028
1385,AssignmentExpression,nan,-1,-1,-1,229,8,229,48,packages\mochawesome\test\parallel-mode.test.js,1,1029
1386,CallExpression,nan,1,-1,-1,230,8,230,59,packages\mochawesome\test\parallel-mode.test.js,1,1030
1387,CallExpression,nan,1,-1,-1,236,8,238,10,packages\mochawesome\test\parallel-mode.test.js,1,1031
1388,CallExpression,nan,1,-1,-1,253,8,253,44,packages\mochawesome\test\parallel-mode.test.js,1,1032
1389,CallExpression,nan,1,-1,-1,254,8,259,10,packages\mochawesome\test\parallel-mode.test.js,1,1033
1390,CallExpression,nan,1,-1,-1,272,8,272,40,packages\mochawesome\test\parallel-mode.test.js,1,1034
1391,CallExpression,nan,2,-1,-1,27,23,27,61,packages\mochawesome\test\parallel-mode.test.js,1,1035
1392,MemberExpression,nan,-1,-1,-1,27,8,27,22,packages\mochawesome\test\parallel-mode.test.js,1,1036
1393,MemberExpression,nan,-1,-1,-1,33,8,33,27,packages\mochawesome\test\parallel-mode.test.js,1,1037
1394,CallExpression,nan,1,-1,-1,43,34,43,50,packages\mochawesome\test\parallel-mode.test.js,1,1038
1395,MemberExpression,nan,-1,-1,-1,43,8,43,33,packages\mochawesome\test\parallel-mode.test.js,1,1039
1396,CallExpression,nan,2,-1,-1,50,23,50,61,packages\mochawesome\test\parallel-mode.test.js,1,1040
1397,MemberExpression,nan,-1,-1,-1,50,8,50,22,packages\mochawesome\test\parallel-mode.test.js,1,1041
1398,MemberExpression,nan,-1,-1,-1,56,8,56,27,packages\mochawesome\test\parallel-mode.test.js,1,1042
1399,ObjectExpression,nan,-1,-1,-1,57,34,66,9,packages\mochawesome\test\parallel-mode.test.js,1,1043
1400,MemberExpression,nan,-1,-1,-1,57,8,57,33,packages\mochawesome\test\parallel-mode.test.js,1,1044
1401,ArrowFunctionExpression,nan,-1,1,1,80,18,109,9,packages\mochawesome\test\parallel-mode.test.js,1,1045
1402,MemberExpression,nan,-1,-1,-1,72,8,80,17,packages\mochawesome\test\parallel-mode.test.js,1,1046
1403,TemplateLiteral,nan,-1,-1,-1,119,11,119,49,packages\mochawesome\test\parallel-mode.test.js,1,1047
1404,ArrowFunctionExpression,nan,-1,0,0,119,51,132,9,packages\mochawesome\test\parallel-mode.test.js,1,1048
1405,Identifier,it,-1,-1,-1,119,8,119,10,packages\mochawesome\test\parallel-mode.test.js,1,1049
1406,MemberExpression,nan,-1,-1,-1,139,8,139,19,packages\mochawesome\test\parallel-mode.test.js,1,1050
1407,NewExpression,nan,1,-1,-1,139,22,139,48,packages\mochawesome\test\parallel-mode.test.js,1,1051
1408,CallExpression,nan,0,-1,-1,145,28,145,44,packages\mochawesome\test\parallel-mode.test.js,1,1052
1409,MemberExpression,nan,-1,-1,-1,145,8,145,27,packages\mochawesome\test\parallel-mode.test.js,1,1053
1410,CallExpression,nan,1,-1,-1,146,28,146,73,packages\mochawesome\test\parallel-mode.test.js,1,1054
1411,MemberExpression,nan,-1,-1,-1,146,8,146,27,packages\mochawesome\test\parallel-mode.test.js,1,1055
1412,MemberExpression,nan,-1,-1,-1,157,8,157,19,packages\mochawesome\test\parallel-mode.test.js,1,1056
1413,NewExpression,nan,1,-1,-1,157,22,157,48,packages\mochawesome\test\parallel-mode.test.js,1,1057
1414,MemberExpression,nan,-1,-1,-1,158,8,158,16,packages\mochawesome\test\parallel-mode.test.js,1,1058
1415,MemberExpression,nan,-1,-1,-1,158,19,158,30,packages\mochawesome\test\parallel-mode.test.js,1,1059
1416,MemberExpression,nan,-1,-1,-1,164,32,164,43,packages\mochawesome\test\parallel-mode.test.js,1,1060
1417,MemberExpression,nan,-1,-1,-1,164,8,164,31,packages\mochawesome\test\parallel-mode.test.js,1,1061
1418,ObjectExpression,nan,-1,-1,-1,165,32,170,9,packages\mochawesome\test\parallel-mode.test.js,1,1062
1419,MemberExpression,nan,-1,-1,-1,165,8,165,31,packages\mochawesome\test\parallel-mode.test.js,1,1063
1420,TemplateLiteral,nan,-1,-1,-1,179,11,179,49,packages\mochawesome\test\parallel-mode.test.js,1,1064
1421,ArrowFunctionExpression,nan,-1,0,0,179,51,193,9,packages\mochawesome\test\parallel-mode.test.js,1,1065
1422,Identifier,it,-1,-1,-1,179,8,179,10,packages\mochawesome\test\parallel-mode.test.js,1,1066
1423,MemberExpression,nan,-1,-1,-1,204,8,204,19,packages\mochawesome\test\parallel-mode.test.js,1,1067
1424,NewExpression,nan,1,-1,-1,204,22,204,48,packages\mochawesome\test\parallel-mode.test.js,1,1068
1425,MemberExpression,nan,-1,-1,-1,205,8,205,16,packages\mochawesome\test\parallel-mode.test.js,1,1069
1426,MemberExpression,nan,-1,-1,-1,205,19,205,30,packages\mochawesome\test\parallel-mode.test.js,1,1070
1427,MemberExpression,nan,-1,-1,-1,211,32,211,43,packages\mochawesome\test\parallel-mode.test.js,1,1071
1428,MemberExpression,nan,-1,-1,-1,211,8,211,31,packages\mochawesome\test\parallel-mode.test.js,1,1072
1429,ObjectExpression,nan,-1,-1,-1,212,32,217,9,packages\mochawesome\test\parallel-mode.test.js,1,1073
1430,MemberExpression,nan,-1,-1,-1,212,8,212,31,packages\mochawesome\test\parallel-mode.test.js,1,1074
1431,MemberExpression,nan,-1,-1,-1,229,8,229,19,packages\mochawesome\test\parallel-mode.test.js,1,1075
1432,NewExpression,nan,1,-1,-1,229,22,229,48,packages\mochawesome\test\parallel-mode.test.js,1,1076
1433,NewExpression,nan,2,-1,-1,230,25,230,58,packages\mochawesome\test\parallel-mode.test.js,1,1077
1434,MemberExpression,nan,-1,-1,-1,230,8,230,24,packages\mochawesome\test\parallel-mode.test.js,1,1078
1435,ObjectExpression,nan,-1,-1,-1,236,34,238,9,packages\mochawesome\test\parallel-mode.test.js,1,1079
1436,MemberExpression,nan,-1,-1,-1,236,8,236,33,packages\mochawesome\test\parallel-mode.test.js,1,1080
1437,MemberExpression,nan,-1,-1,-1,253,32,253,43,packages\mochawesome\test\parallel-mode.test.js,1,1081
1438,MemberExpression,nan,-1,-1,-1,253,8,253,31,packages\mochawesome\test\parallel-mode.test.js,1,1082
1439,ObjectExpression,nan,-1,-1,-1,254,32,259,9,packages\mochawesome\test\parallel-mode.test.js,1,1083
1440,MemberExpression,nan,-1,-1,-1,254,8,254,31,packages\mochawesome\test\parallel-mode.test.js,1,1084
1441,MemberExpression,nan,-1,-1,-1,272,28,272,39,packages\mochawesome\test\parallel-mode.test.js,1,1085
1442,MemberExpression,nan,-1,-1,-1,272,8,272,27,packages\mochawesome\test\parallel-mode.test.js,1,1086
1443,MemberExpression,nan,-1,-1,-1,27,35,27,53,packages\mochawesome\test\parallel-mode.test.js,1,1087
1445,Identifier,createSuite,-1,-1,-1,27,23,27,34,packages\mochawesome\test\parallel-mode.test.js,1,1088
1446,Identifier,suite,-1,-1,-1,43,44,43,49,packages\mochawesome\test\parallel-mode.test.js,1,1089
1447,Identifier,dumpSuite,-1,-1,-1,43,34,43,43,packages\mochawesome\test\parallel-mode.test.js,1,1090
1448,MemberExpression,nan,-1,-1,-1,50,35,50,53,packages\mochawesome\test\parallel-mode.test.js,1,1091
1450,Identifier,createSuite,-1,-1,-1,50,23,50,34,packages\mochawesome\test\parallel-mode.test.js,1,1092
1451,ArrayPattern,nan,-1,-1,-1,80,19,80,36,packages\mochawesome\test\parallel-mode.test.js,1,1093
1453,BlockStatement,nan,-1,-1,-1,80,41,109,9,packages\mochawesome\test\parallel-mode.test.js,1,1094
1455,BlockStatement,nan,-1,-1,-1,119,57,132,9,packages\mochawesome\test\parallel-mode.test.js,1,1095
1456,MemberExpression,nan,-1,-1,-1,139,32,139,47,packages\mochawesome\test\parallel-mode.test.js,1,1096
1457,Identifier,Suite,-1,-1,-1,139,26,139,31,packages\mochawesome\test\parallel-mode.test.js,1,1097
1458,MemberExpression,nan,-1,-1,-1,145,28,145,42,packages\mochawesome\test\parallel-mode.test.js,1,1098
1460,MemberExpression,nan,-1,-1,-1,146,28,146,68,packages\mochawesome\test\parallel-mode.test.js,1,1099
1461,MemberExpression,nan,-1,-1,-1,157,32,157,47,packages\mochawesome\test\parallel-mode.test.js,1,1100
1462,Identifier,Suite,-1,-1,-1,157,26,157,31,packages\mochawesome\test\parallel-mode.test.js,1,1101
1464,BlockStatement,nan,-1,-1,-1,179,57,193,9,packages\mochawesome\test\parallel-mode.test.js,1,1102
1465,MemberExpression,nan,-1,-1,-1,204,32,204,47,packages\mochawesome\test\parallel-mode.test.js,1,1103
1466,Identifier,Suite,-1,-1,-1,204,26,204,31,packages\mochawesome\test\parallel-mode.test.js,1,1104
1467,MemberExpression,nan,-1,-1,-1,229,32,229,47,packages\mochawesome\test\parallel-mode.test.js,1,1105
1468,Identifier,Suite,-1,-1,-1,229,26,229,31,packages\mochawesome\test\parallel-mode.test.js,1,1106
1469,MemberExpression,nan,-1,-1,-1,230,34,230,51,packages\mochawesome\test\parallel-mode.test.js,1,1107
1470,Identifier,noop,-1,-1,-1,230,53,230,57,packages\mochawesome\test\parallel-mode.test.js,1,1108
1471,Identifier,Test,-1,-1,-1,230,29,230,33,packages\mochawesome\test\parallel-mode.test.js,1,1109
1472,IfStatement,nan,-1,-1,-1,81,10,81,29,packages\mochawesome\test\parallel-mode.test.js,1,1110
1473,VariableDeclaration,nan,-1,-1,-1,83,10,90,12,packages\mochawesome\test\parallel-mode.test.js,1,1111
1474,VariableDeclaration,nan,-1,-1,-1,91,10,91,68,packages\mochawesome\test\parallel-mode.test.js,1,1112
1476,VariableDeclaration,nan,-1,-1,-1,121,10,121,50,packages\mochawesome\test\parallel-mode.test.js,1,1113
1477,VariableDeclaration,nan,-1,-1,-1,122,10,122,54,packages\mochawesome\test\parallel-mode.test.js,1,1114
1480,VariableDeclaration,nan,-1,-1,-1,127,10,127,45,packages\mochawesome\test\parallel-mode.test.js,1,1115
1483,VariableDeclaration,nan,-1,-1,-1,181,10,181,50,packages\mochawesome\test\parallel-mode.test.js,1,1116
1484,VariableDeclaration,nan,-1,-1,-1,182,10,182,54,packages\mochawesome\test\parallel-mode.test.js,1,1117
1487,VariableDeclaration,nan,-1,-1,-1,187,10,187,45,packages\mochawesome\test\parallel-mode.test.js,1,1118
1491,ReturnStatement,nan,-1,-1,-1,81,22,81,29,packages\mochawesome\test\parallel-mode.test.js,1,1119
1492,UnaryExpression,nan,1,-1,-1,81,14,81,20,packages\mochawesome\test\parallel-mode.test.js,1,1120
1493,CallExpression,nan,2,-1,-1,93,10,108,12,packages\mochawesome\test\parallel-mode.test.js,1,1121
1494,AssignmentExpression,nan,-1,-1,-1,123,10,123,47,packages\mochawesome\test\parallel-mode.test.js,1,1122
1495,AssignmentExpression,nan,-1,-1,-1,124,10,124,32,packages\mochawesome\test\parallel-mode.test.js,1,1123
1496,CallExpression,nan,1,-1,-1,130,10,130,51,packages\mochawesome\test\parallel-mode.test.js,1,1124
1497,CallExpression,nan,1,-1,-1,131,10,131,46,packages\mochawesome\test\parallel-mode.test.js,1,1125
1498,AssignmentExpression,nan,-1,-1,-1,183,10,183,47,packages\mochawesome\test\parallel-mode.test.js,1,1126
1499,AssignmentExpression,nan,-1,-1,-1,184,10,184,32,packages\mochawesome\test\parallel-mode.test.js,1,1127
1500,CallExpression,nan,1,-1,-1,190,10,190,42,packages\mochawesome\test\parallel-mode.test.js,1,1128
1501,CallExpression,nan,1,-1,-1,191,10,191,51,packages\mochawesome\test\parallel-mode.test.js,1,1129
1502,CallExpression,nan,1,-1,-1,192,10,192,46,packages\mochawesome\test\parallel-mode.test.js,1,1130
1503,Identifier,field,-1,-1,-1,81,15,81,20,packages\mochawesome\test\parallel-mode.test.js,1,1131
1504,TemplateLiteral,nan,-1,-1,-1,93,13,93,52,packages\mochawesome\test\parallel-mode.test.js,1,1132
1505,ArrowFunctionExpression,nan,-1,0,0,93,54,108,11,packages\mochawesome\test\parallel-mode.test.js,1,1133
1506,Identifier,it,-1,-1,-1,93,10,93,12,packages\mochawesome\test\parallel-mode.test.js,1,1134
1507,MemberExpression,nan,-1,-1,-1,123,10,123,21,packages\mochawesome\test\parallel-mode.test.js,1,1135
1508,NewExpression,nan,1,-1,-1,123,24,123,47,packages\mochawesome\test\parallel-mode.test.js,1,1136
1509,MemberExpression,nan,-1,-1,-1,124,10,124,21,packages\mochawesome\test\parallel-mode.test.js,1,1137
1510,Identifier,expected,-1,-1,-1,124,24,124,32,packages\mochawesome\test\parallel-mode.test.js,1,1138
1511,MemberExpression,nan,-1,-1,-1,130,36,130,50,packages\mochawesome\test\parallel-mode.test.js,1,1139
1512,MemberExpression,nan,-1,-1,-1,130,10,130,35,packages\mochawesome\test\parallel-mode.test.js,1,1140
1513,Identifier,expected,-1,-1,-1,131,37,131,45,packages\mochawesome\test\parallel-mode.test.js,1,1141
1514,MemberExpression,nan,-1,-1,-1,131,10,131,36,packages\mochawesome\test\parallel-mode.test.js,1,1142
1515,MemberExpression,nan,-1,-1,-1,183,10,183,21,packages\mochawesome\test\parallel-mode.test.js,1,1143
1516,NewExpression,nan,1,-1,-1,183,24,183,47,packages\mochawesome\test\parallel-mode.test.js,1,1144
1517,MemberExpression,nan,-1,-1,-1,184,10,184,21,packages\mochawesome\test\parallel-mode.test.js,1,1145
1518,Identifier,expected,-1,-1,-1,184,24,184,32,packages\mochawesome\test\parallel-mode.test.js,1,1146
1520,MemberExpression,nan,-1,-1,-1,190,10,190,34,packages\mochawesome\test\parallel-mode.test.js,1,1147
1521,MemberExpression,nan,-1,-1,-1,191,36,191,50,packages\mochawesome\test\parallel-mode.test.js,1,1148
1522,MemberExpression,nan,-1,-1,-1,191,10,191,35,packages\mochawesome\test\parallel-mode.test.js,1,1149
1523,Identifier,expected,-1,-1,-1,192,37,192,45,packages\mochawesome\test\parallel-mode.test.js,1,1150
1524,MemberExpression,nan,-1,-1,-1,192,10,192,36,packages\mochawesome\test\parallel-mode.test.js,1,1151
1526,BlockStatement,nan,-1,-1,-1,93,60,108,11,packages\mochawesome\test\parallel-mode.test.js,1,1152
1528,Identifier,Suite,-1,-1,-1,123,28,123,33,packages\mochawesome\test\parallel-mode.test.js,1,1153
1530,Identifier,Suite,-1,-1,-1,183,28,183,33,packages\mochawesome\test\parallel-mode.test.js,1,1154
1531,VariableDeclaration,nan,-1,-1,-1,95,12,95,54,packages\mochawesome\test\parallel-mode.test.js,1,1155
1532,VariableDeclaration,nan,-1,-1,-1,96,12,96,65,packages\mochawesome\test\parallel-mode.test.js,1,1156
1534,VariableDeclaration,nan,-1,-1,-1,100,12,100,56,packages\mochawesome\test\parallel-mode.test.js,1,1157
1535,IfStatement,nan,-1,-1,-1,103,12,107,13,packages\mochawesome\test\parallel-mode.test.js,1,1158
1536,AssignmentExpression,nan,-1,-1,-1,97,12,97,54,packages\mochawesome\test\parallel-mode.test.js,1,1159
1537,BlockStatement,nan,-1,-1,-1,103,41,105,13,packages\mochawesome\test\parallel-mode.test.js,1,1160
1538,CallExpression,nan,1,-1,-1,103,16,103,39,packages\mochawesome\test\parallel-mode.test.js,1,1161
1539,MemberExpression,nan,-1,-1,-1,97,12,97,24,packages\mochawesome\test\parallel-mode.test.js,1,1162
1540,CallExpression,nan,2,-1,-1,97,27,97,54,packages\mochawesome\test\parallel-mode.test.js,1,1163
1542,Identifier,expected,-1,-1,-1,103,30,103,38,packages\mochawesome\test\parallel-mode.test.js,1,1164
1543,MemberExpression,nan,-1,-1,-1,103,16,103,29,packages\mochawesome\test\parallel-mode.test.js,1,1165
1544,Identifier,suite,-1,-1,-1,97,38,97,43,packages\mochawesome\test\parallel-mode.test.js,1,1166
1545,Identifier,expected,-1,-1,-1,97,45,97,53,packages\mochawesome\test\parallel-mode.test.js,1,1167
1546,Identifier,withParent,-1,-1,-1,97,27,97,37,packages\mochawesome\test\parallel-mode.test.js,1,1168
1547,CallExpression,nan,1,-1,-1,104,14,104,77,packages\mochawesome\test\parallel-mode.test.js,1,1169
1548,CallExpression,nan,2,-1,-1,104,53,104,76,packages\mochawesome\test\parallel-mode.test.js,1,1170
1549,MemberExpression,nan,-1,-1,-1,104,14,104,52,packages\mochawesome\test\parallel-mode.test.js,1,1171
1551,Identifier,expected,-1,-1,-1,104,67,104,75,packages\mochawesome\test\parallel-mode.test.js,1,1172
1552,Identifier,pick,-1,-1,-1,104,53,104,57,packages\mochawesome\test\parallel-mode.test.js,1,1173
1553,Program,nan,-1,-1,-1,1,0,466,3,packages\mochawesome\test\reporter.test.js,1,1174
1554,VariableDeclaration,nan,-1,-1,-1,1,0,1,31,packages\mochawesome\test\reporter.test.js,1,1175
1555,VariableDeclaration,nan,-1,-1,-1,2,0,2,66,packages\mochawesome\test\reporter.test.js,1,1176
1556,VariableDeclaration,nan,-1,-1,-1,3,0,3,31,packages\mochawesome\test\reporter.test.js,1,1177
1557,VariableDeclaration,nan,-1,-1,-1,4,0,4,41,packages\mochawesome\test\reporter.test.js,1,1178
1558,VariableDeclaration,nan,-1,-1,-1,5,0,5,48,packages\mochawesome\test\reporter.test.js,1,1179
1559,VariableDeclaration,nan,-1,-1,-1,6,0,6,38,packages\mochawesome\test\reporter.test.js,1,1180
1560,VariableDeclaration,nan,-1,-1,-1,8,0,8,38,packages\mochawesome\test\reporter.test.js,1,1181
1561,VariableDeclaration,nan,-1,-1,-1,9,0,9,60,packages\mochawesome\test\reporter.test.js,1,1182
1562,VariableDeclaration,nan,-1,-1,-1,11,0,11,32,packages\mochawesome\test\reporter.test.js,1,1183
1563,VariableDeclaration,nan,-1,-1,-1,12,0,12,29,packages\mochawesome\test\reporter.test.js,1,1184
1564,VariableDeclaration,nan,-1,-1,-1,13,0,13,30,packages\mochawesome\test\reporter.test.js,1,1185
1565,VariableDeclaration,nan,-1,-1,-1,14,0,14,30,packages\mochawesome\test\reporter.test.js,1,1186
1566,VariableDeclaration,nan,-1,-1,-1,15,0,15,40,packages\mochawesome\test\reporter.test.js,1,1187
1568,VariableDeclaration,nan,-1,-1,-1,19,0,27,2,packages\mochawesome\test\reporter.test.js,1,1188
1569,VariableDeclaration,nan,-1,-1,-1,29,0,37,3,packages\mochawesome\test\reporter.test.js,1,1189
1571,AssignmentExpression,nan,-1,-1,-1,17,0,17,19,packages\mochawesome\test\reporter.test.js,1,1190
1572,CallExpression,nan,2,-1,-1,39,0,466,2,packages\mochawesome\test\reporter.test.js,1,1191
1573,MemberExpression,nan,-1,-1,-1,17,0,17,9,packages\mochawesome\test\reporter.test.js,1,1192
1574,Identifier,logStub,-1,-1,-1,17,12,17,19,packages\mochawesome\test\reporter.test.js,1,1193
1576,ArrowFunctionExpression,nan,-1,0,0,39,33,466,1,packages\mochawesome\test\reporter.test.js,1,1194
1577,Identifier,describe,-1,-1,-1,39,0,39,8,packages\mochawesome\test\reporter.test.js,1,1195
1579,BlockStatement,nan,-1,-1,-1,39,39,466,1,packages\mochawesome\test\reporter.test.js,1,1196
1580,VariableDeclaration,nan,-1,-1,-1,40,2,40,12,packages\mochawesome\test\reporter.test.js,1,1197
1581,VariableDeclaration,nan,-1,-1,-1,41,2,41,12,packages\mochawesome\test\reporter.test.js,1,1198
1582,VariableDeclaration,nan,-1,-1,-1,42,2,42,15,packages\mochawesome\test\reporter.test.js,1,1199
1583,VariableDeclaration,nan,-1,-1,-1,43,2,43,13,packages\mochawesome\test\reporter.test.js,1,1200
1584,VariableDeclaration,nan,-1,-1,-1,44,2,44,20,packages\mochawesome\test\reporter.test.js,1,1201
1591,CallExpression,nan,1,-1,-1,46,2,63,4,packages\mochawesome\test\reporter.test.js,1,1202
1592,CallExpression,nan,2,-1,-1,65,2,78,4,packages\mochawesome\test\reporter.test.js,1,1203
1593,CallExpression,nan,2,-1,-1,80,2,192,4,packages\mochawesome\test\reporter.test.js,1,1204
1594,CallExpression,nan,2,-1,-1,194,2,236,4,packages\mochawesome\test\reporter.test.js,1,1205
1595,CallExpression,nan,2,-1,-1,238,2,365,4,packages\mochawesome\test\reporter.test.js,1,1206
1596,CallExpression,nan,2,-1,-1,367,2,465,4,packages\mochawesome\test\reporter.test.js,1,1207
1597,ArrowFunctionExpression,nan,-1,0,0,46,13,63,3,packages\mochawesome\test\reporter.test.js,1,1208
1598,Identifier,beforeEach,-1,-1,-1,46,2,46,12,packages\mochawesome\test\reporter.test.js,1,1209
1600,ArrowFunctionExpression,nan,-1,0,0,65,30,78,3,packages\mochawesome\test\reporter.test.js,1,1210
1601,Identifier,describe,-1,-1,-1,65,2,65,10,packages\mochawesome\test\reporter.test.js,1,1211
1603,ArrowFunctionExpression,nan,-1,0,0,80,28,192,3,packages\mochawesome\test\reporter.test.js,1,1212
1604,Identifier,describe,-1,-1,-1,80,2,80,10,packages\mochawesome\test\reporter.test.js,1,1213
1606,ArrowFunctionExpression,nan,-1,0,0,194,28,236,3,packages\mochawesome\test\reporter.test.js,1,1214
1607,Identifier,describe,-1,-1,-1,194,2,194,10,packages\mochawesome\test\reporter.test.js,1,1215
1609,ArrowFunctionExpression,nan,-1,0,0,238,31,365,3,packages\mochawesome\test\reporter.test.js,1,1216
1610,Identifier,describe,-1,-1,-1,238,2,238,10,packages\mochawesome\test\reporter.test.js,1,1217
1612,ArrowFunctionExpression,nan,-1,0,0,367,37,465,3,packages\mochawesome\test\reporter.test.js,1,1218
1613,Identifier,describe,-1,-1,-1,367,2,367,10,packages\mochawesome\test\reporter.test.js,1,1219
1615,BlockStatement,nan,-1,-1,-1,46,19,63,3,packages\mochawesome\test\reporter.test.js,1,1220
1617,BlockStatement,nan,-1,-1,-1,65,36,78,3,packages\mochawesome\test\reporter.test.js,1,1221
1619,BlockStatement,nan,-1,-1,-1,80,34,192,3,packages\mochawesome\test\reporter.test.js,1,1222
1621,BlockStatement,nan,-1,-1,-1,194,34,236,3,packages\mochawesome\test\reporter.test.js,1,1223
1623,BlockStatement,nan,-1,-1,-1,238,37,365,3,packages\mochawesome\test\reporter.test.js,1,1224
1625,BlockStatement,nan,-1,-1,-1,367,43,465,3,packages\mochawesome\test\reporter.test.js,1,1225
1645,FunctionDeclaration,nan,-1,2,0,195,4,208,5,packages\mochawesome\test\reporter.test.js,1,1226
1646,FunctionDeclaration,nan,-1,2,0,210,4,225,5,packages\mochawesome\test\reporter.test.js,1,1227
1649,VariableDeclaration,nan,-1,-1,-1,239,4,239,67,packages\mochawesome\test\reporter.test.js,1,1228
1650,VariableDeclaration,nan,-1,-1,-1,240,4,240,58,packages\mochawesome\test\reporter.test.js,1,1229
1656,VariableDeclaration,nan,-1,-1,-1,368,4,368,20,packages\mochawesome\test\reporter.test.js,1,1230
1666,AssignmentExpression,nan,-1,-1,-1,47,4,47,48,packages\mochawesome\test\reporter.test.js,1,1231
1667,AssignmentExpression,nan,-1,-1,-1,48,4,48,33,packages\mochawesome\test\reporter.test.js,1,1232
1668,AssignmentExpression,nan,-1,-1,-1,49,4,49,53,packages\mochawesome\test\reporter.test.js,1,1233
1669,CallExpression,nan,1,-1,-1,50,4,50,28,packages\mochawesome\test\reporter.test.js,1,1234
1670,AssignmentExpression,nan,-1,-1,-1,51,4,51,30,packages\mochawesome\test\reporter.test.js,1,1235
1671,AssignmentExpression,nan,-1,-1,-1,55,4,55,33,packages\mochawesome\test\reporter.test.js,1,1236
1672,CallExpression,nan,1,-1,-1,57,4,57,32,packages\mochawesome\test\reporter.test.js,1,1237
1673,AssignmentExpression,nan,-1,-1,-1,58,4,62,6,packages\mochawesome\test\reporter.test.js,1,1238
1674,CallExpression,nan,1,-1,-1,66,4,73,6,packages\mochawesome\test\reporter.test.js,1,1239
1675,CallExpression,nan,2,-1,-1,75,4,77,6,packages\mochawesome\test\reporter.test.js,1,1240
1676,CallExpression,nan,2,-1,-1,81,4,90,6,packages\mochawesome\test\reporter.test.js,1,1241
1677,CallExpression,nan,2,-1,-1,92,4,102,6,packages\mochawesome\test\reporter.test.js,1,1242
1678,CallExpression,nan,2,-1,-1,104,4,114,6,packages\mochawesome\test\reporter.test.js,1,1243
1679,CallExpression,nan,2,-1,-1,116,4,134,6,packages\mochawesome\test\reporter.test.js,1,1244
1680,CallExpression,nan,2,-1,-1,136,4,142,6,packages\mochawesome\test\reporter.test.js,1,1245
1681,CallExpression,nan,2,-1,-1,144,4,154,6,packages\mochawesome\test\reporter.test.js,1,1246
1682,CallExpression,nan,2,-1,-1,156,4,164,6,packages\mochawesome\test\reporter.test.js,1,1247
1683,CallExpression,nan,2,-1,-1,166,4,178,6,packages\mochawesome\test\reporter.test.js,1,1248
1684,CallExpression,nan,2,-1,-1,180,4,191,6,packages\mochawesome\test\reporter.test.js,1,1249
1685,Identifier,passingHookTest,-1,-1,-1,195,13,195,28,packages\mochawesome\test\reporter.test.js,1,1250
1686,Identifier,hookType,-1,-1,-1,195,29,195,37,packages\mochawesome\test\reporter.test.js,1,1251
1687,Identifier,isBefore,-1,-1,-1,195,39,195,47,packages\mochawesome\test\reporter.test.js,1,1252
1689,BlockStatement,nan,-1,-1,-1,195,49,208,5,packages\mochawesome\test\reporter.test.js,1,1253
1690,Identifier,failingHookTest,-1,-1,-1,210,13,210,28,packages\mochawesome\test\reporter.test.js,1,1254
1691,Identifier,hookType,-1,-1,-1,210,29,210,37,packages\mochawesome\test\reporter.test.js,1,1255
1692,Identifier,isBefore,-1,-1,-1,210,39,210,47,packages\mochawesome\test\reporter.test.js,1,1256
1694,BlockStatement,nan,-1,-1,-1,210,49,225,5,packages\mochawesome\test\reporter.test.js,1,1257
1695,CallExpression,nan,1,-1,-1,227,4,230,6,packages\mochawesome\test\reporter.test.js,1,1258
1696,CallExpression,nan,1,-1,-1,232,4,235,6,packages\mochawesome\test\reporter.test.js,1,1259
1697,CallExpression,nan,1,-1,-1,242,4,244,6,packages\mochawesome\test\reporter.test.js,1,1260
1698,CallExpression,nan,2,-1,-1,246,4,266,6,packages\mochawesome\test\reporter.test.js,1,1261
1699,CallExpression,nan,2,-1,-1,268,4,291,6,packages\mochawesome\test\reporter.test.js,1,1262
1700,CallExpression,nan,2,-1,-1,293,4,308,6,packages\mochawesome\test\reporter.test.js,1,1263
1701,CallExpression,nan,2,-1,-1,310,4,364,6,packages\mochawesome\test\reporter.test.js,1,1264
1702,CallExpression,nan,1,-1,-1,370,4,382,6,packages\mochawesome\test\reporter.test.js,1,1265
1703,CallExpression,nan,2,-1,-1,384,4,391,6,packages\mochawesome\test\reporter.test.js,1,1266
1704,CallExpression,nan,2,-1,-1,393,4,400,6,packages\mochawesome\test\reporter.test.js,1,1267
1705,CallExpression,nan,2,-1,-1,402,4,410,6,packages\mochawesome\test\reporter.test.js,1,1268
1706,CallExpression,nan,2,-1,-1,412,4,420,6,packages\mochawesome\test\reporter.test.js,1,1269
1707,CallExpression,nan,2,-1,-1,422,4,429,6,packages\mochawesome\test\reporter.test.js,1,1270
1708,CallExpression,nan,2,-1,-1,431,4,444,6,packages\mochawesome\test\reporter.test.js,1,1271
1709,CallExpression,nan,2,-1,-1,446,4,455,6,packages\mochawesome\test\reporter.test.js,1,1272
1710,CallExpression,nan,2,-1,-1,457,4,464,6,packages\mochawesome\test\reporter.test.js,1,1273
1711,Identifier,mocha,-1,-1,-1,47,4,47,9,packages\mochawesome\test\reporter.test.js,1,1274
1712,NewExpression,nan,1,-1,-1,47,12,47,48,packages\mochawesome\test\reporter.test.js,1,1275
1713,Identifier,suite,-1,-1,-1,48,4,48,9,packages\mochawesome\test\reporter.test.js,1,1276
1714,NewExpression,nan,2,-1,-1,48,12,48,33,packages\mochawesome\test\reporter.test.js,1,1277
1715,Identifier,subSuite,-1,-1,-1,49,4,49,12,packages\mochawesome\test\reporter.test.js,1,1278
1716,NewExpression,nan,2,-1,-1,49,15,49,53,packages\mochawesome\test\reporter.test.js,1,1279
1717,Identifier,subSuite,-1,-1,-1,50,19,50,27,packages\mochawesome\test\reporter.test.js,1,1280
1718,MemberExpression,nan,-1,-1,-1,50,4,50,18,packages\mochawesome\test\reporter.test.js,1,1281
1719,Identifier,runner,-1,-1,-1,51,4,51,10,packages\mochawesome\test\reporter.test.js,1,1282
1720,NewExpression,nan,1,-1,-1,51,13,51,30,packages\mochawesome\test\reporter.test.js,1,1283
1721,MemberExpression,nan,-1,-1,-1,55,4,55,22,packages\mochawesome\test\reporter.test.js,1,1284
1722,ArrowFunctionExpression,nan,-1,0,0,55,25,55,33,packages\mochawesome\test\reporter.test.js,1,1285
1723,Identifier,runner,-1,-1,-1,57,25,57,31,packages\mochawesome\test\reporter.test.js,1,1286
1724,Identifier,createStatsCollector,-1,-1,-1,57,4,57,24,packages\mochawesome\test\reporter.test.js,1,1287
1725,Identifier,mochaReporter,-1,-1,-1,58,4,58,17,packages\mochawesome\test\reporter.test.js,1,1288
1726,NewExpression,nan,2,-1,-1,58,20,62,6,packages\mochawesome\test\reporter.test.js,1,1289
1727,ArrowFunctionExpression,nan,-1,0,0,66,15,73,5,packages\mochawesome\test\reporter.test.js,1,1290
1728,Identifier,beforeEach,-1,-1,-1,66,4,66,14,packages\mochawesome\test\reporter.test.js,1,1291
1730,ArrowFunctionExpression,nan,-1,0,0,75,44,77,5,packages\mochawesome\test\reporter.test.js,1,1292
1731,Identifier,it,-1,-1,-1,75,4,75,6,packages\mochawesome\test\reporter.test.js,1,1293
1733,ArrowFunctionExpression,nan,-1,1,0,81,37,90,5,packages\mochawesome\test\reporter.test.js,1,1294
1734,Identifier,it,-1,-1,-1,81,4,81,6,packages\mochawesome\test\reporter.test.js,1,1295
1736,ArrowFunctionExpression,nan,-1,1,0,92,37,102,5,packages\mochawesome\test\reporter.test.js,1,1296
1737,Identifier,it,-1,-1,-1,92,4,92,6,packages\mochawesome\test\reporter.test.js,1,1297
1739,ArrowFunctionExpression,nan,-1,1,0,104,37,114,5,packages\mochawesome\test\reporter.test.js,1,1298
1740,Identifier,it,-1,-1,-1,104,4,104,6,packages\mochawesome\test\reporter.test.js,1,1299
1742,ArrowFunctionExpression,nan,-1,1,0,116,37,134,5,packages\mochawesome\test\reporter.test.js,1,1300
1743,Identifier,it,-1,-1,-1,116,4,116,6,packages\mochawesome\test\reporter.test.js,1,1301
1745,ArrowFunctionExpression,nan,-1,1,0,136,36,142,5,packages\mochawesome\test\reporter.test.js,1,1302
1746,Identifier,it,-1,-1,-1,136,4,136,6,packages\mochawesome\test\reporter.test.js,1,1303
1748,ArrowFunctionExpression,nan,-1,1,0,144,45,154,5,packages\mochawesome\test\reporter.test.js,1,1304
1749,Identifier,it,-1,-1,-1,144,4,144,6,packages\mochawesome\test\reporter.test.js,1,1305
1751,ArrowFunctionExpression,nan,-1,1,0,156,40,164,5,packages\mochawesome\test\reporter.test.js,1,1306
1752,Identifier,it,-1,-1,-1,156,4,156,6,packages\mochawesome\test\reporter.test.js,1,1307
1754,ArrowFunctionExpression,nan,-1,1,0,166,62,178,5,packages\mochawesome\test\reporter.test.js,1,1308
1755,Identifier,it,-1,-1,-1,166,4,166,6,packages\mochawesome\test\reporter.test.js,1,1309
1757,ArrowFunctionExpression,nan,-1,1,0,180,66,191,5,packages\mochawesome\test\reporter.test.js,1,1310
1758,Identifier,it,-1,-1,-1,180,4,180,6,packages\mochawesome\test\reporter.test.js,1,1311
1761,ArrowFunctionExpression,nan,-1,1,0,227,40,230,5,packages\mochawesome\test\reporter.test.js,1,1312
1762,MemberExpression,nan,-1,-1,-1,227,4,227,39,packages\mochawesome\test\reporter.test.js,1,1313
1763,ArrowFunctionExpression,nan,-1,1,0,232,38,235,5,packages\mochawesome\test\reporter.test.js,1,1314
1764,MemberExpression,nan,-1,-1,-1,232,4,232,37,packages\mochawesome\test\reporter.test.js,1,1315
1765,ArrowFunctionExpression,nan,-1,0,0,242,15,244,5,packages\mochawesome\test\reporter.test.js,1,1316
1766,Identifier,beforeEach,-1,-1,-1,242,4,242,14,packages\mochawesome\test\reporter.test.js,1,1317
1768,ArrowFunctionExpression,nan,-1,0,0,246,38,266,5,packages\mochawesome\test\reporter.test.js,1,1318
1769,Identifier,describe,-1,-1,-1,246,4,246,12,packages\mochawesome\test\reporter.test.js,1,1319
1771,ArrowFunctionExpression,nan,-1,0,0,268,31,291,5,packages\mochawesome\test\reporter.test.js,1,1320
1772,Identifier,describe,-1,-1,-1,268,4,268,12,packages\mochawesome\test\reporter.test.js,1,1321
1774,ArrowFunctionExpression,nan,-1,0,0,293,30,308,5,packages\mochawesome\test\reporter.test.js,1,1322
1775,Identifier,describe,-1,-1,-1,293,4,293,12,packages\mochawesome\test\reporter.test.js,1,1323
1777,ArrowFunctionExpression,nan,-1,0,0,310,33,364,5,packages\mochawesome\test\reporter.test.js,1,1324
1778,Identifier,describe,-1,-1,-1,310,4,310,12,packages\mochawesome\test\reporter.test.js,1,1325
1779,ArrowFunctionExpression,nan,-1,0,0,370,15,382,5,packages\mochawesome\test\reporter.test.js,1,1326
1780,Identifier,beforeEach,-1,-1,-1,370,4,370,14,packages\mochawesome\test\reporter.test.js,1,1327
1782,ArrowFunctionExpression,nan,-1,0,1,384,45,391,5,packages\mochawesome\test\reporter.test.js,1,1328
1783,Identifier,it,-1,-1,-1,384,4,384,6,packages\mochawesome\test\reporter.test.js,1,1329
1785,ArrowFunctionExpression,nan,-1,0,1,393,53,400,5,packages\mochawesome\test\reporter.test.js,1,1330
1786,Identifier,it,-1,-1,-1,393,4,393,6,packages\mochawesome\test\reporter.test.js,1,1331
1788,ArrowFunctionExpression,nan,-1,0,1,402,59,410,5,packages\mochawesome\test\reporter.test.js,1,1332
1789,Identifier,it,-1,-1,-1,402,4,402,6,packages\mochawesome\test\reporter.test.js,1,1333
1791,ArrowFunctionExpression,nan,-1,0,1,412,59,420,5,packages\mochawesome\test\reporter.test.js,1,1334
1792,Identifier,it,-1,-1,-1,412,4,412,6,packages\mochawesome\test\reporter.test.js,1,1335
1794,ArrowFunctionExpression,nan,-1,0,1,422,64,429,5,packages\mochawesome\test\reporter.test.js,1,1336
1795,Identifier,it,-1,-1,-1,422,4,422,6,packages\mochawesome\test\reporter.test.js,1,1337
1797,ArrowFunctionExpression,nan,-1,0,1,431,62,444,5,packages\mochawesome\test\reporter.test.js,1,1338
1798,Identifier,it,-1,-1,-1,431,4,431,6,packages\mochawesome\test\reporter.test.js,1,1339
1800,ArrowFunctionExpression,nan,-1,0,1,446,57,455,5,packages\mochawesome\test\reporter.test.js,1,1340
1801,Identifier,it,-1,-1,-1,446,4,446,6,packages\mochawesome\test\reporter.test.js,1,1341
1803,ArrowFunctionExpression,nan,-1,0,1,457,51,464,5,packages\mochawesome\test\reporter.test.js,1,1342
1804,Identifier,it,-1,-1,-1,457,4,457,6,packages\mochawesome\test\reporter.test.js,1,1343
1805,ObjectExpression,nan,-1,-1,-1,47,22,47,47,packages\mochawesome\test\reporter.test.js,1,1344
1806,Identifier,Mocha,-1,-1,-1,47,16,47,21,packages\mochawesome\test\reporter.test.js,1,1345
1809,Identifier,Suite,-1,-1,-1,48,16,48,21,packages\mochawesome\test\reporter.test.js,1,1346
1812,Identifier,Suite,-1,-1,-1,49,19,49,24,packages\mochawesome\test\reporter.test.js,1,1347
1813,Identifier,suite,-1,-1,-1,51,24,51,29,packages\mochawesome\test\reporter.test.js,1,1348
1814,Identifier,Runner,-1,-1,-1,51,17,51,23,packages\mochawesome\test\reporter.test.js,1,1349
1816,BlockStatement,nan,-1,-1,-1,55,31,55,33,packages\mochawesome\test\reporter.test.js,1,1350
1817,Identifier,runner,-1,-1,-1,58,40,58,46,packages\mochawesome\test\reporter.test.js,1,1351
1818,ObjectExpression,nan,-1,-1,-1,58,48,62,5,packages\mochawesome\test\reporter.test.js,1,1352
1819,MemberExpression,nan,-1,-1,-1,58,24,58,39,packages\mochawesome\test\reporter.test.js,1,1353
1821,BlockStatement,nan,-1,-1,-1,66,21,73,5,packages\mochawesome\test\reporter.test.js,1,1354
1823,BlockStatement,nan,-1,-1,-1,75,50,77,5,packages\mochawesome\test\reporter.test.js,1,1355
1824,Identifier,done,-1,-1,-1,81,37,81,41,packages\mochawesome\test\reporter.test.js,1,1356
1826,BlockStatement,nan,-1,-1,-1,81,45,90,5,packages\mochawesome\test\reporter.test.js,1,1357
1827,Identifier,done,-1,-1,-1,92,37,92,41,packages\mochawesome\test\reporter.test.js,1,1358
1829,BlockStatement,nan,-1,-1,-1,92,45,102,5,packages\mochawesome\test\reporter.test.js,1,1359
1830,Identifier,done,-1,-1,-1,104,37,104,41,packages\mochawesome\test\reporter.test.js,1,1360
1832,BlockStatement,nan,-1,-1,-1,104,45,114,5,packages\mochawesome\test\reporter.test.js,1,1361
1833,Identifier,done,-1,-1,-1,116,37,116,41,packages\mochawesome\test\reporter.test.js,1,1362
1835,BlockStatement,nan,-1,-1,-1,116,45,134,5,packages\mochawesome\test\reporter.test.js,1,1363
1836,Identifier,done,-1,-1,-1,136,36,136,40,packages\mochawesome\test\reporter.test.js,1,1364
1838,BlockStatement,nan,-1,-1,-1,136,44,142,5,packages\mochawesome\test\reporter.test.js,1,1365
1839,Identifier,done,-1,-1,-1,144,45,144,49,packages\mochawesome\test\reporter.test.js,1,1366
1841,BlockStatement,nan,-1,-1,-1,144,53,154,5,packages\mochawesome\test\reporter.test.js,1,1367
1842,Identifier,done,-1,-1,-1,156,40,156,44,packages\mochawesome\test\reporter.test.js,1,1368
1844,BlockStatement,nan,-1,-1,-1,156,48,164,5,packages\mochawesome\test\reporter.test.js,1,1369
1845,Identifier,done,-1,-1,-1,166,62,166,66,packages\mochawesome\test\reporter.test.js,1,1370
1847,BlockStatement,nan,-1,-1,-1,166,70,178,5,packages\mochawesome\test\reporter.test.js,1,1371
1848,Identifier,done,-1,-1,-1,180,66,180,70,packages\mochawesome\test\reporter.test.js,1,1372
1850,BlockStatement,nan,-1,-1,-1,180,74,191,5,packages\mochawesome\test\reporter.test.js,1,1373
1851,CallExpression,nan,2,-1,-1,196,6,207,8,packages\mochawesome\test\reporter.test.js,1,1374
1852,CallExpression,nan,2,-1,-1,211,6,224,8,packages\mochawesome\test\reporter.test.js,1,1375
1853,Identifier,type,-1,-1,-1,227,40,227,44,packages\mochawesome\test\reporter.test.js,1,1376
1855,BlockStatement,nan,-1,-1,-1,227,48,230,5,packages\mochawesome\test\reporter.test.js,1,1377
1856,Identifier,type,-1,-1,-1,232,38,232,42,packages\mochawesome\test\reporter.test.js,1,1378
1858,BlockStatement,nan,-1,-1,-1,232,46,235,5,packages\mochawesome\test\reporter.test.js,1,1379
1860,BlockStatement,nan,-1,-1,-1,242,21,244,5,packages\mochawesome\test\reporter.test.js,1,1380
1862,BlockStatement,nan,-1,-1,-1,246,44,266,5,packages\mochawesome\test\reporter.test.js,1,1381
1864,BlockStatement,nan,-1,-1,-1,268,37,291,5,packages\mochawesome\test\reporter.test.js,1,1382
1866,BlockStatement,nan,-1,-1,-1,293,36,308,5,packages\mochawesome\test\reporter.test.js,1,1383
1868,BlockStatement,nan,-1,-1,-1,310,39,364,5,packages\mochawesome\test\reporter.test.js,1,1384
1870,BlockStatement,nan,-1,-1,-1,370,21,382,5,packages\mochawesome\test\reporter.test.js,1,1385
1872,BlockStatement,nan,-1,-1,-1,384,51,391,5,packages\mochawesome\test\reporter.test.js,1,1386
1874,BlockStatement,nan,-1,-1,-1,393,59,400,5,packages\mochawesome\test\reporter.test.js,1,1387
1876,BlockStatement,nan,-1,-1,-1,402,65,410,5,packages\mochawesome\test\reporter.test.js,1,1388
1878,BlockStatement,nan,-1,-1,-1,412,65,420,5,packages\mochawesome\test\reporter.test.js,1,1389
1880,BlockStatement,nan,-1,-1,-1,422,70,429,5,packages\mochawesome\test\reporter.test.js,1,1390
1882,BlockStatement,nan,-1,-1,-1,431,68,444,5,packages\mochawesome\test\reporter.test.js,1,1391
1884,BlockStatement,nan,-1,-1,-1,446,63,455,5,packages\mochawesome\test\reporter.test.js,1,1392
1886,BlockStatement,nan,-1,-1,-1,457,57,464,5,packages\mochawesome\test\reporter.test.js,1,1393
1890,VariableDeclaration,nan,-1,-1,-1,82,6,82,54,packages\mochawesome\test\reporter.test.js,1,1394
1893,VariableDeclaration,nan,-1,-1,-1,93,6,93,61,packages\mochawesome\test\reporter.test.js,1,1395
1894,VariableDeclaration,nan,-1,-1,-1,94,6,94,79,packages\mochawesome\test\reporter.test.js,1,1396
1897,VariableDeclaration,nan,-1,-1,-1,105,6,105,44,packages\mochawesome\test\reporter.test.js,1,1397
1900,VariableDeclaration,nan,-1,-1,-1,117,6,117,55,packages\mochawesome\test\reporter.test.js,1,1398
1901,VariableDeclaration,nan,-1,-1,-1,118,6,118,52,packages\mochawesome\test\reporter.test.js,1,1399
1902,VariableDeclaration,nan,-1,-1,-1,119,6,119,52,packages\mochawesome\test\reporter.test.js,1,1400
1903,VariableDeclaration,nan,-1,-1,-1,120,6,120,52,packages\mochawesome\test\reporter.test.js,1,1401
1904,VariableDeclaration,nan,-1,-1,-1,121,6,123,8,packages\mochawesome\test\reporter.test.js,1,1402
1908,VariableDeclaration,nan,-1,-1,-1,145,6,145,46,packages\mochawesome\test\reporter.test.js,1,1403
1914,VariableDeclaration,nan,-1,-1,-1,157,6,157,46,packages\mochawesome\test\reporter.test.js,1,1404
1918,VariableDeclaration,nan,-1,-1,-1,167,6,167,46,packages\mochawesome\test\reporter.test.js,1,1405
1926,VariableDeclaration,nan,-1,-1,-1,181,6,181,46,packages\mochawesome\test\reporter.test.js,1,1406
1933,TemplateLiteral,nan,-1,-1,-1,196,9,196,35,packages\mochawesome\test\reporter.test.js,1,1407
1934,ArrowFunctionExpression,nan,-1,1,0,196,37,207,7,packages\mochawesome\test\reporter.test.js,1,1408
1935,Identifier,it,-1,-1,-1,196,6,196,8,packages\mochawesome\test\reporter.test.js,1,1409
1936,TemplateLiteral,nan,-1,-1,-1,211,9,211,35,packages\mochawesome\test\reporter.test.js,1,1410
1937,ArrowFunctionExpression,nan,-1,1,0,211,37,224,7,packages\mochawesome\test\reporter.test.js,1,1411
1938,Identifier,it,-1,-1,-1,211,6,211,8,packages\mochawesome\test\reporter.test.js,1,1412
1960,ReturnStatement,nan,1,-1,-1,387,6,390,9,packages\mochawesome\test\reporter.test.js,1,1413
1962,ReturnStatement,nan,1,-1,-1,396,6,399,9,packages\mochawesome\test\reporter.test.js,1,1414
1964,ReturnStatement,nan,1,-1,-1,405,6,409,9,packages\mochawesome\test\reporter.test.js,1,1415
1966,ReturnStatement,nan,1,-1,-1,415,6,419,9,packages\mochawesome\test\reporter.test.js,1,1416
1968,ReturnStatement,nan,1,-1,-1,425,6,428,9,packages\mochawesome\test\reporter.test.js,1,1417
1970,ReturnStatement,nan,1,-1,-1,434,6,443,9,packages\mochawesome\test\reporter.test.js,1,1418
1972,ReturnStatement,nan,1,-1,-1,449,6,454,9,packages\mochawesome\test\reporter.test.js,1,1419
1974,ReturnStatement,nan,1,-1,-1,460,6,463,9,packages\mochawesome\test\reporter.test.js,1,1420
1975,UnaryExpression,nan,1,-1,-1,67,6,67,25,packages\mochawesome\test\reporter.test.js,1,1421
1976,AssignmentExpression,nan,-1,-1,-1,68,6,72,8,packages\mochawesome\test\reporter.test.js,1,1422
1977,CallExpression,nan,1,-1,-1,76,6,76,50,packages\mochawesome\test\reporter.test.js,1,1423
1978,CallExpression,nan,1,-1,-1,83,6,83,28,packages\mochawesome\test\reporter.test.js,1,1424
1979,CallExpression,nan,1,-1,-1,85,6,89,8,packages\mochawesome\test\reporter.test.js,1,1425
1980,CallExpression,nan,1,-1,-1,95,6,95,28,packages\mochawesome\test\reporter.test.js,1,1426
1981,CallExpression,nan,1,-1,-1,97,6,101,8,packages\mochawesome\test\reporter.test.js,1,1427
1982,CallExpression,nan,1,-1,-1,106,6,106,28,packages\mochawesome\test\reporter.test.js,1,1428
1983,CallExpression,nan,1,-1,-1,108,6,113,8,packages\mochawesome\test\reporter.test.js,1,1429
1984,CallExpression,nan,1,-1,-1,124,6,126,7,packages\mochawesome\test\reporter.test.js,1,1430
1985,CallExpression,nan,1,-1,-1,128,6,133,8,packages\mochawesome\test\reporter.test.js,1,1431
1986,CallExpression,nan,1,-1,-1,137,6,141,8,packages\mochawesome\test\reporter.test.js,1,1432
1987,AssignmentExpression,nan,-1,-1,-1,146,6,146,31,packages\mochawesome\test\reporter.test.js,1,1433
1988,AssignmentExpression,nan,-1,-1,-1,147,6,147,35,packages\mochawesome\test\reporter.test.js,1,1434
1989,CallExpression,nan,1,-1,-1,148,6,148,25,packages\mochawesome\test\reporter.test.js,1,1435
1990,AssignmentExpression,nan,-1,-1,-1,149,6,149,23,packages\mochawesome\test\reporter.test.js,1,1436
1991,CallExpression,nan,1,-1,-1,150,6,153,8,packages\mochawesome\test\reporter.test.js,1,1437
1992,CallExpression,nan,1,-1,-1,158,6,158,28,packages\mochawesome\test\reporter.test.js,1,1438
1993,AssignmentExpression,nan,-1,-1,-1,159,6,159,35,packages\mochawesome\test\reporter.test.js,1,1439
1994,CallExpression,nan,1,-1,-1,160,6,163,8,packages\mochawesome\test\reporter.test.js,1,1440
1995,AssignmentExpression,nan,-1,-1,-1,168,6,168,32,packages\mochawesome\test\reporter.test.js,1,1441
1996,AssignmentExpression,nan,-1,-1,-1,169,6,169,36,packages\mochawesome\test\reporter.test.js,1,1442
1997,AssignmentExpression,nan,-1,-1,-1,170,6,170,20,packages\mochawesome\test\reporter.test.js,1,1443
1998,AssignmentExpression,nan,-1,-1,-1,171,6,171,24,packages\mochawesome\test\reporter.test.js,1,1444
1999,CallExpression,nan,1,-1,-1,172,6,172,25,packages\mochawesome\test\reporter.test.js,1,1445
2000,AssignmentExpression,nan,-1,-1,-1,173,6,173,23,packages\mochawesome\test\reporter.test.js,1,1446
2001,CallExpression,nan,1,-1,-1,174,6,177,8,packages\mochawesome\test\reporter.test.js,1,1447
2002,CallExpression,nan,1,-1,-1,182,6,182,28,packages\mochawesome\test\reporter.test.js,1,1448
2003,AssignmentExpression,nan,-1,-1,-1,183,6,183,32,packages\mochawesome\test\reporter.test.js,1,1449
2004,AssignmentExpression,nan,-1,-1,-1,184,6,184,36,packages\mochawesome\test\reporter.test.js,1,1450
2005,AssignmentExpression,nan,-1,-1,-1,185,6,185,24,packages\mochawesome\test\reporter.test.js,1,1451
2006,AssignmentExpression,nan,-1,-1,-1,186,6,186,28,packages\mochawesome\test\reporter.test.js,1,1452
2007,CallExpression,nan,1,-1,-1,187,6,190,8,packages\mochawesome\test\reporter.test.js,1,1453
2008,Identifier,done,-1,-1,-1,196,37,196,41,packages\mochawesome\test\reporter.test.js,1,1454
2010,BlockStatement,nan,-1,-1,-1,196,45,207,7,packages\mochawesome\test\reporter.test.js,1,1455
2011,Identifier,done,-1,-1,-1,211,37,211,41,packages\mochawesome\test\reporter.test.js,1,1456
2013,BlockStatement,nan,-1,-1,-1,211,45,224,7,packages\mochawesome\test\reporter.test.js,1,1457
2014,CallExpression,nan,2,-1,-1,228,6,228,33,packages\mochawesome\test\reporter.test.js,1,1458
2015,CallExpression,nan,2,-1,-1,229,6,229,33,packages\mochawesome\test\reporter.test.js,1,1459
2016,CallExpression,nan,2,-1,-1,233,6,233,34,packages\mochawesome\test\reporter.test.js,1,1460
2017,CallExpression,nan,2,-1,-1,234,6,234,34,packages\mochawesome\test\reporter.test.js,1,1461
2018,CallExpression,nan,1,-1,-1,243,6,243,50,packages\mochawesome\test\reporter.test.js,1,1462
2019,CallExpression,nan,1,-1,-1,247,6,250,8,packages\mochawesome\test\reporter.test.js,1,1463
2020,CallExpression,nan,1,-1,-1,252,6,254,8,packages\mochawesome\test\reporter.test.js,1,1464
2021,CallExpression,nan,2,-1,-1,256,6,265,8,packages\mochawesome\test\reporter.test.js,1,1465
2022,CallExpression,nan,1,-1,-1,269,6,278,8,packages\mochawesome\test\reporter.test.js,1,1466
2023,CallExpression,nan,2,-1,-1,280,6,290,8,packages\mochawesome\test\reporter.test.js,1,1467
2024,CallExpression,nan,1,-1,-1,294,6,296,8,packages\mochawesome\test\reporter.test.js,1,1468
2025,CallExpression,nan,2,-1,-1,298,6,307,8,packages\mochawesome\test\reporter.test.js,1,1469
2026,CallExpression,nan,2,-1,-1,311,6,327,8,packages\mochawesome\test\reporter.test.js,1,1470
2027,CallExpression,nan,2,-1,-1,329,6,345,8,packages\mochawesome\test\reporter.test.js,1,1471
2028,CallExpression,nan,2,-1,-1,347,6,363,8,packages\mochawesome\test\reporter.test.js,1,1472
2029,CallExpression,nan,1,-1,-1,371,6,371,50,packages\mochawesome\test\reporter.test.js,1,1473
2030,AssignmentExpression,nan,-1,-1,-1,372,6,372,31,packages\mochawesome\test\reporter.test.js,1,1474
2031,CallExpression,nan,0,-1,-1,373,6,373,21,packages\mochawesome\test\reporter.test.js,1,1475
2032,CallExpression,nan,0,-1,-1,374,6,374,24,packages\mochawesome\test\reporter.test.js,1,1476
2033,AssignmentExpression,nan,-1,-1,-1,375,6,381,8,packages\mochawesome\test\reporter.test.js,1,1477
2034,CallExpression,nan,1,-1,-1,385,6,385,45,packages\mochawesome\test\reporter.test.js,1,1478
2035,CallExpression,nan,1,-1,-1,387,13,390,8,packages\mochawesome\test\reporter.test.js,1,1479
2036,CallExpression,nan,1,-1,-1,394,6,394,29,packages\mochawesome\test\reporter.test.js,1,1480
2037,CallExpression,nan,1,-1,-1,396,13,399,8,packages\mochawesome\test\reporter.test.js,1,1481
2038,CallExpression,nan,1,-1,-1,403,6,403,41,packages\mochawesome\test\reporter.test.js,1,1482
2039,CallExpression,nan,1,-1,-1,405,13,409,8,packages\mochawesome\test\reporter.test.js,1,1483
2040,CallExpression,nan,1,-1,-1,413,6,413,41,packages\mochawesome\test\reporter.test.js,1,1484
2041,CallExpression,nan,1,-1,-1,415,13,419,8,packages\mochawesome\test\reporter.test.js,1,1485
2042,CallExpression,nan,1,-1,-1,423,6,423,43,packages\mochawesome\test\reporter.test.js,1,1486
2043,CallExpression,nan,1,-1,-1,425,13,428,8,packages\mochawesome\test\reporter.test.js,1,1487
2044,CallExpression,nan,1,-1,-1,432,6,432,29,packages\mochawesome\test\reporter.test.js,1,1488
2045,CallExpression,nan,1,-1,-1,434,13,443,8,packages\mochawesome\test\reporter.test.js,1,1489
2046,CallExpression,nan,1,-1,-1,447,6,447,63,packages\mochawesome\test\reporter.test.js,1,1490
2047,CallExpression,nan,1,-1,-1,449,13,454,8,packages\mochawesome\test\reporter.test.js,1,1491
2048,CallExpression,nan,1,-1,-1,458,6,458,29,packages\mochawesome\test\reporter.test.js,1,1492
2049,CallExpression,nan,1,-1,-1,460,13,463,8,packages\mochawesome\test\reporter.test.js,1,1493
2050,MemberExpression,nan,-1,-1,-1,67,13,67,25,packages\mochawesome\test\reporter.test.js,1,1494
2051,Identifier,mochaReporter,-1,-1,-1,68,6,68,19,packages\mochawesome\test\reporter.test.js,1,1495
2052,NewExpression,nan,2,-1,-1,68,22,72,8,packages\mochawesome\test\reporter.test.js,1,1496
2054,MemberExpression,nan,-1,-1,-1,76,6,76,44,packages\mochawesome\test\reporter.test.js,1,1497
2055,Identifier,test,-1,-1,-1,83,23,83,27,packages\mochawesome\test\reporter.test.js,1,1498
2056,MemberExpression,nan,-1,-1,-1,83,6,83,22,packages\mochawesome\test\reporter.test.js,1,1499
2057,ArrowFunctionExpression,nan,-1,1,0,85,17,89,7,packages\mochawesome\test\reporter.test.js,1,1500
2058,MemberExpression,nan,-1,-1,-1,85,6,85,16,packages\mochawesome\test\reporter.test.js,1,1501
2059,Identifier,test,-1,-1,-1,95,23,95,27,packages\mochawesome\test\reporter.test.js,1,1502
2060,MemberExpression,nan,-1,-1,-1,95,6,95,22,packages\mochawesome\test\reporter.test.js,1,1503
2061,ArrowFunctionExpression,nan,-1,1,0,97,17,101,7,packages\mochawesome\test\reporter.test.js,1,1504
2062,MemberExpression,nan,-1,-1,-1,97,6,97,16,packages\mochawesome\test\reporter.test.js,1,1505
2063,Identifier,test,-1,-1,-1,106,23,106,27,packages\mochawesome\test\reporter.test.js,1,1506
2064,MemberExpression,nan,-1,-1,-1,106,6,106,22,packages\mochawesome\test\reporter.test.js,1,1507
2065,ArrowFunctionExpression,nan,-1,1,0,108,17,113,7,packages\mochawesome\test\reporter.test.js,1,1508
2066,MemberExpression,nan,-1,-1,-1,108,6,108,16,packages\mochawesome\test\reporter.test.js,1,1509
2067,ArrowFunctionExpression,nan,-1,1,0,124,58,125,30,packages\mochawesome\test\reporter.test.js,1,1510
2068,MemberExpression,nan,-1,-1,-1,124,6,124,57,packages\mochawesome\test\reporter.test.js,1,1511
2069,ArrowFunctionExpression,nan,-1,0,0,128,17,133,7,packages\mochawesome\test\reporter.test.js,1,1512
2070,MemberExpression,nan,-1,-1,-1,128,6,128,16,packages\mochawesome\test\reporter.test.js,1,1513
2071,ArrowFunctionExpression,nan,-1,1,0,137,17,141,7,packages\mochawesome\test\reporter.test.js,1,1514
2072,MemberExpression,nan,-1,-1,-1,137,6,137,16,packages\mochawesome\test\reporter.test.js,1,1515
2073,MemberExpression,nan,-1,-1,-1,146,6,146,15,packages\mochawesome\test\reporter.test.js,1,1516
2075,MemberExpression,nan,-1,-1,-1,147,6,147,19,packages\mochawesome\test\reporter.test.js,1,1517
2077,Identifier,test,-1,-1,-1,148,20,148,24,packages\mochawesome\test\reporter.test.js,1,1518
2078,MemberExpression,nan,-1,-1,-1,148,6,148,19,packages\mochawesome\test\reporter.test.js,1,1519
2079,MemberExpression,nan,-1,-1,-1,149,6,149,18,packages\mochawesome\test\reporter.test.js,1,1520
2080,ArrayExpression,nan,-1,-1,-1,149,21,149,23,packages\mochawesome\test\reporter.test.js,1,1521
2081,ArrowFunctionExpression,nan,-1,0,0,150,17,153,7,packages\mochawesome\test\reporter.test.js,1,1522
2082,MemberExpression,nan,-1,-1,-1,150,6,150,16,packages\mochawesome\test\reporter.test.js,1,1523
2083,Identifier,test,-1,-1,-1,158,23,158,27,packages\mochawesome\test\reporter.test.js,1,1524
2084,MemberExpression,nan,-1,-1,-1,158,6,158,22,packages\mochawesome\test\reporter.test.js,1,1525
2085,MemberExpression,nan,-1,-1,-1,159,6,159,19,packages\mochawesome\test\reporter.test.js,1,1526
2087,ArrowFunctionExpression,nan,-1,0,0,160,17,163,7,packages\mochawesome\test\reporter.test.js,1,1527
2088,MemberExpression,nan,-1,-1,-1,160,6,160,16,packages\mochawesome\test\reporter.test.js,1,1528
2089,MemberExpression,nan,-1,-1,-1,168,6,168,16,packages\mochawesome\test\reporter.test.js,1,1529
2091,MemberExpression,nan,-1,-1,-1,169,6,169,20,packages\mochawesome\test\reporter.test.js,1,1530
2093,MemberExpression,nan,-1,-1,-1,170,6,170,15,packages\mochawesome\test\reporter.test.js,1,1531
2095,MemberExpression,nan,-1,-1,-1,171,6,171,19,packages\mochawesome\test\reporter.test.js,1,1532
2097,Identifier,test,-1,-1,-1,172,20,172,24,packages\mochawesome\test\reporter.test.js,1,1533
2098,MemberExpression,nan,-1,-1,-1,172,6,172,19,packages\mochawesome\test\reporter.test.js,1,1534
2099,MemberExpression,nan,-1,-1,-1,173,6,173,18,packages\mochawesome\test\reporter.test.js,1,1535
2100,ArrayExpression,nan,-1,-1,-1,173,21,173,23,packages\mochawesome\test\reporter.test.js,1,1536
2101,ArrowFunctionExpression,nan,-1,0,0,174,17,177,7,packages\mochawesome\test\reporter.test.js,1,1537
2102,MemberExpression,nan,-1,-1,-1,174,6,174,16,packages\mochawesome\test\reporter.test.js,1,1538
2103,Identifier,test,-1,-1,-1,182,23,182,27,packages\mochawesome\test\reporter.test.js,1,1539
2104,MemberExpression,nan,-1,-1,-1,182,6,182,22,packages\mochawesome\test\reporter.test.js,1,1540
2105,MemberExpression,nan,-1,-1,-1,183,6,183,16,packages\mochawesome\test\reporter.test.js,1,1541
2107,MemberExpression,nan,-1,-1,-1,184,6,184,20,packages\mochawesome\test\reporter.test.js,1,1542
2109,MemberExpression,nan,-1,-1,-1,185,6,185,19,packages\mochawesome\test\reporter.test.js,1,1543
2111,MemberExpression,nan,-1,-1,-1,186,6,186,23,packages\mochawesome\test\reporter.test.js,1,1544
2113,ArrowFunctionExpression,nan,-1,0,0,187,17,190,7,packages\mochawesome\test\reporter.test.js,1,1545
2114,MemberExpression,nan,-1,-1,-1,187,6,187,16,packages\mochawesome\test\reporter.test.js,1,1546
2115,VariableDeclaration,nan,-1,-1,-1,197,8,197,56,packages\mochawesome\test\reporter.test.js,1,1547
2119,VariableDeclaration,nan,-1,-1,-1,212,8,212,56,packages\mochawesome\test\reporter.test.js,1,1548
2123,Identifier,type,-1,-1,-1,228,22,228,26,packages\mochawesome\test\reporter.test.js,1,1549
2125,Identifier,passingHookTest,-1,-1,-1,228,6,228,21,packages\mochawesome\test\reporter.test.js,1,1550
2126,Identifier,type,-1,-1,-1,229,22,229,26,packages\mochawesome\test\reporter.test.js,1,1551
2128,Identifier,failingHookTest,-1,-1,-1,229,6,229,21,packages\mochawesome\test\reporter.test.js,1,1552
2129,Identifier,type,-1,-1,-1,233,22,233,26,packages\mochawesome\test\reporter.test.js,1,1553
2131,Identifier,passingHookTest,-1,-1,-1,233,6,233,21,packages\mochawesome\test\reporter.test.js,1,1554
2132,Identifier,type,-1,-1,-1,234,22,234,26,packages\mochawesome\test\reporter.test.js,1,1555
2134,Identifier,failingHookTest,-1,-1,-1,234,6,234,21,packages\mochawesome\test\reporter.test.js,1,1556
2135,CallExpression,nan,2,-1,-1,243,23,243,49,packages\mochawesome\test\reporter.test.js,1,1557
2136,MemberExpression,nan,-1,-1,-1,243,6,243,22,packages\mochawesome\test\reporter.test.js,1,1558
2137,ArrowFunctionExpression,nan,-1,0,0,247,17,250,7,packages\mochawesome\test\reporter.test.js,1,1559
2138,Identifier,beforeEach,-1,-1,-1,247,6,247,16,packages\mochawesome\test\reporter.test.js,1,1560
2139,ArrowFunctionExpression,nan,-1,0,0,252,16,254,7,packages\mochawesome\test\reporter.test.js,1,1561
2140,Identifier,afterEach,-1,-1,-1,252,6,252,15,packages\mochawesome\test\reporter.test.js,1,1562
2142,ArrowFunctionExpression,nan,-1,1,0,256,68,265,7,packages\mochawesome\test\reporter.test.js,1,1563
2143,Identifier,it,-1,-1,-1,256,6,256,8,packages\mochawesome\test\reporter.test.js,1,1564
2144,ArrowFunctionExpression,nan,-1,0,0,269,17,278,7,packages\mochawesome\test\reporter.test.js,1,1565
2145,Identifier,beforeEach,-1,-1,-1,269,6,269,16,packages\mochawesome\test\reporter.test.js,1,1566
2147,ArrowFunctionExpression,nan,-1,1,0,280,63,290,7,packages\mochawesome\test\reporter.test.js,1,1567
2148,Identifier,it,-1,-1,-1,280,6,280,8,packages\mochawesome\test\reporter.test.js,1,1568
2149,ArrowFunctionExpression,nan,-1,0,0,294,17,296,7,packages\mochawesome\test\reporter.test.js,1,1569
2150,Identifier,beforeEach,-1,-1,-1,294,6,294,16,packages\mochawesome\test\reporter.test.js,1,1570
2152,ArrowFunctionExpression,nan,-1,1,0,298,42,307,7,packages\mochawesome\test\reporter.test.js,1,1571
2153,Identifier,it,-1,-1,-1,298,6,298,8,packages\mochawesome\test\reporter.test.js,1,1572
2155,ArrowFunctionExpression,nan,-1,1,0,311,52,327,7,packages\mochawesome\test\reporter.test.js,1,1573
2156,Identifier,it,-1,-1,-1,311,6,311,8,packages\mochawesome\test\reporter.test.js,1,1574
2158,ArrowFunctionExpression,nan,-1,1,0,329,57,345,7,packages\mochawesome\test\reporter.test.js,1,1575
2159,Identifier,it,-1,-1,-1,329,6,329,8,packages\mochawesome\test\reporter.test.js,1,1576
2161,ArrowFunctionExpression,nan,-1,1,0,347,71,363,7,packages\mochawesome\test\reporter.test.js,1,1577
2162,Identifier,it,-1,-1,-1,347,6,347,8,packages\mochawesome\test\reporter.test.js,1,1578
2163,CallExpression,nan,2,-1,-1,371,23,371,49,packages\mochawesome\test\reporter.test.js,1,1579
2164,MemberExpression,nan,-1,-1,-1,371,6,371,22,packages\mochawesome\test\reporter.test.js,1,1580
2165,Identifier,mochaExitFn,-1,-1,-1,372,6,372,17,packages\mochawesome\test\reporter.test.js,1,1581
2166,CallExpression,nan,0,-1,-1,372,20,372,31,packages\mochawesome\test\reporter.test.js,1,1582
2167,MemberExpression,nan,-1,-1,-1,373,6,373,19,packages\mochawesome\test\reporter.test.js,1,1583
2168,MemberExpression,nan,-1,-1,-1,374,6,374,22,packages\mochawesome\test\reporter.test.js,1,1584
2169,Identifier,mochaReporter,-1,-1,-1,375,6,375,19,packages\mochawesome\test\reporter.test.js,1,1585
2170,NewExpression,nan,2,-1,-1,375,22,381,8,packages\mochawesome\test\reporter.test.js,1,1586
2171,CallExpression,nan,1,-1,-1,385,25,385,44,packages\mochawesome\test\reporter.test.js,1,1587
2172,MemberExpression,nan,-1,-1,-1,385,6,385,24,packages\mochawesome\test\reporter.test.js,1,1588
2173,ArrowFunctionExpression,nan,-1,0,0,387,40,390,7,packages\mochawesome\test\reporter.test.js,1,1589
2174,MemberExpression,nan,-1,-1,-1,387,13,387,39,packages\mochawesome\test\reporter.test.js,1,1590
2175,ArrayExpression,nan,-1,-1,-1,394,26,394,28,packages\mochawesome\test\reporter.test.js,1,1591
2176,MemberExpression,nan,-1,-1,-1,394,6,394,25,packages\mochawesome\test\reporter.test.js,1,1592
2177,ArrowFunctionExpression,nan,-1,0,0,396,53,399,7,packages\mochawesome\test\reporter.test.js,1,1593
2178,MemberExpression,nan,-1,-1,-1,396,13,396,52,packages\mochawesome\test\reporter.test.js,1,1594
2179,ArrayExpression,nan,-1,-1,-1,403,26,403,40,packages\mochawesome\test\reporter.test.js,1,1595
2180,MemberExpression,nan,-1,-1,-1,403,6,403,25,packages\mochawesome\test\reporter.test.js,1,1596
2181,ArrowFunctionExpression,nan,-1,0,0,405,53,409,7,packages\mochawesome\test\reporter.test.js,1,1597
2182,MemberExpression,nan,-1,-1,-1,405,13,405,52,packages\mochawesome\test\reporter.test.js,1,1598
2183,ArrayExpression,nan,-1,-1,-1,413,26,413,40,packages\mochawesome\test\reporter.test.js,1,1599
2184,MemberExpression,nan,-1,-1,-1,413,6,413,25,packages\mochawesome\test\reporter.test.js,1,1600
2185,ArrowFunctionExpression,nan,-1,0,0,415,53,419,7,packages\mochawesome\test\reporter.test.js,1,1601
2186,MemberExpression,nan,-1,-1,-1,415,13,415,52,packages\mochawesome\test\reporter.test.js,1,1602
2187,ArrayExpression,nan,-1,-1,-1,423,26,423,42,packages\mochawesome\test\reporter.test.js,1,1603
2188,MemberExpression,nan,-1,-1,-1,423,6,423,25,packages\mochawesome\test\reporter.test.js,1,1604
2189,ArrowFunctionExpression,nan,-1,0,0,425,53,428,7,packages\mochawesome\test\reporter.test.js,1,1605
2190,MemberExpression,nan,-1,-1,-1,425,13,425,52,packages\mochawesome\test\reporter.test.js,1,1606
2191,ArrayExpression,nan,-1,-1,-1,432,26,432,28,packages\mochawesome\test\reporter.test.js,1,1607
2192,MemberExpression,nan,-1,-1,-1,432,6,432,25,packages\mochawesome\test\reporter.test.js,1,1608
2193,ArrowFunctionExpression,nan,-1,0,0,434,53,443,7,packages\mochawesome\test\reporter.test.js,1,1609
2194,MemberExpression,nan,-1,-1,-1,434,13,434,52,packages\mochawesome\test\reporter.test.js,1,1610
2195,ObjectExpression,nan,-1,-1,-1,447,25,447,62,packages\mochawesome\test\reporter.test.js,1,1611
2196,MemberExpression,nan,-1,-1,-1,447,6,447,24,packages\mochawesome\test\reporter.test.js,1,1612
2197,ArrowFunctionExpression,nan,-1,0,0,449,53,454,7,packages\mochawesome\test\reporter.test.js,1,1613
2198,MemberExpression,nan,-1,-1,-1,449,13,449,52,packages\mochawesome\test\reporter.test.js,1,1614
2199,ArrayExpression,nan,-1,-1,-1,458,26,458,28,packages\mochawesome\test\reporter.test.js,1,1615
2200,MemberExpression,nan,-1,-1,-1,458,6,458,25,packages\mochawesome\test\reporter.test.js,1,1616
2201,ArrowFunctionExpression,nan,-1,0,0,460,53,463,7,packages\mochawesome\test\reporter.test.js,1,1617
2202,MemberExpression,nan,-1,-1,-1,460,13,460,52,packages\mochawesome\test\reporter.test.js,1,1618
2203,Identifier,runner,-1,-1,-1,68,42,68,48,packages\mochawesome\test\reporter.test.js,1,1619
2204,ObjectExpression,nan,-1,-1,-1,68,50,72,7,packages\mochawesome\test\reporter.test.js,1,1620
2205,MemberExpression,nan,-1,-1,-1,68,26,68,41,packages\mochawesome\test\reporter.test.js,1,1621
2206,Identifier,failureCount,-1,-1,-1,85,17,85,29,packages\mochawesome\test\reporter.test.js,1,1622
2208,BlockStatement,nan,-1,-1,-1,85,33,89,7,packages\mochawesome\test\reporter.test.js,1,1623
2209,Identifier,failureCount,-1,-1,-1,97,17,97,29,packages\mochawesome\test\reporter.test.js,1,1624
2211,BlockStatement,nan,-1,-1,-1,97,33,101,7,packages\mochawesome\test\reporter.test.js,1,1625
2212,Identifier,failureCount,-1,-1,-1,108,17,108,29,packages\mochawesome\test\reporter.test.js,1,1626
2214,BlockStatement,nan,-1,-1,-1,108,33,113,7,packages\mochawesome\test\reporter.test.js,1,1627
2215,Identifier,test,-1,-1,-1,124,58,124,62,packages\mochawesome\test\reporter.test.js,1,1628
2217,CallExpression,nan,1,-1,-1,125,8,125,30,packages\mochawesome\test\reporter.test.js,1,1629
2219,BlockStatement,nan,-1,-1,-1,128,23,133,7,packages\mochawesome\test\reporter.test.js,1,1630
2220,Identifier,failureCount,-1,-1,-1,137,17,137,29,packages\mochawesome\test\reporter.test.js,1,1631
2222,BlockStatement,nan,-1,-1,-1,137,33,141,7,packages\mochawesome\test\reporter.test.js,1,1632
2224,BlockStatement,nan,-1,-1,-1,150,23,153,7,packages\mochawesome\test\reporter.test.js,1,1633
2226,BlockStatement,nan,-1,-1,-1,160,23,163,7,packages\mochawesome\test\reporter.test.js,1,1634
2228,BlockStatement,nan,-1,-1,-1,174,23,177,7,packages\mochawesome\test\reporter.test.js,1,1635
2230,BlockStatement,nan,-1,-1,-1,187,23,190,7,packages\mochawesome\test\reporter.test.js,1,1636
2231,CallExpression,nan,2,-1,-1,198,8,198,64,packages\mochawesome\test\reporter.test.js,1,1637
2232,CallExpression,nan,1,-1,-1,199,8,199,30,packages\mochawesome\test\reporter.test.js,1,1638
2233,CallExpression,nan,1,-1,-1,200,8,206,10,packages\mochawesome\test\reporter.test.js,1,1639
2234,CallExpression,nan,2,-1,-1,213,8,215,10,packages\mochawesome\test\reporter.test.js,1,1640
2235,CallExpression,nan,1,-1,-1,216,8,216,30,packages\mochawesome\test\reporter.test.js,1,1641
2236,CallExpression,nan,1,-1,-1,217,8,223,10,packages\mochawesome\test\reporter.test.js,1,1642
2238,ArrowFunctionExpression,nan,-1,0,0,243,40,243,48,packages\mochawesome\test\reporter.test.js,1,1643
2239,Identifier,makeTest,-1,-1,-1,243,23,243,31,packages\mochawesome\test\reporter.test.js,1,1644
2241,BlockStatement,nan,-1,-1,-1,247,23,250,7,packages\mochawesome\test\reporter.test.js,1,1645
2243,BlockStatement,nan,-1,-1,-1,252,22,254,7,packages\mochawesome\test\reporter.test.js,1,1646
2244,Identifier,done,-1,-1,-1,256,68,256,72,packages\mochawesome\test\reporter.test.js,1,1647
2246,BlockStatement,nan,-1,-1,-1,256,76,265,7,packages\mochawesome\test\reporter.test.js,1,1648
2248,BlockStatement,nan,-1,-1,-1,269,23,278,7,packages\mochawesome\test\reporter.test.js,1,1649
2249,Identifier,done,-1,-1,-1,280,63,280,67,packages\mochawesome\test\reporter.test.js,1,1650
2251,BlockStatement,nan,-1,-1,-1,280,71,290,7,packages\mochawesome\test\reporter.test.js,1,1651
2253,BlockStatement,nan,-1,-1,-1,294,23,296,7,packages\mochawesome\test\reporter.test.js,1,1652
2254,Identifier,done,-1,-1,-1,298,42,298,46,packages\mochawesome\test\reporter.test.js,1,1653
2256,BlockStatement,nan,-1,-1,-1,298,50,307,7,packages\mochawesome\test\reporter.test.js,1,1654
2257,Identifier,done,-1,-1,-1,311,52,311,56,packages\mochawesome\test\reporter.test.js,1,1655
2259,BlockStatement,nan,-1,-1,-1,311,60,327,7,packages\mochawesome\test\reporter.test.js,1,1656
2260,Identifier,done,-1,-1,-1,329,57,329,61,packages\mochawesome\test\reporter.test.js,1,1657
2262,BlockStatement,nan,-1,-1,-1,329,65,345,7,packages\mochawesome\test\reporter.test.js,1,1658
2263,Identifier,done,-1,-1,-1,347,71,347,75,packages\mochawesome\test\reporter.test.js,1,1659
2265,BlockStatement,nan,-1,-1,-1,347,79,363,7,packages\mochawesome\test\reporter.test.js,1,1660
2267,ArrowFunctionExpression,nan,-1,0,0,371,40,371,48,packages\mochawesome\test\reporter.test.js,1,1661
2268,Identifier,makeTest,-1,-1,-1,371,23,371,31,packages\mochawesome\test\reporter.test.js,1,1662
2269,MemberExpression,nan,-1,-1,-1,372,20,372,29,packages\mochawesome\test\reporter.test.js,1,1663
2270,Identifier,runner,-1,-1,-1,375,42,375,48,packages\mochawesome\test\reporter.test.js,1,1664
2271,ObjectExpression,nan,-1,-1,-1,375,50,381,7,packages\mochawesome\test\reporter.test.js,1,1665
2272,MemberExpression,nan,-1,-1,-1,375,26,375,41,packages\mochawesome\test\reporter.test.js,1,1666
2273,ObjectExpression,nan,-1,-1,-1,385,41,385,43,packages\mochawesome\test\reporter.test.js,1,1667
2274,MemberExpression,nan,-1,-1,-1,385,25,385,40,packages\mochawesome\test\reporter.test.js,1,1668
2276,BlockStatement,nan,-1,-1,-1,387,46,390,7,packages\mochawesome\test\reporter.test.js,1,1669
2278,BlockStatement,nan,-1,-1,-1,396,59,399,7,packages\mochawesome\test\reporter.test.js,1,1670
2280,BlockStatement,nan,-1,-1,-1,405,59,409,7,packages\mochawesome\test\reporter.test.js,1,1671
2282,BlockStatement,nan,-1,-1,-1,415,59,419,7,packages\mochawesome\test\reporter.test.js,1,1672
2284,BlockStatement,nan,-1,-1,-1,425,59,428,7,packages\mochawesome\test\reporter.test.js,1,1673
2286,BlockStatement,nan,-1,-1,-1,434,59,443,7,packages\mochawesome\test\reporter.test.js,1,1674
2288,BlockStatement,nan,-1,-1,-1,449,59,454,7,packages\mochawesome\test\reporter.test.js,1,1675
2290,BlockStatement,nan,-1,-1,-1,460,59,463,7,packages\mochawesome\test\reporter.test.js,1,1676
2301,Identifier,test,-1,-1,-1,125,25,125,29,packages\mochawesome\test\reporter.test.js,1,1677
2302,MemberExpression,nan,-1,-1,-1,125,8,125,24,packages\mochawesome\test\reporter.test.js,1,1678
2318,TemplateLiteral,nan,-1,-1,-1,198,27,198,53,packages\mochawesome\test\reporter.test.js,1,1679
2319,ArrowFunctionExpression,nan,-1,0,0,198,55,198,63,packages\mochawesome\test\reporter.test.js,1,1680
2320,MemberExpression,nan,-1,-1,-1,198,8,198,26,packages\mochawesome\test\reporter.test.js,1,1681
2321,Identifier,test,-1,-1,-1,199,25,199,29,packages\mochawesome\test\reporter.test.js,1,1682
2322,MemberExpression,nan,-1,-1,-1,199,8,199,24,packages\mochawesome\test\reporter.test.js,1,1683
2323,ArrowFunctionExpression,nan,-1,0,0,200,19,206,9,packages\mochawesome\test\reporter.test.js,1,1684
2324,MemberExpression,nan,-1,-1,-1,200,8,200,18,packages\mochawesome\test\reporter.test.js,1,1685
2325,TemplateLiteral,nan,-1,-1,-1,213,27,213,53,packages\mochawesome\test\reporter.test.js,1,1686
2326,ArrowFunctionExpression,nan,-1,0,0,213,55,215,9,packages\mochawesome\test\reporter.test.js,1,1687
2327,MemberExpression,nan,-1,-1,-1,213,8,213,26,packages\mochawesome\test\reporter.test.js,1,1688
2328,Identifier,test,-1,-1,-1,216,25,216,29,packages\mochawesome\test\reporter.test.js,1,1689
2329,MemberExpression,nan,-1,-1,-1,216,8,216,24,packages\mochawesome\test\reporter.test.js,1,1690
2330,ArrowFunctionExpression,nan,-1,0,0,217,19,223,9,packages\mochawesome\test\reporter.test.js,1,1691
2331,MemberExpression,nan,-1,-1,-1,217,8,217,18,packages\mochawesome\test\reporter.test.js,1,1692
2333,BlockStatement,nan,-1,-1,-1,243,46,243,48,packages\mochawesome\test\reporter.test.js,1,1693
2353,BlockStatement,nan,-1,-1,-1,371,46,371,48,packages\mochawesome\test\reporter.test.js,1,1694
2373,CallExpression,nan,1,-1,-1,86,8,86,36,packages\mochawesome\test\reporter.test.js,1,1695
2374,CallExpression,nan,1,-1,-1,87,8,87,57,packages\mochawesome\test\reporter.test.js,1,1696
2375,CallExpression,nan,0,-1,-1,88,8,88,14,packages\mochawesome\test\reporter.test.js,1,1697
2376,CallExpression,nan,1,-1,-1,98,8,98,36,packages\mochawesome\test\reporter.test.js,1,1698
2377,CallExpression,nan,1,-1,-1,99,8,99,55,packages\mochawesome\test\reporter.test.js,1,1699
2378,CallExpression,nan,0,-1,-1,100,8,100,14,packages\mochawesome\test\reporter.test.js,1,1700
2379,CallExpression,nan,1,-1,-1,109,8,109,36,packages\mochawesome\test\reporter.test.js,1,1701
2380,CallExpression,nan,1,-1,-1,110,8,110,51,packages\mochawesome\test\reporter.test.js,1,1702
2381,CallExpression,nan,1,-1,-1,111,8,111,60,packages\mochawesome\test\reporter.test.js,1,1703
2382,CallExpression,nan,0,-1,-1,112,8,112,14,packages\mochawesome\test\reporter.test.js,1,1704
2383,CallExpression,nan,1,-1,-1,129,8,129,50,packages\mochawesome\test\reporter.test.js,1,1705
2384,CallExpression,nan,1,-1,-1,130,8,130,52,packages\mochawesome\test\reporter.test.js,1,1706
2385,CallExpression,nan,1,-1,-1,131,8,131,56,packages\mochawesome\test\reporter.test.js,1,1707
2386,CallExpression,nan,0,-1,-1,132,8,132,14,packages\mochawesome\test\reporter.test.js,1,1708
2387,CallExpression,nan,1,-1,-1,138,8,138,36,packages\mochawesome\test\reporter.test.js,1,1709
2388,CallExpression,nan,1,-1,-1,139,8,139,44,packages\mochawesome\test\reporter.test.js,1,1710
2389,CallExpression,nan,0,-1,-1,140,8,140,14,packages\mochawesome\test\reporter.test.js,1,1711
2390,CallExpression,nan,1,-1,-1,151,8,151,76,packages\mochawesome\test\reporter.test.js,1,1712
2391,CallExpression,nan,0,-1,-1,152,8,152,14,packages\mochawesome\test\reporter.test.js,1,1713
2392,CallExpression,nan,1,-1,-1,161,8,161,76,packages\mochawesome\test\reporter.test.js,1,1714
2393,CallExpression,nan,0,-1,-1,162,8,162,14,packages\mochawesome\test\reporter.test.js,1,1715
2394,CallExpression,nan,1,-1,-1,175,8,175,76,packages\mochawesome\test\reporter.test.js,1,1716
2395,CallExpression,nan,0,-1,-1,176,8,176,14,packages\mochawesome\test\reporter.test.js,1,1717
2396,CallExpression,nan,1,-1,-1,188,8,188,76,packages\mochawesome\test\reporter.test.js,1,1718
2397,CallExpression,nan,0,-1,-1,189,8,189,14,packages\mochawesome\test\reporter.test.js,1,1719
2399,BlockStatement,nan,-1,-1,-1,198,61,198,63,packages\mochawesome\test\reporter.test.js,1,1720
2401,BlockStatement,nan,-1,-1,-1,200,25,206,9,packages\mochawesome\test\reporter.test.js,1,1721
2403,BlockStatement,nan,-1,-1,-1,213,61,215,9,packages\mochawesome\test\reporter.test.js,1,1722
2405,BlockStatement,nan,-1,-1,-1,217,25,223,9,packages\mochawesome\test\reporter.test.js,1,1723
2406,AssignmentExpression,nan,-1,-1,-1,248,8,248,55,packages\mochawesome\test\reporter.test.js,1,1724
2407,AssignmentExpression,nan,-1,-1,-1,249,8,249,40,packages\mochawesome\test\reporter.test.js,1,1725
2408,UnaryExpression,nan,1,-1,-1,253,8,253,53,packages\mochawesome\test\reporter.test.js,1,1726
2409,CallExpression,nan,1,-1,-1,257,8,264,10,packages\mochawesome\test\reporter.test.js,1,1727
2410,AssignmentExpression,nan,-1,-1,-1,270,8,270,47,packages\mochawesome\test\reporter.test.js,1,1728
2411,AssignmentExpression,nan,-1,-1,-1,271,8,277,10,packages\mochawesome\test\reporter.test.js,1,1729
2412,CallExpression,nan,1,-1,-1,281,8,289,10,packages\mochawesome\test\reporter.test.js,1,1730
2413,AssignmentExpression,nan,-1,-1,-1,295,8,295,59,packages\mochawesome\test\reporter.test.js,1,1731
2414,CallExpression,nan,1,-1,-1,299,8,306,10,packages\mochawesome\test\reporter.test.js,1,1732
2415,CallExpression,nan,0,-1,-1,312,8,312,24,packages\mochawesome\test\reporter.test.js,1,1733
2416,AssignmentExpression,nan,-1,-1,-1,313,8,317,10,packages\mochawesome\test\reporter.test.js,1,1734
2417,CallExpression,nan,1,-1,-1,318,8,326,10,packages\mochawesome\test\reporter.test.js,1,1735
2418,CallExpression,nan,0,-1,-1,330,8,330,24,packages\mochawesome\test\reporter.test.js,1,1736
2419,AssignmentExpression,nan,-1,-1,-1,331,8,335,10,packages\mochawesome\test\reporter.test.js,1,1737
2420,CallExpression,nan,1,-1,-1,336,8,344,10,packages\mochawesome\test\reporter.test.js,1,1738
2421,CallExpression,nan,0,-1,-1,348,8,348,24,packages\mochawesome\test\reporter.test.js,1,1739
2422,AssignmentExpression,nan,-1,-1,-1,349,8,353,10,packages\mochawesome\test\reporter.test.js,1,1740
2423,CallExpression,nan,1,-1,-1,354,8,362,10,packages\mochawesome\test\reporter.test.js,1,1741
2424,CallExpression,nan,1,-1,-1,388,8,388,46,packages\mochawesome\test\reporter.test.js,1,1742
2425,CallExpression,nan,1,-1,-1,389,8,389,59,packages\mochawesome\test\reporter.test.js,1,1743
2426,CallExpression,nan,1,-1,-1,397,8,397,46,packages\mochawesome\test\reporter.test.js,1,1744
2427,CallExpression,nan,1,-1,-1,398,8,398,66,packages\mochawesome\test\reporter.test.js,1,1745
2428,CallExpression,nan,1,-1,-1,406,8,406,46,packages\mochawesome\test\reporter.test.js,1,1746
2429,CallExpression,nan,1,-1,-1,407,8,407,41,packages\mochawesome\test\reporter.test.js,1,1747
2430,CallExpression,nan,1,-1,-1,408,8,408,68,packages\mochawesome\test\reporter.test.js,1,1748
2431,CallExpression,nan,1,-1,-1,416,8,416,46,packages\mochawesome\test\reporter.test.js,1,1749
2432,CallExpression,nan,1,-1,-1,417,8,417,41,packages\mochawesome\test\reporter.test.js,1,1750
2433,CallExpression,nan,1,-1,-1,418,8,418,68,packages\mochawesome\test\reporter.test.js,1,1751
2434,CallExpression,nan,1,-1,-1,426,8,426,46,packages\mochawesome\test\reporter.test.js,1,1752
2435,CallExpression,nan,1,-1,-1,427,8,427,41,packages\mochawesome\test\reporter.test.js,1,1753
2436,CallExpression,nan,1,-1,-1,435,8,442,10,packages\mochawesome\test\reporter.test.js,1,1754
2437,CallExpression,nan,1,-1,-1,450,8,450,45,packages\mochawesome\test\reporter.test.js,1,1755
2438,CallExpression,nan,1,-1,-1,451,8,451,46,packages\mochawesome\test\reporter.test.js,1,1756
2439,CallExpression,nan,1,-1,-1,452,8,452,41,packages\mochawesome\test\reporter.test.js,1,1757
2440,CallExpression,nan,1,-1,-1,453,8,453,48,packages\mochawesome\test\reporter.test.js,1,1758
2441,CallExpression,nan,1,-1,-1,461,8,461,46,packages\mochawesome\test\reporter.test.js,1,1759
2442,CallExpression,nan,2,-1,-1,462,8,462,62,packages\mochawesome\test\reporter.test.js,1,1760
2444,MemberExpression,nan,-1,-1,-1,86,8,86,33,packages\mochawesome\test\reporter.test.js,1,1761
2446,MemberExpression,nan,-1,-1,-1,87,8,87,52,packages\mochawesome\test\reporter.test.js,1,1762
2447,Identifier,done,-1,-1,-1,88,8,88,12,packages\mochawesome\test\reporter.test.js,1,1763
2449,MemberExpression,nan,-1,-1,-1,98,8,98,33,packages\mochawesome\test\reporter.test.js,1,1764
2451,MemberExpression,nan,-1,-1,-1,99,8,99,52,packages\mochawesome\test\reporter.test.js,1,1765
2452,Identifier,done,-1,-1,-1,100,8,100,12,packages\mochawesome\test\reporter.test.js,1,1766
2454,MemberExpression,nan,-1,-1,-1,109,8,109,33,packages\mochawesome\test\reporter.test.js,1,1767
2456,MemberExpression,nan,-1,-1,-1,110,8,110,48,packages\mochawesome\test\reporter.test.js,1,1768
2458,MemberExpression,nan,-1,-1,-1,111,8,111,55,packages\mochawesome\test\reporter.test.js,1,1769
2459,Identifier,done,-1,-1,-1,112,8,112,12,packages\mochawesome\test\reporter.test.js,1,1770
2461,MemberExpression,nan,-1,-1,-1,129,8,129,47,packages\mochawesome\test\reporter.test.js,1,1771
2463,MemberExpression,nan,-1,-1,-1,130,8,130,49,packages\mochawesome\test\reporter.test.js,1,1772
2465,MemberExpression,nan,-1,-1,-1,131,8,131,52,packages\mochawesome\test\reporter.test.js,1,1773
2466,Identifier,done,-1,-1,-1,132,8,132,12,packages\mochawesome\test\reporter.test.js,1,1774
2468,MemberExpression,nan,-1,-1,-1,138,8,138,33,packages\mochawesome\test\reporter.test.js,1,1775
2470,MemberExpression,nan,-1,-1,-1,139,8,139,38,packages\mochawesome\test\reporter.test.js,1,1776
2471,Identifier,done,-1,-1,-1,140,8,140,12,packages\mochawesome\test\reporter.test.js,1,1777
2473,MemberExpression,nan,-1,-1,-1,151,8,151,61,packages\mochawesome\test\reporter.test.js,1,1778
2474,Identifier,done,-1,-1,-1,152,8,152,12,packages\mochawesome\test\reporter.test.js,1,1779
2476,MemberExpression,nan,-1,-1,-1,161,8,161,61,packages\mochawesome\test\reporter.test.js,1,1780
2477,Identifier,done,-1,-1,-1,162,8,162,12,packages\mochawesome\test\reporter.test.js,1,1781
2479,MemberExpression,nan,-1,-1,-1,175,8,175,61,packages\mochawesome\test\reporter.test.js,1,1782
2480,Identifier,done,-1,-1,-1,176,8,176,12,packages\mochawesome\test\reporter.test.js,1,1783
2482,MemberExpression,nan,-1,-1,-1,188,8,188,61,packages\mochawesome\test\reporter.test.js,1,1784
2483,Identifier,done,-1,-1,-1,189,8,189,12,packages\mochawesome\test\reporter.test.js,1,1785
2484,VariableDeclaration,nan,-1,-1,-1,201,10,201,70,packages\mochawesome\test\reporter.test.js,1,1786
2485,VariableDeclaration,nan,-1,-1,-1,202,10,202,56,packages\mochawesome\test\reporter.test.js,1,1787
2489,ThrowStatement,nan,1,-1,-1,214,10,214,46,packages\mochawesome\test\reporter.test.js,1,1788
2490,VariableDeclaration,nan,-1,-1,-1,218,10,218,70,packages\mochawesome\test\reporter.test.js,1,1789
2491,VariableDeclaration,nan,-1,-1,-1,219,10,219,56,packages\mochawesome\test\reporter.test.js,1,1790
2495,MemberExpression,nan,-1,-1,-1,248,8,248,46,packages\mochawesome\test\reporter.test.js,1,1791
2497,Identifier,mochaReporter,-1,-1,-1,249,8,249,21,packages\mochawesome\test\reporter.test.js,1,1792
2498,CallExpression,nan,1,-1,-1,249,24,249,40,packages\mochawesome\test\reporter.test.js,1,1793
2499,MemberExpression,nan,-1,-1,-1,253,15,253,53,packages\mochawesome\test\reporter.test.js,1,1794
2500,ArrowFunctionExpression,nan,-1,0,0,257,19,264,9,packages\mochawesome\test\reporter.test.js,1,1795
2501,MemberExpression,nan,-1,-1,-1,257,8,257,18,packages\mochawesome\test\reporter.test.js,1,1796
2502,MemberExpression,nan,-1,-1,-1,270,8,270,37,packages\mochawesome\test\reporter.test.js,1,1797
2504,Identifier,mochaReporter,-1,-1,-1,271,8,271,21,packages\mochawesome\test\reporter.test.js,1,1798
2505,CallExpression,nan,1,-1,-1,271,24,277,10,packages\mochawesome\test\reporter.test.js,1,1799
2506,ArrowFunctionExpression,nan,-1,0,0,281,19,289,9,packages\mochawesome\test\reporter.test.js,1,1800
2507,MemberExpression,nan,-1,-1,-1,281,8,281,18,packages\mochawesome\test\reporter.test.js,1,1801
2508,Identifier,mochaReporter,-1,-1,-1,295,8,295,21,packages\mochawesome\test\reporter.test.js,1,1802
2509,CallExpression,nan,1,-1,-1,295,24,295,59,packages\mochawesome\test\reporter.test.js,1,1803
2510,ArrowFunctionExpression,nan,-1,0,0,299,19,306,9,packages\mochawesome\test\reporter.test.js,1,1804
2511,MemberExpression,nan,-1,-1,-1,299,8,299,18,packages\mochawesome\test\reporter.test.js,1,1805
2512,MemberExpression,nan,-1,-1,-1,312,8,312,22,packages\mochawesome\test\reporter.test.js,1,1806
2513,Identifier,mochaReporter,-1,-1,-1,313,8,313,21,packages\mochawesome\test\reporter.test.js,1,1807
2514,CallExpression,nan,1,-1,-1,313,24,317,10,packages\mochawesome\test\reporter.test.js,1,1808
2515,ArrowFunctionExpression,nan,-1,0,0,318,19,326,9,packages\mochawesome\test\reporter.test.js,1,1809
2516,MemberExpression,nan,-1,-1,-1,318,8,318,18,packages\mochawesome\test\reporter.test.js,1,1810
2517,MemberExpression,nan,-1,-1,-1,330,8,330,22,packages\mochawesome\test\reporter.test.js,1,1811
2518,Identifier,mochaReporter,-1,-1,-1,331,8,331,21,packages\mochawesome\test\reporter.test.js,1,1812
2519,CallExpression,nan,1,-1,-1,331,24,335,10,packages\mochawesome\test\reporter.test.js,1,1813
2520,ArrowFunctionExpression,nan,-1,0,0,336,19,344,9,packages\mochawesome\test\reporter.test.js,1,1814
2521,MemberExpression,nan,-1,-1,-1,336,8,336,18,packages\mochawesome\test\reporter.test.js,1,1815
2522,MemberExpression,nan,-1,-1,-1,348,8,348,22,packages\mochawesome\test\reporter.test.js,1,1816
2523,Identifier,mochaReporter,-1,-1,-1,349,8,349,21,packages\mochawesome\test\reporter.test.js,1,1817
2524,CallExpression,nan,1,-1,-1,349,24,353,10,packages\mochawesome\test\reporter.test.js,1,1818
2525,ArrowFunctionExpression,nan,-1,0,0,354,19,362,9,packages\mochawesome\test\reporter.test.js,1,1819
2526,MemberExpression,nan,-1,-1,-1,354,8,354,18,packages\mochawesome\test\reporter.test.js,1,1820
2528,MemberExpression,nan,-1,-1,-1,388,8,388,39,packages\mochawesome\test\reporter.test.js,1,1821
2530,MemberExpression,nan,-1,-1,-1,389,8,389,53,packages\mochawesome\test\reporter.test.js,1,1822
2532,MemberExpression,nan,-1,-1,-1,397,8,397,43,packages\mochawesome\test\reporter.test.js,1,1823
2534,MemberExpression,nan,-1,-1,-1,398,8,398,39,packages\mochawesome\test\reporter.test.js,1,1824
2536,MemberExpression,nan,-1,-1,-1,406,8,406,43,packages\mochawesome\test\reporter.test.js,1,1825
2538,MemberExpression,nan,-1,-1,-1,407,8,407,38,packages\mochawesome\test\reporter.test.js,1,1826
2540,MemberExpression,nan,-1,-1,-1,408,8,408,39,packages\mochawesome\test\reporter.test.js,1,1827
2542,MemberExpression,nan,-1,-1,-1,416,8,416,43,packages\mochawesome\test\reporter.test.js,1,1828
2544,MemberExpression,nan,-1,-1,-1,417,8,417,38,packages\mochawesome\test\reporter.test.js,1,1829
2546,MemberExpression,nan,-1,-1,-1,418,8,418,39,packages\mochawesome\test\reporter.test.js,1,1830
2548,MemberExpression,nan,-1,-1,-1,426,8,426,43,packages\mochawesome\test\reporter.test.js,1,1831
2550,MemberExpression,nan,-1,-1,-1,427,8,427,38,packages\mochawesome\test\reporter.test.js,1,1832
2551,ObjectExpression,nan,-1,-1,-1,435,47,442,9,packages\mochawesome\test\reporter.test.js,1,1833
2552,MemberExpression,nan,-1,-1,-1,435,8,435,46,packages\mochawesome\test\reporter.test.js,1,1834
2554,MemberExpression,nan,-1,-1,-1,450,8,450,39,packages\mochawesome\test\reporter.test.js,1,1835
2556,MemberExpression,nan,-1,-1,-1,451,8,451,43,packages\mochawesome\test\reporter.test.js,1,1836
2558,MemberExpression,nan,-1,-1,-1,452,8,452,35,packages\mochawesome\test\reporter.test.js,1,1837
2560,MemberExpression,nan,-1,-1,-1,453,8,453,39,packages\mochawesome\test\reporter.test.js,1,1838
2562,MemberExpression,nan,-1,-1,-1,461,8,461,43,packages\mochawesome\test\reporter.test.js,1,1839
2565,MemberExpression,nan,-1,-1,-1,462,8,462,47,packages\mochawesome\test\reporter.test.js,1,1840
2566,CallExpression,nan,1,-1,-1,203,10,203,58,packages\mochawesome\test\reporter.test.js,1,1841
2567,CallExpression,nan,1,-1,-1,204,10,204,59,packages\mochawesome\test\reporter.test.js,1,1842
2568,CallExpression,nan,0,-1,-1,205,10,205,16,packages\mochawesome\test\reporter.test.js,1,1843
2569,NewExpression,nan,1,-1,-1,214,16,214,45,packages\mochawesome\test\reporter.test.js,1,1844
2570,CallExpression,nan,1,-1,-1,220,10,220,58,packages\mochawesome\test\reporter.test.js,1,1845
2571,CallExpression,nan,1,-1,-1,221,10,221,59,packages\mochawesome\test\reporter.test.js,1,1846
2572,CallExpression,nan,0,-1,-1,222,10,222,16,packages\mochawesome\test\reporter.test.js,1,1847
2573,ObjectExpression,nan,-1,-1,-1,249,37,249,39,packages\mochawesome\test\reporter.test.js,1,1848
2574,Identifier,makeReporter,-1,-1,-1,249,24,249,36,packages\mochawesome\test\reporter.test.js,1,1849
2576,BlockStatement,nan,-1,-1,-1,257,25,264,9,packages\mochawesome\test\reporter.test.js,1,1850
2577,ObjectExpression,nan,-1,-1,-1,271,37,277,9,packages\mochawesome\test\reporter.test.js,1,1851
2578,Identifier,makeReporter,-1,-1,-1,271,24,271,36,packages\mochawesome\test\reporter.test.js,1,1852
2580,BlockStatement,nan,-1,-1,-1,281,25,289,9,packages\mochawesome\test\reporter.test.js,1,1853
2581,ObjectExpression,nan,-1,-1,-1,295,37,295,58,packages\mochawesome\test\reporter.test.js,1,1854
2582,Identifier,makeReporter,-1,-1,-1,295,24,295,36,packages\mochawesome\test\reporter.test.js,1,1855
2584,BlockStatement,nan,-1,-1,-1,299,25,306,9,packages\mochawesome\test\reporter.test.js,1,1856
2585,ObjectExpression,nan,-1,-1,-1,313,37,317,9,packages\mochawesome\test\reporter.test.js,1,1857
2586,Identifier,makeReporter,-1,-1,-1,313,24,313,36,packages\mochawesome\test\reporter.test.js,1,1858
2588,BlockStatement,nan,-1,-1,-1,318,25,326,9,packages\mochawesome\test\reporter.test.js,1,1859
2589,ObjectExpression,nan,-1,-1,-1,331,37,335,9,packages\mochawesome\test\reporter.test.js,1,1860
2590,Identifier,makeReporter,-1,-1,-1,331,24,331,36,packages\mochawesome\test\reporter.test.js,1,1861
2592,BlockStatement,nan,-1,-1,-1,336,25,344,9,packages\mochawesome\test\reporter.test.js,1,1862
2593,ObjectExpression,nan,-1,-1,-1,349,37,353,9,packages\mochawesome\test\reporter.test.js,1,1863
2594,Identifier,makeReporter,-1,-1,-1,349,24,349,36,packages\mochawesome\test\reporter.test.js,1,1864
2596,BlockStatement,nan,-1,-1,-1,354,25,362,9,packages\mochawesome\test\reporter.test.js,1,1865
2597,ConditionalExpression,nan,-1,-1,-1,203,41,203,57,packages\mochawesome\test\reporter.test.js,1,1866
2598,MemberExpression,nan,-1,-1,-1,203,10,203,40,packages\mochawesome\test\reporter.test.js,1,1867
2599,ConditionalExpression,nan,-1,-1,-1,204,42,204,58,packages\mochawesome\test\reporter.test.js,1,1868
2600,MemberExpression,nan,-1,-1,-1,204,10,204,41,packages\mochawesome\test\reporter.test.js,1,1869
2601,Identifier,done,-1,-1,-1,205,10,205,14,packages\mochawesome\test\reporter.test.js,1,1870
2603,Identifier,Error,-1,-1,-1,214,20,214,25,packages\mochawesome\test\reporter.test.js,1,1871
2604,ConditionalExpression,nan,-1,-1,-1,220,41,220,57,packages\mochawesome\test\reporter.test.js,1,1872
2605,MemberExpression,nan,-1,-1,-1,220,10,220,40,packages\mochawesome\test\reporter.test.js,1,1873
2606,ConditionalExpression,nan,-1,-1,-1,221,42,221,58,packages\mochawesome\test\reporter.test.js,1,1874
2607,MemberExpression,nan,-1,-1,-1,221,10,221,41,packages\mochawesome\test\reporter.test.js,1,1875
2608,Identifier,done,-1,-1,-1,222,10,222,14,packages\mochawesome\test\reporter.test.js,1,1876
2625,Identifier,isBefore,-1,-1,-1,203,41,203,49,packages\mochawesome\test\reporter.test.js,1,1877
2627,Identifier,isBefore,-1,-1,-1,204,42,204,50,packages\mochawesome\test\reporter.test.js,1,1878
2629,Identifier,isBefore,-1,-1,-1,220,41,220,49,packages\mochawesome\test\reporter.test.js,1,1879
2631,Identifier,isBefore,-1,-1,-1,221,42,221,50,packages\mochawesome\test\reporter.test.js,1,1880
2632,CallExpression,nan,1,-1,-1,258,10,262,11,packages\mochawesome\test\reporter.test.js,1,1881
2633,CallExpression,nan,0,-1,-1,263,10,263,16,packages\mochawesome\test\reporter.test.js,1,1882
2634,CallExpression,nan,1,-1,-1,282,10,287,11,packages\mochawesome\test\reporter.test.js,1,1883
2635,CallExpression,nan,0,-1,-1,288,10,288,16,packages\mochawesome\test\reporter.test.js,1,1884
2636,CallExpression,nan,1,-1,-1,300,10,304,11,packages\mochawesome\test\reporter.test.js,1,1885
2637,CallExpression,nan,0,-1,-1,305,10,305,16,packages\mochawesome\test\reporter.test.js,1,1886
2638,CallExpression,nan,1,-1,-1,319,10,319,44,packages\mochawesome\test\reporter.test.js,1,1887
2639,CallExpression,nan,1,-1,-1,320,10,324,11,packages\mochawesome\test\reporter.test.js,1,1888
2640,CallExpression,nan,0,-1,-1,325,10,325,16,packages\mochawesome\test\reporter.test.js,1,1889
2641,CallExpression,nan,1,-1,-1,337,10,337,44,packages\mochawesome\test\reporter.test.js,1,1890
2642,CallExpression,nan,1,-1,-1,338,10,342,11,packages\mochawesome\test\reporter.test.js,1,1891
2643,CallExpression,nan,0,-1,-1,343,10,343,16,packages\mochawesome\test\reporter.test.js,1,1892
2644,CallExpression,nan,1,-1,-1,355,10,355,45,packages\mochawesome\test\reporter.test.js,1,1893
2645,CallExpression,nan,1,-1,-1,356,10,360,11,packages\mochawesome\test\reporter.test.js,1,1894
2646,CallExpression,nan,0,-1,-1,361,10,361,16,packages\mochawesome\test\reporter.test.js,1,1895
2647,CallExpression,nan,1,-1,-1,259,12,261,14,packages\mochawesome\test\reporter.test.js,1,1896
2648,MemberExpression,nan,-1,-1,-1,258,10,258,47,packages\mochawesome\test\reporter.test.js,1,1897
2649,Identifier,done,-1,-1,-1,263,10,263,14,packages\mochawesome\test\reporter.test.js,1,1898
2650,CallExpression,nan,1,-1,-1,283,12,286,14,packages\mochawesome\test\reporter.test.js,1,1899
2651,MemberExpression,nan,-1,-1,-1,282,10,282,47,packages\mochawesome\test\reporter.test.js,1,1900
2652,Identifier,done,-1,-1,-1,288,10,288,14,packages\mochawesome\test\reporter.test.js,1,1901
2653,CallExpression,nan,1,-1,-1,301,12,303,14,packages\mochawesome\test\reporter.test.js,1,1902
2654,MemberExpression,nan,-1,-1,-1,300,10,300,47,packages\mochawesome\test\reporter.test.js,1,1903
2655,Identifier,done,-1,-1,-1,305,10,305,14,packages\mochawesome\test\reporter.test.js,1,1904
2657,MemberExpression,nan,-1,-1,-1,319,10,319,38,packages\mochawesome\test\reporter.test.js,1,1905
2658,CallExpression,nan,1,-1,-1,321,12,323,14,packages\mochawesome\test\reporter.test.js,1,1906
2659,MemberExpression,nan,-1,-1,-1,320,10,320,47,packages\mochawesome\test\reporter.test.js,1,1907
2660,Identifier,done,-1,-1,-1,325,10,325,14,packages\mochawesome\test\reporter.test.js,1,1908
2662,MemberExpression,nan,-1,-1,-1,337,10,337,38,packages\mochawesome\test\reporter.test.js,1,1909
2663,CallExpression,nan,1,-1,-1,339,12,341,14,packages\mochawesome\test\reporter.test.js,1,1910
2664,MemberExpression,nan,-1,-1,-1,338,10,338,47,packages\mochawesome\test\reporter.test.js,1,1911
2665,Identifier,done,-1,-1,-1,343,10,343,14,packages\mochawesome\test\reporter.test.js,1,1912
2667,MemberExpression,nan,-1,-1,-1,355,10,355,38,packages\mochawesome\test\reporter.test.js,1,1913
2668,CallExpression,nan,1,-1,-1,357,12,359,14,packages\mochawesome\test\reporter.test.js,1,1914
2669,MemberExpression,nan,-1,-1,-1,356,10,356,47,packages\mochawesome\test\reporter.test.js,1,1915
2670,Identifier,done,-1,-1,-1,361,10,361,14,packages\mochawesome\test\reporter.test.js,1,1916
2671,ObjectExpression,nan,-1,-1,-1,259,21,261,13,packages\mochawesome\test\reporter.test.js,1,1917
2672,Identifier,expected,-1,-1,-1,259,12,259,20,packages\mochawesome\test\reporter.test.js,1,1918
2673,ObjectExpression,nan,-1,-1,-1,283,21,286,13,packages\mochawesome\test\reporter.test.js,1,1919
2674,Identifier,expected,-1,-1,-1,283,12,283,20,packages\mochawesome\test\reporter.test.js,1,1920
2675,ObjectExpression,nan,-1,-1,-1,301,21,303,13,packages\mochawesome\test\reporter.test.js,1,1921
2676,Identifier,expected,-1,-1,-1,301,12,301,20,packages\mochawesome\test\reporter.test.js,1,1922
2677,ObjectExpression,nan,-1,-1,-1,321,21,323,13,packages\mochawesome\test\reporter.test.js,1,1923
2678,Identifier,expected,-1,-1,-1,321,12,321,20,packages\mochawesome\test\reporter.test.js,1,1924
2679,ObjectExpression,nan,-1,-1,-1,339,21,341,13,packages\mochawesome\test\reporter.test.js,1,1925
2680,Identifier,expected,-1,-1,-1,339,12,339,20,packages\mochawesome\test\reporter.test.js,1,1926
2681,ObjectExpression,nan,-1,-1,-1,357,21,359,13,packages\mochawesome\test\reporter.test.js,1,1927
2682,Identifier,expected,-1,-1,-1,357,12,357,20,packages\mochawesome\test\reporter.test.js,1,1928
2683,Program,nan,-1,-1,-1,1,0,261,2,packages\mochawesome\test\sample-suite.js,1,1929
2684,VariableDeclaration,nan,-1,-1,-1,1,0,1,40,packages\mochawesome\test\sample-suite.js,1,1930
2686,AssignmentExpression,nan,-1,-1,-1,4,0,261,1,packages\mochawesome\test\sample-suite.js,1,1931
2687,MemberExpression,nan,-1,-1,-1,4,0,4,14,packages\mochawesome\test\sample-suite.js,1,1932
2688,ObjectExpression,nan,-1,-1,-1,4,17,261,1,packages\mochawesome\test\sample-suite.js,1,1933
2689,Program,nan,-1,-1,-1,3,0,488,2,packages\mochawesome\test\sample-tests.js,1,1934
2691,AssignmentExpression,nan,-1,-1,-1,3,0,488,1,packages\mochawesome\test\sample-tests.js,1,1935
2692,MemberExpression,nan,-1,-1,-1,3,0,3,14,packages\mochawesome\test\sample-tests.js,1,1936
2693,ObjectExpression,nan,-1,-1,-1,3,17,488,1,packages\mochawesome\test\sample-tests.js,1,1937
2694,Program,nan,-1,-1,-1,1,0,292,3,packages\mochawesome\test\utils.test.js,1,1938
2695,VariableDeclaration,nan,-1,-1,-1,1,0,1,31,packages\mochawesome\test\utils.test.js,1,1939
2696,VariableDeclaration,nan,-1,-1,-1,2,0,2,41,packages\mochawesome\test\utils.test.js,1,1940
2697,VariableDeclaration,nan,-1,-1,-1,3,0,3,46,packages\mochawesome\test\utils.test.js,1,1941
2698,VariableDeclaration,nan,-1,-1,-1,4,0,4,46,packages\mochawesome\test\utils.test.js,1,1942
2699,VariableDeclaration,nan,-1,-1,-1,6,0,8,3,packages\mochawesome\test\utils.test.js,1,1943
2700,VariableDeclaration,nan,-1,-1,-1,10,0,10,56,packages\mochawesome\test\utils.test.js,1,1944
2702,CallExpression,nan,2,-1,-1,12,0,292,2,packages\mochawesome\test\utils.test.js,1,1945
2704,ArrowFunctionExpression,nan,-1,0,0,12,30,292,1,packages\mochawesome\test\utils.test.js,1,1946
2705,Identifier,describe,-1,-1,-1,12,0,12,8,packages\mochawesome\test\utils.test.js,1,1947
2707,BlockStatement,nan,-1,-1,-1,12,36,292,1,packages\mochawesome\test\utils.test.js,1,1948
2712,CallExpression,nan,2,-1,-1,13,2,50,4,packages\mochawesome\test\utils.test.js,1,1949
2713,CallExpression,nan,2,-1,-1,52,2,178,4,packages\mochawesome\test\utils.test.js,1,1950
2714,CallExpression,nan,2,-1,-1,180,2,239,4,packages\mochawesome\test\utils.test.js,1,1951
2715,CallExpression,nan,2,-1,-1,241,2,291,4,packages\mochawesome\test\utils.test.js,1,1952
2717,ArrowFunctionExpression,nan,-1,0,0,13,18,50,3,packages\mochawesome\test\utils.test.js,1,1953
2718,Identifier,describe,-1,-1,-1,13,2,13,10,packages\mochawesome\test\utils.test.js,1,1954
2720,ArrowFunctionExpression,nan,-1,0,0,52,24,178,3,packages\mochawesome\test\utils.test.js,1,1955
2721,Identifier,describe,-1,-1,-1,52,2,52,10,packages\mochawesome\test\utils.test.js,1,1956
2723,ArrowFunctionExpression,nan,-1,0,0,180,24,239,3,packages\mochawesome\test\utils.test.js,1,1957
2724,Identifier,describe,-1,-1,-1,180,2,180,10,packages\mochawesome\test\utils.test.js,1,1958
2726,ArrowFunctionExpression,nan,-1,0,0,241,25,291,3,packages\mochawesome\test\utils.test.js,1,1959
2727,Identifier,describe,-1,-1,-1,241,2,241,10,packages\mochawesome\test\utils.test.js,1,1960
2729,BlockStatement,nan,-1,-1,-1,13,24,50,3,packages\mochawesome\test\utils.test.js,1,1961
2731,BlockStatement,nan,-1,-1,-1,52,30,178,3,packages\mochawesome\test\utils.test.js,1,1962
2733,BlockStatement,nan,-1,-1,-1,180,30,239,3,packages\mochawesome\test\utils.test.js,1,1963
2735,BlockStatement,nan,-1,-1,-1,241,31,291,3,packages\mochawesome\test\utils.test.js,1,1964
2736,VariableDeclaration,nan,-1,-1,-1,14,4,14,42,packages\mochawesome\test\utils.test.js,1,1965
2743,VariableDeclaration,nan,-1,-1,-1,53,4,53,36,packages\mochawesome\test\utils.test.js,1,1966
2744,VariableDeclaration,nan,-1,-1,-1,54,4,54,14,packages\mochawesome\test\utils.test.js,1,1967
2761,VariableDeclaration,nan,-1,-1,-1,181,4,181,34,packages\mochawesome\test\utils.test.js,1,1968
2762,VariableDeclaration,nan,-1,-1,-1,182,4,199,6,packages\mochawesome\test\utils.test.js,1,1969
2769,VariableDeclaration,nan,-1,-1,-1,242,4,242,34,packages\mochawesome\test\utils.test.js,1,1970
2770,VariableDeclaration,nan,-1,-1,-1,243,4,243,46,packages\mochawesome\test\utils.test.js,1,1971
2771,VariableDeclaration,nan,-1,-1,-1,244,4,261,6,packages\mochawesome\test\utils.test.js,1,1972
2775,CallExpression,nan,1,-1,-1,16,4,19,6,packages\mochawesome\test\utils.test.js,1,1973
2776,CallExpression,nan,1,-1,-1,21,4,24,6,packages\mochawesome\test\utils.test.js,1,1974
2777,CallExpression,nan,2,-1,-1,26,4,29,6,packages\mochawesome\test\utils.test.js,1,1975
2778,CallExpression,nan,2,-1,-1,31,4,35,6,packages\mochawesome\test\utils.test.js,1,1976
2779,CallExpression,nan,2,-1,-1,37,4,41,6,packages\mochawesome\test\utils.test.js,1,1977
2780,CallExpression,nan,2,-1,-1,43,4,49,6,packages\mochawesome\test\utils.test.js,1,1978
2781,CallExpression,nan,2,-1,-1,56,4,59,6,packages\mochawesome\test\utils.test.js,1,1979
2782,CallExpression,nan,2,-1,-1,61,4,64,6,packages\mochawesome\test\utils.test.js,1,1980
2783,CallExpression,nan,2,-1,-1,66,4,71,6,packages\mochawesome\test\utils.test.js,1,1981
2784,CallExpression,nan,2,-1,-1,73,4,79,6,packages\mochawesome\test\utils.test.js,1,1982
2785,CallExpression,nan,2,-1,-1,81,4,84,6,packages\mochawesome\test\utils.test.js,1,1983
2786,CallExpression,nan,2,-1,-1,86,4,89,6,packages\mochawesome\test\utils.test.js,1,1984
2787,CallExpression,nan,2,-1,-1,91,4,94,6,packages\mochawesome\test\utils.test.js,1,1985
2788,CallExpression,nan,2,-1,-1,96,4,101,6,packages\mochawesome\test\utils.test.js,1,1986
2789,CallExpression,nan,2,-1,-1,103,4,108,6,packages\mochawesome\test\utils.test.js,1,1987
2790,CallExpression,nan,2,-1,-1,110,4,113,6,packages\mochawesome\test\utils.test.js,1,1988
2791,CallExpression,nan,2,-1,-1,115,4,118,6,packages\mochawesome\test\utils.test.js,1,1989
2792,CallExpression,nan,2,-1,-1,120,4,123,6,packages\mochawesome\test\utils.test.js,1,1990
2793,CallExpression,nan,2,-1,-1,125,4,128,6,packages\mochawesome\test\utils.test.js,1,1991
2794,CallExpression,nan,2,-1,-1,130,4,136,6,packages\mochawesome\test\utils.test.js,1,1992
2795,CallExpression,nan,2,-1,-1,138,4,164,6,packages\mochawesome\test\utils.test.js,1,1993
2796,CallExpression,nan,2,-1,-1,166,4,177,6,packages\mochawesome\test\utils.test.js,1,1994
2797,CallExpression,nan,2,-1,-1,201,4,205,6,packages\mochawesome\test\utils.test.js,1,1995
2798,CallExpression,nan,2,-1,-1,207,4,211,6,packages\mochawesome\test\utils.test.js,1,1996
2799,CallExpression,nan,2,-1,-1,213,4,220,6,packages\mochawesome\test\utils.test.js,1,1997
2800,CallExpression,nan,2,-1,-1,222,4,226,6,packages\mochawesome\test\utils.test.js,1,1998
2801,CallExpression,nan,2,-1,-1,228,4,232,6,packages\mochawesome\test\utils.test.js,1,1999
2802,CallExpression,nan,2,-1,-1,234,4,238,6,packages\mochawesome\test\utils.test.js,1,2000
2803,CallExpression,nan,2,-1,-1,263,4,271,6,packages\mochawesome\test\utils.test.js,1,2001
2804,CallExpression,nan,2,-1,-1,273,4,281,6,packages\mochawesome\test\utils.test.js,1,2002
2805,CallExpression,nan,2,-1,-1,283,4,290,6,packages\mochawesome\test\utils.test.js,1,2003
2806,ArrowFunctionExpression,nan,-1,0,0,16,15,19,5,packages\mochawesome\test\utils.test.js,1,2004
2807,Identifier,beforeEach,-1,-1,-1,16,4,16,14,packages\mochawesome\test\utils.test.js,1,2005
2808,ArrowFunctionExpression,nan,-1,0,0,21,14,24,5,packages\mochawesome\test\utils.test.js,1,2006
2809,Identifier,afterEach,-1,-1,-1,21,4,21,13,packages\mochawesome\test\utils.test.js,1,2007
2811,ArrowFunctionExpression,nan,-1,0,0,26,49,29,5,packages\mochawesome\test\utils.test.js,1,2008
2812,Identifier,it,-1,-1,-1,26,4,26,6,packages\mochawesome\test\utils.test.js,1,2009
2814,ArrowFunctionExpression,nan,-1,0,0,31,45,35,5,packages\mochawesome\test\utils.test.js,1,2010
2815,Identifier,it,-1,-1,-1,31,4,31,6,packages\mochawesome\test\utils.test.js,1,2011
2817,ArrowFunctionExpression,nan,-1,0,0,37,49,41,5,packages\mochawesome\test\utils.test.js,1,2012
2818,Identifier,it,-1,-1,-1,37,4,37,6,packages\mochawesome\test\utils.test.js,1,2013
2820,ArrowFunctionExpression,nan,-1,0,0,43,56,49,5,packages\mochawesome\test\utils.test.js,1,2014
2821,Identifier,it,-1,-1,-1,43,4,43,6,packages\mochawesome\test\utils.test.js,1,2015
2823,ArrowFunctionExpression,nan,-1,0,0,56,61,59,5,packages\mochawesome\test\utils.test.js,1,2016
2824,Identifier,it,-1,-1,-1,56,4,56,6,packages\mochawesome\test\utils.test.js,1,2017
2826,ArrowFunctionExpression,nan,-1,0,0,61,67,64,5,packages\mochawesome\test\utils.test.js,1,2018
2827,Identifier,it,-1,-1,-1,61,4,61,6,packages\mochawesome\test\utils.test.js,1,2019
2829,ArrowFunctionExpression,nan,-1,0,0,66,60,71,5,packages\mochawesome\test\utils.test.js,1,2020
2830,Identifier,it,-1,-1,-1,66,4,66,6,packages\mochawesome\test\utils.test.js,1,2021
2832,ArrowFunctionExpression,nan,-1,0,0,73,52,79,5,packages\mochawesome\test\utils.test.js,1,2022
2833,Identifier,it,-1,-1,-1,73,4,73,6,packages\mochawesome\test\utils.test.js,1,2023
2835,ArrowFunctionExpression,nan,-1,0,0,81,59,84,5,packages\mochawesome\test\utils.test.js,1,2024
2836,Identifier,it,-1,-1,-1,81,4,81,6,packages\mochawesome\test\utils.test.js,1,2025
2838,ArrowFunctionExpression,nan,-1,0,0,86,58,89,5,packages\mochawesome\test\utils.test.js,1,2026
2839,Identifier,it,-1,-1,-1,86,4,86,6,packages\mochawesome\test\utils.test.js,1,2027
2841,ArrowFunctionExpression,nan,-1,0,0,91,68,94,5,packages\mochawesome\test\utils.test.js,1,2028
2842,Identifier,it,-1,-1,-1,91,4,91,6,packages\mochawesome\test\utils.test.js,1,2029
2844,ArrowFunctionExpression,nan,-1,0,0,96,57,101,5,packages\mochawesome\test\utils.test.js,1,2030
2845,Identifier,it,-1,-1,-1,96,4,96,6,packages\mochawesome\test\utils.test.js,1,2031
2847,ArrowFunctionExpression,nan,-1,0,0,103,49,108,5,packages\mochawesome\test\utils.test.js,1,2032
2848,Identifier,it,-1,-1,-1,103,4,103,6,packages\mochawesome\test\utils.test.js,1,2033
2850,ArrowFunctionExpression,nan,-1,0,0,110,56,113,5,packages\mochawesome\test\utils.test.js,1,2034
2851,Identifier,it,-1,-1,-1,110,4,110,6,packages\mochawesome\test\utils.test.js,1,2035
2853,ArrowFunctionExpression,nan,-1,0,0,115,57,118,5,packages\mochawesome\test\utils.test.js,1,2036
2854,Identifier,it,-1,-1,-1,115,4,115,6,packages\mochawesome\test\utils.test.js,1,2037
2856,ArrowFunctionExpression,nan,-1,0,0,120,54,123,5,packages\mochawesome\test\utils.test.js,1,2038
2857,Identifier,it,-1,-1,-1,120,4,120,6,packages\mochawesome\test\utils.test.js,1,2039
2859,ArrowFunctionExpression,nan,-1,0,0,125,51,128,5,packages\mochawesome\test\utils.test.js,1,2040
2860,Identifier,it,-1,-1,-1,125,4,125,6,packages\mochawesome\test\utils.test.js,1,2041
2862,ArrowFunctionExpression,nan,-1,0,0,130,39,136,5,packages\mochawesome\test\utils.test.js,1,2042
2863,Identifier,it,-1,-1,-1,130,4,130,6,packages\mochawesome\test\utils.test.js,1,2043
2865,ArrowFunctionExpression,nan,-1,0,0,138,42,164,5,packages\mochawesome\test\utils.test.js,1,2044
2866,Identifier,it,-1,-1,-1,138,4,138,6,packages\mochawesome\test\utils.test.js,1,2045
2868,ArrowFunctionExpression,nan,-1,0,0,166,49,177,5,packages\mochawesome\test\utils.test.js,1,2046
2869,Identifier,it,-1,-1,-1,166,4,166,6,packages\mochawesome\test\utils.test.js,1,2047
2871,ArrowFunctionExpression,nan,-1,0,0,201,39,205,5,packages\mochawesome\test\utils.test.js,1,2048
2872,Identifier,it,-1,-1,-1,201,4,201,6,packages\mochawesome\test\utils.test.js,1,2049
2874,ArrowFunctionExpression,nan,-1,0,0,207,39,211,5,packages\mochawesome\test\utils.test.js,1,2050
2875,Identifier,it,-1,-1,-1,207,4,207,6,packages\mochawesome\test\utils.test.js,1,2051
2877,ArrowFunctionExpression,nan,-1,0,0,213,56,220,5,packages\mochawesome\test\utils.test.js,1,2052
2878,Identifier,it,-1,-1,-1,213,4,213,6,packages\mochawesome\test\utils.test.js,1,2053
2880,ArrowFunctionExpression,nan,-1,0,0,222,39,226,5,packages\mochawesome\test\utils.test.js,1,2054
2881,Identifier,it,-1,-1,-1,222,4,222,6,packages\mochawesome\test\utils.test.js,1,2055
2883,ArrowFunctionExpression,nan,-1,0,0,228,31,232,5,packages\mochawesome\test\utils.test.js,1,2056
2884,Identifier,it,-1,-1,-1,228,4,228,6,packages\mochawesome\test\utils.test.js,1,2057
2886,ArrowFunctionExpression,nan,-1,0,0,234,54,238,5,packages\mochawesome\test\utils.test.js,1,2058
2887,Identifier,it,-1,-1,-1,234,4,234,6,packages\mochawesome\test\utils.test.js,1,2059
2889,ArrowFunctionExpression,nan,-1,0,0,263,30,271,5,packages\mochawesome\test\utils.test.js,1,2060
2890,Identifier,it,-1,-1,-1,263,4,263,6,packages\mochawesome\test\utils.test.js,1,2061
2892,ArrowFunctionExpression,nan,-1,0,0,273,34,281,5,packages\mochawesome\test\utils.test.js,1,2062
2893,Identifier,it,-1,-1,-1,273,4,273,6,packages\mochawesome\test\utils.test.js,1,2063
2895,ArrowFunctionExpression,nan,-1,0,0,283,32,290,5,packages\mochawesome\test\utils.test.js,1,2064
2896,Identifier,it,-1,-1,-1,283,4,283,6,packages\mochawesome\test\utils.test.js,1,2065
2898,BlockStatement,nan,-1,-1,-1,16,21,19,5,packages\mochawesome\test\utils.test.js,1,2066
2900,BlockStatement,nan,-1,-1,-1,21,20,24,5,packages\mochawesome\test\utils.test.js,1,2067
2902,BlockStatement,nan,-1,-1,-1,26,55,29,5,packages\mochawesome\test\utils.test.js,1,2068
2904,BlockStatement,nan,-1,-1,-1,31,51,35,5,packages\mochawesome\test\utils.test.js,1,2069
2906,BlockStatement,nan,-1,-1,-1,37,55,41,5,packages\mochawesome\test\utils.test.js,1,2070
2908,BlockStatement,nan,-1,-1,-1,43,62,49,5,packages\mochawesome\test\utils.test.js,1,2071
2910,BlockStatement,nan,-1,-1,-1,56,67,59,5,packages\mochawesome\test\utils.test.js,1,2072
2912,BlockStatement,nan,-1,-1,-1,61,73,64,5,packages\mochawesome\test\utils.test.js,1,2073
2914,BlockStatement,nan,-1,-1,-1,66,66,71,5,packages\mochawesome\test\utils.test.js,1,2074
2916,BlockStatement,nan,-1,-1,-1,73,58,79,5,packages\mochawesome\test\utils.test.js,1,2075
2918,BlockStatement,nan,-1,-1,-1,81,65,84,5,packages\mochawesome\test\utils.test.js,1,2076
2920,BlockStatement,nan,-1,-1,-1,86,64,89,5,packages\mochawesome\test\utils.test.js,1,2077
2922,BlockStatement,nan,-1,-1,-1,91,74,94,5,packages\mochawesome\test\utils.test.js,1,2078
2924,BlockStatement,nan,-1,-1,-1,96,63,101,5,packages\mochawesome\test\utils.test.js,1,2079
2926,BlockStatement,nan,-1,-1,-1,103,55,108,5,packages\mochawesome\test\utils.test.js,1,2080
2928,BlockStatement,nan,-1,-1,-1,110,62,113,5,packages\mochawesome\test\utils.test.js,1,2081
2930,BlockStatement,nan,-1,-1,-1,115,63,118,5,packages\mochawesome\test\utils.test.js,1,2082
2932,BlockStatement,nan,-1,-1,-1,120,60,123,5,packages\mochawesome\test\utils.test.js,1,2083
2934,BlockStatement,nan,-1,-1,-1,125,57,128,5,packages\mochawesome\test\utils.test.js,1,2084
2936,BlockStatement,nan,-1,-1,-1,130,45,136,5,packages\mochawesome\test\utils.test.js,1,2085
2938,BlockStatement,nan,-1,-1,-1,138,48,164,5,packages\mochawesome\test\utils.test.js,1,2086
2940,BlockStatement,nan,-1,-1,-1,166,55,177,5,packages\mochawesome\test\utils.test.js,1,2087
2942,BlockStatement,nan,-1,-1,-1,201,45,205,5,packages\mochawesome\test\utils.test.js,1,2088
2944,BlockStatement,nan,-1,-1,-1,207,45,211,5,packages\mochawesome\test\utils.test.js,1,2089
2946,BlockStatement,nan,-1,-1,-1,213,62,220,5,packages\mochawesome\test\utils.test.js,1,2090
2948,BlockStatement,nan,-1,-1,-1,222,45,226,5,packages\mochawesome\test\utils.test.js,1,2091
2950,BlockStatement,nan,-1,-1,-1,228,37,232,5,packages\mochawesome\test\utils.test.js,1,2092
2952,BlockStatement,nan,-1,-1,-1,234,60,238,5,packages\mochawesome\test\utils.test.js,1,2093
2954,BlockStatement,nan,-1,-1,-1,263,36,271,5,packages\mochawesome\test\utils.test.js,1,2094
2956,BlockStatement,nan,-1,-1,-1,273,40,281,5,packages\mochawesome\test\utils.test.js,1,2095
2958,BlockStatement,nan,-1,-1,-1,283,38,290,5,packages\mochawesome\test\utils.test.js,1,2096
3003,VariableDeclaration,nan,-1,-1,-1,152,6,162,19,packages\mochawesome\test\utils.test.js,1,2097
3007,VariableDeclaration,nan,-1,-1,-1,202,6,202,65,packages\mochawesome\test\utils.test.js,1,2098
3010,VariableDeclaration,nan,-1,-1,-1,208,6,208,65,packages\mochawesome\test\utils.test.js,1,2099
3013,VariableDeclaration,nan,-1,-1,-1,214,6,217,9,packages\mochawesome\test\utils.test.js,1,2100
3016,VariableDeclaration,nan,-1,-1,-1,223,6,223,65,packages\mochawesome\test\utils.test.js,1,2101
3019,VariableDeclaration,nan,-1,-1,-1,229,6,229,62,packages\mochawesome\test\utils.test.js,1,2102
3022,VariableDeclaration,nan,-1,-1,-1,235,6,235,71,packages\mochawesome\test\utils.test.js,1,2103
3025,VariableDeclaration,nan,-1,-1,-1,264,6,268,8,packages\mochawesome\test\utils.test.js,1,2104
3028,VariableDeclaration,nan,-1,-1,-1,274,6,278,8,packages\mochawesome\test\utils.test.js,1,2105
3031,VariableDeclaration,nan,-1,-1,-1,284,6,288,8,packages\mochawesome\test\utils.test.js,1,2106
3033,CallExpression,nan,2,-1,-1,17,6,17,31,packages\mochawesome\test\utils.test.js,1,2107
3034,CallExpression,nan,2,-1,-1,18,6,18,33,packages\mochawesome\test\utils.test.js,1,2108
3035,CallExpression,nan,0,-1,-1,22,6,22,27,packages\mochawesome\test\utils.test.js,1,2109
3036,CallExpression,nan,0,-1,-1,23,6,23,29,packages\mochawesome\test\utils.test.js,1,2110
3037,CallExpression,nan,3,-1,-1,27,6,27,37,packages\mochawesome\test\utils.test.js,1,2111
3038,CallExpression,nan,0,-1,-1,28,6,28,42,packages\mochawesome\test\utils.test.js,1,2112
3039,CallExpression,nan,1,-1,-1,32,6,32,14,packages\mochawesome\test\utils.test.js,1,2113
3040,CallExpression,nan,0,-1,-1,33,6,33,41,packages\mochawesome\test\utils.test.js,1,2114
3041,CallExpression,nan,1,-1,-1,34,6,34,61,packages\mochawesome\test\utils.test.js,1,2115
3042,CallExpression,nan,2,-1,-1,38,6,38,23,packages\mochawesome\test\utils.test.js,1,2116
3043,CallExpression,nan,0,-1,-1,39,6,39,43,packages\mochawesome\test\utils.test.js,1,2117
3044,CallExpression,nan,1,-1,-1,40,6,40,63,packages\mochawesome\test\utils.test.js,1,2118
3045,CallExpression,nan,1,-1,-1,44,6,44,18,packages\mochawesome\test\utils.test.js,1,2119
3046,CallExpression,nan,0,-1,-1,45,6,45,41,packages\mochawesome\test\utils.test.js,1,2120
3047,CallExpression,nan,1,-1,-1,46,6,48,27,packages\mochawesome\test\utils.test.js,1,2121
3048,AssignmentExpression,nan,-1,-1,-1,57,6,57,44,packages\mochawesome\test\utils.test.js,1,2122
3049,CallExpression,nan,1,-1,-1,58,6,58,45,packages\mochawesome\test\utils.test.js,1,2123
3050,AssignmentExpression,nan,-1,-1,-1,62,6,62,50,packages\mochawesome\test\utils.test.js,1,2124
3051,CallExpression,nan,1,-1,-1,63,6,63,45,packages\mochawesome\test\utils.test.js,1,2125
3052,AssignmentExpression,nan,-1,-1,-1,67,6,69,8,packages\mochawesome\test\utils.test.js,1,2126
3053,CallExpression,nan,1,-1,-1,70,6,70,45,packages\mochawesome\test\utils.test.js,1,2127
3054,AssignmentExpression,nan,-1,-1,-1,74,6,77,8,packages\mochawesome\test\utils.test.js,1,2128
3055,CallExpression,nan,1,-1,-1,78,6,78,45,packages\mochawesome\test\utils.test.js,1,2129
3056,AssignmentExpression,nan,-1,-1,-1,82,6,82,48,packages\mochawesome\test\utils.test.js,1,2130
3057,CallExpression,nan,1,-1,-1,83,6,83,45,packages\mochawesome\test\utils.test.js,1,2131
3058,AssignmentExpression,nan,-1,-1,-1,87,6,87,39,packages\mochawesome\test\utils.test.js,1,2132
3059,CallExpression,nan,1,-1,-1,88,6,88,45,packages\mochawesome\test\utils.test.js,1,2133
3060,AssignmentExpression,nan,-1,-1,-1,92,6,92,39,packages\mochawesome\test\utils.test.js,1,2134
3061,CallExpression,nan,1,-1,-1,93,6,93,56,packages\mochawesome\test\utils.test.js,1,2135
3062,AssignmentExpression,nan,-1,-1,-1,97,6,99,8,packages\mochawesome\test\utils.test.js,1,2136
3063,CallExpression,nan,1,-1,-1,100,6,100,45,packages\mochawesome\test\utils.test.js,1,2137
3064,AssignmentExpression,nan,-1,-1,-1,104,6,106,8,packages\mochawesome\test\utils.test.js,1,2138
3065,CallExpression,nan,1,-1,-1,107,6,107,45,packages\mochawesome\test\utils.test.js,1,2139
3066,AssignmentExpression,nan,-1,-1,-1,111,6,111,42,packages\mochawesome\test\utils.test.js,1,2140
3067,CallExpression,nan,1,-1,-1,112,6,112,45,packages\mochawesome\test\utils.test.js,1,2141
3068,AssignmentExpression,nan,-1,-1,-1,116,6,116,40,packages\mochawesome\test\utils.test.js,1,2142
3069,CallExpression,nan,1,-1,-1,117,6,117,49,packages\mochawesome\test\utils.test.js,1,2143
3070,AssignmentExpression,nan,-1,-1,-1,121,6,121,50,packages\mochawesome\test\utils.test.js,1,2144
3071,CallExpression,nan,1,-1,-1,122,6,122,45,packages\mochawesome\test\utils.test.js,1,2145
3072,AssignmentExpression,nan,-1,-1,-1,126,6,126,44,packages\mochawesome\test\utils.test.js,1,2146
3073,CallExpression,nan,1,-1,-1,127,6,127,45,packages\mochawesome\test\utils.test.js,1,2147
3074,AssignmentExpression,nan,-1,-1,-1,131,6,132,79,packages\mochawesome\test\utils.test.js,1,2148
3075,CallExpression,nan,1,-1,-1,133,6,135,7,packages\mochawesome\test\utils.test.js,1,2149
3076,AssignmentExpression,nan,-1,-1,-1,139,6,151,18,packages\mochawesome\test\utils.test.js,1,2150
3077,CallExpression,nan,1,-1,-1,163,6,163,40,packages\mochawesome\test\utils.test.js,1,2151
3078,AssignmentExpression,nan,-1,-1,-1,167,6,175,22,packages\mochawesome\test\utils.test.js,1,2152
3079,CallExpression,nan,1,-1,-1,176,6,176,42,packages\mochawesome\test\utils.test.js,1,2153
3080,CallExpression,nan,1,-1,-1,203,6,203,51,packages\mochawesome\test\utils.test.js,1,2154
3081,CallExpression,nan,1,-1,-1,204,6,204,59,packages\mochawesome\test\utils.test.js,1,2155
3082,CallExpression,nan,1,-1,-1,209,6,209,51,packages\mochawesome\test\utils.test.js,1,2156
3083,CallExpression,nan,1,-1,-1,210,6,210,59,packages\mochawesome\test\utils.test.js,1,2157
3084,CallExpression,nan,1,-1,-1,218,6,218,51,packages\mochawesome\test\utils.test.js,1,2158
3085,CallExpression,nan,1,-1,-1,219,6,219,73,packages\mochawesome\test\utils.test.js,1,2159
3086,CallExpression,nan,1,-1,-1,224,6,224,51,packages\mochawesome\test\utils.test.js,1,2160
3087,CallExpression,nan,1,-1,-1,225,6,225,59,packages\mochawesome\test\utils.test.js,1,2161
3088,CallExpression,nan,1,-1,-1,230,6,230,51,packages\mochawesome\test\utils.test.js,1,2162
3089,CallExpression,nan,1,-1,-1,231,6,231,56,packages\mochawesome\test\utils.test.js,1,2163
3090,CallExpression,nan,1,-1,-1,236,6,236,51,packages\mochawesome\test\utils.test.js,1,2164
3091,CallExpression,nan,1,-1,-1,237,6,237,35,packages\mochawesome\test\utils.test.js,1,2165
3092,CallExpression,nan,1,-1,-1,269,6,269,51,packages\mochawesome\test\utils.test.js,1,2166
3093,CallExpression,nan,1,-1,-1,270,6,270,55,packages\mochawesome\test\utils.test.js,1,2167
3094,CallExpression,nan,1,-1,-1,279,6,279,51,packages\mochawesome\test\utils.test.js,1,2168
3095,CallExpression,nan,1,-1,-1,280,6,280,55,packages\mochawesome\test\utils.test.js,1,2169
3096,CallExpression,nan,1,-1,-1,289,6,289,53,packages\mochawesome\test\utils.test.js,1,2170
3097,Identifier,console,-1,-1,-1,17,16,17,23,packages\mochawesome\test\utils.test.js,1,2171
3099,MemberExpression,nan,-1,-1,-1,17,6,17,15,packages\mochawesome\test\utils.test.js,1,2172
3100,Identifier,console,-1,-1,-1,18,16,18,23,packages\mochawesome\test\utils.test.js,1,2173
3102,MemberExpression,nan,-1,-1,-1,18,6,18,15,packages\mochawesome\test\utils.test.js,1,2174
3103,MemberExpression,nan,-1,-1,-1,22,6,22,25,packages\mochawesome\test\utils.test.js,1,2175
3104,MemberExpression,nan,-1,-1,-1,23,6,23,27,packages\mochawesome\test\utils.test.js,1,2176
3105,Identifier,msg,-1,-1,-1,27,10,27,13,packages\mochawesome\test\utils.test.js,1,2177
3107,ObjectExpression,nan,-1,-1,-1,27,21,27,36,packages\mochawesome\test\utils.test.js,1,2178
3108,Identifier,log,-1,-1,-1,27,6,27,9,packages\mochawesome\test\utils.test.js,1,2179
3109,MemberExpression,nan,-1,-1,-1,28,6,28,40,packages\mochawesome\test\utils.test.js,1,2180
3110,Identifier,msg,-1,-1,-1,32,10,32,13,packages\mochawesome\test\utils.test.js,1,2181
3111,Identifier,log,-1,-1,-1,32,6,32,9,packages\mochawesome\test\utils.test.js,1,2182
3112,MemberExpression,nan,-1,-1,-1,33,6,33,39,packages\mochawesome\test\utils.test.js,1,2183
3114,MemberExpression,nan,-1,-1,-1,34,6,34,55,packages\mochawesome\test\utils.test.js,1,2184
3115,Identifier,msg,-1,-1,-1,38,10,38,13,packages\mochawesome\test\utils.test.js,1,2185
3117,Identifier,log,-1,-1,-1,38,6,38,9,packages\mochawesome\test\utils.test.js,1,2186
3118,MemberExpression,nan,-1,-1,-1,39,6,39,41,packages\mochawesome\test\utils.test.js,1,2187
3120,MemberExpression,nan,-1,-1,-1,40,6,40,57,packages\mochawesome\test\utils.test.js,1,2188
3121,ObjectExpression,nan,-1,-1,-1,44,10,44,17,packages\mochawesome\test\utils.test.js,1,2189
3122,Identifier,log,-1,-1,-1,44,6,44,9,packages\mochawesome\test\utils.test.js,1,2190
3123,MemberExpression,nan,-1,-1,-1,45,6,45,39,packages\mochawesome\test\utils.test.js,1,2191
3125,MemberExpression,nan,-1,-1,-1,46,6,48,21,packages\mochawesome\test\utils.test.js,1,2192
3126,Identifier,fnStr,-1,-1,-1,57,6,57,11,packages\mochawesome\test\utils.test.js,1,2193
3128,Identifier,expected,-1,-1,-1,58,36,58,44,packages\mochawesome\test\utils.test.js,1,2194
3129,MemberExpression,nan,-1,-1,-1,58,6,58,35,packages\mochawesome\test\utils.test.js,1,2195
3130,Identifier,fnStr,-1,-1,-1,62,6,62,11,packages\mochawesome\test\utils.test.js,1,2196
3132,Identifier,expected,-1,-1,-1,63,36,63,44,packages\mochawesome\test\utils.test.js,1,2197
3133,MemberExpression,nan,-1,-1,-1,63,6,63,35,packages\mochawesome\test\utils.test.js,1,2198
3134,Identifier,fnStr,-1,-1,-1,67,6,67,11,packages\mochawesome\test\utils.test.js,1,2199
3135,TemplateLiteral,nan,-1,-1,-1,67,14,69,8,packages\mochawesome\test\utils.test.js,1,2200
3136,Identifier,expected,-1,-1,-1,70,36,70,44,packages\mochawesome\test\utils.test.js,1,2201
3137,MemberExpression,nan,-1,-1,-1,70,6,70,35,packages\mochawesome\test\utils.test.js,1,2202
3138,Identifier,fnStr,-1,-1,-1,74,6,74,11,packages\mochawesome\test\utils.test.js,1,2203
3139,TemplateLiteral,nan,-1,-1,-1,74,14,77,8,packages\mochawesome\test\utils.test.js,1,2204
3140,Identifier,expected,-1,-1,-1,78,36,78,44,packages\mochawesome\test\utils.test.js,1,2205
3141,MemberExpression,nan,-1,-1,-1,78,6,78,35,packages\mochawesome\test\utils.test.js,1,2206
3142,Identifier,fnStr,-1,-1,-1,82,6,82,11,packages\mochawesome\test\utils.test.js,1,2207
3144,Identifier,expected,-1,-1,-1,83,36,83,44,packages\mochawesome\test\utils.test.js,1,2208
3145,MemberExpression,nan,-1,-1,-1,83,6,83,35,packages\mochawesome\test\utils.test.js,1,2209
3146,Identifier,fnStr,-1,-1,-1,87,6,87,11,packages\mochawesome\test\utils.test.js,1,2210
3148,Identifier,expected,-1,-1,-1,88,36,88,44,packages\mochawesome\test\utils.test.js,1,2211
3149,MemberExpression,nan,-1,-1,-1,88,6,88,35,packages\mochawesome\test\utils.test.js,1,2212
3150,Identifier,fnStr,-1,-1,-1,92,6,92,11,packages\mochawesome\test\utils.test.js,1,2213
3153,MemberExpression,nan,-1,-1,-1,93,6,93,35,packages\mochawesome\test\utils.test.js,1,2214
3154,Identifier,fnStr,-1,-1,-1,97,6,97,11,packages\mochawesome\test\utils.test.js,1,2215
3155,TemplateLiteral,nan,-1,-1,-1,97,14,99,8,packages\mochawesome\test\utils.test.js,1,2216
3156,Identifier,expected,-1,-1,-1,100,36,100,44,packages\mochawesome\test\utils.test.js,1,2217
3157,MemberExpression,nan,-1,-1,-1,100,6,100,35,packages\mochawesome\test\utils.test.js,1,2218
3158,Identifier,fnStr,-1,-1,-1,104,6,104,11,packages\mochawesome\test\utils.test.js,1,2219
3159,TemplateLiteral,nan,-1,-1,-1,104,14,106,8,packages\mochawesome\test\utils.test.js,1,2220
3160,Identifier,expected,-1,-1,-1,107,36,107,44,packages\mochawesome\test\utils.test.js,1,2221
3161,MemberExpression,nan,-1,-1,-1,107,6,107,35,packages\mochawesome\test\utils.test.js,1,2222
3162,Identifier,fnStr,-1,-1,-1,111,6,111,11,packages\mochawesome\test\utils.test.js,1,2223
3164,Identifier,expected,-1,-1,-1,112,36,112,44,packages\mochawesome\test\utils.test.js,1,2224
3165,MemberExpression,nan,-1,-1,-1,112,6,112,35,packages\mochawesome\test\utils.test.js,1,2225
3166,Identifier,fnStr,-1,-1,-1,116,6,116,11,packages\mochawesome\test\utils.test.js,1,2226
3169,MemberExpression,nan,-1,-1,-1,117,6,117,35,packages\mochawesome\test\utils.test.js,1,2227
3170,Identifier,fnStr,-1,-1,-1,121,6,121,11,packages\mochawesome\test\utils.test.js,1,2228
3172,Identifier,expected,-1,-1,-1,122,36,122,44,packages\mochawesome\test\utils.test.js,1,2229
3173,MemberExpression,nan,-1,-1,-1,122,6,122,35,packages\mochawesome\test\utils.test.js,1,2230
3174,Identifier,fnStr,-1,-1,-1,126,6,126,11,packages\mochawesome\test\utils.test.js,1,2231
3176,Identifier,expected,-1,-1,-1,127,36,127,44,packages\mochawesome\test\utils.test.js,1,2232
3177,MemberExpression,nan,-1,-1,-1,127,6,127,35,packages\mochawesome\test\utils.test.js,1,2233
3178,Identifier,fnStr,-1,-1,-1,131,6,131,11,packages\mochawesome\test\utils.test.js,1,2234
3181,MemberExpression,nan,-1,-1,-1,133,6,133,35,packages\mochawesome\test\utils.test.js,1,2235
3182,Identifier,fnStr,-1,-1,-1,139,6,139,11,packages\mochawesome\test\utils.test.js,1,2236
3183,CallExpression,nan,1,-1,-1,139,14,151,18,packages\mochawesome\test\utils.test.js,1,2237
3184,Identifier,exp,-1,-1,-1,163,36,163,39,packages\mochawesome\test\utils.test.js,1,2238
3185,MemberExpression,nan,-1,-1,-1,163,6,163,35,packages\mochawesome\test\utils.test.js,1,2239
3186,Identifier,fnStr,-1,-1,-1,167,6,167,11,packages\mochawesome\test\utils.test.js,1,2240
3187,TemplateLiteral,nan,-1,-1,-1,167,14,175,22,packages\mochawesome\test\utils.test.js,1,2241
3188,Identifier,fnStr,-1,-1,-1,176,36,176,41,packages\mochawesome\test\utils.test.js,1,2242
3189,MemberExpression,nan,-1,-1,-1,176,6,176,35,packages\mochawesome\test\utils.test.js,1,2243
3190,Identifier,expectedProps,-1,-1,-1,203,37,203,50,packages\mochawesome\test\utils.test.js,1,2244
3191,MemberExpression,nan,-1,-1,-1,203,6,203,36,packages\mochawesome\test\utils.test.js,1,2245
3192,MemberExpression,nan,-1,-1,-1,204,31,204,58,packages\mochawesome\test\utils.test.js,1,2246
3193,MemberExpression,nan,-1,-1,-1,204,6,204,30,packages\mochawesome\test\utils.test.js,1,2247
3194,Identifier,expectedProps,-1,-1,-1,209,37,209,50,packages\mochawesome\test\utils.test.js,1,2248
3195,MemberExpression,nan,-1,-1,-1,209,6,209,36,packages\mochawesome\test\utils.test.js,1,2249
3196,MemberExpression,nan,-1,-1,-1,210,31,210,58,packages\mochawesome\test\utils.test.js,1,2250
3197,MemberExpression,nan,-1,-1,-1,210,6,210,30,packages\mochawesome\test\utils.test.js,1,2251
3198,Identifier,expectedProps,-1,-1,-1,218,37,218,50,packages\mochawesome\test\utils.test.js,1,2252
3199,MemberExpression,nan,-1,-1,-1,218,6,218,36,packages\mochawesome\test\utils.test.js,1,2253
3200,MemberExpression,nan,-1,-1,-1,219,31,219,72,packages\mochawesome\test\utils.test.js,1,2254
3201,MemberExpression,nan,-1,-1,-1,219,6,219,30,packages\mochawesome\test\utils.test.js,1,2255
3202,Identifier,expectedProps,-1,-1,-1,224,37,224,50,packages\mochawesome\test\utils.test.js,1,2256
3203,MemberExpression,nan,-1,-1,-1,224,6,224,36,packages\mochawesome\test\utils.test.js,1,2257
3204,MemberExpression,nan,-1,-1,-1,225,31,225,58,packages\mochawesome\test\utils.test.js,1,2258
3205,MemberExpression,nan,-1,-1,-1,225,6,225,30,packages\mochawesome\test\utils.test.js,1,2259
3206,Identifier,expectedProps,-1,-1,-1,230,37,230,50,packages\mochawesome\test\utils.test.js,1,2260
3207,MemberExpression,nan,-1,-1,-1,230,6,230,36,packages\mochawesome\test\utils.test.js,1,2261
3208,MemberExpression,nan,-1,-1,-1,231,31,231,55,packages\mochawesome\test\utils.test.js,1,2262
3209,MemberExpression,nan,-1,-1,-1,231,6,231,30,packages\mochawesome\test\utils.test.js,1,2263
3210,Identifier,expectedProps,-1,-1,-1,236,37,236,50,packages\mochawesome\test\utils.test.js,1,2264
3211,MemberExpression,nan,-1,-1,-1,236,6,236,36,packages\mochawesome\test\utils.test.js,1,2265
3213,MemberExpression,nan,-1,-1,-1,237,6,237,31,packages\mochawesome\test\utils.test.js,1,2266
3214,Identifier,expectedProps,-1,-1,-1,269,37,269,50,packages\mochawesome\test\utils.test.js,1,2267
3215,MemberExpression,nan,-1,-1,-1,269,6,269,36,packages\mochawesome\test\utils.test.js,1,2268
3216,MemberExpression,nan,-1,-1,-1,270,31,270,54,packages\mochawesome\test\utils.test.js,1,2269
3217,MemberExpression,nan,-1,-1,-1,270,6,270,30,packages\mochawesome\test\utils.test.js,1,2270
3218,Identifier,expectedProps,-1,-1,-1,279,37,279,50,packages\mochawesome\test\utils.test.js,1,2271
3219,MemberExpression,nan,-1,-1,-1,279,6,279,36,packages\mochawesome\test\utils.test.js,1,2272
3220,MemberExpression,nan,-1,-1,-1,280,31,280,54,packages\mochawesome\test\utils.test.js,1,2273
3221,MemberExpression,nan,-1,-1,-1,280,6,280,30,packages\mochawesome\test\utils.test.js,1,2274
3222,MemberExpression,nan,-1,-1,-1,289,27,289,52,packages\mochawesome\test\utils.test.js,1,2275
3223,MemberExpression,nan,-1,-1,-1,289,6,289,26,packages\mochawesome\test\utils.test.js,1,2276
3225,MemberExpression,nan,-1,-1,-1,139,14,151,12,packages\mochawesome\test\utils.test.js,1,2277
3226,Program,nan,-1,-1,-1,1,0,81,3,packages\mochawesome\test-functional\mem-test.js,1,2278
3227,VariableDeclaration,nan,-1,-1,-1,1,0,1,33,packages\mochawesome\test-functional\mem-test.js,1,2279
3228,VariableDeclaration,nan,-1,-1,-1,3,0,4,50,packages\mochawesome\test-functional\mem-test.js,1,2280
3230,CallExpression,nan,2,-1,-1,7,0,81,2,packages\mochawesome\test-functional\mem-test.js,1,2281
3232,ArrowFunctionExpression,nan,-1,0,0,7,34,81,1,packages\mochawesome\test-functional\mem-test.js,1,2282
3233,Identifier,describe,-1,-1,-1,7,0,7,8,packages\mochawesome\test-functional\mem-test.js,1,2283
3235,BlockStatement,nan,-1,-1,-1,7,40,81,1,packages\mochawesome\test-functional\mem-test.js,1,2284
3236,VariableDeclaration,nan,-1,-1,-1,9,2,9,24,packages\mochawesome\test-functional\mem-test.js,1,2285
3237,FunctionDeclaration,nan,-1,1,1,11,2,51,3,packages\mochawesome\test-functional\mem-test.js,1,2286
3255,ForStatement,nan,-1,-1,-1,72,2,80,3,packages\mochawesome\test-functional\mem-test.js,1,2287
3256,Identifier,genTestBody,-1,-1,-1,11,11,11,22,packages\mochawesome\test-functional\mem-test.js,1,2288
3257,Identifier,opts,-1,-1,-1,11,23,11,27,packages\mochawesome\test-functional\mem-test.js,1,2289
3259,BlockStatement,nan,-1,-1,-1,11,29,51,3,packages\mochawesome\test-functional\mem-test.js,1,2290
3260,CallExpression,nan,2,-1,-1,53,2,53,41,packages\mochawesome\test-functional\mem-test.js,1,2291
3261,CallExpression,nan,2,-1,-1,54,2,54,41,packages\mochawesome\test-functional\mem-test.js,1,2292
3262,CallExpression,nan,2,-1,-1,55,2,55,41,packages\mochawesome\test-functional\mem-test.js,1,2293
3263,CallExpression,nan,2,-1,-1,56,2,56,41,packages\mochawesome\test-functional\mem-test.js,1,2294
3264,CallExpression,nan,2,-1,-1,57,2,57,41,packages\mochawesome\test-functional\mem-test.js,1,2295
3265,CallExpression,nan,2,-1,-1,58,2,58,41,packages\mochawesome\test-functional\mem-test.js,1,2296
3266,CallExpression,nan,2,-1,-1,59,2,59,41,packages\mochawesome\test-functional\mem-test.js,1,2297
3267,CallExpression,nan,2,-1,-1,60,2,60,41,packages\mochawesome\test-functional\mem-test.js,1,2298
3268,CallExpression,nan,2,-1,-1,61,2,61,49,packages\mochawesome\test-functional\mem-test.js,1,2299
3269,CallExpression,nan,2,-1,-1,62,2,62,49,packages\mochawesome\test-functional\mem-test.js,1,2300
3270,CallExpression,nan,2,-1,-1,63,2,63,49,packages\mochawesome\test-functional\mem-test.js,1,2301
3271,CallExpression,nan,2,-1,-1,64,2,64,49,packages\mochawesome\test-functional\mem-test.js,1,2302
3272,CallExpression,nan,2,-1,-1,65,2,65,47,packages\mochawesome\test-functional\mem-test.js,1,2303
3273,CallExpression,nan,2,-1,-1,66,2,66,47,packages\mochawesome\test-functional\mem-test.js,1,2304
3274,CallExpression,nan,2,-1,-1,67,2,67,39,packages\mochawesome\test-functional\mem-test.js,1,2305
3275,CallExpression,nan,2,-1,-1,68,2,68,39,packages\mochawesome\test-functional\mem-test.js,1,2306
3276,CallExpression,nan,2,-1,-1,70,2,70,62,packages\mochawesome\test-functional\mem-test.js,1,2307
3278,BlockStatement,nan,-1,-1,-1,72,38,80,3,packages\mochawesome\test-functional\mem-test.js,1,2308
3279,VariableDeclaration,nan,-1,-1,-1,12,4,12,32,packages\mochawesome\test-functional\mem-test.js,1,2309
3280,ReturnStatement,nan,1,-1,-1,13,4,50,6,packages\mochawesome\test-functional\mem-test.js,1,2310
3282,ArrowFunctionExpression,nan,-1,1,0,53,26,53,40,packages\mochawesome\test-functional\mem-test.js,1,2311
3283,Identifier,before,-1,-1,-1,53,2,53,8,packages\mochawesome\test-functional\mem-test.js,1,2312
3285,ArrowFunctionExpression,nan,-1,1,0,54,26,54,40,packages\mochawesome\test-functional\mem-test.js,1,2313
3286,Identifier,before,-1,-1,-1,54,2,54,8,packages\mochawesome\test-functional\mem-test.js,1,2314
3288,ArrowFunctionExpression,nan,-1,1,0,55,26,55,40,packages\mochawesome\test-functional\mem-test.js,1,2315
3289,Identifier,before,-1,-1,-1,55,2,55,8,packages\mochawesome\test-functional\mem-test.js,1,2316
3291,ArrowFunctionExpression,nan,-1,1,0,56,26,56,40,packages\mochawesome\test-functional\mem-test.js,1,2317
3292,Identifier,before,-1,-1,-1,56,2,56,8,packages\mochawesome\test-functional\mem-test.js,1,2318
3294,ArrowFunctionExpression,nan,-1,1,0,57,26,57,40,packages\mochawesome\test-functional\mem-test.js,1,2319
3295,Identifier,before,-1,-1,-1,57,2,57,8,packages\mochawesome\test-functional\mem-test.js,1,2320
3297,ArrowFunctionExpression,nan,-1,1,0,58,26,58,40,packages\mochawesome\test-functional\mem-test.js,1,2321
3298,Identifier,before,-1,-1,-1,58,2,58,8,packages\mochawesome\test-functional\mem-test.js,1,2322
3300,ArrowFunctionExpression,nan,-1,1,0,59,26,59,40,packages\mochawesome\test-functional\mem-test.js,1,2323
3301,Identifier,before,-1,-1,-1,59,2,59,8,packages\mochawesome\test-functional\mem-test.js,1,2324
3303,ArrowFunctionExpression,nan,-1,1,0,60,26,60,40,packages\mochawesome\test-functional\mem-test.js,1,2325
3304,Identifier,before,-1,-1,-1,60,2,60,8,packages\mochawesome\test-functional\mem-test.js,1,2326
3306,ArrowFunctionExpression,nan,-1,1,0,61,34,61,48,packages\mochawesome\test-functional\mem-test.js,1,2327
3307,Identifier,beforeEach,-1,-1,-1,61,2,61,12,packages\mochawesome\test-functional\mem-test.js,1,2328
3309,ArrowFunctionExpression,nan,-1,1,0,62,34,62,48,packages\mochawesome\test-functional\mem-test.js,1,2329
3310,Identifier,beforeEach,-1,-1,-1,62,2,62,12,packages\mochawesome\test-functional\mem-test.js,1,2330
3312,ArrowFunctionExpression,nan,-1,1,0,63,34,63,48,packages\mochawesome\test-functional\mem-test.js,1,2331
3313,Identifier,beforeEach,-1,-1,-1,63,2,63,12,packages\mochawesome\test-functional\mem-test.js,1,2332
3315,ArrowFunctionExpression,nan,-1,1,0,64,34,64,48,packages\mochawesome\test-functional\mem-test.js,1,2333
3316,Identifier,beforeEach,-1,-1,-1,64,2,64,12,packages\mochawesome\test-functional\mem-test.js,1,2334
3318,ArrowFunctionExpression,nan,-1,1,0,65,32,65,46,packages\mochawesome\test-functional\mem-test.js,1,2335
3319,Identifier,afterEach,-1,-1,-1,65,2,65,11,packages\mochawesome\test-functional\mem-test.js,1,2336
3321,ArrowFunctionExpression,nan,-1,1,0,66,32,66,46,packages\mochawesome\test-functional\mem-test.js,1,2337
3322,Identifier,afterEach,-1,-1,-1,66,2,66,11,packages\mochawesome\test-functional\mem-test.js,1,2338
3324,ArrowFunctionExpression,nan,-1,1,0,67,24,67,38,packages\mochawesome\test-functional\mem-test.js,1,2339
3325,Identifier,after,-1,-1,-1,67,2,67,7,packages\mochawesome\test-functional\mem-test.js,1,2340
3327,ArrowFunctionExpression,nan,-1,1,0,68,24,68,38,packages\mochawesome\test-functional\mem-test.js,1,2341
3328,Identifier,after,-1,-1,-1,68,2,68,7,packages\mochawesome\test-functional\mem-test.js,1,2342
3330,CallExpression,nan,1,-1,-1,70,20,70,61,packages\mochawesome\test-functional\mem-test.js,1,2343
3331,Identifier,it,-1,-1,-1,70,2,70,4,packages\mochawesome\test-functional\mem-test.js,1,2344
3332,Identifier,i,-1,-1,-1,72,18,72,19,packages\mochawesome\test-functional\mem-test.js,1,2345
3333,Identifier,numTests,-1,-1,-1,72,23,72,31,packages\mochawesome\test-functional\mem-test.js,1,2346
3335,FunctionExpression,nan,-1,1,0,13,11,50,5,packages\mochawesome\test-functional\mem-test.js,1,2347
3336,Identifier,done,-1,-1,-1,53,26,53,30,packages\mochawesome\test-functional\mem-test.js,1,2348
3338,CallExpression,nan,0,-1,-1,53,34,53,40,packages\mochawesome\test-functional\mem-test.js,1,2349
3339,Identifier,done,-1,-1,-1,54,26,54,30,packages\mochawesome\test-functional\mem-test.js,1,2350
3341,CallExpression,nan,0,-1,-1,54,34,54,40,packages\mochawesome\test-functional\mem-test.js,1,2351
3342,Identifier,done,-1,-1,-1,55,26,55,30,packages\mochawesome\test-functional\mem-test.js,1,2352
3344,CallExpression,nan,0,-1,-1,55,34,55,40,packages\mochawesome\test-functional\mem-test.js,1,2353
3345,Identifier,done,-1,-1,-1,56,26,56,30,packages\mochawesome\test-functional\mem-test.js,1,2354
3347,CallExpression,nan,0,-1,-1,56,34,56,40,packages\mochawesome\test-functional\mem-test.js,1,2355
3348,Identifier,done,-1,-1,-1,57,26,57,30,packages\mochawesome\test-functional\mem-test.js,1,2356
3350,CallExpression,nan,0,-1,-1,57,34,57,40,packages\mochawesome\test-functional\mem-test.js,1,2357
3351,Identifier,done,-1,-1,-1,58,26,58,30,packages\mochawesome\test-functional\mem-test.js,1,2358
3353,CallExpression,nan,0,-1,-1,58,34,58,40,packages\mochawesome\test-functional\mem-test.js,1,2359
3354,Identifier,done,-1,-1,-1,59,26,59,30,packages\mochawesome\test-functional\mem-test.js,1,2360
3356,CallExpression,nan,0,-1,-1,59,34,59,40,packages\mochawesome\test-functional\mem-test.js,1,2361
3357,Identifier,done,-1,-1,-1,60,26,60,30,packages\mochawesome\test-functional\mem-test.js,1,2362
3359,CallExpression,nan,0,-1,-1,60,34,60,40,packages\mochawesome\test-functional\mem-test.js,1,2363
3360,Identifier,done,-1,-1,-1,61,34,61,38,packages\mochawesome\test-functional\mem-test.js,1,2364
3362,CallExpression,nan,0,-1,-1,61,42,61,48,packages\mochawesome\test-functional\mem-test.js,1,2365
3363,Identifier,done,-1,-1,-1,62,34,62,38,packages\mochawesome\test-functional\mem-test.js,1,2366
3365,CallExpression,nan,0,-1,-1,62,42,62,48,packages\mochawesome\test-functional\mem-test.js,1,2367
3366,Identifier,done,-1,-1,-1,63,34,63,38,packages\mochawesome\test-functional\mem-test.js,1,2368
3368,CallExpression,nan,0,-1,-1,63,42,63,48,packages\mochawesome\test-functional\mem-test.js,1,2369
3369,Identifier,done,-1,-1,-1,64,34,64,38,packages\mochawesome\test-functional\mem-test.js,1,2370
3371,CallExpression,nan,0,-1,-1,64,42,64,48,packages\mochawesome\test-functional\mem-test.js,1,2371
3372,Identifier,done,-1,-1,-1,65,32,65,36,packages\mochawesome\test-functional\mem-test.js,1,2372
3374,CallExpression,nan,0,-1,-1,65,40,65,46,packages\mochawesome\test-functional\mem-test.js,1,2373
3375,Identifier,done,-1,-1,-1,66,32,66,36,packages\mochawesome\test-functional\mem-test.js,1,2374
3377,CallExpression,nan,0,-1,-1,66,40,66,46,packages\mochawesome\test-functional\mem-test.js,1,2375
3378,Identifier,done,-1,-1,-1,67,24,67,28,packages\mochawesome\test-functional\mem-test.js,1,2376
3380,CallExpression,nan,0,-1,-1,67,32,67,38,packages\mochawesome\test-functional\mem-test.js,1,2377
3381,Identifier,done,-1,-1,-1,68,24,68,28,packages\mochawesome\test-functional\mem-test.js,1,2378
3383,CallExpression,nan,0,-1,-1,68,32,68,38,packages\mochawesome\test-functional\mem-test.js,1,2379
3384,ObjectExpression,nan,-1,-1,-1,70,32,70,60,packages\mochawesome\test-functional\mem-test.js,1,2380
3385,Identifier,genTestBody,-1,-1,-1,70,20,70,31,packages\mochawesome\test-functional\mem-test.js,1,2381
3386,CallExpression,nan,2,-1,-1,73,4,79,5,packages\mochawesome\test-functional\mem-test.js,1,2382
3387,Identifier,done,-1,-1,-1,13,21,13,25,packages\mochawesome\test-functional\mem-test.js,1,2383
3389,BlockStatement,nan,-1,-1,-1,13,27,50,5,packages\mochawesome\test-functional\mem-test.js,1,2384
3390,Identifier,done,-1,-1,-1,53,34,53,38,packages\mochawesome\test-functional\mem-test.js,1,2385
3391,Identifier,done,-1,-1,-1,54,34,54,38,packages\mochawesome\test-functional\mem-test.js,1,2386
3392,Identifier,done,-1,-1,-1,55,34,55,38,packages\mochawesome\test-functional\mem-test.js,1,2387
3393,Identifier,done,-1,-1,-1,56,34,56,38,packages\mochawesome\test-functional\mem-test.js,1,2388
3394,Identifier,done,-1,-1,-1,57,34,57,38,packages\mochawesome\test-functional\mem-test.js,1,2389
3395,Identifier,done,-1,-1,-1,58,34,58,38,packages\mochawesome\test-functional\mem-test.js,1,2390
3396,Identifier,done,-1,-1,-1,59,34,59,38,packages\mochawesome\test-functional\mem-test.js,1,2391
3397,Identifier,done,-1,-1,-1,60,34,60,38,packages\mochawesome\test-functional\mem-test.js,1,2392
3398,Identifier,done,-1,-1,-1,61,42,61,46,packages\mochawesome\test-functional\mem-test.js,1,2393
3399,Identifier,done,-1,-1,-1,62,42,62,46,packages\mochawesome\test-functional\mem-test.js,1,2394
3400,Identifier,done,-1,-1,-1,63,42,63,46,packages\mochawesome\test-functional\mem-test.js,1,2395
3401,Identifier,done,-1,-1,-1,64,42,64,46,packages\mochawesome\test-functional\mem-test.js,1,2396
3402,Identifier,done,-1,-1,-1,65,40,65,44,packages\mochawesome\test-functional\mem-test.js,1,2397
3403,Identifier,done,-1,-1,-1,66,40,66,44,packages\mochawesome\test-functional\mem-test.js,1,2398
3404,Identifier,done,-1,-1,-1,67,32,67,36,packages\mochawesome\test-functional\mem-test.js,1,2399
3405,Identifier,done,-1,-1,-1,68,32,68,36,packages\mochawesome\test-functional\mem-test.js,1,2400
3406,TemplateLiteral,nan,-1,-1,-1,74,6,74,17,packages\mochawesome\test-functional\mem-test.js,1,2401
3407,CallExpression,nan,1,-1,-1,75,6,78,8,packages\mochawesome\test-functional\mem-test.js,1,2402
3408,Identifier,it,-1,-1,-1,73,4,73,6,packages\mochawesome\test-functional\mem-test.js,1,2403
3409,IfStatement,nan,-1,-1,-1,47,6,47,28,packages\mochawesome\test-functional\mem-test.js,1,2404
3412,ObjectExpression,nan,-1,-1,-1,75,18,78,7,packages\mochawesome\test-functional\mem-test.js,1,2405
3413,Identifier,genTestBody,-1,-1,-1,75,6,75,17,packages\mochawesome\test-functional\mem-test.js,1,2406
3415,Identifier,skip,-1,-1,-1,47,10,47,14,packages\mochawesome\test-functional\mem-test.js,1,2407
3416,CallExpression,nan,1,-1,-1,48,6,48,18,packages\mochawesome\test-functional\mem-test.js,1,2408
3417,CallExpression,nan,0,-1,-1,49,6,49,12,packages\mochawesome\test-functional\mem-test.js,1,2409
3418,CallExpression,nan,0,-1,-1,47,16,47,27,packages\mochawesome\test-functional\mem-test.js,1,2410
3419,Identifier,pass,-1,-1,-1,48,13,48,17,packages\mochawesome\test-functional\mem-test.js,1,2411
3420,Identifier,assert,-1,-1,-1,48,6,48,12,packages\mochawesome\test-functional\mem-test.js,1,2412
3421,Identifier,done,-1,-1,-1,49,6,49,10,packages\mochawesome\test-functional\mem-test.js,1,2413
3422,MemberExpression,nan,-1,-1,-1,47,16,47,25,packages\mochawesome\test-functional\mem-test.js,1,2414
3423,Program,nan,-1,-1,-1,1,0,7,3,packages\mochawesome\test-functional\no-suite.js,1,2415
3426,CallExpression,nan,2,-1,-1,1,0,3,2,packages\mochawesome\test-functional\no-suite.js,1,2416
3427,CallExpression,nan,2,-1,-1,5,0,7,2,packages\mochawesome\test-functional\no-suite.js,1,2417
3429,ArrowFunctionExpression,nan,-1,0,0,1,18,3,1,packages\mochawesome\test-functional\no-suite.js,1,2418
3430,Identifier,it,-1,-1,-1,1,0,1,2,packages\mochawesome\test-functional\no-suite.js,1,2419
3432,ArrowFunctionExpression,nan,-1,0,0,5,21,7,1,packages\mochawesome\test-functional\no-suite.js,1,2420
3433,Identifier,it,-1,-1,-1,5,0,5,2,packages\mochawesome\test-functional\no-suite.js,1,2421
3435,BlockStatement,nan,-1,-1,-1,1,24,3,1,packages\mochawesome\test-functional\no-suite.js,1,2422
3437,BlockStatement,nan,-1,-1,-1,5,27,7,1,packages\mochawesome\test-functional\no-suite.js,1,2423
3440,CallExpression,nan,1,-1,-1,2,2,2,25,packages\mochawesome\test-functional\no-suite.js,1,2424
3441,CallExpression,nan,1,-1,-1,6,2,6,26,packages\mochawesome\test-functional\no-suite.js,1,2425
3443,MemberExpression,nan,-1,-1,-1,2,2,2,22,packages\mochawesome\test-functional\no-suite.js,1,2426
3445,MemberExpression,nan,-1,-1,-1,6,2,6,23,packages\mochawesome\test-functional\no-suite.js,1,2427
3446,Program,nan,-1,-1,-1,1,0,32,3,packages\mochawesome\test-functional\realish-example.js,1,2428
3447,VariableDeclaration,nan,-1,-1,-1,1,0,1,48,packages\mochawesome\test-functional\realish-example.js,1,2429
3449,CallExpression,nan,2,-1,-1,3,0,32,2,packages\mochawesome\test-functional\realish-example.js,1,2430
3451,ArrowFunctionExpression,nan,-1,0,0,3,25,32,1,packages\mochawesome\test-functional\realish-example.js,1,2431
3452,Identifier,describe,-1,-1,-1,3,0,3,8,packages\mochawesome\test-functional\realish-example.js,1,2432
3454,BlockStatement,nan,-1,-1,-1,3,31,32,1,packages\mochawesome\test-functional\realish-example.js,1,2433
3458,CallExpression,nan,2,-1,-1,4,2,6,4,packages\mochawesome\test-functional\realish-example.js,1,2434
3459,CallExpression,nan,2,-1,-1,8,2,19,4,packages\mochawesome\test-functional\realish-example.js,1,2435
3460,CallExpression,nan,2,-1,-1,21,2,31,4,packages\mochawesome\test-functional\realish-example.js,1,2436
3462,ArrowFunctionExpression,nan,-1,0,0,4,30,6,3,packages\mochawesome\test-functional\realish-example.js,1,2437
3463,Identifier,it,-1,-1,-1,4,2,4,4,packages\mochawesome\test-functional\realish-example.js,1,2438
3465,ArrowFunctionExpression,nan,-1,0,0,8,22,19,3,packages\mochawesome\test-functional\realish-example.js,1,2439
3466,Identifier,describe,-1,-1,-1,8,2,8,10,packages\mochawesome\test-functional\realish-example.js,1,2440
3468,ArrowFunctionExpression,nan,-1,0,0,21,36,31,3,packages\mochawesome\test-functional\realish-example.js,1,2441
3469,Identifier,describe,-1,-1,-1,21,2,21,10,packages\mochawesome\test-functional\realish-example.js,1,2442
3471,BlockStatement,nan,-1,-1,-1,4,36,6,3,packages\mochawesome\test-functional\realish-example.js,1,2443
3473,BlockStatement,nan,-1,-1,-1,8,28,19,3,packages\mochawesome\test-functional\realish-example.js,1,2444
3475,BlockStatement,nan,-1,-1,-1,21,42,31,3,packages\mochawesome\test-functional\realish-example.js,1,2445
3481,CallExpression,nan,1,-1,-1,5,4,5,27,packages\mochawesome\test-functional\realish-example.js,1,2446
3482,CallExpression,nan,2,-1,-1,9,4,13,6,packages\mochawesome\test-functional\realish-example.js,1,2447
3483,CallExpression,nan,2,-1,-1,14,4,18,6,packages\mochawesome\test-functional\realish-example.js,1,2448
3484,CallExpression,nan,2,-1,-1,22,4,24,6,packages\mochawesome\test-functional\realish-example.js,1,2449
3485,CallExpression,nan,2,-1,-1,26,4,30,6,packages\mochawesome\test-functional\realish-example.js,1,2450
3487,MemberExpression,nan,-1,-1,-1,5,4,5,24,packages\mochawesome\test-functional\realish-example.js,1,2451
3489,FunctionExpression,nan,-1,1,0,9,35,13,5,packages\mochawesome\test-functional\realish-example.js,1,2452
3490,Identifier,it,-1,-1,-1,9,4,9,6,packages\mochawesome\test-functional\realish-example.js,1,2453
3492,FunctionExpression,nan,-1,1,0,14,47,18,5,packages\mochawesome\test-functional\realish-example.js,1,2454
3493,Identifier,it,-1,-1,-1,14,4,14,6,packages\mochawesome\test-functional\realish-example.js,1,2455
3495,ArrowFunctionExpression,nan,-1,0,0,22,38,24,5,packages\mochawesome\test-functional\realish-example.js,1,2456
3496,Identifier,it,-1,-1,-1,22,4,22,6,packages\mochawesome\test-functional\realish-example.js,1,2457
3498,ArrowFunctionExpression,nan,-1,0,0,26,36,30,5,packages\mochawesome\test-functional\realish-example.js,1,2458
3499,Identifier,describe,-1,-1,-1,26,4,26,12,packages\mochawesome\test-functional\realish-example.js,1,2459
3500,Identifier,done,-1,-1,-1,9,45,9,49,packages\mochawesome\test-functional\realish-example.js,1,2460
3502,BlockStatement,nan,-1,-1,-1,9,51,13,5,packages\mochawesome\test-functional\realish-example.js,1,2461
3503,Identifier,done,-1,-1,-1,14,57,14,61,packages\mochawesome\test-functional\realish-example.js,1,2462
3505,BlockStatement,nan,-1,-1,-1,14,63,18,5,packages\mochawesome\test-functional\realish-example.js,1,2463
3507,BlockStatement,nan,-1,-1,-1,22,44,24,5,packages\mochawesome\test-functional\realish-example.js,1,2464
3509,BlockStatement,nan,-1,-1,-1,26,42,30,5,packages\mochawesome\test-functional\realish-example.js,1,2465
3518,CallExpression,nan,1,-1,-1,10,6,10,29,packages\mochawesome\test-functional\realish-example.js,1,2466
3519,CallExpression,nan,2,-1,-1,11,6,11,50,packages\mochawesome\test-functional\realish-example.js,1,2467
3520,CallExpression,nan,0,-1,-1,12,6,12,12,packages\mochawesome\test-functional\realish-example.js,1,2468
3521,CallExpression,nan,1,-1,-1,15,6,15,29,packages\mochawesome\test-functional\realish-example.js,1,2469
3522,CallExpression,nan,2,-1,-1,16,6,16,39,packages\mochawesome\test-functional\realish-example.js,1,2470
3523,CallExpression,nan,0,-1,-1,17,6,17,12,packages\mochawesome\test-functional\realish-example.js,1,2471
3524,CallExpression,nan,1,-1,-1,23,6,23,29,packages\mochawesome\test-functional\realish-example.js,1,2472
3525,CallExpression,nan,2,-1,-1,27,6,29,8,packages\mochawesome\test-functional\realish-example.js,1,2473
3527,MemberExpression,nan,-1,-1,-1,10,6,10,26,packages\mochawesome\test-functional\realish-example.js,1,2474
3528,ThisExpression,nan,-1,-1,-1,11,17,11,21,packages\mochawesome\test-functional\realish-example.js,1,2475
3530,Identifier,addContext,-1,-1,-1,11,6,11,16,packages\mochawesome\test-functional\realish-example.js,1,2476
3531,Identifier,done,-1,-1,-1,12,6,12,10,packages\mochawesome\test-functional\realish-example.js,1,2477
3533,MemberExpression,nan,-1,-1,-1,15,6,15,26,packages\mochawesome\test-functional\realish-example.js,1,2478
3534,ThisExpression,nan,-1,-1,-1,16,17,16,21,packages\mochawesome\test-functional\realish-example.js,1,2479
3536,Identifier,addContext,-1,-1,-1,16,6,16,16,packages\mochawesome\test-functional\realish-example.js,1,2480
3537,Identifier,done,-1,-1,-1,17,6,17,10,packages\mochawesome\test-functional\realish-example.js,1,2481
3539,MemberExpression,nan,-1,-1,-1,23,6,23,26,packages\mochawesome\test-functional\realish-example.js,1,2482
3541,ArrowFunctionExpression,nan,-1,0,0,27,46,29,7,packages\mochawesome\test-functional\realish-example.js,1,2483
3542,Identifier,it,-1,-1,-1,27,6,27,8,packages\mochawesome\test-functional\realish-example.js,1,2484
3544,BlockStatement,nan,-1,-1,-1,27,52,29,7,packages\mochawesome\test-functional\realish-example.js,1,2485
3546,CallExpression,nan,1,-1,-1,28,8,28,31,packages\mochawesome\test-functional\realish-example.js,1,2486
3548,MemberExpression,nan,-1,-1,-1,28,8,28,28,packages\mochawesome\test-functional\realish-example.js,1,2487
3549,Program,nan,-1,-1,-1,1,0,138,3,packages\mochawesome\test-functional\test-context.js,1,2488
3550,VariableDeclaration,nan,-1,-1,-1,1,0,1,48,packages\mochawesome\test-functional\test-context.js,1,2489
3551,VariableDeclaration,nan,-1,-1,-1,3,0,23,2,packages\mochawesome\test-functional\test-context.js,1,2490
3552,FunctionDeclaration,nan,-1,0,1,25,0,27,1,packages\mochawesome\test-functional\test-context.js,1,2491
3554,Identifier,retObj,-1,-1,-1,25,9,25,15,packages\mochawesome\test-functional\test-context.js,1,2492
3556,BlockStatement,nan,-1,-1,-1,25,18,27,1,packages\mochawesome\test-functional\test-context.js,1,2493
3557,CallExpression,nan,2,-1,-1,29,0,138,2,packages\mochawesome\test-functional\test-context.js,1,2494
3558,ReturnStatement,nan,1,-1,-1,26,2,26,19,packages\mochawesome\test-functional\test-context.js,1,2495
3560,ArrowFunctionExpression,nan,-1,0,0,29,30,138,1,packages\mochawesome\test-functional\test-context.js,1,2496
3561,Identifier,describe,-1,-1,-1,29,0,29,8,packages\mochawesome\test-functional\test-context.js,1,2497
3562,Identifier,sampleObj,-1,-1,-1,26,9,26,18,packages\mochawesome\test-functional\test-context.js,1,2498
3564,BlockStatement,nan,-1,-1,-1,29,36,138,1,packages\mochawesome\test-functional\test-context.js,1,2499
3570,CallExpression,nan,1,-1,-1,30,2,32,4,packages\mochawesome\test-functional\test-context.js,1,2500
3571,CallExpression,nan,1,-1,-1,34,2,36,4,packages\mochawesome\test-functional\test-context.js,1,2501
3572,CallExpression,nan,2,-1,-1,38,2,103,4,packages\mochawesome\test-functional\test-context.js,1,2502
3573,CallExpression,nan,2,-1,-1,105,2,120,4,packages\mochawesome\test-functional\test-context.js,1,2503
3574,CallExpression,nan,2,-1,-1,122,2,137,4,packages\mochawesome\test-functional\test-context.js,1,2504
3575,FunctionExpression,nan,-1,0,0,30,9,32,3,packages\mochawesome\test-functional\test-context.js,1,2505
3576,Identifier,before,-1,-1,-1,30,2,30,8,packages\mochawesome\test-functional\test-context.js,1,2506
3577,FunctionExpression,nan,-1,0,0,34,8,36,3,packages\mochawesome\test-functional\test-context.js,1,2507
3578,Identifier,after,-1,-1,-1,34,2,34,7,packages\mochawesome\test-functional\test-context.js,1,2508
3580,ArrowFunctionExpression,nan,-1,0,0,38,38,103,3,packages\mochawesome\test-functional\test-context.js,1,2509
3581,Identifier,describe,-1,-1,-1,38,2,38,10,packages\mochawesome\test-functional\test-context.js,1,2510
3583,ArrowFunctionExpression,nan,-1,0,0,105,33,120,3,packages\mochawesome\test-functional\test-context.js,1,2511
3584,Identifier,describe,-1,-1,-1,105,2,105,10,packages\mochawesome\test-functional\test-context.js,1,2512
3586,ArrowFunctionExpression,nan,-1,0,0,122,32,137,3,packages\mochawesome\test-functional\test-context.js,1,2513
3587,Identifier,describe,-1,-1,-1,122,2,122,10,packages\mochawesome\test-functional\test-context.js,1,2514
3589,BlockStatement,nan,-1,-1,-1,30,21,32,3,packages\mochawesome\test-functional\test-context.js,1,2515
3591,BlockStatement,nan,-1,-1,-1,34,20,36,3,packages\mochawesome\test-functional\test-context.js,1,2516
3593,BlockStatement,nan,-1,-1,-1,38,44,103,3,packages\mochawesome\test-functional\test-context.js,1,2517
3595,BlockStatement,nan,-1,-1,-1,105,39,120,3,packages\mochawesome\test-functional\test-context.js,1,2518
3597,BlockStatement,nan,-1,-1,-1,122,38,137,3,packages\mochawesome\test-functional\test-context.js,1,2519
3615,CallExpression,nan,2,-1,-1,31,4,31,56,packages\mochawesome\test-functional\test-context.js,1,2520
3616,CallExpression,nan,2,-1,-1,35,4,35,55,packages\mochawesome\test-functional\test-context.js,1,2521
3617,CallExpression,nan,2,-1,-1,39,4,43,6,packages\mochawesome\test-functional\test-context.js,1,2522
3618,CallExpression,nan,2,-1,-1,44,4,48,6,packages\mochawesome\test-functional\test-context.js,1,2523
3619,CallExpression,nan,2,-1,-1,49,4,53,6,packages\mochawesome\test-functional\test-context.js,1,2524
3620,CallExpression,nan,2,-1,-1,54,4,58,6,packages\mochawesome\test-functional\test-context.js,1,2525
3621,CallExpression,nan,2,-1,-1,59,4,66,6,packages\mochawesome\test-functional\test-context.js,1,2526
3622,CallExpression,nan,2,-1,-1,67,4,75,6,packages\mochawesome\test-functional\test-context.js,1,2527
3623,CallExpression,nan,2,-1,-1,76,4,87,6,packages\mochawesome\test-functional\test-context.js,1,2528
3624,CallExpression,nan,2,-1,-1,88,4,95,6,packages\mochawesome\test-functional\test-context.js,1,2529
3625,CallExpression,nan,2,-1,-1,96,4,102,6,packages\mochawesome\test-functional\test-context.js,1,2530
3626,CallExpression,nan,1,-1,-1,106,4,108,6,packages\mochawesome\test-functional\test-context.js,1,2531
3627,CallExpression,nan,2,-1,-1,110,4,114,6,packages\mochawesome\test-functional\test-context.js,1,2532
3628,CallExpression,nan,2,-1,-1,115,4,119,6,packages\mochawesome\test-functional\test-context.js,1,2533
3629,CallExpression,nan,1,-1,-1,123,4,125,6,packages\mochawesome\test-functional\test-context.js,1,2534
3630,CallExpression,nan,2,-1,-1,127,4,131,6,packages\mochawesome\test-functional\test-context.js,1,2535
3631,CallExpression,nan,2,-1,-1,132,4,136,6,packages\mochawesome\test-functional\test-context.js,1,2536
3632,ThisExpression,nan,-1,-1,-1,31,15,31,19,packages\mochawesome\test-functional\test-context.js,1,2537
3634,Identifier,addContext,-1,-1,-1,31,4,31,14,packages\mochawesome\test-functional\test-context.js,1,2538
3635,ThisExpression,nan,-1,-1,-1,35,15,35,19,packages\mochawesome\test-functional\test-context.js,1,2539
3637,Identifier,addContext,-1,-1,-1,35,4,35,14,packages\mochawesome\test-functional\test-context.js,1,2540
3639,FunctionExpression,nan,-1,1,0,39,35,43,5,packages\mochawesome\test-functional\test-context.js,1,2541
3640,Identifier,it,-1,-1,-1,39,4,39,6,packages\mochawesome\test-functional\test-context.js,1,2542
3642,FunctionExpression,nan,-1,1,0,44,47,48,5,packages\mochawesome\test-functional\test-context.js,1,2543
3643,Identifier,it,-1,-1,-1,44,4,44,6,packages\mochawesome\test-functional\test-context.js,1,2544
3645,FunctionExpression,nan,-1,1,0,49,49,53,5,packages\mochawesome\test-functional\test-context.js,1,2545
3646,Identifier,it,-1,-1,-1,49,4,49,6,packages\mochawesome\test-functional\test-context.js,1,2546
3648,FunctionExpression,nan,-1,1,0,54,39,58,5,packages\mochawesome\test-functional\test-context.js,1,2547
3649,Identifier,it,-1,-1,-1,54,4,54,6,packages\mochawesome\test-functional\test-context.js,1,2548
3651,FunctionExpression,nan,-1,1,0,59,46,66,5,packages\mochawesome\test-functional\test-context.js,1,2549
3652,Identifier,it,-1,-1,-1,59,4,59,6,packages\mochawesome\test-functional\test-context.js,1,2550
3654,FunctionExpression,nan,-1,1,0,67,35,75,5,packages\mochawesome\test-functional\test-context.js,1,2551
3655,Identifier,it,-1,-1,-1,67,4,67,6,packages\mochawesome\test-functional\test-context.js,1,2552
3657,FunctionExpression,nan,-1,1,0,76,36,87,5,packages\mochawesome\test-functional\test-context.js,1,2553
3658,Identifier,it,-1,-1,-1,76,4,76,6,packages\mochawesome\test-functional\test-context.js,1,2554
3660,FunctionExpression,nan,-1,1,0,88,43,95,5,packages\mochawesome\test-functional\test-context.js,1,2555
3661,Identifier,it,-1,-1,-1,88,4,88,6,packages\mochawesome\test-functional\test-context.js,1,2556
3663,ArrowFunctionExpression,nan,-1,0,0,96,34,102,5,packages\mochawesome\test-functional\test-context.js,1,2557
3664,Identifier,it,-1,-1,-1,96,4,96,6,packages\mochawesome\test-functional\test-context.js,1,2558
3665,FunctionExpression,nan,-1,0,0,106,15,108,5,packages\mochawesome\test-functional\test-context.js,1,2559
3666,Identifier,beforeEach,-1,-1,-1,106,4,106,14,packages\mochawesome\test-functional\test-context.js,1,2560
3668,FunctionExpression,nan,-1,1,0,110,54,114,5,packages\mochawesome\test-functional\test-context.js,1,2561
3669,Identifier,it,-1,-1,-1,110,4,110,6,packages\mochawesome\test-functional\test-context.js,1,2562
3671,FunctionExpression,nan,-1,1,0,115,70,119,5,packages\mochawesome\test-functional\test-context.js,1,2563
3672,Identifier,it,-1,-1,-1,115,4,115,6,packages\mochawesome\test-functional\test-context.js,1,2564
3673,FunctionExpression,nan,-1,0,0,123,15,125,5,packages\mochawesome\test-functional\test-context.js,1,2565
3674,Identifier,beforeEach,-1,-1,-1,123,4,123,14,packages\mochawesome\test-functional\test-context.js,1,2566
3676,FunctionExpression,nan,-1,1,0,127,53,131,5,packages\mochawesome\test-functional\test-context.js,1,2567
3677,Identifier,it,-1,-1,-1,127,4,127,6,packages\mochawesome\test-functional\test-context.js,1,2568
3679,FunctionExpression,nan,-1,1,0,132,69,136,5,packages\mochawesome\test-functional\test-context.js,1,2569
3680,Identifier,it,-1,-1,-1,132,4,132,6,packages\mochawesome\test-functional\test-context.js,1,2570
3681,Identifier,done,-1,-1,-1,39,45,39,49,packages\mochawesome\test-functional\test-context.js,1,2571
3683,BlockStatement,nan,-1,-1,-1,39,51,43,5,packages\mochawesome\test-functional\test-context.js,1,2572
3684,Identifier,done,-1,-1,-1,44,57,44,61,packages\mochawesome\test-functional\test-context.js,1,2573
3686,BlockStatement,nan,-1,-1,-1,44,63,48,5,packages\mochawesome\test-functional\test-context.js,1,2574
3687,Identifier,done,-1,-1,-1,49,59,49,63,packages\mochawesome\test-functional\test-context.js,1,2575
3689,BlockStatement,nan,-1,-1,-1,49,65,53,5,packages\mochawesome\test-functional\test-context.js,1,2576
3690,Identifier,done,-1,-1,-1,54,49,54,53,packages\mochawesome\test-functional\test-context.js,1,2577
3692,BlockStatement,nan,-1,-1,-1,54,55,58,5,packages\mochawesome\test-functional\test-context.js,1,2578
3693,Identifier,done,-1,-1,-1,59,56,59,60,packages\mochawesome\test-functional\test-context.js,1,2579
3695,BlockStatement,nan,-1,-1,-1,59,62,66,5,packages\mochawesome\test-functional\test-context.js,1,2580
3696,Identifier,done,-1,-1,-1,67,45,67,49,packages\mochawesome\test-functional\test-context.js,1,2581
3698,BlockStatement,nan,-1,-1,-1,67,51,75,5,packages\mochawesome\test-functional\test-context.js,1,2582
3699,Identifier,done,-1,-1,-1,76,46,76,50,packages\mochawesome\test-functional\test-context.js,1,2583
3701,BlockStatement,nan,-1,-1,-1,76,52,87,5,packages\mochawesome\test-functional\test-context.js,1,2584
3702,Identifier,done,-1,-1,-1,88,53,88,57,packages\mochawesome\test-functional\test-context.js,1,2585
3704,BlockStatement,nan,-1,-1,-1,88,59,95,5,packages\mochawesome\test-functional\test-context.js,1,2586
3706,BlockStatement,nan,-1,-1,-1,96,40,102,5,packages\mochawesome\test-functional\test-context.js,1,2587
3708,BlockStatement,nan,-1,-1,-1,106,27,108,5,packages\mochawesome\test-functional\test-context.js,1,2588
3709,Identifier,done,-1,-1,-1,110,64,110,68,packages\mochawesome\test-functional\test-context.js,1,2589
3711,BlockStatement,nan,-1,-1,-1,110,70,114,5,packages\mochawesome\test-functional\test-context.js,1,2590
3712,Identifier,done,-1,-1,-1,115,80,115,84,packages\mochawesome\test-functional\test-context.js,1,2591
3714,BlockStatement,nan,-1,-1,-1,115,86,119,5,packages\mochawesome\test-functional\test-context.js,1,2592
3716,BlockStatement,nan,-1,-1,-1,123,27,125,5,packages\mochawesome\test-functional\test-context.js,1,2593
3717,Identifier,done,-1,-1,-1,127,63,127,67,packages\mochawesome\test-functional\test-context.js,1,2594
3719,BlockStatement,nan,-1,-1,-1,127,69,131,5,packages\mochawesome\test-functional\test-context.js,1,2595
3720,Identifier,done,-1,-1,-1,132,79,132,83,packages\mochawesome\test-functional\test-context.js,1,2596
3722,BlockStatement,nan,-1,-1,-1,132,85,136,5,packages\mochawesome\test-functional\test-context.js,1,2597
3739,VariableDeclaration,nan,-1,-1,-1,72,6,72,25,packages\mochawesome\test-functional\test-context.js,1,2598
3765,CallExpression,nan,1,-1,-1,40,6,40,29,packages\mochawesome\test-functional\test-context.js,1,2599
3766,CallExpression,nan,2,-1,-1,41,6,41,50,packages\mochawesome\test-functional\test-context.js,1,2600
3767,CallExpression,nan,0,-1,-1,42,6,42,12,packages\mochawesome\test-functional\test-context.js,1,2601
3768,CallExpression,nan,1,-1,-1,45,6,45,29,packages\mochawesome\test-functional\test-context.js,1,2602
3769,CallExpression,nan,2,-1,-1,46,6,46,39,packages\mochawesome\test-functional\test-context.js,1,2603
3770,CallExpression,nan,0,-1,-1,47,6,47,12,packages\mochawesome\test-functional\test-context.js,1,2604
3771,CallExpression,nan,1,-1,-1,50,6,50,29,packages\mochawesome\test-functional\test-context.js,1,2605
3772,CallExpression,nan,2,-1,-1,51,6,51,46,packages\mochawesome\test-functional\test-context.js,1,2606
3773,CallExpression,nan,0,-1,-1,52,6,52,12,packages\mochawesome\test-functional\test-context.js,1,2607
3774,CallExpression,nan,1,-1,-1,55,6,55,29,packages\mochawesome\test-functional\test-context.js,1,2608
3775,CallExpression,nan,2,-1,-1,56,6,56,45,packages\mochawesome\test-functional\test-context.js,1,2609
3776,CallExpression,nan,0,-1,-1,57,6,57,12,packages\mochawesome\test-functional\test-context.js,1,2610
3777,CallExpression,nan,1,-1,-1,60,6,60,29,packages\mochawesome\test-functional\test-context.js,1,2611
3778,CallExpression,nan,2,-1,-1,61,6,64,8,packages\mochawesome\test-functional\test-context.js,1,2612
3779,CallExpression,nan,0,-1,-1,65,6,65,12,packages\mochawesome\test-functional\test-context.js,1,2613
3780,CallExpression,nan,2,-1,-1,68,6,71,8,packages\mochawesome\test-functional\test-context.js,1,2614
3781,CallExpression,nan,1,-1,-1,73,6,73,29,packages\mochawesome\test-functional\test-context.js,1,2615
3782,CallExpression,nan,0,-1,-1,74,6,74,12,packages\mochawesome\test-functional\test-context.js,1,2616
3783,CallExpression,nan,2,-1,-1,77,6,80,8,packages\mochawesome\test-functional\test-context.js,1,2617
3784,CallExpression,nan,2,-1,-1,81,6,84,8,packages\mochawesome\test-functional\test-context.js,1,2618
3785,CallExpression,nan,1,-1,-1,85,6,85,29,packages\mochawesome\test-functional\test-context.js,1,2619
3786,CallExpression,nan,0,-1,-1,86,6,86,12,packages\mochawesome\test-functional\test-context.js,1,2620
3787,CallExpression,nan,2,-1,-1,89,6,92,7,packages\mochawesome\test-functional\test-context.js,1,2621
3788,CallExpression,nan,1,-1,-1,93,6,93,29,packages\mochawesome\test-functional\test-context.js,1,2622
3789,CallExpression,nan,0,-1,-1,94,6,94,12,packages\mochawesome\test-functional\test-context.js,1,2623
3790,CallExpression,nan,2,-1,-1,97,6,100,7,packages\mochawesome\test-functional\test-context.js,1,2624
3791,CallExpression,nan,1,-1,-1,101,6,101,29,packages\mochawesome\test-functional\test-context.js,1,2625
3792,CallExpression,nan,2,-1,-1,107,6,107,56,packages\mochawesome\test-functional\test-context.js,1,2626
3793,CallExpression,nan,1,-1,-1,111,6,111,29,packages\mochawesome\test-functional\test-context.js,1,2627
3794,CallExpression,nan,2,-1,-1,112,6,112,50,packages\mochawesome\test-functional\test-context.js,1,2628
3795,CallExpression,nan,0,-1,-1,113,6,113,12,packages\mochawesome\test-functional\test-context.js,1,2629
3796,CallExpression,nan,1,-1,-1,116,6,116,29,packages\mochawesome\test-functional\test-context.js,1,2630
3797,CallExpression,nan,2,-1,-1,117,6,117,39,packages\mochawesome\test-functional\test-context.js,1,2631
3798,CallExpression,nan,0,-1,-1,118,6,118,12,packages\mochawesome\test-functional\test-context.js,1,2632
3799,CallExpression,nan,2,-1,-1,124,6,124,55,packages\mochawesome\test-functional\test-context.js,1,2633
3800,CallExpression,nan,1,-1,-1,128,6,128,29,packages\mochawesome\test-functional\test-context.js,1,2634
3801,CallExpression,nan,2,-1,-1,129,6,129,50,packages\mochawesome\test-functional\test-context.js,1,2635
3802,CallExpression,nan,0,-1,-1,130,6,130,12,packages\mochawesome\test-functional\test-context.js,1,2636
3803,CallExpression,nan,1,-1,-1,133,6,133,29,packages\mochawesome\test-functional\test-context.js,1,2637
3804,CallExpression,nan,2,-1,-1,134,6,134,39,packages\mochawesome\test-functional\test-context.js,1,2638
3805,CallExpression,nan,0,-1,-1,135,6,135,12,packages\mochawesome\test-functional\test-context.js,1,2639
3807,MemberExpression,nan,-1,-1,-1,40,6,40,26,packages\mochawesome\test-functional\test-context.js,1,2640
3808,ThisExpression,nan,-1,-1,-1,41,17,41,21,packages\mochawesome\test-functional\test-context.js,1,2641
3810,Identifier,addContext,-1,-1,-1,41,6,41,16,packages\mochawesome\test-functional\test-context.js,1,2642
3811,Identifier,done,-1,-1,-1,42,6,42,10,packages\mochawesome\test-functional\test-context.js,1,2643
3813,MemberExpression,nan,-1,-1,-1,45,6,45,26,packages\mochawesome\test-functional\test-context.js,1,2644
3814,ThisExpression,nan,-1,-1,-1,46,17,46,21,packages\mochawesome\test-functional\test-context.js,1,2645
3816,Identifier,addContext,-1,-1,-1,46,6,46,16,packages\mochawesome\test-functional\test-context.js,1,2646
3817,Identifier,done,-1,-1,-1,47,6,47,10,packages\mochawesome\test-functional\test-context.js,1,2647
3819,MemberExpression,nan,-1,-1,-1,50,6,50,26,packages\mochawesome\test-functional\test-context.js,1,2648
3820,ThisExpression,nan,-1,-1,-1,51,17,51,21,packages\mochawesome\test-functional\test-context.js,1,2649
3822,Identifier,addContext,-1,-1,-1,51,6,51,16,packages\mochawesome\test-functional\test-context.js,1,2650
3823,Identifier,done,-1,-1,-1,52,6,52,10,packages\mochawesome\test-functional\test-context.js,1,2651
3825,MemberExpression,nan,-1,-1,-1,55,6,55,26,packages\mochawesome\test-functional\test-context.js,1,2652
3826,ThisExpression,nan,-1,-1,-1,56,17,56,21,packages\mochawesome\test-functional\test-context.js,1,2653
3828,Identifier,addContext,-1,-1,-1,56,6,56,16,packages\mochawesome\test-functional\test-context.js,1,2654
3829,Identifier,done,-1,-1,-1,57,6,57,10,packages\mochawesome\test-functional\test-context.js,1,2655
3831,MemberExpression,nan,-1,-1,-1,60,6,60,26,packages\mochawesome\test-functional\test-context.js,1,2656
3832,ThisExpression,nan,-1,-1,-1,61,17,61,21,packages\mochawesome\test-functional\test-context.js,1,2657
3833,ObjectExpression,nan,-1,-1,-1,61,23,64,7,packages\mochawesome\test-functional\test-context.js,1,2658
3834,Identifier,addContext,-1,-1,-1,61,6,61,16,packages\mochawesome\test-functional\test-context.js,1,2659
3835,Identifier,done,-1,-1,-1,65,6,65,10,packages\mochawesome\test-functional\test-context.js,1,2660
3836,ThisExpression,nan,-1,-1,-1,68,17,68,21,packages\mochawesome\test-functional\test-context.js,1,2661
3837,ObjectExpression,nan,-1,-1,-1,68,23,71,7,packages\mochawesome\test-functional\test-context.js,1,2662
3838,Identifier,addContext,-1,-1,-1,68,6,68,16,packages\mochawesome\test-functional\test-context.js,1,2663
3839,Identifier,sampleObj,-1,-1,-1,73,19,73,28,packages\mochawesome\test-functional\test-context.js,1,2664
3840,MemberExpression,nan,-1,-1,-1,73,6,73,18,packages\mochawesome\test-functional\test-context.js,1,2665
3841,Identifier,done,-1,-1,-1,74,6,74,10,packages\mochawesome\test-functional\test-context.js,1,2666
3842,ThisExpression,nan,-1,-1,-1,77,17,77,21,packages\mochawesome\test-functional\test-context.js,1,2667
3843,ObjectExpression,nan,-1,-1,-1,77,23,80,7,packages\mochawesome\test-functional\test-context.js,1,2668
3844,Identifier,addContext,-1,-1,-1,77,6,77,16,packages\mochawesome\test-functional\test-context.js,1,2669
3845,ThisExpression,nan,-1,-1,-1,81,17,81,21,packages\mochawesome\test-functional\test-context.js,1,2670
3846,ObjectExpression,nan,-1,-1,-1,81,23,84,7,packages\mochawesome\test-functional\test-context.js,1,2671
3847,Identifier,addContext,-1,-1,-1,81,6,81,16,packages\mochawesome\test-functional\test-context.js,1,2672
3849,MemberExpression,nan,-1,-1,-1,85,6,85,26,packages\mochawesome\test-functional\test-context.js,1,2673
3850,Identifier,done,-1,-1,-1,86,6,86,10,packages\mochawesome\test-functional\test-context.js,1,2674
3851,ThisExpression,nan,-1,-1,-1,90,8,90,12,packages\mochawesome\test-functional\test-context.js,1,2675
3853,Identifier,addContext,-1,-1,-1,89,6,89,16,packages\mochawesome\test-functional\test-context.js,1,2676
3855,MemberExpression,nan,-1,-1,-1,93,6,93,26,packages\mochawesome\test-functional\test-context.js,1,2677
3856,Identifier,done,-1,-1,-1,94,6,94,10,packages\mochawesome\test-functional\test-context.js,1,2678
3857,ThisExpression,nan,-1,-1,-1,98,8,98,12,packages\mochawesome\test-functional\test-context.js,1,2679
3859,Identifier,addContext,-1,-1,-1,97,6,97,16,packages\mochawesome\test-functional\test-context.js,1,2680
3861,MemberExpression,nan,-1,-1,-1,101,6,101,26,packages\mochawesome\test-functional\test-context.js,1,2681
3862,ThisExpression,nan,-1,-1,-1,107,17,107,21,packages\mochawesome\test-functional\test-context.js,1,2682
3864,Identifier,addContext,-1,-1,-1,107,6,107,16,packages\mochawesome\test-functional\test-context.js,1,2683
3866,MemberExpression,nan,-1,-1,-1,111,6,111,26,packages\mochawesome\test-functional\test-context.js,1,2684
3867,ThisExpression,nan,-1,-1,-1,112,17,112,21,packages\mochawesome\test-functional\test-context.js,1,2685
3869,Identifier,addContext,-1,-1,-1,112,6,112,16,packages\mochawesome\test-functional\test-context.js,1,2686
3870,Identifier,done,-1,-1,-1,113,6,113,10,packages\mochawesome\test-functional\test-context.js,1,2687
3872,MemberExpression,nan,-1,-1,-1,116,6,116,26,packages\mochawesome\test-functional\test-context.js,1,2688
3873,ThisExpression,nan,-1,-1,-1,117,17,117,21,packages\mochawesome\test-functional\test-context.js,1,2689
3875,Identifier,addContext,-1,-1,-1,117,6,117,16,packages\mochawesome\test-functional\test-context.js,1,2690
3876,Identifier,done,-1,-1,-1,118,6,118,10,packages\mochawesome\test-functional\test-context.js,1,2691
3877,ThisExpression,nan,-1,-1,-1,124,17,124,21,packages\mochawesome\test-functional\test-context.js,1,2692
3879,Identifier,addContext,-1,-1,-1,124,6,124,16,packages\mochawesome\test-functional\test-context.js,1,2693
3881,MemberExpression,nan,-1,-1,-1,128,6,128,26,packages\mochawesome\test-functional\test-context.js,1,2694
3882,ThisExpression,nan,-1,-1,-1,129,17,129,21,packages\mochawesome\test-functional\test-context.js,1,2695
3884,Identifier,addContext,-1,-1,-1,129,6,129,16,packages\mochawesome\test-functional\test-context.js,1,2696
3885,Identifier,done,-1,-1,-1,130,6,130,10,packages\mochawesome\test-functional\test-context.js,1,2697
3887,MemberExpression,nan,-1,-1,-1,133,6,133,26,packages\mochawesome\test-functional\test-context.js,1,2698
3888,ThisExpression,nan,-1,-1,-1,134,17,134,21,packages\mochawesome\test-functional\test-context.js,1,2699
3890,Identifier,addContext,-1,-1,-1,134,6,134,16,packages\mochawesome\test-functional\test-context.js,1,2700
3891,Identifier,done,-1,-1,-1,135,6,135,10,packages\mochawesome\test-functional\test-context.js,1,2701
3892,Program,nan,-1,-1,-1,1,0,205,3,packages\mochawesome\test-functional\test.js,1,2702
3893,VariableDeclaration,nan,-1,-1,-1,1,0,1,48,packages\mochawesome\test-functional\test.js,1,2703
3894,FunctionDeclaration,nan,-1,0,1,3,0,25,1,packages\mochawesome\test-functional\test.js,1,2704
3896,Identifier,retObj,-1,-1,-1,3,9,3,15,packages\mochawesome\test-functional\test.js,1,2705
3898,BlockStatement,nan,-1,-1,-1,3,18,25,1,packages\mochawesome\test-functional\test.js,1,2706
3899,CallExpression,nan,2,-1,-1,27,0,205,2,packages\mochawesome\test-functional\test.js,1,2707
3900,ReturnStatement,nan,1,-1,-1,4,2,24,4,packages\mochawesome\test-functional\test.js,1,2708
3902,ArrowFunctionExpression,nan,-1,0,0,27,30,205,1,packages\mochawesome\test-functional\test.js,1,2709
3903,Identifier,describe,-1,-1,-1,27,0,27,8,packages\mochawesome\test-functional\test.js,1,2710
3904,ObjectExpression,nan,-1,-1,-1,4,9,24,3,packages\mochawesome\test-functional\test.js,1,2711
3906,BlockStatement,nan,-1,-1,-1,27,36,205,1,packages\mochawesome\test-functional\test.js,1,2712
3918,CallExpression,nan,2,-1,-1,33,2,43,4,packages\mochawesome\test-functional\test.js,1,2713
3919,CallExpression,nan,2,-1,-1,45,2,71,4,packages\mochawesome\test-functional\test.js,1,2714
3920,CallExpression,nan,2,-1,-1,73,2,87,4,packages\mochawesome\test-functional\test.js,1,2715
3921,CallExpression,nan,2,-1,-1,89,2,111,4,packages\mochawesome\test-functional\test.js,1,2716
3922,CallExpression,nan,2,-1,-1,113,2,118,4,packages\mochawesome\test-functional\test.js,1,2717
3923,CallExpression,nan,2,-1,-1,120,2,125,4,packages\mochawesome\test-functional\test.js,1,2718
3924,CallExpression,nan,2,-1,-1,127,2,132,4,packages\mochawesome\test-functional\test.js,1,2719
3925,CallExpression,nan,2,-1,-1,134,2,147,4,packages\mochawesome\test-functional\test.js,1,2720
3926,CallExpression,nan,2,-1,-1,149,2,165,4,packages\mochawesome\test-functional\test.js,1,2721
3927,CallExpression,nan,2,-1,-1,167,2,180,4,packages\mochawesome\test-functional\test.js,1,2722
3928,CallExpression,nan,2,-1,-1,182,2,204,4,packages\mochawesome\test-functional\test.js,1,2723
3930,ArrowFunctionExpression,nan,-1,0,0,33,33,43,3,packages\mochawesome\test-functional\test.js,1,2724
3931,Identifier,describe,-1,-1,-1,33,2,33,10,packages\mochawesome\test-functional\test.js,1,2725
3933,ArrowFunctionExpression,nan,-1,0,0,45,41,71,3,packages\mochawesome\test-functional\test.js,1,2726
3934,Identifier,describe,-1,-1,-1,45,2,45,10,packages\mochawesome\test-functional\test.js,1,2727
3936,ArrowFunctionExpression,nan,-1,0,0,73,56,87,3,packages\mochawesome\test-functional\test.js,1,2728
3937,Identifier,describe,-1,-1,-1,73,2,73,10,packages\mochawesome\test-functional\test.js,1,2729
3939,ArrowFunctionExpression,nan,-1,0,0,89,40,111,3,packages\mochawesome\test-functional\test.js,1,2730
3940,Identifier,describe,-1,-1,-1,89,2,89,10,packages\mochawesome\test-functional\test.js,1,2731
3942,ArrowFunctionExpression,nan,-1,0,0,113,32,118,3,packages\mochawesome\test-functional\test.js,1,2732
3943,Identifier,describe,-1,-1,-1,113,2,113,10,packages\mochawesome\test-functional\test.js,1,2733
3945,ArrowFunctionExpression,nan,-1,0,0,120,32,125,3,packages\mochawesome\test-functional\test.js,1,2734
3946,Identifier,describe,-1,-1,-1,120,2,120,10,packages\mochawesome\test-functional\test.js,1,2735
3948,ArrowFunctionExpression,nan,-1,0,0,127,32,132,3,packages\mochawesome\test-functional\test.js,1,2736
3949,Identifier,describe,-1,-1,-1,127,2,127,10,packages\mochawesome\test-functional\test.js,1,2737
3951,ArrowFunctionExpression,nan,-1,0,0,134,41,147,3,packages\mochawesome\test-functional\test.js,1,2738
3952,Identifier,describe,-1,-1,-1,134,2,134,10,packages\mochawesome\test-functional\test.js,1,2739
3954,ArrowFunctionExpression,nan,-1,0,0,149,51,165,3,packages\mochawesome\test-functional\test.js,1,2740
3955,Identifier,describe,-1,-1,-1,149,2,149,10,packages\mochawesome\test-functional\test.js,1,2741
3957,ArrowFunctionExpression,nan,-1,0,0,167,46,180,3,packages\mochawesome\test-functional\test.js,1,2742
3958,Identifier,describe,-1,-1,-1,167,2,167,10,packages\mochawesome\test-functional\test.js,1,2743
3960,ArrowFunctionExpression,nan,-1,0,0,182,45,204,3,packages\mochawesome\test-functional\test.js,1,2744
3961,Identifier,describe,-1,-1,-1,182,2,182,10,packages\mochawesome\test-functional\test.js,1,2745
3963,BlockStatement,nan,-1,-1,-1,33,39,43,3,packages\mochawesome\test-functional\test.js,1,2746
3965,BlockStatement,nan,-1,-1,-1,45,47,71,3,packages\mochawesome\test-functional\test.js,1,2747
3967,BlockStatement,nan,-1,-1,-1,73,62,87,3,packages\mochawesome\test-functional\test.js,1,2748
3969,BlockStatement,nan,-1,-1,-1,89,46,111,3,packages\mochawesome\test-functional\test.js,1,2749
3971,BlockStatement,nan,-1,-1,-1,113,38,118,3,packages\mochawesome\test-functional\test.js,1,2750
3973,BlockStatement,nan,-1,-1,-1,120,38,125,3,packages\mochawesome\test-functional\test.js,1,2751
3975,BlockStatement,nan,-1,-1,-1,127,38,132,3,packages\mochawesome\test-functional\test.js,1,2752
3977,BlockStatement,nan,-1,-1,-1,134,47,147,3,packages\mochawesome\test-functional\test.js,1,2753
3979,BlockStatement,nan,-1,-1,-1,149,57,165,3,packages\mochawesome\test-functional\test.js,1,2754
3981,BlockStatement,nan,-1,-1,-1,167,52,180,3,packages\mochawesome\test-functional\test.js,1,2755
3983,BlockStatement,nan,-1,-1,-1,182,51,204,3,packages\mochawesome\test-functional\test.js,1,2756
4018,CallExpression,nan,2,-1,-1,34,4,37,6,packages\mochawesome\test-functional\test.js,1,2757
4019,CallExpression,nan,2,-1,-1,38,4,42,6,packages\mochawesome\test-functional\test.js,1,2758
4020,CallExpression,nan,2,-1,-1,46,4,51,6,packages\mochawesome\test-functional\test.js,1,2759
4021,CallExpression,nan,2,-1,-1,52,4,56,6,packages\mochawesome\test-functional\test.js,1,2760
4022,CallExpression,nan,2,-1,-1,57,4,62,6,packages\mochawesome\test-functional\test.js,1,2761
4023,CallExpression,nan,2,-1,-1,63,4,70,6,packages\mochawesome\test-functional\test.js,1,2762
4024,CallExpression,nan,2,-1,-1,74,4,76,6,packages\mochawesome\test-functional\test.js,1,2763
4025,CallExpression,nan,2,-1,-1,77,4,82,6,packages\mochawesome\test-functional\test.js,1,2764
4026,CallExpression,nan,2,-1,-1,83,4,86,6,packages\mochawesome\test-functional\test.js,1,2765
4027,CallExpression,nan,2,-1,-1,90,4,93,6,packages\mochawesome\test-functional\test.js,1,2766
4028,CallExpression,nan,2,-1,-1,94,4,96,6,packages\mochawesome\test-functional\test.js,1,2767
4029,CallExpression,nan,2,-1,-1,97,4,100,6,packages\mochawesome\test-functional\test.js,1,2768
4030,CallExpression,nan,2,-1,-1,101,4,104,6,packages\mochawesome\test-functional\test.js,1,2769
4031,CallExpression,nan,2,-1,-1,105,4,107,6,packages\mochawesome\test-functional\test.js,1,2770
4032,CallExpression,nan,2,-1,-1,108,4,110,6,packages\mochawesome\test-functional\test.js,1,2771
4033,CallExpression,nan,2,-1,-1,114,4,117,6,packages\mochawesome\test-functional\test.js,1,2772
4034,CallExpression,nan,2,-1,-1,121,4,124,6,packages\mochawesome\test-functional\test.js,1,2773
4035,CallExpression,nan,2,-1,-1,128,4,131,6,packages\mochawesome\test-functional\test.js,1,2774
4036,CallExpression,nan,2,-1,-1,135,4,137,6,packages\mochawesome\test-functional\test.js,1,2775
4037,CallExpression,nan,2,-1,-1,138,4,141,6,packages\mochawesome\test-functional\test.js,1,2776
4038,CallExpression,nan,2,-1,-1,143,4,146,6,packages\mochawesome\test-functional\test.js,1,2777
4039,CallExpression,nan,2,-1,-1,150,4,152,6,packages\mochawesome\test-functional\test.js,1,2778
4040,CallExpression,nan,2,-1,-1,153,4,156,6,packages\mochawesome\test-functional\test.js,1,2779
4041,CallExpression,nan,2,-1,-1,158,4,161,6,packages\mochawesome\test-functional\test.js,1,2780
4042,CallExpression,nan,2,-1,-1,162,4,164,6,packages\mochawesome\test-functional\test.js,1,2781
4043,CallExpression,nan,2,-1,-1,168,4,170,6,packages\mochawesome\test-functional\test.js,1,2782
4044,CallExpression,nan,2,-1,-1,171,4,174,6,packages\mochawesome\test-functional\test.js,1,2783
4045,CallExpression,nan,2,-1,-1,176,4,179,6,packages\mochawesome\test-functional\test.js,1,2784
4046,CallExpression,nan,2,-1,-1,183,4,186,6,packages\mochawesome\test-functional\test.js,1,2785
4047,CallExpression,nan,2,-1,-1,187,4,189,6,packages\mochawesome\test-functional\test.js,1,2786
4048,CallExpression,nan,2,-1,-1,190,4,193,6,packages\mochawesome\test-functional\test.js,1,2787
4049,CallExpression,nan,2,-1,-1,194,4,197,6,packages\mochawesome\test-functional\test.js,1,2788
4050,CallExpression,nan,2,-1,-1,198,4,200,6,packages\mochawesome\test-functional\test.js,1,2789
4051,CallExpression,nan,2,-1,-1,201,4,203,6,packages\mochawesome\test-functional\test.js,1,2790
4053,ArrowFunctionExpression,nan,-1,1,0,34,54,37,5,packages\mochawesome\test-functional\test.js,1,2791
4054,Identifier,it,-1,-1,-1,34,4,34,6,packages\mochawesome\test-functional\test.js,1,2792
4056,ArrowFunctionExpression,nan,-1,1,0,38,74,42,5,packages\mochawesome\test-functional\test.js,1,2793
4057,Identifier,it,-1,-1,-1,38,4,38,6,packages\mochawesome\test-functional\test.js,1,2794
4059,ArrowFunctionExpression,nan,-1,0,0,46,34,51,5,packages\mochawesome\test-functional\test.js,1,2795
4060,Identifier,describe,-1,-1,-1,46,4,46,12,packages\mochawesome\test-functional\test.js,1,2796
4062,FunctionExpression,nan,-1,1,0,52,23,56,5,packages\mochawesome\test-functional\test.js,1,2797
4063,Identifier,it,-1,-1,-1,52,4,52,6,packages\mochawesome\test-functional\test.js,1,2798
4065,ArrowFunctionExpression,nan,-1,0,0,57,34,62,5,packages\mochawesome\test-functional\test.js,1,2799
4066,Identifier,describe,-1,-1,-1,57,4,57,12,packages\mochawesome\test-functional\test.js,1,2800
4068,FunctionExpression,nan,-1,1,0,63,35,70,5,packages\mochawesome\test-functional\test.js,1,2801
4069,Identifier,it,-1,-1,-1,63,4,63,6,packages\mochawesome\test-functional\test.js,1,2802
4071,ArrowFunctionExpression,nan,-1,0,0,74,36,76,5,packages\mochawesome\test-functional\test.js,1,2803
4072,Identifier,before,-1,-1,-1,74,4,74,10,packages\mochawesome\test-functional\test.js,1,2804
4074,ArrowFunctionExpression,nan,-1,0,0,77,34,82,5,packages\mochawesome\test-functional\test.js,1,2805
4075,Identifier,describe,-1,-1,-1,77,4,77,12,packages\mochawesome\test-functional\test.js,1,2806
4077,ArrowFunctionExpression,nan,-1,1,0,83,23,86,5,packages\mochawesome\test-functional\test.js,1,2807
4078,Identifier,it,-1,-1,-1,83,4,83,6,packages\mochawesome\test-functional\test.js,1,2808
4080,ArrowFunctionExpression,nan,-1,1,0,90,23,93,5,packages\mochawesome\test-functional\test.js,1,2809
4081,Identifier,it,-1,-1,-1,90,4,90,6,packages\mochawesome\test-functional\test.js,1,2810
4083,ArrowFunctionExpression,nan,-1,1,0,94,24,96,5,packages\mochawesome\test-functional\test.js,1,2811
4084,Identifier,xit,-1,-1,-1,94,4,94,7,packages\mochawesome\test-functional\test.js,1,2812
4086,ArrowFunctionExpression,nan,-1,1,0,97,23,100,5,packages\mochawesome\test-functional\test.js,1,2813
4087,Identifier,it,-1,-1,-1,97,4,97,6,packages\mochawesome\test-functional\test.js,1,2814
4089,ArrowFunctionExpression,nan,-1,1,0,101,23,104,5,packages\mochawesome\test-functional\test.js,1,2815
4090,Identifier,it,-1,-1,-1,101,4,101,6,packages\mochawesome\test-functional\test.js,1,2816
4092,ArrowFunctionExpression,nan,-1,1,0,105,24,107,5,packages\mochawesome\test-functional\test.js,1,2817
4093,Identifier,xit,-1,-1,-1,105,4,105,7,packages\mochawesome\test-functional\test.js,1,2818
4095,ArrowFunctionExpression,nan,-1,0,0,108,32,110,5,packages\mochawesome\test-functional\test.js,1,2819
4096,Identifier,after,-1,-1,-1,108,4,108,9,packages\mochawesome\test-functional\test.js,1,2820
4098,ArrowFunctionExpression,nan,-1,1,0,114,23,117,5,packages\mochawesome\test-functional\test.js,1,2821
4099,Identifier,it,-1,-1,-1,114,4,114,6,packages\mochawesome\test-functional\test.js,1,2822
4101,ArrowFunctionExpression,nan,-1,1,0,121,23,124,5,packages\mochawesome\test-functional\test.js,1,2823
4102,Identifier,it,-1,-1,-1,121,4,121,6,packages\mochawesome\test-functional\test.js,1,2824
4104,ArrowFunctionExpression,nan,-1,1,0,128,24,131,5,packages\mochawesome\test-functional\test.js,1,2825
4105,Identifier,xit,-1,-1,-1,128,4,128,7,packages\mochawesome\test-functional\test.js,1,2826
4107,ArrowFunctionExpression,nan,-1,0,0,135,34,137,5,packages\mochawesome\test-functional\test.js,1,2827
4108,Identifier,before,-1,-1,-1,135,4,135,10,packages\mochawesome\test-functional\test.js,1,2828
4110,ArrowFunctionExpression,nan,-1,1,0,138,23,141,5,packages\mochawesome\test-functional\test.js,1,2829
4111,Identifier,it,-1,-1,-1,138,4,138,6,packages\mochawesome\test-functional\test.js,1,2830
4113,ArrowFunctionExpression,nan,-1,1,0,143,23,146,5,packages\mochawesome\test-functional\test.js,1,2831
4114,Identifier,it,-1,-1,-1,143,4,143,6,packages\mochawesome\test-functional\test.js,1,2832
4116,ArrowFunctionExpression,nan,-1,0,0,150,34,152,5,packages\mochawesome\test-functional\test.js,1,2833
4117,Identifier,before,-1,-1,-1,150,4,150,10,packages\mochawesome\test-functional\test.js,1,2834
4119,ArrowFunctionExpression,nan,-1,1,0,153,23,156,5,packages\mochawesome\test-functional\test.js,1,2835
4120,Identifier,it,-1,-1,-1,153,4,153,6,packages\mochawesome\test-functional\test.js,1,2836
4122,ArrowFunctionExpression,nan,-1,1,0,158,23,161,5,packages\mochawesome\test-functional\test.js,1,2837
4123,Identifier,it,-1,-1,-1,158,4,158,6,packages\mochawesome\test-functional\test.js,1,2838
4125,ArrowFunctionExpression,nan,-1,0,0,162,32,164,5,packages\mochawesome\test-functional\test.js,1,2839
4126,Identifier,after,-1,-1,-1,162,4,162,9,packages\mochawesome\test-functional\test.js,1,2840
4128,ArrowFunctionExpression,nan,-1,0,0,168,42,170,5,packages\mochawesome\test-functional\test.js,1,2841
4129,Identifier,beforeEach,-1,-1,-1,168,4,168,14,packages\mochawesome\test-functional\test.js,1,2842
4131,ArrowFunctionExpression,nan,-1,1,0,171,23,174,5,packages\mochawesome\test-functional\test.js,1,2843
4132,Identifier,it,-1,-1,-1,171,4,171,6,packages\mochawesome\test-functional\test.js,1,2844
4134,ArrowFunctionExpression,nan,-1,1,0,176,23,179,5,packages\mochawesome\test-functional\test.js,1,2845
4135,Identifier,it,-1,-1,-1,176,4,176,6,packages\mochawesome\test-functional\test.js,1,2846
4137,ArrowFunctionExpression,nan,-1,1,0,183,23,186,5,packages\mochawesome\test-functional\test.js,1,2847
4138,Identifier,it,-1,-1,-1,183,4,183,6,packages\mochawesome\test-functional\test.js,1,2848
4140,ArrowFunctionExpression,nan,-1,1,0,187,24,189,5,packages\mochawesome\test-functional\test.js,1,2849
4141,Identifier,xit,-1,-1,-1,187,4,187,7,packages\mochawesome\test-functional\test.js,1,2850
4143,ArrowFunctionExpression,nan,-1,1,0,190,23,193,5,packages\mochawesome\test-functional\test.js,1,2851
4144,Identifier,it,-1,-1,-1,190,4,190,6,packages\mochawesome\test-functional\test.js,1,2852
4146,ArrowFunctionExpression,nan,-1,1,0,194,23,197,5,packages\mochawesome\test-functional\test.js,1,2853
4147,Identifier,it,-1,-1,-1,194,4,194,6,packages\mochawesome\test-functional\test.js,1,2854
4149,ArrowFunctionExpression,nan,-1,1,0,198,24,200,5,packages\mochawesome\test-functional\test.js,1,2855
4150,Identifier,xit,-1,-1,-1,198,4,198,7,packages\mochawesome\test-functional\test.js,1,2856
4152,ArrowFunctionExpression,nan,-1,0,0,201,40,203,5,packages\mochawesome\test-functional\test.js,1,2857
4153,Identifier,afterEach,-1,-1,-1,201,4,201,13,packages\mochawesome\test-functional\test.js,1,2858
4154,Identifier,done,-1,-1,-1,34,54,34,58,packages\mochawesome\test-functional\test.js,1,2859
4156,BlockStatement,nan,-1,-1,-1,34,62,37,5,packages\mochawesome\test-functional\test.js,1,2860
4157,Identifier,done,-1,-1,-1,38,74,38,78,packages\mochawesome\test-functional\test.js,1,2861
4159,BlockStatement,nan,-1,-1,-1,38,82,42,5,packages\mochawesome\test-functional\test.js,1,2862
4161,BlockStatement,nan,-1,-1,-1,46,40,51,5,packages\mochawesome\test-functional\test.js,1,2863
4162,Identifier,done,-1,-1,-1,52,33,52,37,packages\mochawesome\test-functional\test.js,1,2864
4164,BlockStatement,nan,-1,-1,-1,52,39,56,5,packages\mochawesome\test-functional\test.js,1,2865
4166,BlockStatement,nan,-1,-1,-1,57,40,62,5,packages\mochawesome\test-functional\test.js,1,2866
4167,Identifier,done,-1,-1,-1,63,45,63,49,packages\mochawesome\test-functional\test.js,1,2867
4169,BlockStatement,nan,-1,-1,-1,63,51,70,5,packages\mochawesome\test-functional\test.js,1,2868
4171,BlockStatement,nan,-1,-1,-1,74,42,76,5,packages\mochawesome\test-functional\test.js,1,2869
4173,BlockStatement,nan,-1,-1,-1,77,40,82,5,packages\mochawesome\test-functional\test.js,1,2870
4174,Identifier,done,-1,-1,-1,83,23,83,27,packages\mochawesome\test-functional\test.js,1,2871
4176,BlockStatement,nan,-1,-1,-1,83,31,86,5,packages\mochawesome\test-functional\test.js,1,2872
4177,Identifier,done,-1,-1,-1,90,23,90,27,packages\mochawesome\test-functional\test.js,1,2873
4179,BlockStatement,nan,-1,-1,-1,90,31,93,5,packages\mochawesome\test-functional\test.js,1,2874
4180,Identifier,done,-1,-1,-1,94,24,94,28,packages\mochawesome\test-functional\test.js,1,2875
4182,BlockStatement,nan,-1,-1,-1,94,32,96,5,packages\mochawesome\test-functional\test.js,1,2876
4183,Identifier,done,-1,-1,-1,97,23,97,27,packages\mochawesome\test-functional\test.js,1,2877
4185,BlockStatement,nan,-1,-1,-1,97,31,100,5,packages\mochawesome\test-functional\test.js,1,2878
4186,Identifier,done,-1,-1,-1,101,23,101,27,packages\mochawesome\test-functional\test.js,1,2879
4188,BlockStatement,nan,-1,-1,-1,101,31,104,5,packages\mochawesome\test-functional\test.js,1,2880
4189,Identifier,done,-1,-1,-1,105,24,105,28,packages\mochawesome\test-functional\test.js,1,2881
4191,BlockStatement,nan,-1,-1,-1,105,32,107,5,packages\mochawesome\test-functional\test.js,1,2882
4193,BlockStatement,nan,-1,-1,-1,108,38,110,5,packages\mochawesome\test-functional\test.js,1,2883
4194,Identifier,done,-1,-1,-1,114,23,114,27,packages\mochawesome\test-functional\test.js,1,2884
4196,BlockStatement,nan,-1,-1,-1,114,31,117,5,packages\mochawesome\test-functional\test.js,1,2885
4197,Identifier,done,-1,-1,-1,121,23,121,27,packages\mochawesome\test-functional\test.js,1,2886
4199,BlockStatement,nan,-1,-1,-1,121,31,124,5,packages\mochawesome\test-functional\test.js,1,2887
4200,Identifier,done,-1,-1,-1,128,24,128,28,packages\mochawesome\test-functional\test.js,1,2888
4202,BlockStatement,nan,-1,-1,-1,128,32,131,5,packages\mochawesome\test-functional\test.js,1,2889
4204,BlockStatement,nan,-1,-1,-1,135,40,137,5,packages\mochawesome\test-functional\test.js,1,2890
4205,Identifier,done,-1,-1,-1,138,23,138,27,packages\mochawesome\test-functional\test.js,1,2891
4207,BlockStatement,nan,-1,-1,-1,138,31,141,5,packages\mochawesome\test-functional\test.js,1,2892
4208,Identifier,done,-1,-1,-1,143,23,143,27,packages\mochawesome\test-functional\test.js,1,2893
4210,BlockStatement,nan,-1,-1,-1,143,31,146,5,packages\mochawesome\test-functional\test.js,1,2894
4212,BlockStatement,nan,-1,-1,-1,150,40,152,5,packages\mochawesome\test-functional\test.js,1,2895
4213,Identifier,done,-1,-1,-1,153,23,153,27,packages\mochawesome\test-functional\test.js,1,2896
4215,BlockStatement,nan,-1,-1,-1,153,31,156,5,packages\mochawesome\test-functional\test.js,1,2897
4216,Identifier,done,-1,-1,-1,158,23,158,27,packages\mochawesome\test-functional\test.js,1,2898
4218,BlockStatement,nan,-1,-1,-1,158,31,161,5,packages\mochawesome\test-functional\test.js,1,2899
4220,BlockStatement,nan,-1,-1,-1,162,38,164,5,packages\mochawesome\test-functional\test.js,1,2900
4222,BlockStatement,nan,-1,-1,-1,168,48,170,5,packages\mochawesome\test-functional\test.js,1,2901
4223,Identifier,done,-1,-1,-1,171,23,171,27,packages\mochawesome\test-functional\test.js,1,2902
4225,BlockStatement,nan,-1,-1,-1,171,31,174,5,packages\mochawesome\test-functional\test.js,1,2903
4226,Identifier,done,-1,-1,-1,176,23,176,27,packages\mochawesome\test-functional\test.js,1,2904
4228,BlockStatement,nan,-1,-1,-1,176,31,179,5,packages\mochawesome\test-functional\test.js,1,2905
4229,Identifier,done,-1,-1,-1,183,23,183,27,packages\mochawesome\test-functional\test.js,1,2906
4231,BlockStatement,nan,-1,-1,-1,183,31,186,5,packages\mochawesome\test-functional\test.js,1,2907
4232,Identifier,done,-1,-1,-1,187,24,187,28,packages\mochawesome\test-functional\test.js,1,2908
4234,BlockStatement,nan,-1,-1,-1,187,32,189,5,packages\mochawesome\test-functional\test.js,1,2909
4235,Identifier,done,-1,-1,-1,190,23,190,27,packages\mochawesome\test-functional\test.js,1,2910
4237,BlockStatement,nan,-1,-1,-1,190,31,193,5,packages\mochawesome\test-functional\test.js,1,2911
4238,Identifier,done,-1,-1,-1,194,23,194,27,packages\mochawesome\test-functional\test.js,1,2912
4240,BlockStatement,nan,-1,-1,-1,194,31,197,5,packages\mochawesome\test-functional\test.js,1,2913
4241,Identifier,done,-1,-1,-1,198,24,198,28,packages\mochawesome\test-functional\test.js,1,2914
4243,BlockStatement,nan,-1,-1,-1,198,32,200,5,packages\mochawesome\test-functional\test.js,1,2915
4245,BlockStatement,nan,-1,-1,-1,201,46,203,5,packages\mochawesome\test-functional\test.js,1,2916
4248,VariableDeclaration,nan,-1,-1,-1,39,6,39,25,packages\mochawesome\test-functional\test.js,1,2917
4303,CallExpression,nan,1,-1,-1,35,6,35,29,packages\mochawesome\test-functional\test.js,1,2918
4304,CallExpression,nan,0,-1,-1,36,6,36,12,packages\mochawesome\test-functional\test.js,1,2919
4305,CallExpression,nan,1,-1,-1,40,6,40,22,packages\mochawesome\test-functional\test.js,1,2920
4306,CallExpression,nan,0,-1,-1,41,6,41,12,packages\mochawesome\test-functional\test.js,1,2921
4307,CallExpression,nan,2,-1,-1,47,6,50,8,packages\mochawesome\test-functional\test.js,1,2922
4308,CallExpression,nan,1,-1,-1,53,6,53,29,packages\mochawesome\test-functional\test.js,1,2923
4309,CallExpression,nan,2,-1,-1,54,6,54,55,packages\mochawesome\test-functional\test.js,1,2924
4310,CallExpression,nan,0,-1,-1,55,6,55,12,packages\mochawesome\test-functional\test.js,1,2925
4311,CallExpression,nan,2,-1,-1,58,6,61,8,packages\mochawesome\test-functional\test.js,1,2926
4312,CallExpression,nan,2,-1,-1,64,6,67,8,packages\mochawesome\test-functional\test.js,1,2927
4313,CallExpression,nan,1,-1,-1,68,6,68,30,packages\mochawesome\test-functional\test.js,1,2928
4314,CallExpression,nan,0,-1,-1,69,6,69,12,packages\mochawesome\test-functional\test.js,1,2929
4315,CallExpression,nan,1,-1,-1,75,6,75,20,packages\mochawesome\test-functional\test.js,1,2930
4316,CallExpression,nan,2,-1,-1,78,6,81,8,packages\mochawesome\test-functional\test.js,1,2931
4317,CallExpression,nan,1,-1,-1,84,6,84,29,packages\mochawesome\test-functional\test.js,1,2932
4318,CallExpression,nan,0,-1,-1,85,6,85,12,packages\mochawesome\test-functional\test.js,1,2933
4319,CallExpression,nan,1,-1,-1,91,6,91,29,packages\mochawesome\test-functional\test.js,1,2934
4320,CallExpression,nan,0,-1,-1,92,6,92,12,packages\mochawesome\test-functional\test.js,1,2935
4321,CallExpression,nan,0,-1,-1,95,6,95,12,packages\mochawesome\test-functional\test.js,1,2936
4322,CallExpression,nan,1,-1,-1,98,6,98,30,packages\mochawesome\test-functional\test.js,1,2937
4323,CallExpression,nan,0,-1,-1,99,6,99,12,packages\mochawesome\test-functional\test.js,1,2938
4324,CallExpression,nan,1,-1,-1,102,6,102,29,packages\mochawesome\test-functional\test.js,1,2939
4325,CallExpression,nan,0,-1,-1,103,6,103,12,packages\mochawesome\test-functional\test.js,1,2940
4326,CallExpression,nan,0,-1,-1,106,6,106,12,packages\mochawesome\test-functional\test.js,1,2941
4327,CallExpression,nan,1,-1,-1,109,6,109,22,packages\mochawesome\test-functional\test.js,1,2942
4328,CallExpression,nan,1,-1,-1,115,6,115,29,packages\mochawesome\test-functional\test.js,1,2943
4329,CallExpression,nan,0,-1,-1,116,6,116,12,packages\mochawesome\test-functional\test.js,1,2944
4330,CallExpression,nan,1,-1,-1,122,6,122,30,packages\mochawesome\test-functional\test.js,1,2945
4331,CallExpression,nan,0,-1,-1,123,6,123,12,packages\mochawesome\test-functional\test.js,1,2946
4332,CallExpression,nan,1,-1,-1,129,6,129,29,packages\mochawesome\test-functional\test.js,1,2947
4333,CallExpression,nan,0,-1,-1,130,6,130,12,packages\mochawesome\test-functional\test.js,1,2948
4334,CallExpression,nan,1,-1,-1,136,6,136,20,packages\mochawesome\test-functional\test.js,1,2949
4335,CallExpression,nan,1,-1,-1,139,6,139,29,packages\mochawesome\test-functional\test.js,1,2950
4336,CallExpression,nan,0,-1,-1,140,6,140,12,packages\mochawesome\test-functional\test.js,1,2951
4337,CallExpression,nan,1,-1,-1,144,6,144,30,packages\mochawesome\test-functional\test.js,1,2952
4338,CallExpression,nan,0,-1,-1,145,6,145,12,packages\mochawesome\test-functional\test.js,1,2953
4339,CallExpression,nan,1,-1,-1,151,6,151,20,packages\mochawesome\test-functional\test.js,1,2954
4340,CallExpression,nan,1,-1,-1,154,6,154,29,packages\mochawesome\test-functional\test.js,1,2955
4341,CallExpression,nan,0,-1,-1,155,6,155,12,packages\mochawesome\test-functional\test.js,1,2956
4342,CallExpression,nan,1,-1,-1,159,6,159,30,packages\mochawesome\test-functional\test.js,1,2957
4343,CallExpression,nan,0,-1,-1,160,6,160,12,packages\mochawesome\test-functional\test.js,1,2958
4344,CallExpression,nan,1,-1,-1,163,6,163,20,packages\mochawesome\test-functional\test.js,1,2959
4345,CallExpression,nan,1,-1,-1,169,6,169,20,packages\mochawesome\test-functional\test.js,1,2960
4346,CallExpression,nan,1,-1,-1,172,6,172,29,packages\mochawesome\test-functional\test.js,1,2961
4347,CallExpression,nan,0,-1,-1,173,6,173,12,packages\mochawesome\test-functional\test.js,1,2962
4348,CallExpression,nan,1,-1,-1,177,6,177,30,packages\mochawesome\test-functional\test.js,1,2963
4349,CallExpression,nan,0,-1,-1,178,6,178,12,packages\mochawesome\test-functional\test.js,1,2964
4350,CallExpression,nan,1,-1,-1,184,6,184,29,packages\mochawesome\test-functional\test.js,1,2965
4351,CallExpression,nan,0,-1,-1,185,6,185,12,packages\mochawesome\test-functional\test.js,1,2966
4352,CallExpression,nan,0,-1,-1,188,6,188,12,packages\mochawesome\test-functional\test.js,1,2967
4353,CallExpression,nan,1,-1,-1,191,6,191,30,packages\mochawesome\test-functional\test.js,1,2968
4354,CallExpression,nan,0,-1,-1,192,6,192,12,packages\mochawesome\test-functional\test.js,1,2969
4355,CallExpression,nan,1,-1,-1,195,6,195,29,packages\mochawesome\test-functional\test.js,1,2970
4356,CallExpression,nan,0,-1,-1,196,6,196,12,packages\mochawesome\test-functional\test.js,1,2971
4357,CallExpression,nan,0,-1,-1,199,6,199,12,packages\mochawesome\test-functional\test.js,1,2972
4358,CallExpression,nan,1,-1,-1,202,6,202,22,packages\mochawesome\test-functional\test.js,1,2973
4360,MemberExpression,nan,-1,-1,-1,35,6,35,26,packages\mochawesome\test-functional\test.js,1,2974
4361,Identifier,done,-1,-1,-1,36,6,36,10,packages\mochawesome\test-functional\test.js,1,2975
4362,ObjectExpression,nan,-1,-1,-1,40,19,40,21,packages\mochawesome\test-functional\test.js,1,2976
4363,MemberExpression,nan,-1,-1,-1,40,6,40,18,packages\mochawesome\test-functional\test.js,1,2977
4364,Identifier,done,-1,-1,-1,41,6,41,10,packages\mochawesome\test-functional\test.js,1,2978
4366,ArrowFunctionExpression,nan,-1,1,0,47,37,50,7,packages\mochawesome\test-functional\test.js,1,2979
4367,Identifier,it,-1,-1,-1,47,6,47,8,packages\mochawesome\test-functional\test.js,1,2980
4369,MemberExpression,nan,-1,-1,-1,53,6,53,26,packages\mochawesome\test-functional\test.js,1,2981
4370,ThisExpression,nan,-1,-1,-1,54,17,54,21,packages\mochawesome\test-functional\test.js,1,2982
4372,Identifier,addContext,-1,-1,-1,54,6,54,16,packages\mochawesome\test-functional\test.js,1,2983
4373,Identifier,done,-1,-1,-1,55,6,55,10,packages\mochawesome\test-functional\test.js,1,2984
4375,ArrowFunctionExpression,nan,-1,1,0,58,25,61,7,packages\mochawesome\test-functional\test.js,1,2985
4376,Identifier,it,-1,-1,-1,58,6,58,8,packages\mochawesome\test-functional\test.js,1,2986
4377,ThisExpression,nan,-1,-1,-1,64,17,64,21,packages\mochawesome\test-functional\test.js,1,2987
4378,ObjectExpression,nan,-1,-1,-1,64,23,67,7,packages\mochawesome\test-functional\test.js,1,2988
4379,Identifier,addContext,-1,-1,-1,64,6,64,16,packages\mochawesome\test-functional\test.js,1,2989
4381,MemberExpression,nan,-1,-1,-1,68,6,68,24,packages\mochawesome\test-functional\test.js,1,2990
4382,Identifier,done,-1,-1,-1,69,6,69,10,packages\mochawesome\test-functional\test.js,1,2991
4383,Identifier,a,-1,-1,-1,75,18,75,19,packages\mochawesome\test-functional\test.js,1,2992
4384,MemberExpression,nan,-1,-1,-1,75,6,75,17,packages\mochawesome\test-functional\test.js,1,2993
4386,ArrowFunctionExpression,nan,-1,1,0,78,25,81,7,packages\mochawesome\test-functional\test.js,1,2994
4387,Identifier,it,-1,-1,-1,78,6,78,8,packages\mochawesome\test-functional\test.js,1,2995
4389,MemberExpression,nan,-1,-1,-1,84,6,84,26,packages\mochawesome\test-functional\test.js,1,2996
4390,Identifier,done,-1,-1,-1,85,6,85,10,packages\mochawesome\test-functional\test.js,1,2997
4392,MemberExpression,nan,-1,-1,-1,91,6,91,26,packages\mochawesome\test-functional\test.js,1,2998
4393,Identifier,done,-1,-1,-1,92,6,92,10,packages\mochawesome\test-functional\test.js,1,2999
4394,Identifier,done,-1,-1,-1,95,6,95,10,packages\mochawesome\test-functional\test.js,1,3000
4396,MemberExpression,nan,-1,-1,-1,98,6,98,24,packages\mochawesome\test-functional\test.js,1,3001
4397,Identifier,done,-1,-1,-1,99,6,99,10,packages\mochawesome\test-functional\test.js,1,3002
4399,MemberExpression,nan,-1,-1,-1,102,6,102,26,packages\mochawesome\test-functional\test.js,1,3003
4400,Identifier,done,-1,-1,-1,103,6,103,10,packages\mochawesome\test-functional\test.js,1,3004
4401,Identifier,done,-1,-1,-1,106,6,106,10,packages\mochawesome\test-functional\test.js,1,3005
4403,MemberExpression,nan,-1,-1,-1,109,6,109,17,packages\mochawesome\test-functional\test.js,1,3006
4405,MemberExpression,nan,-1,-1,-1,115,6,115,26,packages\mochawesome\test-functional\test.js,1,3007
4406,Identifier,done,-1,-1,-1,116,6,116,10,packages\mochawesome\test-functional\test.js,1,3008
4408,MemberExpression,nan,-1,-1,-1,122,6,122,24,packages\mochawesome\test-functional\test.js,1,3009
4409,Identifier,done,-1,-1,-1,123,6,123,10,packages\mochawesome\test-functional\test.js,1,3010
4411,MemberExpression,nan,-1,-1,-1,129,6,129,26,packages\mochawesome\test-functional\test.js,1,3011
4412,Identifier,done,-1,-1,-1,130,6,130,10,packages\mochawesome\test-functional\test.js,1,3012
4413,Identifier,a,-1,-1,-1,136,18,136,19,packages\mochawesome\test-functional\test.js,1,3013
4414,MemberExpression,nan,-1,-1,-1,136,6,136,17,packages\mochawesome\test-functional\test.js,1,3014
4416,MemberExpression,nan,-1,-1,-1,139,6,139,26,packages\mochawesome\test-functional\test.js,1,3015
4417,Identifier,done,-1,-1,-1,140,6,140,10,packages\mochawesome\test-functional\test.js,1,3016
4419,MemberExpression,nan,-1,-1,-1,144,6,144,24,packages\mochawesome\test-functional\test.js,1,3017
4420,Identifier,done,-1,-1,-1,145,6,145,10,packages\mochawesome\test-functional\test.js,1,3018
4421,Identifier,a,-1,-1,-1,151,18,151,19,packages\mochawesome\test-functional\test.js,1,3019
4422,MemberExpression,nan,-1,-1,-1,151,6,151,17,packages\mochawesome\test-functional\test.js,1,3020
4424,MemberExpression,nan,-1,-1,-1,154,6,154,26,packages\mochawesome\test-functional\test.js,1,3021
4425,Identifier,done,-1,-1,-1,155,6,155,10,packages\mochawesome\test-functional\test.js,1,3022
4427,MemberExpression,nan,-1,-1,-1,159,6,159,24,packages\mochawesome\test-functional\test.js,1,3023
4428,Identifier,done,-1,-1,-1,160,6,160,10,packages\mochawesome\test-functional\test.js,1,3024
4429,Identifier,a,-1,-1,-1,163,18,163,19,packages\mochawesome\test-functional\test.js,1,3025
4430,MemberExpression,nan,-1,-1,-1,163,6,163,17,packages\mochawesome\test-functional\test.js,1,3026
4431,Identifier,a,-1,-1,-1,169,18,169,19,packages\mochawesome\test-functional\test.js,1,3027
4432,MemberExpression,nan,-1,-1,-1,169,6,169,17,packages\mochawesome\test-functional\test.js,1,3028
4434,MemberExpression,nan,-1,-1,-1,172,6,172,26,packages\mochawesome\test-functional\test.js,1,3029
4435,Identifier,done,-1,-1,-1,173,6,173,10,packages\mochawesome\test-functional\test.js,1,3030
4437,MemberExpression,nan,-1,-1,-1,177,6,177,24,packages\mochawesome\test-functional\test.js,1,3031
4438,Identifier,done,-1,-1,-1,178,6,178,10,packages\mochawesome\test-functional\test.js,1,3032
4440,MemberExpression,nan,-1,-1,-1,184,6,184,26,packages\mochawesome\test-functional\test.js,1,3033
4441,Identifier,done,-1,-1,-1,185,6,185,10,packages\mochawesome\test-functional\test.js,1,3034
4442,Identifier,done,-1,-1,-1,188,6,188,10,packages\mochawesome\test-functional\test.js,1,3035
4444,MemberExpression,nan,-1,-1,-1,191,6,191,24,packages\mochawesome\test-functional\test.js,1,3036
4445,Identifier,done,-1,-1,-1,192,6,192,10,packages\mochawesome\test-functional\test.js,1,3037
4447,MemberExpression,nan,-1,-1,-1,195,6,195,26,packages\mochawesome\test-functional\test.js,1,3038
4448,Identifier,done,-1,-1,-1,196,6,196,10,packages\mochawesome\test-functional\test.js,1,3039
4449,Identifier,done,-1,-1,-1,199,6,199,10,packages\mochawesome\test-functional\test.js,1,3040
4451,MemberExpression,nan,-1,-1,-1,202,6,202,17,packages\mochawesome\test-functional\test.js,1,3041
4452,Identifier,done,-1,-1,-1,47,37,47,41,packages\mochawesome\test-functional\test.js,1,3042
4454,BlockStatement,nan,-1,-1,-1,47,45,50,7,packages\mochawesome\test-functional\test.js,1,3043
4455,Identifier,done,-1,-1,-1,58,25,58,29,packages\mochawesome\test-functional\test.js,1,3044
4457,BlockStatement,nan,-1,-1,-1,58,33,61,7,packages\mochawesome\test-functional\test.js,1,3045
4458,Identifier,done,-1,-1,-1,78,25,78,29,packages\mochawesome\test-functional\test.js,1,3046
4460,BlockStatement,nan,-1,-1,-1,78,33,81,7,packages\mochawesome\test-functional\test.js,1,3047
4467,CallExpression,nan,1,-1,-1,48,8,48,31,packages\mochawesome\test-functional\test.js,1,3048
4468,CallExpression,nan,0,-1,-1,49,8,49,14,packages\mochawesome\test-functional\test.js,1,3049
4469,CallExpression,nan,1,-1,-1,59,8,59,31,packages\mochawesome\test-functional\test.js,1,3050
4470,CallExpression,nan,0,-1,-1,60,8,60,14,packages\mochawesome\test-functional\test.js,1,3051
4471,CallExpression,nan,1,-1,-1,79,8,79,31,packages\mochawesome\test-functional\test.js,1,3052
4472,CallExpression,nan,0,-1,-1,80,8,80,14,packages\mochawesome\test-functional\test.js,1,3053
4474,MemberExpression,nan,-1,-1,-1,48,8,48,28,packages\mochawesome\test-functional\test.js,1,3054
4475,Identifier,done,-1,-1,-1,49,8,49,12,packages\mochawesome\test-functional\test.js,1,3055
4477,MemberExpression,nan,-1,-1,-1,59,8,59,28,packages\mochawesome\test-functional\test.js,1,3056
4478,Identifier,done,-1,-1,-1,60,8,60,12,packages\mochawesome\test-functional\test.js,1,3057
4480,MemberExpression,nan,-1,-1,-1,79,8,79,28,packages\mochawesome\test-functional\test.js,1,3058
4481,Identifier,done,-1,-1,-1,80,8,80,12,packages\mochawesome\test-functional\test.js,1,3059
4482,Program,nan,-1,-1,-1,1,0,8,3,packages\mochawesome\test-parallel\test-1.js,1,3060
4484,CallExpression,nan,2,-1,-1,1,0,8,2,packages\mochawesome\test-parallel\test-1.js,1,3061
4486,ArrowFunctionExpression,nan,-1,0,0,1,35,8,1,packages\mochawesome\test-parallel\test-1.js,1,3062
4487,Identifier,describe,-1,-1,-1,1,0,1,8,packages\mochawesome\test-parallel\test-1.js,1,3063
4489,BlockStatement,nan,-1,-1,-1,1,41,8,1,packages\mochawesome\test-parallel\test-1.js,1,3064
4490,VariableDeclaration,nan,-1,-1,-1,2,2,2,35,packages\mochawesome\test-parallel\test-1.js,1,3065
4492,CallExpression,nan,1,-1,-1,3,2,7,4,packages\mochawesome\test-parallel\test-1.js,1,3066
4493,ArrowFunctionExpression,nan,-1,1,0,3,19,7,3,packages\mochawesome\test-parallel\test-1.js,1,3067
4494,MemberExpression,nan,-1,-1,-1,3,2,3,18,packages\mochawesome\test-parallel\test-1.js,1,3068
4495,Identifier,attempt,-1,-1,-1,3,19,3,26,packages\mochawesome\test-parallel\test-1.js,1,3069
4497,BlockStatement,nan,-1,-1,-1,3,30,7,3,packages\mochawesome\test-parallel\test-1.js,1,3070
4499,CallExpression,nan,2,-1,-1,4,4,6,6,packages\mochawesome\test-parallel\test-1.js,1,3071
4500,TemplateLiteral,nan,-1,-1,-1,4,7,4,67,packages\mochawesome\test-parallel\test-1.js,1,3072
4501,ArrowFunctionExpression,nan,-1,1,0,4,69,6,5,packages\mochawesome\test-parallel\test-1.js,1,3073
4502,Identifier,it,-1,-1,-1,4,4,4,6,packages\mochawesome\test-parallel\test-1.js,1,3074
4503,Identifier,done,-1,-1,-1,4,69,4,73,packages\mochawesome\test-parallel\test-1.js,1,3075
4505,BlockStatement,nan,-1,-1,-1,4,77,6,5,packages\mochawesome\test-parallel\test-1.js,1,3076
4507,CallExpression,nan,2,-1,-1,5,6,5,28,packages\mochawesome\test-parallel\test-1.js,1,3077
4508,Identifier,done,-1,-1,-1,5,17,5,21,packages\mochawesome\test-parallel\test-1.js,1,3078
4510,Identifier,setTimeout,-1,-1,-1,5,6,5,16,packages\mochawesome\test-parallel\test-1.js,1,3079
4511,Program,nan,-1,-1,-1,1,0,8,3,packages\mochawesome\test-parallel\test-2.js,1,3080
4513,CallExpression,nan,2,-1,-1,1,0,8,2,packages\mochawesome\test-parallel\test-2.js,1,3081
4515,ArrowFunctionExpression,nan,-1,0,0,1,35,8,1,packages\mochawesome\test-parallel\test-2.js,1,3082
4516,Identifier,describe,-1,-1,-1,1,0,1,8,packages\mochawesome\test-parallel\test-2.js,1,3083
4518,BlockStatement,nan,-1,-1,-1,1,41,8,1,packages\mochawesome\test-parallel\test-2.js,1,3084
4519,VariableDeclaration,nan,-1,-1,-1,2,2,2,35,packages\mochawesome\test-parallel\test-2.js,1,3085
4521,CallExpression,nan,1,-1,-1,3,2,7,4,packages\mochawesome\test-parallel\test-2.js,1,3086
4522,ArrowFunctionExpression,nan,-1,1,0,3,19,7,3,packages\mochawesome\test-parallel\test-2.js,1,3087
4523,MemberExpression,nan,-1,-1,-1,3,2,3,18,packages\mochawesome\test-parallel\test-2.js,1,3088
4524,Identifier,attempt,-1,-1,-1,3,19,3,26,packages\mochawesome\test-parallel\test-2.js,1,3089
4526,BlockStatement,nan,-1,-1,-1,3,30,7,3,packages\mochawesome\test-parallel\test-2.js,1,3090
4528,CallExpression,nan,2,-1,-1,4,4,6,6,packages\mochawesome\test-parallel\test-2.js,1,3091
4529,TemplateLiteral,nan,-1,-1,-1,4,7,4,67,packages\mochawesome\test-parallel\test-2.js,1,3092
4530,ArrowFunctionExpression,nan,-1,1,0,4,69,6,5,packages\mochawesome\test-parallel\test-2.js,1,3093
4531,Identifier,it,-1,-1,-1,4,4,4,6,packages\mochawesome\test-parallel\test-2.js,1,3094
4532,Identifier,done,-1,-1,-1,4,69,4,73,packages\mochawesome\test-parallel\test-2.js,1,3095
4534,BlockStatement,nan,-1,-1,-1,4,77,6,5,packages\mochawesome\test-parallel\test-2.js,1,3096
4536,CallExpression,nan,2,-1,-1,5,6,5,28,packages\mochawesome\test-parallel\test-2.js,1,3097
4537,Identifier,done,-1,-1,-1,5,17,5,21,packages\mochawesome\test-parallel\test-2.js,1,3098
4539,Identifier,setTimeout,-1,-1,-1,5,6,5,16,packages\mochawesome\test-parallel\test-2.js,1,3099
4540,Program,nan,-1,-1,-1,1,0,8,3,packages\mochawesome\test-parallel\test-3.js,1,3100
4542,CallExpression,nan,2,-1,-1,1,0,8,2,packages\mochawesome\test-parallel\test-3.js,1,3101
4544,ArrowFunctionExpression,nan,-1,0,0,1,35,8,1,packages\mochawesome\test-parallel\test-3.js,1,3102
4545,Identifier,describe,-1,-1,-1,1,0,1,8,packages\mochawesome\test-parallel\test-3.js,1,3103
4547,BlockStatement,nan,-1,-1,-1,1,41,8,1,packages\mochawesome\test-parallel\test-3.js,1,3104
4548,VariableDeclaration,nan,-1,-1,-1,2,2,2,35,packages\mochawesome\test-parallel\test-3.js,1,3105
4550,CallExpression,nan,1,-1,-1,3,2,7,4,packages\mochawesome\test-parallel\test-3.js,1,3106
4551,ArrowFunctionExpression,nan,-1,1,0,3,19,7,3,packages\mochawesome\test-parallel\test-3.js,1,3107
4552,MemberExpression,nan,-1,-1,-1,3,2,3,18,packages\mochawesome\test-parallel\test-3.js,1,3108
4553,Identifier,attempt,-1,-1,-1,3,19,3,26,packages\mochawesome\test-parallel\test-3.js,1,3109
4555,BlockStatement,nan,-1,-1,-1,3,30,7,3,packages\mochawesome\test-parallel\test-3.js,1,3110
4557,CallExpression,nan,2,-1,-1,4,4,6,6,packages\mochawesome\test-parallel\test-3.js,1,3111
4558,TemplateLiteral,nan,-1,-1,-1,4,7,4,67,packages\mochawesome\test-parallel\test-3.js,1,3112
4559,ArrowFunctionExpression,nan,-1,1,0,4,69,6,5,packages\mochawesome\test-parallel\test-3.js,1,3113
4560,Identifier,it,-1,-1,-1,4,4,4,6,packages\mochawesome\test-parallel\test-3.js,1,3114
4561,Identifier,done,-1,-1,-1,4,69,4,73,packages\mochawesome\test-parallel\test-3.js,1,3115
4563,BlockStatement,nan,-1,-1,-1,4,77,6,5,packages\mochawesome\test-parallel\test-3.js,1,3116
4565,CallExpression,nan,2,-1,-1,5,6,5,28,packages\mochawesome\test-parallel\test-3.js,1,3117
4566,Identifier,done,-1,-1,-1,5,17,5,21,packages\mochawesome\test-parallel\test-3.js,1,3118
4568,Identifier,setTimeout,-1,-1,-1,5,6,5,16,packages\mochawesome\test-parallel\test-3.js,1,3119
4569,Program,nan,-1,-1,-1,1,0,28,3,packages\mochawesome\test-programmatic\index.js,1,3120
4570,VariableDeclaration,nan,-1,-1,-1,1,0,1,31,packages\mochawesome\test-programmatic\index.js,1,3121
4571,VariableDeclaration,nan,-1,-1,-1,2,0,2,25,packages\mochawesome\test-programmatic\index.js,1,3122
4572,VariableDeclaration,nan,-1,-1,-1,3,0,3,29,packages\mochawesome\test-programmatic\index.js,1,3123
4574,VariableDeclaration,nan,-1,-1,-1,7,0,13,3,packages\mochawesome\test-programmatic\index.js,1,3124
4575,VariableDeclaration,nan,-1,-1,-1,15,0,15,62,packages\mochawesome\test-programmatic\index.js,1,3125
4578,CallExpression,nan,1,-1,-1,4,0,4,17,packages\mochawesome\test-programmatic\index.js,1,3126
4579,CallExpression,nan,1,-1,-1,18,0,21,59,packages\mochawesome\test-programmatic\index.js,1,3127
4580,CallExpression,nan,1,-1,-1,24,0,28,2,packages\mochawesome\test-programmatic\index.js,1,3128
4582,Identifier,require,-1,-1,-1,4,0,4,7,packages\mochawesome\test-programmatic\index.js,1,3129
4583,ArrowFunctionExpression,nan,-1,1,0,21,11,21,58,packages\mochawesome\test-programmatic\index.js,1,3130
4584,MemberExpression,nan,-1,-1,-1,18,0,21,10,packages\mochawesome\test-programmatic\index.js,1,3131
4585,ArrowFunctionExpression,nan,-1,1,0,24,10,28,1,packages\mochawesome\test-programmatic\index.js,1,3132
4586,MemberExpression,nan,-1,-1,-1,24,0,24,9,packages\mochawesome\test-programmatic\index.js,1,3133
4587,Identifier,file,-1,-1,-1,21,11,21,15,packages\mochawesome\test-programmatic\index.js,1,3134
4589,CallExpression,nan,1,-1,-1,21,19,21,58,packages\mochawesome\test-programmatic\index.js,1,3135
4590,Identifier,failures,-1,-1,-1,24,10,24,18,packages\mochawesome\test-programmatic\index.js,1,3136
4592,BlockStatement,nan,-1,-1,-1,24,22,28,1,packages\mochawesome\test-programmatic\index.js,1,3137
4593,CallExpression,nan,2,-1,-1,21,33,21,57,packages\mochawesome\test-programmatic\index.js,1,3138
4594,MemberExpression,nan,-1,-1,-1,21,19,21,32,packages\mochawesome\test-programmatic\index.js,1,3139
4596,Identifier,testDir,-1,-1,-1,21,43,21,50,packages\mochawesome\test-programmatic\index.js,1,3140
4597,Identifier,file,-1,-1,-1,21,52,21,56,packages\mochawesome\test-programmatic\index.js,1,3141
4598,MemberExpression,nan,-1,-1,-1,21,33,21,42,packages\mochawesome\test-programmatic\index.js,1,3142
4599,CallExpression,nan,2,-1,-1,25,2,27,4,packages\mochawesome\test-programmatic\index.js,1,3143
4601,ArrowFunctionExpression,nan,-1,0,0,25,21,27,3,packages\mochawesome\test-programmatic\index.js,1,3144
4602,MemberExpression,nan,-1,-1,-1,25,2,25,12,packages\mochawesome\test-programmatic\index.js,1,3145
4604,BlockStatement,nan,-1,-1,-1,25,27,27,3,packages\mochawesome\test-programmatic\index.js,1,3146
4606,CallExpression,nan,1,-1,-1,26,4,26,26,packages\mochawesome\test-programmatic\index.js,1,3147
4607,Identifier,failures,-1,-1,-1,26,17,26,25,packages\mochawesome\test-programmatic\index.js,1,3148
4608,MemberExpression,nan,-1,-1,-1,26,4,26,16,packages\mochawesome\test-programmatic\index.js,1,3149
4609,Program,nan,-1,-1,-1,1,0,13,3,packages\mochawesome\test-functional\subfolder\test.js,1,3150
4611,CallExpression,nan,2,-1,-1,1,0,13,2,packages\mochawesome\test-functional\subfolder\test.js,1,3151
4613,ArrowFunctionExpression,nan,-1,0,0,1,33,13,1,packages\mochawesome\test-functional\subfolder\test.js,1,3152
4614,Identifier,describe,-1,-1,-1,1,0,1,8,packages\mochawesome\test-functional\subfolder\test.js,1,3153
4616,BlockStatement,nan,-1,-1,-1,1,39,13,1,packages\mochawesome\test-functional\subfolder\test.js,1,3154
4618,CallExpression,nan,2,-1,-1,2,2,12,4,packages\mochawesome\test-functional\subfolder\test.js,1,3155
4620,ArrowFunctionExpression,nan,-1,0,0,2,33,12,3,packages\mochawesome\test-functional\subfolder\test.js,1,3156
4621,Identifier,describe,-1,-1,-1,2,2,2,10,packages\mochawesome\test-functional\subfolder\test.js,1,3157
4623,BlockStatement,nan,-1,-1,-1,2,39,12,3,packages\mochawesome\test-functional\subfolder\test.js,1,3158
4626,CallExpression,nan,2,-1,-1,3,4,6,6,packages\mochawesome\test-functional\subfolder\test.js,1,3159
4627,CallExpression,nan,2,-1,-1,8,4,11,6,packages\mochawesome\test-functional\subfolder\test.js,1,3160
4629,ArrowFunctionExpression,nan,-1,1,0,3,23,6,5,packages\mochawesome\test-functional\subfolder\test.js,1,3161
4630,Identifier,it,-1,-1,-1,3,4,3,6,packages\mochawesome\test-functional\subfolder\test.js,1,3162
4632,ArrowFunctionExpression,nan,-1,1,0,8,23,11,5,packages\mochawesome\test-functional\subfolder\test.js,1,3163
4633,Identifier,it,-1,-1,-1,8,4,8,6,packages\mochawesome\test-functional\subfolder\test.js,1,3164
4634,Identifier,done,-1,-1,-1,3,23,3,27,packages\mochawesome\test-functional\subfolder\test.js,1,3165
4636,BlockStatement,nan,-1,-1,-1,3,31,6,5,packages\mochawesome\test-functional\subfolder\test.js,1,3166
4637,Identifier,done,-1,-1,-1,8,23,8,27,packages\mochawesome\test-functional\subfolder\test.js,1,3167
4639,BlockStatement,nan,-1,-1,-1,8,31,11,5,packages\mochawesome\test-functional\subfolder\test.js,1,3168
4644,MemberExpression,nan,-1,-1,-1,4,6,4,23,packages\mochawesome\test-functional\subfolder\test.js,1,3169
4645,CallExpression,nan,0,-1,-1,5,6,5,12,packages\mochawesome\test-functional\subfolder\test.js,1,3170
4646,MemberExpression,nan,-1,-1,-1,9,6,9,24,packages\mochawesome\test-functional\subfolder\test.js,1,3171
4647,CallExpression,nan,0,-1,-1,10,6,10,12,packages\mochawesome\test-functional\subfolder\test.js,1,3172
4648,Identifier,done,-1,-1,-1,5,6,5,10,packages\mochawesome\test-functional\subfolder\test.js,1,3173
4649,Identifier,done,-1,-1,-1,10,6,10,10,packages\mochawesome\test-functional\subfolder\test.js,1,3174
