id,type,name,params_len,argument_len,returns,start_line,start_column,end_line,end_column,file_name,file_is_index_or_test,new_id
1,Program,nan,-1,-1,-1,3,0,58,26,packages\safer-buffer\dangerous.js,0,0
3,VariableDeclaration,nan,-1,-1,-1,5,0,5,30,packages\safer-buffer\dangerous.js,0,1
4,VariableDeclaration,nan,-1,-1,-1,6,0,6,26,packages\safer-buffer\dangerous.js,0,2
5,VariableDeclaration,nan,-1,-1,-1,7,0,7,33,packages\safer-buffer\dangerous.js,0,3
6,VariableDeclaration,nan,-1,-1,-1,8,0,8,24,packages\safer-buffer\dangerous.js,0,4
7,VariableDeclaration,nan,-1,-1,-1,10,0,10,18,packages\safer-buffer\dangerous.js,0,5
8,VariableDeclaration,nan,-1,-1,-1,12,0,12,7,packages\safer-buffer\dangerous.js,0,6
9,ForInStatement,nan,-1,-1,-1,14,0,17,1,packages\safer-buffer\dangerous.js,0,7
10,VariableDeclaration,nan,-1,-1,-1,19,0,19,38,packages\safer-buffer\dangerous.js,0,8
11,ForInStatement,nan,-1,-1,-1,22,0,25,1,packages\safer-buffer\dangerous.js,0,9
12,ForInStatement,nan,-1,-1,-1,28,0,32,1,packages\safer-buffer\dangerous.js,0,10
13,IfStatement,nan,-1,-1,-1,34,0,44,1,packages\safer-buffer\dangerous.js,0,11
14,IfStatement,nan,-1,-1,-1,46,0,56,1,packages\safer-buffer\dangerous.js,0,12
17,Identifier,key,-1,-1,-1,14,5,14,8,packages\safer-buffer\dangerous.js,0,13
18,Identifier,safer,-1,-1,-1,14,12,14,17,packages\safer-buffer\dangerous.js,0,14
19,BlockStatement,nan,-1,-1,-1,14,19,17,1,packages\safer-buffer\dangerous.js,0,15
20,Identifier,key,-1,-1,-1,22,5,22,8,packages\safer-buffer\dangerous.js,0,16
21,Identifier,Safer,-1,-1,-1,22,12,22,17,packages\safer-buffer\dangerous.js,0,17
22,BlockStatement,nan,-1,-1,-1,22,19,25,1,packages\safer-buffer\dangerous.js,0,18
23,Identifier,key,-1,-1,-1,28,5,28,8,packages\safer-buffer\dangerous.js,0,19
24,Identifier,Buffer,-1,-1,-1,28,12,28,18,packages\safer-buffer\dangerous.js,0,20
25,BlockStatement,nan,-1,-1,-1,28,20,32,1,packages\safer-buffer\dangerous.js,0,21
26,BlockStatement,nan,-1,-1,-1,34,29,44,1,packages\safer-buffer\dangerous.js,0,22
27,UnaryExpression,nan,1,-1,-1,34,4,34,27,packages\safer-buffer\dangerous.js,0,23
28,BlockStatement,nan,-1,-1,-1,46,33,56,1,packages\safer-buffer\dangerous.js,0,24
29,UnaryExpression,nan,1,-1,-1,46,4,46,31,packages\safer-buffer\dangerous.js,0,25
30,AssignmentExpression,nan,-1,-1,-1,58,0,58,26,packages\safer-buffer\dangerous.js,0,26
31,IfStatement,nan,-1,-1,-1,15,2,15,42,packages\safer-buffer\dangerous.js,0,27
33,IfStatement,nan,-1,-1,-1,23,2,23,42,packages\safer-buffer\dangerous.js,0,28
35,IfStatement,nan,-1,-1,-1,29,2,29,43,packages\safer-buffer\dangerous.js,0,29
36,IfStatement,nan,-1,-1,-1,30,2,30,46,packages\safer-buffer\dangerous.js,0,30
39,MemberExpression,nan,-1,-1,-1,34,5,34,27,packages\safer-buffer\dangerous.js,0,31
41,MemberExpression,nan,-1,-1,-1,46,5,46,31,packages\safer-buffer\dangerous.js,0,32
42,MemberExpression,nan,-1,-1,-1,58,0,58,14,packages\safer-buffer\dangerous.js,0,33
43,Identifier,dangerous,-1,-1,-1,58,17,58,26,packages\safer-buffer\dangerous.js,0,34
44,ContinueStatement,nan,-1,-1,-1,15,34,15,42,packages\safer-buffer\dangerous.js,0,35
45,UnaryExpression,nan,1,-1,-1,15,6,15,32,packages\safer-buffer\dangerous.js,0,36
46,AssignmentExpression,nan,-1,-1,-1,16,2,16,29,packages\safer-buffer\dangerous.js,0,37
47,ContinueStatement,nan,-1,-1,-1,23,34,23,42,packages\safer-buffer\dangerous.js,0,38
48,UnaryExpression,nan,1,-1,-1,23,6,23,32,packages\safer-buffer\dangerous.js,0,39
49,AssignmentExpression,nan,-1,-1,-1,24,2,24,30,packages\safer-buffer\dangerous.js,0,40
50,ContinueStatement,nan,-1,-1,-1,29,35,29,43,packages\safer-buffer\dangerous.js,0,41
51,UnaryExpression,nan,1,-1,-1,29,6,29,33,packages\safer-buffer\dangerous.js,0,42
52,ContinueStatement,nan,-1,-1,-1,30,38,30,46,packages\safer-buffer\dangerous.js,0,43
53,CallExpression,nan,1,-1,-1,30,6,30,36,packages\safer-buffer\dangerous.js,0,44
54,AssignmentExpression,nan,-1,-1,-1,31,2,31,31,packages\safer-buffer\dangerous.js,0,45
55,AssignmentExpression,nan,-1,-1,-1,35,2,43,3,packages\safer-buffer\dangerous.js,0,46
56,AssignmentExpression,nan,-1,-1,-1,47,2,55,3,packages\safer-buffer\dangerous.js,0,47
57,CallExpression,nan,1,-1,-1,15,7,15,32,packages\safer-buffer\dangerous.js,0,48
58,MemberExpression,nan,-1,-1,-1,16,2,16,16,packages\safer-buffer\dangerous.js,0,49
59,MemberExpression,nan,-1,-1,-1,16,19,16,29,packages\safer-buffer\dangerous.js,0,50
60,CallExpression,nan,1,-1,-1,23,7,23,32,packages\safer-buffer\dangerous.js,0,51
61,MemberExpression,nan,-1,-1,-1,24,2,24,17,packages\safer-buffer\dangerous.js,0,52
62,MemberExpression,nan,-1,-1,-1,24,20,24,30,packages\safer-buffer\dangerous.js,0,53
63,CallExpression,nan,1,-1,-1,29,7,29,33,packages\safer-buffer\dangerous.js,0,54
64,Identifier,key,-1,-1,-1,30,32,30,35,packages\safer-buffer\dangerous.js,0,55
65,MemberExpression,nan,-1,-1,-1,30,6,30,31,packages\safer-buffer\dangerous.js,0,56
66,MemberExpression,nan,-1,-1,-1,31,2,31,17,packages\safer-buffer\dangerous.js,0,57
67,MemberExpression,nan,-1,-1,-1,31,20,31,31,packages\safer-buffer\dangerous.js,0,58
68,MemberExpression,nan,-1,-1,-1,35,2,35,24,packages\safer-buffer\dangerous.js,0,59
69,FunctionExpression,nan,-1,1,1,35,27,43,3,packages\safer-buffer\dangerous.js,0,60
70,MemberExpression,nan,-1,-1,-1,47,2,47,28,packages\safer-buffer\dangerous.js,0,61
71,FunctionExpression,nan,-1,1,1,47,31,55,3,packages\safer-buffer\dangerous.js,0,62
72,Identifier,key,-1,-1,-1,15,28,15,31,packages\safer-buffer\dangerous.js,0,63
73,MemberExpression,nan,-1,-1,-1,15,7,15,27,packages\safer-buffer\dangerous.js,0,64
74,Identifier,key,-1,-1,-1,23,28,23,31,packages\safer-buffer\dangerous.js,0,65
75,MemberExpression,nan,-1,-1,-1,23,7,23,27,packages\safer-buffer\dangerous.js,0,66
76,Identifier,key,-1,-1,-1,29,29,29,32,packages\safer-buffer\dangerous.js,0,67
77,MemberExpression,nan,-1,-1,-1,29,7,29,28,packages\safer-buffer\dangerous.js,0,68
78,Identifier,size,-1,-1,-1,35,37,35,41,packages\safer-buffer\dangerous.js,0,69
80,BlockStatement,nan,-1,-1,-1,35,43,43,3,packages\safer-buffer\dangerous.js,0,70
81,Identifier,size,-1,-1,-1,47,41,47,45,packages\safer-buffer\dangerous.js,0,71
83,BlockStatement,nan,-1,-1,-1,47,47,55,3,packages\safer-buffer\dangerous.js,0,72
84,IfStatement,nan,-1,-1,-1,36,4,38,5,packages\safer-buffer\dangerous.js,0,73
85,IfStatement,nan,-1,-1,-1,39,4,41,5,packages\safer-buffer\dangerous.js,0,74
86,ReturnStatement,nan,1,-1,-1,42,4,42,23,packages\safer-buffer\dangerous.js,0,75
87,IfStatement,nan,-1,-1,-1,48,4,50,5,packages\safer-buffer\dangerous.js,0,76
88,IfStatement,nan,-1,-1,-1,51,4,53,5,packages\safer-buffer\dangerous.js,0,77
89,ReturnStatement,nan,1,-1,-1,54,4,54,34,packages\safer-buffer\dangerous.js,0,78
90,BlockStatement,nan,-1,-1,-1,36,34,38,5,packages\safer-buffer\dangerous.js,0,79
92,BlockStatement,nan,-1,-1,-1,39,43,41,5,packages\safer-buffer\dangerous.js,0,80
93,LogicalExpression,nan,-1,-1,-1,39,8,39,41,packages\safer-buffer\dangerous.js,0,81
94,CallExpression,nan,1,-1,-1,42,11,42,23,packages\safer-buffer\dangerous.js,0,82
95,BlockStatement,nan,-1,-1,-1,48,34,50,5,packages\safer-buffer\dangerous.js,0,83
97,BlockStatement,nan,-1,-1,-1,51,43,53,5,packages\safer-buffer\dangerous.js,0,84
98,LogicalExpression,nan,-1,-1,-1,51,8,51,41,packages\safer-buffer\dangerous.js,0,85
99,CallExpression,nan,1,-1,-1,54,11,54,34,packages\safer-buffer\dangerous.js,0,86
100,ThrowStatement,nan,1,-1,-1,37,6,37,101,packages\safer-buffer\dangerous.js,0,87
101,UnaryExpression,nan,1,-1,-1,36,8,36,19,packages\safer-buffer\dangerous.js,0,88
103,ThrowStatement,nan,1,-1,-1,40,6,40,83,packages\safer-buffer\dangerous.js,0,89
106,Identifier,size,-1,-1,-1,42,18,42,22,packages\safer-buffer\dangerous.js,0,90
107,Identifier,Buffer,-1,-1,-1,42,11,42,17,packages\safer-buffer\dangerous.js,0,91
108,ThrowStatement,nan,1,-1,-1,49,6,49,101,packages\safer-buffer\dangerous.js,0,92
109,UnaryExpression,nan,1,-1,-1,48,8,48,19,packages\safer-buffer\dangerous.js,0,93
111,ThrowStatement,nan,1,-1,-1,52,6,52,83,packages\safer-buffer\dangerous.js,0,94
114,Identifier,size,-1,-1,-1,54,29,54,33,packages\safer-buffer\dangerous.js,0,95
115,MemberExpression,nan,-1,-1,-1,54,11,54,28,packages\safer-buffer\dangerous.js,0,96
116,NewExpression,nan,1,-1,-1,37,12,37,101,packages\safer-buffer\dangerous.js,0,97
117,Identifier,size,-1,-1,-1,36,15,36,19,packages\safer-buffer\dangerous.js,0,98
118,NewExpression,nan,1,-1,-1,40,12,40,83,packages\safer-buffer\dangerous.js,0,99
119,Identifier,size,-1,-1,-1,39,8,39,12,packages\safer-buffer\dangerous.js,0,100
121,Identifier,size,-1,-1,-1,39,20,39,24,packages\safer-buffer\dangerous.js,0,101
123,NewExpression,nan,1,-1,-1,49,12,49,101,packages\safer-buffer\dangerous.js,0,102
124,Identifier,size,-1,-1,-1,48,15,48,19,packages\safer-buffer\dangerous.js,0,103
125,NewExpression,nan,1,-1,-1,52,12,52,83,packages\safer-buffer\dangerous.js,0,104
126,Identifier,size,-1,-1,-1,51,8,51,12,packages\safer-buffer\dangerous.js,0,105
128,Identifier,size,-1,-1,-1,51,20,51,24,packages\safer-buffer\dangerous.js,0,106
131,Identifier,TypeError,-1,-1,-1,37,16,37,25,packages\safer-buffer\dangerous.js,0,107
133,Identifier,RangeError,-1,-1,-1,40,16,40,26,packages\safer-buffer\dangerous.js,0,108
137,Identifier,TypeError,-1,-1,-1,49,16,49,25,packages\safer-buffer\dangerous.js,0,109
139,Identifier,RangeError,-1,-1,-1,52,16,52,26,packages\safer-buffer\dangerous.js,0,110
143,UnaryExpression,nan,1,-1,-1,37,89,37,100,packages\safer-buffer\dangerous.js,0,111
149,UnaryExpression,nan,1,-1,-1,49,89,49,100,packages\safer-buffer\dangerous.js,0,112
154,Identifier,size,-1,-1,-1,37,96,37,100,packages\safer-buffer\dangerous.js,0,113
156,Identifier,size,-1,-1,-1,40,43,40,47,packages\safer-buffer\dangerous.js,0,114
157,Identifier,size,-1,-1,-1,49,96,49,100,packages\safer-buffer\dangerous.js,0,115
159,Identifier,size,-1,-1,-1,52,43,52,47,packages\safer-buffer\dangerous.js,0,116
160,Program,nan,-1,-1,-1,3,0,77,22,packages\safer-buffer\safer.js,0,117
162,VariableDeclaration,nan,-1,-1,-1,5,0,5,30,packages\safer-buffer\safer.js,0,118
163,VariableDeclaration,nan,-1,-1,-1,6,0,6,26,packages\safer-buffer\safer.js,0,119
164,VariableDeclaration,nan,-1,-1,-1,8,0,8,14,packages\safer-buffer\safer.js,0,120
165,VariableDeclaration,nan,-1,-1,-1,10,0,10,7,packages\safer-buffer\safer.js,0,121
166,ForInStatement,nan,-1,-1,-1,12,0,16,1,packages\safer-buffer\safer.js,0,122
167,VariableDeclaration,nan,-1,-1,-1,18,0,18,29,packages\safer-buffer\safer.js,0,123
168,ForInStatement,nan,-1,-1,-1,19,0,23,1,packages\safer-buffer\safer.js,0,124
170,IfStatement,nan,-1,-1,-1,27,0,37,1,packages\safer-buffer\safer.js,0,125
171,IfStatement,nan,-1,-1,-1,39,0,57,1,packages\safer-buffer\safer.js,0,126
172,IfStatement,nan,-1,-1,-1,59,0,66,1,packages\safer-buffer\safer.js,0,127
173,IfStatement,nan,-1,-1,-1,68,0,75,1,packages\safer-buffer\safer.js,0,128
176,Identifier,key,-1,-1,-1,12,5,12,8,packages\safer-buffer\safer.js,0,129
177,Identifier,buffer,-1,-1,-1,12,12,12,18,packages\safer-buffer\safer.js,0,130
178,BlockStatement,nan,-1,-1,-1,12,20,16,1,packages\safer-buffer\safer.js,0,131
179,Identifier,key,-1,-1,-1,19,5,19,8,packages\safer-buffer\safer.js,0,132
180,Identifier,Buffer,-1,-1,-1,19,12,19,18,packages\safer-buffer\safer.js,0,133
181,BlockStatement,nan,-1,-1,-1,19,20,23,1,packages\safer-buffer\safer.js,0,134
182,AssignmentExpression,nan,-1,-1,-1,25,0,25,41,packages\safer-buffer\safer.js,0,135
183,BlockStatement,nan,-1,-1,-1,27,51,37,1,packages\safer-buffer\safer.js,0,136
184,LogicalExpression,nan,-1,-1,-1,27,4,27,49,packages\safer-buffer\safer.js,0,137
185,BlockStatement,nan,-1,-1,-1,39,18,57,1,packages\safer-buffer\safer.js,0,138
186,UnaryExpression,nan,1,-1,-1,39,4,39,16,packages\safer-buffer\safer.js,0,139
187,BlockStatement,nan,-1,-1,-1,59,29,66,1,packages\safer-buffer\safer.js,0,140
188,UnaryExpression,nan,1,-1,-1,59,4,59,27,packages\safer-buffer\safer.js,0,141
189,BlockStatement,nan,-1,-1,-1,68,22,75,1,packages\safer-buffer\safer.js,0,142
190,UnaryExpression,nan,1,-1,-1,68,4,68,20,packages\safer-buffer\safer.js,0,143
191,AssignmentExpression,nan,-1,-1,-1,77,0,77,22,packages\safer-buffer\safer.js,0,144
192,IfStatement,nan,-1,-1,-1,13,2,13,43,packages\safer-buffer\safer.js,0,145
193,IfStatement,nan,-1,-1,-1,14,2,14,56,packages\safer-buffer\safer.js,0,146
195,IfStatement,nan,-1,-1,-1,20,2,20,43,packages\safer-buffer\safer.js,0,147
196,IfStatement,nan,-1,-1,-1,21,2,21,66,packages\safer-buffer\safer.js,0,148
198,MemberExpression,nan,-1,-1,-1,25,0,25,22,packages\safer-buffer\safer.js,0,149
199,MemberExpression,nan,-1,-1,-1,25,25,25,41,packages\safer-buffer\safer.js,0,150
201,UnaryExpression,nan,1,-1,-1,27,4,27,15,packages\safer-buffer\safer.js,0,151
204,MemberExpression,nan,-1,-1,-1,39,5,39,16,packages\safer-buffer\safer.js,0,152
205,TryStatement,nan,-1,-1,-1,60,2,65,3,packages\safer-buffer\safer.js,0,153
206,MemberExpression,nan,-1,-1,-1,59,5,59,27,packages\safer-buffer\safer.js,0,154
208,IfStatement,nan,-1,-1,-1,72,2,74,3,packages\safer-buffer\safer.js,0,155
209,MemberExpression,nan,-1,-1,-1,68,5,68,20,packages\safer-buffer\safer.js,0,156
210,MemberExpression,nan,-1,-1,-1,77,0,77,14,packages\safer-buffer\safer.js,0,157
211,Identifier,safer,-1,-1,-1,77,17,77,22,packages\safer-buffer\safer.js,0,158
212,ContinueStatement,nan,-1,-1,-1,13,35,13,43,packages\safer-buffer\safer.js,0,159
213,UnaryExpression,nan,1,-1,-1,13,6,13,33,packages\safer-buffer\safer.js,0,160
214,ContinueStatement,nan,-1,-1,-1,14,48,14,56,packages\safer-buffer\safer.js,0,161
215,LogicalExpression,nan,-1,-1,-1,14,6,14,46,packages\safer-buffer\safer.js,0,162
216,AssignmentExpression,nan,-1,-1,-1,15,2,15,26,packages\safer-buffer\safer.js,0,163
217,ContinueStatement,nan,-1,-1,-1,20,35,20,43,packages\safer-buffer\safer.js,0,164
218,UnaryExpression,nan,1,-1,-1,20,6,20,33,packages\safer-buffer\safer.js,0,165
219,ContinueStatement,nan,-1,-1,-1,21,58,21,66,packages\safer-buffer\safer.js,0,166
220,LogicalExpression,nan,-1,-1,-1,21,6,21,56,packages\safer-buffer\safer.js,0,167
221,AssignmentExpression,nan,-1,-1,-1,22,2,22,26,packages\safer-buffer\safer.js,0,168
222,AssignmentExpression,nan,-1,-1,-1,28,2,36,3,packages\safer-buffer\safer.js,0,169
223,MemberExpression,nan,-1,-1,-1,27,5,27,15,packages\safer-buffer\safer.js,0,170
224,MemberExpression,nan,-1,-1,-1,27,19,27,29,packages\safer-buffer\safer.js,0,171
225,MemberExpression,nan,-1,-1,-1,27,34,27,49,packages\safer-buffer\safer.js,0,172
226,AssignmentExpression,nan,-1,-1,-1,40,2,56,3,packages\safer-buffer\safer.js,0,173
227,AssignmentExpression,nan,-1,-1,-1,69,2,71,3,packages\safer-buffer\safer.js,0,174
228,BlockStatement,nan,-1,-1,-1,72,30,74,3,packages\safer-buffer\safer.js,0,175
229,MemberExpression,nan,-1,-1,-1,72,6,72,28,packages\safer-buffer\safer.js,0,176
230,CallExpression,nan,1,-1,-1,13,7,13,33,packages\safer-buffer\safer.js,0,177
233,MemberExpression,nan,-1,-1,-1,15,2,15,12,packages\safer-buffer\safer.js,0,178
234,MemberExpression,nan,-1,-1,-1,15,15,15,26,packages\safer-buffer\safer.js,0,179
235,CallExpression,nan,1,-1,-1,20,7,20,33,packages\safer-buffer\safer.js,0,180
238,MemberExpression,nan,-1,-1,-1,22,2,22,12,packages\safer-buffer\safer.js,0,181
239,MemberExpression,nan,-1,-1,-1,22,15,22,26,packages\safer-buffer\safer.js,0,182
240,MemberExpression,nan,-1,-1,-1,28,2,28,12,packages\safer-buffer\safer.js,0,183
241,FunctionExpression,nan,-1,3,1,28,15,36,3,packages\safer-buffer\safer.js,0,184
242,MemberExpression,nan,-1,-1,-1,40,2,40,13,packages\safer-buffer\safer.js,0,185
243,FunctionExpression,nan,-1,3,1,40,16,56,3,packages\safer-buffer\safer.js,0,186
244,MemberExpression,nan,-1,-1,-1,69,2,69,17,packages\safer-buffer\safer.js,0,187
245,ObjectExpression,nan,-1,-1,-1,69,20,71,3,packages\safer-buffer\safer.js,0,188
247,Identifier,key,-1,-1,-1,13,29,13,32,packages\safer-buffer\safer.js,0,189
248,MemberExpression,nan,-1,-1,-1,13,7,13,28,packages\safer-buffer\safer.js,0,190
249,Identifier,key,-1,-1,-1,14,6,14,9,packages\safer-buffer\safer.js,0,191
251,Identifier,key,-1,-1,-1,14,30,14,33,packages\safer-buffer\safer.js,0,192
253,Identifier,key,-1,-1,-1,20,29,20,32,packages\safer-buffer\safer.js,0,193
254,MemberExpression,nan,-1,-1,-1,20,7,20,28,packages\safer-buffer\safer.js,0,194
255,Identifier,key,-1,-1,-1,21,6,21,9,packages\safer-buffer\safer.js,0,195
257,Identifier,key,-1,-1,-1,21,31,21,34,packages\safer-buffer\safer.js,0,196
259,Identifier,value,-1,-1,-1,28,25,28,30,packages\safer-buffer\safer.js,0,197
260,Identifier,encodingOrOffset,-1,-1,-1,28,32,28,48,packages\safer-buffer\safer.js,0,198
261,Identifier,length,-1,-1,-1,28,50,28,56,packages\safer-buffer\safer.js,0,199
263,BlockStatement,nan,-1,-1,-1,28,58,36,3,packages\safer-buffer\safer.js,0,200
264,Identifier,size,-1,-1,-1,40,26,40,30,packages\safer-buffer\safer.js,0,201
265,Identifier,fill,-1,-1,-1,40,32,40,36,packages\safer-buffer\safer.js,0,202
266,Identifier,encoding,-1,-1,-1,40,38,40,46,packages\safer-buffer\safer.js,0,203
268,BlockStatement,nan,-1,-1,-1,40,48,56,3,packages\safer-buffer\safer.js,0,204
269,AssignmentExpression,nan,-1,-1,-1,73,4,73,62,packages\safer-buffer\safer.js,0,205
270,IfStatement,nan,-1,-1,-1,29,4,31,5,packages\safer-buffer\safer.js,0,206
271,IfStatement,nan,-1,-1,-1,32,4,34,5,packages\safer-buffer\safer.js,0,207
272,ReturnStatement,nan,1,-1,-1,35,4,35,50,packages\safer-buffer\safer.js,0,208
273,IfStatement,nan,-1,-1,-1,41,4,43,5,packages\safer-buffer\safer.js,0,209
274,IfStatement,nan,-1,-1,-1,44,4,46,5,packages\safer-buffer\safer.js,0,210
275,VariableDeclaration,nan,-1,-1,-1,47,4,47,26,packages\safer-buffer\safer.js,0,211
276,IfStatement,nan,-1,-1,-1,48,4,54,5,packages\safer-buffer\safer.js,0,212
277,ReturnStatement,nan,1,-1,-1,55,4,55,14,packages\safer-buffer\safer.js,0,213
278,MemberExpression,nan,-1,-1,-1,73,4,73,37,packages\safer-buffer\safer.js,0,214
279,MemberExpression,nan,-1,-1,-1,73,40,73,62,packages\safer-buffer\safer.js,0,215
280,BlockStatement,nan,-1,-1,-1,29,35,31,5,packages\safer-buffer\safer.js,0,216
282,BlockStatement,nan,-1,-1,-1,32,54,34,5,packages\safer-buffer\safer.js,0,217
283,LogicalExpression,nan,-1,-1,-1,32,8,32,52,packages\safer-buffer\safer.js,0,218
284,CallExpression,nan,3,-1,-1,35,11,35,50,packages\safer-buffer\safer.js,0,219
285,BlockStatement,nan,-1,-1,-1,41,34,43,5,packages\safer-buffer\safer.js,0,220
287,BlockStatement,nan,-1,-1,-1,44,43,46,5,packages\safer-buffer\safer.js,0,221
288,LogicalExpression,nan,-1,-1,-1,44,8,44,41,packages\safer-buffer\safer.js,0,222
289,BlockStatement,nan,-1,-1,-1,48,36,50,5,packages\safer-buffer\safer.js,0,223
290,LogicalExpression,nan,-1,-1,-1,48,8,48,34,packages\safer-buffer\safer.js,0,224
291,Identifier,buf,-1,-1,-1,55,11,55,14,packages\safer-buffer\safer.js,0,225
292,ThrowStatement,nan,1,-1,-1,30,6,30,107,packages\safer-buffer\safer.js,0,226
293,UnaryExpression,nan,1,-1,-1,29,8,29,20,packages\safer-buffer\safer.js,0,227
295,ThrowStatement,nan,1,-1,-1,33,6,33,155,packages\safer-buffer\safer.js,0,228
296,Identifier,value,-1,-1,-1,32,8,32,13,packages\safer-buffer\safer.js,0,229
298,Identifier,value,-1,-1,-1,35,18,35,23,packages\safer-buffer\safer.js,0,230
299,Identifier,encodingOrOffset,-1,-1,-1,35,25,35,41,packages\safer-buffer\safer.js,0,231
300,Identifier,length,-1,-1,-1,35,43,35,49,packages\safer-buffer\safer.js,0,232
301,Identifier,Buffer,-1,-1,-1,35,11,35,17,packages\safer-buffer\safer.js,0,233
302,ThrowStatement,nan,1,-1,-1,42,6,42,101,packages\safer-buffer\safer.js,0,234
303,UnaryExpression,nan,1,-1,-1,41,8,41,19,packages\safer-buffer\safer.js,0,235
305,ThrowStatement,nan,1,-1,-1,45,6,45,83,packages\safer-buffer\safer.js,0,236
309,UnaryExpression,nan,1,-1,-1,48,8,48,13,packages\safer-buffer\safer.js,0,237
311,NewExpression,nan,1,-1,-1,30,12,30,107,packages\safer-buffer\safer.js,0,238
312,Identifier,value,-1,-1,-1,29,15,29,20,packages\safer-buffer\safer.js,0,239
313,NewExpression,nan,1,-1,-1,33,12,33,155,packages\safer-buffer\safer.js,0,240
314,UnaryExpression,nan,1,-1,-1,32,17,32,36,packages\safer-buffer\safer.js,0,241
316,NewExpression,nan,1,-1,-1,42,12,42,101,packages\safer-buffer\safer.js,0,242
317,Identifier,size,-1,-1,-1,41,15,41,19,packages\safer-buffer\safer.js,0,243
318,NewExpression,nan,1,-1,-1,45,12,45,83,packages\safer-buffer\safer.js,0,244
319,Identifier,size,-1,-1,-1,44,8,44,12,packages\safer-buffer\safer.js,0,245
321,Identifier,size,-1,-1,-1,44,20,44,24,packages\safer-buffer\safer.js,0,246
323,CallExpression,nan,1,-1,-1,49,6,49,17,packages\safer-buffer\safer.js,0,247
324,Identifier,fill,-1,-1,-1,48,9,48,13,packages\safer-buffer\safer.js,0,248
325,MemberExpression,nan,-1,-1,-1,48,17,48,28,packages\safer-buffer\safer.js,0,249
328,Identifier,TypeError,-1,-1,-1,30,16,30,25,packages\safer-buffer\safer.js,0,250
330,Identifier,TypeError,-1,-1,-1,33,16,33,25,packages\safer-buffer\safer.js,0,251
331,MemberExpression,nan,-1,-1,-1,32,24,32,36,packages\safer-buffer\safer.js,0,252
333,Identifier,TypeError,-1,-1,-1,42,16,42,25,packages\safer-buffer\safer.js,0,253
335,Identifier,RangeError,-1,-1,-1,45,16,45,26,packages\safer-buffer\safer.js,0,254
339,MemberExpression,nan,-1,-1,-1,49,6,49,14,packages\safer-buffer\safer.js,0,255
341,UnaryExpression,nan,1,-1,-1,30,94,30,106,packages\safer-buffer\safer.js,0,256
343,UnaryExpression,nan,1,-1,-1,33,142,33,154,packages\safer-buffer\safer.js,0,257
345,UnaryExpression,nan,1,-1,-1,42,89,42,100,packages\safer-buffer\safer.js,0,258
350,Identifier,value,-1,-1,-1,30,101,30,106,packages\safer-buffer\safer.js,0,259
351,Identifier,value,-1,-1,-1,33,149,33,154,packages\safer-buffer\safer.js,0,260
352,Identifier,size,-1,-1,-1,42,96,42,100,packages\safer-buffer\safer.js,0,261
354,Identifier,size,-1,-1,-1,45,43,45,47,packages\safer-buffer\safer.js,0,262
355,Program,nan,-1,-1,-1,3,0,406,2,packages\safer-buffer\tests.js,1,263
357,VariableDeclaration,nan,-1,-1,-1,5,0,5,26,packages\safer-buffer\tests.js,1,264
358,VariableDeclaration,nan,-1,-1,-1,7,0,7,30,packages\safer-buffer\tests.js,1,265
359,VariableDeclaration,nan,-1,-1,-1,9,0,9,25,packages\safer-buffer\tests.js,1,266
360,VariableDeclaration,nan,-1,-1,-1,10,0,10,30,packages\safer-buffer\tests.js,1,267
361,VariableDeclaration,nan,-1,-1,-1,11,0,11,38,packages\safer-buffer\tests.js,1,268
385,CallExpression,nan,2,-1,-1,15,0,20,2,packages\safer-buffer\tests.js,1,269
386,CallExpression,nan,2,-1,-1,22,0,32,2,packages\safer-buffer\tests.js,1,270
387,CallExpression,nan,2,-1,-1,34,0,46,2,packages\safer-buffer\tests.js,1,271
388,CallExpression,nan,2,-1,-1,48,0,54,2,packages\safer-buffer\tests.js,1,272
389,CallExpression,nan,2,-1,-1,56,0,66,2,packages\safer-buffer\tests.js,1,273
390,CallExpression,nan,2,-1,-1,68,0,76,2,packages\safer-buffer\tests.js,1,274
391,CallExpression,nan,2,-1,-1,78,0,87,2,packages\safer-buffer\tests.js,1,275
392,CallExpression,nan,2,-1,-1,89,0,98,2,packages\safer-buffer\tests.js,1,276
393,CallExpression,nan,2,-1,-1,100,0,106,2,packages\safer-buffer\tests.js,1,277
394,CallExpression,nan,2,-1,-1,108,0,125,2,packages\safer-buffer\tests.js,1,278
395,CallExpression,nan,2,-1,-1,127,0,145,2,packages\safer-buffer\tests.js,1,279
396,CallExpression,nan,2,-1,-1,149,0,170,2,packages\safer-buffer\tests.js,1,280
397,CallExpression,nan,2,-1,-1,172,0,193,2,packages\safer-buffer\tests.js,1,281
398,CallExpression,nan,2,-1,-1,195,0,247,2,packages\safer-buffer\tests.js,1,282
399,CallExpression,nan,2,-1,-1,249,0,266,2,packages\safer-buffer\tests.js,1,283
400,CallExpression,nan,2,-1,-1,268,0,285,2,packages\safer-buffer\tests.js,1,284
401,CallExpression,nan,2,-1,-1,287,0,307,2,packages\safer-buffer\tests.js,1,285
402,CallExpression,nan,2,-1,-1,309,0,330,2,packages\safer-buffer\tests.js,1,286
403,CallExpression,nan,2,-1,-1,332,0,348,2,packages\safer-buffer\tests.js,1,287
404,CallExpression,nan,2,-1,-1,350,0,379,2,packages\safer-buffer\tests.js,1,288
405,CallExpression,nan,2,-1,-1,381,0,392,2,packages\safer-buffer\tests.js,1,289
406,CallExpression,nan,2,-1,-1,394,0,406,2,packages\safer-buffer\tests.js,1,290
408,FunctionExpression,nan,-1,1,0,15,25,20,1,packages\safer-buffer\tests.js,1,291
409,Identifier,test,-1,-1,-1,15,0,15,4,packages\safer-buffer\tests.js,1,292
411,FunctionExpression,nan,-1,1,0,22,26,32,1,packages\safer-buffer\tests.js,1,293
412,Identifier,test,-1,-1,-1,22,0,22,4,packages\safer-buffer\tests.js,1,294
414,FunctionExpression,nan,-1,1,0,34,27,46,1,packages\safer-buffer\tests.js,1,295
415,Identifier,test,-1,-1,-1,34,0,34,4,packages\safer-buffer\tests.js,1,296
417,FunctionExpression,nan,-1,1,0,48,27,54,1,packages\safer-buffer\tests.js,1,297
418,Identifier,test,-1,-1,-1,48,0,48,4,packages\safer-buffer\tests.js,1,298
420,FunctionExpression,nan,-1,1,0,56,47,66,1,packages\safer-buffer\tests.js,1,299
421,Identifier,test,-1,-1,-1,56,0,56,4,packages\safer-buffer\tests.js,1,300
423,FunctionExpression,nan,-1,1,0,68,57,76,1,packages\safer-buffer\tests.js,1,301
424,Identifier,test,-1,-1,-1,68,0,68,4,packages\safer-buffer\tests.js,1,302
426,FunctionExpression,nan,-1,1,0,78,64,87,1,packages\safer-buffer\tests.js,1,303
427,Identifier,test,-1,-1,-1,78,0,78,4,packages\safer-buffer\tests.js,1,304
429,FunctionExpression,nan,-1,1,0,89,64,98,1,packages\safer-buffer\tests.js,1,305
430,Identifier,test,-1,-1,-1,89,0,89,4,packages\safer-buffer\tests.js,1,306
432,FunctionExpression,nan,-1,1,0,100,51,106,1,packages\safer-buffer\tests.js,1,307
433,Identifier,test,-1,-1,-1,100,0,100,4,packages\safer-buffer\tests.js,1,308
435,FunctionExpression,nan,-1,1,0,108,51,125,1,packages\safer-buffer\tests.js,1,309
436,Identifier,test,-1,-1,-1,108,0,108,4,packages\safer-buffer\tests.js,1,310
438,FunctionExpression,nan,-1,1,0,127,65,145,1,packages\safer-buffer\tests.js,1,311
439,Identifier,test,-1,-1,-1,127,0,127,4,packages\safer-buffer\tests.js,1,312
441,FunctionExpression,nan,-1,1,0,149,31,170,1,packages\safer-buffer\tests.js,1,313
442,Identifier,test,-1,-1,-1,149,0,149,4,packages\safer-buffer\tests.js,1,314
444,FunctionExpression,nan,-1,1,0,172,37,193,1,packages\safer-buffer\tests.js,1,315
445,Identifier,test,-1,-1,-1,172,0,172,4,packages\safer-buffer\tests.js,1,316
447,FunctionExpression,nan,-1,1,0,195,28,247,1,packages\safer-buffer\tests.js,1,317
448,Identifier,test,-1,-1,-1,195,0,195,4,packages\safer-buffer\tests.js,1,318
450,FunctionExpression,nan,-1,1,0,249,41,266,1,packages\safer-buffer\tests.js,1,319
451,Identifier,test,-1,-1,-1,249,0,249,4,packages\safer-buffer\tests.js,1,320
453,FunctionExpression,nan,-1,1,0,268,45,285,1,packages\safer-buffer\tests.js,1,321
454,Identifier,test,-1,-1,-1,268,0,268,4,packages\safer-buffer\tests.js,1,322
456,FunctionExpression,nan,-1,1,0,287,59,307,1,packages\safer-buffer\tests.js,1,323
457,Identifier,test,-1,-1,-1,287,0,287,4,packages\safer-buffer\tests.js,1,324
459,FunctionExpression,nan,-1,1,0,309,78,330,1,packages\safer-buffer\tests.js,1,325
460,Identifier,test,-1,-1,-1,309,0,309,4,packages\safer-buffer\tests.js,1,326
462,FunctionExpression,nan,-1,1,0,332,44,348,1,packages\safer-buffer\tests.js,1,327
463,Identifier,test,-1,-1,-1,332,0,332,4,packages\safer-buffer\tests.js,1,328
465,FunctionExpression,nan,-1,1,0,350,44,379,1,packages\safer-buffer\tests.js,1,329
466,Identifier,test,-1,-1,-1,350,0,350,4,packages\safer-buffer\tests.js,1,330
468,FunctionExpression,nan,-1,1,0,381,69,392,1,packages\safer-buffer\tests.js,1,331
469,Identifier,test,-1,-1,-1,381,0,381,4,packages\safer-buffer\tests.js,1,332
471,FunctionExpression,nan,-1,1,0,394,53,406,1,packages\safer-buffer\tests.js,1,333
472,Identifier,test,-1,-1,-1,394,0,394,4,packages\safer-buffer\tests.js,1,334
473,Identifier,t,-1,-1,-1,15,35,15,36,packages\safer-buffer\tests.js,1,335
475,BlockStatement,nan,-1,-1,-1,15,38,20,1,packages\safer-buffer\tests.js,1,336
476,Identifier,t,-1,-1,-1,22,36,22,37,packages\safer-buffer\tests.js,1,337
478,BlockStatement,nan,-1,-1,-1,22,39,32,1,packages\safer-buffer\tests.js,1,338
479,Identifier,t,-1,-1,-1,34,37,34,38,packages\safer-buffer\tests.js,1,339
481,BlockStatement,nan,-1,-1,-1,34,40,46,1,packages\safer-buffer\tests.js,1,340
482,Identifier,t,-1,-1,-1,48,37,48,38,packages\safer-buffer\tests.js,1,341
484,BlockStatement,nan,-1,-1,-1,48,40,54,1,packages\safer-buffer\tests.js,1,342
485,Identifier,t,-1,-1,-1,56,57,56,58,packages\safer-buffer\tests.js,1,343
487,BlockStatement,nan,-1,-1,-1,56,60,66,1,packages\safer-buffer\tests.js,1,344
488,Identifier,t,-1,-1,-1,68,67,68,68,packages\safer-buffer\tests.js,1,345
490,BlockStatement,nan,-1,-1,-1,68,70,76,1,packages\safer-buffer\tests.js,1,346
491,Identifier,t,-1,-1,-1,78,74,78,75,packages\safer-buffer\tests.js,1,347
493,BlockStatement,nan,-1,-1,-1,78,77,87,1,packages\safer-buffer\tests.js,1,348
494,Identifier,t,-1,-1,-1,89,74,89,75,packages\safer-buffer\tests.js,1,349
496,BlockStatement,nan,-1,-1,-1,89,77,98,1,packages\safer-buffer\tests.js,1,350
497,Identifier,t,-1,-1,-1,100,61,100,62,packages\safer-buffer\tests.js,1,351
499,BlockStatement,nan,-1,-1,-1,100,64,106,1,packages\safer-buffer\tests.js,1,352
500,Identifier,t,-1,-1,-1,108,61,108,62,packages\safer-buffer\tests.js,1,353
502,BlockStatement,nan,-1,-1,-1,108,64,125,1,packages\safer-buffer\tests.js,1,354
503,Identifier,t,-1,-1,-1,127,75,127,76,packages\safer-buffer\tests.js,1,355
505,BlockStatement,nan,-1,-1,-1,127,78,145,1,packages\safer-buffer\tests.js,1,356
506,Identifier,t,-1,-1,-1,149,41,149,42,packages\safer-buffer\tests.js,1,357
508,BlockStatement,nan,-1,-1,-1,149,44,170,1,packages\safer-buffer\tests.js,1,358
509,Identifier,t,-1,-1,-1,172,47,172,48,packages\safer-buffer\tests.js,1,359
511,BlockStatement,nan,-1,-1,-1,172,50,193,1,packages\safer-buffer\tests.js,1,360
512,Identifier,t,-1,-1,-1,195,38,195,39,packages\safer-buffer\tests.js,1,361
514,BlockStatement,nan,-1,-1,-1,195,41,247,1,packages\safer-buffer\tests.js,1,362
515,Identifier,t,-1,-1,-1,249,51,249,52,packages\safer-buffer\tests.js,1,363
517,BlockStatement,nan,-1,-1,-1,249,54,266,1,packages\safer-buffer\tests.js,1,364
518,Identifier,t,-1,-1,-1,268,55,268,56,packages\safer-buffer\tests.js,1,365
520,BlockStatement,nan,-1,-1,-1,268,58,285,1,packages\safer-buffer\tests.js,1,366
521,Identifier,t,-1,-1,-1,287,69,287,70,packages\safer-buffer\tests.js,1,367
523,BlockStatement,nan,-1,-1,-1,287,72,307,1,packages\safer-buffer\tests.js,1,368
524,Identifier,t,-1,-1,-1,309,88,309,89,packages\safer-buffer\tests.js,1,369
526,BlockStatement,nan,-1,-1,-1,309,91,330,1,packages\safer-buffer\tests.js,1,370
527,Identifier,t,-1,-1,-1,332,54,332,55,packages\safer-buffer\tests.js,1,371
529,BlockStatement,nan,-1,-1,-1,332,57,348,1,packages\safer-buffer\tests.js,1,372
530,Identifier,t,-1,-1,-1,350,54,350,55,packages\safer-buffer\tests.js,1,373
532,BlockStatement,nan,-1,-1,-1,350,57,379,1,packages\safer-buffer\tests.js,1,374
533,Identifier,t,-1,-1,-1,381,79,381,80,packages\safer-buffer\tests.js,1,375
535,BlockStatement,nan,-1,-1,-1,381,82,392,1,packages\safer-buffer\tests.js,1,376
536,Identifier,t,-1,-1,-1,394,63,394,64,packages\safer-buffer\tests.js,1,377
538,BlockStatement,nan,-1,-1,-1,394,66,406,1,packages\safer-buffer\tests.js,1,378
581,VariableDeclaration,nan,-1,-1,-1,271,2,271,16,packages\safer-buffer\tests.js,1,379
587,VariableDeclaration,nan,-1,-1,-1,290,2,290,15,packages\safer-buffer\tests.js,1,380
588,ForStatement,nan,-1,-1,-1,291,2,304,3,packages\safer-buffer\tests.js,1,381
595,VariableDeclaration,nan,-1,-1,-1,335,2,335,15,packages\safer-buffer\tests.js,1,382
596,ForStatement,nan,-1,-1,-1,336,2,345,3,packages\safer-buffer\tests.js,1,383
601,VariableDeclaration,nan,-1,-1,-1,353,2,353,15,packages\safer-buffer\tests.js,1,384
602,ForStatement,nan,-1,-1,-1,354,2,363,3,packages\safer-buffer\tests.js,1,385
606,VariableDeclaration,nan,-1,-1,-1,368,2,368,32,packages\safer-buffer\tests.js,1,386
608,IfStatement,nan,-1,-1,-1,370,2,375,3,packages\safer-buffer\tests.js,1,387
615,CallExpression,nan,2,-1,-1,16,2,16,23,packages\safer-buffer\tests.js,1,388
616,CallExpression,nan,2,-1,-1,17,2,17,30,packages\safer-buffer\tests.js,1,389
617,CallExpression,nan,2,-1,-1,18,2,18,30,packages\safer-buffer\tests.js,1,390
618,CallExpression,nan,0,-1,-1,19,2,19,9,packages\safer-buffer\tests.js,1,391
619,CallExpression,nan,1,-1,-1,23,2,26,4,packages\safer-buffer\tests.js,1,392
620,CallExpression,nan,1,-1,-1,27,2,30,4,packages\safer-buffer\tests.js,1,393
621,CallExpression,nan,0,-1,-1,31,2,31,9,packages\safer-buffer\tests.js,1,394
622,CallExpression,nan,1,-1,-1,35,2,44,4,packages\safer-buffer\tests.js,1,395
623,CallExpression,nan,0,-1,-1,45,2,45,9,packages\safer-buffer\tests.js,1,396
624,CallExpression,nan,1,-1,-1,49,2,52,4,packages\safer-buffer\tests.js,1,397
625,CallExpression,nan,0,-1,-1,53,2,53,9,packages\safer-buffer\tests.js,1,398
626,CallExpression,nan,1,-1,-1,57,2,60,4,packages\safer-buffer\tests.js,1,399
627,CallExpression,nan,1,-1,-1,61,2,64,4,packages\safer-buffer\tests.js,1,400
628,CallExpression,nan,0,-1,-1,65,2,65,9,packages\safer-buffer\tests.js,1,401
629,CallExpression,nan,1,-1,-1,69,2,74,4,packages\safer-buffer\tests.js,1,402
630,CallExpression,nan,0,-1,-1,75,2,75,9,packages\safer-buffer\tests.js,1,403
631,CallExpression,nan,1,-1,-1,79,2,85,4,packages\safer-buffer\tests.js,1,404
632,CallExpression,nan,0,-1,-1,86,2,86,9,packages\safer-buffer\tests.js,1,405
633,CallExpression,nan,1,-1,-1,90,2,96,4,packages\safer-buffer\tests.js,1,406
634,CallExpression,nan,0,-1,-1,97,2,97,9,packages\safer-buffer\tests.js,1,407
635,CallExpression,nan,1,-1,-1,101,2,104,4,packages\safer-buffer\tests.js,1,408
636,CallExpression,nan,0,-1,-1,105,2,105,9,packages\safer-buffer\tests.js,1,409
637,CallExpression,nan,1,-1,-1,109,2,117,4,packages\safer-buffer\tests.js,1,410
638,CallExpression,nan,1,-1,-1,118,2,123,4,packages\safer-buffer\tests.js,1,411
639,CallExpression,nan,0,-1,-1,124,2,124,9,packages\safer-buffer\tests.js,1,412
640,CallExpression,nan,1,-1,-1,128,2,136,4,packages\safer-buffer\tests.js,1,413
641,CallExpression,nan,1,-1,-1,137,2,143,4,packages\safer-buffer\tests.js,1,414
642,CallExpression,nan,0,-1,-1,144,2,144,9,packages\safer-buffer\tests.js,1,415
643,CallExpression,nan,1,-1,-1,150,2,164,4,packages\safer-buffer\tests.js,1,416
644,CallExpression,nan,1,-1,-1,165,2,168,4,packages\safer-buffer\tests.js,1,417
645,CallExpression,nan,0,-1,-1,169,2,169,9,packages\safer-buffer\tests.js,1,418
646,CallExpression,nan,1,-1,-1,173,2,187,4,packages\safer-buffer\tests.js,1,419
647,CallExpression,nan,1,-1,-1,188,2,191,4,packages\safer-buffer\tests.js,1,420
648,CallExpression,nan,0,-1,-1,192,2,192,9,packages\safer-buffer\tests.js,1,421
649,CallExpression,nan,1,-1,-1,196,2,225,4,packages\safer-buffer\tests.js,1,422
650,CallExpression,nan,1,-1,-1,226,2,245,4,packages\safer-buffer\tests.js,1,423
651,CallExpression,nan,0,-1,-1,246,2,246,9,packages\safer-buffer\tests.js,1,424
652,CallExpression,nan,1,-1,-1,250,2,260,4,packages\safer-buffer\tests.js,1,425
653,CallExpression,nan,1,-1,-1,261,2,264,4,packages\safer-buffer\tests.js,1,426
654,CallExpression,nan,0,-1,-1,265,2,265,9,packages\safer-buffer\tests.js,1,427
655,CallExpression,nan,2,-1,-1,269,2,269,49,packages\safer-buffer\tests.js,1,428
656,CallExpression,nan,2,-1,-1,270,2,270,53,packages\safer-buffer\tests.js,1,429
657,CallExpression,nan,1,-1,-1,272,2,282,4,packages\safer-buffer\tests.js,1,430
658,CallExpression,nan,1,-1,-1,283,2,283,10,packages\safer-buffer\tests.js,1,431
659,CallExpression,nan,0,-1,-1,284,2,284,9,packages\safer-buffer\tests.js,1,432
660,CallExpression,nan,2,-1,-1,288,2,288,49,packages\safer-buffer\tests.js,1,433
661,CallExpression,nan,2,-1,-1,289,2,289,53,packages\safer-buffer\tests.js,1,434
663,BlockStatement,nan,-1,-1,-1,291,32,304,3,packages\safer-buffer\tests.js,1,435
664,CallExpression,nan,1,-1,-1,305,2,305,10,packages\safer-buffer\tests.js,1,436
665,CallExpression,nan,0,-1,-1,306,2,306,9,packages\safer-buffer\tests.js,1,437
666,CallExpression,nan,1,-1,-1,310,2,328,4,packages\safer-buffer\tests.js,1,438
667,CallExpression,nan,0,-1,-1,329,2,329,9,packages\safer-buffer\tests.js,1,439
668,CallExpression,nan,2,-1,-1,333,2,333,49,packages\safer-buffer\tests.js,1,440
669,CallExpression,nan,2,-1,-1,334,2,334,53,packages\safer-buffer\tests.js,1,441
671,BlockStatement,nan,-1,-1,-1,336,32,345,3,packages\safer-buffer\tests.js,1,442
672,CallExpression,nan,1,-1,-1,346,2,346,10,packages\safer-buffer\tests.js,1,443
673,CallExpression,nan,0,-1,-1,347,2,347,9,packages\safer-buffer\tests.js,1,444
674,CallExpression,nan,2,-1,-1,351,2,351,49,packages\safer-buffer\tests.js,1,445
675,CallExpression,nan,2,-1,-1,352,2,352,53,packages\safer-buffer\tests.js,1,446
677,BlockStatement,nan,-1,-1,-1,354,32,363,3,packages\safer-buffer\tests.js,1,447
678,CallExpression,nan,1,-1,-1,364,2,364,10,packages\safer-buffer\tests.js,1,448
679,CallExpression,nan,2,-1,-1,365,2,365,68,packages\safer-buffer\tests.js,1,449
680,CallExpression,nan,2,-1,-1,366,2,366,71,packages\safer-buffer\tests.js,1,450
681,CallExpression,nan,1,-1,-1,369,2,369,16,packages\safer-buffer\tests.js,1,451
682,BlockStatement,nan,-1,-1,-1,370,25,373,3,packages\safer-buffer\tests.js,1,452
684,CallExpression,nan,2,-1,-1,376,2,376,73,packages\safer-buffer\tests.js,1,453
685,CallExpression,nan,0,-1,-1,378,2,378,9,packages\safer-buffer\tests.js,1,454
686,CallExpression,nan,1,-1,-1,382,2,390,4,packages\safer-buffer\tests.js,1,455
687,CallExpression,nan,0,-1,-1,391,2,391,9,packages\safer-buffer\tests.js,1,456
688,CallExpression,nan,1,-1,-1,395,2,404,4,packages\safer-buffer\tests.js,1,457
689,CallExpression,nan,0,-1,-1,405,2,405,9,packages\safer-buffer\tests.js,1,458
690,Identifier,index,-1,-1,-1,16,10,16,15,packages\safer-buffer\tests.js,1,459
691,Identifier,safer,-1,-1,-1,16,17,16,22,packages\safer-buffer\tests.js,1,460
692,MemberExpression,nan,-1,-1,-1,16,2,16,9,packages\safer-buffer\tests.js,1,461
693,Identifier,safer,-1,-1,-1,17,13,17,18,packages\safer-buffer\tests.js,1,462
694,Identifier,dangerous,-1,-1,-1,17,20,17,29,packages\safer-buffer\tests.js,1,463
695,MemberExpression,nan,-1,-1,-1,17,2,17,12,packages\safer-buffer\tests.js,1,464
696,Identifier,index,-1,-1,-1,18,13,18,18,packages\safer-buffer\tests.js,1,465
697,Identifier,dangerous,-1,-1,-1,18,20,18,29,packages\safer-buffer\tests.js,1,466
698,MemberExpression,nan,-1,-1,-1,18,2,18,12,packages\safer-buffer\tests.js,1,467
699,MemberExpression,nan,-1,-1,-1,19,2,19,7,packages\safer-buffer\tests.js,1,468
700,FunctionExpression,nan,-1,1,0,23,36,26,3,packages\safer-buffer\tests.js,1,469
701,MemberExpression,nan,-1,-1,-1,23,2,23,35,packages\safer-buffer\tests.js,1,470
702,FunctionExpression,nan,-1,1,0,27,19,30,3,packages\safer-buffer\tests.js,1,471
703,MemberExpression,nan,-1,-1,-1,27,2,27,18,packages\safer-buffer\tests.js,1,472
704,MemberExpression,nan,-1,-1,-1,31,2,31,7,packages\safer-buffer\tests.js,1,473
705,FunctionExpression,nan,-1,1,0,35,36,44,3,packages\safer-buffer\tests.js,1,474
706,MemberExpression,nan,-1,-1,-1,35,2,35,35,packages\safer-buffer\tests.js,1,475
707,MemberExpression,nan,-1,-1,-1,45,2,45,7,packages\safer-buffer\tests.js,1,476
708,FunctionExpression,nan,-1,1,0,49,36,52,3,packages\safer-buffer\tests.js,1,477
709,MemberExpression,nan,-1,-1,-1,49,2,49,35,packages\safer-buffer\tests.js,1,478
710,MemberExpression,nan,-1,-1,-1,53,2,53,7,packages\safer-buffer\tests.js,1,479
711,FunctionExpression,nan,-1,1,0,57,25,60,3,packages\safer-buffer\tests.js,1,480
712,MemberExpression,nan,-1,-1,-1,57,2,57,24,packages\safer-buffer\tests.js,1,481
713,FunctionExpression,nan,-1,1,0,61,22,64,3,packages\safer-buffer\tests.js,1,482
714,MemberExpression,nan,-1,-1,-1,61,2,61,21,packages\safer-buffer\tests.js,1,483
715,MemberExpression,nan,-1,-1,-1,65,2,65,7,packages\safer-buffer\tests.js,1,484
716,FunctionExpression,nan,-1,1,0,69,59,74,3,packages\safer-buffer\tests.js,1,485
717,MemberExpression,nan,-1,-1,-1,69,2,69,58,packages\safer-buffer\tests.js,1,486
718,MemberExpression,nan,-1,-1,-1,75,2,75,7,packages\safer-buffer\tests.js,1,487
719,FunctionExpression,nan,-1,1,1,79,30,85,3,packages\safer-buffer\tests.js,1,488
720,MemberExpression,nan,-1,-1,-1,79,2,79,29,packages\safer-buffer\tests.js,1,489
721,MemberExpression,nan,-1,-1,-1,86,2,86,7,packages\safer-buffer\tests.js,1,490
722,FunctionExpression,nan,-1,1,1,90,37,96,3,packages\safer-buffer\tests.js,1,491
723,MemberExpression,nan,-1,-1,-1,90,2,90,36,packages\safer-buffer\tests.js,1,492
724,MemberExpression,nan,-1,-1,-1,97,2,97,7,packages\safer-buffer\tests.js,1,493
725,FunctionExpression,nan,-1,1,0,101,36,104,3,packages\safer-buffer\tests.js,1,494
726,MemberExpression,nan,-1,-1,-1,101,2,101,35,packages\safer-buffer\tests.js,1,495
727,MemberExpression,nan,-1,-1,-1,105,2,105,7,packages\safer-buffer\tests.js,1,496
728,FunctionExpression,nan,-1,1,1,109,29,117,3,packages\safer-buffer\tests.js,1,497
729,MemberExpression,nan,-1,-1,-1,109,2,109,28,packages\safer-buffer\tests.js,1,498
730,FunctionExpression,nan,-1,1,0,118,36,123,3,packages\safer-buffer\tests.js,1,499
731,MemberExpression,nan,-1,-1,-1,118,2,118,35,packages\safer-buffer\tests.js,1,500
732,MemberExpression,nan,-1,-1,-1,124,2,124,7,packages\safer-buffer\tests.js,1,501
733,FunctionExpression,nan,-1,1,1,128,33,136,3,packages\safer-buffer\tests.js,1,502
734,MemberExpression,nan,-1,-1,-1,128,2,128,32,packages\safer-buffer\tests.js,1,503
735,FunctionExpression,nan,-1,1,1,137,40,143,3,packages\safer-buffer\tests.js,1,504
736,MemberExpression,nan,-1,-1,-1,137,2,137,39,packages\safer-buffer\tests.js,1,505
737,MemberExpression,nan,-1,-1,-1,144,2,144,7,packages\safer-buffer\tests.js,1,506
738,FunctionExpression,nan,-1,1,0,150,36,164,3,packages\safer-buffer\tests.js,1,507
739,MemberExpression,nan,-1,-1,-1,150,2,150,35,packages\safer-buffer\tests.js,1,508
740,FunctionExpression,nan,-1,1,0,165,45,168,3,packages\safer-buffer\tests.js,1,509
741,MemberExpression,nan,-1,-1,-1,165,2,165,44,packages\safer-buffer\tests.js,1,510
742,MemberExpression,nan,-1,-1,-1,169,2,169,7,packages\safer-buffer\tests.js,1,511
743,FunctionExpression,nan,-1,1,0,173,36,187,3,packages\safer-buffer\tests.js,1,512
744,MemberExpression,nan,-1,-1,-1,173,2,173,35,packages\safer-buffer\tests.js,1,513
745,FunctionExpression,nan,-1,1,0,188,23,191,3,packages\safer-buffer\tests.js,1,514
746,MemberExpression,nan,-1,-1,-1,188,2,188,22,packages\safer-buffer\tests.js,1,515
747,MemberExpression,nan,-1,-1,-1,192,2,192,7,packages\safer-buffer\tests.js,1,516
748,FunctionExpression,nan,-1,1,0,196,36,225,3,packages\safer-buffer\tests.js,1,517
749,MemberExpression,nan,-1,-1,-1,196,2,196,35,packages\safer-buffer\tests.js,1,518
750,FunctionExpression,nan,-1,1,0,226,45,245,3,packages\safer-buffer\tests.js,1,519
751,MemberExpression,nan,-1,-1,-1,226,2,226,44,packages\safer-buffer\tests.js,1,520
752,MemberExpression,nan,-1,-1,-1,246,2,246,7,packages\safer-buffer\tests.js,1,521
753,FunctionExpression,nan,-1,1,0,250,36,260,3,packages\safer-buffer\tests.js,1,522
754,MemberExpression,nan,-1,-1,-1,250,2,250,35,packages\safer-buffer\tests.js,1,523
755,FunctionExpression,nan,-1,1,0,261,45,264,3,packages\safer-buffer\tests.js,1,524
756,MemberExpression,nan,-1,-1,-1,261,2,261,44,packages\safer-buffer\tests.js,1,525
757,MemberExpression,nan,-1,-1,-1,265,2,265,7,packages\safer-buffer\tests.js,1,526
758,MemberExpression,nan,-1,-1,-1,269,10,269,28,packages\safer-buffer\tests.js,1,527
759,MemberExpression,nan,-1,-1,-1,269,30,269,48,packages\safer-buffer\tests.js,1,528
760,MemberExpression,nan,-1,-1,-1,269,2,269,9,packages\safer-buffer\tests.js,1,529
761,MemberExpression,nan,-1,-1,-1,270,10,270,28,packages\safer-buffer\tests.js,1,530
762,MemberExpression,nan,-1,-1,-1,270,30,270,52,packages\safer-buffer\tests.js,1,531
763,MemberExpression,nan,-1,-1,-1,270,2,270,9,packages\safer-buffer\tests.js,1,532
764,FunctionExpression,nan,-1,1,0,275,12,282,3,packages\safer-buffer\tests.js,1,533
765,MemberExpression,nan,-1,-1,-1,272,2,275,11,packages\safer-buffer\tests.js,1,534
766,Identifier,ok,-1,-1,-1,283,7,283,9,packages\safer-buffer\tests.js,1,535
767,MemberExpression,nan,-1,-1,-1,283,2,283,6,packages\safer-buffer\tests.js,1,536
768,MemberExpression,nan,-1,-1,-1,284,2,284,7,packages\safer-buffer\tests.js,1,537
769,MemberExpression,nan,-1,-1,-1,288,10,288,28,packages\safer-buffer\tests.js,1,538
770,MemberExpression,nan,-1,-1,-1,288,30,288,48,packages\safer-buffer\tests.js,1,539
771,MemberExpression,nan,-1,-1,-1,288,2,288,9,packages\safer-buffer\tests.js,1,540
772,MemberExpression,nan,-1,-1,-1,289,10,289,28,packages\safer-buffer\tests.js,1,541
773,MemberExpression,nan,-1,-1,-1,289,30,289,52,packages\safer-buffer\tests.js,1,542
774,MemberExpression,nan,-1,-1,-1,289,2,289,9,packages\safer-buffer\tests.js,1,543
775,Identifier,i,-1,-1,-1,291,18,291,19,packages\safer-buffer\tests.js,1,544
777,VariableDeclaration,nan,-1,-1,-1,292,4,292,48,packages\safer-buffer\tests.js,1,545
778,VariableDeclaration,nan,-1,-1,-1,293,4,293,40,packages\safer-buffer\tests.js,1,546
779,IfStatement,nan,-1,-1,-1,294,4,294,48,packages\safer-buffer\tests.js,1,547
780,IfStatement,nan,-1,-1,-1,295,4,295,41,packages\safer-buffer\tests.js,1,548
781,VariableDeclaration,nan,-1,-1,-1,296,4,296,9,packages\safer-buffer\tests.js,1,549
782,ForStatement,nan,-1,-1,-1,297,4,299,5,packages\safer-buffer\tests.js,1,550
784,ForStatement,nan,-1,-1,-1,301,4,303,5,packages\safer-buffer\tests.js,1,551
785,Identifier,ok,-1,-1,-1,305,7,305,9,packages\safer-buffer\tests.js,1,552
786,MemberExpression,nan,-1,-1,-1,305,2,305,6,packages\safer-buffer\tests.js,1,553
787,MemberExpression,nan,-1,-1,-1,306,2,306,7,packages\safer-buffer\tests.js,1,554
788,FunctionExpression,nan,-1,1,0,310,45,328,3,packages\safer-buffer\tests.js,1,555
789,MemberExpression,nan,-1,-1,-1,310,2,310,44,packages\safer-buffer\tests.js,1,556
790,MemberExpression,nan,-1,-1,-1,329,2,329,7,packages\safer-buffer\tests.js,1,557
791,MemberExpression,nan,-1,-1,-1,333,10,333,28,packages\safer-buffer\tests.js,1,558
792,MemberExpression,nan,-1,-1,-1,333,30,333,48,packages\safer-buffer\tests.js,1,559
793,MemberExpression,nan,-1,-1,-1,333,2,333,9,packages\safer-buffer\tests.js,1,560
794,MemberExpression,nan,-1,-1,-1,334,10,334,28,packages\safer-buffer\tests.js,1,561
795,MemberExpression,nan,-1,-1,-1,334,30,334,52,packages\safer-buffer\tests.js,1,562
796,MemberExpression,nan,-1,-1,-1,334,2,334,9,packages\safer-buffer\tests.js,1,563
797,Identifier,i,-1,-1,-1,336,18,336,19,packages\safer-buffer\tests.js,1,564
799,VariableDeclaration,nan,-1,-1,-1,337,4,337,48,packages\safer-buffer\tests.js,1,565
800,VariableDeclaration,nan,-1,-1,-1,338,4,338,46,packages\safer-buffer\tests.js,1,566
801,VariableDeclaration,nan,-1,-1,-1,339,4,339,46,packages\safer-buffer\tests.js,1,567
802,IfStatement,nan,-1,-1,-1,340,4,340,48,packages\safer-buffer\tests.js,1,568
803,IfStatement,nan,-1,-1,-1,341,4,341,41,packages\safer-buffer\tests.js,1,569
804,ForStatement,nan,-1,-1,-1,342,4,344,5,packages\safer-buffer\tests.js,1,570
805,Identifier,ok,-1,-1,-1,346,7,346,9,packages\safer-buffer\tests.js,1,571
806,MemberExpression,nan,-1,-1,-1,346,2,346,6,packages\safer-buffer\tests.js,1,572
807,MemberExpression,nan,-1,-1,-1,347,2,347,7,packages\safer-buffer\tests.js,1,573
808,MemberExpression,nan,-1,-1,-1,351,10,351,28,packages\safer-buffer\tests.js,1,574
809,MemberExpression,nan,-1,-1,-1,351,30,351,48,packages\safer-buffer\tests.js,1,575
810,MemberExpression,nan,-1,-1,-1,351,2,351,9,packages\safer-buffer\tests.js,1,576
811,MemberExpression,nan,-1,-1,-1,352,10,352,28,packages\safer-buffer\tests.js,1,577
812,MemberExpression,nan,-1,-1,-1,352,30,352,52,packages\safer-buffer\tests.js,1,578
813,MemberExpression,nan,-1,-1,-1,352,2,352,9,packages\safer-buffer\tests.js,1,579
814,Identifier,i,-1,-1,-1,354,18,354,19,packages\safer-buffer\tests.js,1,580
816,VariableDeclaration,nan,-1,-1,-1,355,4,355,48,packages\safer-buffer\tests.js,1,581
817,VariableDeclaration,nan,-1,-1,-1,356,4,356,46,packages\safer-buffer\tests.js,1,582
818,VariableDeclaration,nan,-1,-1,-1,357,4,357,46,packages\safer-buffer\tests.js,1,583
819,IfStatement,nan,-1,-1,-1,358,4,358,48,packages\safer-buffer\tests.js,1,584
820,IfStatement,nan,-1,-1,-1,359,4,359,41,packages\safer-buffer\tests.js,1,585
821,ForStatement,nan,-1,-1,-1,360,4,362,5,packages\safer-buffer\tests.js,1,586
822,Identifier,ok,-1,-1,-1,364,7,364,9,packages\safer-buffer\tests.js,1,587
823,MemberExpression,nan,-1,-1,-1,364,2,364,6,packages\safer-buffer\tests.js,1,588
824,CallExpression,nan,2,-1,-1,365,14,365,40,packages\safer-buffer\tests.js,1,589
825,CallExpression,nan,2,-1,-1,365,42,365,67,packages\safer-buffer\tests.js,1,590
826,MemberExpression,nan,-1,-1,-1,365,2,365,13,packages\safer-buffer\tests.js,1,591
827,CallExpression,nan,2,-1,-1,366,17,366,43,packages\safer-buffer\tests.js,1,592
828,CallExpression,nan,2,-1,-1,366,45,366,70,packages\safer-buffer\tests.js,1,593
829,MemberExpression,nan,-1,-1,-1,366,2,366,16,packages\safer-buffer\tests.js,1,594
831,MemberExpression,nan,-1,-1,-1,369,2,369,10,packages\safer-buffer\tests.js,1,595
833,MemberExpression,nan,-1,-1,-1,370,6,370,12,packages\safer-buffer\tests.js,1,596
834,MemberExpression,nan,-1,-1,-1,370,17,370,23,packages\safer-buffer\tests.js,1,597
835,CallExpression,nan,2,-1,-1,376,17,376,44,packages\safer-buffer\tests.js,1,598
836,CallExpression,nan,1,-1,-1,376,46,376,72,packages\safer-buffer\tests.js,1,599
837,MemberExpression,nan,-1,-1,-1,376,2,376,16,packages\safer-buffer\tests.js,1,600
838,MemberExpression,nan,-1,-1,-1,378,2,378,7,packages\safer-buffer\tests.js,1,601
839,FunctionExpression,nan,-1,1,0,382,36,390,3,packages\safer-buffer\tests.js,1,602
840,MemberExpression,nan,-1,-1,-1,382,2,382,35,packages\safer-buffer\tests.js,1,603
841,MemberExpression,nan,-1,-1,-1,391,2,391,7,packages\safer-buffer\tests.js,1,604
842,FunctionExpression,nan,-1,1,0,395,36,404,3,packages\safer-buffer\tests.js,1,605
843,MemberExpression,nan,-1,-1,-1,395,2,395,35,packages\safer-buffer\tests.js,1,606
844,MemberExpression,nan,-1,-1,-1,405,2,405,7,packages\safer-buffer\tests.js,1,607
845,Identifier,impl,-1,-1,-1,23,46,23,50,packages\safer-buffer\tests.js,1,608
847,BlockStatement,nan,-1,-1,-1,23,52,26,3,packages\safer-buffer\tests.js,1,609
848,Identifier,impl,-1,-1,-1,27,29,27,33,packages\safer-buffer\tests.js,1,610
850,BlockStatement,nan,-1,-1,-1,27,35,30,3,packages\safer-buffer\tests.js,1,611
851,Identifier,impl,-1,-1,-1,35,46,35,50,packages\safer-buffer\tests.js,1,612
853,BlockStatement,nan,-1,-1,-1,35,52,44,3,packages\safer-buffer\tests.js,1,613
854,Identifier,impl,-1,-1,-1,49,46,49,50,packages\safer-buffer\tests.js,1,614
856,BlockStatement,nan,-1,-1,-1,49,52,52,3,packages\safer-buffer\tests.js,1,615
857,Identifier,impl,-1,-1,-1,57,35,57,39,packages\safer-buffer\tests.js,1,616
859,BlockStatement,nan,-1,-1,-1,57,41,60,3,packages\safer-buffer\tests.js,1,617
860,Identifier,impl,-1,-1,-1,61,32,61,36,packages\safer-buffer\tests.js,1,618
862,BlockStatement,nan,-1,-1,-1,61,38,64,3,packages\safer-buffer\tests.js,1,619
863,Identifier,method,-1,-1,-1,69,69,69,75,packages\safer-buffer\tests.js,1,620
865,BlockStatement,nan,-1,-1,-1,69,77,74,3,packages\safer-buffer\tests.js,1,621
866,Identifier,method,-1,-1,-1,79,40,79,46,packages\safer-buffer\tests.js,1,622
868,BlockStatement,nan,-1,-1,-1,79,48,85,3,packages\safer-buffer\tests.js,1,623
869,Identifier,method,-1,-1,-1,90,47,90,53,packages\safer-buffer\tests.js,1,624
871,BlockStatement,nan,-1,-1,-1,90,55,96,3,packages\safer-buffer\tests.js,1,625
872,Identifier,impl,-1,-1,-1,101,46,101,50,packages\safer-buffer\tests.js,1,626
874,BlockStatement,nan,-1,-1,-1,101,52,104,3,packages\safer-buffer\tests.js,1,627
875,Identifier,method,-1,-1,-1,109,39,109,45,packages\safer-buffer\tests.js,1,628
877,BlockStatement,nan,-1,-1,-1,109,47,117,3,packages\safer-buffer\tests.js,1,629
878,Identifier,method,-1,-1,-1,118,46,118,52,packages\safer-buffer\tests.js,1,630
880,BlockStatement,nan,-1,-1,-1,118,54,123,3,packages\safer-buffer\tests.js,1,631
881,Identifier,method,-1,-1,-1,128,43,128,49,packages\safer-buffer\tests.js,1,632
883,BlockStatement,nan,-1,-1,-1,128,51,136,3,packages\safer-buffer\tests.js,1,633
884,Identifier,method,-1,-1,-1,137,50,137,56,packages\safer-buffer\tests.js,1,634
886,BlockStatement,nan,-1,-1,-1,137,58,143,3,packages\safer-buffer\tests.js,1,635
887,Identifier,impl,-1,-1,-1,150,46,150,50,packages\safer-buffer\tests.js,1,636
889,BlockStatement,nan,-1,-1,-1,150,52,164,3,packages\safer-buffer\tests.js,1,637
890,Identifier,method,-1,-1,-1,165,55,165,61,packages\safer-buffer\tests.js,1,638
892,BlockStatement,nan,-1,-1,-1,165,63,168,3,packages\safer-buffer\tests.js,1,639
893,Identifier,impl,-1,-1,-1,173,46,173,50,packages\safer-buffer\tests.js,1,640
895,BlockStatement,nan,-1,-1,-1,173,52,187,3,packages\safer-buffer\tests.js,1,641
896,Identifier,arg,-1,-1,-1,188,33,188,36,packages\safer-buffer\tests.js,1,642
898,BlockStatement,nan,-1,-1,-1,188,38,191,3,packages\safer-buffer\tests.js,1,643
899,Identifier,impl,-1,-1,-1,196,46,196,50,packages\safer-buffer\tests.js,1,644
901,BlockStatement,nan,-1,-1,-1,196,52,225,3,packages\safer-buffer\tests.js,1,645
902,Identifier,method,-1,-1,-1,226,55,226,61,packages\safer-buffer\tests.js,1,646
904,BlockStatement,nan,-1,-1,-1,226,63,245,3,packages\safer-buffer\tests.js,1,647
905,Identifier,impl,-1,-1,-1,250,46,250,50,packages\safer-buffer\tests.js,1,648
907,BlockStatement,nan,-1,-1,-1,250,52,260,3,packages\safer-buffer\tests.js,1,649
908,Identifier,method,-1,-1,-1,261,55,261,61,packages\safer-buffer\tests.js,1,650
910,BlockStatement,nan,-1,-1,-1,261,63,264,3,packages\safer-buffer\tests.js,1,651
911,Identifier,method,-1,-1,-1,275,22,275,28,packages\safer-buffer\tests.js,1,652
913,BlockStatement,nan,-1,-1,-1,275,30,282,3,packages\safer-buffer\tests.js,1,653
915,UnaryExpression,nan,1,-1,-1,294,8,294,36,packages\safer-buffer\tests.js,1,654
919,BlockStatement,nan,-1,-1,-1,297,33,299,5,packages\safer-buffer\tests.js,1,655
920,CallExpression,nan,1,-1,-1,300,4,300,15,packages\safer-buffer\tests.js,1,656
922,BlockStatement,nan,-1,-1,-1,301,33,303,5,packages\safer-buffer\tests.js,1,657
923,Identifier,method,-1,-1,-1,310,55,310,61,packages\safer-buffer\tests.js,1,658
925,BlockStatement,nan,-1,-1,-1,310,63,328,3,packages\safer-buffer\tests.js,1,659
927,UnaryExpression,nan,1,-1,-1,340,8,340,36,packages\safer-buffer\tests.js,1,660
931,BlockStatement,nan,-1,-1,-1,342,37,344,5,packages\safer-buffer\tests.js,1,661
933,UnaryExpression,nan,1,-1,-1,358,8,358,36,packages\safer-buffer\tests.js,1,662
937,BlockStatement,nan,-1,-1,-1,360,37,362,5,packages\safer-buffer\tests.js,1,663
940,MemberExpression,nan,-1,-1,-1,365,14,365,32,packages\safer-buffer\tests.js,1,664
943,MemberExpression,nan,-1,-1,-1,365,42,365,60,packages\safer-buffer\tests.js,1,665
946,MemberExpression,nan,-1,-1,-1,366,17,366,35,packages\safer-buffer\tests.js,1,666
949,MemberExpression,nan,-1,-1,-1,366,45,366,63,packages\safer-buffer\tests.js,1,667
950,CallExpression,nan,2,-1,-1,372,4,372,72,packages\safer-buffer\tests.js,1,668
953,MemberExpression,nan,-1,-1,-1,376,17,376,35,packages\safer-buffer\tests.js,1,669
955,MemberExpression,nan,-1,-1,-1,376,46,376,63,packages\safer-buffer\tests.js,1,670
956,Identifier,impl,-1,-1,-1,382,46,382,50,packages\safer-buffer\tests.js,1,671
958,BlockStatement,nan,-1,-1,-1,382,52,390,3,packages\safer-buffer\tests.js,1,672
959,Identifier,impl,-1,-1,-1,395,46,395,50,packages\safer-buffer\tests.js,1,673
961,BlockStatement,nan,-1,-1,-1,395,52,404,3,packages\safer-buffer\tests.js,1,674
981,IfStatement,nan,-1,-1,-1,80,4,80,63,packages\safer-buffer\tests.js,1,675
983,IfStatement,nan,-1,-1,-1,91,4,91,73,packages\safer-buffer\tests.js,1,676
987,IfStatement,nan,-1,-1,-1,110,4,110,36,packages\safer-buffer\tests.js,1,677
990,IfStatement,nan,-1,-1,-1,129,4,129,36,packages\safer-buffer\tests.js,1,678
992,IfStatement,nan,-1,-1,-1,138,4,138,73,packages\safer-buffer\tests.js,1,679
1057,IfStatement,nan,-1,-1,-1,232,4,238,5,packages\safer-buffer\tests.js,1,680
1075,ForStatement,nan,-1,-1,-1,276,4,281,5,packages\safer-buffer\tests.js,1,681
1076,AssignmentExpression,nan,-1,-1,-1,294,38,294,48,packages\safer-buffer\tests.js,1,682
1077,CallExpression,nan,1,-1,-1,294,9,294,36,packages\safer-buffer\tests.js,1,683
1078,AssignmentExpression,nan,-1,-1,-1,295,31,295,41,packages\safer-buffer\tests.js,1,684
1079,MemberExpression,nan,-1,-1,-1,295,8,295,18,packages\safer-buffer\tests.js,1,685
1080,Identifier,length,-1,-1,-1,295,23,295,29,packages\safer-buffer\tests.js,1,686
1081,Identifier,j,-1,-1,-1,297,16,297,17,packages\safer-buffer\tests.js,1,687
1082,Identifier,length,-1,-1,-1,297,20,297,26,packages\safer-buffer\tests.js,1,688
1083,IfStatement,nan,-1,-1,-1,298,6,298,34,packages\safer-buffer\tests.js,1,689
1085,MemberExpression,nan,-1,-1,-1,300,4,300,12,packages\safer-buffer\tests.js,1,690
1086,Identifier,j,-1,-1,-1,301,16,301,17,packages\safer-buffer\tests.js,1,691
1087,Identifier,length,-1,-1,-1,301,20,301,26,packages\safer-buffer\tests.js,1,692
1088,IfStatement,nan,-1,-1,-1,302,6,302,34,packages\safer-buffer\tests.js,1,693
1089,VariableDeclaration,nan,-1,-1,-1,311,4,311,17,packages\safer-buffer\tests.js,1,694
1090,ForStatement,nan,-1,-1,-1,312,4,326,5,packages\safer-buffer\tests.js,1,695
1092,AssignmentExpression,nan,-1,-1,-1,340,38,340,48,packages\safer-buffer\tests.js,1,696
1093,CallExpression,nan,1,-1,-1,340,9,340,36,packages\safer-buffer\tests.js,1,697
1094,AssignmentExpression,nan,-1,-1,-1,341,31,341,41,packages\safer-buffer\tests.js,1,698
1095,MemberExpression,nan,-1,-1,-1,341,8,341,18,packages\safer-buffer\tests.js,1,699
1096,Identifier,length,-1,-1,-1,341,23,341,29,packages\safer-buffer\tests.js,1,700
1097,Identifier,j,-1,-1,-1,342,20,342,21,packages\safer-buffer\tests.js,1,701
1098,Identifier,length,-1,-1,-1,342,24,342,30,packages\safer-buffer\tests.js,1,702
1099,IfStatement,nan,-1,-1,-1,343,6,343,37,packages\safer-buffer\tests.js,1,703
1100,AssignmentExpression,nan,-1,-1,-1,358,38,358,48,packages\safer-buffer\tests.js,1,704
1101,CallExpression,nan,1,-1,-1,358,9,358,36,packages\safer-buffer\tests.js,1,705
1102,AssignmentExpression,nan,-1,-1,-1,359,31,359,41,packages\safer-buffer\tests.js,1,706
1103,MemberExpression,nan,-1,-1,-1,359,8,359,18,packages\safer-buffer\tests.js,1,707
1104,Identifier,length,-1,-1,-1,359,23,359,29,packages\safer-buffer\tests.js,1,708
1105,Identifier,j,-1,-1,-1,360,20,360,21,packages\safer-buffer\tests.js,1,709
1106,Identifier,length,-1,-1,-1,360,24,360,30,packages\safer-buffer\tests.js,1,710
1107,IfStatement,nan,-1,-1,-1,361,6,361,37,packages\safer-buffer\tests.js,1,711
1108,CallExpression,nan,2,-1,-1,372,16,372,43,packages\safer-buffer\tests.js,1,712
1109,CallExpression,nan,1,-1,-1,372,45,372,71,packages\safer-buffer\tests.js,1,713
1110,MemberExpression,nan,-1,-1,-1,372,4,372,15,packages\safer-buffer\tests.js,1,714
1126,CallExpression,nan,2,-1,-1,24,4,24,34,packages\safer-buffer\tests.js,1,715
1127,CallExpression,nan,2,-1,-1,25,4,25,41,packages\safer-buffer\tests.js,1,716
1128,CallExpression,nan,2,-1,-1,28,4,28,34,packages\safer-buffer\tests.js,1,717
1129,CallExpression,nan,2,-1,-1,29,4,29,43,packages\safer-buffer\tests.js,1,718
1130,CallExpression,nan,1,-1,-1,36,4,36,43,packages\safer-buffer\tests.js,1,719
1131,CallExpression,nan,1,-1,-1,37,4,37,44,packages\safer-buffer\tests.js,1,720
1132,CallExpression,nan,1,-1,-1,38,4,38,46,packages\safer-buffer\tests.js,1,721
1133,CallExpression,nan,1,-1,-1,39,4,39,55,packages\safer-buffer\tests.js,1,722
1134,CallExpression,nan,1,-1,-1,40,4,40,54,packages\safer-buffer\tests.js,1,723
1135,CallExpression,nan,1,-1,-1,41,4,41,55,packages\safer-buffer\tests.js,1,724
1136,CallExpression,nan,1,-1,-1,42,4,42,57,packages\safer-buffer\tests.js,1,725
1137,CallExpression,nan,1,-1,-1,43,4,43,66,packages\safer-buffer\tests.js,1,726
1138,CallExpression,nan,3,-1,-1,50,4,50,58,packages\safer-buffer\tests.js,1,727
1139,CallExpression,nan,3,-1,-1,51,4,51,56,packages\safer-buffer\tests.js,1,728
1140,CallExpression,nan,2,-1,-1,58,4,58,56,packages\safer-buffer\tests.js,1,729
1141,CallExpression,nan,2,-1,-1,59,4,59,60,packages\safer-buffer\tests.js,1,730
1142,CallExpression,nan,2,-1,-1,62,4,62,55,packages\safer-buffer\tests.js,1,731
1143,CallExpression,nan,2,-1,-1,63,4,63,59,packages\safer-buffer\tests.js,1,732
1144,CallExpression,nan,1,-1,-1,70,4,73,6,packages\safer-buffer\tests.js,1,733
1145,ReturnStatement,nan,-1,-1,-1,80,56,80,63,packages\safer-buffer\tests.js,1,734
1146,LogicalExpression,nan,-1,-1,-1,80,8,80,54,packages\safer-buffer\tests.js,1,735
1147,CallExpression,nan,1,-1,-1,81,4,84,6,packages\safer-buffer\tests.js,1,736
1148,ReturnStatement,nan,-1,-1,-1,91,66,91,73,packages\safer-buffer\tests.js,1,737
1149,LogicalExpression,nan,-1,-1,-1,91,8,91,64,packages\safer-buffer\tests.js,1,738
1150,CallExpression,nan,1,-1,-1,92,4,95,6,packages\safer-buffer\tests.js,1,739
1151,CallExpression,nan,3,-1,-1,102,4,102,72,packages\safer-buffer\tests.js,1,740
1152,CallExpression,nan,3,-1,-1,103,4,103,70,packages\safer-buffer\tests.js,1,741
1153,ReturnStatement,nan,-1,-1,-1,110,29,110,36,packages\safer-buffer\tests.js,1,742
1155,CallExpression,nan,1,-1,-1,111,4,116,6,packages\safer-buffer\tests.js,1,743
1156,CallExpression,nan,1,-1,-1,119,4,122,6,packages\safer-buffer\tests.js,1,744
1157,ReturnStatement,nan,-1,-1,-1,129,29,129,36,packages\safer-buffer\tests.js,1,745
1159,CallExpression,nan,1,-1,-1,130,4,135,6,packages\safer-buffer\tests.js,1,746
1160,ReturnStatement,nan,-1,-1,-1,138,66,138,73,packages\safer-buffer\tests.js,1,747
1161,LogicalExpression,nan,-1,-1,-1,138,8,138,64,packages\safer-buffer\tests.js,1,748
1162,CallExpression,nan,1,-1,-1,139,4,142,6,packages\safer-buffer\tests.js,1,749
1163,CallExpression,nan,1,-1,-1,151,4,151,54,packages\safer-buffer\tests.js,1,750
1164,CallExpression,nan,1,-1,-1,152,4,152,58,packages\safer-buffer\tests.js,1,751
1165,CallExpression,nan,1,-1,-1,153,4,153,59,packages\safer-buffer\tests.js,1,752
1166,CallExpression,nan,1,-1,-1,154,4,154,55,packages\safer-buffer\tests.js,1,753
1167,CallExpression,nan,1,-1,-1,155,4,155,60,packages\safer-buffer\tests.js,1,754
1168,CallExpression,nan,1,-1,-1,156,4,156,60,packages\safer-buffer\tests.js,1,755
1169,CallExpression,nan,1,-1,-1,157,4,157,54,packages\safer-buffer\tests.js,1,756
1170,CallExpression,nan,1,-1,-1,158,4,158,60,packages\safer-buffer\tests.js,1,757
1171,CallExpression,nan,1,-1,-1,159,4,159,69,packages\safer-buffer\tests.js,1,758
1172,CallExpression,nan,1,-1,-1,160,4,160,80,packages\safer-buffer\tests.js,1,759
1173,CallExpression,nan,1,-1,-1,161,4,161,62,packages\safer-buffer\tests.js,1,760
1174,CallExpression,nan,1,-1,-1,162,4,162,78,packages\safer-buffer\tests.js,1,761
1175,CallExpression,nan,1,-1,-1,163,4,163,54,packages\safer-buffer\tests.js,1,762
1176,CallExpression,nan,1,-1,-1,166,4,166,61,packages\safer-buffer\tests.js,1,763
1177,CallExpression,nan,1,-1,-1,167,4,167,62,packages\safer-buffer\tests.js,1,764
1178,CallExpression,nan,2,-1,-1,174,4,174,60,packages\safer-buffer\tests.js,1,765
1179,CallExpression,nan,2,-1,-1,175,4,175,64,packages\safer-buffer\tests.js,1,766
1180,CallExpression,nan,2,-1,-1,176,4,176,65,packages\safer-buffer\tests.js,1,767
1181,CallExpression,nan,2,-1,-1,177,4,177,61,packages\safer-buffer\tests.js,1,768
1182,CallExpression,nan,2,-1,-1,178,4,178,66,packages\safer-buffer\tests.js,1,769
1183,CallExpression,nan,2,-1,-1,179,4,179,66,packages\safer-buffer\tests.js,1,770
1184,CallExpression,nan,2,-1,-1,180,4,180,60,packages\safer-buffer\tests.js,1,771
1185,CallExpression,nan,2,-1,-1,181,4,181,66,packages\safer-buffer\tests.js,1,772
1186,CallExpression,nan,2,-1,-1,182,4,182,75,packages\safer-buffer\tests.js,1,773
1187,CallExpression,nan,2,-1,-1,183,4,183,86,packages\safer-buffer\tests.js,1,774
1188,CallExpression,nan,2,-1,-1,184,4,184,68,packages\safer-buffer\tests.js,1,775
1189,CallExpression,nan,2,-1,-1,185,4,185,84,packages\safer-buffer\tests.js,1,776
1190,CallExpression,nan,2,-1,-1,186,4,186,60,packages\safer-buffer\tests.js,1,777
1191,CallExpression,nan,2,-1,-1,189,4,189,73,packages\safer-buffer\tests.js,1,778
1192,CallExpression,nan,2,-1,-1,190,4,190,96,packages\safer-buffer\tests.js,1,779
1193,CallExpression,nan,1,-1,-1,197,4,197,49,packages\safer-buffer\tests.js,1,780
1194,CallExpression,nan,1,-1,-1,198,4,198,50,packages\safer-buffer\tests.js,1,781
1195,CallExpression,nan,1,-1,-1,199,4,199,59,packages\safer-buffer\tests.js,1,782
1196,CallExpression,nan,1,-1,-1,200,4,200,76,packages\safer-buffer\tests.js,1,783
1197,CallExpression,nan,1,-1,-1,201,4,201,51,packages\safer-buffer\tests.js,1,784
1198,CallExpression,nan,1,-1,-1,202,4,202,52,packages\safer-buffer\tests.js,1,785
1199,CallExpression,nan,1,-1,-1,203,4,203,56,packages\safer-buffer\tests.js,1,786
1200,CallExpression,nan,1,-1,-1,204,4,204,57,packages\safer-buffer\tests.js,1,787
1201,CallExpression,nan,1,-1,-1,205,4,205,51,packages\safer-buffer\tests.js,1,788
1202,CallExpression,nan,1,-1,-1,206,4,206,52,packages\safer-buffer\tests.js,1,789
1203,CallExpression,nan,1,-1,-1,207,4,207,57,packages\safer-buffer\tests.js,1,790
1204,CallExpression,nan,1,-1,-1,208,4,208,48,packages\safer-buffer\tests.js,1,791
1205,CallExpression,nan,1,-1,-1,209,4,209,50,packages\safer-buffer\tests.js,1,792
1206,CallExpression,nan,1,-1,-1,210,4,210,51,packages\safer-buffer\tests.js,1,793
1207,CallExpression,nan,1,-1,-1,211,4,211,57,packages\safer-buffer\tests.js,1,794
1208,CallExpression,nan,1,-1,-1,212,4,212,66,packages\safer-buffer\tests.js,1,795
1209,CallExpression,nan,1,-1,-1,213,4,213,77,packages\safer-buffer\tests.js,1,796
1210,CallExpression,nan,1,-1,-1,214,4,214,52,packages\safer-buffer\tests.js,1,797
1211,CallExpression,nan,1,-1,-1,215,4,215,53,packages\safer-buffer\tests.js,1,798
1212,CallExpression,nan,1,-1,-1,216,4,216,62,packages\safer-buffer\tests.js,1,799
1213,CallExpression,nan,1,-1,-1,217,4,217,57,packages\safer-buffer\tests.js,1,800
1214,CallExpression,nan,1,-1,-1,218,4,218,58,packages\safer-buffer\tests.js,1,801
1215,CallExpression,nan,1,-1,-1,219,4,219,53,packages\safer-buffer\tests.js,1,802
1216,CallExpression,nan,1,-1,-1,220,4,220,58,packages\safer-buffer\tests.js,1,803
1217,CallExpression,nan,1,-1,-1,221,4,221,49,packages\safer-buffer\tests.js,1,804
1218,CallExpression,nan,1,-1,-1,222,4,222,51,packages\safer-buffer\tests.js,1,805
1219,CallExpression,nan,1,-1,-1,223,4,223,59,packages\safer-buffer\tests.js,1,806
1220,CallExpression,nan,1,-1,-1,224,4,224,51,packages\safer-buffer\tests.js,1,807
1221,CallExpression,nan,1,-1,-1,227,4,227,58,packages\safer-buffer\tests.js,1,808
1222,CallExpression,nan,1,-1,-1,228,4,228,64,packages\safer-buffer\tests.js,1,809
1223,CallExpression,nan,1,-1,-1,229,4,229,73,packages\safer-buffer\tests.js,1,810
1224,CallExpression,nan,1,-1,-1,230,4,230,69,packages\safer-buffer\tests.js,1,811
1225,CallExpression,nan,1,-1,-1,231,4,231,64,packages\safer-buffer\tests.js,1,812
1226,BlockStatement,nan,-1,-1,-1,232,64,234,5,packages\safer-buffer\tests.js,1,813
1228,CallExpression,nan,1,-1,-1,239,4,239,60,packages\safer-buffer\tests.js,1,814
1229,CallExpression,nan,1,-1,-1,240,4,240,65,packages\safer-buffer\tests.js,1,815
1230,CallExpression,nan,1,-1,-1,241,4,241,56,packages\safer-buffer\tests.js,1,816
1231,CallExpression,nan,1,-1,-1,242,4,242,58,packages\safer-buffer\tests.js,1,817
1232,CallExpression,nan,1,-1,-1,243,4,243,66,packages\safer-buffer\tests.js,1,818
1233,CallExpression,nan,1,-1,-1,244,4,244,58,packages\safer-buffer\tests.js,1,819
1234,CallExpression,nan,2,-1,-1,251,4,251,43,packages\safer-buffer\tests.js,1,820
1235,CallExpression,nan,2,-1,-1,252,4,252,45,packages\safer-buffer\tests.js,1,821
1236,CallExpression,nan,2,-1,-1,253,4,253,43,packages\safer-buffer\tests.js,1,822
1237,CallExpression,nan,2,-1,-1,254,4,254,49,packages\safer-buffer\tests.js,1,823
1238,CallExpression,nan,2,-1,-1,255,4,255,58,packages\safer-buffer\tests.js,1,824
1239,CallExpression,nan,2,-1,-1,256,4,256,70,packages\safer-buffer\tests.js,1,825
1240,CallExpression,nan,2,-1,-1,257,4,257,51,packages\safer-buffer\tests.js,1,826
1241,CallExpression,nan,2,-1,-1,258,4,258,67,packages\safer-buffer\tests.js,1,827
1242,CallExpression,nan,2,-1,-1,259,4,259,43,packages\safer-buffer\tests.js,1,828
1243,CallExpression,nan,2,-1,-1,262,4,262,50,packages\safer-buffer\tests.js,1,829
1244,CallExpression,nan,2,-1,-1,263,4,263,52,packages\safer-buffer\tests.js,1,830
1246,BlockStatement,nan,-1,-1,-1,276,34,281,5,packages\safer-buffer\tests.js,1,831
1247,Identifier,ok,-1,-1,-1,294,38,294,40,packages\safer-buffer\tests.js,1,832
1249,Identifier,buf,-1,-1,-1,294,32,294,35,packages\safer-buffer\tests.js,1,833
1250,MemberExpression,nan,-1,-1,-1,294,9,294,31,packages\safer-buffer\tests.js,1,834
1251,Identifier,ok,-1,-1,-1,295,31,295,33,packages\safer-buffer\tests.js,1,835
1258,BlockStatement,nan,-1,-1,-1,312,34,326,5,packages\safer-buffer\tests.js,1,836
1259,CallExpression,nan,2,-1,-1,327,4,327,20,packages\safer-buffer\tests.js,1,837
1260,Identifier,ok,-1,-1,-1,340,38,340,40,packages\safer-buffer\tests.js,1,838
1262,Identifier,buf,-1,-1,-1,340,32,340,35,packages\safer-buffer\tests.js,1,839
1263,MemberExpression,nan,-1,-1,-1,340,9,340,31,packages\safer-buffer\tests.js,1,840
1264,Identifier,ok,-1,-1,-1,341,31,341,33,packages\safer-buffer\tests.js,1,841
1268,Identifier,ok,-1,-1,-1,358,38,358,40,packages\safer-buffer\tests.js,1,842
1270,Identifier,buf,-1,-1,-1,358,32,358,35,packages\safer-buffer\tests.js,1,843
1271,MemberExpression,nan,-1,-1,-1,358,9,358,31,packages\safer-buffer\tests.js,1,844
1272,Identifier,ok,-1,-1,-1,359,31,359,33,packages\safer-buffer\tests.js,1,845
1278,MemberExpression,nan,-1,-1,-1,372,16,372,34,packages\safer-buffer\tests.js,1,846
1280,MemberExpression,nan,-1,-1,-1,372,45,372,62,packages\safer-buffer\tests.js,1,847
1281,CallExpression,nan,2,-1,-1,383,4,383,60,packages\safer-buffer\tests.js,1,848
1282,CallExpression,nan,2,-1,-1,384,4,384,72,packages\safer-buffer\tests.js,1,849
1283,CallExpression,nan,2,-1,-1,385,4,385,90,packages\safer-buffer\tests.js,1,850
1284,CallExpression,nan,2,-1,-1,386,4,386,112,packages\safer-buffer\tests.js,1,851
1285,CallExpression,nan,2,-1,-1,387,4,387,76,packages\safer-buffer\tests.js,1,852
1286,CallExpression,nan,2,-1,-1,388,4,388,108,packages\safer-buffer\tests.js,1,853
1287,CallExpression,nan,2,-1,-1,389,4,389,60,packages\safer-buffer\tests.js,1,854
1288,CallExpression,nan,2,-1,-1,396,4,396,59,packages\safer-buffer\tests.js,1,855
1289,CallExpression,nan,2,-1,-1,397,4,397,59,packages\safer-buffer\tests.js,1,856
1290,CallExpression,nan,2,-1,-1,398,4,398,75,packages\safer-buffer\tests.js,1,857
1291,CallExpression,nan,2,-1,-1,399,4,399,80,packages\safer-buffer\tests.js,1,858
1292,CallExpression,nan,2,-1,-1,400,4,400,93,packages\safer-buffer\tests.js,1,859
1293,CallExpression,nan,2,-1,-1,401,4,401,89,packages\safer-buffer\tests.js,1,860
1294,CallExpression,nan,2,-1,-1,402,4,402,96,packages\safer-buffer\tests.js,1,861
1295,CallExpression,nan,2,-1,-1,403,4,403,89,packages\safer-buffer\tests.js,1,862
1296,UnaryExpression,nan,1,-1,-1,24,12,24,23,packages\safer-buffer\tests.js,1,863
1298,MemberExpression,nan,-1,-1,-1,24,4,24,11,packages\safer-buffer\tests.js,1,864
1299,UnaryExpression,nan,1,-1,-1,25,12,25,30,packages\safer-buffer\tests.js,1,865
1301,MemberExpression,nan,-1,-1,-1,25,4,25,11,packages\safer-buffer\tests.js,1,866
1302,UnaryExpression,nan,1,-1,-1,28,12,28,23,packages\safer-buffer\tests.js,1,867
1304,MemberExpression,nan,-1,-1,-1,28,4,28,11,packages\safer-buffer\tests.js,1,868
1305,UnaryExpression,nan,1,-1,-1,29,12,29,30,packages\safer-buffer\tests.js,1,869
1307,MemberExpression,nan,-1,-1,-1,29,4,29,11,packages\safer-buffer\tests.js,1,870
1308,FunctionExpression,nan,-1,0,0,36,13,36,42,packages\safer-buffer\tests.js,1,871
1309,MemberExpression,nan,-1,-1,-1,36,4,36,12,packages\safer-buffer\tests.js,1,872
1310,FunctionExpression,nan,-1,0,0,37,13,37,43,packages\safer-buffer\tests.js,1,873
1311,MemberExpression,nan,-1,-1,-1,37,4,37,12,packages\safer-buffer\tests.js,1,874
1312,FunctionExpression,nan,-1,0,0,38,13,38,45,packages\safer-buffer\tests.js,1,875
1313,MemberExpression,nan,-1,-1,-1,38,4,38,12,packages\safer-buffer\tests.js,1,876
1314,FunctionExpression,nan,-1,0,0,39,13,39,54,packages\safer-buffer\tests.js,1,877
1315,MemberExpression,nan,-1,-1,-1,39,4,39,12,packages\safer-buffer\tests.js,1,878
1316,FunctionExpression,nan,-1,0,1,40,13,40,53,packages\safer-buffer\tests.js,1,879
1317,MemberExpression,nan,-1,-1,-1,40,4,40,12,packages\safer-buffer\tests.js,1,880
1318,FunctionExpression,nan,-1,0,1,41,13,41,54,packages\safer-buffer\tests.js,1,881
1319,MemberExpression,nan,-1,-1,-1,41,4,41,12,packages\safer-buffer\tests.js,1,882
1320,FunctionExpression,nan,-1,0,1,42,13,42,56,packages\safer-buffer\tests.js,1,883
1321,MemberExpression,nan,-1,-1,-1,42,4,42,12,packages\safer-buffer\tests.js,1,884
1322,FunctionExpression,nan,-1,0,1,43,13,43,65,packages\safer-buffer\tests.js,1,885
1323,MemberExpression,nan,-1,-1,-1,43,4,43,12,packages\safer-buffer\tests.js,1,886
1324,UnaryExpression,nan,1,-1,-1,50,12,50,36,packages\safer-buffer\tests.js,1,887
1327,MemberExpression,nan,-1,-1,-1,50,4,50,11,packages\safer-buffer\tests.js,1,888
1328,UnaryExpression,nan,1,-1,-1,51,12,51,35,packages\safer-buffer\tests.js,1,889
1331,MemberExpression,nan,-1,-1,-1,51,4,51,11,packages\safer-buffer\tests.js,1,890
1332,UnaryExpression,nan,1,-1,-1,58,12,58,42,packages\safer-buffer\tests.js,1,891
1334,MemberExpression,nan,-1,-1,-1,58,4,58,11,packages\safer-buffer\tests.js,1,892
1335,UnaryExpression,nan,1,-1,-1,59,12,59,46,packages\safer-buffer\tests.js,1,893
1337,MemberExpression,nan,-1,-1,-1,59,4,59,11,packages\safer-buffer\tests.js,1,894
1338,UnaryExpression,nan,1,-1,-1,62,12,62,42,packages\safer-buffer\tests.js,1,895
1340,MemberExpression,nan,-1,-1,-1,62,4,62,11,packages\safer-buffer\tests.js,1,896
1341,UnaryExpression,nan,1,-1,-1,63,12,63,46,packages\safer-buffer\tests.js,1,897
1343,MemberExpression,nan,-1,-1,-1,63,4,63,11,packages\safer-buffer\tests.js,1,898
1344,FunctionExpression,nan,-1,1,0,70,38,73,5,packages\safer-buffer\tests.js,1,899
1345,MemberExpression,nan,-1,-1,-1,70,4,70,37,packages\safer-buffer\tests.js,1,900
1348,FunctionExpression,nan,-1,1,0,81,38,84,5,packages\safer-buffer\tests.js,1,901
1349,MemberExpression,nan,-1,-1,-1,81,4,81,37,packages\safer-buffer\tests.js,1,902
1352,FunctionExpression,nan,-1,1,0,92,38,95,5,packages\safer-buffer\tests.js,1,903
1353,MemberExpression,nan,-1,-1,-1,92,4,92,37,packages\safer-buffer\tests.js,1,904
1354,MemberExpression,nan,-1,-1,-1,102,12,102,33,packages\safer-buffer\tests.js,1,905
1355,MemberExpression,nan,-1,-1,-1,102,35,102,58,packages\safer-buffer\tests.js,1,906
1357,MemberExpression,nan,-1,-1,-1,102,4,102,11,packages\safer-buffer\tests.js,1,907
1358,UnaryExpression,nan,1,-1,-1,103,15,103,43,packages\safer-buffer\tests.js,1,908
1361,MemberExpression,nan,-1,-1,-1,103,4,103,14,packages\safer-buffer\tests.js,1,909
1362,Identifier,method,-1,-1,-1,110,8,110,14,packages\safer-buffer\tests.js,1,910
1364,FunctionExpression,nan,-1,1,0,111,38,116,5,packages\safer-buffer\tests.js,1,911
1365,MemberExpression,nan,-1,-1,-1,111,4,111,37,packages\safer-buffer\tests.js,1,912
1366,FunctionExpression,nan,-1,1,0,119,38,122,5,packages\safer-buffer\tests.js,1,913
1367,MemberExpression,nan,-1,-1,-1,119,4,119,37,packages\safer-buffer\tests.js,1,914
1368,Identifier,method,-1,-1,-1,129,8,129,14,packages\safer-buffer\tests.js,1,915
1370,FunctionExpression,nan,-1,1,0,130,38,135,5,packages\safer-buffer\tests.js,1,916
1371,MemberExpression,nan,-1,-1,-1,130,4,130,37,packages\safer-buffer\tests.js,1,917
1374,FunctionExpression,nan,-1,1,0,139,38,142,5,packages\safer-buffer\tests.js,1,918
1375,MemberExpression,nan,-1,-1,-1,139,4,139,37,packages\safer-buffer\tests.js,1,919
1376,CallExpression,nan,1,-1,-1,151,9,151,53,packages\safer-buffer\tests.js,1,920
1377,MemberExpression,nan,-1,-1,-1,151,4,151,8,packages\safer-buffer\tests.js,1,921
1378,CallExpression,nan,1,-1,-1,152,9,152,57,packages\safer-buffer\tests.js,1,922
1379,MemberExpression,nan,-1,-1,-1,152,4,152,8,packages\safer-buffer\tests.js,1,923
1380,CallExpression,nan,1,-1,-1,153,9,153,58,packages\safer-buffer\tests.js,1,924
1381,MemberExpression,nan,-1,-1,-1,153,4,153,8,packages\safer-buffer\tests.js,1,925
1382,CallExpression,nan,1,-1,-1,154,9,154,54,packages\safer-buffer\tests.js,1,926
1383,MemberExpression,nan,-1,-1,-1,154,4,154,8,packages\safer-buffer\tests.js,1,927
1384,CallExpression,nan,1,-1,-1,155,9,155,59,packages\safer-buffer\tests.js,1,928
1385,MemberExpression,nan,-1,-1,-1,155,4,155,8,packages\safer-buffer\tests.js,1,929
1386,CallExpression,nan,1,-1,-1,156,9,156,59,packages\safer-buffer\tests.js,1,930
1387,MemberExpression,nan,-1,-1,-1,156,4,156,8,packages\safer-buffer\tests.js,1,931
1388,CallExpression,nan,1,-1,-1,157,9,157,53,packages\safer-buffer\tests.js,1,932
1389,MemberExpression,nan,-1,-1,-1,157,4,157,8,packages\safer-buffer\tests.js,1,933
1390,CallExpression,nan,1,-1,-1,158,9,158,59,packages\safer-buffer\tests.js,1,934
1391,MemberExpression,nan,-1,-1,-1,158,4,158,8,packages\safer-buffer\tests.js,1,935
1392,CallExpression,nan,1,-1,-1,159,9,159,68,packages\safer-buffer\tests.js,1,936
1393,MemberExpression,nan,-1,-1,-1,159,4,159,8,packages\safer-buffer\tests.js,1,937
1394,CallExpression,nan,1,-1,-1,160,9,160,79,packages\safer-buffer\tests.js,1,938
1395,MemberExpression,nan,-1,-1,-1,160,4,160,8,packages\safer-buffer\tests.js,1,939
1396,CallExpression,nan,1,-1,-1,161,9,161,61,packages\safer-buffer\tests.js,1,940
1397,MemberExpression,nan,-1,-1,-1,161,4,161,8,packages\safer-buffer\tests.js,1,941
1398,CallExpression,nan,1,-1,-1,162,9,162,77,packages\safer-buffer\tests.js,1,942
1399,MemberExpression,nan,-1,-1,-1,162,4,162,8,packages\safer-buffer\tests.js,1,943
1400,CallExpression,nan,1,-1,-1,163,9,163,53,packages\safer-buffer\tests.js,1,944
1401,MemberExpression,nan,-1,-1,-1,163,4,163,8,packages\safer-buffer\tests.js,1,945
1402,CallExpression,nan,1,-1,-1,166,9,166,60,packages\safer-buffer\tests.js,1,946
1403,MemberExpression,nan,-1,-1,-1,166,4,166,8,packages\safer-buffer\tests.js,1,947
1404,CallExpression,nan,1,-1,-1,167,9,167,61,packages\safer-buffer\tests.js,1,948
1405,MemberExpression,nan,-1,-1,-1,167,4,167,8,packages\safer-buffer\tests.js,1,949
1406,MemberExpression,nan,-1,-1,-1,174,12,174,44,packages\safer-buffer\tests.js,1,950
1407,MemberExpression,nan,-1,-1,-1,174,46,174,59,packages\safer-buffer\tests.js,1,951
1408,MemberExpression,nan,-1,-1,-1,174,4,174,11,packages\safer-buffer\tests.js,1,952
1409,MemberExpression,nan,-1,-1,-1,175,12,175,48,packages\safer-buffer\tests.js,1,953
1410,MemberExpression,nan,-1,-1,-1,175,50,175,63,packages\safer-buffer\tests.js,1,954
1411,MemberExpression,nan,-1,-1,-1,175,4,175,11,packages\safer-buffer\tests.js,1,955
1412,MemberExpression,nan,-1,-1,-1,176,12,176,49,packages\safer-buffer\tests.js,1,956
1413,MemberExpression,nan,-1,-1,-1,176,51,176,64,packages\safer-buffer\tests.js,1,957
1414,MemberExpression,nan,-1,-1,-1,176,4,176,11,packages\safer-buffer\tests.js,1,958
1415,MemberExpression,nan,-1,-1,-1,177,12,177,45,packages\safer-buffer\tests.js,1,959
1416,MemberExpression,nan,-1,-1,-1,177,47,177,60,packages\safer-buffer\tests.js,1,960
1417,MemberExpression,nan,-1,-1,-1,177,4,177,11,packages\safer-buffer\tests.js,1,961
1418,MemberExpression,nan,-1,-1,-1,178,12,178,50,packages\safer-buffer\tests.js,1,962
1419,MemberExpression,nan,-1,-1,-1,178,52,178,65,packages\safer-buffer\tests.js,1,963
1420,MemberExpression,nan,-1,-1,-1,178,4,178,11,packages\safer-buffer\tests.js,1,964
1421,MemberExpression,nan,-1,-1,-1,179,12,179,50,packages\safer-buffer\tests.js,1,965
1422,MemberExpression,nan,-1,-1,-1,179,52,179,65,packages\safer-buffer\tests.js,1,966
1423,MemberExpression,nan,-1,-1,-1,179,4,179,11,packages\safer-buffer\tests.js,1,967
1424,MemberExpression,nan,-1,-1,-1,180,12,180,44,packages\safer-buffer\tests.js,1,968
1425,MemberExpression,nan,-1,-1,-1,180,46,180,59,packages\safer-buffer\tests.js,1,969
1426,MemberExpression,nan,-1,-1,-1,180,4,180,11,packages\safer-buffer\tests.js,1,970
1427,MemberExpression,nan,-1,-1,-1,181,12,181,50,packages\safer-buffer\tests.js,1,971
1428,MemberExpression,nan,-1,-1,-1,181,52,181,65,packages\safer-buffer\tests.js,1,972
1429,MemberExpression,nan,-1,-1,-1,181,4,181,11,packages\safer-buffer\tests.js,1,973
1430,MemberExpression,nan,-1,-1,-1,182,12,182,59,packages\safer-buffer\tests.js,1,974
1431,MemberExpression,nan,-1,-1,-1,182,61,182,74,packages\safer-buffer\tests.js,1,975
1432,MemberExpression,nan,-1,-1,-1,182,4,182,11,packages\safer-buffer\tests.js,1,976
1433,MemberExpression,nan,-1,-1,-1,183,12,183,70,packages\safer-buffer\tests.js,1,977
1434,MemberExpression,nan,-1,-1,-1,183,72,183,85,packages\safer-buffer\tests.js,1,978
1435,MemberExpression,nan,-1,-1,-1,183,4,183,11,packages\safer-buffer\tests.js,1,979
1436,MemberExpression,nan,-1,-1,-1,184,12,184,52,packages\safer-buffer\tests.js,1,980
1437,MemberExpression,nan,-1,-1,-1,184,54,184,67,packages\safer-buffer\tests.js,1,981
1438,MemberExpression,nan,-1,-1,-1,184,4,184,11,packages\safer-buffer\tests.js,1,982
1439,MemberExpression,nan,-1,-1,-1,185,12,185,68,packages\safer-buffer\tests.js,1,983
1440,MemberExpression,nan,-1,-1,-1,185,70,185,83,packages\safer-buffer\tests.js,1,984
1441,MemberExpression,nan,-1,-1,-1,185,4,185,11,packages\safer-buffer\tests.js,1,985
1442,MemberExpression,nan,-1,-1,-1,186,12,186,44,packages\safer-buffer\tests.js,1,986
1443,MemberExpression,nan,-1,-1,-1,186,46,186,59,packages\safer-buffer\tests.js,1,987
1444,MemberExpression,nan,-1,-1,-1,186,4,186,11,packages\safer-buffer\tests.js,1,988
1445,MemberExpression,nan,-1,-1,-1,189,12,189,57,packages\safer-buffer\tests.js,1,989
1446,MemberExpression,nan,-1,-1,-1,189,59,189,72,packages\safer-buffer\tests.js,1,990
1447,MemberExpression,nan,-1,-1,-1,189,4,189,11,packages\safer-buffer\tests.js,1,991
1448,MemberExpression,nan,-1,-1,-1,190,12,190,61,packages\safer-buffer\tests.js,1,992
1449,MemberExpression,nan,-1,-1,-1,190,63,190,95,packages\safer-buffer\tests.js,1,993
1450,MemberExpression,nan,-1,-1,-1,190,4,190,11,packages\safer-buffer\tests.js,1,994
1451,FunctionExpression,nan,-1,0,0,197,13,197,48,packages\safer-buffer\tests.js,1,995
1452,MemberExpression,nan,-1,-1,-1,197,4,197,12,packages\safer-buffer\tests.js,1,996
1453,FunctionExpression,nan,-1,0,0,198,13,198,49,packages\safer-buffer\tests.js,1,997
1454,MemberExpression,nan,-1,-1,-1,198,4,198,12,packages\safer-buffer\tests.js,1,998
1455,FunctionExpression,nan,-1,0,0,199,13,199,58,packages\safer-buffer\tests.js,1,999
1456,MemberExpression,nan,-1,-1,-1,199,4,199,12,packages\safer-buffer\tests.js,1,1000
1457,FunctionExpression,nan,-1,0,0,200,13,200,75,packages\safer-buffer\tests.js,1,1001
1458,MemberExpression,nan,-1,-1,-1,200,4,200,12,packages\safer-buffer\tests.js,1,1002
1459,FunctionExpression,nan,-1,0,0,201,13,201,50,packages\safer-buffer\tests.js,1,1003
1460,MemberExpression,nan,-1,-1,-1,201,4,201,12,packages\safer-buffer\tests.js,1,1004
1461,FunctionExpression,nan,-1,0,0,202,13,202,51,packages\safer-buffer\tests.js,1,1005
1462,MemberExpression,nan,-1,-1,-1,202,4,202,12,packages\safer-buffer\tests.js,1,1006
1463,FunctionExpression,nan,-1,0,0,203,13,203,55,packages\safer-buffer\tests.js,1,1007
1464,MemberExpression,nan,-1,-1,-1,203,4,203,12,packages\safer-buffer\tests.js,1,1008
1465,FunctionExpression,nan,-1,0,0,204,13,204,56,packages\safer-buffer\tests.js,1,1009
1466,MemberExpression,nan,-1,-1,-1,204,4,204,12,packages\safer-buffer\tests.js,1,1010
1467,FunctionExpression,nan,-1,0,0,205,13,205,50,packages\safer-buffer\tests.js,1,1011
1468,MemberExpression,nan,-1,-1,-1,205,4,205,12,packages\safer-buffer\tests.js,1,1012
1469,FunctionExpression,nan,-1,0,0,206,13,206,51,packages\safer-buffer\tests.js,1,1013
1470,MemberExpression,nan,-1,-1,-1,206,4,206,12,packages\safer-buffer\tests.js,1,1014
1471,FunctionExpression,nan,-1,0,0,207,13,207,56,packages\safer-buffer\tests.js,1,1015
1472,MemberExpression,nan,-1,-1,-1,207,4,207,12,packages\safer-buffer\tests.js,1,1016
1473,FunctionExpression,nan,-1,0,0,208,13,208,47,packages\safer-buffer\tests.js,1,1017
1474,MemberExpression,nan,-1,-1,-1,208,4,208,12,packages\safer-buffer\tests.js,1,1018
1475,FunctionExpression,nan,-1,0,0,209,13,209,49,packages\safer-buffer\tests.js,1,1019
1476,MemberExpression,nan,-1,-1,-1,209,4,209,12,packages\safer-buffer\tests.js,1,1020
1477,FunctionExpression,nan,-1,0,0,210,13,210,50,packages\safer-buffer\tests.js,1,1021
1478,MemberExpression,nan,-1,-1,-1,210,4,210,12,packages\safer-buffer\tests.js,1,1022
1479,FunctionExpression,nan,-1,0,0,211,13,211,56,packages\safer-buffer\tests.js,1,1023
1480,MemberExpression,nan,-1,-1,-1,211,4,211,12,packages\safer-buffer\tests.js,1,1024
1481,FunctionExpression,nan,-1,0,0,212,13,212,65,packages\safer-buffer\tests.js,1,1025
1482,MemberExpression,nan,-1,-1,-1,212,4,212,12,packages\safer-buffer\tests.js,1,1026
1483,FunctionExpression,nan,-1,0,0,213,13,213,76,packages\safer-buffer\tests.js,1,1027
1484,MemberExpression,nan,-1,-1,-1,213,4,213,12,packages\safer-buffer\tests.js,1,1028
1485,FunctionExpression,nan,-1,0,0,214,13,214,51,packages\safer-buffer\tests.js,1,1029
1486,MemberExpression,nan,-1,-1,-1,214,4,214,12,packages\safer-buffer\tests.js,1,1030
1487,FunctionExpression,nan,-1,0,0,215,13,215,52,packages\safer-buffer\tests.js,1,1031
1488,MemberExpression,nan,-1,-1,-1,215,4,215,12,packages\safer-buffer\tests.js,1,1032
1489,FunctionExpression,nan,-1,0,0,216,13,216,61,packages\safer-buffer\tests.js,1,1033
1490,MemberExpression,nan,-1,-1,-1,216,4,216,12,packages\safer-buffer\tests.js,1,1034
1491,FunctionExpression,nan,-1,0,0,217,13,217,56,packages\safer-buffer\tests.js,1,1035
1492,MemberExpression,nan,-1,-1,-1,217,4,217,12,packages\safer-buffer\tests.js,1,1036
1493,FunctionExpression,nan,-1,0,0,218,13,218,57,packages\safer-buffer\tests.js,1,1037
1494,MemberExpression,nan,-1,-1,-1,218,4,218,12,packages\safer-buffer\tests.js,1,1038
1495,FunctionExpression,nan,-1,0,0,219,13,219,52,packages\safer-buffer\tests.js,1,1039
1496,MemberExpression,nan,-1,-1,-1,219,4,219,12,packages\safer-buffer\tests.js,1,1040
1497,FunctionExpression,nan,-1,0,0,220,13,220,57,packages\safer-buffer\tests.js,1,1041
1498,MemberExpression,nan,-1,-1,-1,220,4,220,12,packages\safer-buffer\tests.js,1,1042
1499,FunctionExpression,nan,-1,0,0,221,13,221,48,packages\safer-buffer\tests.js,1,1043
1500,MemberExpression,nan,-1,-1,-1,221,4,221,12,packages\safer-buffer\tests.js,1,1044
1501,FunctionExpression,nan,-1,0,0,222,13,222,50,packages\safer-buffer\tests.js,1,1045
1502,MemberExpression,nan,-1,-1,-1,222,4,222,12,packages\safer-buffer\tests.js,1,1046
1503,FunctionExpression,nan,-1,0,0,223,13,223,58,packages\safer-buffer\tests.js,1,1047
1504,MemberExpression,nan,-1,-1,-1,223,4,223,12,packages\safer-buffer\tests.js,1,1048
1505,FunctionExpression,nan,-1,0,0,224,13,224,50,packages\safer-buffer\tests.js,1,1049
1506,MemberExpression,nan,-1,-1,-1,224,4,224,12,packages\safer-buffer\tests.js,1,1050
1507,FunctionExpression,nan,-1,0,0,227,13,227,57,packages\safer-buffer\tests.js,1,1051
1508,MemberExpression,nan,-1,-1,-1,227,4,227,12,packages\safer-buffer\tests.js,1,1052
1509,FunctionExpression,nan,-1,0,0,228,13,228,63,packages\safer-buffer\tests.js,1,1053
1510,MemberExpression,nan,-1,-1,-1,228,4,228,12,packages\safer-buffer\tests.js,1,1054
1511,FunctionExpression,nan,-1,0,0,229,13,229,72,packages\safer-buffer\tests.js,1,1055
1512,MemberExpression,nan,-1,-1,-1,229,4,229,12,packages\safer-buffer\tests.js,1,1056
1513,FunctionExpression,nan,-1,0,0,230,13,230,68,packages\safer-buffer\tests.js,1,1057
1514,MemberExpression,nan,-1,-1,-1,230,4,230,12,packages\safer-buffer\tests.js,1,1058
1515,FunctionExpression,nan,-1,0,0,231,13,231,63,packages\safer-buffer\tests.js,1,1059
1516,MemberExpression,nan,-1,-1,-1,231,4,231,12,packages\safer-buffer\tests.js,1,1060
1518,MemberExpression,nan,-1,-1,-1,232,8,232,32,packages\safer-buffer\tests.js,1,1061
1519,MemberExpression,nan,-1,-1,-1,232,37,232,62,packages\safer-buffer\tests.js,1,1062
1520,FunctionExpression,nan,-1,0,0,239,13,239,59,packages\safer-buffer\tests.js,1,1063
1521,MemberExpression,nan,-1,-1,-1,239,4,239,12,packages\safer-buffer\tests.js,1,1064
1522,FunctionExpression,nan,-1,0,0,240,13,240,64,packages\safer-buffer\tests.js,1,1065
1523,MemberExpression,nan,-1,-1,-1,240,4,240,12,packages\safer-buffer\tests.js,1,1066
1524,FunctionExpression,nan,-1,0,0,241,13,241,55,packages\safer-buffer\tests.js,1,1067
1525,MemberExpression,nan,-1,-1,-1,241,4,241,12,packages\safer-buffer\tests.js,1,1068
1526,FunctionExpression,nan,-1,0,0,242,13,242,57,packages\safer-buffer\tests.js,1,1069
1527,MemberExpression,nan,-1,-1,-1,242,4,242,12,packages\safer-buffer\tests.js,1,1070
1528,FunctionExpression,nan,-1,0,0,243,13,243,65,packages\safer-buffer\tests.js,1,1071
1529,MemberExpression,nan,-1,-1,-1,243,4,243,12,packages\safer-buffer\tests.js,1,1072
1530,FunctionExpression,nan,-1,0,0,244,13,244,57,packages\safer-buffer\tests.js,1,1073
1531,MemberExpression,nan,-1,-1,-1,244,4,244,12,packages\safer-buffer\tests.js,1,1074
1532,MemberExpression,nan,-1,-1,-1,251,12,251,39,packages\safer-buffer\tests.js,1,1075
1534,MemberExpression,nan,-1,-1,-1,251,4,251,11,packages\safer-buffer\tests.js,1,1076
1535,MemberExpression,nan,-1,-1,-1,252,12,252,40,packages\safer-buffer\tests.js,1,1077
1537,MemberExpression,nan,-1,-1,-1,252,4,252,11,packages\safer-buffer\tests.js,1,1078
1538,MemberExpression,nan,-1,-1,-1,253,12,253,39,packages\safer-buffer\tests.js,1,1079
1540,MemberExpression,nan,-1,-1,-1,253,4,253,11,packages\safer-buffer\tests.js,1,1080
1541,MemberExpression,nan,-1,-1,-1,254,12,254,45,packages\safer-buffer\tests.js,1,1081
1543,MemberExpression,nan,-1,-1,-1,254,4,254,11,packages\safer-buffer\tests.js,1,1082
1544,MemberExpression,nan,-1,-1,-1,255,12,255,54,packages\safer-buffer\tests.js,1,1083
1546,MemberExpression,nan,-1,-1,-1,255,4,255,11,packages\safer-buffer\tests.js,1,1084
1547,MemberExpression,nan,-1,-1,-1,256,12,256,65,packages\safer-buffer\tests.js,1,1085
1549,MemberExpression,nan,-1,-1,-1,256,4,256,11,packages\safer-buffer\tests.js,1,1086
1550,MemberExpression,nan,-1,-1,-1,257,12,257,47,packages\safer-buffer\tests.js,1,1087
1552,MemberExpression,nan,-1,-1,-1,257,4,257,11,packages\safer-buffer\tests.js,1,1088
1553,MemberExpression,nan,-1,-1,-1,258,12,258,63,packages\safer-buffer\tests.js,1,1089
1555,MemberExpression,nan,-1,-1,-1,258,4,258,11,packages\safer-buffer\tests.js,1,1090
1556,MemberExpression,nan,-1,-1,-1,259,12,259,39,packages\safer-buffer\tests.js,1,1091
1558,MemberExpression,nan,-1,-1,-1,259,4,259,11,packages\safer-buffer\tests.js,1,1092
1559,MemberExpression,nan,-1,-1,-1,262,12,262,46,packages\safer-buffer\tests.js,1,1093
1561,MemberExpression,nan,-1,-1,-1,262,4,262,11,packages\safer-buffer\tests.js,1,1094
1562,MemberExpression,nan,-1,-1,-1,263,12,263,47,packages\safer-buffer\tests.js,1,1095
1564,MemberExpression,nan,-1,-1,-1,263,4,263,11,packages\safer-buffer\tests.js,1,1096
1565,Identifier,i,-1,-1,-1,276,20,276,21,packages\safer-buffer\tests.js,1,1097
1567,VariableDeclaration,nan,-1,-1,-1,277,6,277,50,packages\safer-buffer\tests.js,1,1098
1568,VariableDeclaration,nan,-1,-1,-1,278,6,278,30,packages\safer-buffer\tests.js,1,1099
1569,IfStatement,nan,-1,-1,-1,279,6,279,50,packages\safer-buffer\tests.js,1,1100
1570,IfStatement,nan,-1,-1,-1,280,6,280,43,packages\safer-buffer\tests.js,1,1101
1571,AssignmentExpression,nan,-1,-1,-1,298,24,298,34,packages\safer-buffer\tests.js,1,1102
1572,MemberExpression,nan,-1,-1,-1,298,10,298,16,packages\safer-buffer\tests.js,1,1103
1574,AssignmentExpression,nan,-1,-1,-1,302,24,302,34,packages\safer-buffer\tests.js,1,1104
1575,MemberExpression,nan,-1,-1,-1,302,10,302,16,packages\safer-buffer\tests.js,1,1105
1577,Identifier,i,-1,-1,-1,312,20,312,21,packages\safer-buffer\tests.js,1,1106
1579,VariableDeclaration,nan,-1,-1,-1,313,6,313,50,packages\safer-buffer\tests.js,1,1107
1580,VariableDeclaration,nan,-1,-1,-1,314,6,314,48,packages\safer-buffer\tests.js,1,1108
1581,IfStatement,nan,-1,-1,-1,315,6,315,50,packages\safer-buffer\tests.js,1,1109
1582,IfStatement,nan,-1,-1,-1,316,6,316,43,packages\safer-buffer\tests.js,1,1110
1584,VariableDeclaration,nan,-1,-1,-1,318,6,318,11,packages\safer-buffer\tests.js,1,1111
1585,ForStatement,nan,-1,-1,-1,319,6,321,7,packages\safer-buffer\tests.js,1,1112
1587,ForStatement,nan,-1,-1,-1,323,6,325,7,packages\safer-buffer\tests.js,1,1113
1588,Identifier,ok,-1,-1,-1,327,9,327,11,packages\safer-buffer\tests.js,1,1114
1589,Identifier,method,-1,-1,-1,327,13,327,19,packages\safer-buffer\tests.js,1,1115
1590,MemberExpression,nan,-1,-1,-1,327,4,327,8,packages\safer-buffer\tests.js,1,1116
1591,AssignmentExpression,nan,-1,-1,-1,343,27,343,37,packages\safer-buffer\tests.js,1,1117
1592,MemberExpression,nan,-1,-1,-1,343,10,343,16,packages\safer-buffer\tests.js,1,1118
1593,Identifier,fill,-1,-1,-1,343,21,343,25,packages\safer-buffer\tests.js,1,1119
1594,AssignmentExpression,nan,-1,-1,-1,361,27,361,37,packages\safer-buffer\tests.js,1,1120
1595,MemberExpression,nan,-1,-1,-1,361,10,361,16,packages\safer-buffer\tests.js,1,1121
1596,Identifier,fill,-1,-1,-1,361,21,361,25,packages\safer-buffer\tests.js,1,1122
1597,CallExpression,nan,1,-1,-1,383,16,383,36,packages\safer-buffer\tests.js,1,1123
1598,NewExpression,nan,1,-1,-1,383,38,383,59,packages\safer-buffer\tests.js,1,1124
1599,MemberExpression,nan,-1,-1,-1,383,4,383,15,packages\safer-buffer\tests.js,1,1125
1600,CallExpression,nan,1,-1,-1,384,16,384,42,packages\safer-buffer\tests.js,1,1126
1601,NewExpression,nan,1,-1,-1,384,44,384,71,packages\safer-buffer\tests.js,1,1127
1602,MemberExpression,nan,-1,-1,-1,384,4,384,15,packages\safer-buffer\tests.js,1,1128
1603,CallExpression,nan,2,-1,-1,385,16,385,51,packages\safer-buffer\tests.js,1,1129
1604,NewExpression,nan,2,-1,-1,385,53,385,89,packages\safer-buffer\tests.js,1,1130
1605,MemberExpression,nan,-1,-1,-1,385,4,385,15,packages\safer-buffer\tests.js,1,1131
1606,CallExpression,nan,2,-1,-1,386,16,386,62,packages\safer-buffer\tests.js,1,1132
1607,NewExpression,nan,2,-1,-1,386,64,386,111,packages\safer-buffer\tests.js,1,1133
1608,MemberExpression,nan,-1,-1,-1,386,4,386,15,packages\safer-buffer\tests.js,1,1134
1609,CallExpression,nan,1,-1,-1,387,16,387,44,packages\safer-buffer\tests.js,1,1135
1610,NewExpression,nan,1,-1,-1,387,46,387,75,packages\safer-buffer\tests.js,1,1136
1611,MemberExpression,nan,-1,-1,-1,387,4,387,15,packages\safer-buffer\tests.js,1,1137
1612,CallExpression,nan,1,-1,-1,388,16,388,60,packages\safer-buffer\tests.js,1,1138
1613,NewExpression,nan,1,-1,-1,388,62,388,107,packages\safer-buffer\tests.js,1,1139
1614,MemberExpression,nan,-1,-1,-1,388,4,388,15,packages\safer-buffer\tests.js,1,1140
1615,CallExpression,nan,1,-1,-1,389,16,389,36,packages\safer-buffer\tests.js,1,1141
1616,NewExpression,nan,1,-1,-1,389,38,389,59,packages\safer-buffer\tests.js,1,1142
1617,MemberExpression,nan,-1,-1,-1,389,4,389,15,packages\safer-buffer\tests.js,1,1143
1618,CallExpression,nan,1,-1,-1,396,16,396,36,packages\safer-buffer\tests.js,1,1144
1619,CallExpression,nan,1,-1,-1,396,38,396,58,packages\safer-buffer\tests.js,1,1145
1620,MemberExpression,nan,-1,-1,-1,396,4,396,15,packages\safer-buffer\tests.js,1,1146
1621,CallExpression,nan,1,-1,-1,397,16,397,36,packages\safer-buffer\tests.js,1,1147
1622,CallExpression,nan,1,-1,-1,397,38,397,58,packages\safer-buffer\tests.js,1,1148
1623,MemberExpression,nan,-1,-1,-1,397,4,397,15,packages\safer-buffer\tests.js,1,1149
1624,CallExpression,nan,1,-1,-1,398,16,398,52,packages\safer-buffer\tests.js,1,1150
1625,CallExpression,nan,1,-1,-1,398,54,398,74,packages\safer-buffer\tests.js,1,1151
1626,MemberExpression,nan,-1,-1,-1,398,4,398,15,packages\safer-buffer\tests.js,1,1152
1627,CallExpression,nan,2,-1,-1,399,16,399,51,packages\safer-buffer\tests.js,1,1153
1628,CallExpression,nan,1,-1,-1,399,53,399,79,packages\safer-buffer\tests.js,1,1154
1629,MemberExpression,nan,-1,-1,-1,399,4,399,15,packages\safer-buffer\tests.js,1,1155
1630,CallExpression,nan,1,-1,-1,400,16,400,42,packages\safer-buffer\tests.js,1,1156
1631,CallExpression,nan,1,-1,-1,400,44,400,92,packages\safer-buffer\tests.js,1,1157
1632,MemberExpression,nan,-1,-1,-1,400,4,400,15,packages\safer-buffer\tests.js,1,1158
1633,CallExpression,nan,1,-1,-1,401,16,401,42,packages\safer-buffer\tests.js,1,1159
1634,CallExpression,nan,1,-1,-1,401,44,401,88,packages\safer-buffer\tests.js,1,1160
1635,MemberExpression,nan,-1,-1,-1,401,4,401,15,packages\safer-buffer\tests.js,1,1161
1636,CallExpression,nan,2,-1,-1,402,16,402,62,packages\safer-buffer\tests.js,1,1162
1637,CallExpression,nan,1,-1,-1,402,64,402,95,packages\safer-buffer\tests.js,1,1163
1638,MemberExpression,nan,-1,-1,-1,402,4,402,15,packages\safer-buffer\tests.js,1,1164
1639,CallExpression,nan,1,-1,-1,403,19,403,55,packages\safer-buffer\tests.js,1,1165
1640,CallExpression,nan,1,-1,-1,403,57,403,88,packages\safer-buffer\tests.js,1,1166
1641,MemberExpression,nan,-1,-1,-1,403,4,403,18,packages\safer-buffer\tests.js,1,1167
1642,Identifier,impl,-1,-1,-1,24,19,24,23,packages\safer-buffer\tests.js,1,1168
1643,MemberExpression,nan,-1,-1,-1,25,19,25,30,packages\safer-buffer\tests.js,1,1169
1644,Identifier,impl,-1,-1,-1,28,19,28,23,packages\safer-buffer\tests.js,1,1170
1645,MemberExpression,nan,-1,-1,-1,29,19,29,30,packages\safer-buffer\tests.js,1,1171
1647,BlockStatement,nan,-1,-1,-1,36,25,36,42,packages\safer-buffer\tests.js,1,1172
1649,BlockStatement,nan,-1,-1,-1,37,25,37,43,packages\safer-buffer\tests.js,1,1173
1651,BlockStatement,nan,-1,-1,-1,38,25,38,45,packages\safer-buffer\tests.js,1,1174
1653,BlockStatement,nan,-1,-1,-1,39,25,39,54,packages\safer-buffer\tests.js,1,1175
1655,BlockStatement,nan,-1,-1,-1,40,25,40,53,packages\safer-buffer\tests.js,1,1176
1657,BlockStatement,nan,-1,-1,-1,41,25,41,54,packages\safer-buffer\tests.js,1,1177
1659,BlockStatement,nan,-1,-1,-1,42,25,42,56,packages\safer-buffer\tests.js,1,1178
1661,BlockStatement,nan,-1,-1,-1,43,25,43,65,packages\safer-buffer\tests.js,1,1179
1662,MemberExpression,nan,-1,-1,-1,50,19,50,36,packages\safer-buffer\tests.js,1,1180
1663,MemberExpression,nan,-1,-1,-1,51,19,51,35,packages\safer-buffer\tests.js,1,1181
1664,MemberExpression,nan,-1,-1,-1,58,19,58,42,packages\safer-buffer\tests.js,1,1182
1665,MemberExpression,nan,-1,-1,-1,59,19,59,46,packages\safer-buffer\tests.js,1,1183
1666,MemberExpression,nan,-1,-1,-1,62,19,62,42,packages\safer-buffer\tests.js,1,1184
1667,MemberExpression,nan,-1,-1,-1,63,19,63,46,packages\safer-buffer\tests.js,1,1185
1668,Identifier,impl,-1,-1,-1,70,48,70,52,packages\safer-buffer\tests.js,1,1186
1670,BlockStatement,nan,-1,-1,-1,70,54,73,5,packages\safer-buffer\tests.js,1,1187
1671,Identifier,method,-1,-1,-1,80,8,80,14,packages\safer-buffer\tests.js,1,1188
1673,Identifier,method,-1,-1,-1,80,35,80,41,packages\safer-buffer\tests.js,1,1189
1675,Identifier,impl,-1,-1,-1,81,48,81,52,packages\safer-buffer\tests.js,1,1190
1677,BlockStatement,nan,-1,-1,-1,81,54,84,5,packages\safer-buffer\tests.js,1,1191
1678,Identifier,method,-1,-1,-1,91,8,91,14,packages\safer-buffer\tests.js,1,1192
1680,Identifier,method,-1,-1,-1,91,36,91,42,packages\safer-buffer\tests.js,1,1193
1682,Identifier,impl,-1,-1,-1,92,48,92,52,packages\safer-buffer\tests.js,1,1194
1684,BlockStatement,nan,-1,-1,-1,92,54,95,5,packages\safer-buffer\tests.js,1,1195
1685,MemberExpression,nan,-1,-1,-1,103,22,103,43,packages\safer-buffer\tests.js,1,1196
1686,Identifier,impl,-1,-1,-1,111,48,111,52,packages\safer-buffer\tests.js,1,1197
1688,BlockStatement,nan,-1,-1,-1,111,54,116,5,packages\safer-buffer\tests.js,1,1198
1689,Identifier,impl,-1,-1,-1,119,48,119,52,packages\safer-buffer\tests.js,1,1199
1691,BlockStatement,nan,-1,-1,-1,119,54,122,5,packages\safer-buffer\tests.js,1,1200
1692,Identifier,impl,-1,-1,-1,130,48,130,52,packages\safer-buffer\tests.js,1,1201
1694,BlockStatement,nan,-1,-1,-1,130,54,135,5,packages\safer-buffer\tests.js,1,1202
1695,Identifier,method,-1,-1,-1,138,8,138,14,packages\safer-buffer\tests.js,1,1203
1697,Identifier,method,-1,-1,-1,138,36,138,42,packages\safer-buffer\tests.js,1,1204
1699,Identifier,impl,-1,-1,-1,139,48,139,52,packages\safer-buffer\tests.js,1,1205
1701,BlockStatement,nan,-1,-1,-1,139,54,142,5,packages\safer-buffer\tests.js,1,1206
1702,CallExpression,nan,1,-1,-1,151,32,151,52,packages\safer-buffer\tests.js,1,1207
1703,MemberExpression,nan,-1,-1,-1,151,9,151,31,packages\safer-buffer\tests.js,1,1208
1704,CallExpression,nan,2,-1,-1,152,32,152,56,packages\safer-buffer\tests.js,1,1209
1705,MemberExpression,nan,-1,-1,-1,152,9,152,31,packages\safer-buffer\tests.js,1,1210
1706,CallExpression,nan,2,-1,-1,153,32,153,57,packages\safer-buffer\tests.js,1,1211
1707,MemberExpression,nan,-1,-1,-1,153,9,153,31,packages\safer-buffer\tests.js,1,1212
1708,CallExpression,nan,1,-1,-1,154,32,154,53,packages\safer-buffer\tests.js,1,1213
1709,MemberExpression,nan,-1,-1,-1,154,9,154,31,packages\safer-buffer\tests.js,1,1214
1710,CallExpression,nan,2,-1,-1,155,32,155,58,packages\safer-buffer\tests.js,1,1215
1711,MemberExpression,nan,-1,-1,-1,155,9,155,31,packages\safer-buffer\tests.js,1,1216
1712,CallExpression,nan,2,-1,-1,156,32,156,58,packages\safer-buffer\tests.js,1,1217
1713,MemberExpression,nan,-1,-1,-1,156,9,156,31,packages\safer-buffer\tests.js,1,1218
1714,CallExpression,nan,1,-1,-1,157,32,157,52,packages\safer-buffer\tests.js,1,1219
1715,MemberExpression,nan,-1,-1,-1,157,9,157,31,packages\safer-buffer\tests.js,1,1220
1716,CallExpression,nan,1,-1,-1,158,32,158,58,packages\safer-buffer\tests.js,1,1221
1717,MemberExpression,nan,-1,-1,-1,158,9,158,31,packages\safer-buffer\tests.js,1,1222
1718,CallExpression,nan,2,-1,-1,159,32,159,67,packages\safer-buffer\tests.js,1,1223
1719,MemberExpression,nan,-1,-1,-1,159,9,159,31,packages\safer-buffer\tests.js,1,1224
1720,CallExpression,nan,2,-1,-1,160,32,160,78,packages\safer-buffer\tests.js,1,1225
1721,MemberExpression,nan,-1,-1,-1,160,9,160,31,packages\safer-buffer\tests.js,1,1226
1722,CallExpression,nan,1,-1,-1,161,32,161,60,packages\safer-buffer\tests.js,1,1227
1723,MemberExpression,nan,-1,-1,-1,161,9,161,31,packages\safer-buffer\tests.js,1,1228
1724,CallExpression,nan,1,-1,-1,162,32,162,76,packages\safer-buffer\tests.js,1,1229
1725,MemberExpression,nan,-1,-1,-1,162,9,162,31,packages\safer-buffer\tests.js,1,1230
1726,CallExpression,nan,1,-1,-1,163,32,163,52,packages\safer-buffer\tests.js,1,1231
1727,MemberExpression,nan,-1,-1,-1,163,9,163,31,packages\safer-buffer\tests.js,1,1232
1728,CallExpression,nan,1,-1,-1,166,32,166,59,packages\safer-buffer\tests.js,1,1233
1729,MemberExpression,nan,-1,-1,-1,166,9,166,31,packages\safer-buffer\tests.js,1,1234
1730,CallExpression,nan,1,-1,-1,167,32,167,60,packages\safer-buffer\tests.js,1,1235
1731,MemberExpression,nan,-1,-1,-1,167,9,167,31,packages\safer-buffer\tests.js,1,1236
1733,BlockStatement,nan,-1,-1,-1,197,25,197,48,packages\safer-buffer\tests.js,1,1237
1735,BlockStatement,nan,-1,-1,-1,198,25,198,49,packages\safer-buffer\tests.js,1,1238
1737,BlockStatement,nan,-1,-1,-1,199,25,199,58,packages\safer-buffer\tests.js,1,1239
1739,BlockStatement,nan,-1,-1,-1,200,25,200,75,packages\safer-buffer\tests.js,1,1240
1741,BlockStatement,nan,-1,-1,-1,201,25,201,50,packages\safer-buffer\tests.js,1,1241
1743,BlockStatement,nan,-1,-1,-1,202,25,202,51,packages\safer-buffer\tests.js,1,1242
1745,BlockStatement,nan,-1,-1,-1,203,25,203,55,packages\safer-buffer\tests.js,1,1243
1747,BlockStatement,nan,-1,-1,-1,204,25,204,56,packages\safer-buffer\tests.js,1,1244
1749,BlockStatement,nan,-1,-1,-1,205,25,205,50,packages\safer-buffer\tests.js,1,1245
1751,BlockStatement,nan,-1,-1,-1,206,25,206,51,packages\safer-buffer\tests.js,1,1246
1753,BlockStatement,nan,-1,-1,-1,207,25,207,56,packages\safer-buffer\tests.js,1,1247
1755,BlockStatement,nan,-1,-1,-1,208,25,208,47,packages\safer-buffer\tests.js,1,1248
1757,BlockStatement,nan,-1,-1,-1,209,25,209,49,packages\safer-buffer\tests.js,1,1249
1759,BlockStatement,nan,-1,-1,-1,210,25,210,50,packages\safer-buffer\tests.js,1,1250
1761,BlockStatement,nan,-1,-1,-1,211,25,211,56,packages\safer-buffer\tests.js,1,1251
1763,BlockStatement,nan,-1,-1,-1,212,25,212,65,packages\safer-buffer\tests.js,1,1252
1765,BlockStatement,nan,-1,-1,-1,213,25,213,76,packages\safer-buffer\tests.js,1,1253
1767,BlockStatement,nan,-1,-1,-1,214,25,214,51,packages\safer-buffer\tests.js,1,1254
1769,BlockStatement,nan,-1,-1,-1,215,25,215,52,packages\safer-buffer\tests.js,1,1255
1771,BlockStatement,nan,-1,-1,-1,216,25,216,61,packages\safer-buffer\tests.js,1,1256
1773,BlockStatement,nan,-1,-1,-1,217,25,217,56,packages\safer-buffer\tests.js,1,1257
1775,BlockStatement,nan,-1,-1,-1,218,25,218,57,packages\safer-buffer\tests.js,1,1258
1777,BlockStatement,nan,-1,-1,-1,219,25,219,52,packages\safer-buffer\tests.js,1,1259
1779,BlockStatement,nan,-1,-1,-1,220,25,220,57,packages\safer-buffer\tests.js,1,1260
1781,BlockStatement,nan,-1,-1,-1,221,25,221,48,packages\safer-buffer\tests.js,1,1261
1783,BlockStatement,nan,-1,-1,-1,222,25,222,50,packages\safer-buffer\tests.js,1,1262
1785,BlockStatement,nan,-1,-1,-1,223,25,223,58,packages\safer-buffer\tests.js,1,1263
1787,BlockStatement,nan,-1,-1,-1,224,25,224,50,packages\safer-buffer\tests.js,1,1264
1789,BlockStatement,nan,-1,-1,-1,227,25,227,57,packages\safer-buffer\tests.js,1,1265
1791,BlockStatement,nan,-1,-1,-1,228,25,228,63,packages\safer-buffer\tests.js,1,1266
1793,BlockStatement,nan,-1,-1,-1,229,25,229,72,packages\safer-buffer\tests.js,1,1267
1795,BlockStatement,nan,-1,-1,-1,230,25,230,68,packages\safer-buffer\tests.js,1,1268
1797,BlockStatement,nan,-1,-1,-1,231,25,231,63,packages\safer-buffer\tests.js,1,1269
1798,CallExpression,nan,1,-1,-1,233,6,233,79,packages\safer-buffer\tests.js,1,1270
1800,BlockStatement,nan,-1,-1,-1,239,25,239,59,packages\safer-buffer\tests.js,1,1271
1802,BlockStatement,nan,-1,-1,-1,240,25,240,64,packages\safer-buffer\tests.js,1,1272
1804,BlockStatement,nan,-1,-1,-1,241,25,241,55,packages\safer-buffer\tests.js,1,1273
1806,BlockStatement,nan,-1,-1,-1,242,25,242,57,packages\safer-buffer\tests.js,1,1274
1808,BlockStatement,nan,-1,-1,-1,243,25,243,65,packages\safer-buffer\tests.js,1,1275
1810,BlockStatement,nan,-1,-1,-1,244,25,244,57,packages\safer-buffer\tests.js,1,1276
1812,UnaryExpression,nan,1,-1,-1,279,10,279,38,packages\safer-buffer\tests.js,1,1277
1815,Identifier,ok,-1,-1,-1,298,24,298,26,packages\safer-buffer\tests.js,1,1278
1817,Identifier,ok,-1,-1,-1,302,24,302,26,packages\safer-buffer\tests.js,1,1279
1820,UnaryExpression,nan,1,-1,-1,315,10,315,38,packages\safer-buffer\tests.js,1,1280
1823,CallExpression,nan,3,-1,-1,317,6,317,28,packages\safer-buffer\tests.js,1,1281
1825,BlockStatement,nan,-1,-1,-1,319,35,321,7,packages\safer-buffer\tests.js,1,1282
1826,CallExpression,nan,3,-1,-1,322,6,322,28,packages\safer-buffer\tests.js,1,1283
1828,BlockStatement,nan,-1,-1,-1,323,35,325,7,packages\safer-buffer\tests.js,1,1284
1829,Identifier,ok,-1,-1,-1,343,27,343,29,packages\safer-buffer\tests.js,1,1285
1831,Identifier,ok,-1,-1,-1,361,27,361,29,packages\safer-buffer\tests.js,1,1286
1834,MemberExpression,nan,-1,-1,-1,383,16,383,32,packages\safer-buffer\tests.js,1,1287
1836,MemberExpression,nan,-1,-1,-1,383,42,383,55,packages\safer-buffer\tests.js,1,1288
1838,MemberExpression,nan,-1,-1,-1,384,16,384,32,packages\safer-buffer\tests.js,1,1289
1840,MemberExpression,nan,-1,-1,-1,384,48,384,61,packages\safer-buffer\tests.js,1,1290
1843,MemberExpression,nan,-1,-1,-1,385,16,385,32,packages\safer-buffer\tests.js,1,1291
1846,MemberExpression,nan,-1,-1,-1,385,57,385,70,packages\safer-buffer\tests.js,1,1292
1849,MemberExpression,nan,-1,-1,-1,386,16,386,32,packages\safer-buffer\tests.js,1,1293
1852,MemberExpression,nan,-1,-1,-1,386,68,386,81,packages\safer-buffer\tests.js,1,1294
1853,ArrayExpression,nan,-1,-1,-1,387,33,387,43,packages\safer-buffer\tests.js,1,1295
1854,MemberExpression,nan,-1,-1,-1,387,16,387,32,packages\safer-buffer\tests.js,1,1296
1855,ArrayExpression,nan,-1,-1,-1,387,64,387,74,packages\safer-buffer\tests.js,1,1297
1856,MemberExpression,nan,-1,-1,-1,387,50,387,63,packages\safer-buffer\tests.js,1,1298
1857,NewExpression,nan,1,-1,-1,388,33,388,59,packages\safer-buffer\tests.js,1,1299
1858,MemberExpression,nan,-1,-1,-1,388,16,388,32,packages\safer-buffer\tests.js,1,1300
1859,NewExpression,nan,1,-1,-1,388,80,388,106,packages\safer-buffer\tests.js,1,1301
1860,MemberExpression,nan,-1,-1,-1,388,66,388,79,packages\safer-buffer\tests.js,1,1302
1861,ArrayExpression,nan,-1,-1,-1,389,33,389,35,packages\safer-buffer\tests.js,1,1303
1862,MemberExpression,nan,-1,-1,-1,389,16,389,32,packages\safer-buffer\tests.js,1,1304
1863,ArrayExpression,nan,-1,-1,-1,389,56,389,58,packages\safer-buffer\tests.js,1,1305
1864,MemberExpression,nan,-1,-1,-1,389,42,389,55,packages\safer-buffer\tests.js,1,1306
1866,MemberExpression,nan,-1,-1,-1,396,16,396,32,packages\safer-buffer\tests.js,1,1307
1868,MemberExpression,nan,-1,-1,-1,396,38,396,55,packages\safer-buffer\tests.js,1,1308
1869,ArrayExpression,nan,-1,-1,-1,397,33,397,35,packages\safer-buffer\tests.js,1,1309
1870,MemberExpression,nan,-1,-1,-1,397,16,397,32,packages\safer-buffer\tests.js,1,1310
1872,MemberExpression,nan,-1,-1,-1,397,38,397,55,packages\safer-buffer\tests.js,1,1311
1873,NewExpression,nan,1,-1,-1,398,33,398,51,packages\safer-buffer\tests.js,1,1312
1874,MemberExpression,nan,-1,-1,-1,398,16,398,32,packages\safer-buffer\tests.js,1,1313
1876,MemberExpression,nan,-1,-1,-1,398,54,398,71,packages\safer-buffer\tests.js,1,1314
1879,MemberExpression,nan,-1,-1,-1,399,16,399,32,packages\safer-buffer\tests.js,1,1315
1881,MemberExpression,nan,-1,-1,-1,399,53,399,69,packages\safer-buffer\tests.js,1,1316
1883,MemberExpression,nan,-1,-1,-1,400,16,400,32,packages\safer-buffer\tests.js,1,1317
1884,ArrayExpression,nan,-1,-1,-1,400,61,400,91,packages\safer-buffer\tests.js,1,1318
1885,MemberExpression,nan,-1,-1,-1,400,44,400,60,packages\safer-buffer\tests.js,1,1319
1887,MemberExpression,nan,-1,-1,-1,401,16,401,32,packages\safer-buffer\tests.js,1,1320
1888,CallExpression,nan,1,-1,-1,401,61,401,87,packages\safer-buffer\tests.js,1,1321
1889,MemberExpression,nan,-1,-1,-1,401,44,401,60,packages\safer-buffer\tests.js,1,1322
1892,MemberExpression,nan,-1,-1,-1,402,16,402,32,packages\safer-buffer\tests.js,1,1323
1894,MemberExpression,nan,-1,-1,-1,402,64,402,80,packages\safer-buffer\tests.js,1,1324
1896,MemberExpression,nan,-1,-1,-1,403,19,403,35,packages\safer-buffer\tests.js,1,1325
1898,MemberExpression,nan,-1,-1,-1,403,57,403,73,packages\safer-buffer\tests.js,1,1326
1903,ReturnStatement,nan,1,-1,-1,40,27,40,52,packages\safer-buffer\tests.js,1,1327
1904,ReturnStatement,nan,1,-1,-1,41,27,41,53,packages\safer-buffer\tests.js,1,1328
1905,ReturnStatement,nan,1,-1,-1,42,27,42,55,packages\safer-buffer\tests.js,1,1329
1906,ReturnStatement,nan,1,-1,-1,43,27,43,64,packages\safer-buffer\tests.js,1,1330
1914,IfStatement,nan,-1,-1,-1,113,6,115,7,packages\safer-buffer\tests.js,1,1331
1918,IfStatement,nan,-1,-1,-1,132,6,134,7,packages\safer-buffer\tests.js,1,1332
1922,MemberExpression,nan,-1,-1,-1,151,32,151,49,packages\safer-buffer\tests.js,1,1333
1925,MemberExpression,nan,-1,-1,-1,152,32,152,49,packages\safer-buffer\tests.js,1,1334
1928,MemberExpression,nan,-1,-1,-1,153,32,153,49,packages\safer-buffer\tests.js,1,1335
1930,MemberExpression,nan,-1,-1,-1,154,32,154,49,packages\safer-buffer\tests.js,1,1336
1933,MemberExpression,nan,-1,-1,-1,155,32,155,49,packages\safer-buffer\tests.js,1,1337
1936,MemberExpression,nan,-1,-1,-1,156,32,156,49,packages\safer-buffer\tests.js,1,1338
1938,MemberExpression,nan,-1,-1,-1,157,32,157,48,packages\safer-buffer\tests.js,1,1339
1940,MemberExpression,nan,-1,-1,-1,158,32,158,48,packages\safer-buffer\tests.js,1,1340
1943,MemberExpression,nan,-1,-1,-1,159,32,159,48,packages\safer-buffer\tests.js,1,1341
1946,MemberExpression,nan,-1,-1,-1,160,32,160,48,packages\safer-buffer\tests.js,1,1342
1947,ArrayExpression,nan,-1,-1,-1,161,49,161,59,packages\safer-buffer\tests.js,1,1343
1948,MemberExpression,nan,-1,-1,-1,161,32,161,48,packages\safer-buffer\tests.js,1,1344
1949,NewExpression,nan,1,-1,-1,162,49,162,75,packages\safer-buffer\tests.js,1,1345
1950,MemberExpression,nan,-1,-1,-1,162,32,162,48,packages\safer-buffer\tests.js,1,1346
1951,ArrayExpression,nan,-1,-1,-1,163,49,163,51,packages\safer-buffer\tests.js,1,1347
1952,MemberExpression,nan,-1,-1,-1,163,32,163,48,packages\safer-buffer\tests.js,1,1348
1954,MemberExpression,nan,-1,-1,-1,166,32,166,56,packages\safer-buffer\tests.js,1,1349
1956,MemberExpression,nan,-1,-1,-1,167,32,167,56,packages\safer-buffer\tests.js,1,1350
1991,MemberExpression,nan,-1,-1,-1,233,6,233,12,packages\safer-buffer\tests.js,1,1351
1998,AssignmentExpression,nan,-1,-1,-1,279,40,279,50,packages\safer-buffer\tests.js,1,1352
1999,CallExpression,nan,1,-1,-1,279,11,279,38,packages\safer-buffer\tests.js,1,1353
2000,AssignmentExpression,nan,-1,-1,-1,280,33,280,43,packages\safer-buffer\tests.js,1,1354
2001,MemberExpression,nan,-1,-1,-1,280,10,280,20,packages\safer-buffer\tests.js,1,1355
2002,Identifier,length,-1,-1,-1,280,25,280,31,packages\safer-buffer\tests.js,1,1356
2003,AssignmentExpression,nan,-1,-1,-1,315,40,315,50,packages\safer-buffer\tests.js,1,1357
2004,CallExpression,nan,1,-1,-1,315,11,315,38,packages\safer-buffer\tests.js,1,1358
2005,AssignmentExpression,nan,-1,-1,-1,316,33,316,43,packages\safer-buffer\tests.js,1,1359
2006,MemberExpression,nan,-1,-1,-1,316,10,316,20,packages\safer-buffer\tests.js,1,1360
2007,Identifier,length,-1,-1,-1,316,25,316,31,packages\safer-buffer\tests.js,1,1361
2010,Identifier,length,-1,-1,-1,317,21,317,27,packages\safer-buffer\tests.js,1,1362
2011,MemberExpression,nan,-1,-1,-1,317,6,317,14,packages\safer-buffer\tests.js,1,1363
2012,Identifier,j,-1,-1,-1,319,18,319,19,packages\safer-buffer\tests.js,1,1364
2013,Identifier,length,-1,-1,-1,319,22,319,28,packages\safer-buffer\tests.js,1,1365
2014,IfStatement,nan,-1,-1,-1,320,8,320,36,packages\safer-buffer\tests.js,1,1366
2017,Identifier,length,-1,-1,-1,322,21,322,27,packages\safer-buffer\tests.js,1,1367
2018,MemberExpression,nan,-1,-1,-1,322,6,322,14,packages\safer-buffer\tests.js,1,1368
2019,Identifier,j,-1,-1,-1,323,18,323,19,packages\safer-buffer\tests.js,1,1369
2020,Identifier,length,-1,-1,-1,323,22,323,28,packages\safer-buffer\tests.js,1,1370
2021,IfStatement,nan,-1,-1,-1,324,8,324,36,packages\safer-buffer\tests.js,1,1371
2022,ArrayExpression,nan,-1,-1,-1,388,48,388,58,packages\safer-buffer\tests.js,1,1372
2023,Identifier,Uint8Array,-1,-1,-1,388,37,388,47,packages\safer-buffer\tests.js,1,1373
2024,ArrayExpression,nan,-1,-1,-1,388,95,388,105,packages\safer-buffer\tests.js,1,1374
2025,Identifier,Uint8Array,-1,-1,-1,388,84,388,94,packages\safer-buffer\tests.js,1,1375
2026,ArrayExpression,nan,-1,-1,-1,398,48,398,50,packages\safer-buffer\tests.js,1,1376
2027,Identifier,Uint8Array,-1,-1,-1,398,37,398,47,packages\safer-buffer\tests.js,1,1377
2029,MemberExpression,nan,-1,-1,-1,401,61,401,77,packages\safer-buffer\tests.js,1,1378
2030,CallExpression,nan,0,-1,-1,36,27,36,40,packages\safer-buffer\tests.js,1,1379
2031,CallExpression,nan,1,-1,-1,37,27,37,41,packages\safer-buffer\tests.js,1,1380
2032,CallExpression,nan,1,-1,-1,38,27,38,43,packages\safer-buffer\tests.js,1,1381
2033,CallExpression,nan,2,-1,-1,39,27,39,52,packages\safer-buffer\tests.js,1,1382
2034,NewExpression,nan,0,-1,-1,40,34,40,51,packages\safer-buffer\tests.js,1,1383
2035,NewExpression,nan,1,-1,-1,41,34,41,52,packages\safer-buffer\tests.js,1,1384
2036,NewExpression,nan,1,-1,-1,42,34,42,54,packages\safer-buffer\tests.js,1,1385
2037,NewExpression,nan,2,-1,-1,43,34,43,63,packages\safer-buffer\tests.js,1,1386
2038,CallExpression,nan,3,-1,-1,71,6,71,65,packages\safer-buffer\tests.js,1,1387
2039,CallExpression,nan,3,-1,-1,72,6,72,65,packages\safer-buffer\tests.js,1,1388
2040,CallExpression,nan,3,-1,-1,82,6,82,51,packages\safer-buffer\tests.js,1,1389
2041,CallExpression,nan,3,-1,-1,83,6,83,58,packages\safer-buffer\tests.js,1,1390
2042,CallExpression,nan,3,-1,-1,93,6,93,65,packages\safer-buffer\tests.js,1,1391
2043,CallExpression,nan,3,-1,-1,94,6,94,65,packages\safer-buffer\tests.js,1,1392
2044,CallExpression,nan,3,-1,-1,112,6,112,50,packages\safer-buffer\tests.js,1,1393
2045,BlockStatement,nan,-1,-1,-1,113,41,115,7,packages\safer-buffer\tests.js,1,1394
2047,CallExpression,nan,3,-1,-1,120,6,120,64,packages\safer-buffer\tests.js,1,1395
2048,CallExpression,nan,3,-1,-1,121,6,121,65,packages\safer-buffer\tests.js,1,1396
2049,CallExpression,nan,3,-1,-1,131,6,131,54,packages\safer-buffer\tests.js,1,1397
2050,BlockStatement,nan,-1,-1,-1,132,41,134,7,packages\safer-buffer\tests.js,1,1398
2052,CallExpression,nan,3,-1,-1,140,6,140,68,packages\safer-buffer\tests.js,1,1399
2053,CallExpression,nan,3,-1,-1,141,6,141,65,packages\safer-buffer\tests.js,1,1400
2054,ArrayExpression,nan,-1,-1,-1,162,64,162,74,packages\safer-buffer\tests.js,1,1401
2055,Identifier,Uint8Array,-1,-1,-1,162,53,162,63,packages\safer-buffer\tests.js,1,1402
2056,CallExpression,nan,1,-1,-1,197,27,197,46,packages\safer-buffer\tests.js,1,1403
2057,CallExpression,nan,1,-1,-1,198,27,198,47,packages\safer-buffer\tests.js,1,1404
2058,CallExpression,nan,2,-1,-1,199,27,199,56,packages\safer-buffer\tests.js,1,1405
2059,CallExpression,nan,2,-1,-1,200,27,200,73,packages\safer-buffer\tests.js,1,1406
2060,CallExpression,nan,1,-1,-1,201,27,201,48,packages\safer-buffer\tests.js,1,1407
2061,CallExpression,nan,1,-1,-1,202,27,202,49,packages\safer-buffer\tests.js,1,1408
2062,CallExpression,nan,1,-1,-1,203,27,203,53,packages\safer-buffer\tests.js,1,1409
2063,CallExpression,nan,1,-1,-1,204,27,204,54,packages\safer-buffer\tests.js,1,1410
2064,CallExpression,nan,1,-1,-1,205,27,205,48,packages\safer-buffer\tests.js,1,1411
2065,CallExpression,nan,1,-1,-1,206,27,206,49,packages\safer-buffer\tests.js,1,1412
2066,CallExpression,nan,1,-1,-1,207,27,207,54,packages\safer-buffer\tests.js,1,1413
2067,CallExpression,nan,0,-1,-1,208,27,208,45,packages\safer-buffer\tests.js,1,1414
2068,CallExpression,nan,1,-1,-1,209,27,209,47,packages\safer-buffer\tests.js,1,1415
2069,CallExpression,nan,1,-1,-1,210,27,210,48,packages\safer-buffer\tests.js,1,1416
2070,CallExpression,nan,1,-1,-1,211,27,211,54,packages\safer-buffer\tests.js,1,1417
2071,CallExpression,nan,2,-1,-1,212,27,212,63,packages\safer-buffer\tests.js,1,1418
2072,CallExpression,nan,2,-1,-1,213,27,213,74,packages\safer-buffer\tests.js,1,1419
2073,CallExpression,nan,1,-1,-1,214,27,214,49,packages\safer-buffer\tests.js,1,1420
2074,CallExpression,nan,1,-1,-1,215,27,215,50,packages\safer-buffer\tests.js,1,1421
2075,CallExpression,nan,1,-1,-1,216,27,216,59,packages\safer-buffer\tests.js,1,1422
2076,CallExpression,nan,1,-1,-1,217,27,217,54,packages\safer-buffer\tests.js,1,1423
2077,CallExpression,nan,1,-1,-1,218,27,218,55,packages\safer-buffer\tests.js,1,1424
2078,CallExpression,nan,1,-1,-1,219,27,219,50,packages\safer-buffer\tests.js,1,1425
2079,CallExpression,nan,1,-1,-1,220,27,220,55,packages\safer-buffer\tests.js,1,1426
2080,CallExpression,nan,0,-1,-1,221,27,221,46,packages\safer-buffer\tests.js,1,1427
2081,CallExpression,nan,1,-1,-1,222,27,222,48,packages\safer-buffer\tests.js,1,1428
2082,CallExpression,nan,1,-1,-1,223,27,223,56,packages\safer-buffer\tests.js,1,1429
2083,CallExpression,nan,1,-1,-1,224,27,224,48,packages\safer-buffer\tests.js,1,1430
2084,CallExpression,nan,1,-1,-1,227,27,227,55,packages\safer-buffer\tests.js,1,1431
2085,CallExpression,nan,1,-1,-1,228,27,228,61,packages\safer-buffer\tests.js,1,1432
2086,CallExpression,nan,2,-1,-1,229,27,229,70,packages\safer-buffer\tests.js,1,1433
2087,CallExpression,nan,1,-1,-1,230,27,230,66,packages\safer-buffer\tests.js,1,1434
2088,CallExpression,nan,1,-1,-1,231,27,231,61,packages\safer-buffer\tests.js,1,1435
2089,CallExpression,nan,1,-1,-1,239,27,239,57,packages\safer-buffer\tests.js,1,1436
2090,CallExpression,nan,1,-1,-1,240,27,240,62,packages\safer-buffer\tests.js,1,1437
2091,CallExpression,nan,0,-1,-1,241,27,241,53,packages\safer-buffer\tests.js,1,1438
2092,CallExpression,nan,1,-1,-1,242,27,242,55,packages\safer-buffer\tests.js,1,1439
2093,CallExpression,nan,1,-1,-1,243,27,243,63,packages\safer-buffer\tests.js,1,1440
2094,CallExpression,nan,1,-1,-1,244,27,244,55,packages\safer-buffer\tests.js,1,1441
2095,Identifier,ok,-1,-1,-1,279,40,279,42,packages\safer-buffer\tests.js,1,1442
2097,Identifier,buf,-1,-1,-1,279,34,279,37,packages\safer-buffer\tests.js,1,1443
2098,MemberExpression,nan,-1,-1,-1,279,11,279,33,packages\safer-buffer\tests.js,1,1444
2099,Identifier,ok,-1,-1,-1,280,33,280,35,packages\safer-buffer\tests.js,1,1445
2101,Identifier,ok,-1,-1,-1,315,40,315,42,packages\safer-buffer\tests.js,1,1446
2103,Identifier,buf,-1,-1,-1,315,34,315,37,packages\safer-buffer\tests.js,1,1447
2104,MemberExpression,nan,-1,-1,-1,315,11,315,33,packages\safer-buffer\tests.js,1,1448
2105,Identifier,ok,-1,-1,-1,316,33,316,35,packages\safer-buffer\tests.js,1,1449
2111,MemberExpression,nan,-1,-1,-1,36,27,36,38,packages\safer-buffer\tests.js,1,1450
2113,MemberExpression,nan,-1,-1,-1,37,27,37,38,packages\safer-buffer\tests.js,1,1451
2115,MemberExpression,nan,-1,-1,-1,38,27,38,38,packages\safer-buffer\tests.js,1,1452
2118,MemberExpression,nan,-1,-1,-1,39,27,39,38,packages\safer-buffer\tests.js,1,1453
2119,MemberExpression,nan,-1,-1,-1,40,38,40,49,packages\safer-buffer\tests.js,1,1454
2121,MemberExpression,nan,-1,-1,-1,41,38,41,49,packages\safer-buffer\tests.js,1,1455
2123,MemberExpression,nan,-1,-1,-1,42,38,42,49,packages\safer-buffer\tests.js,1,1456
2126,MemberExpression,nan,-1,-1,-1,43,38,43,49,packages\safer-buffer\tests.js,1,1457
2127,MemberExpression,nan,-1,-1,-1,71,14,71,33,packages\safer-buffer\tests.js,1,1458
2128,MemberExpression,nan,-1,-1,-1,71,35,71,56,packages\safer-buffer\tests.js,1,1459
2129,Identifier,method,-1,-1,-1,71,58,71,64,packages\safer-buffer\tests.js,1,1460
2130,MemberExpression,nan,-1,-1,-1,71,6,71,13,packages\safer-buffer\tests.js,1,1461
2131,UnaryExpression,nan,1,-1,-1,72,17,72,43,packages\safer-buffer\tests.js,1,1462
2133,Identifier,method,-1,-1,-1,72,58,72,64,packages\safer-buffer\tests.js,1,1463
2134,MemberExpression,nan,-1,-1,-1,72,6,72,16,packages\safer-buffer\tests.js,1,1464
2135,MemberExpression,nan,-1,-1,-1,82,14,82,26,packages\safer-buffer\tests.js,1,1465
2136,MemberExpression,nan,-1,-1,-1,82,28,82,42,packages\safer-buffer\tests.js,1,1466
2137,Identifier,method,-1,-1,-1,82,44,82,50,packages\safer-buffer\tests.js,1,1467
2138,MemberExpression,nan,-1,-1,-1,82,6,82,13,packages\safer-buffer\tests.js,1,1468
2139,UnaryExpression,nan,1,-1,-1,83,17,83,36,packages\safer-buffer\tests.js,1,1469
2141,Identifier,method,-1,-1,-1,83,51,83,57,packages\safer-buffer\tests.js,1,1470
2142,MemberExpression,nan,-1,-1,-1,83,6,83,16,packages\safer-buffer\tests.js,1,1471
2143,MemberExpression,nan,-1,-1,-1,93,14,93,33,packages\safer-buffer\tests.js,1,1472
2144,MemberExpression,nan,-1,-1,-1,93,35,93,56,packages\safer-buffer\tests.js,1,1473
2145,Identifier,method,-1,-1,-1,93,58,93,64,packages\safer-buffer\tests.js,1,1474
2146,MemberExpression,nan,-1,-1,-1,93,6,93,13,packages\safer-buffer\tests.js,1,1475
2147,UnaryExpression,nan,1,-1,-1,94,17,94,43,packages\safer-buffer\tests.js,1,1476
2149,Identifier,method,-1,-1,-1,94,58,94,64,packages\safer-buffer\tests.js,1,1477
2150,MemberExpression,nan,-1,-1,-1,94,6,94,16,packages\safer-buffer\tests.js,1,1478
2151,MemberExpression,nan,-1,-1,-1,112,14,112,26,packages\safer-buffer\tests.js,1,1479
2152,MemberExpression,nan,-1,-1,-1,112,28,112,41,packages\safer-buffer\tests.js,1,1480
2153,Identifier,method,-1,-1,-1,112,43,112,49,packages\safer-buffer\tests.js,1,1481
2154,MemberExpression,nan,-1,-1,-1,112,6,112,13,packages\safer-buffer\tests.js,1,1482
2156,Identifier,method,-1,-1,-1,113,10,113,16,packages\safer-buffer\tests.js,1,1483
2158,MemberExpression,nan,-1,-1,-1,120,14,120,33,packages\safer-buffer\tests.js,1,1484
2159,MemberExpression,nan,-1,-1,-1,120,35,120,55,packages\safer-buffer\tests.js,1,1485
2160,Identifier,method,-1,-1,-1,120,57,120,63,packages\safer-buffer\tests.js,1,1486
2161,MemberExpression,nan,-1,-1,-1,120,6,120,13,packages\safer-buffer\tests.js,1,1487
2162,UnaryExpression,nan,1,-1,-1,121,17,121,43,packages\safer-buffer\tests.js,1,1488
2164,Identifier,method,-1,-1,-1,121,58,121,64,packages\safer-buffer\tests.js,1,1489
2165,MemberExpression,nan,-1,-1,-1,121,6,121,16,packages\safer-buffer\tests.js,1,1490
2166,MemberExpression,nan,-1,-1,-1,131,14,131,26,packages\safer-buffer\tests.js,1,1491
2167,MemberExpression,nan,-1,-1,-1,131,28,131,45,packages\safer-buffer\tests.js,1,1492
2168,Identifier,method,-1,-1,-1,131,47,131,53,packages\safer-buffer\tests.js,1,1493
2169,MemberExpression,nan,-1,-1,-1,131,6,131,13,packages\safer-buffer\tests.js,1,1494
2171,Identifier,method,-1,-1,-1,132,10,132,16,packages\safer-buffer\tests.js,1,1495
2173,MemberExpression,nan,-1,-1,-1,140,14,140,33,packages\safer-buffer\tests.js,1,1496
2174,MemberExpression,nan,-1,-1,-1,140,35,140,59,packages\safer-buffer\tests.js,1,1497
2175,Identifier,method,-1,-1,-1,140,61,140,67,packages\safer-buffer\tests.js,1,1498
2176,MemberExpression,nan,-1,-1,-1,140,6,140,13,packages\safer-buffer\tests.js,1,1499
2177,UnaryExpression,nan,1,-1,-1,141,17,141,43,packages\safer-buffer\tests.js,1,1500
2179,Identifier,method,-1,-1,-1,141,58,141,64,packages\safer-buffer\tests.js,1,1501
2180,MemberExpression,nan,-1,-1,-1,141,6,141,16,packages\safer-buffer\tests.js,1,1502
2182,MemberExpression,nan,-1,-1,-1,197,27,197,43,packages\safer-buffer\tests.js,1,1503
2184,MemberExpression,nan,-1,-1,-1,198,27,198,43,packages\safer-buffer\tests.js,1,1504
2187,MemberExpression,nan,-1,-1,-1,199,27,199,43,packages\safer-buffer\tests.js,1,1505
2190,MemberExpression,nan,-1,-1,-1,200,27,200,43,packages\safer-buffer\tests.js,1,1506
2191,UnaryExpression,nan,1,-1,-1,201,44,201,47,packages\safer-buffer\tests.js,1,1507
2192,MemberExpression,nan,-1,-1,-1,201,27,201,43,packages\safer-buffer\tests.js,1,1508
2194,MemberExpression,nan,-1,-1,-1,202,27,202,43,packages\safer-buffer\tests.js,1,1509
2195,Identifier,Infinity,-1,-1,-1,203,44,203,52,packages\safer-buffer\tests.js,1,1510
2196,MemberExpression,nan,-1,-1,-1,203,27,203,43,packages\safer-buffer\tests.js,1,1511
2197,UnaryExpression,nan,1,-1,-1,204,44,204,53,packages\safer-buffer\tests.js,1,1512
2198,MemberExpression,nan,-1,-1,-1,204,27,204,43,packages\safer-buffer\tests.js,1,1513
2199,Identifier,nan,-1,-1,-1,205,44,205,47,packages\safer-buffer\tests.js,1,1514
2200,MemberExpression,nan,-1,-1,-1,205,27,205,43,packages\safer-buffer\tests.js,1,1515
2202,MemberExpression,nan,-1,-1,-1,206,27,206,43,packages\safer-buffer\tests.js,1,1516
2203,Identifier,undefined,-1,-1,-1,207,44,207,53,packages\safer-buffer\tests.js,1,1517
2204,MemberExpression,nan,-1,-1,-1,207,27,207,43,packages\safer-buffer\tests.js,1,1518
2205,MemberExpression,nan,-1,-1,-1,208,27,208,43,packages\safer-buffer\tests.js,1,1519
2206,ObjectExpression,nan,-1,-1,-1,209,44,209,46,packages\safer-buffer\tests.js,1,1520
2207,MemberExpression,nan,-1,-1,-1,209,27,209,43,packages\safer-buffer\tests.js,1,1521
2209,MemberExpression,nan,-1,-1,-1,210,27,210,44,packages\safer-buffer\tests.js,1,1522
2211,MemberExpression,nan,-1,-1,-1,211,27,211,44,packages\safer-buffer\tests.js,1,1523
2214,MemberExpression,nan,-1,-1,-1,212,27,212,44,packages\safer-buffer\tests.js,1,1524
2217,MemberExpression,nan,-1,-1,-1,213,27,213,44,packages\safer-buffer\tests.js,1,1525
2218,UnaryExpression,nan,1,-1,-1,214,45,214,48,packages\safer-buffer\tests.js,1,1526
2219,MemberExpression,nan,-1,-1,-1,214,27,214,44,packages\safer-buffer\tests.js,1,1527
2221,MemberExpression,nan,-1,-1,-1,215,27,215,44,packages\safer-buffer\tests.js,1,1528
2223,MemberExpression,nan,-1,-1,-1,216,27,216,44,packages\safer-buffer\tests.js,1,1529
2224,Identifier,Infinity,-1,-1,-1,217,45,217,53,packages\safer-buffer\tests.js,1,1530
2225,MemberExpression,nan,-1,-1,-1,217,27,217,44,packages\safer-buffer\tests.js,1,1531
2226,UnaryExpression,nan,1,-1,-1,218,45,218,54,packages\safer-buffer\tests.js,1,1532
2227,MemberExpression,nan,-1,-1,-1,218,27,218,44,packages\safer-buffer\tests.js,1,1533
2229,MemberExpression,nan,-1,-1,-1,219,27,219,44,packages\safer-buffer\tests.js,1,1534
2230,Identifier,undefined,-1,-1,-1,220,45,220,54,packages\safer-buffer\tests.js,1,1535
2231,MemberExpression,nan,-1,-1,-1,220,27,220,44,packages\safer-buffer\tests.js,1,1536
2232,MemberExpression,nan,-1,-1,-1,221,27,221,44,packages\safer-buffer\tests.js,1,1537
2233,ArrayExpression,nan,-1,-1,-1,222,45,222,47,packages\safer-buffer\tests.js,1,1538
2234,MemberExpression,nan,-1,-1,-1,222,27,222,44,packages\safer-buffer\tests.js,1,1539
2235,ArrayExpression,nan,-1,-1,-1,223,45,223,55,packages\safer-buffer\tests.js,1,1540
2236,MemberExpression,nan,-1,-1,-1,223,27,223,44,packages\safer-buffer\tests.js,1,1541
2237,ObjectExpression,nan,-1,-1,-1,224,45,224,47,packages\safer-buffer\tests.js,1,1542
2238,MemberExpression,nan,-1,-1,-1,224,27,224,44,packages\safer-buffer\tests.js,1,1543
2240,MemberExpression,nan,-1,-1,-1,227,27,227,51,packages\safer-buffer\tests.js,1,1544
2242,MemberExpression,nan,-1,-1,-1,228,27,228,51,packages\safer-buffer\tests.js,1,1545
2245,MemberExpression,nan,-1,-1,-1,229,27,229,51,packages\safer-buffer\tests.js,1,1546
2247,MemberExpression,nan,-1,-1,-1,230,27,230,51,packages\safer-buffer\tests.js,1,1547
2248,Identifier,Infinity,-1,-1,-1,231,52,231,60,packages\safer-buffer\tests.js,1,1548
2249,MemberExpression,nan,-1,-1,-1,231,27,231,51,packages\safer-buffer\tests.js,1,1549
2251,MemberExpression,nan,-1,-1,-1,239,27,239,51,packages\safer-buffer\tests.js,1,1550
2252,Identifier,undefined,-1,-1,-1,240,52,240,61,packages\safer-buffer\tests.js,1,1551
2253,MemberExpression,nan,-1,-1,-1,240,27,240,51,packages\safer-buffer\tests.js,1,1552
2254,MemberExpression,nan,-1,-1,-1,241,27,241,51,packages\safer-buffer\tests.js,1,1553
2255,ArrayExpression,nan,-1,-1,-1,242,52,242,54,packages\safer-buffer\tests.js,1,1554
2256,MemberExpression,nan,-1,-1,-1,242,27,242,51,packages\safer-buffer\tests.js,1,1555
2257,ArrayExpression,nan,-1,-1,-1,243,52,243,62,packages\safer-buffer\tests.js,1,1556
2258,MemberExpression,nan,-1,-1,-1,243,27,243,51,packages\safer-buffer\tests.js,1,1557
2259,ObjectExpression,nan,-1,-1,-1,244,52,244,54,packages\safer-buffer\tests.js,1,1558
2260,MemberExpression,nan,-1,-1,-1,244,27,244,51,packages\safer-buffer\tests.js,1,1559
2261,AssignmentExpression,nan,-1,-1,-1,320,26,320,36,packages\safer-buffer\tests.js,1,1560
2262,MemberExpression,nan,-1,-1,-1,320,12,320,18,packages\safer-buffer\tests.js,1,1561
2264,AssignmentExpression,nan,-1,-1,-1,324,26,324,36,packages\safer-buffer\tests.js,1,1562
2265,MemberExpression,nan,-1,-1,-1,324,12,324,18,packages\safer-buffer\tests.js,1,1563
2267,MemberExpression,nan,-1,-1,-1,72,24,72,43,packages\safer-buffer\tests.js,1,1564
2268,MemberExpression,nan,-1,-1,-1,83,24,83,36,packages\safer-buffer\tests.js,1,1565
2269,MemberExpression,nan,-1,-1,-1,94,24,94,43,packages\safer-buffer\tests.js,1,1566
2270,CallExpression,nan,3,-1,-1,114,8,114,60,packages\safer-buffer\tests.js,1,1567
2271,MemberExpression,nan,-1,-1,-1,121,24,121,43,packages\safer-buffer\tests.js,1,1568
2272,CallExpression,nan,3,-1,-1,133,8,133,60,packages\safer-buffer\tests.js,1,1569
2273,MemberExpression,nan,-1,-1,-1,141,24,141,43,packages\safer-buffer\tests.js,1,1570
2275,Identifier,Infinity,-1,-1,-1,204,45,204,53,packages\safer-buffer\tests.js,1,1571
2279,Identifier,Infinity,-1,-1,-1,218,46,218,54,packages\safer-buffer\tests.js,1,1572
2282,Identifier,ok,-1,-1,-1,320,26,320,28,packages\safer-buffer\tests.js,1,1573
2284,Identifier,ok,-1,-1,-1,324,26,324,28,packages\safer-buffer\tests.js,1,1574
2286,UnaryExpression,nan,1,-1,-1,114,19,114,38,packages\safer-buffer\tests.js,1,1575
2288,Identifier,method,-1,-1,-1,114,53,114,59,packages\safer-buffer\tests.js,1,1576
2289,MemberExpression,nan,-1,-1,-1,114,8,114,18,packages\safer-buffer\tests.js,1,1577
2290,UnaryExpression,nan,1,-1,-1,133,19,133,38,packages\safer-buffer\tests.js,1,1578
2292,Identifier,method,-1,-1,-1,133,53,133,59,packages\safer-buffer\tests.js,1,1579
2293,MemberExpression,nan,-1,-1,-1,133,8,133,18,packages\safer-buffer\tests.js,1,1580
2298,MemberExpression,nan,-1,-1,-1,114,26,114,38,packages\safer-buffer\tests.js,1,1581
2299,MemberExpression,nan,-1,-1,-1,133,26,133,38,packages\safer-buffer\tests.js,1,1582
