id,type,name,params_len,argument_len,returns,start_line,start_column,end_line,end_column,file_name,file_is_index_or_test,new_id
1,Program,nan,-1,-1,-1,18,0,3047,4,packages\slick-carousel\slick\slick.js,0,0
2,EmptyStatement,nan,-1,-1,-1,18,0,18,1,packages\slick-carousel\slick\slick.js,0,1
4,CallExpression,nan,1,-1,-1,18,2,3047,2,packages\slick-carousel\slick\slick.js,0,2
5,FunctionExpression,nan,-1,1,0,39,2,3047,1,packages\slick-carousel\slick\slick.js,0,3
6,FunctionExpression,nan,-1,1,0,18,2,39,1,packages\slick-carousel\slick\slick.js,0,4
7,Identifier,$,-1,-1,-1,39,11,39,12,packages\slick-carousel\slick\slick.js,0,5
9,BlockStatement,nan,-1,-1,-1,39,14,3047,1,packages\slick-carousel\slick\slick.js,0,6
10,Identifier,factory,-1,-1,-1,18,11,18,18,packages\slick-carousel\slick\slick.js,0,7
12,BlockStatement,nan,-1,-1,-1,18,20,39,1,packages\slick-carousel\slick\slick.js,0,8
14,VariableDeclaration,nan,-1,-1,-1,41,4,41,35,packages\slick-carousel\slick\slick.js,0,9
100,IfStatement,nan,-1,-1,-1,20,4,37,5,packages\slick-carousel\slick\slick.js,0,10
102,AssignmentExpression,nan,-1,-1,-1,43,4,192,8,packages\slick-carousel\slick\slick.js,0,11
103,AssignmentExpression,nan,-1,-1,-1,194,4,204,5,packages\slick-carousel\slick\slick.js,0,12
104,AssignmentExpression,nan,-1,-1,-1,206,4,249,5,packages\slick-carousel\slick\slick.js,0,13
105,AssignmentExpression,nan,-1,-1,-1,251,4,259,5,packages\slick-carousel\slick\slick.js,0,14
106,AssignmentExpression,nan,-1,-1,-1,261,4,339,5,packages\slick-carousel\slick\slick.js,0,15
107,AssignmentExpression,nan,-1,-1,-1,341,4,352,5,packages\slick-carousel\slick\slick.js,0,16
108,AssignmentExpression,nan,-1,-1,-1,354,4,368,5,packages\slick-carousel\slick\slick.js,0,17
109,AssignmentExpression,nan,-1,-1,-1,370,4,387,5,packages\slick-carousel\slick\slick.js,0,18
110,AssignmentExpression,nan,-1,-1,-1,389,4,399,5,packages\slick-carousel\slick\slick.js,0,19
111,AssignmentExpression,nan,-1,-1,-1,401,4,409,5,packages\slick-carousel\slick\slick.js,0,20
112,AssignmentExpression,nan,-1,-1,-1,411,4,440,5,packages\slick-carousel\slick\slick.js,0,21
113,AssignmentExpression,nan,-1,-1,-1,442,4,484,5,packages\slick-carousel\slick\slick.js,0,22
114,AssignmentExpression,nan,-1,-1,-1,486,4,507,5,packages\slick-carousel\slick\slick.js,0,23
115,AssignmentExpression,nan,-1,-1,-1,509,4,557,5,packages\slick-carousel\slick\slick.js,0,24
116,AssignmentExpression,nan,-1,-1,-1,559,4,597,5,packages\slick-carousel\slick\slick.js,0,25
117,AssignmentExpression,nan,-1,-1,-1,599,4,685,5,packages\slick-carousel\slick\slick.js,0,26
118,AssignmentExpression,nan,-1,-1,-1,687,4,734,5,packages\slick-carousel\slick\slick.js,0,27
119,AssignmentExpression,nan,-1,-1,-1,736,4,756,5,packages\slick-carousel\slick\slick.js,0,28
120,AssignmentExpression,nan,-1,-1,-1,758,4,813,5,packages\slick-carousel\slick\slick.js,0,29
121,AssignmentExpression,nan,-1,-1,-1,815,4,822,5,packages\slick-carousel\slick\slick.js,0,30
122,AssignmentExpression,nan,-1,-1,-1,824,4,834,5,packages\slick-carousel\slick\slick.js,0,31
123,AssignmentExpression,nan,-1,-1,-1,836,4,846,5,packages\slick-carousel\slick\slick.js,0,32
124,AssignmentExpression,nan,-1,-1,-1,848,4,920,5,packages\slick-carousel\slick\slick.js,0,33
125,AssignmentExpression,nan,-1,-1,-1,922,4,935,5,packages\slick-carousel\slick\slick.js,0,34
126,AssignmentExpression,nan,-1,-1,-1,937,4,971,5,packages\slick-carousel\slick\slick.js,0,35
127,AssignmentExpression,nan,-1,-1,-1,973,4,995,5,packages\slick-carousel\slick\slick.js,0,36
128,AssignmentExpression,nan,-1,-1,-1,997,4,1015,5,packages\slick-carousel\slick\slick.js,0,37
129,AssignmentExpression,nan,-1,-1,-1,1017,4,1052,5,packages\slick-carousel\slick\slick.js,0,38
130,AssignmentExpression,nan,-1,-1,-1,1054,4,1059,5,packages\slick-carousel\slick\slick.js,0,39
131,AssignmentExpression,nan,-1,-1,-1,1061,4,1093,5,packages\slick-carousel\slick\slick.js,0,40
132,AssignmentExpression,nan,-1,-1,-1,1095,4,1200,5,packages\slick-carousel\slick\slick.js,0,41
133,AssignmentExpression,nan,-1,-1,-1,1202,4,1208,5,packages\slick-carousel\slick\slick.js,0,42
134,AssignmentExpression,nan,-1,-1,-1,1210,4,1234,5,packages\slick-carousel\slick\slick.js,0,43
135,AssignmentExpression,nan,-1,-1,-1,1236,4,1240,5,packages\slick-carousel\slick\slick.js,0,44
136,AssignmentExpression,nan,-1,-1,-1,1242,4,1277,5,packages\slick-carousel\slick\slick.js,0,45
137,AssignmentExpression,nan,-1,-1,-1,1279,4,1290,5,packages\slick-carousel\slick\slick.js,0,46
138,AssignmentExpression,nan,-1,-1,-1,1292,4,1328,5,packages\slick-carousel\slick\slick.js,0,47
139,AssignmentExpression,nan,-1,-1,-1,1330,4,1396,5,packages\slick-carousel\slick\slick.js,0,48
140,AssignmentExpression,nan,-1,-1,-1,1398,4,1420,5,packages\slick-carousel\slick\slick.js,0,49
141,AssignmentExpression,nan,-1,-1,-1,1422,4,1444,5,packages\slick-carousel\slick\slick.js,0,50
142,AssignmentExpression,nan,-1,-1,-1,1446,4,1457,5,packages\slick-carousel\slick\slick.js,0,51
143,AssignmentExpression,nan,-1,-1,-1,1459,4,1502,5,packages\slick-carousel\slick\slick.js,0,52
144,AssignmentExpression,nan,-1,-1,-1,1504,4,1521,5,packages\slick-carousel\slick\slick.js,0,53
145,AssignmentExpression,nan,-1,-1,-1,1523,4,1543,5,packages\slick-carousel\slick\slick.js,0,54
146,AssignmentExpression,nan,-1,-1,-1,1545,4,1651,5,packages\slick-carousel\slick\slick.js,0,55
147,AssignmentExpression,nan,-1,-1,-1,1653,4,1671,5,packages\slick-carousel\slick\slick.js,0,56
148,AssignmentExpression,nan,-1,-1,-1,1673,4,1683,5,packages\slick-carousel\slick\slick.js,0,57
149,AssignmentExpression,nan,-1,-1,-1,1685,4,1692,5,packages\slick-carousel\slick\slick.js,0,58
150,AssignmentExpression,nan,-1,-1,-1,1694,4,1701,5,packages\slick-carousel\slick\slick.js,0,59
151,AssignmentExpression,nan,-1,-1,-1,1703,4,1713,5,packages\slick-carousel\slick\slick.js,0,60
152,AssignmentExpression,nan,-1,-1,-1,1715,4,1746,5,packages\slick-carousel\slick\slick.js,0,61
153,AssignmentExpression,nan,-1,-1,-1,1748,4,1758,5,packages\slick-carousel\slick\slick.js,0,62
154,AssignmentExpression,nan,-1,-1,-1,1760,4,1764,5,packages\slick-carousel\slick\slick.js,0,63
155,AssignmentExpression,nan,-1,-1,-1,1766,4,1848,5,packages\slick-carousel\slick\slick.js,0,64
156,AssignmentExpression,nan,-1,-1,-1,1850,4,1887,5,packages\slick-carousel\slick\slick.js,0,65
157,AssignmentExpression,nan,-1,-1,-1,1889,4,1927,5,packages\slick-carousel\slick\slick.js,0,66
158,AssignmentExpression,nan,-1,-1,-1,1929,4,1977,5,packages\slick-carousel\slick\slick.js,0,67
159,AssignmentExpression,nan,-1,-1,-1,1979,4,1991,5,packages\slick-carousel\slick\slick.js,0,68
160,AssignmentExpression,nan,-1,-1,-1,1993,4,2026,5,packages\slick-carousel\slick\slick.js,0,69
161,AssignmentExpression,nan,-1,-1,-1,2028,4,2055,5,packages\slick-carousel\slick\slick.js,0,70
162,AssignmentExpression,nan,-1,-1,-1,2057,4,2094,5,packages\slick-carousel\slick\slick.js,0,71
163,AssignmentExpression,nan,-1,-1,-1,2096,4,2127,5,packages\slick-carousel\slick\slick.js,0,72
164,AssignmentExpression,nan,-1,-1,-1,2129,4,2138,5,packages\slick-carousel\slick\slick.js,0,73
165,AssignmentExpression,nan,-1,-1,-1,2140,4,2236,5,packages\slick-carousel\slick\slick.js,0,74
166,AssignmentExpression,nan,-1,-1,-1,2238,4,2254,5,packages\slick-carousel\slick\slick.js,0,75
167,AssignmentExpression,nan,-1,-1,-1,2256,4,2317,5,packages\slick-carousel\slick\slick.js,0,76
168,AssignmentExpression,nan,-1,-1,-1,2320,4,2427,5,packages\slick-carousel\slick\slick.js,0,77
169,AssignmentExpression,nan,-1,-1,-1,2429,4,2471,5,packages\slick-carousel\slick\slick.js,0,78
170,AssignmentExpression,nan,-1,-1,-1,2473,4,2482,5,packages\slick-carousel\slick\slick.js,0,79
171,AssignmentExpression,nan,-1,-1,-1,2484,4,2506,5,packages\slick-carousel\slick\slick.js,0,80
172,AssignmentExpression,nan,-1,-1,-1,2508,4,2626,5,packages\slick-carousel\slick\slick.js,0,81
173,AssignmentExpression,nan,-1,-1,-1,2628,4,2647,5,packages\slick-carousel\slick\slick.js,0,82
174,AssignmentExpression,nan,-1,-1,-1,2649,4,2681,5,packages\slick-carousel\slick\slick.js,0,83
175,AssignmentExpression,nan,-1,-1,-1,2683,4,2762,5,packages\slick-carousel\slick\slick.js,0,84
176,AssignmentExpression,nan,-1,-1,-1,2764,4,2801,5,packages\slick-carousel\slick\slick.js,0,85
177,AssignmentExpression,nan,-1,-1,-1,2803,4,2879,5,packages\slick-carousel\slick\slick.js,0,86
178,AssignmentExpression,nan,-1,-1,-1,2881,4,2902,5,packages\slick-carousel\slick\slick.js,0,87
179,AssignmentExpression,nan,-1,-1,-1,2904,4,2920,5,packages\slick-carousel\slick\slick.js,0,88
180,AssignmentExpression,nan,-1,-1,-1,2922,4,2945,5,packages\slick-carousel\slick\slick.js,0,89
181,AssignmentExpression,nan,-1,-1,-1,2947,4,2953,5,packages\slick-carousel\slick\slick.js,0,90
182,AssignmentExpression,nan,-1,-1,-1,2955,4,2988,5,packages\slick-carousel\slick\slick.js,0,91
183,AssignmentExpression,nan,-1,-1,-1,2990,4,3008,5,packages\slick-carousel\slick\slick.js,0,92
184,AssignmentExpression,nan,-1,-1,-1,3010,4,3028,5,packages\slick-carousel\slick\slick.js,0,93
185,AssignmentExpression,nan,-1,-1,-1,3030,4,3045,5,packages\slick-carousel\slick\slick.js,0,94
187,BlockStatement,nan,-1,-1,-1,20,52,22,5,packages\slick-carousel\slick\slick.js,0,95
188,LogicalExpression,nan,-1,-1,-1,20,8,20,50,packages\slick-carousel\slick\slick.js,0,96
189,Identifier,Slick,-1,-1,-1,43,4,43,9,packages\slick-carousel\slick\slick.js,0,97
190,CallExpression,nan,0,-1,-1,43,13,192,7,packages\slick-carousel\slick\slick.js,0,98
191,MemberExpression,nan,-1,-1,-1,194,4,194,31,packages\slick-carousel\slick\slick.js,0,99
192,FunctionExpression,nan,-1,0,0,194,34,204,5,packages\slick-carousel\slick\slick.js,0,100
193,MemberExpression,nan,-1,-1,-1,206,4,206,28,packages\slick-carousel\slick\slick.js,0,101
194,AssignmentExpression,nan,-1,-1,-1,206,31,249,5,packages\slick-carousel\slick\slick.js,0,102
195,MemberExpression,nan,-1,-1,-1,251,4,251,33,packages\slick-carousel\slick\slick.js,0,103
196,FunctionExpression,nan,-1,0,0,251,36,259,5,packages\slick-carousel\slick\slick.js,0,104
197,MemberExpression,nan,-1,-1,-1,261,4,261,32,packages\slick-carousel\slick\slick.js,0,105
198,FunctionExpression,nan,-1,2,0,261,35,339,5,packages\slick-carousel\slick\slick.js,0,106
199,MemberExpression,nan,-1,-1,-1,341,4,341,32,packages\slick-carousel\slick\slick.js,0,107
200,FunctionExpression,nan,-1,0,1,341,35,352,5,packages\slick-carousel\slick\slick.js,0,108
201,MemberExpression,nan,-1,-1,-1,354,4,354,28,packages\slick-carousel\slick\slick.js,0,109
202,FunctionExpression,nan,-1,1,0,354,31,368,5,packages\slick-carousel\slick\slick.js,0,110
203,MemberExpression,nan,-1,-1,-1,370,4,370,35,packages\slick-carousel\slick\slick.js,0,111
204,FunctionExpression,nan,-1,1,0,370,38,387,5,packages\slick-carousel\slick\slick.js,0,112
205,MemberExpression,nan,-1,-1,-1,389,4,389,28,packages\slick-carousel\slick\slick.js,0,113
206,FunctionExpression,nan,-1,0,0,389,31,399,5,packages\slick-carousel\slick\slick.js,0,114
207,MemberExpression,nan,-1,-1,-1,401,4,401,33,packages\slick-carousel\slick\slick.js,0,115
208,FunctionExpression,nan,-1,0,0,401,36,409,5,packages\slick-carousel\slick\slick.js,0,116
209,MemberExpression,nan,-1,-1,-1,411,4,411,36,packages\slick-carousel\slick\slick.js,0,117
210,FunctionExpression,nan,-1,0,0,411,39,440,5,packages\slick-carousel\slick\slick.js,0,118
211,MemberExpression,nan,-1,-1,-1,442,4,442,31,packages\slick-carousel\slick\slick.js,0,119
212,FunctionExpression,nan,-1,0,0,442,34,484,5,packages\slick-carousel\slick\slick.js,0,120
213,MemberExpression,nan,-1,-1,-1,486,4,486,29,packages\slick-carousel\slick\slick.js,0,121
214,FunctionExpression,nan,-1,0,0,486,32,507,5,packages\slick-carousel\slick\slick.js,0,122
215,MemberExpression,nan,-1,-1,-1,509,4,509,28,packages\slick-carousel\slick\slick.js,0,123
216,FunctionExpression,nan,-1,0,0,509,31,557,5,packages\slick-carousel\slick\slick.js,0,124
217,MemberExpression,nan,-1,-1,-1,559,4,559,29,packages\slick-carousel\slick\slick.js,0,125
218,FunctionExpression,nan,-1,0,0,559,32,597,5,packages\slick-carousel\slick\slick.js,0,126
219,MemberExpression,nan,-1,-1,-1,599,4,599,35,packages\slick-carousel\slick\slick.js,0,127
220,FunctionExpression,nan,-1,2,0,599,38,685,5,packages\slick-carousel\slick\slick.js,0,128
221,MemberExpression,nan,-1,-1,-1,687,4,687,31,packages\slick-carousel\slick\slick.js,0,129
222,FunctionExpression,nan,-1,2,0,687,34,734,5,packages\slick-carousel\slick\slick.js,0,130
223,MemberExpression,nan,-1,-1,-1,736,4,736,34,packages\slick-carousel\slick\slick.js,0,131
224,FunctionExpression,nan,-1,1,1,736,37,756,5,packages\slick-carousel\slick\slick.js,0,132
225,MemberExpression,nan,-1,-1,-1,758,4,758,33,packages\slick-carousel\slick\slick.js,0,133
226,FunctionExpression,nan,-1,0,0,758,36,813,5,packages\slick-carousel\slick\slick.js,0,134
227,MemberExpression,nan,-1,-1,-1,815,4,815,38,packages\slick-carousel\slick\slick.js,0,135
228,FunctionExpression,nan,-1,0,0,815,41,822,5,packages\slick-carousel\slick\slick.js,0,136
229,MemberExpression,nan,-1,-1,-1,824,4,824,31,packages\slick-carousel\slick\slick.js,0,137
230,FunctionExpression,nan,-1,0,0,824,34,834,5,packages\slick-carousel\slick\slick.js,0,138
231,MemberExpression,nan,-1,-1,-1,836,4,836,32,packages\slick-carousel\slick\slick.js,0,139
232,FunctionExpression,nan,-1,1,0,836,35,846,5,packages\slick-carousel\slick\slick.js,0,140
233,MemberExpression,nan,-1,-1,-1,848,4,848,27,packages\slick-carousel\slick\slick.js,0,141
234,FunctionExpression,nan,-1,1,0,848,30,920,5,packages\slick-carousel\slick\slick.js,0,142
235,MemberExpression,nan,-1,-1,-1,922,4,922,37,packages\slick-carousel\slick\slick.js,0,143
236,FunctionExpression,nan,-1,1,0,922,40,935,5,packages\slick-carousel\slick\slick.js,0,144
237,MemberExpression,nan,-1,-1,-1,937,4,937,29,packages\slick-carousel\slick\slick.js,0,145
238,FunctionExpression,nan,-1,2,0,937,32,971,5,packages\slick-carousel\slick\slick.js,0,146
239,MemberExpression,nan,-1,-1,-1,973,4,973,32,packages\slick-carousel\slick\slick.js,0,147
240,FunctionExpression,nan,-1,1,0,973,35,995,5,packages\slick-carousel\slick\slick.js,0,148
241,MemberExpression,nan,-1,-1,-1,997,4,997,32,packages\slick-carousel\slick\slick.js,0,149
242,AssignmentExpression,nan,-1,-1,-1,997,35,1015,5,packages\slick-carousel\slick\slick.js,0,150
243,MemberExpression,nan,-1,-1,-1,1017,4,1017,32,packages\slick-carousel\slick\slick.js,0,151
244,FunctionExpression,nan,-1,0,0,1017,35,1052,5,packages\slick-carousel\slick\slick.js,0,152
245,MemberExpression,nan,-1,-1,-1,1054,4,1054,30,packages\slick-carousel\slick\slick.js,0,153
246,AssignmentExpression,nan,-1,-1,-1,1054,33,1059,5,packages\slick-carousel\slick\slick.js,0,154
247,MemberExpression,nan,-1,-1,-1,1061,4,1061,31,packages\slick-carousel\slick\slick.js,0,155
248,FunctionExpression,nan,-1,0,1,1061,34,1093,5,packages\slick-carousel\slick\slick.js,0,156
249,MemberExpression,nan,-1,-1,-1,1095,4,1095,27,packages\slick-carousel\slick\slick.js,0,157
250,FunctionExpression,nan,-1,1,1,1095,30,1200,5,packages\slick-carousel\slick\slick.js,0,158
251,MemberExpression,nan,-1,-1,-1,1202,4,1202,29,packages\slick-carousel\slick\slick.js,0,159
252,AssignmentExpression,nan,-1,-1,-1,1202,32,1208,5,packages\slick-carousel\slick\slick.js,0,160
253,MemberExpression,nan,-1,-1,-1,1210,4,1210,39,packages\slick-carousel\slick\slick.js,0,161
254,FunctionExpression,nan,-1,0,1,1210,42,1234,5,packages\slick-carousel\slick\slick.js,0,162
255,MemberExpression,nan,-1,-1,-1,1236,4,1236,28,packages\slick-carousel\slick\slick.js,0,163
256,FunctionExpression,nan,-1,0,1,1236,31,1240,5,packages\slick-carousel\slick\slick.js,0,164
257,MemberExpression,nan,-1,-1,-1,1242,4,1242,33,packages\slick-carousel\slick\slick.js,0,165
258,FunctionExpression,nan,-1,0,1,1242,36,1277,5,packages\slick-carousel\slick\slick.js,0,166
259,MemberExpression,nan,-1,-1,-1,1279,4,1279,24,packages\slick-carousel\slick\slick.js,0,167
260,AssignmentExpression,nan,-1,-1,-1,1279,27,1290,5,packages\slick-carousel\slick\slick.js,0,168
261,MemberExpression,nan,-1,-1,-1,1292,4,1292,24,packages\slick-carousel\slick\slick.js,0,169
262,FunctionExpression,nan,-1,1,0,1292,27,1328,5,packages\slick-carousel\slick\slick.js,0,170
263,MemberExpression,nan,-1,-1,-1,1330,4,1330,27,packages\slick-carousel\slick\slick.js,0,171
264,FunctionExpression,nan,-1,0,0,1330,30,1396,5,packages\slick-carousel\slick\slick.js,0,172
265,MemberExpression,nan,-1,-1,-1,1398,4,1398,35,packages\slick-carousel\slick\slick.js,0,173
266,FunctionExpression,nan,-1,0,0,1398,38,1420,5,packages\slick-carousel\slick\slick.js,0,174
267,MemberExpression,nan,-1,-1,-1,1422,4,1422,33,packages\slick-carousel\slick\slick.js,0,175
268,FunctionExpression,nan,-1,0,0,1422,36,1444,5,packages\slick-carousel\slick\slick.js,0,176
269,MemberExpression,nan,-1,-1,-1,1446,4,1446,35,packages\slick-carousel\slick\slick.js,0,177
270,FunctionExpression,nan,-1,0,0,1446,38,1457,5,packages\slick-carousel\slick\slick.js,0,178
271,MemberExpression,nan,-1,-1,-1,1459,4,1459,36,packages\slick-carousel\slick\slick.js,0,179
272,FunctionExpression,nan,-1,0,0,1459,39,1502,5,packages\slick-carousel\slick\slick.js,0,180
273,MemberExpression,nan,-1,-1,-1,1504,4,1504,26,packages\slick-carousel\slick\slick.js,0,181
274,FunctionExpression,nan,-1,0,0,1504,29,1521,5,packages\slick-carousel\slick\slick.js,0,182
275,MemberExpression,nan,-1,-1,-1,1523,4,1523,30,packages\slick-carousel\slick\slick.js,0,183
276,FunctionExpression,nan,-1,1,0,1523,33,1543,5,packages\slick-carousel\slick\slick.js,0,184
277,MemberExpression,nan,-1,-1,-1,1545,4,1545,28,packages\slick-carousel\slick\slick.js,0,185
278,FunctionExpression,nan,-1,0,0,1545,31,1651,5,packages\slick-carousel\slick\slick.js,0,186
279,MemberExpression,nan,-1,-1,-1,1653,4,1653,30,packages\slick-carousel\slick\slick.js,0,187
280,FunctionExpression,nan,-1,0,0,1653,33,1671,5,packages\slick-carousel\slick\slick.js,0,188
281,MemberExpression,nan,-1,-1,-1,1673,4,1673,24,packages\slick-carousel\slick\slick.js,0,189
282,AssignmentExpression,nan,-1,-1,-1,1673,27,1683,5,packages\slick-carousel\slick\slick.js,0,190
283,MemberExpression,nan,-1,-1,-1,1685,4,1685,37,packages\slick-carousel\slick\slick.js,0,191
284,FunctionExpression,nan,-1,0,0,1685,40,1692,5,packages\slick-carousel\slick\slick.js,0,192
285,MemberExpression,nan,-1,-1,-1,1694,4,1694,25,packages\slick-carousel\slick\slick.js,0,193
286,AssignmentExpression,nan,-1,-1,-1,1694,28,1701,5,packages\slick-carousel\slick\slick.js,0,194
287,MemberExpression,nan,-1,-1,-1,1703,4,1703,24,packages\slick-carousel\slick\slick.js,0,195
288,AssignmentExpression,nan,-1,-1,-1,1703,27,1713,5,packages\slick-carousel\slick\slick.js,0,196
289,MemberExpression,nan,-1,-1,-1,1715,4,1715,29,packages\slick-carousel\slick\slick.js,0,197
290,FunctionExpression,nan,-1,1,0,1715,32,1746,5,packages\slick-carousel\slick\slick.js,0,198
291,MemberExpression,nan,-1,-1,-1,1748,4,1748,24,packages\slick-carousel\slick\slick.js,0,199
292,AssignmentExpression,nan,-1,-1,-1,1748,27,1758,5,packages\slick-carousel\slick\slick.js,0,200
293,MemberExpression,nan,-1,-1,-1,1760,4,1760,34,packages\slick-carousel\slick\slick.js,0,201
294,FunctionExpression,nan,-1,1,0,1760,37,1764,5,packages\slick-carousel\slick\slick.js,0,202
295,MemberExpression,nan,-1,-1,-1,1766,4,1766,39,packages\slick-carousel\slick\slick.js,0,203
296,FunctionExpression,nan,-1,1,0,1766,42,1848,5,packages\slick-carousel\slick\slick.js,0,204
297,MemberExpression,nan,-1,-1,-1,1850,4,1850,27,packages\slick-carousel\slick\slick.js,0,205
298,FunctionExpression,nan,-1,1,0,1850,30,1887,5,packages\slick-carousel\slick\slick.js,0,206
299,MemberExpression,nan,-1,-1,-1,1889,4,1889,39,packages\slick-carousel\slick\slick.js,0,207
300,FunctionExpression,nan,-1,0,0,1889,42,1927,5,packages\slick-carousel\slick\slick.js,0,208
301,MemberExpression,nan,-1,-1,-1,1929,4,1929,26,packages\slick-carousel\slick\slick.js,0,209
302,FunctionExpression,nan,-1,0,0,1929,29,1977,5,packages\slick-carousel\slick\slick.js,0,210
303,MemberExpression,nan,-1,-1,-1,1979,4,1979,26,packages\slick-carousel\slick\slick.js,0,211
304,FunctionExpression,nan,-1,0,0,1979,29,1991,5,packages\slick-carousel\slick\slick.js,0,212
305,MemberExpression,nan,-1,-1,-1,1993,4,1993,31,packages\slick-carousel\slick\slick.js,0,213
306,AssignmentExpression,nan,-1,-1,-1,1993,34,2026,5,packages\slick-carousel\slick\slick.js,0,214
307,MemberExpression,nan,-1,-1,-1,2028,4,2028,26,packages\slick-carousel\slick\slick.js,0,215
308,FunctionExpression,nan,-1,1,0,2028,29,2055,5,packages\slick-carousel\slick\slick.js,0,216
309,MemberExpression,nan,-1,-1,-1,2057,4,2057,33,packages\slick-carousel\slick\slick.js,0,217
310,FunctionExpression,nan,-1,0,0,2057,36,2094,5,packages\slick-carousel\slick\slick.js,0,218
311,MemberExpression,nan,-1,-1,-1,2096,4,2096,27,packages\slick-carousel\slick\slick.js,0,219
312,FunctionExpression,nan,-1,0,0,2096,30,2127,5,packages\slick-carousel\slick\slick.js,0,220
313,MemberExpression,nan,-1,-1,-1,2129,4,2129,29,packages\slick-carousel\slick\slick.js,0,221
314,FunctionExpression,nan,-1,0,0,2129,32,2138,5,packages\slick-carousel\slick\slick.js,0,222
315,MemberExpression,nan,-1,-1,-1,2140,4,2140,29,packages\slick-carousel\slick\slick.js,0,223
316,AssignmentExpression,nan,-1,-1,-1,2141,4,2236,5,packages\slick-carousel\slick\slick.js,0,224
317,MemberExpression,nan,-1,-1,-1,2238,4,2238,31,packages\slick-carousel\slick\slick.js,0,225
318,FunctionExpression,nan,-1,0,0,2238,34,2254,5,packages\slick-carousel\slick\slick.js,0,226
319,MemberExpression,nan,-1,-1,-1,2256,4,2256,28,packages\slick-carousel\slick\slick.js,0,227
320,FunctionExpression,nan,-1,0,0,2256,31,2317,5,packages\slick-carousel\slick\slick.js,0,228
321,MemberExpression,nan,-1,-1,-1,2320,4,2320,35,packages\slick-carousel\slick\slick.js,0,229
322,FunctionExpression,nan,-1,1,0,2320,38,2427,5,packages\slick-carousel\slick\slick.js,0,230
323,MemberExpression,nan,-1,-1,-1,2429,4,2429,33,packages\slick-carousel\slick\slick.js,0,231
324,FunctionExpression,nan,-1,0,0,2429,36,2471,5,packages\slick-carousel\slick\slick.js,0,232
325,MemberExpression,nan,-1,-1,-1,2473,4,2473,29,packages\slick-carousel\slick\slick.js,0,233
326,FunctionExpression,nan,-1,1,0,2473,32,2482,5,packages\slick-carousel\slick\slick.js,0,234
327,MemberExpression,nan,-1,-1,-1,2484,4,2484,33,packages\slick-carousel\slick\slick.js,0,235
328,FunctionExpression,nan,-1,1,1,2484,36,2506,5,packages\slick-carousel\slick\slick.js,0,236
329,MemberExpression,nan,-1,-1,-1,2508,4,2508,32,packages\slick-carousel\slick\slick.js,0,237
330,FunctionExpression,nan,-1,3,1,2508,35,2626,5,packages\slick-carousel\slick\slick.js,0,238
331,MemberExpression,nan,-1,-1,-1,2628,4,2628,29,packages\slick-carousel\slick\slick.js,0,239
332,FunctionExpression,nan,-1,0,0,2628,32,2647,5,packages\slick-carousel\slick\slick.js,0,240
333,MemberExpression,nan,-1,-1,-1,2649,4,2649,34,packages\slick-carousel\slick\slick.js,0,241
334,FunctionExpression,nan,-1,0,1,2649,37,2681,5,packages\slick-carousel\slick\slick.js,0,242
335,MemberExpression,nan,-1,-1,-1,2683,4,2683,28,packages\slick-carousel\slick\slick.js,0,243
336,FunctionExpression,nan,-1,1,1,2683,31,2762,5,packages\slick-carousel\slick\slick.js,0,244
337,MemberExpression,nan,-1,-1,-1,2764,4,2764,32,packages\slick-carousel\slick\slick.js,0,245
338,FunctionExpression,nan,-1,1,1,2764,35,2801,5,packages\slick-carousel\slick\slick.js,0,246
339,MemberExpression,nan,-1,-1,-1,2803,4,2803,29,packages\slick-carousel\slick\slick.js,0,247
340,FunctionExpression,nan,-1,1,1,2803,32,2879,5,packages\slick-carousel\slick\slick.js,0,248
341,MemberExpression,nan,-1,-1,-1,2881,4,2881,30,packages\slick-carousel\slick\slick.js,0,249
342,FunctionExpression,nan,-1,1,1,2881,33,2902,5,packages\slick-carousel\slick\slick.js,0,250
343,MemberExpression,nan,-1,-1,-1,2904,4,2904,34,packages\slick-carousel\slick\slick.js,0,251
344,AssignmentExpression,nan,-1,-1,-1,2904,37,2920,5,packages\slick-carousel\slick\slick.js,0,252
345,MemberExpression,nan,-1,-1,-1,2922,4,2922,26,packages\slick-carousel\slick\slick.js,0,253
346,FunctionExpression,nan,-1,0,0,2922,29,2945,5,packages\slick-carousel\slick\slick.js,0,254
347,MemberExpression,nan,-1,-1,-1,2947,4,2947,27,packages\slick-carousel\slick\slick.js,0,255
348,FunctionExpression,nan,-1,1,0,2947,30,2953,5,packages\slick-carousel\slick\slick.js,0,256
349,MemberExpression,nan,-1,-1,-1,2955,4,2955,32,packages\slick-carousel\slick\slick.js,0,257
350,FunctionExpression,nan,-1,0,0,2955,35,2988,5,packages\slick-carousel\slick\slick.js,0,258
351,MemberExpression,nan,-1,-1,-1,2990,4,2990,30,packages\slick-carousel\slick\slick.js,0,259
352,FunctionExpression,nan,-1,0,0,2990,33,3008,5,packages\slick-carousel\slick\slick.js,0,260
353,MemberExpression,nan,-1,-1,-1,3010,4,3010,30,packages\slick-carousel\slick\slick.js,0,261
354,FunctionExpression,nan,-1,0,0,3010,33,3028,5,packages\slick-carousel\slick\slick.js,0,262
355,MemberExpression,nan,-1,-1,-1,3030,4,3030,14,packages\slick-carousel\slick\slick.js,0,263
356,FunctionExpression,nan,-1,0,1,3030,17,3045,5,packages\slick-carousel\slick\slick.js,0,264
359,MemberExpression,nan,-1,-1,-1,20,40,20,50,packages\slick-carousel\slick\slick.js,0,265
360,FunctionExpression,nan,-1,0,1,43,13,192,5,packages\slick-carousel\slick\slick.js,0,266
362,BlockStatement,nan,-1,-1,-1,194,45,204,5,packages\slick-carousel\slick\slick.js,0,267
363,MemberExpression,nan,-1,-1,-1,206,31,206,55,packages\slick-carousel\slick\slick.js,0,268
364,FunctionExpression,nan,-1,3,0,206,58,249,5,packages\slick-carousel\slick\slick.js,0,269
366,BlockStatement,nan,-1,-1,-1,251,47,259,5,packages\slick-carousel\slick\slick.js,0,270
367,Identifier,targetLeft,-1,-1,-1,261,44,261,54,packages\slick-carousel\slick\slick.js,0,271
368,Identifier,callback,-1,-1,-1,261,56,261,64,packages\slick-carousel\slick\slick.js,0,272
370,BlockStatement,nan,-1,-1,-1,261,66,339,5,packages\slick-carousel\slick\slick.js,0,273
372,BlockStatement,nan,-1,-1,-1,341,46,352,5,packages\slick-carousel\slick\slick.js,0,274
373,Identifier,index,-1,-1,-1,354,40,354,45,packages\slick-carousel\slick\slick.js,0,275
375,BlockStatement,nan,-1,-1,-1,354,47,368,5,packages\slick-carousel\slick\slick.js,0,276
376,Identifier,slide,-1,-1,-1,370,47,370,52,packages\slick-carousel\slick\slick.js,0,277
378,BlockStatement,nan,-1,-1,-1,370,54,387,5,packages\slick-carousel\slick\slick.js,0,278
380,BlockStatement,nan,-1,-1,-1,389,42,399,5,packages\slick-carousel\slick\slick.js,0,279
382,BlockStatement,nan,-1,-1,-1,401,47,409,5,packages\slick-carousel\slick\slick.js,0,280
384,BlockStatement,nan,-1,-1,-1,411,50,440,5,packages\slick-carousel\slick\slick.js,0,281
386,BlockStatement,nan,-1,-1,-1,442,45,484,5,packages\slick-carousel\slick\slick.js,0,282
388,BlockStatement,nan,-1,-1,-1,486,43,507,5,packages\slick-carousel\slick\slick.js,0,283
390,BlockStatement,nan,-1,-1,-1,509,42,557,5,packages\slick-carousel\slick\slick.js,0,284
392,BlockStatement,nan,-1,-1,-1,559,43,597,5,packages\slick-carousel\slick\slick.js,0,285
393,Identifier,initial,-1,-1,-1,599,47,599,54,packages\slick-carousel\slick\slick.js,0,286
394,Identifier,forceUpdate,-1,-1,-1,599,56,599,67,packages\slick-carousel\slick\slick.js,0,287
396,BlockStatement,nan,-1,-1,-1,599,69,685,5,packages\slick-carousel\slick\slick.js,0,288
397,Identifier,event,-1,-1,-1,687,43,687,48,packages\slick-carousel\slick\slick.js,0,289
398,Identifier,dontAnimate,-1,-1,-1,687,50,687,61,packages\slick-carousel\slick\slick.js,0,290
400,BlockStatement,nan,-1,-1,-1,687,63,734,5,packages\slick-carousel\slick\slick.js,0,291
401,Identifier,index,-1,-1,-1,736,46,736,51,packages\slick-carousel\slick\slick.js,0,292
403,BlockStatement,nan,-1,-1,-1,736,53,756,5,packages\slick-carousel\slick\slick.js,0,293
405,BlockStatement,nan,-1,-1,-1,758,47,813,5,packages\slick-carousel\slick\slick.js,0,294
407,BlockStatement,nan,-1,-1,-1,815,52,822,5,packages\slick-carousel\slick\slick.js,0,295
409,BlockStatement,nan,-1,-1,-1,824,45,834,5,packages\slick-carousel\slick\slick.js,0,296
410,Identifier,event,-1,-1,-1,836,44,836,49,packages\slick-carousel\slick\slick.js,0,297
412,BlockStatement,nan,-1,-1,-1,836,51,846,5,packages\slick-carousel\slick\slick.js,0,298
413,Identifier,refresh,-1,-1,-1,848,39,848,46,packages\slick-carousel\slick\slick.js,0,299
415,BlockStatement,nan,-1,-1,-1,848,48,920,5,packages\slick-carousel\slick\slick.js,0,300
416,Identifier,slide,-1,-1,-1,922,49,922,54,packages\slick-carousel\slick\slick.js,0,301
418,BlockStatement,nan,-1,-1,-1,922,56,935,5,packages\slick-carousel\slick\slick.js,0,302
419,Identifier,slideIndex,-1,-1,-1,937,41,937,51,packages\slick-carousel\slick\slick.js,0,303
420,Identifier,callback,-1,-1,-1,937,53,937,61,packages\slick-carousel\slick\slick.js,0,304
422,BlockStatement,nan,-1,-1,-1,937,63,971,5,packages\slick-carousel\slick\slick.js,0,305
423,Identifier,slideIndex,-1,-1,-1,973,44,973,54,packages\slick-carousel\slick\slick.js,0,306
425,BlockStatement,nan,-1,-1,-1,973,56,995,5,packages\slick-carousel\slick\slick.js,0,307
426,MemberExpression,nan,-1,-1,-1,997,35,997,62,packages\slick-carousel\slick\slick.js,0,308
427,FunctionExpression,nan,-1,1,0,997,65,1015,5,packages\slick-carousel\slick\slick.js,0,309
429,BlockStatement,nan,-1,-1,-1,1017,46,1052,5,packages\slick-carousel\slick\slick.js,0,310
430,MemberExpression,nan,-1,-1,-1,1054,33,1054,66,packages\slick-carousel\slick\slick.js,0,311
431,FunctionExpression,nan,-1,0,1,1054,69,1059,5,packages\slick-carousel\slick\slick.js,0,312
433,BlockStatement,nan,-1,-1,-1,1061,45,1093,5,packages\slick-carousel\slick\slick.js,0,313
434,Identifier,slideIndex,-1,-1,-1,1095,39,1095,49,packages\slick-carousel\slick\slick.js,0,314
436,BlockStatement,nan,-1,-1,-1,1095,51,1200,5,packages\slick-carousel\slick\slick.js,0,315
437,MemberExpression,nan,-1,-1,-1,1202,32,1202,62,packages\slick-carousel\slick\slick.js,0,316
438,FunctionExpression,nan,-1,1,1,1202,65,1208,5,packages\slick-carousel\slick\slick.js,0,317
440,BlockStatement,nan,-1,-1,-1,1210,53,1234,5,packages\slick-carousel\slick\slick.js,0,318
442,BlockStatement,nan,-1,-1,-1,1236,42,1240,5,packages\slick-carousel\slick\slick.js,0,319
444,BlockStatement,nan,-1,-1,-1,1242,47,1277,5,packages\slick-carousel\slick\slick.js,0,320
445,MemberExpression,nan,-1,-1,-1,1279,27,1279,52,packages\slick-carousel\slick\slick.js,0,321
446,FunctionExpression,nan,-1,2,0,1279,55,1290,5,packages\slick-carousel\slick\slick.js,0,322
447,Identifier,creation,-1,-1,-1,1292,36,1292,44,packages\slick-carousel\slick\slick.js,0,323
449,BlockStatement,nan,-1,-1,-1,1292,46,1328,5,packages\slick-carousel\slick\slick.js,0,324
451,BlockStatement,nan,-1,-1,-1,1330,41,1396,5,packages\slick-carousel\slick\slick.js,0,325
453,BlockStatement,nan,-1,-1,-1,1398,49,1420,5,packages\slick-carousel\slick\slick.js,0,326
455,BlockStatement,nan,-1,-1,-1,1422,47,1444,5,packages\slick-carousel\slick\slick.js,0,327
457,BlockStatement,nan,-1,-1,-1,1446,49,1457,5,packages\slick-carousel\slick\slick.js,0,328
459,BlockStatement,nan,-1,-1,-1,1459,50,1502,5,packages\slick-carousel\slick\slick.js,0,329
461,BlockStatement,nan,-1,-1,-1,1504,40,1521,5,packages\slick-carousel\slick\slick.js,0,330
462,Identifier,event,-1,-1,-1,1523,42,1523,47,packages\slick-carousel\slick\slick.js,0,331
464,BlockStatement,nan,-1,-1,-1,1523,49,1543,5,packages\slick-carousel\slick\slick.js,0,332
466,BlockStatement,nan,-1,-1,-1,1545,42,1651,5,packages\slick-carousel\slick\slick.js,0,333
468,BlockStatement,nan,-1,-1,-1,1653,44,1671,5,packages\slick-carousel\slick\slick.js,0,334
469,MemberExpression,nan,-1,-1,-1,1673,27,1673,52,packages\slick-carousel\slick\slick.js,0,335
470,FunctionExpression,nan,-1,0,0,1673,55,1683,5,packages\slick-carousel\slick\slick.js,0,336
472,BlockStatement,nan,-1,-1,-1,1685,51,1692,5,packages\slick-carousel\slick\slick.js,0,337
473,MemberExpression,nan,-1,-1,-1,1694,28,1694,54,packages\slick-carousel\slick\slick.js,0,338
474,FunctionExpression,nan,-1,0,0,1694,57,1701,5,packages\slick-carousel\slick\slick.js,0,339
475,MemberExpression,nan,-1,-1,-1,1703,27,1703,52,packages\slick-carousel\slick\slick.js,0,340
476,FunctionExpression,nan,-1,0,0,1703,55,1713,5,packages\slick-carousel\slick\slick.js,0,341
477,Identifier,index,-1,-1,-1,1715,41,1715,46,packages\slick-carousel\slick\slick.js,0,342
479,BlockStatement,nan,-1,-1,-1,1715,48,1746,5,packages\slick-carousel\slick\slick.js,0,343
480,MemberExpression,nan,-1,-1,-1,1748,27,1748,52,packages\slick-carousel\slick\slick.js,0,344
481,FunctionExpression,nan,-1,0,0,1748,55,1758,5,packages\slick-carousel\slick\slick.js,0,345
482,Identifier,event,-1,-1,-1,1760,46,1760,51,packages\slick-carousel\slick\slick.js,0,346
484,BlockStatement,nan,-1,-1,-1,1760,53,1764,5,packages\slick-carousel\slick\slick.js,0,347
485,Identifier,tryCount,-1,-1,-1,1766,52,1766,60,packages\slick-carousel\slick\slick.js,0,348
487,BlockStatement,nan,-1,-1,-1,1766,63,1848,5,packages\slick-carousel\slick\slick.js,0,349
488,Identifier,initializing,-1,-1,-1,1850,40,1850,52,packages\slick-carousel\slick\slick.js,0,350
490,BlockStatement,nan,-1,-1,-1,1850,55,1887,5,packages\slick-carousel\slick\slick.js,0,351
492,BlockStatement,nan,-1,-1,-1,1889,53,1927,5,packages\slick-carousel\slick\slick.js,0,352
494,BlockStatement,nan,-1,-1,-1,1929,40,1977,5,packages\slick-carousel\slick\slick.js,0,353
496,BlockStatement,nan,-1,-1,-1,1979,40,1991,5,packages\slick-carousel\slick\slick.js,0,354
497,MemberExpression,nan,-1,-1,-1,1993,34,1993,61,packages\slick-carousel\slick\slick.js,0,355
498,FunctionExpression,nan,-1,3,1,1993,64,2026,5,packages\slick-carousel\slick\slick.js,0,356
499,Identifier,position,-1,-1,-1,2028,38,2028,46,packages\slick-carousel\slick\slick.js,0,357
501,BlockStatement,nan,-1,-1,-1,2028,48,2055,5,packages\slick-carousel\slick\slick.js,0,358
503,BlockStatement,nan,-1,-1,-1,2057,47,2094,5,packages\slick-carousel\slick\slick.js,0,359
505,BlockStatement,nan,-1,-1,-1,2096,41,2127,5,packages\slick-carousel\slick\slick.js,0,360
507,BlockStatement,nan,-1,-1,-1,2129,43,2138,5,packages\slick-carousel\slick\slick.js,0,361
508,MemberExpression,nan,-1,-1,-1,2141,4,2141,34,packages\slick-carousel\slick\slick.js,0,362
509,FunctionExpression,nan,-1,0,0,2141,37,2236,5,packages\slick-carousel\slick\slick.js,0,363
511,BlockStatement,nan,-1,-1,-1,2238,45,2254,5,packages\slick-carousel\slick\slick.js,0,364
513,BlockStatement,nan,-1,-1,-1,2256,42,2317,5,packages\slick-carousel\slick\slick.js,0,365
514,Identifier,index,-1,-1,-1,2320,47,2320,52,packages\slick-carousel\slick\slick.js,0,366
516,BlockStatement,nan,-1,-1,-1,2320,54,2427,5,packages\slick-carousel\slick\slick.js,0,367
518,BlockStatement,nan,-1,-1,-1,2429,47,2471,5,packages\slick-carousel\slick\slick.js,0,368
519,Identifier,toggle,-1,-1,-1,2473,42,2473,48,packages\slick-carousel\slick\slick.js,0,369
521,BlockStatement,nan,-1,-1,-1,2473,51,2482,5,packages\slick-carousel\slick\slick.js,0,370
522,Identifier,event,-1,-1,-1,2484,45,2484,50,packages\slick-carousel\slick\slick.js,0,371
524,BlockStatement,nan,-1,-1,-1,2484,52,2506,5,packages\slick-carousel\slick\slick.js,0,372
525,Identifier,index,-1,-1,-1,2508,44,2508,49,packages\slick-carousel\slick\slick.js,0,373
526,Identifier,sync,-1,-1,-1,2508,51,2508,55,packages\slick-carousel\slick\slick.js,0,374
527,Identifier,dontAnimate,-1,-1,-1,2508,57,2508,68,packages\slick-carousel\slick\slick.js,0,375
529,BlockStatement,nan,-1,-1,-1,2508,70,2626,5,packages\slick-carousel\slick\slick.js,0,376
531,BlockStatement,nan,-1,-1,-1,2628,43,2647,5,packages\slick-carousel\slick\slick.js,0,377
533,BlockStatement,nan,-1,-1,-1,2649,48,2681,5,packages\slick-carousel\slick\slick.js,0,378
534,Identifier,event,-1,-1,-1,2683,40,2683,45,packages\slick-carousel\slick\slick.js,0,379
536,BlockStatement,nan,-1,-1,-1,2683,47,2762,5,packages\slick-carousel\slick\slick.js,0,380
537,Identifier,event,-1,-1,-1,2764,44,2764,49,packages\slick-carousel\slick\slick.js,0,381
539,BlockStatement,nan,-1,-1,-1,2764,51,2801,5,packages\slick-carousel\slick\slick.js,0,382
540,Identifier,event,-1,-1,-1,2803,41,2803,46,packages\slick-carousel\slick\slick.js,0,383
542,BlockStatement,nan,-1,-1,-1,2803,48,2879,5,packages\slick-carousel\slick\slick.js,0,384
543,Identifier,event,-1,-1,-1,2881,42,2881,47,packages\slick-carousel\slick\slick.js,0,385
545,BlockStatement,nan,-1,-1,-1,2881,49,2902,5,packages\slick-carousel\slick\slick.js,0,386
546,MemberExpression,nan,-1,-1,-1,2904,37,2904,66,packages\slick-carousel\slick\slick.js,0,387
547,FunctionExpression,nan,-1,0,0,2904,69,2920,5,packages\slick-carousel\slick\slick.js,0,388
549,BlockStatement,nan,-1,-1,-1,2922,40,2945,5,packages\slick-carousel\slick\slick.js,0,389
550,Identifier,fromBreakpoint,-1,-1,-1,2947,39,2947,53,packages\slick-carousel\slick\slick.js,0,390
552,BlockStatement,nan,-1,-1,-1,2947,55,2953,5,packages\slick-carousel\slick\slick.js,0,391
554,BlockStatement,nan,-1,-1,-1,2955,46,2988,5,packages\slick-carousel\slick\slick.js,0,392
556,BlockStatement,nan,-1,-1,-1,2990,44,3008,5,packages\slick-carousel\slick\slick.js,0,393
558,BlockStatement,nan,-1,-1,-1,3010,44,3028,5,packages\slick-carousel\slick\slick.js,0,394
560,BlockStatement,nan,-1,-1,-1,3030,28,3045,5,packages\slick-carousel\slick\slick.js,0,395
561,CallExpression,nan,2,-1,-1,21,8,21,35,packages\slick-carousel\slick\slick.js,0,396
562,UnaryExpression,nan,1,-1,-1,20,8,20,21,packages\slick-carousel\slick\slick.js,0,397
565,BlockStatement,nan,-1,-1,-1,43,24,192,5,packages\slick-carousel\slick\slick.js,0,398
566,VariableDeclaration,nan,-1,-1,-1,195,8,195,21,packages\slick-carousel\slick\slick.js,0,399
568,Identifier,markup,-1,-1,-1,206,67,206,73,packages\slick-carousel\slick\slick.js,0,400
569,Identifier,index,-1,-1,-1,206,75,206,80,packages\slick-carousel\slick\slick.js,0,401
570,Identifier,addBefore,-1,-1,-1,206,82,206,91,packages\slick-carousel\slick\slick.js,0,402
572,BlockStatement,nan,-1,-1,-1,206,93,249,5,packages\slick-carousel\slick\slick.js,0,403
573,VariableDeclaration,nan,-1,-1,-1,252,8,252,21,packages\slick-carousel\slick\slick.js,0,404
574,IfStatement,nan,-1,-1,-1,253,8,258,9,packages\slick-carousel\slick\slick.js,0,405
575,VariableDeclaration,nan,-1,-1,-1,263,8,264,21,packages\slick-carousel\slick\slick.js,0,406
577,IfStatement,nan,-1,-1,-1,268,8,270,9,packages\slick-carousel\slick\slick.js,0,407
578,IfStatement,nan,-1,-1,-1,271,8,337,9,packages\slick-carousel\slick\slick.js,0,408
579,VariableDeclaration,nan,-1,-1,-1,343,8,344,42,packages\slick-carousel\slick\slick.js,0,409
580,IfStatement,nan,-1,-1,-1,346,8,348,9,packages\slick-carousel\slick\slick.js,0,410
581,ReturnStatement,nan,1,-1,-1,350,8,350,24,packages\slick-carousel\slick\slick.js,0,411
582,VariableDeclaration,nan,-1,-1,-1,356,8,357,40,packages\slick-carousel\slick\slick.js,0,412
583,IfStatement,nan,-1,-1,-1,359,8,366,9,packages\slick-carousel\slick\slick.js,0,413
584,VariableDeclaration,nan,-1,-1,-1,372,8,373,28,packages\slick-carousel\slick\slick.js,0,414
585,IfStatement,nan,-1,-1,-1,375,8,379,9,packages\slick-carousel\slick\slick.js,0,415
586,IfStatement,nan,-1,-1,-1,381,8,385,9,packages\slick-carousel\slick\slick.js,0,416
587,VariableDeclaration,nan,-1,-1,-1,391,8,391,21,packages\slick-carousel\slick\slick.js,0,417
589,IfStatement,nan,-1,-1,-1,395,8,397,9,packages\slick-carousel\slick\slick.js,0,418
590,VariableDeclaration,nan,-1,-1,-1,403,8,403,21,packages\slick-carousel\slick\slick.js,0,419
591,IfStatement,nan,-1,-1,-1,405,8,407,9,packages\slick-carousel\slick\slick.js,0,420
592,VariableDeclaration,nan,-1,-1,-1,413,8,414,64,packages\slick-carousel\slick\slick.js,0,421
593,IfStatement,nan,-1,-1,-1,416,8,438,9,packages\slick-carousel\slick\slick.js,0,422
594,VariableDeclaration,nan,-1,-1,-1,444,8,444,21,packages\slick-carousel\slick\slick.js,0,423
595,IfStatement,nan,-1,-1,-1,446,8,482,9,packages\slick-carousel\slick\slick.js,0,424
596,VariableDeclaration,nan,-1,-1,-1,488,8,489,19,packages\slick-carousel\slick\slick.js,0,425
597,IfStatement,nan,-1,-1,-1,491,8,505,9,packages\slick-carousel\slick\slick.js,0,426
598,VariableDeclaration,nan,-1,-1,-1,511,8,511,21,packages\slick-carousel\slick\slick.js,0,427
606,IfStatement,nan,-1,-1,-1,536,8,538,9,packages\slick-carousel\slick\slick.js,0,428
613,IfStatement,nan,-1,-1,-1,553,8,555,9,packages\slick-carousel\slick\slick.js,0,429
614,VariableDeclaration,nan,-1,-1,-1,561,8,561,87,packages\slick-carousel\slick\slick.js,0,430
617,IfStatement,nan,-1,-1,-1,566,8,595,9,packages\slick-carousel\slick\slick.js,0,431
618,VariableDeclaration,nan,-1,-1,-1,601,8,602,84,packages\slick-carousel\slick\slick.js,0,432
619,VariableDeclaration,nan,-1,-1,-1,603,8,603,44,packages\slick-carousel\slick\slick.js,0,433
620,VariableDeclaration,nan,-1,-1,-1,604,8,604,65,packages\slick-carousel\slick\slick.js,0,434
621,IfStatement,nan,-1,-1,-1,606,8,612,9,packages\slick-carousel\slick\slick.js,0,435
622,IfStatement,nan,-1,-1,-1,614,8,683,9,packages\slick-carousel\slick\slick.js,0,436
623,VariableDeclaration,nan,-1,-1,-1,689,8,691,51,packages\slick-carousel\slick\slick.js,0,437
624,IfStatement,nan,-1,-1,-1,694,8,696,9,packages\slick-carousel\slick\slick.js,0,438
625,IfStatement,nan,-1,-1,-1,699,8,701,9,packages\slick-carousel\slick\slick.js,0,439
628,SwitchStatement,nan,-1,-1,-1,706,8,732,9,packages\slick-carousel\slick\slick.js,0,440
629,VariableDeclaration,nan,-1,-1,-1,738,8,739,38,packages\slick-carousel\slick\slick.js,0,441
632,IfStatement,nan,-1,-1,-1,743,8,753,9,packages\slick-carousel\slick\slick.js,0,442
633,ReturnStatement,nan,1,-1,-1,755,8,755,21,packages\slick-carousel\slick\slick.js,0,443
634,VariableDeclaration,nan,-1,-1,-1,760,8,760,21,packages\slick-carousel\slick\slick.js,0,444
635,IfStatement,nan,-1,-1,-1,762,8,772,9,packages\slick-carousel\slick\slick.js,0,445
637,IfStatement,nan,-1,-1,-1,776,8,784,9,packages\slick-carousel\slick\slick.js,0,446
645,IfStatement,nan,-1,-1,-1,797,8,799,9,packages\slick-carousel\slick\slick.js,0,447
646,IfStatement,nan,-1,-1,-1,801,8,803,9,packages\slick-carousel\slick\slick.js,0,448
651,VariableDeclaration,nan,-1,-1,-1,817,8,817,21,packages\slick-carousel\slick\slick.js,0,449
654,VariableDeclaration,nan,-1,-1,-1,826,8,826,37,packages\slick-carousel\slick\slick.js,0,450
655,IfStatement,nan,-1,-1,-1,828,8,832,9,packages\slick-carousel\slick\slick.js,0,451
656,VariableDeclaration,nan,-1,-1,-1,838,8,838,21,packages\slick-carousel\slick\slick.js,0,452
657,IfStatement,nan,-1,-1,-1,840,8,844,9,packages\slick-carousel\slick\slick.js,0,453
658,VariableDeclaration,nan,-1,-1,-1,850,8,850,21,packages\slick-carousel\slick\slick.js,0,454
663,IfStatement,nan,-1,-1,-1,860,8,862,9,packages\slick-carousel\slick\slick.js,0,455
664,IfStatement,nan,-1,-1,-1,864,8,874,9,packages\slick-carousel\slick\slick.js,0,456
665,IfStatement,nan,-1,-1,-1,876,8,886,9,packages\slick-carousel\slick\slick.js,0,457
666,IfStatement,nan,-1,-1,-1,889,8,906,9,packages\slick-carousel\slick\slick.js,0,458
672,IfStatement,nan,-1,-1,-1,916,8,918,9,packages\slick-carousel\slick\slick.js,0,459
673,VariableDeclaration,nan,-1,-1,-1,924,8,925,28,packages\slick-carousel\slick\slick.js,0,460
675,IfStatement,nan,-1,-1,-1,929,8,933,9,packages\slick-carousel\slick\slick.js,0,461
676,VariableDeclaration,nan,-1,-1,-1,939,8,939,21,packages\slick-carousel\slick\slick.js,0,462
677,IfStatement,nan,-1,-1,-1,941,8,969,9,packages\slick-carousel\slick\slick.js,0,463
678,VariableDeclaration,nan,-1,-1,-1,975,8,975,21,packages\slick-carousel\slick\slick.js,0,464
679,IfStatement,nan,-1,-1,-1,977,8,993,9,packages\slick-carousel\slick\slick.js,0,465
680,Identifier,filter,-1,-1,-1,997,74,997,80,packages\slick-carousel\slick\slick.js,0,466
682,BlockStatement,nan,-1,-1,-1,997,82,1015,5,packages\slick-carousel\slick\slick.js,0,467
683,VariableDeclaration,nan,-1,-1,-1,1019,8,1019,21,packages\slick-carousel\slick\slick.js,0,468
686,BlockStatement,nan,-1,-1,-1,1054,80,1059,5,packages\slick-carousel\slick\slick.js,0,469
687,VariableDeclaration,nan,-1,-1,-1,1063,8,1063,21,packages\slick-carousel\slick\slick.js,0,470
688,VariableDeclaration,nan,-1,-1,-1,1065,8,1065,27,packages\slick-carousel\slick\slick.js,0,471
689,VariableDeclaration,nan,-1,-1,-1,1066,8,1066,24,packages\slick-carousel\slick\slick.js,0,472
690,VariableDeclaration,nan,-1,-1,-1,1067,8,1067,25,packages\slick-carousel\slick\slick.js,0,473
691,IfStatement,nan,-1,-1,-1,1069,8,1089,9,packages\slick-carousel\slick\slick.js,0,474
692,ReturnStatement,nan,1,-1,-1,1091,8,1091,28,packages\slick-carousel\slick\slick.js,0,475
693,VariableDeclaration,nan,-1,-1,-1,1097,8,1102,17,packages\slick-carousel\slick\slick.js,0,476
696,IfStatement,nan,-1,-1,-1,1107,8,1137,9,packages\slick-carousel\slick\slick.js,0,477
697,IfStatement,nan,-1,-1,-1,1139,8,1142,9,packages\slick-carousel\slick\slick.js,0,478
698,IfStatement,nan,-1,-1,-1,1144,8,1151,9,packages\slick-carousel\slick\slick.js,0,479
699,IfStatement,nan,-1,-1,-1,1153,8,1157,9,packages\slick-carousel\slick\slick.js,0,480
700,IfStatement,nan,-1,-1,-1,1159,8,1196,9,packages\slick-carousel\slick\slick.js,0,481
701,ReturnStatement,nan,1,-1,-1,1198,8,1198,26,packages\slick-carousel\slick\slick.js,0,482
702,Identifier,option,-1,-1,-1,1202,74,1202,80,packages\slick-carousel\slick\slick.js,0,483
704,BlockStatement,nan,-1,-1,-1,1202,82,1208,5,packages\slick-carousel\slick\slick.js,0,484
705,VariableDeclaration,nan,-1,-1,-1,1212,8,1216,16,packages\slick-carousel\slick\slick.js,0,485
706,IfStatement,nan,-1,-1,-1,1218,8,1224,9,packages\slick-carousel\slick\slick.js,0,486
707,WhileStatement,nan,-1,-1,-1,1226,8,1230,9,packages\slick-carousel\slick\slick.js,0,487
708,ReturnStatement,nan,1,-1,-1,1232,8,1232,23,packages\slick-carousel\slick\slick.js,0,488
709,ReturnStatement,nan,1,-1,-1,1238,8,1238,20,packages\slick-carousel\slick\slick.js,0,489
710,VariableDeclaration,nan,-1,-1,-1,1244,8,1245,68,packages\slick-carousel\slick\slick.js,0,490
713,IfStatement,nan,-1,-1,-1,1250,8,1275,9,packages\slick-carousel\slick\slick.js,0,491
714,Identifier,slide,-1,-1,-1,1279,64,1279,69,packages\slick-carousel\slick\slick.js,0,492
715,Identifier,dontAnimate,-1,-1,-1,1279,71,1279,82,packages\slick-carousel\slick\slick.js,0,493
717,BlockStatement,nan,-1,-1,-1,1279,84,1290,5,packages\slick-carousel\slick\slick.js,0,494
718,VariableDeclaration,nan,-1,-1,-1,1294,8,1294,21,packages\slick-carousel\slick\slick.js,0,495
719,IfStatement,nan,-1,-1,-1,1296,8,1311,9,packages\slick-carousel\slick\slick.js,0,496
720,IfStatement,nan,-1,-1,-1,1313,8,1315,9,packages\slick-carousel\slick\slick.js,0,497
721,IfStatement,nan,-1,-1,-1,1317,8,1319,9,packages\slick-carousel\slick\slick.js,0,498
722,IfStatement,nan,-1,-1,-1,1321,8,1326,9,packages\slick-carousel\slick\slick.js,0,499
723,VariableDeclaration,nan,-1,-1,-1,1331,8,1335,19,packages\slick-carousel\slick\slick.js,0,500
725,IfStatement,nan,-1,-1,-1,1344,8,1384,9,packages\slick-carousel\slick\slick.js,0,501
726,ForStatement,nan,-1,-1,-1,1386,8,1392,9,packages\slick-carousel\slick\slick.js,0,502
728,VariableDeclaration,nan,-1,-1,-1,1400,8,1400,21,packages\slick-carousel\slick\slick.js,0,503
729,IfStatement,nan,-1,-1,-1,1402,8,1418,9,packages\slick-carousel\slick\slick.js,0,504
730,VariableDeclaration,nan,-1,-1,-1,1424,8,1424,21,packages\slick-carousel\slick\slick.js,0,505
731,IfStatement,nan,-1,-1,-1,1426,8,1434,9,packages\slick-carousel\slick\slick.js,0,506
732,IfStatement,nan,-1,-1,-1,1436,8,1442,9,packages\slick-carousel\slick\slick.js,0,507
733,VariableDeclaration,nan,-1,-1,-1,1448,8,1448,21,packages\slick-carousel\slick\slick.js,0,508
734,IfStatement,nan,-1,-1,-1,1450,8,1455,9,packages\slick-carousel\slick\slick.js,0,509
735,VariableDeclaration,nan,-1,-1,-1,1461,8,1461,21,packages\slick-carousel\slick\slick.js,0,510
745,IfStatement,nan,-1,-1,-1,1485,8,1487,9,packages\slick-carousel\slick\slick.js,0,511
746,IfStatement,nan,-1,-1,-1,1489,8,1491,9,packages\slick-carousel\slick\slick.js,0,512
752,VariableDeclaration,nan,-1,-1,-1,1506,8,1506,21,packages\slick-carousel\slick\slick.js,0,513
753,IfStatement,nan,-1,-1,-1,1508,8,1513,9,packages\slick-carousel\slick\slick.js,0,514
754,IfStatement,nan,-1,-1,-1,1515,8,1519,9,packages\slick-carousel\slick\slick.js,0,515
755,VariableDeclaration,nan,-1,-1,-1,1525,8,1525,21,packages\slick-carousel\slick\slick.js,0,516
756,IfStatement,nan,-1,-1,-1,1527,8,1541,9,packages\slick-carousel\slick\slick.js,0,517
757,VariableDeclaration,nan,-1,-1,-1,1547,8,1548,56,packages\slick-carousel\slick\slick.js,0,518
758,FunctionDeclaration,nan,-1,1,0,1550,8,1602,9,packages\slick-carousel\slick\slick.js,0,519
759,IfStatement,nan,-1,-1,-1,1604,8,1619,9,packages\slick-carousel\slick\slick.js,0,520
761,IfStatement,nan,-1,-1,-1,1623,8,1635,9,packages\slick-carousel\slick\slick.js,0,521
763,IfStatement,nan,-1,-1,-1,1639,8,1649,9,packages\slick-carousel\slick\slick.js,0,522
764,VariableDeclaration,nan,-1,-1,-1,1655,8,1655,21,packages\slick-carousel\slick\slick.js,0,523
769,IfStatement,nan,-1,-1,-1,1667,8,1669,9,packages\slick-carousel\slick\slick.js,0,524
771,BlockStatement,nan,-1,-1,-1,1673,66,1683,5,packages\slick-carousel\slick\slick.js,0,525
772,VariableDeclaration,nan,-1,-1,-1,1687,8,1687,21,packages\slick-carousel\slick\slick.js,0,526
776,BlockStatement,nan,-1,-1,-1,1694,68,1701,5,packages\slick-carousel\slick\slick.js,0,527
778,BlockStatement,nan,-1,-1,-1,1703,66,1713,5,packages\slick-carousel\slick\slick.js,0,528
779,VariableDeclaration,nan,-1,-1,-1,1717,8,1717,21,packages\slick-carousel\slick\slick.js,0,529
780,IfStatement,nan,-1,-1,-1,1719,8,1744,9,packages\slick-carousel\slick\slick.js,0,530
782,BlockStatement,nan,-1,-1,-1,1748,66,1758,5,packages\slick-carousel\slick\slick.js,0,531
785,VariableDeclaration,nan,-1,-1,-1,1770,8,1776,24,packages\slick-carousel\slick\slick.js,0,532
786,IfStatement,nan,-1,-1,-1,1778,8,1846,9,packages\slick-carousel\slick\slick.js,0,533
787,VariableDeclaration,nan,-1,-1,-1,1852,8,1852,53,packages\slick-carousel\slick\slick.js,0,534
789,IfStatement,nan,-1,-1,-1,1858,8,1860,9,packages\slick-carousel\slick\slick.js,0,535
790,IfStatement,nan,-1,-1,-1,1863,8,1866,9,packages\slick-carousel\slick\slick.js,0,536
795,IfStatement,nan,-1,-1,-1,1876,8,1885,9,packages\slick-carousel\slick\slick.js,0,537
796,VariableDeclaration,nan,-1,-1,-1,1891,8,1892,62,packages\slick-carousel\slick\slick.js,0,538
797,IfStatement,nan,-1,-1,-1,1894,8,1925,9,packages\slick-carousel\slick\slick.js,0,539
798,VariableDeclaration,nan,-1,-1,-1,1931,8,1931,21,packages\slick-carousel\slick\slick.js,0,540
801,IfStatement,nan,-1,-1,-1,1940,8,1942,9,packages\slick-carousel\slick\slick.js,0,541
802,IfStatement,nan,-1,-1,-1,1944,8,1946,9,packages\slick-carousel\slick\slick.js,0,542
815,IfStatement,nan,-1,-1,-1,1963,8,1965,9,packages\slick-carousel\slick\slick.js,0,543
822,VariableDeclaration,nan,-1,-1,-1,1981,8,1981,21,packages\slick-carousel\slick\slick.js,0,544
823,IfStatement,nan,-1,-1,-1,1983,8,1990,9,packages\slick-carousel\slick\slick.js,0,545
824,Identifier,index,-1,-1,-1,1993,73,1993,78,packages\slick-carousel\slick\slick.js,0,546
825,Identifier,removeBefore,-1,-1,-1,1993,80,1993,92,packages\slick-carousel\slick\slick.js,0,547
826,Identifier,removeAll,-1,-1,-1,1993,94,1993,103,packages\slick-carousel\slick\slick.js,0,548
828,BlockStatement,nan,-1,-1,-1,1993,105,2026,5,packages\slick-carousel\slick\slick.js,0,549
829,VariableDeclaration,nan,-1,-1,-1,2030,8,2032,17,packages\slick-carousel\slick\slick.js,0,550
830,IfStatement,nan,-1,-1,-1,2034,8,2036,9,packages\slick-carousel\slick\slick.js,0,551
834,IfStatement,nan,-1,-1,-1,2042,8,2053,9,packages\slick-carousel\slick\slick.js,0,552
835,VariableDeclaration,nan,-1,-1,-1,2059,8,2059,21,packages\slick-carousel\slick\slick.js,0,553
836,IfStatement,nan,-1,-1,-1,2061,8,2074,9,packages\slick-carousel\slick\slick.js,0,554
839,IfStatement,nan,-1,-1,-1,2080,8,2089,9,packages\slick-carousel\slick\slick.js,0,555
840,VariableDeclaration,nan,-1,-1,-1,2091,8,2091,84,packages\slick-carousel\slick\slick.js,0,556
841,IfStatement,nan,-1,-1,-1,2092,8,2092,115,packages\slick-carousel\slick\slick.js,0,557
842,VariableDeclaration,nan,-1,-1,-1,2098,8,2099,23,packages\slick-carousel\slick\slick.js,0,558
845,VariableDeclaration,nan,-1,-1,-1,2131,8,2131,21,packages\slick-carousel\slick\slick.js,0,559
846,IfStatement,nan,-1,-1,-1,2133,8,2136,9,packages\slick-carousel\slick\slick.js,0,560
848,BlockStatement,nan,-1,-1,-1,2141,48,2236,5,packages\slick-carousel\slick\slick.js,0,561
849,VariableDeclaration,nan,-1,-1,-1,2240,8,2240,21,packages\slick-carousel\slick\slick.js,0,562
852,IfStatement,nan,-1,-1,-1,2246,8,2250,9,packages\slick-carousel\slick\slick.js,0,563
854,VariableDeclaration,nan,-1,-1,-1,2258,8,2259,44,packages\slick-carousel\slick\slick.js,0,564
856,IfStatement,nan,-1,-1,-1,2263,8,2267,9,packages\slick-carousel\slick\slick.js,0,565
857,IfStatement,nan,-1,-1,-1,2269,8,2275,9,packages\slick-carousel\slick\slick.js,0,566
858,IfStatement,nan,-1,-1,-1,2277,8,2285,9,packages\slick-carousel\slick\slick.js,0,567
859,IfStatement,nan,-1,-1,-1,2287,8,2292,9,packages\slick-carousel\slick\slick.js,0,568
860,IfStatement,nan,-1,-1,-1,2293,8,2298,9,packages\slick-carousel\slick\slick.js,0,569
861,IfStatement,nan,-1,-1,-1,2299,8,2304,9,packages\slick-carousel\slick\slick.js,0,570
862,IfStatement,nan,-1,-1,-1,2305,8,2310,9,packages\slick-carousel\slick\slick.js,0,571
863,IfStatement,nan,-1,-1,-1,2311,8,2315,9,packages\slick-carousel\slick\slick.js,0,572
865,VariableDeclaration,nan,-1,-1,-1,2322,8,2323,60,packages\slick-carousel\slick\slick.js,0,573
868,IfStatement,nan,-1,-1,-1,2334,8,2422,9,packages\slick-carousel\slick\slick.js,0,574
869,IfStatement,nan,-1,-1,-1,2424,8,2426,9,packages\slick-carousel\slick\slick.js,0,575
870,VariableDeclaration,nan,-1,-1,-1,2431,8,2432,41,packages\slick-carousel\slick\slick.js,0,576
871,IfStatement,nan,-1,-1,-1,2434,8,2436,9,packages\slick-carousel\slick\slick.js,0,577
872,IfStatement,nan,-1,-1,-1,2438,8,2469,9,packages\slick-carousel\slick\slick.js,0,578
873,VariableDeclaration,nan,-1,-1,-1,2475,8,2475,21,packages\slick-carousel\slick\slick.js,0,579
874,IfStatement,nan,-1,-1,-1,2477,8,2479,9,packages\slick-carousel\slick\slick.js,0,580
876,VariableDeclaration,nan,-1,-1,-1,2486,8,2486,21,packages\slick-carousel\slick\slick.js,0,581
877,VariableDeclaration,nan,-1,-1,-1,2488,8,2491,56,packages\slick-carousel\slick\slick.js,0,582
878,VariableDeclaration,nan,-1,-1,-1,2493,8,2493,69,packages\slick-carousel\slick\slick.js,0,583
879,IfStatement,nan,-1,-1,-1,2495,8,2495,30,packages\slick-carousel\slick\slick.js,0,584
880,IfStatement,nan,-1,-1,-1,2497,8,2502,9,packages\slick-carousel\slick\slick.js,0,585
882,VariableDeclaration,nan,-1,-1,-1,2510,8,2511,32,packages\slick-carousel\slick\slick.js,0,586
884,IfStatement,nan,-1,-1,-1,2515,8,2517,9,packages\slick-carousel\slick\slick.js,0,587
885,IfStatement,nan,-1,-1,-1,2519,8,2521,9,packages\slick-carousel\slick\slick.js,0,588
886,IfStatement,nan,-1,-1,-1,2523,8,2525,9,packages\slick-carousel\slick\slick.js,0,589
891,IfStatement,nan,-1,-1,-1,2533,8,2557,9,packages\slick-carousel\slick\slick.js,0,590
892,IfStatement,nan,-1,-1,-1,2559,8,2561,9,packages\slick-carousel\slick\slick.js,0,591
893,IfStatement,nan,-1,-1,-1,2563,8,2577,9,packages\slick-carousel\slick\slick.js,0,592
899,IfStatement,nan,-1,-1,-1,2588,8,2597,9,packages\slick-carousel\slick\slick.js,0,593
902,IfStatement,nan,-1,-1,-1,2602,8,2616,9,packages\slick-carousel\slick\slick.js,0,594
903,IfStatement,nan,-1,-1,-1,2618,8,2624,9,packages\slick-carousel\slick\slick.js,0,595
904,VariableDeclaration,nan,-1,-1,-1,2630,8,2630,21,packages\slick-carousel\slick\slick.js,0,596
905,IfStatement,nan,-1,-1,-1,2632,8,2637,9,packages\slick-carousel\slick\slick.js,0,597
906,IfStatement,nan,-1,-1,-1,2639,8,2643,9,packages\slick-carousel\slick\slick.js,0,598
908,VariableDeclaration,nan,-1,-1,-1,2651,8,2651,50,packages\slick-carousel\slick\slick.js,0,599
913,IfStatement,nan,-1,-1,-1,2658,8,2660,9,packages\slick-carousel\slick\slick.js,0,600
914,IfStatement,nan,-1,-1,-1,2662,8,2664,9,packages\slick-carousel\slick\slick.js,0,601
915,IfStatement,nan,-1,-1,-1,2665,8,2667,9,packages\slick-carousel\slick\slick.js,0,602
916,IfStatement,nan,-1,-1,-1,2668,8,2670,9,packages\slick-carousel\slick\slick.js,0,603
917,IfStatement,nan,-1,-1,-1,2671,8,2677,9,packages\slick-carousel\slick\slick.js,0,604
918,ReturnStatement,nan,1,-1,-1,2679,8,2679,26,packages\slick-carousel\slick\slick.js,0,605
919,VariableDeclaration,nan,-1,-1,-1,2685,8,2687,22,packages\slick-carousel\slick\slick.js,0,606
922,IfStatement,nan,-1,-1,-1,2692,8,2695,9,packages\slick-carousel\slick\slick.js,0,607
925,IfStatement,nan,-1,-1,-1,2700,8,2702,9,packages\slick-carousel\slick\slick.js,0,608
926,IfStatement,nan,-1,-1,-1,2704,8,2706,9,packages\slick-carousel\slick\slick.js,0,609
927,IfStatement,nan,-1,-1,-1,2708,8,2760,9,packages\slick-carousel\slick\slick.js,0,610
928,VariableDeclaration,nan,-1,-1,-1,2766,8,2766,21,packages\slick-carousel\slick\slick.js,0,611
929,IfStatement,nan,-1,-1,-1,2768,8,2772,9,packages\slick-carousel\slick\slick.js,0,612
932,IfStatement,nan,-1,-1,-1,2780,8,2783,9,packages\slick-carousel\slick\slick.js,0,613
933,SwitchStatement,nan,-1,-1,-1,2785,8,2799,9,packages\slick-carousel\slick\slick.js,0,614
934,VariableDeclaration,nan,-1,-1,-1,2805,8,2807,95,packages\slick-carousel\slick\slick.js,0,615
936,IfStatement,nan,-1,-1,-1,2811,8,2813,9,packages\slick-carousel\slick\slick.js,0,616
942,IfStatement,nan,-1,-1,-1,2826,8,2829,9,packages\slick-carousel\slick\slick.js,0,617
943,IfStatement,nan,-1,-1,-1,2831,8,2833,9,packages\slick-carousel\slick\slick.js,0,618
945,IfStatement,nan,-1,-1,-1,2837,8,2840,9,packages\slick-carousel\slick\slick.js,0,619
947,IfStatement,nan,-1,-1,-1,2843,8,2845,9,packages\slick-carousel\slick\slick.js,0,620
950,IfStatement,nan,-1,-1,-1,2852,8,2857,9,packages\slick-carousel\slick\slick.js,0,621
951,IfStatement,nan,-1,-1,-1,2859,8,2863,9,packages\slick-carousel\slick\slick.js,0,622
952,IfStatement,nan,-1,-1,-1,2864,8,2866,9,packages\slick-carousel\slick\slick.js,0,623
953,IfStatement,nan,-1,-1,-1,2868,8,2870,9,packages\slick-carousel\slick\slick.js,0,624
954,IfStatement,nan,-1,-1,-1,2872,8,2875,9,packages\slick-carousel\slick\slick.js,0,625
956,VariableDeclaration,nan,-1,-1,-1,2883,8,2884,20,packages\slick-carousel\slick\slick.js,0,626
958,IfStatement,nan,-1,-1,-1,2888,8,2891,9,packages\slick-carousel\slick\slick.js,0,627
959,IfStatement,nan,-1,-1,-1,2893,8,2895,9,packages\slick-carousel\slick\slick.js,0,628
964,BlockStatement,nan,-1,-1,-1,2904,80,2920,5,packages\slick-carousel\slick\slick.js,0,629
965,VariableDeclaration,nan,-1,-1,-1,2924,8,2924,21,packages\slick-carousel\slick\slick.js,0,630
967,IfStatement,nan,-1,-1,-1,2928,8,2930,9,packages\slick-carousel\slick\slick.js,0,631
968,IfStatement,nan,-1,-1,-1,2932,8,2934,9,packages\slick-carousel\slick\slick.js,0,632
969,IfStatement,nan,-1,-1,-1,2936,8,2938,9,packages\slick-carousel\slick\slick.js,0,633
971,VariableDeclaration,nan,-1,-1,-1,2949,8,2949,21,packages\slick-carousel\slick\slick.js,0,634
974,VariableDeclaration,nan,-1,-1,-1,2957,8,2958,25,packages\slick-carousel\slick\slick.js,0,635
976,IfStatement,nan,-1,-1,-1,2962,8,2986,9,packages\slick-carousel\slick\slick.js,0,636
977,VariableDeclaration,nan,-1,-1,-1,2992,8,2992,21,packages\slick-carousel\slick\slick.js,0,637
978,IfStatement,nan,-1,-1,-1,2994,8,3006,9,packages\slick-carousel\slick\slick.js,0,638
979,VariableDeclaration,nan,-1,-1,-1,3012,8,3012,21,packages\slick-carousel\slick\slick.js,0,639
980,IfStatement,nan,-1,-1,-1,3014,8,3026,9,packages\slick-carousel\slick\slick.js,0,640
981,VariableDeclaration,nan,-1,-1,-1,3031,8,3036,16,packages\slick-carousel\slick\slick.js,0,641
982,ForStatement,nan,-1,-1,-1,3037,8,3043,9,packages\slick-carousel\slick\slick.js,0,642
983,ReturnStatement,nan,1,-1,-1,3044,8,3044,17,packages\slick-carousel\slick\slick.js,0,643
984,ArrayExpression,nan,-1,-1,-1,21,15,21,25,packages\slick-carousel\slick\slick.js,0,644
985,Identifier,factory,-1,-1,-1,21,27,21,34,packages\slick-carousel\slick\slick.js,0,645
986,Identifier,define,-1,-1,-1,21,8,21,14,packages\slick-carousel\slick\slick.js,0,646
987,Identifier,define,-1,-1,-1,20,15,20,21,packages\slick-carousel\slick\slick.js,0,647
988,VariableDeclaration,nan,-1,-1,-1,45,8,45,28,packages\slick-carousel\slick\slick.js,0,648
989,FunctionDeclaration,nan,-1,2,0,47,8,188,9,packages\slick-carousel\slick\slick.js,0,649
990,ReturnStatement,nan,1,-1,-1,190,8,190,21,packages\slick-carousel\slick\slick.js,0,650
991,CallExpression,nan,1,-1,-1,197,8,202,10,packages\slick-carousel\slick\slick.js,0,651
992,VariableDeclaration,nan,-1,-1,-1,208,8,208,21,packages\slick-carousel\slick\slick.js,0,652
993,IfStatement,nan,-1,-1,-1,210,8,215,9,packages\slick-carousel\slick\slick.js,0,653
995,IfStatement,nan,-1,-1,-1,219,8,233,9,packages\slick-carousel\slick\slick.js,0,654
1002,BlockStatement,nan,-1,-1,-1,253,111,258,9,packages\slick-carousel\slick\slick.js,0,655
1003,LogicalExpression,nan,-1,-1,-1,253,12,253,109,packages\slick-carousel\slick\slick.js,0,656
1004,CallExpression,nan,0,-1,-1,266,8,266,25,packages\slick-carousel\slick\slick.js,0,657
1005,BlockStatement,nan,-1,-1,-1,268,68,270,9,packages\slick-carousel\slick\slick.js,0,658
1006,LogicalExpression,nan,-1,-1,-1,268,12,268,66,packages\slick-carousel\slick\slick.js,0,659
1007,BlockStatement,nan,-1,-1,-1,271,43,282,9,packages\slick-carousel\slick\slick.js,0,660
1009,BlockStatement,nan,-1,-1,-1,346,45,348,9,packages\slick-carousel\slick\slick.js,0,661
1010,LogicalExpression,nan,-1,-1,-1,346,13,346,42,packages\slick-carousel\slick\slick.js,0,662
1011,Identifier,asNavFor,-1,-1,-1,350,15,350,23,packages\slick-carousel\slick\slick.js,0,663
1012,BlockStatement,nan,-1,-1,-1,359,65,366,9,packages\slick-carousel\slick\slick.js,0,664
1013,LogicalExpression,nan,-1,-1,-1,359,13,359,62,packages\slick-carousel\slick\slick.js,0,665
1014,BlockStatement,nan,-1,-1,-1,375,38,377,9,packages\slick-carousel\slick\slick.js,0,666
1016,BlockStatement,nan,-1,-1,-1,381,38,383,9,packages\slick-carousel\slick\slick.js,0,667
1018,CallExpression,nan,0,-1,-1,393,8,393,25,packages\slick-carousel\slick\slick.js,0,668
1019,BlockStatement,nan,-1,-1,-1,395,53,397,9,packages\slick-carousel\slick\slick.js,0,669
1021,BlockStatement,nan,-1,-1,-1,405,29,407,9,packages\slick-carousel\slick\slick.js,0,670
1022,MemberExpression,nan,-1,-1,-1,405,12,405,27,packages\slick-carousel\slick\slick.js,0,671
1023,BlockStatement,nan,-1,-1,-1,416,58,438,9,packages\slick-carousel\slick\slick.js,0,672
1024,LogicalExpression,nan,-1,-1,-1,416,13,416,55,packages\slick-carousel\slick\slick.js,0,673
1025,BlockStatement,nan,-1,-1,-1,446,40,482,9,packages\slick-carousel\slick\slick.js,0,674
1027,BlockStatement,nan,-1,-1,-1,491,78,505,9,packages\slick-carousel\slick\slick.js,0,675
1028,LogicalExpression,nan,-1,-1,-1,491,12,491,76,packages\slick-carousel\slick\slick.js,0,676
1029,AssignmentExpression,nan,-1,-1,-1,513,8,516,40,packages\slick-carousel\slick\slick.js,0,677
1030,AssignmentExpression,nan,-1,-1,-1,518,8,518,39,packages\slick-carousel\slick\slick.js,0,678
1031,CallExpression,nan,1,-1,-1,520,8,524,10,packages\slick-carousel\slick\slick.js,0,679
1032,CallExpression,nan,1,-1,-1,526,8,526,42,packages\slick-carousel\slick\slick.js,0,680
1033,AssignmentExpression,nan,-1,-1,-1,528,8,530,73,packages\slick-carousel\slick\slick.js,0,681
1034,AssignmentExpression,nan,-1,-1,-1,532,8,533,54,packages\slick-carousel\slick\slick.js,0,682
1035,CallExpression,nan,2,-1,-1,534,8,534,39,packages\slick-carousel\slick\slick.js,0,683
1036,BlockStatement,nan,-1,-1,-1,536,78,538,9,packages\slick-carousel\slick\slick.js,0,684
1037,LogicalExpression,nan,-1,-1,-1,536,12,536,76,packages\slick-carousel\slick\slick.js,0,685
1038,CallExpression,nan,1,-1,-1,540,8,540,77,packages\slick-carousel\slick\slick.js,0,686
1039,CallExpression,nan,0,-1,-1,542,8,542,25,packages\slick-carousel\slick\slick.js,0,687
1040,CallExpression,nan,0,-1,-1,544,8,544,23,packages\slick-carousel\slick\slick.js,0,688
1041,CallExpression,nan,0,-1,-1,546,8,546,21,packages\slick-carousel\slick\slick.js,0,689
1042,CallExpression,nan,0,-1,-1,548,8,548,22,packages\slick-carousel\slick\slick.js,0,690
1043,CallExpression,nan,1,-1,-1,551,8,551,82,packages\slick-carousel\slick\slick.js,0,691
1044,BlockStatement,nan,-1,-1,-1,553,42,555,9,packages\slick-carousel\slick\slick.js,0,692
1046,AssignmentExpression,nan,-1,-1,-1,563,8,563,53,packages\slick-carousel\slick\slick.js,0,693
1047,AssignmentExpression,nan,-1,-1,-1,564,8,564,45,packages\slick-carousel\slick\slick.js,0,694
1048,BlockStatement,nan,-1,-1,-1,566,31,595,9,packages\slick-carousel\slick\slick.js,0,695
1050,BlockStatement,nan,-1,-1,-1,606,38,608,9,packages\slick-carousel\slick\slick.js,0,696
1052,BlockStatement,nan,-1,-1,-1,616,43,683,9,packages\slick-carousel\slick\slick.js,0,697
1053,LogicalExpression,nan,-1,-1,-1,614,13,616,41,packages\slick-carousel\slick\slick.js,0,698
1054,BlockStatement,nan,-1,-1,-1,694,28,696,9,packages\slick-carousel\slick\slick.js,0,699
1055,CallExpression,nan,1,-1,-1,694,11,694,26,packages\slick-carousel\slick\slick.js,0,700
1056,BlockStatement,nan,-1,-1,-1,699,30,701,9,packages\slick-carousel\slick\slick.js,0,701
1057,UnaryExpression,nan,1,-1,-1,699,11,699,28,packages\slick-carousel\slick\slick.js,0,702
1058,AssignmentExpression,nan,-1,-1,-1,703,8,703,70,packages\slick-carousel\slick\slick.js,0,703
1059,AssignmentExpression,nan,-1,-1,-1,704,8,704,99,packages\slick-carousel\slick\slick.js,0,704
1060,AssignmentExpression,nan,-1,-1,-1,741,8,741,44,packages\slick-carousel\slick\slick.js,0,705
1061,AssignmentExpression,nan,-1,-1,-1,742,8,742,25,packages\slick-carousel\slick\slick.js,0,706
1062,BlockStatement,nan,-1,-1,-1,743,55,745,9,packages\slick-carousel\slick\slick.js,0,707
1064,Identifier,index,-1,-1,-1,755,15,755,20,packages\slick-carousel\slick\slick.js,0,708
1065,BlockStatement,nan,-1,-1,-1,762,48,772,9,packages\slick-carousel\slick\slick.js,0,709
1066,LogicalExpression,nan,-1,-1,-1,762,12,762,46,packages\slick-carousel\slick\slick.js,0,710
1067,CallExpression,nan,1,-1,-1,774,8,774,47,packages\slick-carousel\slick\slick.js,0,711
1068,BlockStatement,nan,-1,-1,-1,776,80,784,9,packages\slick-carousel\slick\slick.js,0,712
1069,LogicalExpression,nan,-1,-1,-1,776,12,776,78,packages\slick-carousel\slick\slick.js,0,713
1070,CallExpression,nan,2,-1,-1,786,8,786,71,packages\slick-carousel\slick\slick.js,0,714
1071,CallExpression,nan,2,-1,-1,787,8,787,70,packages\slick-carousel\slick\slick.js,0,715
1072,CallExpression,nan,2,-1,-1,788,8,788,67,packages\slick-carousel\slick\slick.js,0,716
1073,CallExpression,nan,2,-1,-1,789,8,789,73,packages\slick-carousel\slick\slick.js,0,717
1074,CallExpression,nan,2,-1,-1,791,8,791,50,packages\slick-carousel\slick\slick.js,0,718
1075,CallExpression,nan,2,-1,-1,793,8,793,57,packages\slick-carousel\slick\slick.js,0,719
1076,CallExpression,nan,0,-1,-1,795,8,795,30,packages\slick-carousel\slick\slick.js,0,720
1077,BlockStatement,nan,-1,-1,-1,797,46,799,9,packages\slick-carousel\slick\slick.js,0,721
1079,BlockStatement,nan,-1,-1,-1,801,46,803,9,packages\slick-carousel\slick\slick.js,0,722
1081,CallExpression,nan,2,-1,-1,805,8,805,92,packages\slick-carousel\slick\slick.js,0,723
1082,CallExpression,nan,2,-1,-1,807,8,807,70,packages\slick-carousel\slick\slick.js,0,724
1083,CallExpression,nan,2,-1,-1,809,8,809,80,packages\slick-carousel\slick\slick.js,0,725
1084,CallExpression,nan,2,-1,-1,811,8,811,73,packages\slick-carousel\slick\slick.js,0,726
1085,CallExpression,nan,2,-1,-1,819,8,819,70,packages\slick-carousel\slick\slick.js,0,727
1086,CallExpression,nan,2,-1,-1,820,8,820,71,packages\slick-carousel\slick\slick.js,0,728
1087,BlockStatement,nan,-1,-1,-1,828,31,832,9,packages\slick-carousel\slick\slick.js,0,729
1089,BlockStatement,nan,-1,-1,-1,840,37,844,9,packages\slick-carousel\slick\slick.js,0,730
1091,CallExpression,nan,0,-1,-1,852,8,852,25,packages\slick-carousel\slick\slick.js,0,731
1092,AssignmentExpression,nan,-1,-1,-1,854,8,854,26,packages\slick-carousel\slick\slick.js,0,732
1093,CallExpression,nan,0,-1,-1,856,8,856,25,packages\slick-carousel\slick\slick.js,0,733
1094,CallExpression,nan,0,-1,-1,858,8,858,46,packages\slick-carousel\slick\slick.js,0,734
1095,BlockStatement,nan,-1,-1,-1,860,21,862,9,packages\slick-carousel\slick\slick.js,0,735
1096,MemberExpression,nan,-1,-1,-1,860,12,860,19,packages\slick-carousel\slick\slick.js,0,736
1097,BlockStatement,nan,-1,-1,-1,864,51,874,9,packages\slick-carousel\slick\slick.js,0,737
1098,LogicalExpression,nan,-1,-1,-1,864,13,864,48,packages\slick-carousel\slick\slick.js,0,738
1099,BlockStatement,nan,-1,-1,-1,876,51,886,9,packages\slick-carousel\slick\slick.js,0,739
1100,LogicalExpression,nan,-1,-1,-1,876,13,876,48,packages\slick-carousel\slick\slick.js,0,740
1101,BlockStatement,nan,-1,-1,-1,889,23,906,9,packages\slick-carousel\slick\slick.js,0,741
1102,MemberExpression,nan,-1,-1,-1,889,12,889,21,packages\slick-carousel\slick\slick.js,0,742
1103,CallExpression,nan,0,-1,-1,908,8,908,23,packages\slick-carousel\slick\slick.js,0,743
1104,CallExpression,nan,1,-1,-1,910,8,910,45,packages\slick-carousel\slick\slick.js,0,744
1105,CallExpression,nan,1,-1,-1,911,8,911,50,packages\slick-carousel\slick\slick.js,0,745
1106,CallExpression,nan,1,-1,-1,912,8,912,45,packages\slick-carousel\slick\slick.js,0,746
1107,AssignmentExpression,nan,-1,-1,-1,914,8,914,26,packages\slick-carousel\slick\slick.js,0,747
1108,BlockStatement,nan,-1,-1,-1,916,21,918,9,packages\slick-carousel\slick\slick.js,0,748
1109,UnaryExpression,nan,1,-1,-1,916,11,916,19,packages\slick-carousel\slick\slick.js,0,749
1110,AssignmentExpression,nan,-1,-1,-1,927,8,927,41,packages\slick-carousel\slick\slick.js,0,750
1111,BlockStatement,nan,-1,-1,-1,929,38,931,9,packages\slick-carousel\slick\slick.js,0,751
1113,BlockStatement,nan,-1,-1,-1,941,40,951,9,packages\slick-carousel\slick\slick.js,0,752
1115,BlockStatement,nan,-1,-1,-1,977,40,984,9,packages\slick-carousel\slick\slick.js,0,753
1117,VariableDeclaration,nan,-1,-1,-1,999,8,999,21,packages\slick-carousel\slick\slick.js,0,754
1118,IfStatement,nan,-1,-1,-1,1001,8,1013,9,packages\slick-carousel\slick\slick.js,0,755
1119,CallExpression,nan,3,-1,-1,1022,8,1051,13,packages\slick-carousel\slick\slick.js,0,756
1120,VariableDeclaration,nan,-1,-1,-1,1056,8,1056,21,packages\slick-carousel\slick\slick.js,0,757
1121,ReturnStatement,nan,1,-1,-1,1057,8,1057,30,packages\slick-carousel\slick\slick.js,0,758
1122,BlockStatement,nan,-1,-1,-1,1069,41,1079,9,packages\slick-carousel\slick\slick.js,0,759
1125,AssignmentExpression,nan,-1,-1,-1,1104,8,1104,25,packages\slick-carousel\slick\slick.js,0,760
1126,AssignmentExpression,nan,-1,-1,-1,1105,8,1105,60,packages\slick-carousel\slick\slick.js,0,761
1127,BlockStatement,nan,-1,-1,-1,1107,41,1132,9,packages\slick-carousel\slick\slick.js,0,762
1129,BlockStatement,nan,-1,-1,-1,1139,52,1142,9,packages\slick-carousel\slick\slick.js,0,763
1131,BlockStatement,nan,-1,-1,-1,1144,85,1146,9,packages\slick-carousel\slick\slick.js,0,764
1132,LogicalExpression,nan,-1,-1,-1,1144,12,1144,83,packages\slick-carousel\slick\slick.js,0,765
1133,BlockStatement,nan,-1,-1,-1,1153,42,1155,9,packages\slick-carousel\slick\slick.js,0,766
1135,BlockStatement,nan,-1,-1,-1,1159,46,1196,9,packages\slick-carousel\slick\slick.js,0,767
1137,Identifier,targetLeft,-1,-1,-1,1198,15,1198,25,packages\slick-carousel\slick\slick.js,0,768
1138,VariableDeclaration,nan,-1,-1,-1,1204,8,1204,21,packages\slick-carousel\slick\slick.js,0,769
1139,ReturnStatement,nan,1,-1,-1,1206,8,1206,33,packages\slick-carousel\slick\slick.js,0,770
1140,BlockStatement,nan,-1,-1,-1,1218,42,1220,9,packages\slick-carousel\slick\slick.js,0,771
1143,BlockStatement,nan,-1,-1,-1,1226,33,1230,9,packages\slick-carousel\slick\slick.js,0,772
1144,Identifier,indexes,-1,-1,-1,1232,15,1232,22,packages\slick-carousel\slick\slick.js,0,773
1145,ThisExpression,nan,-1,-1,-1,1238,15,1238,19,packages\slick-carousel\slick\slick.js,0,774
1146,AssignmentExpression,nan,-1,-1,-1,1247,8,1247,90,packages\slick-carousel\slick\slick.js,0,775
1147,AssignmentExpression,nan,-1,-1,-1,1248,8,1248,55,packages\slick-carousel\slick\slick.js,0,776
1148,BlockStatement,nan,-1,-1,-1,1250,45,1273,9,packages\slick-carousel\slick\slick.js,0,777
1150,VariableDeclaration,nan,-1,-1,-1,1281,8,1281,21,packages\slick-carousel\slick\slick.js,0,778
1152,BlockStatement,nan,-1,-1,-1,1296,57,1311,9,packages\slick-carousel\slick\slick.js,0,779
1153,UnaryExpression,nan,1,-1,-1,1296,12,1296,55,packages\slick-carousel\slick\slick.js,0,780
1154,BlockStatement,nan,-1,-1,-1,1313,22,1315,9,packages\slick-carousel\slick\slick.js,0,781
1155,Identifier,creation,-1,-1,-1,1313,12,1313,20,packages\slick-carousel\slick\slick.js,0,782
1156,BlockStatement,nan,-1,-1,-1,1317,46,1319,9,packages\slick-carousel\slick\slick.js,0,783
1158,BlockStatement,nan,-1,-1,-1,1321,34,1326,9,packages\slick-carousel\slick\slick.js,0,784
1159,MemberExpression,nan,-1,-1,-1,1321,13,1321,31,packages\slick-carousel\slick\slick.js,0,785
1160,CallExpression,nan,1,-1,-1,1337,8,1342,10,packages\slick-carousel\slick\slick.js,0,786
1161,BlockStatement,nan,-1,-1,-1,1344,30,1384,9,packages\slick-carousel\slick\slick.js,0,787
1164,BlockStatement,nan,-1,-1,-1,1386,79,1392,9,packages\slick-carousel\slick\slick.js,0,788
1165,CallExpression,nan,0,-1,-1,1394,8,1394,23,packages\slick-carousel\slick\slick.js,0,789
1166,BlockStatement,nan,-1,-1,-1,1402,80,1418,9,packages\slick-carousel\slick\slick.js,0,790
1167,LogicalExpression,nan,-1,-1,-1,1402,12,1402,78,packages\slick-carousel\slick\slick.js,0,791
1168,BlockStatement,nan,-1,-1,-1,1426,78,1434,9,packages\slick-carousel\slick\slick.js,0,792
1169,LogicalExpression,nan,-1,-1,-1,1426,12,1426,76,packages\slick-carousel\slick\slick.js,0,793
1170,BlockStatement,nan,-1,-1,-1,1436,117,1442,9,packages\slick-carousel\slick\slick.js,0,794
1171,LogicalExpression,nan,-1,-1,-1,1436,12,1436,115,packages\slick-carousel\slick\slick.js,0,795
1172,BlockStatement,nan,-1,-1,-1,1450,38,1455,9,packages\slick-carousel\slick\slick.js,0,796
1173,MemberExpression,nan,-1,-1,-1,1450,13,1450,35,packages\slick-carousel\slick\slick.js,0,797
1174,CallExpression,nan,0,-1,-1,1463,8,1463,27,packages\slick-carousel\slick\slick.js,0,798
1175,CallExpression,nan,0,-1,-1,1465,8,1465,25,packages\slick-carousel\slick\slick.js,0,799
1176,CallExpression,nan,0,-1,-1,1466,8,1466,27,packages\slick-carousel\slick\slick.js,0,800
1177,CallExpression,nan,3,-1,-1,1468,8,1470,26,packages\slick-carousel\slick\slick.js,0,801
1178,CallExpression,nan,3,-1,-1,1471,8,1473,26,packages\slick-carousel\slick\slick.js,0,802
1179,CallExpression,nan,3,-1,-1,1474,8,1476,26,packages\slick-carousel\slick\slick.js,0,803
1180,CallExpression,nan,3,-1,-1,1477,8,1479,26,packages\slick-carousel\slick\slick.js,0,804
1181,CallExpression,nan,2,-1,-1,1481,8,1481,49,packages\slick-carousel\slick\slick.js,0,805
1182,CallExpression,nan,2,-1,-1,1483,8,1483,68,packages\slick-carousel\slick\slick.js,0,806
1183,BlockStatement,nan,-1,-1,-1,1485,46,1487,9,packages\slick-carousel\slick\slick.js,0,807
1185,BlockStatement,nan,-1,-1,-1,1489,46,1491,9,packages\slick-carousel\slick\slick.js,0,808
1187,CallExpression,nan,2,-1,-1,1493,8,1493,103,packages\slick-carousel\slick\slick.js,0,809
1188,CallExpression,nan,2,-1,-1,1495,8,1495,81,packages\slick-carousel\slick\slick.js,0,810
1189,CallExpression,nan,2,-1,-1,1497,8,1497,79,packages\slick-carousel\slick\slick.js,0,811
1190,CallExpression,nan,2,-1,-1,1499,8,1499,72,packages\slick-carousel\slick\slick.js,0,812
1191,CallExpression,nan,1,-1,-1,1500,8,1500,24,packages\slick-carousel\slick\slick.js,0,813
1192,BlockStatement,nan,-1,-1,-1,1508,80,1513,9,packages\slick-carousel\slick\slick.js,0,814
1193,LogicalExpression,nan,-1,-1,-1,1508,12,1508,78,packages\slick-carousel\slick\slick.js,0,815
1194,BlockStatement,nan,-1,-1,-1,1515,78,1519,9,packages\slick-carousel\slick\slick.js,0,816
1195,LogicalExpression,nan,-1,-1,-1,1515,12,1515,76,packages\slick-carousel\slick\slick.js,0,817
1196,BlockStatement,nan,-1,-1,-1,1527,65,1541,9,packages\slick-carousel\slick\slick.js,0,818
1197,UnaryExpression,nan,1,-1,-1,1527,11,1527,63,packages\slick-carousel\slick\slick.js,0,819
1198,Identifier,loadImages,-1,-1,-1,1550,17,1550,27,packages\slick-carousel\slick\slick.js,0,820
1199,Identifier,imagesScope,-1,-1,-1,1550,28,1550,39,packages\slick-carousel\slick\slick.js,0,821
1201,BlockStatement,nan,-1,-1,-1,1550,41,1602,9,packages\slick-carousel\slick\slick.js,0,822
1202,BlockStatement,nan,-1,-1,-1,1604,43,1612,9,packages\slick-carousel\slick\slick.js,0,823
1204,AssignmentExpression,nan,-1,-1,-1,1621,8,1621,78,packages\slick-carousel\slick\slick.js,0,824
1205,BlockStatement,nan,-1,-1,-1,1623,50,1635,9,packages\slick-carousel\slick\slick.js,0,825
1207,CallExpression,nan,1,-1,-1,1637,8,1637,29,packages\slick-carousel\slick\slick.js,0,826
1208,BlockStatement,nan,-1,-1,-1,1639,52,1642,9,packages\slick-carousel\slick\slick.js,0,827
1210,CallExpression,nan,0,-1,-1,1657,8,1657,23,packages\slick-carousel\slick\slick.js,0,828
1211,CallExpression,nan,1,-1,-1,1659,8,1661,10,packages\slick-carousel\slick\slick.js,0,829
1212,CallExpression,nan,1,-1,-1,1663,8,1663,46,packages\slick-carousel\slick\slick.js,0,830
1213,CallExpression,nan,0,-1,-1,1665,8,1665,18,packages\slick-carousel\slick\slick.js,0,831
1214,BlockStatement,nan,-1,-1,-1,1667,50,1669,9,packages\slick-carousel\slick\slick.js,0,832
1216,VariableDeclaration,nan,-1,-1,-1,1675,8,1675,21,packages\slick-carousel\slick\slick.js,0,833
1218,CallExpression,nan,0,-1,-1,1689,8,1689,27,packages\slick-carousel\slick\slick.js,0,834
1219,CallExpression,nan,0,-1,-1,1690,8,1690,23,packages\slick-carousel\slick\slick.js,0,835
1220,VariableDeclaration,nan,-1,-1,-1,1696,8,1696,21,packages\slick-carousel\slick\slick.js,0,836
1223,VariableDeclaration,nan,-1,-1,-1,1705,8,1705,21,packages\slick-carousel\slick\slick.js,0,837
1229,BlockStatement,nan,-1,-1,-1,1719,27,1744,9,packages\slick-carousel\slick\slick.js,0,838
1230,UnaryExpression,nan,1,-1,-1,1719,12,1719,24,packages\slick-carousel\slick\slick.js,0,839
1231,VariableDeclaration,nan,-1,-1,-1,1750,8,1750,21,packages\slick-carousel\slick\slick.js,0,840
1233,CallExpression,nan,0,-1,-1,1762,8,1762,30,packages\slick-carousel\slick\slick.js,0,841
1234,AssignmentExpression,nan,-1,-1,-1,1768,8,1768,32,packages\slick-carousel\slick\slick.js,0,842
1235,BlockStatement,nan,-1,-1,-1,1778,34,1842,9,packages\slick-carousel\slick\slick.js,0,843
1236,MemberExpression,nan,-1,-1,-1,1778,13,1778,31,packages\slick-carousel\slick\slick.js,0,844
1237,AssignmentExpression,nan,-1,-1,-1,1854,8,1854,64,packages\slick-carousel\slick\slick.js,0,845
1238,BlockStatement,nan,-1,-1,-1,1858,74,1860,9,packages\slick-carousel\slick\slick.js,0,846
1239,LogicalExpression,nan,-1,-1,-1,1858,12,1858,72,packages\slick-carousel\slick\slick.js,0,847
1240,BlockStatement,nan,-1,-1,-1,1863,54,1866,9,packages\slick-carousel\slick\slick.js,0,848
1242,AssignmentExpression,nan,-1,-1,-1,1868,8,1868,37,packages\slick-carousel\slick\slick.js,0,849
1243,CallExpression,nan,1,-1,-1,1870,8,1870,23,packages\slick-carousel\slick\slick.js,0,850
1244,CallExpression,nan,3,-1,-1,1872,8,1872,63,packages\slick-carousel\slick\slick.js,0,851
1245,CallExpression,nan,0,-1,-1,1874,8,1874,16,packages\slick-carousel\slick\slick.js,0,852
1246,BlockStatement,nan,-1,-1,-1,1876,28,1885,9,packages\slick-carousel\slick\slick.js,0,853
1247,UnaryExpression,nan,1,-1,-1,1876,12,1876,25,packages\slick-carousel\slick\slick.js,0,854
1248,BlockStatement,nan,-1,-1,-1,1894,78,1925,9,packages\slick-carousel\slick\slick.js,0,855
1249,LogicalExpression,nan,-1,-1,-1,1894,13,1894,75,packages\slick-carousel\slick\slick.js,0,856
1250,AssignmentExpression,nan,-1,-1,-1,1933,8,1936,40,packages\slick-carousel\slick\slick.js,0,857
1251,AssignmentExpression,nan,-1,-1,-1,1938,8,1938,39,packages\slick-carousel\slick\slick.js,0,858
1252,BlockStatement,nan,-1,-1,-1,1940,68,1942,9,packages\slick-carousel\slick\slick.js,0,859
1253,LogicalExpression,nan,-1,-1,-1,1940,12,1940,66,packages\slick-carousel\slick\slick.js,0,860
1254,BlockStatement,nan,-1,-1,-1,1944,52,1946,9,packages\slick-carousel\slick\slick.js,0,861
1256,CallExpression,nan,0,-1,-1,1948,8,1948,31,packages\slick-carousel\slick\slick.js,0,862
1257,CallExpression,nan,0,-1,-1,1950,8,1950,20,packages\slick-carousel\slick\slick.js,0,863
1258,CallExpression,nan,0,-1,-1,1951,8,1951,25,packages\slick-carousel\slick\slick.js,0,864
1259,CallExpression,nan,0,-1,-1,1952,8,1952,23,packages\slick-carousel\slick\slick.js,0,865
1260,CallExpression,nan,0,-1,-1,1953,8,1953,24,packages\slick-carousel\slick\slick.js,0,866
1261,CallExpression,nan,0,-1,-1,1954,8,1954,27,packages\slick-carousel\slick\slick.js,0,867
1262,CallExpression,nan,0,-1,-1,1955,8,1955,21,packages\slick-carousel\slick\slick.js,0,868
1263,CallExpression,nan,0,-1,-1,1956,8,1956,22,packages\slick-carousel\slick\slick.js,0,869
1264,CallExpression,nan,0,-1,-1,1957,8,1957,25,packages\slick-carousel\slick\slick.js,0,870
1265,CallExpression,nan,0,-1,-1,1958,8,1958,30,packages\slick-carousel\slick\slick.js,0,871
1266,CallExpression,nan,0,-1,-1,1959,8,1959,27,packages\slick-carousel\slick\slick.js,0,872
1267,CallExpression,nan,2,-1,-1,1961,8,1961,38,packages\slick-carousel\slick\slick.js,0,873
1268,BlockStatement,nan,-1,-1,-1,1963,46,1965,9,packages\slick-carousel\slick\slick.js,0,874
1270,CallExpression,nan,1,-1,-1,1967,8,1967,82,packages\slick-carousel\slick\slick.js,0,875
1271,CallExpression,nan,0,-1,-1,1969,8,1969,23,packages\slick-carousel\slick\slick.js,0,876
1272,CallExpression,nan,0,-1,-1,1970,8,1970,24,packages\slick-carousel\slick\slick.js,0,877
1273,AssignmentExpression,nan,-1,-1,-1,1972,8,1972,38,packages\slick-carousel\slick\slick.js,0,878
1274,CallExpression,nan,0,-1,-1,1973,8,1973,20,packages\slick-carousel\slick\slick.js,0,879
1275,CallExpression,nan,2,-1,-1,1975,8,1975,40,packages\slick-carousel\slick\slick.js,0,880
1276,BlockStatement,nan,-1,-1,-1,1983,49,1990,9,packages\slick-carousel\slick\slick.js,0,881
1278,VariableDeclaration,nan,-1,-1,-1,1995,8,1995,21,packages\slick-carousel\slick\slick.js,0,882
1279,IfStatement,nan,-1,-1,-1,1997,8,2002,9,packages\slick-carousel\slick\slick.js,0,883
1280,IfStatement,nan,-1,-1,-1,2004,8,2006,9,packages\slick-carousel\slick\slick.js,0,884
1282,IfStatement,nan,-1,-1,-1,2010,8,2014,9,packages\slick-carousel\slick\slick.js,0,885
1288,BlockStatement,nan,-1,-1,-1,2034,36,2036,9,packages\slick-carousel\slick\slick.js,0,886
1290,AssignmentExpression,nan,-1,-1,-1,2037,8,2037,73,packages\slick-carousel\slick\slick.js,0,887
1291,AssignmentExpression,nan,-1,-1,-1,2038,8,2038,72,packages\slick-carousel\slick\slick.js,0,888
1292,AssignmentExpression,nan,-1,-1,-1,2040,8,2040,48,packages\slick-carousel\slick\slick.js,0,889
1293,BlockStatement,nan,-1,-1,-1,2042,43,2044,9,packages\slick-carousel\slick\slick.js,0,890
1295,BlockStatement,nan,-1,-1,-1,2061,42,2067,9,packages\slick-carousel\slick\slick.js,0,891
1297,AssignmentExpression,nan,-1,-1,-1,2076,8,2076,37,packages\slick-carousel\slick\slick.js,0,892
1298,AssignmentExpression,nan,-1,-1,-1,2077,8,2077,39,packages\slick-carousel\slick\slick.js,0,893
1299,BlockStatement,nan,-1,-1,-1,2080,79,2084,9,packages\slick-carousel\slick\slick.js,0,894
1300,LogicalExpression,nan,-1,-1,-1,2080,12,2080,77,packages\slick-carousel\slick\slick.js,0,895
1303,CallExpression,nan,1,-1,-1,2101,8,2120,10,packages\slick-carousel\slick\slick.js,0,896
1304,CallExpression,nan,1,-1,-1,2122,8,2125,10,packages\slick-carousel\slick\slick.js,0,897
1305,BlockStatement,nan,-1,-1,-1,2133,111,2136,9,packages\slick-carousel\slick\slick.js,0,898
1306,LogicalExpression,nan,-1,-1,-1,2133,12,2133,109,packages\slick-carousel\slick\slick.js,0,899
1307,VariableDeclaration,nan,-1,-1,-1,2156,8,2156,68,packages\slick-carousel\slick\slick.js,0,900
1308,IfStatement,nan,-1,-1,-1,2158,8,2180,9,packages\slick-carousel\slick\slick.js,0,901
1309,IfStatement,nan,-1,-1,-1,2182,8,2227,9,packages\slick-carousel\slick\slick.js,0,902
1310,IfStatement,nan,-1,-1,-1,2229,8,2234,9,packages\slick-carousel\slick\slick.js,0,903
1311,CallExpression,nan,0,-1,-1,2242,8,2242,25,packages\slick-carousel\slick\slick.js,0,904
1312,CallExpression,nan,0,-1,-1,2244,8,2244,21,packages\slick-carousel\slick\slick.js,0,905
1313,BlockStatement,nan,-1,-1,-1,2246,38,2248,9,packages\slick-carousel\slick\slick.js,0,906
1315,CallExpression,nan,2,-1,-1,2252,8,2252,45,packages\slick-carousel\slick\slick.js,0,907
1316,AssignmentExpression,nan,-1,-1,-1,2261,8,2261,69,packages\slick-carousel\slick\slick.js,0,908
1317,BlockStatement,nan,-1,-1,-1,2263,38,2265,9,packages\slick-carousel\slick\slick.js,0,909
1319,BlockStatement,nan,-1,-1,-1,2271,50,2275,9,packages\slick-carousel\slick\slick.js,0,910
1320,LogicalExpression,nan,-1,-1,-1,2269,12,2271,48,packages\slick-carousel\slick\slick.js,0,911
1321,BlockStatement,nan,-1,-1,-1,2277,30,2285,9,packages\slick-carousel\slick\slick.js,0,912
1322,MemberExpression,nan,-1,-1,-1,2277,13,2277,27,packages\slick-carousel\slick\slick.js,0,913
1323,BlockStatement,nan,-1,-1,-1,2287,48,2292,9,packages\slick-carousel\slick\slick.js,0,914
1325,BlockStatement,nan,-1,-1,-1,2293,50,2298,9,packages\slick-carousel\slick\slick.js,0,915
1327,BlockStatement,nan,-1,-1,-1,2299,53,2304,9,packages\slick-carousel\slick\slick.js,0,916
1329,BlockStatement,nan,-1,-1,-1,2305,49,2310,9,packages\slick-carousel\slick\slick.js,0,917
1331,BlockStatement,nan,-1,-1,-1,2311,71,2315,9,packages\slick-carousel\slick\slick.js,0,918
1332,LogicalExpression,nan,-1,-1,-1,2311,12,2311,69,packages\slick-carousel\slick\slick.js,0,919
1333,AssignmentExpression,nan,-1,-1,-1,2316,8,2316,101,packages\slick-carousel\slick\slick.js,0,920
1334,AssignmentExpression,nan,-1,-1,-1,2325,8,2328,40,packages\slick-carousel\slick\slick.js,0,921
1335,CallExpression,nan,1,-1,-1,2330,8,2332,38,packages\slick-carousel\slick\slick.js,0,922
1336,BlockStatement,nan,-1,-1,-1,2334,43,2384,9,packages\slick-carousel\slick\slick.js,0,923
1338,BlockStatement,nan,-1,-1,-1,2424,87,2426,9,packages\slick-carousel\slick\slick.js,0,924
1339,LogicalExpression,nan,-1,-1,-1,2424,12,2424,85,packages\slick-carousel\slick\slick.js,0,925
1340,BlockStatement,nan,-1,-1,-1,2434,37,2436,9,packages\slick-carousel\slick\slick.js,0,926
1342,BlockStatement,nan,-1,-1,-1,2438,69,2469,9,packages\slick-carousel\slick\slick.js,0,927
1343,LogicalExpression,nan,-1,-1,-1,2438,12,2438,67,packages\slick-carousel\slick\slick.js,0,928
1344,BlockStatement,nan,-1,-1,-1,2477,22,2479,9,packages\slick-carousel\slick\slick.js,0,929
1345,UnaryExpression,nan,1,-1,-1,2477,12,2477,19,packages\slick-carousel\slick\slick.js,0,930
1346,AssignmentExpression,nan,-1,-1,-1,2480,8,2480,30,packages\slick-carousel\slick\slick.js,0,931
1348,UnaryExpression,nan,1,-1,-1,2495,12,2495,18,packages\slick-carousel\slick\slick.js,0,932
1349,BlockStatement,nan,-1,-1,-1,2497,52,2502,9,packages\slick-carousel\slick\slick.js,0,933
1351,CallExpression,nan,1,-1,-1,2504,8,2504,29,packages\slick-carousel\slick\slick.js,0,934
1352,AssignmentExpression,nan,-1,-1,-1,2513,8,2513,28,packages\slick-carousel\slick\slick.js,0,935
1353,BlockStatement,nan,-1,-1,-1,2515,71,2517,9,packages\slick-carousel\slick\slick.js,0,936
1354,LogicalExpression,nan,-1,-1,-1,2515,12,2515,69,packages\slick-carousel\slick\slick.js,0,937
1355,BlockStatement,nan,-1,-1,-1,2519,65,2521,9,packages\slick-carousel\slick\slick.js,0,938
1356,LogicalExpression,nan,-1,-1,-1,2519,12,2519,63,packages\slick-carousel\slick\slick.js,0,939
1357,BlockStatement,nan,-1,-1,-1,2523,28,2525,9,packages\slick-carousel\slick\slick.js,0,940
1359,AssignmentExpression,nan,-1,-1,-1,2527,8,2527,27,packages\slick-carousel\slick\slick.js,0,941
1360,AssignmentExpression,nan,-1,-1,-1,2528,8,2528,43,packages\slick-carousel\slick\slick.js,0,942
1361,AssignmentExpression,nan,-1,-1,-1,2529,8,2529,45,packages\slick-carousel\slick\slick.js,0,943
1362,AssignmentExpression,nan,-1,-1,-1,2531,8,2531,70,packages\slick-carousel\slick\slick.js,0,944
1363,BlockStatement,nan,-1,-1,-1,2533,145,2545,9,packages\slick-carousel\slick\slick.js,0,945
1364,LogicalExpression,nan,-1,-1,-1,2533,12,2533,143,packages\slick-carousel\slick\slick.js,0,946
1365,BlockStatement,nan,-1,-1,-1,2559,34,2561,9,packages\slick-carousel\slick\slick.js,0,947
1366,MemberExpression,nan,-1,-1,-1,2559,13,2559,31,packages\slick-carousel\slick\slick.js,0,948
1367,BlockStatement,nan,-1,-1,-1,2563,29,2569,9,packages\slick-carousel\slick\slick.js,0,949
1369,AssignmentExpression,nan,-1,-1,-1,2579,8,2579,26,packages\slick-carousel\slick\slick.js,0,950
1370,CallExpression,nan,2,-1,-1,2581,8,2581,73,packages\slick-carousel\slick\slick.js,0,951
1371,AssignmentExpression,nan,-1,-1,-1,2583,8,2583,33,packages\slick-carousel\slick\slick.js,0,952
1372,AssignmentExpression,nan,-1,-1,-1,2584,8,2584,34,packages\slick-carousel\slick\slick.js,0,953
1373,CallExpression,nan,1,-1,-1,2586,8,2586,41,packages\slick-carousel\slick\slick.js,0,954
1374,BlockStatement,nan,-1,-1,-1,2588,34,2597,9,packages\slick-carousel\slick\slick.js,0,955
1375,MemberExpression,nan,-1,-1,-1,2588,13,2588,31,packages\slick-carousel\slick\slick.js,0,956
1376,CallExpression,nan,0,-1,-1,2599,8,2599,22,packages\slick-carousel\slick\slick.js,0,957
1377,CallExpression,nan,0,-1,-1,2600,8,2600,24,packages\slick-carousel\slick\slick.js,0,958
1378,BlockStatement,nan,-1,-1,-1,2602,37,2616,9,packages\slick-carousel\slick\slick.js,0,959
1380,BlockStatement,nan,-1,-1,-1,2618,75,2622,9,packages\slick-carousel\slick\slick.js,0,960
1381,LogicalExpression,nan,-1,-1,-1,2618,12,2618,73,packages\slick-carousel\slick\slick.js,0,961
1382,BlockStatement,nan,-1,-1,-1,2632,80,2637,9,packages\slick-carousel\slick\slick.js,0,962
1383,LogicalExpression,nan,-1,-1,-1,2632,12,2632,78,packages\slick-carousel\slick\slick.js,0,963
1384,BlockStatement,nan,-1,-1,-1,2639,78,2643,9,packages\slick-carousel\slick\slick.js,0,964
1385,LogicalExpression,nan,-1,-1,-1,2639,12,2639,76,packages\slick-carousel\slick\slick.js,0,965
1386,CallExpression,nan,1,-1,-1,2645,8,2645,43,packages\slick-carousel\slick\slick.js,0,966
1387,AssignmentExpression,nan,-1,-1,-1,2653,8,2653,57,packages\slick-carousel\slick\slick.js,0,967
1388,AssignmentExpression,nan,-1,-1,-1,2654,8,2654,57,packages\slick-carousel\slick\slick.js,0,968
1389,AssignmentExpression,nan,-1,-1,-1,2655,8,2655,36,packages\slick-carousel\slick\slick.js,0,969
1390,AssignmentExpression,nan,-1,-1,-1,2657,8,2657,50,packages\slick-carousel\slick\slick.js,0,970
1391,BlockStatement,nan,-1,-1,-1,2658,28,2660,9,packages\slick-carousel\slick\slick.js,0,971
1393,BlockStatement,nan,-1,-1,-1,2662,53,2664,9,packages\slick-carousel\slick\slick.js,0,972
1394,LogicalExpression,nan,-1,-1,-1,2662,12,2662,51,packages\slick-carousel\slick\slick.js,0,973
1395,BlockStatement,nan,-1,-1,-1,2665,56,2667,9,packages\slick-carousel\slick\slick.js,0,974
1396,LogicalExpression,nan,-1,-1,-1,2665,12,2665,54,packages\slick-carousel\slick\slick.js,0,975
1397,BlockStatement,nan,-1,-1,-1,2668,56,2670,9,packages\slick-carousel\slick\slick.js,0,976
1398,LogicalExpression,nan,-1,-1,-1,2668,12,2668,54,packages\slick-carousel\slick\slick.js,0,977
1399,BlockStatement,nan,-1,-1,-1,2671,48,2677,9,packages\slick-carousel\slick\slick.js,0,978
1402,AssignmentExpression,nan,-1,-1,-1,2689,8,2689,26,packages\slick-carousel\slick\slick.js,0,979
1403,AssignmentExpression,nan,-1,-1,-1,2690,8,2690,25,packages\slick-carousel\slick\slick.js,0,980
1404,BlockStatement,nan,-1,-1,-1,2692,25,2695,9,packages\slick-carousel\slick\slick.js,0,981
1405,MemberExpression,nan,-1,-1,-1,2692,12,2692,23,packages\slick-carousel\slick\slick.js,0,982
1406,AssignmentExpression,nan,-1,-1,-1,2697,8,2697,29,packages\slick-carousel\slick\slick.js,0,983
1407,AssignmentExpression,nan,-1,-1,-1,2698,8,2698,73,packages\slick-carousel\slick\slick.js,0,984
1408,BlockStatement,nan,-1,-1,-1,2700,48,2702,9,packages\slick-carousel\slick\slick.js,0,985
1410,BlockStatement,nan,-1,-1,-1,2704,46,2706,9,packages\slick-carousel\slick\slick.js,0,986
1412,BlockStatement,nan,-1,-1,-1,2708,67,2751,9,packages\slick-carousel\slick\slick.js,0,987
1414,BlockStatement,nan,-1,-1,-1,2768,100,2770,9,packages\slick-carousel\slick\slick.js,0,988
1415,LogicalExpression,nan,-1,-1,-1,2768,12,2768,98,packages\slick-carousel\slick\slick.js,0,989
1416,AssignmentExpression,nan,-1,-1,-1,2774,8,2775,50,packages\slick-carousel\slick\slick.js,0,990
1417,AssignmentExpression,nan,-1,-1,-1,2777,8,2778,27,packages\slick-carousel\slick\slick.js,0,991
1418,BlockStatement,nan,-1,-1,-1,2780,48,2783,9,packages\slick-carousel\slick\slick.js,0,992
1420,AssignmentExpression,nan,-1,-1,-1,2809,8,2809,88,packages\slick-carousel\slick\slick.js,0,993
1421,BlockStatement,nan,-1,-1,-1,2811,75,2813,9,packages\slick-carousel\slick\slick.js,0,994
1422,LogicalExpression,nan,-1,-1,-1,2811,12,2811,73,packages\slick-carousel\slick\slick.js,0,995
1423,AssignmentExpression,nan,-1,-1,-1,2815,8,2815,43,packages\slick-carousel\slick\slick.js,0,996
1424,AssignmentExpression,nan,-1,-1,-1,2817,8,2817,85,packages\slick-carousel\slick\slick.js,0,997
1425,AssignmentExpression,nan,-1,-1,-1,2818,8,2818,85,packages\slick-carousel\slick\slick.js,0,998
1426,AssignmentExpression,nan,-1,-1,-1,2820,8,2821,68,packages\slick-carousel\slick\slick.js,0,999
1427,AssignmentExpression,nan,-1,-1,-1,2823,8,2824,68,packages\slick-carousel\slick\slick.js,0,1000
1428,BlockStatement,nan,-1,-1,-1,2826,81,2829,9,packages\slick-carousel\slick\slick.js,0,1001
1429,LogicalExpression,nan,-1,-1,-1,2826,12,2826,79,packages\slick-carousel\slick\slick.js,0,1002
1430,BlockStatement,nan,-1,-1,-1,2831,48,2833,9,packages\slick-carousel\slick\slick.js,0,1003
1432,AssignmentExpression,nan,-1,-1,-1,2835,8,2835,43,packages\slick-carousel\slick\slick.js,0,1004
1433,BlockStatement,nan,-1,-1,-1,2837,80,2840,9,packages\slick-carousel\slick\slick.js,0,1005
1434,LogicalExpression,nan,-1,-1,-1,2837,12,2837,78,packages\slick-carousel\slick\slick.js,0,1006
1435,AssignmentExpression,nan,-1,-1,-1,2842,8,2842,114,packages\slick-carousel\slick\slick.js,0,1007
1436,BlockStatement,nan,-1,-1,-1,2843,48,2845,9,packages\slick-carousel\slick\slick.js,0,1008
1438,AssignmentExpression,nan,-1,-1,-1,2848,8,2848,47,packages\slick-carousel\slick\slick.js,0,1009
1439,AssignmentExpression,nan,-1,-1,-1,2850,8,2850,37,packages\slick-carousel\slick\slick.js,0,1010
1440,BlockStatement,nan,-1,-1,-1,2852,42,2857,9,packages\slick-carousel\slick\slick.js,0,1011
1442,BlockStatement,nan,-1,-1,-1,2859,42,2861,9,packages\slick-carousel\slick\slick.js,0,1012
1444,BlockStatement,nan,-1,-1,-1,2864,48,2866,9,packages\slick-carousel\slick\slick.js,0,1013
1446,BlockStatement,nan,-1,-1,-1,2868,70,2870,9,packages\slick-carousel\slick\slick.js,0,1014
1447,LogicalExpression,nan,-1,-1,-1,2868,12,2868,68,packages\slick-carousel\slick\slick.js,0,1015
1448,BlockStatement,nan,-1,-1,-1,2872,34,2875,9,packages\slick-carousel\slick\slick.js,0,1016
1450,CallExpression,nan,1,-1,-1,2877,8,2877,29,packages\slick-carousel\slick\slick.js,0,1017
1451,AssignmentExpression,nan,-1,-1,-1,2886,8,2886,28,packages\slick-carousel\slick\slick.js,0,1018
1452,BlockStatement,nan,-1,-1,-1,2888,87,2891,9,packages\slick-carousel\slick\slick.js,0,1019
1453,LogicalExpression,nan,-1,-1,-1,2888,12,2888,85,packages\slick-carousel\slick\slick.js,0,1020
1454,BlockStatement,nan,-1,-1,-1,2893,92,2895,9,packages\slick-carousel\slick\slick.js,0,1021
1455,LogicalExpression,nan,-1,-1,-1,2893,12,2893,90,packages\slick-carousel\slick\slick.js,0,1022
1456,AssignmentExpression,nan,-1,-1,-1,2897,8,2897,105,packages\slick-carousel\slick\slick.js,0,1023
1457,AssignmentExpression,nan,-1,-1,-1,2898,8,2898,105,packages\slick-carousel\slick\slick.js,0,1024
1458,AssignmentExpression,nan,-1,-1,-1,2900,8,2900,25,packages\slick-carousel\slick\slick.js,0,1025
1459,VariableDeclaration,nan,-1,-1,-1,2906,8,2906,21,packages\slick-carousel\slick\slick.js,0,1026
1460,IfStatement,nan,-1,-1,-1,2908,8,2918,9,packages\slick-carousel\slick\slick.js,0,1027
1461,CallExpression,nan,0,-1,-1,2926,8,2926,46,packages\slick-carousel\slick\slick.js,0,1028
1462,BlockStatement,nan,-1,-1,-1,2928,21,2930,9,packages\slick-carousel\slick\slick.js,0,1029
1463,MemberExpression,nan,-1,-1,-1,2928,12,2928,19,packages\slick-carousel\slick\slick.js,0,1030
1464,BlockStatement,nan,-1,-1,-1,2932,66,2934,9,packages\slick-carousel\slick\slick.js,0,1031
1465,LogicalExpression,nan,-1,-1,-1,2932,12,2932,64,packages\slick-carousel\slick\slick.js,0,1032
1466,BlockStatement,nan,-1,-1,-1,2936,66,2938,9,packages\slick-carousel\slick\slick.js,0,1033
1467,LogicalExpression,nan,-1,-1,-1,2936,12,2936,64,packages\slick-carousel\slick\slick.js,0,1034
1468,CallExpression,nan,2,-1,-1,2940,8,2943,29,packages\slick-carousel\slick\slick.js,0,1035
1469,CallExpression,nan,2,-1,-1,2950,8,2950,57,packages\slick-carousel\slick\slick.js,0,1036
1470,CallExpression,nan,0,-1,-1,2951,8,2951,19,packages\slick-carousel\slick\slick.js,0,1037
1471,AssignmentExpression,nan,-1,-1,-1,2960,8,2960,61,packages\slick-carousel\slick\slick.js,0,1038
1472,BlockStatement,nan,-1,-1,-1,2964,34,2986,9,packages\slick-carousel\slick\slick.js,0,1039
1473,LogicalExpression,nan,-1,-1,-1,2962,13,2964,31,packages\slick-carousel\slick\slick.js,0,1040
1474,BlockStatement,nan,-1,-1,-1,2994,30,3006,9,packages\slick-carousel\slick\slick.js,0,1041
1476,BlockStatement,nan,-1,-1,-1,3014,34,3026,9,packages\slick-carousel\slick\slick.js,0,1042
1477,MemberExpression,nan,-1,-1,-1,3014,13,3014,31,packages\slick-carousel\slick\slick.js,0,1043
1479,BlockStatement,nan,-1,-1,-1,3037,32,3043,9,packages\slick-carousel\slick\slick.js,0,1044
1480,Identifier,_,-1,-1,-1,3044,15,3044,16,packages\slick-carousel\slick\slick.js,0,1045
1481,Identifier,Slick,-1,-1,-1,47,17,47,22,packages\slick-carousel\slick\slick.js,0,1046
1482,Identifier,element,-1,-1,-1,47,23,47,30,packages\slick-carousel\slick\slick.js,0,1047
1483,Identifier,settings,-1,-1,-1,47,32,47,40,packages\slick-carousel\slick\slick.js,0,1048
1485,BlockStatement,nan,-1,-1,-1,47,42,188,9,packages\slick-carousel\slick\slick.js,0,1049
1486,Identifier,Slick,-1,-1,-1,190,15,190,20,packages\slick-carousel\slick\slick.js,0,1050
1487,ObjectExpression,nan,-1,-1,-1,200,49,202,9,packages\slick-carousel\slick\slick.js,0,1051
1488,MemberExpression,nan,-1,-1,-1,197,8,200,48,packages\slick-carousel\slick\slick.js,0,1052
1489,BlockStatement,nan,-1,-1,-1,210,41,213,9,packages\slick-carousel\slick\slick.js,0,1053
1491,CallExpression,nan,0,-1,-1,217,8,217,18,packages\slick-carousel\slick\slick.js,0,1054
1492,BlockStatement,nan,-1,-1,-1,219,40,227,9,packages\slick-carousel\slick\slick.js,0,1055
1494,AssignmentExpression,nan,-1,-1,-1,235,8,235,62,packages\slick-carousel\slick\slick.js,0,1056
1495,CallExpression,nan,0,-1,-1,237,8,237,59,packages\slick-carousel\slick\slick.js,0,1057
1496,CallExpression,nan,1,-1,-1,239,8,239,39,packages\slick-carousel\slick\slick.js,0,1058
1497,CallExpression,nan,1,-1,-1,241,8,243,10,packages\slick-carousel\slick\slick.js,0,1059
1498,AssignmentExpression,nan,-1,-1,-1,245,8,245,34,packages\slick-carousel\slick\slick.js,0,1060
1499,CallExpression,nan,0,-1,-1,247,8,247,18,packages\slick-carousel\slick\slick.js,0,1061
1500,VariableDeclaration,nan,-1,-1,-1,254,12,254,78,packages\slick-carousel\slick\slick.js,0,1062
1502,LogicalExpression,nan,-1,-1,-1,253,12,253,77,packages\slick-carousel\slick\slick.js,0,1063
1504,MemberExpression,nan,-1,-1,-1,266,8,266,23,packages\slick-carousel\slick\slick.js,0,1064
1508,IfStatement,nan,-1,-1,-1,272,12,280,13,packages\slick-carousel\slick\slick.js,0,1065
1509,MemberExpression,nan,-1,-1,-1,271,12,271,31,packages\slick-carousel\slick\slick.js,0,1066
1512,Identifier,asNavFor,-1,-1,-1,346,13,346,21,packages\slick-carousel\slick\slick.js,0,1067
1518,MemberExpression,nan,-1,-1,-1,375,12,375,26,packages\slick-carousel\slick\slick.js,0,1068
1521,MemberExpression,nan,-1,-1,-1,381,12,381,26,packages\slick-carousel\slick\slick.js,0,1069
1523,MemberExpression,nan,-1,-1,-1,393,8,393,23,packages\slick-carousel\slick\slick.js,0,1070
1525,MemberExpression,nan,-1,-1,-1,395,13,395,25,packages\slick-carousel\slick\slick.js,0,1071
1526,MemberExpression,nan,-1,-1,-1,395,28,395,50,packages\slick-carousel\slick\slick.js,0,1072
1528,IfStatement,nan,-1,-1,-1,418,12,434,13,packages\slick-carousel\slick\slick.js,0,1073
1530,LogicalExpression,nan,-1,-1,-1,416,13,416,40,packages\slick-carousel\slick\slick.js,0,1074
1531,UnaryExpression,nan,1,-1,-1,416,44,416,55,packages\slick-carousel\slick\slick.js,0,1075
1534,IfStatement,nan,-1,-1,-1,451,12,480,13,packages\slick-carousel\slick\slick.js,0,1076
1535,MemberExpression,nan,-1,-1,-1,446,12,446,28,packages\slick-carousel\slick\slick.js,0,1077
1539,ForStatement,nan,-1,-1,-1,497,12,499,13,packages\slick-carousel\slick\slick.js,0,1078
1544,MemberExpression,nan,-1,-1,-1,513,8,513,17,packages\slick-carousel\slick\slick.js,0,1079
1545,CallExpression,nan,1,-1,-1,514,12,516,40,packages\slick-carousel\slick\slick.js,0,1080
1546,MemberExpression,nan,-1,-1,-1,518,8,518,20,packages\slick-carousel\slick\slick.js,0,1081
1547,MemberExpression,nan,-1,-1,-1,518,23,518,39,packages\slick-carousel\slick\slick.js,0,1082
1548,FunctionExpression,nan,-1,2,0,520,23,524,9,packages\slick-carousel\slick\slick.js,0,1083
1549,MemberExpression,nan,-1,-1,-1,520,8,520,22,packages\slick-carousel\slick\slick.js,0,1084
1551,MemberExpression,nan,-1,-1,-1,526,8,526,26,packages\slick-carousel\slick\slick.js,0,1085
1552,MemberExpression,nan,-1,-1,-1,528,8,528,21,packages\slick-carousel\slick\slick.js,0,1086
1553,ConditionalExpression,nan,-1,-1,-1,528,24,530,73,packages\slick-carousel\slick\slick.js,0,1087
1554,MemberExpression,nan,-1,-1,-1,532,8,532,15,packages\slick-carousel\slick\slick.js,0,1088
1555,CallExpression,nan,0,-1,-1,532,18,533,54,packages\slick-carousel\slick\slick.js,0,1089
1558,MemberExpression,nan,-1,-1,-1,534,8,534,25,packages\slick-carousel\slick\slick.js,0,1090
1563,MemberExpression,nan,-1,-1,-1,540,8,540,60,packages\slick-carousel\slick\slick.js,0,1091
1564,MemberExpression,nan,-1,-1,-1,542,8,542,23,packages\slick-carousel\slick\slick.js,0,1092
1565,MemberExpression,nan,-1,-1,-1,544,8,544,21,packages\slick-carousel\slick\slick.js,0,1093
1566,MemberExpression,nan,-1,-1,-1,546,8,546,19,packages\slick-carousel\slick\slick.js,0,1094
1567,MemberExpression,nan,-1,-1,-1,548,8,548,20,packages\slick-carousel\slick\slick.js,0,1095
1568,ConditionalExpression,nan,-1,-1,-1,551,26,551,81,packages\slick-carousel\slick\slick.js,0,1096
1569,MemberExpression,nan,-1,-1,-1,551,8,551,25,packages\slick-carousel\slick\slick.js,0,1097
1571,MemberExpression,nan,-1,-1,-1,553,12,553,31,packages\slick-carousel\slick\slick.js,0,1098
1573,Identifier,newSlides,-1,-1,-1,563,8,563,17,packages\slick-carousel\slick\slick.js,0,1099
1574,CallExpression,nan,0,-1,-1,563,20,563,53,packages\slick-carousel\slick\slick.js,0,1100
1575,Identifier,originalSlides,-1,-1,-1,564,8,564,22,packages\slick-carousel\slick\slick.js,0,1101
1576,CallExpression,nan,0,-1,-1,564,25,564,45,packages\slick-carousel\slick\slick.js,0,1102
1579,ForStatement,nan,-1,-1,-1,573,12,586,13,packages\slick-carousel\slick\slick.js,0,1103
1582,MemberExpression,nan,-1,-1,-1,566,11,566,25,packages\slick-carousel\slick\slick.js,0,1104
1585,MemberExpression,nan,-1,-1,-1,606,12,606,23,packages\slick-carousel\slick\slick.js,0,1105
1588,ForInStatement,nan,-1,-1,-1,620,12,632,13,packages\slick-carousel\slick\slick.js,0,1106
1589,IfStatement,nan,-1,-1,-1,634,12,677,13,packages\slick-carousel\slick\slick.js,0,1107
1590,IfStatement,nan,-1,-1,-1,680,12,682,13,packages\slick-carousel\slick\slick.js,0,1108
1591,LogicalExpression,nan,-1,-1,-1,614,13,615,39,packages\slick-carousel\slick\slick.js,0,1109
1595,MemberExpression,nan,-1,-1,-1,694,11,694,21,packages\slick-carousel\slick\slick.js,0,1110
1597,CallExpression,nan,1,-1,-1,699,12,699,28,packages\slick-carousel\slick\slick.js,0,1111
1598,Identifier,unevenOffset,-1,-1,-1,703,8,703,20,packages\slick-carousel\slick\slick.js,0,1112
1600,Identifier,indexOffset,-1,-1,-1,704,8,704,19,packages\slick-carousel\slick\slick.js,0,1113
1601,ConditionalExpression,nan,-1,-1,-1,704,22,704,99,packages\slick-carousel\slick\slick.js,0,1114
1602,Identifier,navigables,-1,-1,-1,741,8,741,18,packages\slick-carousel\slick\slick.js,0,1115
1603,CallExpression,nan,0,-1,-1,741,21,741,44,packages\slick-carousel\slick\slick.js,0,1116
1604,Identifier,prevNavigable,-1,-1,-1,742,8,742,21,packages\slick-carousel\slick\slick.js,0,1117
1607,Identifier,index,-1,-1,-1,743,12,743,17,packages\slick-carousel\slick\slick.js,0,1118
1608,MemberExpression,nan,-1,-1,-1,743,20,743,53,packages\slick-carousel\slick\slick.js,0,1119
1610,IfStatement,nan,-1,-1,-1,769,12,771,13,packages\slick-carousel\slick\slick.js,0,1120
1611,MemberExpression,nan,-1,-1,-1,762,12,762,26,packages\slick-carousel\slick\slick.js,0,1121
1614,MemberExpression,nan,-1,-1,-1,774,8,774,21,packages\slick-carousel\slick\slick.js,0,1122
1617,IfStatement,nan,-1,-1,-1,780,12,783,13,packages\slick-carousel\slick\slick.js,0,1123
1621,MemberExpression,nan,-1,-1,-1,786,56,786,70,packages\slick-carousel\slick\slick.js,0,1124
1622,MemberExpression,nan,-1,-1,-1,786,8,786,19,packages\slick-carousel\slick\slick.js,0,1125
1624,MemberExpression,nan,-1,-1,-1,787,55,787,69,packages\slick-carousel\slick\slick.js,0,1126
1625,MemberExpression,nan,-1,-1,-1,787,8,787,19,packages\slick-carousel\slick\slick.js,0,1127
1627,MemberExpression,nan,-1,-1,-1,788,52,788,66,packages\slick-carousel\slick\slick.js,0,1128
1628,MemberExpression,nan,-1,-1,-1,788,8,788,19,packages\slick-carousel\slick\slick.js,0,1129
1630,MemberExpression,nan,-1,-1,-1,789,58,789,72,packages\slick-carousel\slick\slick.js,0,1130
1631,MemberExpression,nan,-1,-1,-1,789,8,789,19,packages\slick-carousel\slick\slick.js,0,1131
1633,MemberExpression,nan,-1,-1,-1,791,35,791,49,packages\slick-carousel\slick\slick.js,0,1132
1634,MemberExpression,nan,-1,-1,-1,791,8,791,19,packages\slick-carousel\slick\slick.js,0,1133
1635,MemberExpression,nan,-1,-1,-1,793,24,793,42,packages\slick-carousel\slick\slick.js,0,1134
1636,MemberExpression,nan,-1,-1,-1,793,44,793,56,packages\slick-carousel\slick\slick.js,0,1135
1637,MemberExpression,nan,-1,-1,-1,793,8,793,23,packages\slick-carousel\slick\slick.js,0,1136
1638,MemberExpression,nan,-1,-1,-1,795,8,795,28,packages\slick-carousel\slick\slick.js,0,1137
1640,MemberExpression,nan,-1,-1,-1,797,12,797,35,packages\slick-carousel\slick\slick.js,0,1138
1643,MemberExpression,nan,-1,-1,-1,801,12,801,35,packages\slick-carousel\slick\slick.js,0,1139
1646,MemberExpression,nan,-1,-1,-1,805,72,805,91,packages\slick-carousel\slick\slick.js,0,1140
1647,MemberExpression,nan,-1,-1,-1,805,8,805,21,packages\slick-carousel\slick\slick.js,0,1141
1649,MemberExpression,nan,-1,-1,-1,807,61,807,69,packages\slick-carousel\slick\slick.js,0,1142
1650,MemberExpression,nan,-1,-1,-1,807,8,807,21,packages\slick-carousel\slick\slick.js,0,1143
1652,MemberExpression,nan,-1,-1,-1,809,63,809,79,packages\slick-carousel\slick\slick.js,0,1144
1653,MemberExpression,nan,-1,-1,-1,809,8,809,49,packages\slick-carousel\slick\slick.js,0,1145
1655,MemberExpression,nan,-1,-1,-1,811,59,811,72,packages\slick-carousel\slick\slick.js,0,1146
1656,MemberExpression,nan,-1,-1,-1,811,8,811,21,packages\slick-carousel\slick\slick.js,0,1147
1658,CallExpression,nan,3,-1,-1,819,40,819,69,packages\slick-carousel\slick\slick.js,0,1148
1659,MemberExpression,nan,-1,-1,-1,819,8,819,19,packages\slick-carousel\slick\slick.js,0,1149
1661,CallExpression,nan,3,-1,-1,820,40,820,70,packages\slick-carousel\slick\slick.js,0,1150
1662,MemberExpression,nan,-1,-1,-1,820,8,820,19,packages\slick-carousel\slick\slick.js,0,1151
1666,MemberExpression,nan,-1,-1,-1,828,11,828,25,packages\slick-carousel\slick\slick.js,0,1152
1671,MemberExpression,nan,-1,-1,-1,840,12,840,25,packages\slick-carousel\slick\slick.js,0,1153
1673,MemberExpression,nan,-1,-1,-1,852,8,852,23,packages\slick-carousel\slick\slick.js,0,1154
1674,MemberExpression,nan,-1,-1,-1,854,8,854,21,packages\slick-carousel\slick\slick.js,0,1155
1675,ObjectExpression,nan,-1,-1,-1,854,24,854,26,packages\slick-carousel\slick\slick.js,0,1156
1676,MemberExpression,nan,-1,-1,-1,856,8,856,23,packages\slick-carousel\slick\slick.js,0,1157
1677,MemberExpression,nan,-1,-1,-1,858,8,858,44,packages\slick-carousel\slick\slick.js,0,1158
1680,IfStatement,nan,-1,-1,-1,871,12,873,13,packages\slick-carousel\slick\slick.js,0,1159
1681,MemberExpression,nan,-1,-1,-1,864,13,864,25,packages\slick-carousel\slick\slick.js,0,1160
1682,MemberExpression,nan,-1,-1,-1,864,29,864,48,packages\slick-carousel\slick\slick.js,0,1161
1684,IfStatement,nan,-1,-1,-1,883,12,885,13,packages\slick-carousel\slick\slick.js,0,1162
1685,MemberExpression,nan,-1,-1,-1,876,13,876,25,packages\slick-carousel\slick\slick.js,0,1163
1686,MemberExpression,nan,-1,-1,-1,876,29,876,48,packages\slick-carousel\slick\slick.js,0,1164
1692,MemberExpression,nan,-1,-1,-1,908,8,908,21,packages\slick-carousel\slick\slick.js,0,1165
1694,MemberExpression,nan,-1,-1,-1,910,8,910,29,packages\slick-carousel\slick\slick.js,0,1166
1696,MemberExpression,nan,-1,-1,-1,911,8,911,29,packages\slick-carousel\slick\slick.js,0,1167
1698,MemberExpression,nan,-1,-1,-1,912,8,912,29,packages\slick-carousel\slick\slick.js,0,1168
1699,MemberExpression,nan,-1,-1,-1,914,8,914,19,packages\slick-carousel\slick\slick.js,0,1169
1702,Identifier,refresh,-1,-1,-1,916,12,916,19,packages\slick-carousel\slick\slick.js,0,1170
1703,MemberExpression,nan,-1,-1,-1,927,8,927,36,packages\slick-carousel\slick\slick.js,0,1171
1706,MemberExpression,nan,-1,-1,-1,929,12,929,26,packages\slick-carousel\slick\slick.js,0,1172
1710,MemberExpression,nan,-1,-1,-1,941,12,941,28,packages\slick-carousel\slick\slick.js,0,1173
1713,MemberExpression,nan,-1,-1,-1,977,12,977,28,packages\slick-carousel\slick\slick.js,0,1174
1715,BlockStatement,nan,-1,-1,-1,1001,29,1013,9,packages\slick-carousel\slick\slick.js,0,1175
1719,FunctionExpression,nan,-1,1,0,1042,16,1050,17,packages\slick-carousel\slick\slick.js,0,1176
1720,MemberExpression,nan,-1,-1,-1,1022,8,1039,16,packages\slick-carousel\slick\slick.js,0,1177
1721,MemberExpression,nan,-1,-1,-1,1057,15,1057,29,packages\slick-carousel\slick\slick.js,0,1178
1722,IfStatement,nan,-1,-1,-1,1070,12,1078,13,packages\slick-carousel\slick\slick.js,0,1179
1723,MemberExpression,nan,-1,-1,-1,1069,12,1069,30,packages\slick-carousel\slick\slick.js,0,1180
1725,Identifier,pagerQty,-1,-1,-1,1091,15,1091,23,packages\slick-carousel\slick\slick.js,0,1181
1727,MemberExpression,nan,-1,-1,-1,1104,8,1104,21,packages\slick-carousel\slick\slick.js,0,1182
1729,Identifier,verticalHeight,-1,-1,-1,1105,8,1105,22,packages\slick-carousel\slick\slick.js,0,1183
1730,CallExpression,nan,1,-1,-1,1105,25,1105,60,packages\slick-carousel\slick\slick.js,0,1184
1731,IfStatement,nan,-1,-1,-1,1108,12,1120,13,packages\slick-carousel\slick\slick.js,0,1185
1732,IfStatement,nan,-1,-1,-1,1121,12,1131,13,packages\slick-carousel\slick\slick.js,0,1186
1733,MemberExpression,nan,-1,-1,-1,1107,12,1107,30,packages\slick-carousel\slick\slick.js,0,1187
1737,MemberExpression,nan,-1,-1,-1,1139,12,1139,24,packages\slick-carousel\slick\slick.js,0,1188
1738,MemberExpression,nan,-1,-1,-1,1139,28,1139,50,packages\slick-carousel\slick\slick.js,0,1189
1743,MemberExpression,nan,-1,-1,-1,1153,12,1153,30,packages\slick-carousel\slick\slick.js,0,1190
1745,IfStatement,nan,-1,-1,-1,1161,12,1165,13,packages\slick-carousel\slick\slick.js,0,1191
1746,IfStatement,nan,-1,-1,-1,1167,12,1175,13,packages\slick-carousel\slick\slick.js,0,1192
1747,IfStatement,nan,-1,-1,-1,1177,12,1195,13,packages\slick-carousel\slick\slick.js,0,1193
1748,MemberExpression,nan,-1,-1,-1,1159,12,1159,35,packages\slick-carousel\slick\slick.js,0,1194
1750,MemberExpression,nan,-1,-1,-1,1206,15,1206,32,packages\slick-carousel\slick\slick.js,0,1195
1752,MemberExpression,nan,-1,-1,-1,1218,12,1218,30,packages\slick-carousel\slick\slick.js,0,1196
1754,Identifier,breakPoint,-1,-1,-1,1226,15,1226,25,packages\slick-carousel\slick\slick.js,0,1197
1755,Identifier,max,-1,-1,-1,1226,28,1226,31,packages\slick-carousel\slick\slick.js,0,1198
1759,Identifier,centerOffset,-1,-1,-1,1247,8,1247,20,packages\slick-carousel\slick\slick.js,0,1199
1760,ConditionalExpression,nan,-1,-1,-1,1247,23,1247,90,packages\slick-carousel\slick\slick.js,0,1200
1761,Identifier,swipeTarget,-1,-1,-1,1248,8,1248,19,packages\slick-carousel\slick\slick.js,0,1201
1765,ReturnStatement,nan,1,-1,-1,1271,12,1271,35,packages\slick-carousel\slick\slick.js,0,1202
1766,MemberExpression,nan,-1,-1,-1,1250,12,1250,34,packages\slick-carousel\slick\slick.js,0,1203
1768,CallExpression,nan,2,-1,-1,1283,8,1288,23,packages\slick-carousel\slick\slick.js,0,1204
1780,CallExpression,nan,1,-1,-1,1296,13,1296,55,packages\slick-carousel\slick\slick.js,0,1205
1783,MemberExpression,nan,-1,-1,-1,1317,12,1317,35,packages\slick-carousel\slick\slick.js,0,1206
1787,ObjectExpression,nan,-1,-1,-1,1340,49,1342,9,packages\slick-carousel\slick\slick.js,0,1207
1788,MemberExpression,nan,-1,-1,-1,1337,8,1340,48,packages\slick-carousel\slick\slick.js,0,1208
1791,MemberExpression,nan,-1,-1,-1,1344,12,1344,19,packages\slick-carousel\slick\slick.js,0,1209
1793,Identifier,i,-1,-1,-1,1386,65,1386,66,packages\slick-carousel\slick\slick.js,0,1210
1794,Identifier,max,-1,-1,-1,1386,69,1386,72,packages\slick-carousel\slick\slick.js,0,1211
1795,IfStatement,nan,-1,-1,-1,1387,10,1391,11,packages\slick-carousel\slick\slick.js,0,1212
1796,MemberExpression,nan,-1,-1,-1,1394,8,1394,21,packages\slick-carousel\slick\slick.js,0,1213
1799,IfStatement,nan,-1,-1,-1,1414,12,1417,13,packages\slick-carousel\slick\slick.js,0,1214
1803,IfStatement,nan,-1,-1,-1,1431,12,1433,13,packages\slick-carousel\slick\slick.js,0,1215
1807,LogicalExpression,nan,-1,-1,-1,1436,12,1436,74,packages\slick-carousel\slick\slick.js,0,1216
1811,MemberExpression,nan,-1,-1,-1,1463,8,1463,25,packages\slick-carousel\slick\slick.js,0,1217
1812,MemberExpression,nan,-1,-1,-1,1465,8,1465,23,packages\slick-carousel\slick\slick.js,0,1218
1813,MemberExpression,nan,-1,-1,-1,1466,8,1466,25,packages\slick-carousel\slick\slick.js,0,1219
1815,ObjectExpression,nan,-1,-1,-1,1468,55,1470,9,packages\slick-carousel\slick\slick.js,0,1220
1816,MemberExpression,nan,-1,-1,-1,1470,11,1470,25,packages\slick-carousel\slick\slick.js,0,1221
1817,MemberExpression,nan,-1,-1,-1,1468,8,1468,18,packages\slick-carousel\slick\slick.js,0,1222
1819,ObjectExpression,nan,-1,-1,-1,1471,54,1473,9,packages\slick-carousel\slick\slick.js,0,1223
1820,MemberExpression,nan,-1,-1,-1,1473,11,1473,25,packages\slick-carousel\slick\slick.js,0,1224
1821,MemberExpression,nan,-1,-1,-1,1471,8,1471,18,packages\slick-carousel\slick\slick.js,0,1225
1823,ObjectExpression,nan,-1,-1,-1,1474,51,1476,9,packages\slick-carousel\slick\slick.js,0,1226
1824,MemberExpression,nan,-1,-1,-1,1476,11,1476,25,packages\slick-carousel\slick\slick.js,0,1227
1825,MemberExpression,nan,-1,-1,-1,1474,8,1474,18,packages\slick-carousel\slick\slick.js,0,1228
1827,ObjectExpression,nan,-1,-1,-1,1477,57,1479,9,packages\slick-carousel\slick\slick.js,0,1229
1828,MemberExpression,nan,-1,-1,-1,1479,11,1479,25,packages\slick-carousel\slick\slick.js,0,1230
1829,MemberExpression,nan,-1,-1,-1,1477,8,1477,18,packages\slick-carousel\slick\slick.js,0,1231
1831,MemberExpression,nan,-1,-1,-1,1481,34,1481,48,packages\slick-carousel\slick\slick.js,0,1232
1832,MemberExpression,nan,-1,-1,-1,1481,8,1481,18,packages\slick-carousel\slick\slick.js,0,1233
1833,MemberExpression,nan,-1,-1,-1,1483,23,1483,41,packages\slick-carousel\slick\slick.js,0,1234
1834,CallExpression,nan,2,-1,-1,1483,43,1483,67,packages\slick-carousel\slick\slick.js,0,1235
1835,MemberExpression,nan,-1,-1,-1,1483,8,1483,22,packages\slick-carousel\slick\slick.js,0,1236
1837,MemberExpression,nan,-1,-1,-1,1485,12,1485,35,packages\slick-carousel\slick\slick.js,0,1237
1840,MemberExpression,nan,-1,-1,-1,1489,12,1489,35,packages\slick-carousel\slick\slick.js,0,1238
1843,CallExpression,nan,2,-1,-1,1493,71,1493,102,packages\slick-carousel\slick\slick.js,0,1239
1844,MemberExpression,nan,-1,-1,-1,1493,8,1493,20,packages\slick-carousel\slick\slick.js,0,1240
1846,CallExpression,nan,2,-1,-1,1495,60,1495,80,packages\slick-carousel\slick\slick.js,0,1241
1847,MemberExpression,nan,-1,-1,-1,1495,8,1495,20,packages\slick-carousel\slick\slick.js,0,1242
1849,MemberExpression,nan,-1,-1,-1,1497,62,1497,78,packages\slick-carousel\slick\slick.js,0,1243
1850,MemberExpression,nan,-1,-1,-1,1497,8,1497,48,packages\slick-carousel\slick\slick.js,0,1244
1852,MemberExpression,nan,-1,-1,-1,1499,58,1499,71,packages\slick-carousel\slick\slick.js,0,1245
1853,MemberExpression,nan,-1,-1,-1,1499,8,1499,20,packages\slick-carousel\slick\slick.js,0,1246
1854,MemberExpression,nan,-1,-1,-1,1500,10,1500,23,packages\slick-carousel\slick\slick.js,0,1247
1855,Identifier,$,-1,-1,-1,1500,8,1500,9,packages\slick-carousel\slick\slick.js,0,1248
1863,IfStatement,nan,-1,-1,-1,1528,12,1540,13,packages\slick-carousel\slick\slick.js,0,1249
1864,CallExpression,nan,1,-1,-1,1527,12,1527,63,packages\slick-carousel\slick\slick.js,0,1250
1866,IfStatement,nan,-1,-1,-1,1605,12,1611,13,packages\slick-carousel\slick\slick.js,0,1251
1867,MemberExpression,nan,-1,-1,-1,1604,12,1604,32,packages\slick-carousel\slick\slick.js,0,1252
1869,Identifier,loadRange,-1,-1,-1,1621,8,1621,17,packages\slick-carousel\slick\slick.js,0,1253
1870,CallExpression,nan,2,-1,-1,1621,20,1621,78,packages\slick-carousel\slick\slick.js,0,1254
1871,VariableDeclaration,nan,-1,-1,-1,1624,12,1626,57,packages\slick-carousel\slick\slick.js,0,1255
1872,ForStatement,nan,-1,-1,-1,1628,12,1634,13,packages\slick-carousel\slick\slick.js,0,1256
1873,MemberExpression,nan,-1,-1,-1,1623,12,1623,30,packages\slick-carousel\slick\slick.js,0,1257
1875,Identifier,loadRange,-1,-1,-1,1637,19,1637,28,packages\slick-carousel\slick\slick.js,0,1258
1876,Identifier,loadImages,-1,-1,-1,1637,8,1637,18,packages\slick-carousel\slick\slick.js,0,1259
1879,MemberExpression,nan,-1,-1,-1,1639,12,1639,24,packages\slick-carousel\slick\slick.js,0,1260
1880,MemberExpression,nan,-1,-1,-1,1639,28,1639,50,packages\slick-carousel\slick\slick.js,0,1261
1881,MemberExpression,nan,-1,-1,-1,1657,8,1657,21,packages\slick-carousel\slick\slick.js,0,1262
1882,ObjectExpression,nan,-1,-1,-1,1659,26,1661,9,packages\slick-carousel\slick\slick.js,0,1263
1883,MemberExpression,nan,-1,-1,-1,1659,8,1659,25,packages\slick-carousel\slick\slick.js,0,1264
1885,MemberExpression,nan,-1,-1,-1,1663,8,1663,29,packages\slick-carousel\slick\slick.js,0,1265
1886,MemberExpression,nan,-1,-1,-1,1665,8,1665,16,packages\slick-carousel\slick\slick.js,0,1266
1888,MemberExpression,nan,-1,-1,-1,1667,12,1667,30,packages\slick-carousel\slick\slick.js,0,1267
1890,CallExpression,nan,1,-1,-1,1677,8,1681,10,packages\slick-carousel\slick\slick.js,0,1268
1891,MemberExpression,nan,-1,-1,-1,1689,8,1689,25,packages\slick-carousel\slick\slick.js,0,1269
1892,MemberExpression,nan,-1,-1,-1,1690,8,1690,21,packages\slick-carousel\slick\slick.js,0,1270
1893,CallExpression,nan,0,-1,-1,1698,8,1698,25,packages\slick-carousel\slick\slick.js,0,1271
1894,AssignmentExpression,nan,-1,-1,-1,1699,8,1699,23,packages\slick-carousel\slick\slick.js,0,1272
1895,CallExpression,nan,0,-1,-1,1707,8,1707,20,packages\slick-carousel\slick\slick.js,0,1273
1896,AssignmentExpression,nan,-1,-1,-1,1708,8,1708,33,packages\slick-carousel\slick\slick.js,0,1274
1897,AssignmentExpression,nan,-1,-1,-1,1709,8,1709,24,packages\slick-carousel\slick\slick.js,0,1275
1898,AssignmentExpression,nan,-1,-1,-1,1710,8,1710,26,packages\slick-carousel\slick\slick.js,0,1276
1899,AssignmentExpression,nan,-1,-1,-1,1711,8,1711,29,packages\slick-carousel\slick\slick.js,0,1277
1902,IfStatement,nan,-1,-1,-1,1725,12,1727,13,packages\slick-carousel\slick\slick.js,0,1278
1904,IfStatement,nan,-1,-1,-1,1731,12,1733,13,packages\slick-carousel\slick\slick.js,0,1279
1905,IfStatement,nan,-1,-1,-1,1735,12,1742,13,packages\slick-carousel\slick\slick.js,0,1280
1906,MemberExpression,nan,-1,-1,-1,1719,13,1719,24,packages\slick-carousel\slick\slick.js,0,1281
1907,CallExpression,nan,1,-1,-1,1752,8,1756,10,packages\slick-carousel\slick\slick.js,0,1282
1908,MemberExpression,nan,-1,-1,-1,1762,8,1762,28,packages\slick-carousel\slick\slick.js,0,1283
1909,Identifier,tryCount,-1,-1,-1,1768,8,1768,16,packages\slick-carousel\slick\slick.js,0,1284
1910,LogicalExpression,nan,-1,-1,-1,1768,19,1768,32,packages\slick-carousel\slick\slick.js,0,1285
1919,Identifier,lastVisibleIndex,-1,-1,-1,1854,8,1854,24,packages\slick-carousel\slick\slick.js,0,1286
1922,UnaryExpression,nan,1,-1,-1,1858,12,1858,31,packages\slick-carousel\slick\slick.js,0,1287
1925,MemberExpression,nan,-1,-1,-1,1863,13,1863,25,packages\slick-carousel\slick\slick.js,0,1288
1926,MemberExpression,nan,-1,-1,-1,1863,29,1863,51,packages\slick-carousel\slick\slick.js,0,1289
1927,Identifier,currentSlide,-1,-1,-1,1868,8,1868,20,packages\slick-carousel\slick\slick.js,0,1290
1928,MemberExpression,nan,-1,-1,-1,1868,23,1868,37,packages\slick-carousel\slick\slick.js,0,1291
1930,MemberExpression,nan,-1,-1,-1,1870,8,1870,17,packages\slick-carousel\slick\slick.js,0,1292
1931,Identifier,_,-1,-1,-1,1872,17,1872,18,packages\slick-carousel\slick\slick.js,0,1293
1932,MemberExpression,nan,-1,-1,-1,1872,20,1872,30,packages\slick-carousel\slick\slick.js,0,1294
1933,ObjectExpression,nan,-1,-1,-1,1872,32,1872,62,packages\slick-carousel\slick\slick.js,0,1295
1934,MemberExpression,nan,-1,-1,-1,1872,8,1872,16,packages\slick-carousel\slick\slick.js,0,1296
1935,MemberExpression,nan,-1,-1,-1,1874,8,1874,14,packages\slick-carousel\slick\slick.js,0,1297
1937,Identifier,initializing,-1,-1,-1,1876,13,1876,25,packages\slick-carousel\slick\slick.js,0,1298
1939,ForInStatement,nan,-1,-1,-1,1898,12,1919,13,packages\slick-carousel\slick\slick.js,0,1299
1941,CallExpression,nan,1,-1,-1,1894,13,1894,46,packages\slick-carousel\slick\slick.js,0,1300
1942,MemberExpression,nan,-1,-1,-1,1894,50,1894,75,packages\slick-carousel\slick\slick.js,0,1301
1943,MemberExpression,nan,-1,-1,-1,1933,8,1933,17,packages\slick-carousel\slick\slick.js,0,1302
1944,CallExpression,nan,1,-1,-1,1934,12,1936,40,packages\slick-carousel\slick\slick.js,0,1303
1945,MemberExpression,nan,-1,-1,-1,1938,8,1938,20,packages\slick-carousel\slick\slick.js,0,1304
1946,MemberExpression,nan,-1,-1,-1,1938,23,1938,39,packages\slick-carousel\slick\slick.js,0,1305
1951,MemberExpression,nan,-1,-1,-1,1944,12,1944,24,packages\slick-carousel\slick\slick.js,0,1306
1952,MemberExpression,nan,-1,-1,-1,1944,28,1944,50,packages\slick-carousel\slick\slick.js,0,1307
1953,MemberExpression,nan,-1,-1,-1,1948,8,1948,29,packages\slick-carousel\slick\slick.js,0,1308
1954,MemberExpression,nan,-1,-1,-1,1950,8,1950,18,packages\slick-carousel\slick\slick.js,0,1309
1955,MemberExpression,nan,-1,-1,-1,1951,8,1951,23,packages\slick-carousel\slick\slick.js,0,1310
1956,MemberExpression,nan,-1,-1,-1,1952,8,1952,21,packages\slick-carousel\slick\slick.js,0,1311
1957,MemberExpression,nan,-1,-1,-1,1953,8,1953,22,packages\slick-carousel\slick\slick.js,0,1312
1958,MemberExpression,nan,-1,-1,-1,1954,8,1954,25,packages\slick-carousel\slick\slick.js,0,1313
1959,MemberExpression,nan,-1,-1,-1,1955,8,1955,19,packages\slick-carousel\slick\slick.js,0,1314
1960,MemberExpression,nan,-1,-1,-1,1956,8,1956,20,packages\slick-carousel\slick\slick.js,0,1315
1961,MemberExpression,nan,-1,-1,-1,1957,8,1957,23,packages\slick-carousel\slick\slick.js,0,1316
1962,MemberExpression,nan,-1,-1,-1,1958,8,1958,28,packages\slick-carousel\slick\slick.js,0,1317
1963,MemberExpression,nan,-1,-1,-1,1959,8,1959,25,packages\slick-carousel\slick\slick.js,0,1318
1966,MemberExpression,nan,-1,-1,-1,1961,8,1961,25,packages\slick-carousel\slick\slick.js,0,1319
1968,MemberExpression,nan,-1,-1,-1,1963,12,1963,35,packages\slick-carousel\slick\slick.js,0,1320
1970,ConditionalExpression,nan,-1,-1,-1,1967,26,1967,81,packages\slick-carousel\slick\slick.js,0,1321
1971,MemberExpression,nan,-1,-1,-1,1967,8,1967,25,packages\slick-carousel\slick\slick.js,0,1322
1972,MemberExpression,nan,-1,-1,-1,1969,8,1969,21,packages\slick-carousel\slick\slick.js,0,1323
1973,MemberExpression,nan,-1,-1,-1,1970,8,1970,22,packages\slick-carousel\slick\slick.js,0,1324
1974,MemberExpression,nan,-1,-1,-1,1972,8,1972,16,packages\slick-carousel\slick\slick.js,0,1325
1975,UnaryExpression,nan,1,-1,-1,1972,19,1972,38,packages\slick-carousel\slick\slick.js,0,1326
1976,MemberExpression,nan,-1,-1,-1,1973,8,1973,18,packages\slick-carousel\slick\slick.js,0,1327
1978,ArrayExpression,nan,-1,-1,-1,1975,36,1975,39,packages\slick-carousel\slick\slick.js,0,1328
1979,MemberExpression,nan,-1,-1,-1,1975,8,1975,25,packages\slick-carousel\slick\slick.js,0,1329
1982,CallExpression,nan,0,-1,-1,1983,12,1983,29,packages\slick-carousel\slick\slick.js,0,1330
1983,MemberExpression,nan,-1,-1,-1,1983,34,1983,47,packages\slick-carousel\slick\slick.js,0,1331
1984,BlockStatement,nan,-1,-1,-1,1997,41,2000,9,packages\slick-carousel\slick\slick.js,0,1332
1986,BlockStatement,nan,-1,-1,-1,2004,71,2006,9,packages\slick-carousel\slick\slick.js,0,1333
1987,LogicalExpression,nan,-1,-1,-1,2004,12,2004,69,packages\slick-carousel\slick\slick.js,0,1334
1988,CallExpression,nan,0,-1,-1,2008,8,2008,18,packages\slick-carousel\slick\slick.js,0,1335
1989,BlockStatement,nan,-1,-1,-1,2010,32,2012,9,packages\slick-carousel\slick\slick.js,0,1336
1991,AssignmentExpression,nan,-1,-1,-1,2016,8,2016,62,packages\slick-carousel\slick\slick.js,0,1337
1992,CallExpression,nan,0,-1,-1,2018,8,2018,59,packages\slick-carousel\slick\slick.js,0,1338
1993,CallExpression,nan,1,-1,-1,2020,8,2020,39,packages\slick-carousel\slick\slick.js,0,1339
1994,AssignmentExpression,nan,-1,-1,-1,2022,8,2022,34,packages\slick-carousel\slick\slick.js,0,1340
1995,CallExpression,nan,0,-1,-1,2024,8,2024,18,packages\slick-carousel\slick\slick.js,0,1341
1997,MemberExpression,nan,-1,-1,-1,2034,12,2034,25,packages\slick-carousel\slick\slick.js,0,1342
1999,Identifier,x,-1,-1,-1,2037,8,2037,9,packages\slick-carousel\slick\slick.js,0,1343
2000,ConditionalExpression,nan,-1,-1,-1,2037,12,2037,73,packages\slick-carousel\slick\slick.js,0,1344
2001,Identifier,y,-1,-1,-1,2038,8,2038,9,packages\slick-carousel\slick\slick.js,0,1345
2002,ConditionalExpression,nan,-1,-1,-1,2038,12,2038,72,packages\slick-carousel\slick\slick.js,0,1346
2003,MemberExpression,nan,-1,-1,-1,2040,8,2040,37,packages\slick-carousel\slick\slick.js,0,1347
2004,Identifier,position,-1,-1,-1,2040,40,2040,48,packages\slick-carousel\slick\slick.js,0,1348
2006,MemberExpression,nan,-1,-1,-1,2042,12,2042,31,packages\slick-carousel\slick\slick.js,0,1349
2008,IfStatement,nan,-1,-1,-1,2062,12,2066,13,packages\slick-carousel\slick\slick.js,0,1350
2009,MemberExpression,nan,-1,-1,-1,2061,12,2061,30,packages\slick-carousel\slick\slick.js,0,1351
2011,MemberExpression,nan,-1,-1,-1,2076,8,2076,19,packages\slick-carousel\slick\slick.js,0,1352
2012,CallExpression,nan,0,-1,-1,2076,22,2076,37,packages\slick-carousel\slick\slick.js,0,1353
2013,MemberExpression,nan,-1,-1,-1,2077,8,2077,20,packages\slick-carousel\slick\slick.js,0,1354
2014,CallExpression,nan,0,-1,-1,2077,23,2077,39,packages\slick-carousel\slick\slick.js,0,1355
2019,CallExpression,nan,1,-1,-1,2092,47,2092,114,packages\slick-carousel\slick\slick.js,0,1356
2020,MemberExpression,nan,-1,-1,-1,2092,12,2092,35,packages\slick-carousel\slick\slick.js,0,1357
2022,FunctionExpression,nan,-1,2,0,2101,23,2120,9,packages\slick-carousel\slick\slick.js,0,1358
2023,MemberExpression,nan,-1,-1,-1,2101,8,2101,22,packages\slick-carousel\slick\slick.js,0,1359
2024,ObjectExpression,nan,-1,-1,-1,2122,41,2125,9,packages\slick-carousel\slick\slick.js,0,1360
2025,MemberExpression,nan,-1,-1,-1,2122,8,2122,40,packages\slick-carousel\slick\slick.js,0,1361
2026,VariableDeclaration,nan,-1,-1,-1,2134,12,2134,78,packages\slick-carousel\slick\slick.js,0,1362
2028,LogicalExpression,nan,-1,-1,-1,2133,12,2133,77,packages\slick-carousel\slick\slick.js,0,1363
2030,BlockStatement,nan,-1,-1,-1,2158,46,2164,9,packages\slick-carousel\slick\slick.js,0,1364
2031,CallExpression,nan,1,-1,-1,2158,12,2158,43,packages\slick-carousel\slick\slick.js,0,1365
2032,BlockStatement,nan,-1,-1,-1,2182,33,2187,9,packages\slick-carousel\slick\slick.js,0,1366
2034,BlockStatement,nan,-1,-1,-1,2229,23,2234,9,packages\slick-carousel\slick\slick.js,0,1367
2035,Identifier,refresh,-1,-1,-1,2229,13,2229,20,packages\slick-carousel\slick\slick.js,0,1368
2036,MemberExpression,nan,-1,-1,-1,2242,8,2242,23,packages\slick-carousel\slick\slick.js,0,1369
2037,MemberExpression,nan,-1,-1,-1,2244,8,2244,19,packages\slick-carousel\slick\slick.js,0,1370
2039,MemberExpression,nan,-1,-1,-1,2246,12,2246,26,packages\slick-carousel\slick\slick.js,0,1371
2042,ArrayExpression,nan,-1,-1,-1,2252,41,2252,44,packages\slick-carousel\slick\slick.js,0,1372
2043,MemberExpression,nan,-1,-1,-1,2252,8,2252,25,packages\slick-carousel\slick\slick.js,0,1373
2044,MemberExpression,nan,-1,-1,-1,2261,8,2261,22,packages\slick-carousel\slick\slick.js,0,1374
2045,ConditionalExpression,nan,-1,-1,-1,2261,25,2261,69,packages\slick-carousel\slick\slick.js,0,1375
2047,MemberExpression,nan,-1,-1,-1,2263,12,2263,26,packages\slick-carousel\slick\slick.js,0,1376
2049,IfStatement,nan,-1,-1,-1,2272,12,2274,13,packages\slick-carousel\slick\slick.js,0,1377
2050,LogicalExpression,nan,-1,-1,-1,2269,12,2270,49,packages\slick-carousel\slick\slick.js,0,1378
2052,IfStatement,nan,-1,-1,-1,2278,12,2284,13,packages\slick-carousel\slick\slick.js,0,1379
2056,IfStatement,nan,-1,-1,-1,2291,12,2291,125,packages\slick-carousel\slick\slick.js,0,1380
2057,MemberExpression,nan,-1,-1,-1,2287,12,2287,32,packages\slick-carousel\slick\slick.js,0,1381
2058,Identifier,undefined,-1,-1,-1,2287,37,2287,46,packages\slick-carousel\slick\slick.js,0,1382
2062,IfStatement,nan,-1,-1,-1,2297,12,2297,122,packages\slick-carousel\slick\slick.js,0,1383
2063,MemberExpression,nan,-1,-1,-1,2293,12,2293,34,packages\slick-carousel\slick\slick.js,0,1384
2064,Identifier,undefined,-1,-1,-1,2293,39,2293,48,packages\slick-carousel\slick\slick.js,0,1385
2068,IfStatement,nan,-1,-1,-1,2303,12,2303,125,packages\slick-carousel\slick\slick.js,0,1386
2069,MemberExpression,nan,-1,-1,-1,2299,12,2299,37,packages\slick-carousel\slick\slick.js,0,1387
2070,Identifier,undefined,-1,-1,-1,2299,42,2299,51,packages\slick-carousel\slick\slick.js,0,1388
2074,IfStatement,nan,-1,-1,-1,2309,12,2309,72,packages\slick-carousel\slick\slick.js,0,1389
2075,MemberExpression,nan,-1,-1,-1,2305,12,2305,33,packages\slick-carousel\slick\slick.js,0,1390
2076,Identifier,undefined,-1,-1,-1,2305,38,2305,47,packages\slick-carousel\slick\slick.js,0,1391
2082,MemberExpression,nan,-1,-1,-1,2316,8,2316,27,packages\slick-carousel\slick\slick.js,0,1392
2083,LogicalExpression,nan,-1,-1,-1,2316,30,2316,101,packages\slick-carousel\slick\slick.js,0,1393
2084,Identifier,allSlides,-1,-1,-1,2325,8,2325,17,packages\slick-carousel\slick\slick.js,0,1394
2085,CallExpression,nan,2,-1,-1,2325,20,2328,40,packages\slick-carousel\slick\slick.js,0,1395
2087,MemberExpression,nan,-1,-1,-1,2330,8,2332,21,packages\slick-carousel\slick\slick.js,0,1396
2088,VariableDeclaration,nan,-1,-1,-1,2336,12,2336,25,packages\slick-carousel\slick\slick.js,0,1397
2089,IfStatement,nan,-1,-1,-1,2338,12,2344,13,packages\slick-carousel\slick\slick.js,0,1398
2090,IfStatement,nan,-1,-1,-1,2346,12,2378,13,packages\slick-carousel\slick\slick.js,0,1399
2092,MemberExpression,nan,-1,-1,-1,2334,12,2334,32,packages\slick-carousel\slick\slick.js,0,1400
2098,MemberExpression,nan,-1,-1,-1,2434,12,2434,26,packages\slick-carousel\slick\slick.js,0,1401
2101,IfStatement,nan,-1,-1,-1,2442,12,2467,13,packages\slick-carousel\slick\slick.js,0,1402
2105,Identifier,toggle,-1,-1,-1,2477,13,2477,19,packages\slick-carousel\slick\slick.js,0,1403
2106,MemberExpression,nan,-1,-1,-1,2480,8,2480,21,packages\slick-carousel\slick\slick.js,0,1404
2107,Identifier,toggle,-1,-1,-1,2480,24,2480,30,packages\slick-carousel\slick\slick.js,0,1405
2108,AssignmentExpression,nan,-1,-1,-1,2495,20,2495,29,packages\slick-carousel\slick\slick.js,0,1406
2109,Identifier,index,-1,-1,-1,2495,13,2495,18,packages\slick-carousel\slick\slick.js,0,1407
2111,ReturnStatement,nan,-1,-1,-1,2500,12,2500,19,packages\slick-carousel\slick\slick.js,0,1408
2112,MemberExpression,nan,-1,-1,-1,2497,12,2497,24,packages\slick-carousel\slick\slick.js,0,1409
2113,MemberExpression,nan,-1,-1,-1,2497,28,2497,50,packages\slick-carousel\slick\slick.js,0,1410
2114,Identifier,index,-1,-1,-1,2504,23,2504,28,packages\slick-carousel\slick\slick.js,0,1411
2115,MemberExpression,nan,-1,-1,-1,2504,8,2504,22,packages\slick-carousel\slick\slick.js,0,1412
2116,Identifier,sync,-1,-1,-1,2513,8,2513,12,packages\slick-carousel\slick\slick.js,0,1413
2117,LogicalExpression,nan,-1,-1,-1,2513,15,2513,28,packages\slick-carousel\slick\slick.js,0,1414
2118,ReturnStatement,nan,-1,-1,-1,2516,12,2516,19,packages\slick-carousel\slick\slick.js,0,1415
2121,ReturnStatement,nan,-1,-1,-1,2520,12,2520,19,packages\slick-carousel\slick\slick.js,0,1416
2125,Identifier,sync,-1,-1,-1,2523,12,2523,16,packages\slick-carousel\slick\slick.js,0,1417
2127,Identifier,targetSlide,-1,-1,-1,2527,8,2527,19,packages\slick-carousel\slick\slick.js,0,1418
2128,Identifier,index,-1,-1,-1,2527,22,2527,27,packages\slick-carousel\slick\slick.js,0,1419
2129,Identifier,targetLeft,-1,-1,-1,2528,8,2528,18,packages\slick-carousel\slick\slick.js,0,1420
2130,CallExpression,nan,1,-1,-1,2528,21,2528,43,packages\slick-carousel\slick\slick.js,0,1421
2131,Identifier,slideLeft,-1,-1,-1,2529,8,2529,17,packages\slick-carousel\slick\slick.js,0,1422
2132,CallExpression,nan,1,-1,-1,2529,20,2529,45,packages\slick-carousel\slick\slick.js,0,1423
2133,MemberExpression,nan,-1,-1,-1,2531,8,2531,21,packages\slick-carousel\slick\slick.js,0,1424
2134,ConditionalExpression,nan,-1,-1,-1,2531,24,2531,70,packages\slick-carousel\slick\slick.js,0,1425
2135,IfStatement,nan,-1,-1,-1,2534,12,2543,13,packages\slick-carousel\slick\slick.js,0,1426
2136,ReturnStatement,nan,-1,-1,-1,2544,12,2544,19,packages\slick-carousel\slick\slick.js,0,1427
2137,LogicalExpression,nan,-1,-1,-1,2533,12,2533,74,packages\slick-carousel\slick\slick.js,0,1428
2138,LogicalExpression,nan,-1,-1,-1,2533,79,2533,142,packages\slick-carousel\slick\slick.js,0,1429
2140,IfStatement,nan,-1,-1,-1,2564,12,2568,13,packages\slick-carousel\slick\slick.js,0,1430
2141,Identifier,targetSlide,-1,-1,-1,2563,12,2563,23,packages\slick-carousel\slick\slick.js,0,1431
2143,MemberExpression,nan,-1,-1,-1,2579,8,2579,19,packages\slick-carousel\slick\slick.js,0,1432
2146,ArrayExpression,nan,-1,-1,-1,2581,42,2581,72,packages\slick-carousel\slick\slick.js,0,1433
2147,MemberExpression,nan,-1,-1,-1,2581,8,2581,25,packages\slick-carousel\slick\slick.js,0,1434
2148,Identifier,oldSlide,-1,-1,-1,2583,8,2583,16,packages\slick-carousel\slick\slick.js,0,1435
2149,MemberExpression,nan,-1,-1,-1,2583,19,2583,33,packages\slick-carousel\slick\slick.js,0,1436
2150,MemberExpression,nan,-1,-1,-1,2584,8,2584,22,packages\slick-carousel\slick\slick.js,0,1437
2151,Identifier,animSlide,-1,-1,-1,2584,25,2584,34,packages\slick-carousel\slick\slick.js,0,1438
2152,MemberExpression,nan,-1,-1,-1,2586,26,2586,40,packages\slick-carousel\slick\slick.js,0,1439
2153,MemberExpression,nan,-1,-1,-1,2586,8,2586,25,packages\slick-carousel\slick\slick.js,0,1440
2156,IfStatement,nan,-1,-1,-1,2593,12,2595,13,packages\slick-carousel\slick\slick.js,0,1441
2157,MemberExpression,nan,-1,-1,-1,2599,8,2599,20,packages\slick-carousel\slick\slick.js,0,1442
2158,MemberExpression,nan,-1,-1,-1,2600,8,2600,22,packages\slick-carousel\slick\slick.js,0,1443
2159,IfStatement,nan,-1,-1,-1,2603,12,2613,13,packages\slick-carousel\slick\slick.js,0,1444
2161,ReturnStatement,nan,-1,-1,-1,2615,12,2615,19,packages\slick-carousel\slick\slick.js,0,1445
2162,MemberExpression,nan,-1,-1,-1,2602,12,2602,26,packages\slick-carousel\slick\slick.js,0,1446
2175,MemberExpression,nan,-1,-1,-1,2645,8,2645,26,packages\slick-carousel\slick\slick.js,0,1447
2176,Identifier,xDist,-1,-1,-1,2653,8,2653,13,packages\slick-carousel\slick\slick.js,0,1448
2178,Identifier,yDist,-1,-1,-1,2654,8,2654,13,packages\slick-carousel\slick\slick.js,0,1449
2180,Identifier,r,-1,-1,-1,2655,8,2655,9,packages\slick-carousel\slick\slick.js,0,1450
2181,CallExpression,nan,2,-1,-1,2655,12,2655,36,packages\slick-carousel\slick\slick.js,0,1451
2182,Identifier,swipeAngle,-1,-1,-1,2657,8,2657,18,packages\slick-carousel\slick\slick.js,0,1452
2183,CallExpression,nan,1,-1,-1,2657,21,2657,50,packages\slick-carousel\slick\slick.js,0,1453
2185,Identifier,swipeAngle,-1,-1,-1,2658,12,2658,22,packages\slick-carousel\slick\slick.js,0,1454
2187,ReturnStatement,nan,1,-1,-1,2663,12,2663,64,packages\slick-carousel\slick\slick.js,0,1455
2190,ReturnStatement,nan,1,-1,-1,2666,12,2666,64,packages\slick-carousel\slick\slick.js,0,1456
2193,ReturnStatement,nan,1,-1,-1,2669,12,2669,64,packages\slick-carousel\slick\slick.js,0,1457
2196,IfStatement,nan,-1,-1,-1,2672,12,2676,13,packages\slick-carousel\slick\slick.js,0,1458
2197,MemberExpression,nan,-1,-1,-1,2671,12,2671,37,packages\slick-carousel\slick\slick.js,0,1459
2199,MemberExpression,nan,-1,-1,-1,2689,8,2689,18,packages\slick-carousel\slick\slick.js,0,1460
2201,MemberExpression,nan,-1,-1,-1,2690,8,2690,17,packages\slick-carousel\slick\slick.js,0,1461
2204,ReturnStatement,nan,1,-1,-1,2694,12,2694,25,packages\slick-carousel\slick\slick.js,0,1462
2205,MemberExpression,nan,-1,-1,-1,2697,8,2697,21,packages\slick-carousel\slick\slick.js,0,1463
2207,MemberExpression,nan,-1,-1,-1,2698,8,2698,21,packages\slick-carousel\slick\slick.js,0,1464
2208,ConditionalExpression,nan,-1,-1,-1,2698,24,2698,73,packages\slick-carousel\slick\slick.js,0,1465
2209,ReturnStatement,nan,1,-1,-1,2701,12,2701,25,packages\slick-carousel\slick\slick.js,0,1466
2210,MemberExpression,nan,-1,-1,-1,2700,13,2700,31,packages\slick-carousel\slick\slick.js,0,1467
2211,Identifier,undefined,-1,-1,-1,2700,36,2700,45,packages\slick-carousel\slick\slick.js,0,1468
2213,MemberExpression,nan,-1,-1,-1,2704,13,2704,34,packages\slick-carousel\slick\slick.js,0,1469
2216,SwitchStatement,nan,-1,-1,-1,2712,12,2741,13,packages\slick-carousel\slick\slick.js,0,1470
2217,IfStatement,nan,-1,-1,-1,2743,12,2749,13,packages\slick-carousel\slick\slick.js,0,1471
2218,MemberExpression,nan,-1,-1,-1,2708,13,2708,38,packages\slick-carousel\slick\slick.js,0,1472
2219,MemberExpression,nan,-1,-1,-1,2708,42,2708,64,packages\slick-carousel\slick\slick.js,0,1473
2220,ReturnStatement,nan,-1,-1,-1,2769,12,2769,19,packages\slick-carousel\slick\slick.js,0,1474
2222,LogicalExpression,nan,-1,-1,-1,2768,44,2768,97,packages\slick-carousel\slick\slick.js,0,1475
2223,MemberExpression,nan,-1,-1,-1,2774,8,2774,33,packages\slick-carousel\slick\slick.js,0,1476
2224,ConditionalExpression,nan,-1,-1,-1,2774,36,2775,50,packages\slick-carousel\slick\slick.js,0,1477
2225,MemberExpression,nan,-1,-1,-1,2777,8,2777,30,packages\slick-carousel\slick\slick.js,0,1478
2228,MemberExpression,nan,-1,-1,-1,2780,12,2780,37,packages\slick-carousel\slick\slick.js,0,1479
2230,Identifier,touches,-1,-1,-1,2809,8,2809,15,packages\slick-carousel\slick\slick.js,0,1480
2231,ConditionalExpression,nan,-1,-1,-1,2809,18,2809,88,packages\slick-carousel\slick\slick.js,0,1481
2232,ReturnStatement,nan,1,-1,-1,2812,12,2812,25,packages\slick-carousel\slick\slick.js,0,1482
2233,LogicalExpression,nan,-1,-1,-1,2811,12,2811,38,packages\slick-carousel\slick\slick.js,0,1483
2234,LogicalExpression,nan,-1,-1,-1,2811,42,2811,73,packages\slick-carousel\slick\slick.js,0,1484
2235,Identifier,curLeft,-1,-1,-1,2815,8,2815,15,packages\slick-carousel\slick\slick.js,0,1485
2236,CallExpression,nan,1,-1,-1,2815,18,2815,43,packages\slick-carousel\slick\slick.js,0,1486
2237,MemberExpression,nan,-1,-1,-1,2817,8,2817,26,packages\slick-carousel\slick\slick.js,0,1487
2238,ConditionalExpression,nan,-1,-1,-1,2817,29,2817,85,packages\slick-carousel\slick\slick.js,0,1488
2239,MemberExpression,nan,-1,-1,-1,2818,8,2818,26,packages\slick-carousel\slick\slick.js,0,1489
2240,ConditionalExpression,nan,-1,-1,-1,2818,29,2818,85,packages\slick-carousel\slick\slick.js,0,1490
2241,MemberExpression,nan,-1,-1,-1,2820,8,2820,33,packages\slick-carousel\slick\slick.js,0,1491
2242,CallExpression,nan,1,-1,-1,2820,36,2821,68,packages\slick-carousel\slick\slick.js,0,1492
2243,Identifier,verticalSwipeLength,-1,-1,-1,2823,8,2823,27,packages\slick-carousel\slick\slick.js,0,1493
2244,CallExpression,nan,1,-1,-1,2823,30,2824,68,packages\slick-carousel\slick\slick.js,0,1494
2246,ReturnStatement,nan,1,-1,-1,2828,12,2828,25,packages\slick-carousel\slick\slick.js,0,1495
2247,LogicalExpression,nan,-1,-1,-1,2826,12,2826,52,packages\slick-carousel\slick\slick.js,0,1496
2250,MemberExpression,nan,-1,-1,-1,2831,12,2831,37,packages\slick-carousel\slick\slick.js,0,1497
2252,Identifier,swipeDirection,-1,-1,-1,2835,8,2835,22,packages\slick-carousel\slick\slick.js,0,1498
2253,CallExpression,nan,0,-1,-1,2835,25,2835,43,packages\slick-carousel\slick\slick.js,0,1499
2258,Identifier,positionOffset,-1,-1,-1,2842,8,2842,22,packages\slick-carousel\slick\slick.js,0,1500
2261,MemberExpression,nan,-1,-1,-1,2843,12,2843,37,packages\slick-carousel\slick\slick.js,0,1501
2263,Identifier,swipeLength,-1,-1,-1,2848,8,2848,19,packages\slick-carousel\slick\slick.js,0,1502
2264,MemberExpression,nan,-1,-1,-1,2848,22,2848,47,packages\slick-carousel\slick\slick.js,0,1503
2265,MemberExpression,nan,-1,-1,-1,2850,8,2850,29,packages\slick-carousel\slick\slick.js,0,1504
2267,IfStatement,nan,-1,-1,-1,2853,12,2856,13,packages\slick-carousel\slick\slick.js,0,1505
2268,MemberExpression,nan,-1,-1,-1,2852,12,2852,30,packages\slick-carousel\slick\slick.js,0,1506
2271,MemberExpression,nan,-1,-1,-1,2859,12,2859,30,packages\slick-carousel\slick\slick.js,0,1507
2274,MemberExpression,nan,-1,-1,-1,2864,12,2864,37,packages\slick-carousel\slick\slick.js,0,1508
2276,ReturnStatement,nan,1,-1,-1,2869,12,2869,25,packages\slick-carousel\slick\slick.js,0,1509
2280,ReturnStatement,nan,1,-1,-1,2874,12,2874,25,packages\slick-carousel\slick\slick.js,0,1510
2281,MemberExpression,nan,-1,-1,-1,2872,12,2872,23,packages\slick-carousel\slick\slick.js,0,1511
2283,MemberExpression,nan,-1,-1,-1,2877,17,2877,28,packages\slick-carousel\slick\slick.js,0,1512
2284,MemberExpression,nan,-1,-1,-1,2877,8,2877,16,packages\slick-carousel\slick\slick.js,0,1513
2285,MemberExpression,nan,-1,-1,-1,2886,8,2886,21,packages\slick-carousel\slick\slick.js,0,1514
2288,ReturnStatement,nan,1,-1,-1,2890,12,2890,25,packages\slick-carousel\slick\slick.js,0,1515
2294,MemberExpression,nan,-1,-1,-1,2897,8,2897,28,packages\slick-carousel\slick\slick.js,0,1516
2295,AssignmentExpression,nan,-1,-1,-1,2897,31,2897,105,packages\slick-carousel\slick\slick.js,0,1517
2296,MemberExpression,nan,-1,-1,-1,2898,8,2898,28,packages\slick-carousel\slick\slick.js,0,1518
2297,AssignmentExpression,nan,-1,-1,-1,2898,31,2898,105,packages\slick-carousel\slick\slick.js,0,1519
2298,MemberExpression,nan,-1,-1,-1,2900,8,2900,18,packages\slick-carousel\slick\slick.js,0,1520
2300,BlockStatement,nan,-1,-1,-1,2908,37,2918,9,packages\slick-carousel\slick\slick.js,0,1521
2302,MemberExpression,nan,-1,-1,-1,2926,8,2926,44,packages\slick-carousel\slick\slick.js,0,1522
2305,MemberExpression,nan,-1,-1,-1,2932,12,2932,24,packages\slick-carousel\slick\slick.js,0,1523
2306,CallExpression,nan,1,-1,-1,2932,28,2932,64,packages\slick-carousel\slick\slick.js,0,1524
2308,MemberExpression,nan,-1,-1,-1,2936,12,2936,24,packages\slick-carousel\slick\slick.js,0,1525
2309,CallExpression,nan,1,-1,-1,2936,28,2936,64,packages\slick-carousel\slick\slick.js,0,1526
2312,MemberExpression,nan,-1,-1,-1,2940,8,2943,16,packages\slick-carousel\slick\slick.js,0,1527
2314,ArrayExpression,nan,-1,-1,-1,2950,37,2950,56,packages\slick-carousel\slick\slick.js,0,1528
2315,MemberExpression,nan,-1,-1,-1,2950,8,2950,25,packages\slick-carousel\slick\slick.js,0,1529
2316,MemberExpression,nan,-1,-1,-1,2951,8,2951,17,packages\slick-carousel\slick\slick.js,0,1530
2317,Identifier,centerOffset,-1,-1,-1,2960,8,2960,20,packages\slick-carousel\slick\slick.js,0,1531
2318,CallExpression,nan,1,-1,-1,2960,23,2960,61,packages\slick-carousel\slick\slick.js,0,1532
2321,IfStatement,nan,-1,-1,-1,2969,12,2984,13,packages\slick-carousel\slick\slick.js,0,1533
2322,LogicalExpression,nan,-1,-1,-1,2962,13,2963,49,packages\slick-carousel\slick\slick.js,0,1534
2323,UnaryExpression,nan,1,-1,-1,2964,12,2964,31,packages\slick-carousel\slick\slick.js,0,1535
2326,MemberExpression,nan,-1,-1,-1,2994,12,2994,19,packages\slick-carousel\slick\slick.js,0,1536
2328,IfStatement,nan,-1,-1,-1,3016,12,3024,13,packages\slick-carousel\slick\slick.js,0,1537
2329,Identifier,i,-1,-1,-1,3037,20,3037,21,packages\slick-carousel\slick\slick.js,0,1538
2330,Identifier,l,-1,-1,-1,3037,24,3037,25,packages\slick-carousel\slick\slick.js,0,1539
2331,IfStatement,nan,-1,-1,-1,3038,12,3041,62,packages\slick-carousel\slick\slick.js,0,1540
2332,IfStatement,nan,-1,-1,-1,3042,12,3042,54,packages\slick-carousel\slick\slick.js,0,1541
2333,VariableDeclaration,nan,-1,-1,-1,49,12,49,39,packages\slick-carousel\slick\slick.js,0,1542
2378,UnaryExpression,nan,1,-1,-1,210,12,210,25,packages\slick-carousel\slick\slick.js,0,1543
2380,MemberExpression,nan,-1,-1,-1,217,8,217,16,packages\slick-carousel\slick\slick.js,0,1544
2381,IfStatement,nan,-1,-1,-1,220,12,226,13,packages\slick-carousel\slick\slick.js,0,1545
2382,UnaryExpression,nan,1,-1,-1,219,12,219,25,packages\slick-carousel\slick\slick.js,0,1546
2384,MemberExpression,nan,-1,-1,-1,235,8,235,17,packages\slick-carousel\slick\slick.js,0,1547
2385,CallExpression,nan,1,-1,-1,235,20,235,62,packages\slick-carousel\slick\slick.js,0,1548
2386,MemberExpression,nan,-1,-1,-1,237,8,237,57,packages\slick-carousel\slick\slick.js,0,1549
2387,MemberExpression,nan,-1,-1,-1,239,29,239,38,packages\slick-carousel\slick\slick.js,0,1550
2388,MemberExpression,nan,-1,-1,-1,239,8,239,28,packages\slick-carousel\slick\slick.js,0,1551
2389,FunctionExpression,nan,-1,2,0,241,23,243,9,packages\slick-carousel\slick\slick.js,0,1552
2390,MemberExpression,nan,-1,-1,-1,241,8,241,22,packages\slick-carousel\slick\slick.js,0,1553
2391,MemberExpression,nan,-1,-1,-1,245,8,245,22,packages\slick-carousel\slick\slick.js,0,1554
2392,MemberExpression,nan,-1,-1,-1,245,25,245,34,packages\slick-carousel\slick\slick.js,0,1555
2393,MemberExpression,nan,-1,-1,-1,247,8,247,16,packages\slick-carousel\slick\slick.js,0,1556
2394,CallExpression,nan,2,-1,-1,255,12,257,31,packages\slick-carousel\slick\slick.js,0,1557
2397,MemberExpression,nan,-1,-1,-1,253,81,253,99,packages\slick-carousel\slick\slick.js,0,1558
2399,AssignmentExpression,nan,-1,-1,-1,269,12,269,36,packages\slick-carousel\slick\slick.js,0,1559
2400,MemberExpression,nan,-1,-1,-1,268,12,268,25,packages\slick-carousel\slick\slick.js,0,1560
2402,MemberExpression,nan,-1,-1,-1,268,38,268,56,packages\slick-carousel\slick\slick.js,0,1561
2404,BlockStatement,nan,-1,-1,-1,272,46,276,13,packages\slick-carousel\slick\slick.js,0,1562
2406,AssignmentExpression,nan,-1,-1,-1,347,12,347,49,packages\slick-carousel\slick\slick.js,0,1563
2407,Identifier,asNavFor,-1,-1,-1,346,25,346,33,packages\slick-carousel\slick\slick.js,0,1564
2409,CallExpression,nan,1,-1,-1,360,12,365,14,packages\slick-carousel\slick\slick.js,0,1565
2410,Identifier,asNavFor,-1,-1,-1,359,13,359,21,packages\slick-carousel\slick\slick.js,0,1566
2412,UnaryExpression,nan,1,-1,-1,359,34,359,49,packages\slick-carousel\slick\slick.js,0,1567
2414,AssignmentExpression,nan,-1,-1,-1,376,12,376,110,packages\slick-carousel\slick\slick.js,0,1568
2415,CallExpression,nan,1,-1,-1,382,12,382,41,packages\slick-carousel\slick\slick.js,0,1569
2416,AssignmentExpression,nan,-1,-1,-1,396,12,396,88,packages\slick-carousel\slick\slick.js,0,1570
2417,CallExpression,nan,1,-1,-1,406,12,406,42,packages\slick-carousel\slick\slick.js,0,1571
2418,BlockStatement,nan,-1,-1,-1,418,48,434,13,packages\slick-carousel\slick\slick.js,0,1572
2420,CallExpression,nan,1,-1,-1,436,12,436,37,packages\slick-carousel\slick\slick.js,0,1573
2421,UnaryExpression,nan,1,-1,-1,416,13,416,22,packages\slick-carousel\slick\slick.js,0,1574
2422,UnaryExpression,nan,1,-1,-1,416,26,416,40,packages\slick-carousel\slick\slick.js,0,1575
2423,MemberExpression,nan,-1,-1,-1,416,45,416,55,packages\slick-carousel\slick\slick.js,0,1576
2424,AssignmentExpression,nan,-1,-1,-1,448,12,448,73,packages\slick-carousel\slick\slick.js,0,1577
2425,AssignmentExpression,nan,-1,-1,-1,449,12,449,73,packages\slick-carousel\slick\slick.js,0,1578
2426,BlockStatement,nan,-1,-1,-1,451,56,470,13,packages\slick-carousel\slick\slick.js,0,1579
2428,CallExpression,nan,1,-1,-1,493,12,493,46,packages\slick-carousel\slick\slick.js,0,1580
2429,AssignmentExpression,nan,-1,-1,-1,495,12,495,62,packages\slick-carousel\slick\slick.js,0,1581
2431,BlockStatement,nan,-1,-1,-1,497,54,499,13,packages\slick-carousel\slick\slick.js,0,1582
2432,AssignmentExpression,nan,-1,-1,-1,501,12,501,56,packages\slick-carousel\slick\slick.js,0,1583
2433,CallExpression,nan,1,-1,-1,503,12,503,63,packages\slick-carousel\slick\slick.js,0,1584
2434,MemberExpression,nan,-1,-1,-1,491,12,491,26,packages\slick-carousel\slick\slick.js,0,1585
2436,MemberExpression,nan,-1,-1,-1,491,39,491,51,packages\slick-carousel\slick\slick.js,0,1586
2437,MemberExpression,nan,-1,-1,-1,491,54,491,76,packages\slick-carousel\slick\slick.js,0,1587
2439,MemberExpression,nan,-1,-1,-1,514,12,516,25,packages\slick-carousel\slick\slick.js,0,1588
2440,Identifier,index,-1,-1,-1,520,32,520,37,packages\slick-carousel\slick\slick.js,0,1589
2441,Identifier,element,-1,-1,-1,520,39,520,46,packages\slick-carousel\slick\slick.js,0,1590
2443,BlockStatement,nan,-1,-1,-1,520,48,524,9,packages\slick-carousel\slick\slick.js,0,1591
2444,CallExpression,nan,1,-1,-1,529,12,529,68,packages\slick-carousel\slick\slick.js,0,1592
2446,MemberExpression,nan,-1,-1,-1,532,18,533,52,packages\slick-carousel\slick\slick.js,0,1593
2447,AssignmentExpression,nan,-1,-1,-1,537,12,537,40,packages\slick-carousel\slick\slick.js,0,1594
2448,MemberExpression,nan,-1,-1,-1,536,12,536,32,packages\slick-carousel\slick\slick.js,0,1595
2450,MemberExpression,nan,-1,-1,-1,536,45,536,67,packages\slick-carousel\slick\slick.js,0,1596
2452,MemberExpression,nan,-1,-1,-1,551,63,551,77,packages\slick-carousel\slick\slick.js,0,1597
2454,CallExpression,nan,1,-1,-1,554,12,554,41,packages\slick-carousel\slick\slick.js,0,1598
2455,MemberExpression,nan,-1,-1,-1,563,20,563,51,packages\slick-carousel\slick\slick.js,0,1599
2456,MemberExpression,nan,-1,-1,-1,564,25,564,43,packages\slick-carousel\slick\slick.js,0,1600
2457,AssignmentExpression,nan,-1,-1,-1,568,12,568,70,packages\slick-carousel\slick\slick.js,0,1601
2458,AssignmentExpression,nan,-1,-1,-1,569,12,571,13,packages\slick-carousel\slick\slick.js,0,1602
2460,BlockStatement,nan,-1,-1,-1,573,44,586,13,packages\slick-carousel\slick\slick.js,0,1603
2461,CallExpression,nan,1,-1,-1,588,12,588,47,packages\slick-carousel\slick\slick.js,0,1604
2462,CallExpression,nan,1,-1,-1,589,12,593,18,packages\slick-carousel\slick\slick.js,0,1605
2463,AssignmentExpression,nan,-1,-1,-1,607,12,607,40,packages\slick-carousel\slick\slick.js,0,1606
2464,AssignmentExpression,nan,-1,-1,-1,618,12,618,35,packages\slick-carousel\slick\slick.js,0,1607
2465,Identifier,breakpoint,-1,-1,-1,620,17,620,27,packages\slick-carousel\slick\slick.js,0,1608
2466,MemberExpression,nan,-1,-1,-1,620,31,620,44,packages\slick-carousel\slick\slick.js,0,1609
2467,BlockStatement,nan,-1,-1,-1,620,46,632,13,packages\slick-carousel\slick\slick.js,0,1610
2468,BlockStatement,nan,-1,-1,-1,634,43,667,13,packages\slick-carousel\slick\slick.js,0,1611
2470,BlockStatement,nan,-1,-1,-1,680,58,682,13,packages\slick-carousel\slick\slick.js,0,1612
2471,LogicalExpression,nan,-1,-1,-1,680,16,680,55,packages\slick-carousel\slick\slick.js,0,1613
2472,MemberExpression,nan,-1,-1,-1,614,13,614,33,packages\slick-carousel\slick\slick.js,0,1614
2473,MemberExpression,nan,-1,-1,-1,615,12,615,39,packages\slick-carousel\slick\slick.js,0,1615
2474,MemberExpression,nan,-1,-1,-1,616,12,616,32,packages\slick-carousel\slick\slick.js,0,1616
2476,CallExpression,nan,0,-1,-1,695,12,695,34,packages\slick-carousel\slick\slick.js,0,1617
2477,AssignmentExpression,nan,-1,-1,-1,700,12,700,43,packages\slick-carousel\slick\slick.js,0,1618
2479,MemberExpression,nan,-1,-1,-1,699,12,699,22,packages\slick-carousel\slick\slick.js,0,1619
2483,Identifier,unevenOffset,-1,-1,-1,704,22,704,34,packages\slick-carousel\slick\slick.js,0,1620
2484,MemberExpression,nan,-1,-1,-1,741,21,741,42,packages\slick-carousel\slick\slick.js,0,1621
2485,AssignmentExpression,nan,-1,-1,-1,744,12,744,53,packages\slick-carousel\slick\slick.js,0,1622
2486,CallExpression,nan,2,-1,-1,764,12,767,72,packages\slick-carousel\slick\slick.js,0,1623
2487,BlockStatement,nan,-1,-1,-1,769,50,771,13,packages\slick-carousel\slick\slick.js,0,1624
2489,MemberExpression,nan,-1,-1,-1,762,30,762,37,packages\slick-carousel\slick\slick.js,0,1625
2491,LogicalExpression,nan,-1,-1,-1,777,12,777,74,packages\slick-carousel\slick\slick.js,0,1626
2492,LogicalExpression,nan,-1,-1,-1,778,12,778,74,packages\slick-carousel\slick\slick.js,0,1627
2493,BlockStatement,nan,-1,-1,-1,780,50,783,13,packages\slick-carousel\slick\slick.js,0,1628
2495,MemberExpression,nan,-1,-1,-1,776,12,776,28,packages\slick-carousel\slick\slick.js,0,1629
2497,MemberExpression,nan,-1,-1,-1,776,41,776,53,packages\slick-carousel\slick\slick.js,0,1630
2498,MemberExpression,nan,-1,-1,-1,776,56,776,78,packages\slick-carousel\slick\slick.js,0,1631
2499,CallExpression,nan,2,-1,-1,798,12,798,54,packages\slick-carousel\slick\slick.js,0,1632
2500,CallExpression,nan,2,-1,-1,802,12,802,75,packages\slick-carousel\slick\slick.js,0,1633
2502,MemberExpression,nan,-1,-1,-1,805,57,805,70,packages\slick-carousel\slick\slick.js,0,1634
2504,MemberExpression,nan,-1,-1,-1,807,46,807,59,packages\slick-carousel\slick\slick.js,0,1635
2506,MemberExpression,nan,-1,-1,-1,811,44,811,57,packages\slick-carousel\slick\slick.js,0,1636
2507,MemberExpression,nan,-1,-1,-1,819,48,819,59,packages\slick-carousel\slick\slick.js,0,1637
2508,Identifier,_,-1,-1,-1,819,61,819,62,packages\slick-carousel\slick\slick.js,0,1638
2510,MemberExpression,nan,-1,-1,-1,819,40,819,47,packages\slick-carousel\slick\slick.js,0,1639
2511,MemberExpression,nan,-1,-1,-1,820,48,820,59,packages\slick-carousel\slick\slick.js,0,1640
2512,Identifier,_,-1,-1,-1,820,61,820,62,packages\slick-carousel\slick\slick.js,0,1641
2514,MemberExpression,nan,-1,-1,-1,820,40,820,47,packages\slick-carousel\slick\slick.js,0,1642
2515,AssignmentExpression,nan,-1,-1,-1,829,12,829,60,packages\slick-carousel\slick\slick.js,0,1643
2516,CallExpression,nan,1,-1,-1,830,12,830,46,packages\slick-carousel\slick\slick.js,0,1644
2517,CallExpression,nan,1,-1,-1,831,12,831,52,packages\slick-carousel\slick\slick.js,0,1645
2518,CallExpression,nan,0,-1,-1,841,12,841,44,packages\slick-carousel\slick\slick.js,0,1646
2519,CallExpression,nan,0,-1,-1,842,12,842,35,packages\slick-carousel\slick\slick.js,0,1647
2520,CallExpression,nan,0,-1,-1,843,12,843,34,packages\slick-carousel\slick\slick.js,0,1648
2521,CallExpression,nan,0,-1,-1,861,12,861,28,packages\slick-carousel\slick\slick.js,0,1649
2522,CallExpression,nan,2,-1,-1,866,12,869,34,packages\slick-carousel\slick\slick.js,0,1650
2523,BlockStatement,nan,-1,-1,-1,871,57,873,13,packages\slick-carousel\slick\slick.js,0,1651
2524,CallExpression,nan,1,-1,-1,871,17,871,55,packages\slick-carousel\slick\slick.js,0,1652
2525,CallExpression,nan,2,-1,-1,878,12,881,34,packages\slick-carousel\slick\slick.js,0,1653
2526,BlockStatement,nan,-1,-1,-1,883,57,885,13,packages\slick-carousel\slick\slick.js,0,1654
2527,CallExpression,nan,1,-1,-1,883,17,883,55,packages\slick-carousel\slick\slick.js,0,1655
2528,CallExpression,nan,1,-1,-1,891,12,897,18,packages\slick-carousel\slick\slick.js,0,1656
2529,CallExpression,nan,0,-1,-1,899,12,899,63,packages\slick-carousel\slick\slick.js,0,1657
2530,CallExpression,nan,0,-1,-1,901,12,901,34,packages\slick-carousel\slick\slick.js,0,1658
2531,CallExpression,nan,0,-1,-1,903,12,903,28,packages\slick-carousel\slick\slick.js,0,1659
2532,CallExpression,nan,1,-1,-1,905,12,905,39,packages\slick-carousel\slick\slick.js,0,1660
2533,CallExpression,nan,2,-1,-1,917,12,917,45,packages\slick-carousel\slick\slick.js,0,1661
2534,CallExpression,nan,1,-1,-1,930,12,930,41,packages\slick-carousel\slick\slick.js,0,1662
2535,CallExpression,nan,1,-1,-1,943,12,945,14,packages\slick-carousel\slick\slick.js,0,1663
2536,CallExpression,nan,4,-1,-1,947,12,949,59,packages\slick-carousel\slick\slick.js,0,1664
2537,CallExpression,nan,3,-1,-1,979,12,982,49,packages\slick-carousel\slick\slick.js,0,1665
2543,Identifier,filter,-1,-1,-1,1001,12,1001,18,packages\slick-carousel\slick\slick.js,0,1666
2545,Identifier,event,-1,-1,-1,1042,25,1042,30,packages\slick-carousel\slick\slick.js,0,1667
2547,BlockStatement,nan,-1,-1,-1,1042,32,1050,17,packages\slick-carousel\slick\slick.js,0,1668
2548,BlockStatement,nan,-1,-1,-1,1070,56,1072,13,packages\slick-carousel\slick\slick.js,0,1669
2551,MemberExpression,nan,-1,-1,-1,1105,25,1105,54,packages\slick-carousel\slick\slick.js,0,1670
2552,BlockStatement,nan,-1,-1,-1,1108,55,1120,13,packages\slick-carousel\slick\slick.js,0,1671
2554,BlockStatement,nan,-1,-1,-1,1121,63,1131,13,packages\slick-carousel\slick\slick.js,0,1672
2556,AssignmentExpression,nan,-1,-1,-1,1140,12,1140,29,packages\slick-carousel\slick\slick.js,0,1673
2557,AssignmentExpression,nan,-1,-1,-1,1141,12,1141,30,packages\slick-carousel\slick\slick.js,0,1674
2558,AssignmentExpression,nan,-1,-1,-1,1145,12,1145,123,packages\slick-carousel\slick\slick.js,0,1675
2559,MemberExpression,nan,-1,-1,-1,1144,12,1144,32,packages\slick-carousel\slick\slick.js,0,1676
2561,MemberExpression,nan,-1,-1,-1,1144,45,1144,57,packages\slick-carousel\slick\slick.js,0,1677
2562,MemberExpression,nan,-1,-1,-1,1144,61,1144,83,packages\slick-carousel\slick\slick.js,0,1678
2563,AssignmentExpression,nan,-1,-1,-1,1154,12,1154,75,packages\slick-carousel\slick\slick.js,0,1679
2564,BlockStatement,nan,-1,-1,-1,1161,88,1163,13,packages\slick-carousel\slick\slick.js,0,1680
2565,LogicalExpression,nan,-1,-1,-1,1161,16,1161,86,packages\slick-carousel\slick\slick.js,0,1681
2566,BlockStatement,nan,-1,-1,-1,1167,40,1173,13,packages\slick-carousel\slick\slick.js,0,1682
2568,BlockStatement,nan,-1,-1,-1,1177,47,1195,13,packages\slick-carousel\slick\slick.js,0,1683
2570,AssignmentExpression,nan,-1,-1,-1,1219,12,1219,30,packages\slick-carousel\slick\slick.js,0,1684
2571,CallExpression,nan,1,-1,-1,1227,12,1227,36,packages\slick-carousel\slick\slick.js,0,1685
2572,AssignmentExpression,nan,-1,-1,-1,1228,12,1228,59,packages\slick-carousel\slick\slick.js,0,1686
2573,AssignmentExpression,nan,-1,-1,-1,1229,12,1229,125,packages\slick-carousel\slick\slick.js,0,1687
2574,CallExpression,nan,1,-1,-1,1247,55,1247,86,packages\slick-carousel\slick\slick.js,0,1688
2577,Identifier,centerOffset,-1,-1,-1,1248,43,1248,55,packages\slick-carousel\slick\slick.js,0,1689
2578,CallExpression,nan,1,-1,-1,1252,12,1267,14,packages\slick-carousel\slick\slick.js,0,1690
2579,AssignmentExpression,nan,-1,-1,-1,1269,12,1269,101,packages\slick-carousel\slick\slick.js,0,1691
2580,Identifier,slidesTraversed,-1,-1,-1,1271,19,1271,34,packages\slick-carousel\slick\slick.js,0,1692
2581,ObjectExpression,nan,-1,-1,-1,1283,22,1288,9,packages\slick-carousel\slick\slick.js,0,1693
2582,Identifier,dontAnimate,-1,-1,-1,1288,11,1288,22,packages\slick-carousel\slick\slick.js,0,1694
2583,MemberExpression,nan,-1,-1,-1,1283,8,1283,21,packages\slick-carousel\slick\slick.js,0,1695
2584,CallExpression,nan,1,-1,-1,1298,12,1298,54,packages\slick-carousel\slick\slick.js,0,1696
2585,CallExpression,nan,0,-1,-1,1300,12,1300,25,packages\slick-carousel\slick\slick.js,0,1697
2586,CallExpression,nan,0,-1,-1,1301,12,1301,24,packages\slick-carousel\slick\slick.js,0,1698
2587,CallExpression,nan,0,-1,-1,1302,12,1302,24,packages\slick-carousel\slick\slick.js,0,1699
2588,CallExpression,nan,0,-1,-1,1303,12,1303,25,packages\slick-carousel\slick\slick.js,0,1700
2589,CallExpression,nan,0,-1,-1,1304,12,1304,26,packages\slick-carousel\slick\slick.js,0,1701
2590,CallExpression,nan,0,-1,-1,1305,12,1305,32,packages\slick-carousel\slick\slick.js,0,1702
2591,CallExpression,nan,0,-1,-1,1306,12,1306,28,packages\slick-carousel\slick\slick.js,0,1703
2592,CallExpression,nan,0,-1,-1,1307,12,1307,26,packages\slick-carousel\slick\slick.js,0,1704
2593,CallExpression,nan,1,-1,-1,1308,12,1308,35,packages\slick-carousel\slick\slick.js,0,1705
2594,CallExpression,nan,0,-1,-1,1309,12,1309,28,packages\slick-carousel\slick\slick.js,0,1706
2596,MemberExpression,nan,-1,-1,-1,1296,13,1296,34,packages\slick-carousel\slick\slick.js,0,1707
2597,CallExpression,nan,2,-1,-1,1314,12,1314,42,packages\slick-carousel\slick\slick.js,0,1708
2598,CallExpression,nan,0,-1,-1,1318,12,1318,23,packages\slick-carousel\slick\slick.js,0,1709
2599,AssignmentExpression,nan,-1,-1,-1,1323,12,1323,28,packages\slick-carousel\slick\slick.js,0,1710
2600,CallExpression,nan,0,-1,-1,1324,12,1324,24,packages\slick-carousel\slick\slick.js,0,1711
2601,CallExpression,nan,1,-1,-1,1345,12,1362,14,packages\slick-carousel\slick\slick.js,0,1712
2602,CallExpression,nan,0,-1,-1,1364,12,1383,20,packages\slick-carousel\slick\slick.js,0,1713
2603,BlockStatement,nan,-1,-1,-1,1387,39,1389,11,packages\slick-carousel\slick\slick.js,0,1714
2604,MemberExpression,nan,-1,-1,-1,1387,14,1387,37,packages\slick-carousel\slick\slick.js,0,1715
2605,CallExpression,nan,3,-1,-1,1403,12,1407,32,packages\slick-carousel\slick\slick.js,0,1716
2606,CallExpression,nan,3,-1,-1,1408,12,1412,32,packages\slick-carousel\slick\slick.js,0,1717
2607,BlockStatement,nan,-1,-1,-1,1414,50,1417,13,packages\slick-carousel\slick\slick.js,0,1718
2609,MemberExpression,nan,-1,-1,-1,1402,12,1402,28,packages\slick-carousel\slick\slick.js,0,1719
2611,MemberExpression,nan,-1,-1,-1,1402,41,1402,53,packages\slick-carousel\slick\slick.js,0,1720
2612,MemberExpression,nan,-1,-1,-1,1402,56,1402,78,packages\slick-carousel\slick\slick.js,0,1721
2613,CallExpression,nan,3,-1,-1,1427,12,1429,29,packages\slick-carousel\slick\slick.js,0,1722
2614,BlockStatement,nan,-1,-1,-1,1431,50,1433,13,packages\slick-carousel\slick\slick.js,0,1723
2616,MemberExpression,nan,-1,-1,-1,1426,12,1426,26,packages\slick-carousel\slick\slick.js,0,1724
2618,MemberExpression,nan,-1,-1,-1,1426,39,1426,51,packages\slick-carousel\slick\slick.js,0,1725
2619,MemberExpression,nan,-1,-1,-1,1426,54,1426,76,packages\slick-carousel\slick\slick.js,0,1726
2620,CallExpression,nan,2,-1,-1,1438,12,1440,71,packages\slick-carousel\slick\slick.js,0,1727
2623,MemberExpression,nan,-1,-1,-1,1436,78,1436,90,packages\slick-carousel\slick\slick.js,0,1728
2624,MemberExpression,nan,-1,-1,-1,1436,93,1436,115,packages\slick-carousel\slick\slick.js,0,1729
2625,CallExpression,nan,2,-1,-1,1452,12,1452,73,packages\slick-carousel\slick\slick.js,0,1730
2626,CallExpression,nan,2,-1,-1,1453,12,1453,74,packages\slick-carousel\slick\slick.js,0,1731
2627,MemberExpression,nan,-1,-1,-1,1483,51,1483,63,packages\slick-carousel\slick\slick.js,0,1732
2628,Identifier,_,-1,-1,-1,1483,65,1483,66,packages\slick-carousel\slick\slick.js,0,1733
2629,MemberExpression,nan,-1,-1,-1,1483,43,1483,50,packages\slick-carousel\slick\slick.js,0,1734
2630,CallExpression,nan,2,-1,-1,1486,12,1486,53,packages\slick-carousel\slick\slick.js,0,1735
2631,CallExpression,nan,2,-1,-1,1490,12,1490,74,packages\slick-carousel\slick\slick.js,0,1736
2633,MemberExpression,nan,-1,-1,-1,1493,56,1493,69,packages\slick-carousel\slick\slick.js,0,1737
2634,MemberExpression,nan,-1,-1,-1,1493,79,1493,98,packages\slick-carousel\slick\slick.js,0,1738
2635,Identifier,_,-1,-1,-1,1493,100,1493,101,packages\slick-carousel\slick\slick.js,0,1739
2636,MemberExpression,nan,-1,-1,-1,1493,71,1493,78,packages\slick-carousel\slick\slick.js,0,1740
2638,MemberExpression,nan,-1,-1,-1,1495,45,1495,58,packages\slick-carousel\slick\slick.js,0,1741
2639,MemberExpression,nan,-1,-1,-1,1495,68,1495,76,packages\slick-carousel\slick\slick.js,0,1742
2640,Identifier,_,-1,-1,-1,1495,78,1495,79,packages\slick-carousel\slick\slick.js,0,1743
2641,MemberExpression,nan,-1,-1,-1,1495,60,1495,67,packages\slick-carousel\slick\slick.js,0,1744
2643,MemberExpression,nan,-1,-1,-1,1499,43,1499,56,packages\slick-carousel\slick\slick.js,0,1745
2644,CallExpression,nan,0,-1,-1,1510,12,1510,31,packages\slick-carousel\slick\slick.js,0,1746
2645,CallExpression,nan,0,-1,-1,1511,12,1511,31,packages\slick-carousel\slick\slick.js,0,1747
2646,MemberExpression,nan,-1,-1,-1,1508,12,1508,28,packages\slick-carousel\slick\slick.js,0,1748
2648,MemberExpression,nan,-1,-1,-1,1508,41,1508,53,packages\slick-carousel\slick\slick.js,0,1749
2649,MemberExpression,nan,-1,-1,-1,1508,56,1508,78,packages\slick-carousel\slick\slick.js,0,1750
2650,CallExpression,nan,0,-1,-1,1517,12,1517,26,packages\slick-carousel\slick\slick.js,0,1751
2651,MemberExpression,nan,-1,-1,-1,1515,12,1515,26,packages\slick-carousel\slick\slick.js,0,1752
2653,MemberExpression,nan,-1,-1,-1,1515,39,1515,51,packages\slick-carousel\slick\slick.js,0,1753
2654,MemberExpression,nan,-1,-1,-1,1515,54,1515,76,packages\slick-carousel\slick\slick.js,0,1754
2655,BlockStatement,nan,-1,-1,-1,1528,74,1534,13,packages\slick-carousel\slick\slick.js,0,1755
2656,LogicalExpression,nan,-1,-1,-1,1528,16,1528,72,packages\slick-carousel\slick\slick.js,0,1756
2658,MemberExpression,nan,-1,-1,-1,1527,12,1527,38,packages\slick-carousel\slick\slick.js,0,1757
2659,CallExpression,nan,1,-1,-1,1552,12,1600,14,packages\slick-carousel\slick\slick.js,0,1758
2660,BlockStatement,nan,-1,-1,-1,1605,45,1608,13,packages\slick-carousel\slick\slick.js,0,1759
2662,Identifier,rangeStart,-1,-1,-1,1621,57,1621,67,packages\slick-carousel\slick\slick.js,0,1760
2663,Identifier,rangeEnd,-1,-1,-1,1621,69,1621,77,packages\slick-carousel\slick\slick.js,0,1761
2664,MemberExpression,nan,-1,-1,-1,1621,20,1621,56,packages\slick-carousel\slick\slick.js,0,1762
2666,BlockStatement,nan,-1,-1,-1,1628,63,1634,13,packages\slick-carousel\slick\slick.js,0,1763
2667,AssignmentExpression,nan,-1,-1,-1,1640,12,1640,55,packages\slick-carousel\slick\slick.js,0,1764
2668,CallExpression,nan,1,-1,-1,1641,12,1641,34,packages\slick-carousel\slick\slick.js,0,1765
2669,CallExpression,nan,0,-1,-1,1668,12,1668,35,packages\slick-carousel\slick\slick.js,0,1766
2670,ObjectExpression,nan,-1,-1,-1,1677,22,1681,9,packages\slick-carousel\slick\slick.js,0,1767
2671,MemberExpression,nan,-1,-1,-1,1677,8,1677,21,packages\slick-carousel\slick\slick.js,0,1768
2672,MemberExpression,nan,-1,-1,-1,1698,8,1698,23,packages\slick-carousel\slick\slick.js,0,1769
2673,MemberExpression,nan,-1,-1,-1,1699,8,1699,16,packages\slick-carousel\slick\slick.js,0,1770
2675,MemberExpression,nan,-1,-1,-1,1707,8,1707,18,packages\slick-carousel\slick\slick.js,0,1771
2676,MemberExpression,nan,-1,-1,-1,1708,8,1708,26,packages\slick-carousel\slick\slick.js,0,1772
2678,MemberExpression,nan,-1,-1,-1,1709,8,1709,16,packages\slick-carousel\slick\slick.js,0,1773
2680,MemberExpression,nan,-1,-1,-1,1710,8,1710,18,packages\slick-carousel\slick\slick.js,0,1774
2682,MemberExpression,nan,-1,-1,-1,1711,8,1711,21,packages\slick-carousel\slick\slick.js,0,1775
2684,CallExpression,nan,2,-1,-1,1721,12,1721,56,packages\slick-carousel\slick\slick.js,0,1776
2685,AssignmentExpression,nan,-1,-1,-1,1723,12,1723,31,packages\slick-carousel\slick\slick.js,0,1777
2686,BlockStatement,nan,-1,-1,-1,1725,55,1727,13,packages\slick-carousel\slick\slick.js,0,1778
2688,AssignmentExpression,nan,-1,-1,-1,1729,12,1729,30,packages\slick-carousel\slick\slick.js,0,1779
2689,BlockStatement,nan,-1,-1,-1,1731,38,1733,13,packages\slick-carousel\slick\slick.js,0,1780
2690,MemberExpression,nan,-1,-1,-1,1731,17,1731,35,packages\slick-carousel\slick\slick.js,0,1781
2691,BlockStatement,nan,-1,-1,-1,1735,50,1742,13,packages\slick-carousel\slick\slick.js,0,1782
2693,ObjectExpression,nan,-1,-1,-1,1752,22,1756,9,packages\slick-carousel\slick\slick.js,0,1783
2694,MemberExpression,nan,-1,-1,-1,1752,8,1752,21,packages\slick-carousel\slick\slick.js,0,1784
2695,Identifier,tryCount,-1,-1,-1,1768,19,1768,27,packages\slick-carousel\slick\slick.js,0,1785
2697,AssignmentExpression,nan,-1,-1,-1,1780,12,1780,39,packages\slick-carousel\slick\slick.js,0,1786
2698,AssignmentExpression,nan,-1,-1,-1,1781,12,1781,49,packages\slick-carousel\slick\slick.js,0,1787
2699,AssignmentExpression,nan,-1,-1,-1,1782,12,1782,51,packages\slick-carousel\slick\slick.js,0,1788
2700,AssignmentExpression,nan,-1,-1,-1,1783,12,1783,82,packages\slick-carousel\slick\slick.js,0,1789
2701,AssignmentExpression,nan,-1,-1,-1,1784,12,1784,55,packages\slick-carousel\slick\slick.js,0,1790
2702,AssignmentExpression,nan,-1,-1,-1,1786,12,1810,13,packages\slick-carousel\slick\slick.js,0,1791
2703,AssignmentExpression,nan,-1,-1,-1,1812,12,1838,13,packages\slick-carousel\slick\slick.js,0,1792
2704,AssignmentExpression,nan,-1,-1,-1,1840,12,1840,41,packages\slick-carousel\slick\slick.js,0,1793
2705,MemberExpression,nan,-1,-1,-1,1854,27,1854,39,packages\slick-carousel\slick\slick.js,0,1794
2706,MemberExpression,nan,-1,-1,-1,1854,42,1854,64,packages\slick-carousel\slick\slick.js,0,1795
2707,AssignmentExpression,nan,-1,-1,-1,1859,12,1859,45,packages\slick-carousel\slick\slick.js,0,1796
2708,MemberExpression,nan,-1,-1,-1,1858,13,1858,31,packages\slick-carousel\slick\slick.js,0,1797
2709,MemberExpression,nan,-1,-1,-1,1858,37,1858,51,packages\slick-carousel\slick\slick.js,0,1798
2710,Identifier,lastVisibleIndex,-1,-1,-1,1858,54,1858,70,packages\slick-carousel\slick\slick.js,0,1799
2711,AssignmentExpression,nan,-1,-1,-1,1864,12,1864,30,packages\slick-carousel\slick\slick.js,0,1800
2712,CallExpression,nan,2,-1,-1,1878,12,1883,21,packages\slick-carousel\slick\slick.js,0,1801
2713,AssignmentExpression,nan,-1,-1,-1,1896,12,1896,57,packages\slick-carousel\slick\slick.js,0,1802
2714,Identifier,breakpoint,-1,-1,-1,1898,18,1898,28,packages\slick-carousel\slick\slick.js,0,1803
2715,Identifier,responsiveSettings,-1,-1,-1,1898,32,1898,50,packages\slick-carousel\slick\slick.js,0,1804
2716,BlockStatement,nan,-1,-1,-1,1898,53,1919,13,packages\slick-carousel\slick\slick.js,0,1805
2717,CallExpression,nan,1,-1,-1,1921,12,1923,14,packages\slick-carousel\slick\slick.js,0,1806
2718,Identifier,responsiveSettings,-1,-1,-1,1894,27,1894,45,packages\slick-carousel\slick\slick.js,0,1807
2719,MemberExpression,nan,-1,-1,-1,1894,13,1894,26,packages\slick-carousel\slick\slick.js,0,1808
2721,MemberExpression,nan,-1,-1,-1,1934,12,1936,25,packages\slick-carousel\slick\slick.js,0,1809
2722,AssignmentExpression,nan,-1,-1,-1,1941,12,1941,70,packages\slick-carousel\slick\slick.js,0,1810
2723,MemberExpression,nan,-1,-1,-1,1940,12,1940,26,packages\slick-carousel\slick\slick.js,0,1811
2724,MemberExpression,nan,-1,-1,-1,1940,30,1940,42,packages\slick-carousel\slick\slick.js,0,1812
2725,MemberExpression,nan,-1,-1,-1,1940,46,1940,60,packages\slick-carousel\slick\slick.js,0,1813
2727,AssignmentExpression,nan,-1,-1,-1,1945,12,1945,30,packages\slick-carousel\slick\slick.js,0,1814
2728,CallExpression,nan,2,-1,-1,1964,12,1964,74,packages\slick-carousel\slick\slick.js,0,1815
2729,MemberExpression,nan,-1,-1,-1,1967,63,1967,77,packages\slick-carousel\slick\slick.js,0,1816
2731,MemberExpression,nan,-1,-1,-1,1972,20,1972,38,packages\slick-carousel\slick\slick.js,0,1817
2732,CallExpression,nan,1,-1,-1,1984,12,1984,39,packages\slick-carousel\slick\slick.js,0,1818
2733,AssignmentExpression,nan,-1,-1,-1,1985,12,1989,18,packages\slick-carousel\slick\slick.js,0,1819
2734,MemberExpression,nan,-1,-1,-1,1983,12,1983,27,packages\slick-carousel\slick\slick.js,0,1820
2737,UnaryExpression,nan,1,-1,-1,1997,12,1997,25,packages\slick-carousel\slick\slick.js,0,1821
2739,ReturnStatement,nan,1,-1,-1,2005,12,2005,25,packages\slick-carousel\slick\slick.js,0,1822
2740,LogicalExpression,nan,-1,-1,-1,2004,12,2004,41,packages\slick-carousel\slick\slick.js,0,1823
2742,MemberExpression,nan,-1,-1,-1,2008,8,2008,16,packages\slick-carousel\slick\slick.js,0,1824
2744,Identifier,removeAll,-1,-1,-1,2010,12,2010,21,packages\slick-carousel\slick\slick.js,0,1825
2746,MemberExpression,nan,-1,-1,-1,2016,8,2016,17,packages\slick-carousel\slick\slick.js,0,1826
2747,CallExpression,nan,1,-1,-1,2016,20,2016,62,packages\slick-carousel\slick\slick.js,0,1827
2748,MemberExpression,nan,-1,-1,-1,2018,8,2018,57,packages\slick-carousel\slick\slick.js,0,1828
2749,MemberExpression,nan,-1,-1,-1,2020,29,2020,38,packages\slick-carousel\slick\slick.js,0,1829
2750,MemberExpression,nan,-1,-1,-1,2020,8,2020,28,packages\slick-carousel\slick\slick.js,0,1830
2751,MemberExpression,nan,-1,-1,-1,2022,8,2022,22,packages\slick-carousel\slick\slick.js,0,1831
2752,MemberExpression,nan,-1,-1,-1,2022,25,2022,34,packages\slick-carousel\slick\slick.js,0,1832
2753,MemberExpression,nan,-1,-1,-1,2024,8,2024,16,packages\slick-carousel\slick\slick.js,0,1833
2754,AssignmentExpression,nan,-1,-1,-1,2035,12,2035,32,packages\slick-carousel\slick\slick.js,0,1834
2759,CallExpression,nan,1,-1,-1,2043,12,2043,44,packages\slick-carousel\slick\slick.js,0,1835
2760,BlockStatement,nan,-1,-1,-1,2062,47,2066,13,packages\slick-carousel\slick\slick.js,0,1836
2762,MemberExpression,nan,-1,-1,-1,2076,22,2076,35,packages\slick-carousel\slick\slick.js,0,1837
2763,MemberExpression,nan,-1,-1,-1,2077,23,2077,37,packages\slick-carousel\slick\slick.js,0,1838
2764,AssignmentExpression,nan,-1,-1,-1,2081,12,2081,74,packages\slick-carousel\slick\slick.js,0,1839
2765,CallExpression,nan,1,-1,-1,2082,12,2082,106,packages\slick-carousel\slick\slick.js,0,1840
2766,MemberExpression,nan,-1,-1,-1,2080,12,2080,30,packages\slick-carousel\slick\slick.js,0,1841
2768,MemberExpression,nan,-1,-1,-1,2080,44,2080,67,packages\slick-carousel\slick\slick.js,0,1842
2771,MemberExpression,nan,-1,-1,-1,2092,47,2092,91,packages\slick-carousel\slick\slick.js,0,1843
2772,Identifier,index,-1,-1,-1,2101,32,2101,37,packages\slick-carousel\slick\slick.js,0,1844
2773,Identifier,element,-1,-1,-1,2101,39,2101,46,packages\slick-carousel\slick\slick.js,0,1845
2775,BlockStatement,nan,-1,-1,-1,2101,48,2120,9,packages\slick-carousel\slick\slick.js,0,1846
2776,CallExpression,nan,2,-1,-1,2135,12,2135,54,packages\slick-carousel\slick\slick.js,0,1847
2779,MemberExpression,nan,-1,-1,-1,2133,81,2133,99,packages\slick-carousel\slick\slick.js,0,1848
2784,MemberExpression,nan,-1,-1,-1,2158,29,2158,41,packages\slick-carousel\slick\slick.js,0,1849
2785,MemberExpression,nan,-1,-1,-1,2158,12,2158,27,packages\slick-carousel\slick\slick.js,0,1850
2787,Identifier,type,-1,-1,-1,2182,13,2182,17,packages\slick-carousel\slick\slick.js,0,1851
2791,CallExpression,nan,1,-1,-1,2247,12,2247,47,packages\slick-carousel\slick\slick.js,0,1852
2794,CallExpression,nan,1,-1,-1,2264,12,2264,48,packages\slick-carousel\slick\slick.js,0,1853
2795,BlockStatement,nan,-1,-1,-1,2272,43,2274,13,packages\slick-carousel\slick\slick.js,0,1854
2799,MemberExpression,nan,-1,-1,-1,2271,12,2271,34,packages\slick-carousel\slick\slick.js,0,1855
2800,Identifier,undefined,-1,-1,-1,2271,39,2271,48,packages\slick-carousel\slick\slick.js,0,1856
2801,BlockStatement,nan,-1,-1,-1,2278,56,2282,13,packages\slick-carousel\slick\slick.js,0,1857
2803,AssignmentExpression,nan,-1,-1,-1,2288,12,2288,37,packages\slick-carousel\slick\slick.js,0,1858
2804,AssignmentExpression,nan,-1,-1,-1,2289,12,2289,44,packages\slick-carousel\slick\slick.js,0,1859
2805,AssignmentExpression,nan,-1,-1,-1,2290,12,2290,44,packages\slick-carousel\slick\slick.js,0,1860
2807,LogicalExpression,nan,-1,-1,-1,2291,16,2291,104,packages\slick-carousel\slick\slick.js,0,1861
2808,AssignmentExpression,nan,-1,-1,-1,2294,12,2294,39,packages\slick-carousel\slick\slick.js,0,1862
2809,AssignmentExpression,nan,-1,-1,-1,2295,12,2295,46,packages\slick-carousel\slick\slick.js,0,1863
2810,AssignmentExpression,nan,-1,-1,-1,2296,12,2296,46,packages\slick-carousel\slick\slick.js,0,1864
2812,LogicalExpression,nan,-1,-1,-1,2297,16,2297,101,packages\slick-carousel\slick\slick.js,0,1865
2813,AssignmentExpression,nan,-1,-1,-1,2300,12,2300,42,packages\slick-carousel\slick\slick.js,0,1866
2814,AssignmentExpression,nan,-1,-1,-1,2301,12,2301,49,packages\slick-carousel\slick\slick.js,0,1867
2815,AssignmentExpression,nan,-1,-1,-1,2302,12,2302,49,packages\slick-carousel\slick\slick.js,0,1868
2817,LogicalExpression,nan,-1,-1,-1,2303,16,2303,104,packages\slick-carousel\slick\slick.js,0,1869
2818,AssignmentExpression,nan,-1,-1,-1,2306,12,2306,38,packages\slick-carousel\slick\slick.js,0,1870
2819,AssignmentExpression,nan,-1,-1,-1,2307,12,2307,45,packages\slick-carousel\slick\slick.js,0,1871
2820,AssignmentExpression,nan,-1,-1,-1,2308,12,2308,45,packages\slick-carousel\slick\slick.js,0,1872
2823,AssignmentExpression,nan,-1,-1,-1,2312,12,2312,36,packages\slick-carousel\slick\slick.js,0,1873
2824,AssignmentExpression,nan,-1,-1,-1,2313,12,2313,41,packages\slick-carousel\slick\slick.js,0,1874
2825,AssignmentExpression,nan,-1,-1,-1,2314,12,2314,43,packages\slick-carousel\slick\slick.js,0,1875
2826,MemberExpression,nan,-1,-1,-1,2311,12,2311,31,packages\slick-carousel\slick\slick.js,0,1876
2827,Identifier,undefined,-1,-1,-1,2311,36,2311,45,packages\slick-carousel\slick\slick.js,0,1877
2828,MemberExpression,nan,-1,-1,-1,2311,49,2311,59,packages\slick-carousel\slick\slick.js,0,1878
2830,MemberExpression,nan,-1,-1,-1,2316,30,2316,52,packages\slick-carousel\slick\slick.js,0,1879
2831,LogicalExpression,nan,-1,-1,-1,2316,57,2316,100,packages\slick-carousel\slick\slick.js,0,1880
2834,MemberExpression,nan,-1,-1,-1,2325,20,2328,17,packages\slick-carousel\slick\slick.js,0,1881
2835,BlockStatement,nan,-1,-1,-1,2338,60,2341,13,packages\slick-carousel\slick\slick.js,0,1882
2837,BlockStatement,nan,-1,-1,-1,2346,45,2378,13,packages\slick-carousel\slick\slick.js,0,1883
2839,CallExpression,nan,1,-1,-1,2380,12,2382,41,packages\slick-carousel\slick\slick.js,0,1884
2840,CallExpression,nan,0,-1,-1,2425,12,2425,24,packages\slick-carousel\slick\slick.js,0,1885
2841,MemberExpression,nan,-1,-1,-1,2424,12,2424,30,packages\slick-carousel\slick\slick.js,0,1886
2843,MemberExpression,nan,-1,-1,-1,2424,49,2424,67,packages\slick-carousel\slick\slick.js,0,1887
2845,AssignmentExpression,nan,-1,-1,-1,2435,12,2435,40,packages\slick-carousel\slick\slick.js,0,1888
2846,AssignmentExpression,nan,-1,-1,-1,2440,12,2440,29,packages\slick-carousel\slick\slick.js,0,1889
2847,BlockStatement,nan,-1,-1,-1,2442,55,2467,13,packages\slick-carousel\slick\slick.js,0,1890
2849,MemberExpression,nan,-1,-1,-1,2438,12,2438,30,packages\slick-carousel\slick\slick.js,0,1891
2851,MemberExpression,nan,-1,-1,-1,2438,43,2438,57,packages\slick-carousel\slick\slick.js,0,1892
2853,CallExpression,nan,0,-1,-1,2478,12,2478,24,packages\slick-carousel\slick\slick.js,0,1893
2854,Identifier,index,-1,-1,-1,2495,20,2495,25,packages\slick-carousel\slick\slick.js,0,1894
2856,CallExpression,nan,3,-1,-1,2499,12,2499,46,packages\slick-carousel\slick\slick.js,0,1895
2857,Identifier,sync,-1,-1,-1,2513,15,2513,19,packages\slick-carousel\slick\slick.js,0,1896
2859,MemberExpression,nan,-1,-1,-1,2515,12,2515,23,packages\slick-carousel\slick\slick.js,0,1897
2861,MemberExpression,nan,-1,-1,-1,2515,36,2515,60,packages\slick-carousel\slick\slick.js,0,1898
2863,MemberExpression,nan,-1,-1,-1,2519,12,2519,26,packages\slick-carousel\slick\slick.js,0,1899
2865,MemberExpression,nan,-1,-1,-1,2519,39,2519,53,packages\slick-carousel\slick\slick.js,0,1900
2866,Identifier,index,-1,-1,-1,2519,58,2519,63,packages\slick-carousel\slick\slick.js,0,1901
2867,CallExpression,nan,1,-1,-1,2524,12,2524,29,packages\slick-carousel\slick\slick.js,0,1902
2868,Identifier,targetSlide,-1,-1,-1,2528,31,2528,42,packages\slick-carousel\slick\slick.js,0,1903
2869,MemberExpression,nan,-1,-1,-1,2528,21,2528,30,packages\slick-carousel\slick\slick.js,0,1904
2870,MemberExpression,nan,-1,-1,-1,2529,30,2529,44,packages\slick-carousel\slick\slick.js,0,1905
2871,MemberExpression,nan,-1,-1,-1,2529,20,2529,29,packages\slick-carousel\slick\slick.js,0,1906
2872,Identifier,slideLeft,-1,-1,-1,2531,47,2531,56,packages\slick-carousel\slick\slick.js,0,1907
2874,BlockStatement,nan,-1,-1,-1,2534,42,2543,13,packages\slick-carousel\slick\slick.js,0,1908
2880,CallExpression,nan,1,-1,-1,2560,12,2560,42,packages\slick-carousel\slick\slick.js,0,1909
2881,BlockStatement,nan,-1,-1,-1,2564,63,2566,13,packages\slick-carousel\slick\slick.js,0,1910
2883,AssignmentExpression,nan,-1,-1,-1,2590,12,2590,40,packages\slick-carousel\slick\slick.js,0,1911
2884,AssignmentExpression,nan,-1,-1,-1,2591,12,2591,51,packages\slick-carousel\slick\slick.js,0,1912
2885,BlockStatement,nan,-1,-1,-1,2593,74,2595,13,packages\slick-carousel\slick\slick.js,0,1913
2887,BlockStatement,nan,-1,-1,-1,2603,38,2611,13,packages\slick-carousel\slick\slick.js,0,1914
2889,CallExpression,nan,0,-1,-1,2614,12,2614,29,packages\slick-carousel\slick\slick.js,0,1915
2890,CallExpression,nan,2,-1,-1,2619,12,2621,14,packages\slick-carousel\slick\slick.js,0,1916
2891,Identifier,dontAnimate,-1,-1,-1,2618,12,2618,23,packages\slick-carousel\slick\slick.js,0,1917
2893,MemberExpression,nan,-1,-1,-1,2618,36,2618,48,packages\slick-carousel\slick\slick.js,0,1918
2894,MemberExpression,nan,-1,-1,-1,2618,51,2618,73,packages\slick-carousel\slick\slick.js,0,1919
2895,CallExpression,nan,0,-1,-1,2634,12,2634,31,packages\slick-carousel\slick\slick.js,0,1920
2896,CallExpression,nan,0,-1,-1,2635,12,2635,31,packages\slick-carousel\slick\slick.js,0,1921
2897,MemberExpression,nan,-1,-1,-1,2632,12,2632,28,packages\slick-carousel\slick\slick.js,0,1922
2899,MemberExpression,nan,-1,-1,-1,2632,41,2632,53,packages\slick-carousel\slick\slick.js,0,1923
2900,MemberExpression,nan,-1,-1,-1,2632,56,2632,78,packages\slick-carousel\slick\slick.js,0,1924
2901,CallExpression,nan,0,-1,-1,2641,12,2641,26,packages\slick-carousel\slick\slick.js,0,1925
2902,MemberExpression,nan,-1,-1,-1,2639,12,2639,26,packages\slick-carousel\slick\slick.js,0,1926
2904,MemberExpression,nan,-1,-1,-1,2639,39,2639,51,packages\slick-carousel\slick\slick.js,0,1927
2905,MemberExpression,nan,-1,-1,-1,2639,54,2639,76,packages\slick-carousel\slick\slick.js,0,1928
2906,MemberExpression,nan,-1,-1,-1,2653,16,2653,36,packages\slick-carousel\slick\slick.js,0,1929
2907,MemberExpression,nan,-1,-1,-1,2653,39,2653,57,packages\slick-carousel\slick\slick.js,0,1930
2908,MemberExpression,nan,-1,-1,-1,2654,16,2654,36,packages\slick-carousel\slick\slick.js,0,1931
2909,MemberExpression,nan,-1,-1,-1,2654,39,2654,57,packages\slick-carousel\slick\slick.js,0,1932
2910,Identifier,yDist,-1,-1,-1,2655,23,2655,28,packages\slick-carousel\slick\slick.js,0,1933
2911,Identifier,xDist,-1,-1,-1,2655,30,2655,35,packages\slick-carousel\slick\slick.js,0,1934
2912,MemberExpression,nan,-1,-1,-1,2655,12,2655,22,packages\slick-carousel\slick\slick.js,0,1935
2914,MemberExpression,nan,-1,-1,-1,2657,21,2657,31,packages\slick-carousel\slick\slick.js,0,1936
2915,AssignmentExpression,nan,-1,-1,-1,2659,12,2659,51,packages\slick-carousel\slick\slick.js,0,1937
2916,ConditionalExpression,nan,-1,-1,-1,2663,20,2663,62,packages\slick-carousel\slick\slick.js,0,1938
2917,Identifier,swipeAngle,-1,-1,-1,2662,13,2662,23,packages\slick-carousel\slick\slick.js,0,1939
2919,Identifier,swipeAngle,-1,-1,-1,2662,35,2662,45,packages\slick-carousel\slick\slick.js,0,1940
2921,ConditionalExpression,nan,-1,-1,-1,2666,20,2666,62,packages\slick-carousel\slick\slick.js,0,1941
2922,Identifier,swipeAngle,-1,-1,-1,2665,13,2665,23,packages\slick-carousel\slick\slick.js,0,1942
2924,Identifier,swipeAngle,-1,-1,-1,2665,36,2665,46,packages\slick-carousel\slick\slick.js,0,1943
2926,ConditionalExpression,nan,-1,-1,-1,2669,20,2669,62,packages\slick-carousel\slick\slick.js,0,1944
2927,Identifier,swipeAngle,-1,-1,-1,2668,13,2668,23,packages\slick-carousel\slick\slick.js,0,1945
2929,Identifier,swipeAngle,-1,-1,-1,2668,36,2668,46,packages\slick-carousel\slick\slick.js,0,1946
2931,BlockStatement,nan,-1,-1,-1,2672,59,2674,13,packages\slick-carousel\slick\slick.js,0,1947
2932,LogicalExpression,nan,-1,-1,-1,2672,16,2672,57,packages\slick-carousel\slick\slick.js,0,1948
2933,AssignmentExpression,nan,-1,-1,-1,2693,12,2693,31,packages\slick-carousel\slick\slick.js,0,1949
2938,CallExpression,nan,2,-1,-1,2705,12,2705,63,packages\slick-carousel\slick\slick.js,0,1950
2939,AssignmentExpression,nan,-1,-1,-1,2710,12,2710,42,packages\slick-carousel\slick\slick.js,0,1951
2940,BlockStatement,nan,-1,-1,-1,2743,42,2749,13,packages\slick-carousel\slick\slick.js,0,1952
2942,MemberExpression,nan,-1,-1,-1,2768,13,2768,28,packages\slick-carousel\slick\slick.js,0,1953
2946,MemberExpression,nan,-1,-1,-1,2775,12,2775,46,packages\slick-carousel\slick\slick.js,0,1954
2947,LogicalExpression,nan,-1,-1,-1,2774,36,2774,100,packages\slick-carousel\slick\slick.js,0,1955
2948,MemberExpression,nan,-1,-1,-1,2777,33,2777,44,packages\slick-carousel\slick\slick.js,0,1956
2949,MemberExpression,nan,-1,-1,-1,2777,47,2778,27,packages\slick-carousel\slick\slick.js,0,1957
2950,AssignmentExpression,nan,-1,-1,-1,2781,12,2782,31,packages\slick-carousel\slick\slick.js,0,1958
2951,MemberExpression,nan,-1,-1,-1,2809,54,2809,81,packages\slick-carousel\slick\slick.js,0,1959
2954,UnaryExpression,nan,1,-1,-1,2811,12,2811,23,packages\slick-carousel\slick\slick.js,0,1960
2955,MemberExpression,nan,-1,-1,-1,2811,27,2811,38,packages\slick-carousel\slick\slick.js,0,1961
2956,Identifier,touches,-1,-1,-1,2811,42,2811,49,packages\slick-carousel\slick\slick.js,0,1962
2958,MemberExpression,nan,-1,-1,-1,2815,28,2815,42,packages\slick-carousel\slick\slick.js,0,1963
2959,MemberExpression,nan,-1,-1,-1,2815,18,2815,27,packages\slick-carousel\slick\slick.js,0,1964
2960,MemberExpression,nan,-1,-1,-1,2817,53,2817,69,packages\slick-carousel\slick\slick.js,0,1965
2962,MemberExpression,nan,-1,-1,-1,2818,53,2818,69,packages\slick-carousel\slick\slick.js,0,1966
2964,CallExpression,nan,1,-1,-1,2820,47,2821,67,packages\slick-carousel\slick\slick.js,0,1967
2965,MemberExpression,nan,-1,-1,-1,2820,36,2820,46,packages\slick-carousel\slick\slick.js,0,1968
2966,CallExpression,nan,1,-1,-1,2823,41,2824,67,packages\slick-carousel\slick\slick.js,0,1969
2967,MemberExpression,nan,-1,-1,-1,2823,30,2823,40,packages\slick-carousel\slick\slick.js,0,1970
2968,AssignmentExpression,nan,-1,-1,-1,2827,12,2827,30,packages\slick-carousel\slick\slick.js,0,1971
2970,UnaryExpression,nan,1,-1,-1,2826,12,2826,38,packages\slick-carousel\slick\slick.js,0,1972
2971,UnaryExpression,nan,1,-1,-1,2826,42,2826,52,packages\slick-carousel\slick\slick.js,0,1973
2972,Identifier,verticalSwipeLength,-1,-1,-1,2826,56,2826,75,packages\slick-carousel\slick\slick.js,0,1974
2974,AssignmentExpression,nan,-1,-1,-1,2832,12,2832,59,packages\slick-carousel\slick\slick.js,0,1975
2975,MemberExpression,nan,-1,-1,-1,2835,25,2835,41,packages\slick-carousel\slick\slick.js,0,1976
2976,AssignmentExpression,nan,-1,-1,-1,2838,12,2838,28,packages\slick-carousel\slick\slick.js,0,1977
2977,CallExpression,nan,0,-1,-1,2839,12,2839,34,packages\slick-carousel\slick\slick.js,0,1978
2978,MemberExpression,nan,-1,-1,-1,2837,12,2837,31,packages\slick-carousel\slick\slick.js,0,1979
2979,Identifier,undefined,-1,-1,-1,2837,36,2837,45,packages\slick-carousel\slick\slick.js,0,1980
2980,MemberExpression,nan,-1,-1,-1,2837,49,2837,74,packages\slick-carousel\slick\slick.js,0,1981
2982,ConditionalExpression,nan,-1,-1,-1,2842,26,2842,58,packages\slick-carousel\slick\slick.js,0,1982
2983,ConditionalExpression,nan,-1,-1,-1,2842,63,2842,113,packages\slick-carousel\slick\slick.js,0,1983
2984,AssignmentExpression,nan,-1,-1,-1,2844,12,2844,79,packages\slick-carousel\slick\slick.js,0,1984
2985,BlockStatement,nan,-1,-1,-1,2853,138,2856,13,packages\slick-carousel\slick\slick.js,0,1985
2986,LogicalExpression,nan,-1,-1,-1,2853,16,2853,136,packages\slick-carousel\slick\slick.js,0,1986
2987,AssignmentExpression,nan,-1,-1,-1,2860,12,2860,64,packages\slick-carousel\slick\slick.js,0,1987
2988,AssignmentExpression,nan,-1,-1,-1,2865,12,2865,64,packages\slick-carousel\slick\slick.js,0,1988
2990,MemberExpression,nan,-1,-1,-1,2868,12,2868,26,packages\slick-carousel\slick\slick.js,0,1989
2992,MemberExpression,nan,-1,-1,-1,2868,39,2868,58,packages\slick-carousel\slick\slick.js,0,1990
2994,AssignmentExpression,nan,-1,-1,-1,2873,12,2873,30,packages\slick-carousel\slick\slick.js,0,1991
2996,AssignmentExpression,nan,-1,-1,-1,2889,12,2889,30,packages\slick-carousel\slick\slick.js,0,1992
2998,MemberExpression,nan,-1,-1,-1,2888,12,2888,37,packages\slick-carousel\slick\slick.js,0,1993
3000,MemberExpression,nan,-1,-1,-1,2888,47,2888,59,packages\slick-carousel\slick\slick.js,0,1994
3001,MemberExpression,nan,-1,-1,-1,2888,63,2888,85,packages\slick-carousel\slick\slick.js,0,1995
3002,AssignmentExpression,nan,-1,-1,-1,2894,12,2894,52,packages\slick-carousel\slick\slick.js,0,1996
3003,MemberExpression,nan,-1,-1,-1,2893,12,2893,31,packages\slick-carousel\slick\slick.js,0,1997
3004,Identifier,undefined,-1,-1,-1,2893,36,2893,45,packages\slick-carousel\slick\slick.js,0,1998
3005,MemberExpression,nan,-1,-1,-1,2893,49,2893,76,packages\slick-carousel\slick\slick.js,0,1999
3006,Identifier,undefined,-1,-1,-1,2893,81,2893,90,packages\slick-carousel\slick\slick.js,0,2000
3007,MemberExpression,nan,-1,-1,-1,2897,31,2897,49,packages\slick-carousel\slick\slick.js,0,2001
3008,ConditionalExpression,nan,-1,-1,-1,2897,52,2897,105,packages\slick-carousel\slick\slick.js,0,2002
3009,MemberExpression,nan,-1,-1,-1,2898,31,2898,49,packages\slick-carousel\slick\slick.js,0,2003
3010,ConditionalExpression,nan,-1,-1,-1,2898,52,2898,105,packages\slick-carousel\slick\slick.js,0,2004
3015,MemberExpression,nan,-1,-1,-1,2908,12,2908,26,packages\slick-carousel\slick\slick.js,0,2005
3017,CallExpression,nan,0,-1,-1,2929,12,2929,28,packages\slick-carousel\slick\slick.js,0,2006
3018,CallExpression,nan,0,-1,-1,2933,12,2933,33,packages\slick-carousel\slick\slick.js,0,2007
3019,MemberExpression,nan,-1,-1,-1,2932,44,2932,63,packages\slick-carousel\slick\slick.js,0,2008
3020,MemberExpression,nan,-1,-1,-1,2932,28,2932,43,packages\slick-carousel\slick\slick.js,0,2009
3021,CallExpression,nan,0,-1,-1,2937,12,2937,33,packages\slick-carousel\slick\slick.js,0,2010
3022,MemberExpression,nan,-1,-1,-1,2936,44,2936,63,packages\slick-carousel\slick\slick.js,0,2011
3023,MemberExpression,nan,-1,-1,-1,2936,28,2936,43,packages\slick-carousel\slick\slick.js,0,2012
3025,MemberExpression,nan,-1,-1,-1,2960,23,2960,33,packages\slick-carousel\slick\slick.js,0,2013
3026,CallExpression,nan,2,-1,-1,2966,12,2966,85,packages\slick-carousel\slick\slick.js,0,2014
3027,CallExpression,nan,2,-1,-1,2967,12,2967,85,packages\slick-carousel\slick\slick.js,0,2015
3028,BlockStatement,nan,-1,-1,-1,2969,38,2974,13,packages\slick-carousel\slick\slick.js,0,2016
3032,MemberExpression,nan,-1,-1,-1,2964,13,2964,31,packages\slick-carousel\slick\slick.js,0,2017
3033,CallExpression,nan,0,-1,-1,2996,12,2999,26,packages\slick-carousel\slick\slick.js,0,2018
3034,CallExpression,nan,1,-1,-1,3001,12,3004,41,packages\slick-carousel\slick\slick.js,0,2019
3035,BlockStatement,nan,-1,-1,-1,3016,38,3020,13,packages\slick-carousel\slick\slick.js,0,2020
3036,MemberExpression,nan,-1,-1,-1,3016,17,3016,35,packages\slick-carousel\slick\slick.js,0,2021
3038,LogicalExpression,nan,-1,-1,-1,3038,16,3038,67,packages\slick-carousel\slick\slick.js,0,2022
3039,ReturnStatement,nan,1,-1,-1,3042,43,3042,54,packages\slick-carousel\slick\slick.js,0,2023
3041,AssignmentExpression,nan,-1,-1,-1,51,12,103,13,packages\slick-carousel\slick\slick.js,0,2024
3042,AssignmentExpression,nan,-1,-1,-1,105,12,132,13,packages\slick-carousel\slick\slick.js,0,2025
3043,CallExpression,nan,2,-1,-1,134,12,134,35,packages\slick-carousel\slick\slick.js,0,2026
3044,AssignmentExpression,nan,-1,-1,-1,136,12,136,37,packages\slick-carousel\slick\slick.js,0,2027
3045,AssignmentExpression,nan,-1,-1,-1,137,12,137,29,packages\slick-carousel\slick\slick.js,0,2028
3046,AssignmentExpression,nan,-1,-1,-1,138,12,138,29,packages\slick-carousel\slick\slick.js,0,2029
3047,AssignmentExpression,nan,-1,-1,-1,139,12,139,30,packages\slick-carousel\slick\slick.js,0,2030
3048,AssignmentExpression,nan,-1,-1,-1,140,12,140,37,packages\slick-carousel\slick\slick.js,0,2031
3049,AssignmentExpression,nan,-1,-1,-1,141,12,141,36,packages\slick-carousel\slick\slick.js,0,2032
3050,AssignmentExpression,nan,-1,-1,-1,142,12,142,30,packages\slick-carousel\slick\slick.js,0,2033
3051,AssignmentExpression,nan,-1,-1,-1,143,12,143,33,packages\slick-carousel\slick\slick.js,0,2034
3052,AssignmentExpression,nan,-1,-1,-1,144,12,144,31,packages\slick-carousel\slick\slick.js,0,2035
3053,AssignmentExpression,nan,-1,-1,-1,145,12,145,27,packages\slick-carousel\slick\slick.js,0,2036
3054,AssignmentExpression,nan,-1,-1,-1,146,12,146,33,packages\slick-carousel\slick\slick.js,0,2037
3055,AssignmentExpression,nan,-1,-1,-1,147,12,147,30,packages\slick-carousel\slick\slick.js,0,2038
3056,AssignmentExpression,nan,-1,-1,-1,148,12,148,26,packages\slick-carousel\slick\slick.js,0,2039
3057,AssignmentExpression,nan,-1,-1,-1,149,12,149,32,packages\slick-carousel\slick\slick.js,0,2040
3058,AssignmentExpression,nan,-1,-1,-1,150,12,150,34,packages\slick-carousel\slick\slick.js,0,2041
3059,AssignmentExpression,nan,-1,-1,-1,151,12,151,33,packages\slick-carousel\slick\slick.js,0,2042
3060,AssignmentExpression,nan,-1,-1,-1,152,12,152,34,packages\slick-carousel\slick\slick.js,0,2043
3061,AssignmentExpression,nan,-1,-1,-1,153,12,153,35,packages\slick-carousel\slick\slick.js,0,2044
3062,AssignmentExpression,nan,-1,-1,-1,154,12,154,51,packages\slick-carousel\slick\slick.js,0,2045
3063,AssignmentExpression,nan,-1,-1,-1,155,12,155,29,packages\slick-carousel\slick\slick.js,0,2046
3064,AssignmentExpression,nan,-1,-1,-1,156,12,156,32,packages\slick-carousel\slick\slick.js,0,2047
3065,AssignmentExpression,nan,-1,-1,-1,158,12,158,57,packages\slick-carousel\slick\slick.js,0,2048
3066,AssignmentExpression,nan,-1,-1,-1,160,12,160,72,packages\slick-carousel\slick\slick.js,0,2049
3067,AssignmentExpression,nan,-1,-1,-1,162,12,162,51,packages\slick-carousel\slick\slick.js,0,2050
3068,AssignmentExpression,nan,-1,-1,-1,164,12,164,42,packages\slick-carousel\slick\slick.js,0,2051
3069,AssignmentExpression,nan,-1,-1,-1,166,12,166,47,packages\slick-carousel\slick\slick.js,0,2052
3070,AssignmentExpression,nan,-1,-1,-1,167,12,167,57,packages\slick-carousel\slick\slick.js,0,2053
3071,AssignmentExpression,nan,-1,-1,-1,168,12,168,63,packages\slick-carousel\slick\slick.js,0,2054
3072,AssignmentExpression,nan,-1,-1,-1,169,12,169,53,packages\slick-carousel\slick\slick.js,0,2055
3073,AssignmentExpression,nan,-1,-1,-1,170,12,170,55,packages\slick-carousel\slick\slick.js,0,2056
3074,AssignmentExpression,nan,-1,-1,-1,171,12,171,57,packages\slick-carousel\slick\slick.js,0,2057
3075,AssignmentExpression,nan,-1,-1,-1,172,12,172,53,packages\slick-carousel\slick\slick.js,0,2058
3076,AssignmentExpression,nan,-1,-1,-1,173,12,173,55,packages\slick-carousel\slick\slick.js,0,2059
3077,AssignmentExpression,nan,-1,-1,-1,174,12,174,53,packages\slick-carousel\slick\slick.js,0,2060
3078,AssignmentExpression,nan,-1,-1,-1,175,12,175,51,packages\slick-carousel\slick\slick.js,0,2061
3079,AssignmentExpression,nan,-1,-1,-1,177,12,177,41,packages\slick-carousel\slick\slick.js,0,2062
3080,AssignmentExpression,nan,-1,-1,-1,182,12,182,52,packages\slick-carousel\slick\slick.js,0,2063
3081,CallExpression,nan,0,-1,-1,185,12,185,35,packages\slick-carousel\slick\slick.js,0,2064
3082,CallExpression,nan,1,-1,-1,186,12,186,24,packages\slick-carousel\slick\slick.js,0,2065
3083,AssignmentExpression,nan,-1,-1,-1,211,12,211,29,packages\slick-carousel\slick\slick.js,0,2066
3084,AssignmentExpression,nan,-1,-1,-1,212,12,212,24,packages\slick-carousel\slick\slick.js,0,2067
3085,Identifier,index,-1,-1,-1,210,19,210,24,packages\slick-carousel\slick\slick.js,0,2068
3086,BlockStatement,nan,-1,-1,-1,220,55,222,13,packages\slick-carousel\slick\slick.js,0,2069
3087,LogicalExpression,nan,-1,-1,-1,220,16,220,53,packages\slick-carousel\slick\slick.js,0,2070
3088,Identifier,index,-1,-1,-1,219,19,219,24,packages\slick-carousel\slick\slick.js,0,2071
3089,MemberExpression,nan,-1,-1,-1,235,43,235,61,packages\slick-carousel\slick\slick.js,0,2072
3090,MemberExpression,nan,-1,-1,-1,235,20,235,42,packages\slick-carousel\slick\slick.js,0,2073
3091,Identifier,index,-1,-1,-1,241,32,241,37,packages\slick-carousel\slick\slick.js,0,2074
3092,Identifier,element,-1,-1,-1,241,39,241,46,packages\slick-carousel\slick\slick.js,0,2075
3094,BlockStatement,nan,-1,-1,-1,241,48,243,9,packages\slick-carousel\slick\slick.js,0,2076
3095,ObjectExpression,nan,-1,-1,-1,255,28,257,13,packages\slick-carousel\slick\slick.js,0,2077
3096,MemberExpression,nan,-1,-1,-1,257,15,257,30,packages\slick-carousel\slick\slick.js,0,2078
3097,MemberExpression,nan,-1,-1,-1,255,12,255,27,packages\slick-carousel\slick\slick.js,0,2079
3098,MemberExpression,nan,-1,-1,-1,253,12,253,34,packages\slick-carousel\slick\slick.js,0,2080
3100,MemberExpression,nan,-1,-1,-1,253,44,253,68,packages\slick-carousel\slick\slick.js,0,2081
3102,Identifier,targetLeft,-1,-1,-1,269,12,269,22,packages\slick-carousel\slick\slick.js,0,2082
3103,UnaryExpression,nan,1,-1,-1,269,25,269,36,packages\slick-carousel\slick\slick.js,0,2083
3105,MemberExpression,nan,-1,-1,-1,272,16,272,34,packages\slick-carousel\slick\slick.js,0,2084
3107,Identifier,asNavFor,-1,-1,-1,347,12,347,20,packages\slick-carousel\slick\slick.js,0,2085
3108,CallExpression,nan,1,-1,-1,347,23,347,49,packages\slick-carousel\slick\slick.js,0,2086
3109,FunctionExpression,nan,-1,0,0,360,26,365,13,packages\slick-carousel\slick\slick.js,0,2087
3110,MemberExpression,nan,-1,-1,-1,360,12,360,25,packages\slick-carousel\slick\slick.js,0,2088
3111,Identifier,asNavFor,-1,-1,-1,359,41,359,49,packages\slick-carousel\slick\slick.js,0,2089
3112,MemberExpression,nan,-1,-1,-1,376,12,376,40,packages\slick-carousel\slick\slick.js,0,2090
3114,Identifier,transition,-1,-1,-1,382,30,382,40,packages\slick-carousel\slick\slick.js,0,2091
3115,MemberExpression,nan,-1,-1,-1,382,12,382,29,packages\slick-carousel\slick\slick.js,0,2092
3116,MemberExpression,nan,-1,-1,-1,396,12,396,27,packages\slick-carousel\slick\slick.js,0,2093
3117,CallExpression,nan,2,-1,-1,396,30,396,88,packages\slick-carousel\slick\slick.js,0,2094
3118,MemberExpression,nan,-1,-1,-1,406,26,406,41,packages\slick-carousel\slick\slick.js,0,2095
3119,Identifier,clearInterval,-1,-1,-1,406,12,406,25,packages\slick-carousel\slick\slick.js,0,2096
3120,IfStatement,nan,-1,-1,-1,420,16,432,17,packages\slick-carousel\slick\slick.js,0,2097
3121,MemberExpression,nan,-1,-1,-1,418,17,418,35,packages\slick-carousel\slick\slick.js,0,2098
3123,Identifier,slideTo,-1,-1,-1,436,28,436,35,packages\slick-carousel\slick\slick.js,0,2099
3124,MemberExpression,nan,-1,-1,-1,436,12,436,26,packages\slick-carousel\slick\slick.js,0,2100
3125,MemberExpression,nan,-1,-1,-1,416,14,416,22,packages\slick-carousel\slick\slick.js,0,2101
3126,MemberExpression,nan,-1,-1,-1,416,27,416,40,packages\slick-carousel\slick\slick.js,0,2102
3127,MemberExpression,nan,-1,-1,-1,448,12,448,24,packages\slick-carousel\slick\slick.js,0,2103
3128,CallExpression,nan,1,-1,-1,448,27,448,73,packages\slick-carousel\slick\slick.js,0,2104
3129,MemberExpression,nan,-1,-1,-1,449,12,449,24,packages\slick-carousel\slick\slick.js,0,2105
3130,CallExpression,nan,1,-1,-1,449,27,449,73,packages\slick-carousel\slick\slick.js,0,2106
3133,IfStatement,nan,-1,-1,-1,456,16,458,17,packages\slick-carousel\slick\slick.js,0,2107
3134,IfStatement,nan,-1,-1,-1,460,16,462,17,packages\slick-carousel\slick\slick.js,0,2108
3135,IfStatement,nan,-1,-1,-1,464,16,468,17,packages\slick-carousel\slick\slick.js,0,2109
3136,MemberExpression,nan,-1,-1,-1,451,16,451,28,packages\slick-carousel\slick\slick.js,0,2110
3137,MemberExpression,nan,-1,-1,-1,451,31,451,53,packages\slick-carousel\slick\slick.js,0,2111
3139,MemberExpression,nan,-1,-1,-1,493,12,493,30,packages\slick-carousel\slick\slick.js,0,2112
3140,Identifier,dot,-1,-1,-1,495,12,495,15,packages\slick-carousel\slick\slick.js,0,2113
3141,CallExpression,nan,1,-1,-1,495,18,495,62,packages\slick-carousel\slick\slick.js,0,2114
3142,Identifier,i,-1,-1,-1,497,24,497,25,packages\slick-carousel\slick\slick.js,0,2115
3143,CallExpression,nan,0,-1,-1,497,29,497,44,packages\slick-carousel\slick\slick.js,0,2116
3145,MemberExpression,nan,-1,-1,-1,501,12,501,19,packages\slick-carousel\slick\slick.js,0,2117
3146,CallExpression,nan,1,-1,-1,501,22,501,56,packages\slick-carousel\slick\slick.js,0,2118
3148,MemberExpression,nan,-1,-1,-1,503,12,503,47,packages\slick-carousel\slick\slick.js,0,2119
3150,MemberExpression,nan,-1,-1,-1,529,58,529,67,packages\slick-carousel\slick\slick.js,0,2120
3151,MemberExpression,nan,-1,-1,-1,529,12,529,57,packages\slick-carousel\slick\slick.js,0,2121
3152,MemberExpression,nan,-1,-1,-1,528,25,528,37,packages\slick-carousel\slick\slick.js,0,2122
3154,MemberExpression,nan,-1,-1,-1,537,12,537,36,packages\slick-carousel\slick\slick.js,0,2123
3156,UnaryExpression,nan,1,-1,-1,551,26,551,47,packages\slick-carousel\slick\slick.js,0,2124
3159,MemberExpression,nan,-1,-1,-1,554,12,554,28,packages\slick-carousel\slick\slick.js,0,2125
3160,Identifier,slidesPerSection,-1,-1,-1,568,12,568,28,packages\slick-carousel\slick\slick.js,0,2126
3162,Identifier,numOfSlides,-1,-1,-1,569,12,569,23,packages\slick-carousel\slick\slick.js,0,2127
3163,CallExpression,nan,1,-1,-1,569,26,571,13,packages\slick-carousel\slick\slick.js,0,2128
3164,Identifier,a,-1,-1,-1,573,23,573,24,packages\slick-carousel\slick\slick.js,0,2129
3165,Identifier,numOfSlides,-1,-1,-1,573,27,573,38,packages\slick-carousel\slick\slick.js,0,2130
3166,VariableDeclaration,nan,-1,-1,-1,574,16,574,58,packages\slick-carousel\slick\slick.js,0,2131
3167,ForStatement,nan,-1,-1,-1,575,16,584,17,packages\slick-carousel\slick\slick.js,0,2132
3169,Identifier,newSlides,-1,-1,-1,588,37,588,46,packages\slick-carousel\slick\slick.js,0,2133
3170,MemberExpression,nan,-1,-1,-1,588,12,588,36,packages\slick-carousel\slick\slick.js,0,2134
3171,ObjectExpression,nan,-1,-1,-1,590,21,593,17,packages\slick-carousel\slick\slick.js,0,2135
3172,MemberExpression,nan,-1,-1,-1,589,12,590,20,packages\slick-carousel\slick\slick.js,0,2136
3173,Identifier,respondToWidth,-1,-1,-1,607,12,607,26,packages\slick-carousel\slick\slick.js,0,2137
3174,Identifier,windowWidth,-1,-1,-1,607,29,607,40,packages\slick-carousel\slick\slick.js,0,2138
3175,Identifier,targetBreakpoint,-1,-1,-1,618,12,618,28,packages\slick-carousel\slick\slick.js,0,2139
3177,IfStatement,nan,-1,-1,-1,621,16,631,17,packages\slick-carousel\slick\slick.js,0,2140
3178,IfStatement,nan,-1,-1,-1,635,16,666,17,packages\slick-carousel\slick\slick.js,0,2141
3179,Identifier,targetBreakpoint,-1,-1,-1,634,16,634,32,packages\slick-carousel\slick\slick.js,0,2142
3182,UnaryExpression,nan,1,-1,-1,680,16,680,24,packages\slick-carousel\slick\slick.js,0,2143
3184,MemberExpression,nan,-1,-1,-1,695,12,695,32,packages\slick-carousel\slick\slick.js,0,2144
3185,Identifier,$target,-1,-1,-1,700,12,700,19,packages\slick-carousel\slick\slick.js,0,2145
3186,CallExpression,nan,1,-1,-1,700,22,700,43,packages\slick-carousel\slick\slick.js,0,2146
3187,MemberExpression,nan,-1,-1,-1,703,24,703,36,packages\slick-carousel\slick\slick.js,0,2147
3188,MemberExpression,nan,-1,-1,-1,703,39,703,63,packages\slick-carousel\slick\slick.js,0,2148
3189,Identifier,index,-1,-1,-1,744,12,744,17,packages\slick-carousel\slick\slick.js,0,2149
3190,MemberExpression,nan,-1,-1,-1,744,20,744,53,packages\slick-carousel\slick\slick.js,0,2150
3192,CallExpression,nan,3,-1,-1,767,41,767,71,packages\slick-carousel\slick\slick.js,0,2151
3193,MemberExpression,nan,-1,-1,-1,764,12,767,20,packages\slick-carousel\slick\slick.js,0,2152
3195,MemberExpression,nan,-1,-1,-1,769,16,769,39,packages\slick-carousel\slick\slick.js,0,2153
3197,MemberExpression,nan,-1,-1,-1,777,12,777,24,packages\slick-carousel\slick\slick.js,0,2154
3198,CallExpression,nan,2,-1,-1,777,28,777,74,packages\slick-carousel\slick\slick.js,0,2155
3199,MemberExpression,nan,-1,-1,-1,778,12,778,24,packages\slick-carousel\slick\slick.js,0,2156
3200,CallExpression,nan,2,-1,-1,778,28,778,74,packages\slick-carousel\slick\slick.js,0,2157
3203,MemberExpression,nan,-1,-1,-1,780,16,780,39,packages\slick-carousel\slick\slick.js,0,2158
3206,MemberExpression,nan,-1,-1,-1,798,41,798,53,packages\slick-carousel\slick\slick.js,0,2159
3207,MemberExpression,nan,-1,-1,-1,798,12,798,23,packages\slick-carousel\slick\slick.js,0,2160
3209,MemberExpression,nan,-1,-1,-1,802,59,802,74,packages\slick-carousel\slick\slick.js,0,2161
3210,MemberExpression,nan,-1,-1,-1,802,12,802,43,packages\slick-carousel\slick\slick.js,0,2162
3211,Identifier,originalSlides,-1,-1,-1,829,12,829,26,packages\slick-carousel\slick\slick.js,0,2163
3212,CallExpression,nan,0,-1,-1,829,29,829,60,packages\slick-carousel\slick\slick.js,0,2164
3214,MemberExpression,nan,-1,-1,-1,830,12,830,37,packages\slick-carousel\slick\slick.js,0,2165
3215,Identifier,originalSlides,-1,-1,-1,831,37,831,51,packages\slick-carousel\slick\slick.js,0,2166
3216,MemberExpression,nan,-1,-1,-1,831,12,831,36,packages\slick-carousel\slick\slick.js,0,2167
3217,MemberExpression,nan,-1,-1,-1,841,12,841,42,packages\slick-carousel\slick\slick.js,0,2168
3218,MemberExpression,nan,-1,-1,-1,842,12,842,33,packages\slick-carousel\slick\slick.js,0,2169
3219,MemberExpression,nan,-1,-1,-1,843,12,843,32,packages\slick-carousel\slick\slick.js,0,2170
3220,MemberExpression,nan,-1,-1,-1,861,12,861,26,packages\slick-carousel\slick\slick.js,0,2171
3223,MemberExpression,nan,-1,-1,-1,866,12,869,20,packages\slick-carousel\slick\slick.js,0,2172
3225,MemberExpression,nan,-1,-1,-1,871,34,871,53,packages\slick-carousel\slick\slick.js,0,2173
3226,MemberExpression,nan,-1,-1,-1,871,17,871,32,packages\slick-carousel\slick\slick.js,0,2174
3229,MemberExpression,nan,-1,-1,-1,878,12,881,20,packages\slick-carousel\slick\slick.js,0,2175
3231,MemberExpression,nan,-1,-1,-1,883,34,883,53,packages\slick-carousel\slick\slick.js,0,2176
3232,MemberExpression,nan,-1,-1,-1,883,17,883,32,packages\slick-carousel\slick\slick.js,0,2177
3233,FunctionExpression,nan,-1,0,0,895,22,897,17,packages\slick-carousel\slick\slick.js,0,2178
3234,MemberExpression,nan,-1,-1,-1,891,12,895,21,packages\slick-carousel\slick\slick.js,0,2179
3235,MemberExpression,nan,-1,-1,-1,899,12,899,61,packages\slick-carousel\slick\slick.js,0,2180
3236,MemberExpression,nan,-1,-1,-1,901,12,901,32,packages\slick-carousel\slick\slick.js,0,2181
3237,MemberExpression,nan,-1,-1,-1,903,12,903,26,packages\slick-carousel\slick\slick.js,0,2182
3238,MemberExpression,nan,-1,-1,-1,905,29,905,38,packages\slick-carousel\slick\slick.js,0,2183
3239,MemberExpression,nan,-1,-1,-1,905,12,905,28,packages\slick-carousel\slick\slick.js,0,2184
3241,ArrayExpression,nan,-1,-1,-1,917,41,917,44,packages\slick-carousel\slick\slick.js,0,2185
3242,MemberExpression,nan,-1,-1,-1,917,12,917,29,packages\slick-carousel\slick\slick.js,0,2186
3243,Identifier,transition,-1,-1,-1,930,30,930,40,packages\slick-carousel\slick\slick.js,0,2187
3244,MemberExpression,nan,-1,-1,-1,930,12,930,29,packages\slick-carousel\slick\slick.js,0,2188
3245,ObjectExpression,nan,-1,-1,-1,943,41,945,13,packages\slick-carousel\slick\slick.js,0,2189
3246,MemberExpression,nan,-1,-1,-1,943,12,943,40,packages\slick-carousel\slick\slick.js,0,2190
3247,ObjectExpression,nan,-1,-1,-1,947,45,949,13,packages\slick-carousel\slick\slick.js,0,2191
3248,MemberExpression,nan,-1,-1,-1,949,15,949,30,packages\slick-carousel\slick\slick.js,0,2192
3249,MemberExpression,nan,-1,-1,-1,949,32,949,48,packages\slick-carousel\slick\slick.js,0,2193
3250,Identifier,callback,-1,-1,-1,949,50,949,58,packages\slick-carousel\slick\slick.js,0,2194
3251,MemberExpression,nan,-1,-1,-1,947,12,947,44,packages\slick-carousel\slick\slick.js,0,2195
3252,ObjectExpression,nan,-1,-1,-1,979,45,982,13,packages\slick-carousel\slick\slick.js,0,2196
3253,MemberExpression,nan,-1,-1,-1,982,15,982,30,packages\slick-carousel\slick\slick.js,0,2197
3254,MemberExpression,nan,-1,-1,-1,982,32,982,48,packages\slick-carousel\slick\slick.js,0,2198
3255,MemberExpression,nan,-1,-1,-1,979,12,979,44,packages\slick-carousel\slick\slick.js,0,2199
3256,AssignmentExpression,nan,-1,-1,-1,1003,12,1003,38,packages\slick-carousel\slick\slick.js,0,2200
3257,CallExpression,nan,0,-1,-1,1005,12,1005,22,packages\slick-carousel\slick\slick.js,0,2201
3258,CallExpression,nan,0,-1,-1,1007,12,1007,63,packages\slick-carousel\slick\slick.js,0,2202
3259,CallExpression,nan,1,-1,-1,1009,12,1009,65,packages\slick-carousel\slick\slick.js,0,2203
3260,CallExpression,nan,0,-1,-1,1011,12,1011,22,packages\slick-carousel\slick\slick.js,0,2204
3261,VariableDeclaration,nan,-1,-1,-1,1043,20,1043,38,packages\slick-carousel\slick\slick.js,0,2205
3262,IfStatement,nan,-1,-1,-1,1046,20,1049,21,packages\slick-carousel\slick\slick.js,0,2206
3264,MemberExpression,nan,-1,-1,-1,1070,16,1070,28,packages\slick-carousel\slick\slick.js,0,2207
3265,MemberExpression,nan,-1,-1,-1,1070,32,1070,54,packages\slick-carousel\slick\slick.js,0,2208
3268,IfStatement,nan,-1,-1,-1,1112,16,1118,17,packages\slick-carousel\slick\slick.js,0,2209
3270,MemberExpression,nan,-1,-1,-1,1108,16,1108,28,packages\slick-carousel\slick\slick.js,0,2210
3271,MemberExpression,nan,-1,-1,-1,1108,31,1108,53,packages\slick-carousel\slick\slick.js,0,2211
3272,IfStatement,nan,-1,-1,-1,1122,16,1130,17,packages\slick-carousel\slick\slick.js,0,2212
3275,MemberExpression,nan,-1,-1,-1,1140,12,1140,25,packages\slick-carousel\slick\slick.js,0,2213
3277,Identifier,verticalOffset,-1,-1,-1,1141,12,1141,26,packages\slick-carousel\slick\slick.js,0,2214
3279,MemberExpression,nan,-1,-1,-1,1145,12,1145,25,packages\slick-carousel\slick\slick.js,0,2215
3281,Identifier,targetLeft,-1,-1,-1,1154,12,1154,22,packages\slick-carousel\slick\slick.js,0,2216
3286,IfStatement,nan,-1,-1,-1,1168,16,1172,17,packages\slick-carousel\slick\slick.js,0,2217
3287,MemberExpression,nan,-1,-1,-1,1167,16,1167,29,packages\slick-carousel\slick\slick.js,0,2218
3289,IfStatement,nan,-1,-1,-1,1178,16,1182,17,packages\slick-carousel\slick\slick.js,0,2219
3290,IfStatement,nan,-1,-1,-1,1184,16,1192,17,packages\slick-carousel\slick\slick.js,0,2220
3292,MemberExpression,nan,-1,-1,-1,1177,16,1177,36,packages\slick-carousel\slick\slick.js,0,2221
3294,Identifier,max,-1,-1,-1,1219,12,1219,15,packages\slick-carousel\slick\slick.js,0,2222
3295,MemberExpression,nan,-1,-1,-1,1219,18,1219,30,packages\slick-carousel\slick\slick.js,0,2223
3296,Identifier,breakPoint,-1,-1,-1,1227,25,1227,35,packages\slick-carousel\slick\slick.js,0,2224
3297,MemberExpression,nan,-1,-1,-1,1227,12,1227,24,packages\slick-carousel\slick\slick.js,0,2225
3298,Identifier,breakPoint,-1,-1,-1,1228,12,1228,22,packages\slick-carousel\slick\slick.js,0,2226
3300,Identifier,counter,-1,-1,-1,1229,12,1229,19,packages\slick-carousel\slick\slick.js,0,2227
3301,ConditionalExpression,nan,-1,-1,-1,1229,23,1229,125,packages\slick-carousel\slick\slick.js,0,2228
3303,MemberExpression,nan,-1,-1,-1,1247,55,1247,65,packages\slick-carousel\slick\slick.js,0,2229
3304,MemberExpression,nan,-1,-1,-1,1247,23,1247,43,packages\slick-carousel\slick\slick.js,0,2230
3306,MemberExpression,nan,-1,-1,-1,1248,23,1248,34,packages\slick-carousel\slick\slick.js,0,2231
3307,UnaryExpression,nan,1,-1,-1,1248,37,1248,39,packages\slick-carousel\slick\slick.js,0,2232
3308,FunctionExpression,nan,-1,2,1,1252,52,1267,13,packages\slick-carousel\slick\slick.js,0,2233
3309,MemberExpression,nan,-1,-1,-1,1252,12,1252,51,packages\slick-carousel\slick\slick.js,0,2234
3310,Identifier,slidesTraversed,-1,-1,-1,1269,12,1269,27,packages\slick-carousel\slick\slick.js,0,2235
3311,LogicalExpression,nan,-1,-1,-1,1269,30,1269,101,packages\slick-carousel\slick\slick.js,0,2236
3313,MemberExpression,nan,-1,-1,-1,1298,12,1298,33,packages\slick-carousel\slick\slick.js,0,2237
3314,MemberExpression,nan,-1,-1,-1,1300,12,1300,23,packages\slick-carousel\slick\slick.js,0,2238
3315,MemberExpression,nan,-1,-1,-1,1301,12,1301,22,packages\slick-carousel\slick\slick.js,0,2239
3316,MemberExpression,nan,-1,-1,-1,1302,12,1302,22,packages\slick-carousel\slick\slick.js,0,2240
3317,MemberExpression,nan,-1,-1,-1,1303,12,1303,23,packages\slick-carousel\slick\slick.js,0,2241
3318,MemberExpression,nan,-1,-1,-1,1304,12,1304,24,packages\slick-carousel\slick\slick.js,0,2242
3319,MemberExpression,nan,-1,-1,-1,1305,12,1305,30,packages\slick-carousel\slick\slick.js,0,2243
3320,MemberExpression,nan,-1,-1,-1,1306,12,1306,26,packages\slick-carousel\slick\slick.js,0,2244
3321,MemberExpression,nan,-1,-1,-1,1307,12,1307,24,packages\slick-carousel\slick\slick.js,0,2245
3323,MemberExpression,nan,-1,-1,-1,1308,12,1308,29,packages\slick-carousel\slick\slick.js,0,2246
3324,MemberExpression,nan,-1,-1,-1,1309,12,1309,26,packages\slick-carousel\slick\slick.js,0,2247
3326,ArrayExpression,nan,-1,-1,-1,1314,38,1314,41,packages\slick-carousel\slick\slick.js,0,2248
3327,MemberExpression,nan,-1,-1,-1,1314,12,1314,29,packages\slick-carousel\slick\slick.js,0,2249
3328,MemberExpression,nan,-1,-1,-1,1318,12,1318,21,packages\slick-carousel\slick\slick.js,0,2250
3329,MemberExpression,nan,-1,-1,-1,1323,12,1323,20,packages\slick-carousel\slick\slick.js,0,2251
3331,MemberExpression,nan,-1,-1,-1,1324,12,1324,22,packages\slick-carousel\slick\slick.js,0,2252
3332,FunctionExpression,nan,-1,1,0,1345,68,1362,13,packages\slick-carousel\slick\slick.js,0,2253
3333,MemberExpression,nan,-1,-1,-1,1345,12,1345,67,packages\slick-carousel\slick\slick.js,0,2254
3334,MemberExpression,nan,-1,-1,-1,1364,12,1383,18,packages\slick-carousel\slick\slick.js,0,2255
3337,ObjectExpression,nan,-1,-1,-1,1405,34,1407,16,packages\slick-carousel\slick\slick.js,0,2256
3338,MemberExpression,nan,-1,-1,-1,1407,18,1407,31,packages\slick-carousel\slick\slick.js,0,2257
3339,MemberExpression,nan,-1,-1,-1,1403,12,1405,18,packages\slick-carousel\slick\slick.js,0,2258
3341,ObjectExpression,nan,-1,-1,-1,1410,34,1412,16,packages\slick-carousel\slick\slick.js,0,2259
3342,MemberExpression,nan,-1,-1,-1,1412,18,1412,31,packages\slick-carousel\slick\slick.js,0,2260
3343,MemberExpression,nan,-1,-1,-1,1408,12,1410,18,packages\slick-carousel\slick\slick.js,0,2261
3346,MemberExpression,nan,-1,-1,-1,1414,16,1414,39,packages\slick-carousel\slick\slick.js,0,2262
3349,ObjectExpression,nan,-1,-1,-1,1427,47,1429,13,packages\slick-carousel\slick\slick.js,0,2263
3350,MemberExpression,nan,-1,-1,-1,1429,15,1429,28,packages\slick-carousel\slick\slick.js,0,2264
3351,MemberExpression,nan,-1,-1,-1,1427,12,1427,31,packages\slick-carousel\slick\slick.js,0,2265
3353,MemberExpression,nan,-1,-1,-1,1431,16,1431,39,packages\slick-carousel\slick\slick.js,0,2266
3356,CallExpression,nan,3,-1,-1,1440,40,1440,70,packages\slick-carousel\slick\slick.js,0,2267
3357,MemberExpression,nan,-1,-1,-1,1438,12,1440,19,packages\slick-carousel\slick\slick.js,0,2268
3358,MemberExpression,nan,-1,-1,-1,1436,12,1436,26,packages\slick-carousel\slick\slick.js,0,2269
3360,MemberExpression,nan,-1,-1,-1,1436,39,1436,65,packages\slick-carousel\slick\slick.js,0,2270
3363,CallExpression,nan,3,-1,-1,1452,43,1452,72,packages\slick-carousel\slick\slick.js,0,2271
3364,MemberExpression,nan,-1,-1,-1,1452,12,1452,22,packages\slick-carousel\slick\slick.js,0,2272
3366,CallExpression,nan,3,-1,-1,1453,43,1453,73,packages\slick-carousel\slick\slick.js,0,2273
3367,MemberExpression,nan,-1,-1,-1,1453,12,1453,22,packages\slick-carousel\slick\slick.js,0,2274
3369,MemberExpression,nan,-1,-1,-1,1486,40,1486,52,packages\slick-carousel\slick\slick.js,0,2275
3370,MemberExpression,nan,-1,-1,-1,1486,12,1486,22,packages\slick-carousel\slick\slick.js,0,2276
3372,MemberExpression,nan,-1,-1,-1,1490,58,1490,73,packages\slick-carousel\slick\slick.js,0,2277
3373,MemberExpression,nan,-1,-1,-1,1490,12,1490,42,packages\slick-carousel\slick\slick.js,0,2278
3374,MemberExpression,nan,-1,-1,-1,1510,12,1510,29,packages\slick-carousel\slick\slick.js,0,2279
3375,MemberExpression,nan,-1,-1,-1,1511,12,1511,29,packages\slick-carousel\slick\slick.js,0,2280
3376,MemberExpression,nan,-1,-1,-1,1517,12,1517,24,packages\slick-carousel\slick\slick.js,0,2281
3380,FunctionExpression,nan,-1,0,0,1552,50,1600,13,packages\slick-carousel\slick\slick.js,0,2282
3381,MemberExpression,nan,-1,-1,-1,1552,12,1552,49,packages\slick-carousel\slick\slick.js,0,2283
3384,MemberExpression,nan,-1,-1,-1,1605,16,1605,34,packages\slick-carousel\slick\slick.js,0,2284
3386,Identifier,i,-1,-1,-1,1628,28,1628,29,packages\slick-carousel\slick\slick.js,0,2285
3387,MemberExpression,nan,-1,-1,-1,1628,32,1628,56,packages\slick-carousel\slick\slick.js,0,2286
3388,IfStatement,nan,-1,-1,-1,1629,16,1629,64,packages\slick-carousel\slick\slick.js,0,2287
3393,Identifier,cloneRange,-1,-1,-1,1640,12,1640,22,packages\slick-carousel\slick\slick.js,0,2288
3394,CallExpression,nan,1,-1,-1,1640,25,1640,55,packages\slick-carousel\slick\slick.js,0,2289
3395,Identifier,cloneRange,-1,-1,-1,1641,23,1641,33,packages\slick-carousel\slick\slick.js,0,2290
3396,Identifier,loadImages,-1,-1,-1,1641,12,1641,22,packages\slick-carousel\slick\slick.js,0,2291
3397,MemberExpression,nan,-1,-1,-1,1668,12,1668,33,packages\slick-carousel\slick\slick.js,0,2292
3399,ArrayExpression,nan,-1,-1,-1,1721,45,1721,55,packages\slick-carousel\slick\slick.js,0,2293
3400,MemberExpression,nan,-1,-1,-1,1721,12,1721,29,packages\slick-carousel\slick\slick.js,0,2294
3401,MemberExpression,nan,-1,-1,-1,1723,12,1723,23,packages\slick-carousel\slick\slick.js,0,2295
3404,MemberExpression,nan,-1,-1,-1,1725,16,1725,28,packages\slick-carousel\slick\slick.js,0,2296
3405,MemberExpression,nan,-1,-1,-1,1725,31,1725,53,packages\slick-carousel\slick\slick.js,0,2297
3406,MemberExpression,nan,-1,-1,-1,1729,12,1729,23,packages\slick-carousel\slick\slick.js,0,2298
3410,IfStatement,nan,-1,-1,-1,1738,16,1741,17,packages\slick-carousel\slick\slick.js,0,2299
3411,MemberExpression,nan,-1,-1,-1,1735,16,1735,39,packages\slick-carousel\slick\slick.js,0,2300
3413,Identifier,image,-1,-1,-1,1780,12,1780,17,packages\slick-carousel\slick\slick.js,0,2301
3414,CallExpression,nan,0,-1,-1,1780,20,1780,39,packages\slick-carousel\slick\slick.js,0,2302
3415,Identifier,imageSource,-1,-1,-1,1781,12,1781,23,packages\slick-carousel\slick\slick.js,0,2303
3416,CallExpression,nan,1,-1,-1,1781,26,1781,49,packages\slick-carousel\slick\slick.js,0,2304
3417,Identifier,imageSrcSet,-1,-1,-1,1782,12,1782,23,packages\slick-carousel\slick\slick.js,0,2305
3418,CallExpression,nan,1,-1,-1,1782,26,1782,51,packages\slick-carousel\slick\slick.js,0,2306
3419,Identifier,imageSizes,-1,-1,-1,1783,12,1783,22,packages\slick-carousel\slick\slick.js,0,2307
3420,LogicalExpression,nan,-1,-1,-1,1783,26,1783,82,packages\slick-carousel\slick\slick.js,0,2308
3421,Identifier,imageToLoad,-1,-1,-1,1784,12,1784,23,packages\slick-carousel\slick\slick.js,0,2309
3422,CallExpression,nan,1,-1,-1,1784,26,1784,55,packages\slick-carousel\slick\slick.js,0,2310
3423,MemberExpression,nan,-1,-1,-1,1786,12,1786,30,packages\slick-carousel\slick\slick.js,0,2311
3424,FunctionExpression,nan,-1,0,0,1786,33,1810,13,packages\slick-carousel\slick\slick.js,0,2312
3425,MemberExpression,nan,-1,-1,-1,1812,12,1812,31,packages\slick-carousel\slick\slick.js,0,2313
3426,FunctionExpression,nan,-1,0,0,1812,34,1838,13,packages\slick-carousel\slick\slick.js,0,2314
3427,MemberExpression,nan,-1,-1,-1,1840,12,1840,27,packages\slick-carousel\slick\slick.js,0,2315
3428,Identifier,imageSource,-1,-1,-1,1840,30,1840,41,packages\slick-carousel\slick\slick.js,0,2316
3429,MemberExpression,nan,-1,-1,-1,1859,12,1859,26,packages\slick-carousel\slick\slick.js,0,2317
3430,Identifier,lastVisibleIndex,-1,-1,-1,1859,29,1859,45,packages\slick-carousel\slick\slick.js,0,2318
3431,MemberExpression,nan,-1,-1,-1,1864,12,1864,26,packages\slick-carousel\slick\slick.js,0,2319
3433,ObjectExpression,nan,-1,-1,-1,1878,26,1883,13,packages\slick-carousel\slick\slick.js,0,2320
3435,MemberExpression,nan,-1,-1,-1,1878,12,1878,25,packages\slick-carousel\slick\slick.js,0,2321
3436,MemberExpression,nan,-1,-1,-1,1896,12,1896,23,packages\slick-carousel\slick\slick.js,0,2322
3437,LogicalExpression,nan,-1,-1,-1,1896,26,1896,57,packages\slick-carousel\slick\slick.js,0,2323
3439,IfStatement,nan,-1,-1,-1,1902,16,1917,17,packages\slick-carousel\slick\slick.js,0,2324
3440,FunctionExpression,nan,-1,2,1,1921,31,1923,13,packages\slick-carousel\slick\slick.js,0,2325
3441,MemberExpression,nan,-1,-1,-1,1921,12,1921,30,packages\slick-carousel\slick\slick.js,0,2326
3442,MemberExpression,nan,-1,-1,-1,1941,12,1941,26,packages\slick-carousel\slick\slick.js,0,2327
3444,MemberExpression,nan,-1,-1,-1,1945,12,1945,26,packages\slick-carousel\slick\slick.js,0,2328
3447,MemberExpression,nan,-1,-1,-1,1964,58,1964,73,packages\slick-carousel\slick\slick.js,0,2329
3448,MemberExpression,nan,-1,-1,-1,1964,12,1964,42,packages\slick-carousel\slick\slick.js,0,2330
3449,UnaryExpression,nan,1,-1,-1,1967,26,1967,47,packages\slick-carousel\slick\slick.js,0,2331
3451,MemberExpression,nan,-1,-1,-1,1984,25,1984,38,packages\slick-carousel\slick\slick.js,0,2332
3452,Identifier,clearTimeout,-1,-1,-1,1984,12,1984,24,packages\slick-carousel\slick\slick.js,0,2333
3453,MemberExpression,nan,-1,-1,-1,1985,12,1985,25,packages\slick-carousel\slick\slick.js,0,2334
3454,CallExpression,nan,2,-1,-1,1985,28,1989,18,packages\slick-carousel\slick\slick.js,0,2335
3455,AssignmentExpression,nan,-1,-1,-1,1998,12,1998,32,packages\slick-carousel\slick\slick.js,0,2336
3456,AssignmentExpression,nan,-1,-1,-1,1999,12,1999,64,packages\slick-carousel\slick\slick.js,0,2337
3457,Identifier,index,-1,-1,-1,1997,19,1997,24,packages\slick-carousel\slick\slick.js,0,2338
3461,Identifier,index,-1,-1,-1,2004,45,2004,50,packages\slick-carousel\slick\slick.js,0,2339
3463,CallExpression,nan,0,-1,-1,2011,12,2011,45,packages\slick-carousel\slick\slick.js,0,2340
3464,MemberExpression,nan,-1,-1,-1,2016,43,2016,61,packages\slick-carousel\slick\slick.js,0,2341
3465,MemberExpression,nan,-1,-1,-1,2016,20,2016,42,packages\slick-carousel\slick\slick.js,0,2342
3466,Identifier,position,-1,-1,-1,2035,12,2035,20,packages\slick-carousel\slick\slick.js,0,2343
3467,UnaryExpression,nan,1,-1,-1,2035,23,2035,32,packages\slick-carousel\slick\slick.js,0,2344
3468,CallExpression,nan,1,-1,-1,2037,39,2037,58,packages\slick-carousel\slick\slick.js,0,2345
3470,MemberExpression,nan,-1,-1,-1,2037,12,2037,26,packages\slick-carousel\slick\slick.js,0,2346
3472,CallExpression,nan,1,-1,-1,2038,38,2038,57,packages\slick-carousel\slick\slick.js,0,2347
3474,MemberExpression,nan,-1,-1,-1,2038,12,2038,26,packages\slick-carousel\slick\slick.js,0,2348
3476,Identifier,positionProps,-1,-1,-1,2043,30,2043,43,packages\slick-carousel\slick\slick.js,0,2349
3477,MemberExpression,nan,-1,-1,-1,2043,12,2043,29,packages\slick-carousel\slick\slick.js,0,2350
3479,MemberExpression,nan,-1,-1,-1,2062,16,2062,36,packages\slick-carousel\slick\slick.js,0,2351
3481,MemberExpression,nan,-1,-1,-1,2081,12,2081,24,packages\slick-carousel\slick\slick.js,0,2352
3482,CallExpression,nan,1,-1,-1,2081,27,2081,74,packages\slick-carousel\slick\slick.js,0,2353
3483,CallExpression,nan,1,-1,-1,2082,32,2082,105,packages\slick-carousel\slick\slick.js,0,2354
3484,MemberExpression,nan,-1,-1,-1,2082,12,2082,31,packages\slick-carousel\slick\slick.js,0,2355
3485,MemberExpression,nan,-1,-1,-1,2092,92,2092,104,packages\slick-carousel\slick\slick.js,0,2356
3486,Identifier,offset,-1,-1,-1,2092,107,2092,113,packages\slick-carousel\slick\slick.js,0,2357
3488,IfStatement,nan,-1,-1,-1,2103,12,2119,13,packages\slick-carousel\slick\slick.js,0,2358
3491,MemberExpression,nan,-1,-1,-1,2135,12,2135,23,packages\slick-carousel\slick\slick.js,0,2359
3492,MemberExpression,nan,-1,-1,-1,2133,12,2133,34,packages\slick-carousel\slick\slick.js,0,2360
3494,MemberExpression,nan,-1,-1,-1,2133,44,2133,68,packages\slick-carousel\slick\slick.js,0,2361
3496,AssignmentExpression,nan,-1,-1,-1,2160,12,2160,34,packages\slick-carousel\slick\slick.js,0,2362
3497,AssignmentExpression,nan,-1,-1,-1,2161,12,2161,34,packages\slick-carousel\slick\slick.js,0,2363
3498,AssignmentExpression,nan,-1,-1,-1,2162,12,2162,29,packages\slick-carousel\slick\slick.js,0,2364
3499,AssignmentExpression,nan,-1,-1,-1,2184,12,2184,37,packages\slick-carousel\slick\slick.js,0,2365
3500,CallExpression,nan,0,-1,-1,2231,12,2231,22,packages\slick-carousel\slick\slick.js,0,2366
3501,CallExpression,nan,0,-1,-1,2232,12,2232,22,packages\slick-carousel\slick\slick.js,0,2367
3502,CallExpression,nan,1,-1,-1,2247,21,2247,46,packages\slick-carousel\slick\slick.js,0,2368
3503,MemberExpression,nan,-1,-1,-1,2247,12,2247,20,packages\slick-carousel\slick\slick.js,0,2369
3504,MemberExpression,nan,-1,-1,-1,2261,25,2261,43,packages\slick-carousel\slick\slick.js,0,2370
3507,MemberExpression,nan,-1,-1,-1,2264,12,2264,30,packages\slick-carousel\slick\slick.js,0,2371
3509,MemberExpression,nan,-1,-1,-1,2272,16,2272,32,packages\slick-carousel\slick\slick.js,0,2372
3511,MemberExpression,nan,-1,-1,-1,2269,12,2269,38,packages\slick-carousel\slick\slick.js,0,2373
3512,Identifier,undefined,-1,-1,-1,2269,43,2269,52,packages\slick-carousel\slick\slick.js,0,2374
3513,MemberExpression,nan,-1,-1,-1,2270,12,2270,35,packages\slick-carousel\slick\slick.js,0,2375
3514,Identifier,undefined,-1,-1,-1,2270,40,2270,49,packages\slick-carousel\slick\slick.js,0,2376
3515,IfStatement,nan,-1,-1,-1,2279,16,2281,17,packages\slick-carousel\slick\slick.js,0,2377
3516,UnaryExpression,nan,1,-1,-1,2278,17,2278,40,packages\slick-carousel\slick\slick.js,0,2378
3518,MemberExpression,nan,-1,-1,-1,2288,12,2288,22,packages\slick-carousel\slick\slick.js,0,2379
3520,MemberExpression,nan,-1,-1,-1,2289,12,2289,27,packages\slick-carousel\slick\slick.js,0,2380
3522,MemberExpression,nan,-1,-1,-1,2290,12,2290,28,packages\slick-carousel\slick\slick.js,0,2381
3524,AssignmentExpression,nan,-1,-1,-1,2291,106,2291,124,packages\slick-carousel\slick\slick.js,0,2382
3527,MemberExpression,nan,-1,-1,-1,2294,12,2294,22,packages\slick-carousel\slick\slick.js,0,2383
3529,MemberExpression,nan,-1,-1,-1,2295,12,2295,27,packages\slick-carousel\slick\slick.js,0,2384
3531,MemberExpression,nan,-1,-1,-1,2296,12,2296,28,packages\slick-carousel\slick\slick.js,0,2385
3533,AssignmentExpression,nan,-1,-1,-1,2297,103,2297,121,packages\slick-carousel\slick\slick.js,0,2386
3536,MemberExpression,nan,-1,-1,-1,2300,12,2300,22,packages\slick-carousel\slick\slick.js,0,2387
3538,MemberExpression,nan,-1,-1,-1,2301,12,2301,27,packages\slick-carousel\slick\slick.js,0,2388
3540,MemberExpression,nan,-1,-1,-1,2302,12,2302,28,packages\slick-carousel\slick\slick.js,0,2389
3542,AssignmentExpression,nan,-1,-1,-1,2303,106,2303,124,packages\slick-carousel\slick\slick.js,0,2390
3545,MemberExpression,nan,-1,-1,-1,2306,12,2306,22,packages\slick-carousel\slick\slick.js,0,2391
3547,MemberExpression,nan,-1,-1,-1,2307,12,2307,27,packages\slick-carousel\slick\slick.js,0,2392
3549,MemberExpression,nan,-1,-1,-1,2308,12,2308,28,packages\slick-carousel\slick\slick.js,0,2393
3551,AssignmentExpression,nan,-1,-1,-1,2309,53,2309,71,packages\slick-carousel\slick\slick.js,0,2394
3552,MemberExpression,nan,-1,-1,-1,2309,16,2309,37,packages\slick-carousel\slick\slick.js,0,2395
3553,Identifier,undefined,-1,-1,-1,2309,42,2309,51,packages\slick-carousel\slick\slick.js,0,2396
3554,MemberExpression,nan,-1,-1,-1,2312,12,2312,22,packages\slick-carousel\slick\slick.js,0,2397
3556,MemberExpression,nan,-1,-1,-1,2313,12,2313,27,packages\slick-carousel\slick\slick.js,0,2398
3558,MemberExpression,nan,-1,-1,-1,2314,12,2314,28,packages\slick-carousel\slick\slick.js,0,2399
3564,MemberExpression,nan,-1,-1,-1,2338,16,2338,38,packages\slick-carousel\slick\slick.js,0,2400
3565,MemberExpression,nan,-1,-1,-1,2338,42,2338,58,packages\slick-carousel\slick\slick.js,0,2401
3566,IfStatement,nan,-1,-1,-1,2348,16,2362,17,packages\slick-carousel\slick\slick.js,0,2402
3567,IfStatement,nan,-1,-1,-1,2364,16,2376,17,packages\slick-carousel\slick\slick.js,0,2403
3568,MemberExpression,nan,-1,-1,-1,2346,16,2346,34,packages\slick-carousel\slick\slick.js,0,2404
3571,MemberExpression,nan,-1,-1,-1,2380,12,2382,25,packages\slick-carousel\slick\slick.js,0,2405
3572,MemberExpression,nan,-1,-1,-1,2425,12,2425,22,packages\slick-carousel\slick\slick.js,0,2406
3573,MemberExpression,nan,-1,-1,-1,2435,12,2435,32,packages\slick-carousel\slick\slick.js,0,2407
3575,Identifier,slideIndex,-1,-1,-1,2440,12,2440,22,packages\slick-carousel\slick\slick.js,0,2408
3577,IfStatement,nan,-1,-1,-1,2444,16,2448,17,packages\slick-carousel\slick\slick.js,0,2409
3578,ForStatement,nan,-1,-1,-1,2450,16,2456,17,packages\slick-carousel\slick\slick.js,0,2410
3579,ForStatement,nan,-1,-1,-1,2457,16,2462,17,packages\slick-carousel\slick\slick.js,0,2411
3581,MemberExpression,nan,-1,-1,-1,2442,16,2442,28,packages\slick-carousel\slick\slick.js,0,2412
3582,MemberExpression,nan,-1,-1,-1,2442,31,2442,53,packages\slick-carousel\slick\slick.js,0,2413
3583,MemberExpression,nan,-1,-1,-1,2478,12,2478,22,packages\slick-carousel\slick\slick.js,0,2414
3584,Identifier,index,-1,-1,-1,2499,27,2499,32,packages\slick-carousel\slick\slick.js,0,2415
3587,MemberExpression,nan,-1,-1,-1,2499,12,2499,26,packages\slick-carousel\slick\slick.js,0,2416
3588,Identifier,index,-1,-1,-1,2524,23,2524,28,packages\slick-carousel\slick\slick.js,0,2417
3589,MemberExpression,nan,-1,-1,-1,2524,12,2524,22,packages\slick-carousel\slick\slick.js,0,2418
3590,MemberExpression,nan,-1,-1,-1,2531,24,2531,35,packages\slick-carousel\slick\slick.js,0,2419
3593,IfStatement,nan,-1,-1,-1,2536,16,2542,17,packages\slick-carousel\slick\slick.js,0,2420
3594,MemberExpression,nan,-1,-1,-1,2534,16,2534,30,packages\slick-carousel\slick\slick.js,0,2421
3596,MemberExpression,nan,-1,-1,-1,2533,12,2533,30,packages\slick-carousel\slick\slick.js,0,2422
3598,MemberExpression,nan,-1,-1,-1,2533,44,2533,64,packages\slick-carousel\slick\slick.js,0,2423
3600,Identifier,index,-1,-1,-1,2533,79,2533,84,packages\slick-carousel\slick\slick.js,0,2424
3602,Identifier,index,-1,-1,-1,2533,92,2533,97,packages\slick-carousel\slick\slick.js,0,2425
3604,MemberExpression,nan,-1,-1,-1,2560,26,2560,41,packages\slick-carousel\slick\slick.js,0,2426
3605,Identifier,clearInterval,-1,-1,-1,2560,12,2560,25,packages\slick-carousel\slick\slick.js,0,2427
3609,Identifier,navTarget,-1,-1,-1,2590,12,2590,21,packages\slick-carousel\slick\slick.js,0,2428
3610,CallExpression,nan,0,-1,-1,2590,24,2590,40,packages\slick-carousel\slick\slick.js,0,2429
3611,Identifier,navTarget,-1,-1,-1,2591,12,2591,21,packages\slick-carousel\slick\slick.js,0,2430
3612,CallExpression,nan,1,-1,-1,2591,24,2591,51,packages\slick-carousel\slick\slick.js,0,2431
3614,MemberExpression,nan,-1,-1,-1,2593,17,2593,37,packages\slick-carousel\slick\slick.js,0,2432
3615,MemberExpression,nan,-1,-1,-1,2593,41,2593,71,packages\slick-carousel\slick\slick.js,0,2433
3618,Identifier,dontAnimate,-1,-1,-1,2603,16,2603,27,packages\slick-carousel\slick\slick.js,0,2434
3620,MemberExpression,nan,-1,-1,-1,2614,12,2614,27,packages\slick-carousel\slick\slick.js,0,2435
3621,Identifier,targetLeft,-1,-1,-1,2619,27,2619,37,packages\slick-carousel\slick\slick.js,0,2436
3622,FunctionExpression,nan,-1,0,0,2619,39,2621,13,packages\slick-carousel\slick\slick.js,0,2437
3623,MemberExpression,nan,-1,-1,-1,2619,12,2619,26,packages\slick-carousel\slick\slick.js,0,2438
3624,MemberExpression,nan,-1,-1,-1,2634,12,2634,29,packages\slick-carousel\slick\slick.js,0,2439
3625,MemberExpression,nan,-1,-1,-1,2635,12,2635,29,packages\slick-carousel\slick\slick.js,0,2440
3626,MemberExpression,nan,-1,-1,-1,2641,12,2641,24,packages\slick-carousel\slick\slick.js,0,2441
3628,MemberExpression,nan,-1,-1,-1,2657,42,2657,49,packages\slick-carousel\slick\slick.js,0,2442
3629,Identifier,swipeAngle,-1,-1,-1,2659,12,2659,22,packages\slick-carousel\slick\slick.js,0,2443
3637,ReturnStatement,nan,1,-1,-1,2673,16,2673,30,packages\slick-carousel\slick\slick.js,0,2444
3640,MemberExpression,nan,-1,-1,-1,2693,12,2693,23,packages\slick-carousel\slick\slick.js,0,2445
3642,MemberExpression,nan,-1,-1,-1,2698,26,2698,51,packages\slick-carousel\slick\slick.js,0,2446
3645,ArrayExpression,nan,-1,-1,-1,2705,38,2705,62,packages\slick-carousel\slick\slick.js,0,2447
3646,MemberExpression,nan,-1,-1,-1,2705,12,2705,29,packages\slick-carousel\slick\slick.js,0,2448
3647,Identifier,direction,-1,-1,-1,2710,12,2710,21,packages\slick-carousel\slick\slick.js,0,2449
3648,CallExpression,nan,0,-1,-1,2710,24,2710,42,packages\slick-carousel\slick\slick.js,0,2450
3652,Identifier,direction,-1,-1,-1,2743,16,2743,25,packages\slick-carousel\slick\slick.js,0,2451
3655,Identifier,document,-1,-1,-1,2768,60,2768,68,packages\slick-carousel\slick\slick.js,0,2452
3656,MemberExpression,nan,-1,-1,-1,2768,72,2768,87,packages\slick-carousel\slick\slick.js,0,2453
3658,MemberExpression,nan,-1,-1,-1,2774,36,2774,55,packages\slick-carousel\slick\slick.js,0,2454
3660,MemberExpression,nan,-1,-1,-1,2781,12,2781,34,packages\slick-carousel\slick\slick.js,0,2455
3662,MemberExpression,nan,-1,-1,-1,2809,18,2809,37,packages\slick-carousel\slick\slick.js,0,2456
3663,Identifier,undefined,-1,-1,-1,2809,42,2809,51,packages\slick-carousel\slick\slick.js,0,2457
3664,MemberExpression,nan,-1,-1,-1,2811,13,2811,23,packages\slick-carousel\slick\slick.js,0,2458
3665,MemberExpression,nan,-1,-1,-1,2811,53,2811,67,packages\slick-carousel\slick\slick.js,0,2459
3667,Identifier,touches,-1,-1,-1,2817,29,2817,36,packages\slick-carousel\slick\slick.js,0,2460
3668,Identifier,undefined,-1,-1,-1,2817,41,2817,50,packages\slick-carousel\slick\slick.js,0,2461
3669,Identifier,touches,-1,-1,-1,2818,29,2818,36,packages\slick-carousel\slick\slick.js,0,2462
3670,Identifier,undefined,-1,-1,-1,2818,41,2818,50,packages\slick-carousel\slick\slick.js,0,2463
3671,CallExpression,nan,2,-1,-1,2821,12,2821,66,packages\slick-carousel\slick\slick.js,0,2464
3672,MemberExpression,nan,-1,-1,-1,2820,47,2820,56,packages\slick-carousel\slick\slick.js,0,2465
3673,CallExpression,nan,2,-1,-1,2824,12,2824,66,packages\slick-carousel\slick\slick.js,0,2466
3674,MemberExpression,nan,-1,-1,-1,2823,41,2823,50,packages\slick-carousel\slick\slick.js,0,2467
3675,MemberExpression,nan,-1,-1,-1,2827,12,2827,23,packages\slick-carousel\slick\slick.js,0,2468
3677,MemberExpression,nan,-1,-1,-1,2826,13,2826,38,packages\slick-carousel\slick\slick.js,0,2469
3678,MemberExpression,nan,-1,-1,-1,2826,43,2826,52,packages\slick-carousel\slick\slick.js,0,2470
3679,MemberExpression,nan,-1,-1,-1,2832,12,2832,37,packages\slick-carousel\slick\slick.js,0,2471
3680,Identifier,verticalSwipeLength,-1,-1,-1,2832,40,2832,59,packages\slick-carousel\slick\slick.js,0,2472
3681,MemberExpression,nan,-1,-1,-1,2838,12,2838,21,packages\slick-carousel\slick\slick.js,0,2473
3683,MemberExpression,nan,-1,-1,-1,2839,12,2839,32,packages\slick-carousel\slick\slick.js,0,2474
3688,Identifier,positionOffset,-1,-1,-1,2844,12,2844,26,packages\slick-carousel\slick\slick.js,0,2475
3689,ConditionalExpression,nan,-1,-1,-1,2844,29,2844,79,packages\slick-carousel\slick\slick.js,0,2476
3692,LogicalExpression,nan,-1,-1,-1,2853,17,2853,67,packages\slick-carousel\slick\slick.js,0,2477
3693,LogicalExpression,nan,-1,-1,-1,2853,73,2853,135,packages\slick-carousel\slick\slick.js,0,2478
3694,MemberExpression,nan,-1,-1,-1,2860,12,2860,23,packages\slick-carousel\slick\slick.js,0,2479
3696,MemberExpression,nan,-1,-1,-1,2865,12,2865,23,packages\slick-carousel\slick\slick.js,0,2480
3698,MemberExpression,nan,-1,-1,-1,2873,12,2873,23,packages\slick-carousel\slick\slick.js,0,2481
3700,MemberExpression,nan,-1,-1,-1,2889,12,2889,25,packages\slick-carousel\slick\slick.js,0,2482
3701,ObjectExpression,nan,-1,-1,-1,2889,28,2889,30,packages\slick-carousel\slick\slick.js,0,2483
3702,Identifier,touches,-1,-1,-1,2894,12,2894,19,packages\slick-carousel\slick\slick.js,0,2484
3703,MemberExpression,nan,-1,-1,-1,2894,22,2894,52,packages\slick-carousel\slick\slick.js,0,2485
3704,MemberExpression,nan,-1,-1,-1,2897,76,2897,89,packages\slick-carousel\slick\slick.js,0,2486
3706,MemberExpression,nan,-1,-1,-1,2898,76,2898,89,packages\slick-carousel\slick\slick.js,0,2487
3708,CallExpression,nan,0,-1,-1,2910,12,2910,22,packages\slick-carousel\slick\slick.js,0,2488
3709,CallExpression,nan,0,-1,-1,2912,12,2912,63,packages\slick-carousel\slick\slick.js,0,2489
3710,CallExpression,nan,1,-1,-1,2914,12,2914,50,packages\slick-carousel\slick\slick.js,0,2490
3711,CallExpression,nan,0,-1,-1,2916,12,2916,22,packages\slick-carousel\slick\slick.js,0,2491
3712,MemberExpression,nan,-1,-1,-1,2929,12,2929,26,packages\slick-carousel\slick\slick.js,0,2492
3713,MemberExpression,nan,-1,-1,-1,2933,12,2933,31,packages\slick-carousel\slick\slick.js,0,2493
3714,MemberExpression,nan,-1,-1,-1,2937,12,2937,31,packages\slick-carousel\slick\slick.js,0,2494
3715,MemberExpression,nan,-1,-1,-1,2960,34,2960,56,packages\slick-carousel\slick\slick.js,0,2495
3719,MemberExpression,nan,-1,-1,-1,2966,12,2966,59,packages\slick-carousel\slick\slick.js,0,2496
3722,MemberExpression,nan,-1,-1,-1,2967,12,2967,59,packages\slick-carousel\slick\slick.js,0,2497
3725,MemberExpression,nan,-1,-1,-1,2969,16,2969,30,packages\slick-carousel\slick\slick.js,0,2498
3727,MemberExpression,nan,-1,-1,-1,2962,13,2962,29,packages\slick-carousel\slick\slick.js,0,2499
3729,MemberExpression,nan,-1,-1,-1,2963,12,2963,24,packages\slick-carousel\slick\slick.js,0,2500
3730,MemberExpression,nan,-1,-1,-1,2963,27,2963,49,packages\slick-carousel\slick\slick.js,0,2501
3731,MemberExpression,nan,-1,-1,-1,2996,12,2999,24,packages\slick-carousel\slick\slick.js,0,2502
3733,MemberExpression,nan,-1,-1,-1,3001,12,3004,25,packages\slick-carousel\slick\slick.js,0,2503
3735,AssignmentExpression,nan,-1,-1,-1,3039,16,3039,49,packages\slick-carousel\slick\slick.js,0,2504
3738,Identifier,ret,-1,-1,-1,3042,50,3042,53,packages\slick-carousel\slick\slick.js,0,2505
3739,UnaryExpression,nan,1,-1,-1,3042,16,3042,26,packages\slick-carousel\slick\slick.js,0,2506
3741,MemberExpression,nan,-1,-1,-1,51,12,51,22,packages\slick-carousel\slick\slick.js,0,2507
3742,ObjectExpression,nan,-1,-1,-1,51,25,103,13,packages\slick-carousel\slick\slick.js,0,2508
3743,MemberExpression,nan,-1,-1,-1,105,12,105,22,packages\slick-carousel\slick\slick.js,0,2509
3744,ObjectExpression,nan,-1,-1,-1,105,25,132,13,packages\slick-carousel\slick\slick.js,0,2510
3745,Identifier,_,-1,-1,-1,134,21,134,22,packages\slick-carousel\slick\slick.js,0,2511
3746,MemberExpression,nan,-1,-1,-1,134,24,134,34,packages\slick-carousel\slick\slick.js,0,2512
3747,MemberExpression,nan,-1,-1,-1,134,12,134,20,packages\slick-carousel\slick\slick.js,0,2513
3748,MemberExpression,nan,-1,-1,-1,136,12,136,30,packages\slick-carousel\slick\slick.js,0,2514
3750,MemberExpression,nan,-1,-1,-1,137,12,137,22,packages\slick-carousel\slick\slick.js,0,2515
3752,MemberExpression,nan,-1,-1,-1,138,12,138,22,packages\slick-carousel\slick\slick.js,0,2516
3754,MemberExpression,nan,-1,-1,-1,139,12,139,25,packages\slick-carousel\slick\slick.js,0,2517
3755,ArrayExpression,nan,-1,-1,-1,139,28,139,30,packages\slick-carousel\slick\slick.js,0,2518
3756,MemberExpression,nan,-1,-1,-1,140,12,140,32,packages\slick-carousel\slick\slick.js,0,2519
3757,ArrayExpression,nan,-1,-1,-1,140,35,140,37,packages\slick-carousel\slick\slick.js,0,2520
3758,MemberExpression,nan,-1,-1,-1,141,12,141,28,packages\slick-carousel\slick\slick.js,0,2521
3760,MemberExpression,nan,-1,-1,-1,142,12,142,22,packages\slick-carousel\slick\slick.js,0,2522
3762,MemberExpression,nan,-1,-1,-1,143,12,143,25,packages\slick-carousel\slick\slick.js,0,2523
3764,MemberExpression,nan,-1,-1,-1,144,12,144,20,packages\slick-carousel\slick\slick.js,0,2524
3766,MemberExpression,nan,-1,-1,-1,145,12,145,20,packages\slick-carousel\slick\slick.js,0,2525
3768,MemberExpression,nan,-1,-1,-1,146,12,146,26,packages\slick-carousel\slick\slick.js,0,2526
3770,MemberExpression,nan,-1,-1,-1,147,12,147,23,packages\slick-carousel\slick\slick.js,0,2527
3772,MemberExpression,nan,-1,-1,-1,148,12,148,22,packages\slick-carousel\slick\slick.js,0,2528
3774,MemberExpression,nan,-1,-1,-1,149,12,149,25,packages\slick-carousel\slick\slick.js,0,2529
3776,MemberExpression,nan,-1,-1,-1,150,12,150,21,packages\slick-carousel\slick\slick.js,0,2530
3777,CallExpression,nan,1,-1,-1,150,24,150,34,packages\slick-carousel\slick\slick.js,0,2531
3778,MemberExpression,nan,-1,-1,-1,151,12,151,26,packages\slick-carousel\slick\slick.js,0,2532
3780,MemberExpression,nan,-1,-1,-1,152,12,152,27,packages\slick-carousel\slick\slick.js,0,2533
3782,MemberExpression,nan,-1,-1,-1,153,12,153,28,packages\slick-carousel\slick\slick.js,0,2534
3784,MemberExpression,nan,-1,-1,-1,154,12,154,30,packages\slick-carousel\slick\slick.js,0,2535
3786,MemberExpression,nan,-1,-1,-1,155,12,155,25,packages\slick-carousel\slick\slick.js,0,2536
3788,MemberExpression,nan,-1,-1,-1,156,12,156,25,packages\slick-carousel\slick\slick.js,0,2537
3790,Identifier,dataSettings,-1,-1,-1,158,12,158,24,packages\slick-carousel\slick\slick.js,0,2538
3791,LogicalExpression,nan,-1,-1,-1,158,27,158,57,packages\slick-carousel\slick\slick.js,0,2539
3792,MemberExpression,nan,-1,-1,-1,160,12,160,21,packages\slick-carousel\slick\slick.js,0,2540
3793,CallExpression,nan,4,-1,-1,160,24,160,72,packages\slick-carousel\slick\slick.js,0,2541
3794,MemberExpression,nan,-1,-1,-1,162,12,162,26,packages\slick-carousel\slick\slick.js,0,2542
3795,MemberExpression,nan,-1,-1,-1,162,29,162,51,packages\slick-carousel\slick\slick.js,0,2543
3796,MemberExpression,nan,-1,-1,-1,164,12,164,30,packages\slick-carousel\slick\slick.js,0,2544
3797,MemberExpression,nan,-1,-1,-1,164,33,164,42,packages\slick-carousel\slick\slick.js,0,2545
3798,MemberExpression,nan,-1,-1,-1,166,12,166,22,packages\slick-carousel\slick\slick.js,0,2546
3799,CallExpression,nan,2,-1,-1,166,25,166,47,packages\slick-carousel\slick\slick.js,0,2547
3800,MemberExpression,nan,-1,-1,-1,167,12,167,27,packages\slick-carousel\slick\slick.js,0,2548
3801,CallExpression,nan,2,-1,-1,167,30,167,57,packages\slick-carousel\slick\slick.js,0,2549
3802,MemberExpression,nan,-1,-1,-1,168,12,168,30,packages\slick-carousel\slick\slick.js,0,2550
3803,CallExpression,nan,2,-1,-1,168,33,168,63,packages\slick-carousel\slick\slick.js,0,2551
3804,MemberExpression,nan,-1,-1,-1,169,12,169,25,packages\slick-carousel\slick\slick.js,0,2552
3805,CallExpression,nan,2,-1,-1,169,28,169,53,packages\slick-carousel\slick\slick.js,0,2553
3806,MemberExpression,nan,-1,-1,-1,170,12,170,26,packages\slick-carousel\slick\slick.js,0,2554
3807,CallExpression,nan,2,-1,-1,170,29,170,55,packages\slick-carousel\slick\slick.js,0,2555
3808,MemberExpression,nan,-1,-1,-1,171,12,171,27,packages\slick-carousel\slick\slick.js,0,2556
3809,CallExpression,nan,2,-1,-1,171,30,171,57,packages\slick-carousel\slick\slick.js,0,2557
3810,MemberExpression,nan,-1,-1,-1,172,12,172,25,packages\slick-carousel\slick\slick.js,0,2558
3811,CallExpression,nan,2,-1,-1,172,28,172,53,packages\slick-carousel\slick\slick.js,0,2559
3812,MemberExpression,nan,-1,-1,-1,173,12,173,26,packages\slick-carousel\slick\slick.js,0,2560
3813,CallExpression,nan,2,-1,-1,173,29,173,55,packages\slick-carousel\slick\slick.js,0,2561
3814,MemberExpression,nan,-1,-1,-1,174,12,174,25,packages\slick-carousel\slick\slick.js,0,2562
3815,CallExpression,nan,2,-1,-1,174,28,174,53,packages\slick-carousel\slick\slick.js,0,2563
3816,MemberExpression,nan,-1,-1,-1,175,12,175,24,packages\slick-carousel\slick\slick.js,0,2564
3817,CallExpression,nan,2,-1,-1,175,27,175,51,packages\slick-carousel\slick\slick.js,0,2565
3818,MemberExpression,nan,-1,-1,-1,177,12,177,25,packages\slick-carousel\slick\slick.js,0,2566
3819,UpdateExpression,nan,1,-1,-1,177,28,177,41,packages\slick-carousel\slick\slick.js,0,2567
3820,MemberExpression,nan,-1,-1,-1,182,12,182,22,packages\slick-carousel\slick\slick.js,0,2568
3822,MemberExpression,nan,-1,-1,-1,185,12,185,33,packages\slick-carousel\slick\slick.js,0,2569
3824,MemberExpression,nan,-1,-1,-1,186,12,186,18,packages\slick-carousel\slick\slick.js,0,2570
3825,Identifier,addBefore,-1,-1,-1,211,12,211,21,packages\slick-carousel\slick\slick.js,0,2571
3826,Identifier,index,-1,-1,-1,211,24,211,29,packages\slick-carousel\slick\slick.js,0,2572
3827,Identifier,index,-1,-1,-1,212,12,212,17,packages\slick-carousel\slick\slick.js,0,2573
3833,Identifier,targetLeft,-1,-1,-1,269,26,269,36,packages\slick-carousel\slick\slick.js,0,2574
3834,CallExpression,nan,4,-1,-1,273,16,275,63,packages\slick-carousel\slick\slick.js,0,2575
3835,MemberExpression,nan,-1,-1,-1,347,39,347,48,packages\slick-carousel\slick\slick.js,0,2576
3836,MemberExpression,nan,-1,-1,-1,347,23,347,38,packages\slick-carousel\slick\slick.js,0,2577
3838,BlockStatement,nan,-1,-1,-1,360,37,365,13,packages\slick-carousel\slick\slick.js,0,2578
3840,MemberExpression,nan,-1,-1,-1,376,93,376,110,packages\slick-carousel\slick\slick.js,0,2579
3841,MemberExpression,nan,-1,-1,-1,396,43,396,61,packages\slick-carousel\slick\slick.js,0,2580
3842,MemberExpression,nan,-1,-1,-1,396,63,396,86,packages\slick-carousel\slick\slick.js,0,2581
3843,Identifier,setInterval,-1,-1,-1,396,30,396,41,packages\slick-carousel\slick\slick.js,0,2582
3844,BlockStatement,nan,-1,-1,-1,420,91,422,17,packages\slick-carousel\slick\slick.js,0,2583
3845,LogicalExpression,nan,-1,-1,-1,420,21,420,89,packages\slick-carousel\slick\slick.js,0,2584
3847,MemberExpression,nan,-1,-1,-1,448,27,448,58,packages\slick-carousel\slick\slick.js,0,2585
3849,MemberExpression,nan,-1,-1,-1,449,27,449,58,packages\slick-carousel\slick\slick.js,0,2586
3850,CallExpression,nan,1,-1,-1,453,16,453,91,packages\slick-carousel\slick\slick.js,0,2587
3851,CallExpression,nan,1,-1,-1,454,16,454,91,packages\slick-carousel\slick\slick.js,0,2588
3852,BlockStatement,nan,-1,-1,-1,456,58,458,17,packages\slick-carousel\slick\slick.js,0,2589
3853,CallExpression,nan,1,-1,-1,456,20,456,56,packages\slick-carousel\slick\slick.js,0,2590
3854,BlockStatement,nan,-1,-1,-1,460,58,462,17,packages\slick-carousel\slick\slick.js,0,2591
3855,CallExpression,nan,1,-1,-1,460,20,460,56,packages\slick-carousel\slick\slick.js,0,2592
3856,BlockStatement,nan,-1,-1,-1,464,49,468,17,packages\slick-carousel\slick\slick.js,0,2593
3858,MemberExpression,nan,-1,-1,-1,495,42,495,61,packages\slick-carousel\slick\slick.js,0,2594
3859,MemberExpression,nan,-1,-1,-1,495,18,495,41,packages\slick-carousel\slick\slick.js,0,2595
3860,MemberExpression,nan,-1,-1,-1,497,29,497,42,packages\slick-carousel\slick\slick.js,0,2596
3861,CallExpression,nan,1,-1,-1,498,16,498,90,packages\slick-carousel\slick\slick.js,0,2597
3862,MemberExpression,nan,-1,-1,-1,501,35,501,55,packages\slick-carousel\slick\slick.js,0,2598
3863,MemberExpression,nan,-1,-1,-1,501,22,501,34,packages\slick-carousel\slick\slick.js,0,2599
3864,CallExpression,nan,2,-1,-1,521,12,523,72,packages\slick-carousel\slick\slick.js,0,2600
3865,MemberExpression,nan,-1,-1,-1,551,33,551,47,packages\slick-carousel\slick\slick.js,0,2601
3866,MemberExpression,nan,-1,-1,-1,568,31,568,53,packages\slick-carousel\slick\slick.js,0,2602
3867,MemberExpression,nan,-1,-1,-1,568,56,568,70,packages\slick-carousel\slick\slick.js,0,2603
3869,MemberExpression,nan,-1,-1,-1,569,26,569,35,packages\slick-carousel\slick\slick.js,0,2604
3871,BlockStatement,nan,-1,-1,-1,575,52,584,17,packages\slick-carousel\slick\slick.js,0,2605
3872,CallExpression,nan,1,-1,-1,585,16,585,44,packages\slick-carousel\slick\slick.js,0,2606
3873,BlockStatement,nan,-1,-1,-1,621,62,631,17,packages\slick-carousel\slick\slick.js,0,2607
3874,CallExpression,nan,1,-1,-1,621,20,621,60,packages\slick-carousel\slick\slick.js,0,2608
3875,BlockStatement,nan,-1,-1,-1,635,49,652,17,packages\slick-carousel\slick\slick.js,0,2609
3877,CallExpression,nan,2,-1,-1,681,16,681,71,packages\slick-carousel\slick\slick.js,0,2610
3878,Identifier,initial,-1,-1,-1,680,17,680,24,packages\slick-carousel\slick\slick.js,0,2611
3879,Identifier,triggerBreakpoint,-1,-1,-1,680,28,680,45,packages\slick-carousel\slick\slick.js,0,2612
3882,MemberExpression,nan,-1,-1,-1,700,22,700,37,packages\slick-carousel\slick\slick.js,0,2613
3883,MemberExpression,nan,-1,-1,-1,767,49,767,60,packages\slick-carousel\slick\slick.js,0,2614
3884,Identifier,_,-1,-1,-1,767,62,767,63,packages\slick-carousel\slick\slick.js,0,2615
3886,MemberExpression,nan,-1,-1,-1,767,41,767,48,packages\slick-carousel\slick\slick.js,0,2616
3887,CallExpression,nan,2,-1,-1,770,16,770,58,packages\slick-carousel\slick\slick.js,0,2617
3889,MemberExpression,nan,-1,-1,-1,777,60,777,73,packages\slick-carousel\slick\slick.js,0,2618
3890,MemberExpression,nan,-1,-1,-1,777,28,777,44,packages\slick-carousel\slick\slick.js,0,2619
3892,MemberExpression,nan,-1,-1,-1,778,60,778,73,packages\slick-carousel\slick\slick.js,0,2620
3893,MemberExpression,nan,-1,-1,-1,778,28,778,44,packages\slick-carousel\slick\slick.js,0,2621
3894,LogicalExpression,nan,-1,-1,-1,781,16,781,79,packages\slick-carousel\slick\slick.js,0,2622
3895,LogicalExpression,nan,-1,-1,-1,782,16,782,79,packages\slick-carousel\slick\slick.js,0,2623
3896,MemberExpression,nan,-1,-1,-1,829,29,829,58,packages\slick-carousel\slick\slick.js,0,2624
3897,CallExpression,nan,0,-1,-1,872,16,872,37,packages\slick-carousel\slick\slick.js,0,2625
3898,CallExpression,nan,0,-1,-1,884,16,884,37,packages\slick-carousel\slick\slick.js,0,2626
3900,BlockStatement,nan,-1,-1,-1,895,32,897,17,packages\slick-carousel\slick\slick.js,0,2627
3901,MemberExpression,nan,-1,-1,-1,1003,12,1003,26,packages\slick-carousel\slick\slick.js,0,2628
3902,MemberExpression,nan,-1,-1,-1,1003,29,1003,38,packages\slick-carousel\slick\slick.js,0,2629
3903,MemberExpression,nan,-1,-1,-1,1005,12,1005,20,packages\slick-carousel\slick\slick.js,0,2630
3904,MemberExpression,nan,-1,-1,-1,1007,12,1007,61,packages\slick-carousel\slick\slick.js,0,2631
3905,MemberExpression,nan,-1,-1,-1,1009,51,1009,64,packages\slick-carousel\slick\slick.js,0,2632
3906,MemberExpression,nan,-1,-1,-1,1009,12,1009,50,packages\slick-carousel\slick\slick.js,0,2633
3907,MemberExpression,nan,-1,-1,-1,1011,12,1011,20,packages\slick-carousel\slick\slick.js,0,2634
3908,BlockStatement,nan,-1,-1,-1,1046,49,1049,21,packages\slick-carousel\slick\slick.js,0,2635
3909,MemberExpression,nan,-1,-1,-1,1046,24,1046,46,packages\slick-carousel\slick\slick.js,0,2636
3910,UpdateExpression,nan,1,-1,-1,1071,17,1071,27,packages\slick-carousel\slick\slick.js,0,2637
3911,AssignmentExpression,nan,-1,-1,-1,1109,16,1109,76,packages\slick-carousel\slick\slick.js,0,2638
3912,AssignmentExpression,nan,-1,-1,-1,1110,16,1110,25,packages\slick-carousel\slick\slick.js,0,2639
3913,BlockStatement,nan,-1,-1,-1,1112,82,1118,17,packages\slick-carousel\slick\slick.js,0,2640
3914,LogicalExpression,nan,-1,-1,-1,1112,20,1112,80,packages\slick-carousel\slick\slick.js,0,2641
3915,AssignmentExpression,nan,-1,-1,-1,1119,16,1119,81,packages\slick-carousel\slick\slick.js,0,2642
3916,BlockStatement,nan,-1,-1,-1,1122,115,1130,17,packages\slick-carousel\slick\slick.js,0,2643
3917,LogicalExpression,nan,-1,-1,-1,1122,20,1122,113,packages\slick-carousel\slick\slick.js,0,2644
3918,MemberExpression,nan,-1,-1,-1,1121,16,1121,28,packages\slick-carousel\slick\slick.js,0,2645
3919,MemberExpression,nan,-1,-1,-1,1121,31,1121,55,packages\slick-carousel\slick\slick.js,0,2646
3923,MemberExpression,nan,-1,-1,-1,1154,62,1154,75,packages\slick-carousel\slick\slick.js,0,2647
3924,AssignmentExpression,nan,-1,-1,-1,1162,16,1162,83,packages\slick-carousel\slick\slick.js,0,2648
3925,MemberExpression,nan,-1,-1,-1,1161,16,1161,28,packages\slick-carousel\slick\slick.js,0,2649
3926,MemberExpression,nan,-1,-1,-1,1161,32,1161,54,packages\slick-carousel\slick\slick.js,0,2650
3927,MemberExpression,nan,-1,-1,-1,1161,58,1161,76,packages\slick-carousel\slick\slick.js,0,2651
3929,BlockStatement,nan,-1,-1,-1,1168,36,1170,17,packages\slick-carousel\slick\slick.js,0,2652
3930,MemberExpression,nan,-1,-1,-1,1168,20,1168,34,packages\slick-carousel\slick\slick.js,0,2653
3931,BlockStatement,nan,-1,-1,-1,1178,92,1180,17,packages\slick-carousel\slick\slick.js,0,2654
3932,LogicalExpression,nan,-1,-1,-1,1178,20,1178,90,packages\slick-carousel\slick\slick.js,0,2655
3933,BlockStatement,nan,-1,-1,-1,1184,44,1190,17,packages\slick-carousel\slick\slick.js,0,2656
3935,AssignmentExpression,nan,-1,-1,-1,1194,16,1194,78,packages\slick-carousel\slick\slick.js,0,2657
3936,Identifier,counter,-1,-1,-1,1228,25,1228,32,packages\slick-carousel\slick\slick.js,0,2658
3937,MemberExpression,nan,-1,-1,-1,1228,35,1228,59,packages\slick-carousel\slick\slick.js,0,2659
3938,MemberExpression,nan,-1,-1,-1,1229,76,1229,100,packages\slick-carousel\slick\slick.js,0,2660
3940,CallExpression,nan,0,-1,-1,1247,66,1247,81,packages\slick-carousel\slick\slick.js,0,2661
3943,Identifier,index,-1,-1,-1,1252,61,1252,66,packages\slick-carousel\slick\slick.js,0,2662
3944,Identifier,slide,-1,-1,-1,1252,68,1252,73,packages\slick-carousel\slick\slick.js,0,2663
3946,BlockStatement,nan,-1,-1,-1,1252,75,1267,13,packages\slick-carousel\slick\slick.js,0,2664
3947,CallExpression,nan,1,-1,-1,1269,30,1269,96,packages\slick-carousel\slick\slick.js,0,2665
3949,Identifier,i,-1,-1,-1,1345,77,1345,78,packages\slick-carousel\slick\slick.js,0,2666
3951,BlockStatement,nan,-1,-1,-1,1345,80,1362,13,packages\slick-carousel\slick\slick.js,0,2667
3952,CallExpression,nan,1,-1,-1,1388,12,1388,51,packages\slick-carousel\slick\slick.js,0,2668
3953,CallExpression,nan,2,-1,-1,1415,16,1415,62,packages\slick-carousel\slick\slick.js,0,2669
3954,CallExpression,nan,2,-1,-1,1416,16,1416,62,packages\slick-carousel\slick\slick.js,0,2670
3955,CallExpression,nan,2,-1,-1,1432,16,1432,57,packages\slick-carousel\slick\slick.js,0,2671
3956,MemberExpression,nan,-1,-1,-1,1440,48,1440,59,packages\slick-carousel\slick\slick.js,0,2672
3957,Identifier,_,-1,-1,-1,1440,61,1440,62,packages\slick-carousel\slick\slick.js,0,2673
3959,MemberExpression,nan,-1,-1,-1,1440,40,1440,47,packages\slick-carousel\slick\slick.js,0,2674
3960,MemberExpression,nan,-1,-1,-1,1452,51,1452,62,packages\slick-carousel\slick\slick.js,0,2675
3961,Identifier,_,-1,-1,-1,1452,64,1452,65,packages\slick-carousel\slick\slick.js,0,2676
3963,MemberExpression,nan,-1,-1,-1,1452,43,1452,50,packages\slick-carousel\slick\slick.js,0,2677
3964,MemberExpression,nan,-1,-1,-1,1453,51,1453,62,packages\slick-carousel\slick\slick.js,0,2678
3965,Identifier,_,-1,-1,-1,1453,64,1453,65,packages\slick-carousel\slick\slick.js,0,2679
3967,MemberExpression,nan,-1,-1,-1,1453,43,1453,50,packages\slick-carousel\slick\slick.js,0,2680
3968,CallExpression,nan,1,-1,-1,1529,16,1533,18,packages\slick-carousel\slick\slick.js,0,2681
3969,MemberExpression,nan,-1,-1,-1,1528,16,1528,29,packages\slick-carousel\slick\slick.js,0,2682
3971,MemberExpression,nan,-1,-1,-1,1528,40,1528,63,packages\slick-carousel\slick\slick.js,0,2683
3974,BlockStatement,nan,-1,-1,-1,1552,61,1600,13,packages\slick-carousel\slick\slick.js,0,2684
3975,AssignmentExpression,nan,-1,-1,-1,1606,16,1606,78,packages\slick-carousel\slick\slick.js,0,2685
3976,AssignmentExpression,nan,-1,-1,-1,1607,16,1607,66,packages\slick-carousel\slick\slick.js,0,2686
3979,AssignmentExpression,nan,-1,-1,-1,1630,16,1630,64,packages\slick-carousel\slick\slick.js,0,2687
3980,AssignmentExpression,nan,-1,-1,-1,1631,16,1631,64,packages\slick-carousel\slick\slick.js,0,2688
3981,UpdateExpression,nan,1,-1,-1,1632,16,1632,27,packages\slick-carousel\slick\slick.js,0,2689
3982,UpdateExpression,nan,1,-1,-1,1633,16,1633,27,packages\slick-carousel\slick\slick.js,0,2690
3984,MemberExpression,nan,-1,-1,-1,1640,25,1640,39,packages\slick-carousel\slick\slick.js,0,2691
3985,CallExpression,nan,0,-1,-1,1726,16,1726,31,packages\slick-carousel\slick\slick.js,0,2692
3986,CallExpression,nan,0,-1,-1,1732,16,1732,28,packages\slick-carousel\slick\slick.js,0,2693
3987,CallExpression,nan,0,-1,-1,1736,16,1736,27,packages\slick-carousel\slick\slick.js,0,2694
3988,BlockStatement,nan,-1,-1,-1,1738,45,1741,17,packages\slick-carousel\slick\slick.js,0,2695
3989,MemberExpression,nan,-1,-1,-1,1738,20,1738,43,packages\slick-carousel\slick\slick.js,0,2696
3990,MemberExpression,nan,-1,-1,-1,1780,20,1780,37,packages\slick-carousel\slick\slick.js,0,2697
3992,MemberExpression,nan,-1,-1,-1,1781,26,1781,36,packages\slick-carousel\slick\slick.js,0,2698
3994,MemberExpression,nan,-1,-1,-1,1782,26,1782,36,packages\slick-carousel\slick\slick.js,0,2699
3995,CallExpression,nan,1,-1,-1,1783,26,1783,50,packages\slick-carousel\slick\slick.js,0,2700
3996,CallExpression,nan,1,-1,-1,1783,54,1783,82,packages\slick-carousel\slick\slick.js,0,2701
3998,MemberExpression,nan,-1,-1,-1,1784,26,1784,48,packages\slick-carousel\slick\slick.js,0,2702
4000,BlockStatement,nan,-1,-1,-1,1786,44,1810,13,packages\slick-carousel\slick\slick.js,0,2703
4002,BlockStatement,nan,-1,-1,-1,1812,45,1838,13,packages\slick-carousel\slick\slick.js,0,2704
4003,MemberExpression,nan,-1,-1,-1,1896,26,1896,45,packages\slick-carousel\slick\slick.js,0,2705
4005,AssignmentExpression,nan,-1,-1,-1,1900,16,1900,42,packages\slick-carousel\slick\slick.js,0,2706
4006,BlockStatement,nan,-1,-1,-1,1902,67,1917,17,packages\slick-carousel\slick\slick.js,0,2707
4007,CallExpression,nan,1,-1,-1,1902,20,1902,65,packages\slick-carousel\slick\slick.js,0,2708
4008,Identifier,a,-1,-1,-1,1921,40,1921,41,packages\slick-carousel\slick\slick.js,0,2709
4009,Identifier,b,-1,-1,-1,1921,43,1921,44,packages\slick-carousel\slick\slick.js,0,2710
4011,BlockStatement,nan,-1,-1,-1,1921,46,1923,13,packages\slick-carousel\slick\slick.js,0,2711
4012,MemberExpression,nan,-1,-1,-1,1941,29,1941,43,packages\slick-carousel\slick\slick.js,0,2712
4013,MemberExpression,nan,-1,-1,-1,1941,46,1941,70,packages\slick-carousel\slick\slick.js,0,2713
4014,MemberExpression,nan,-1,-1,-1,1967,33,1967,47,packages\slick-carousel\slick\slick.js,0,2714
4015,FunctionExpression,nan,-1,0,0,1985,46,1989,13,packages\slick-carousel\slick\slick.js,0,2715
4017,MemberExpression,nan,-1,-1,-1,1985,28,1985,45,packages\slick-carousel\slick\slick.js,0,2716
4018,Identifier,removeBefore,-1,-1,-1,1998,12,1998,24,packages\slick-carousel\slick\slick.js,0,2717
4019,Identifier,index,-1,-1,-1,1998,27,1998,32,packages\slick-carousel\slick\slick.js,0,2718
4020,Identifier,index,-1,-1,-1,1999,12,1999,17,packages\slick-carousel\slick\slick.js,0,2719
4021,ConditionalExpression,nan,-1,-1,-1,1999,20,1999,64,packages\slick-carousel\slick\slick.js,0,2720
4022,MemberExpression,nan,-1,-1,-1,2004,12,2004,24,packages\slick-carousel\slick\slick.js,0,2721
4024,Identifier,index,-1,-1,-1,2004,32,2004,37,packages\slick-carousel\slick\slick.js,0,2722
4026,MemberExpression,nan,-1,-1,-1,2004,53,2004,65,packages\slick-carousel\slick\slick.js,0,2723
4028,MemberExpression,nan,-1,-1,-1,2011,12,2011,43,packages\slick-carousel\slick\slick.js,0,2724
4029,Identifier,position,-1,-1,-1,2035,24,2035,32,packages\slick-carousel\slick\slick.js,0,2725
4030,Identifier,position,-1,-1,-1,2037,49,2037,57,packages\slick-carousel\slick\slick.js,0,2726
4031,MemberExpression,nan,-1,-1,-1,2037,39,2037,48,packages\slick-carousel\slick\slick.js,0,2727
4032,Identifier,position,-1,-1,-1,2038,48,2038,56,packages\slick-carousel\slick\slick.js,0,2728
4033,MemberExpression,nan,-1,-1,-1,2038,38,2038,47,packages\slick-carousel\slick\slick.js,0,2729
4034,CallExpression,nan,1,-1,-1,2063,16,2065,18,packages\slick-carousel\slick\slick.js,0,2730
4036,MemberExpression,nan,-1,-1,-1,2081,27,2081,36,packages\slick-carousel\slick\slick.js,0,2731
4038,MemberExpression,nan,-1,-1,-1,2082,32,2082,41,packages\slick-carousel\slick\slick.js,0,2732
4039,AssignmentExpression,nan,-1,-1,-1,2102,12,2102,52,packages\slick-carousel\slick\slick.js,0,2733
4040,BlockStatement,nan,-1,-1,-1,2103,40,2111,13,packages\slick-carousel\slick\slick.js,0,2734
4042,Identifier,targetHeight,-1,-1,-1,2135,34,2135,46,packages\slick-carousel\slick\slick.js,0,2735
4044,Identifier,option,-1,-1,-1,2160,12,2160,18,packages\slick-carousel\slick\slick.js,0,2736
4045,MemberExpression,nan,-1,-1,-1,2160,22,2160,34,packages\slick-carousel\slick\slick.js,0,2737
4046,Identifier,refresh,-1,-1,-1,2161,12,2161,19,packages\slick-carousel\slick\slick.js,0,2738
4047,MemberExpression,nan,-1,-1,-1,2161,22,2161,34,packages\slick-carousel\slick\slick.js,0,2739
4048,Identifier,type,-1,-1,-1,2162,12,2162,16,packages\slick-carousel\slick\slick.js,0,2740
4050,MemberExpression,nan,-1,-1,-1,2184,12,2184,29,packages\slick-carousel\slick\slick.js,0,2741
4051,Identifier,value,-1,-1,-1,2184,32,2184,37,packages\slick-carousel\slick\slick.js,0,2742
4052,MemberExpression,nan,-1,-1,-1,2231,12,2231,20,packages\slick-carousel\slick\slick.js,0,2743
4053,MemberExpression,nan,-1,-1,-1,2232,12,2232,20,packages\slick-carousel\slick\slick.js,0,2744
4054,MemberExpression,nan,-1,-1,-1,2247,31,2247,45,packages\slick-carousel\slick\slick.js,0,2745
4055,MemberExpression,nan,-1,-1,-1,2247,21,2247,30,packages\slick-carousel\slick\slick.js,0,2746
4056,AssignmentExpression,nan,-1,-1,-1,2273,16,2273,39,packages\slick-carousel\slick\slick.js,0,2747
4057,BlockStatement,nan,-1,-1,-1,2279,43,2281,17,packages\slick-carousel\slick\slick.js,0,2748
4059,MemberExpression,nan,-1,-1,-1,2278,24,2278,40,packages\slick-carousel\slick\slick.js,0,2749
4060,MemberExpression,nan,-1,-1,-1,2291,106,2291,116,packages\slick-carousel\slick\slick.js,0,2750
4062,MemberExpression,nan,-1,-1,-1,2291,16,2291,45,packages\slick-carousel\slick\slick.js,0,2751
4063,Identifier,undefined,-1,-1,-1,2291,50,2291,59,packages\slick-carousel\slick\slick.js,0,2752
4064,MemberExpression,nan,-1,-1,-1,2291,63,2291,90,packages\slick-carousel\slick\slick.js,0,2753
4065,Identifier,undefined,-1,-1,-1,2291,95,2291,104,packages\slick-carousel\slick\slick.js,0,2754
4066,MemberExpression,nan,-1,-1,-1,2297,103,2297,113,packages\slick-carousel\slick\slick.js,0,2755
4068,MemberExpression,nan,-1,-1,-1,2297,16,2297,45,packages\slick-carousel\slick\slick.js,0,2756
4069,Identifier,undefined,-1,-1,-1,2297,50,2297,59,packages\slick-carousel\slick\slick.js,0,2757
4070,MemberExpression,nan,-1,-1,-1,2297,63,2297,87,packages\slick-carousel\slick\slick.js,0,2758
4071,Identifier,undefined,-1,-1,-1,2297,92,2297,101,packages\slick-carousel\slick\slick.js,0,2759
4072,MemberExpression,nan,-1,-1,-1,2303,106,2303,116,packages\slick-carousel\slick\slick.js,0,2760
4074,MemberExpression,nan,-1,-1,-1,2303,16,2303,45,packages\slick-carousel\slick\slick.js,0,2761
4075,Identifier,undefined,-1,-1,-1,2303,50,2303,59,packages\slick-carousel\slick\slick.js,0,2762
4076,MemberExpression,nan,-1,-1,-1,2303,63,2303,90,packages\slick-carousel\slick\slick.js,0,2763
4077,Identifier,undefined,-1,-1,-1,2303,95,2303,104,packages\slick-carousel\slick\slick.js,0,2764
4078,MemberExpression,nan,-1,-1,-1,2309,53,2309,63,packages\slick-carousel\slick\slick.js,0,2765
4080,MemberExpression,nan,-1,-1,-1,2316,57,2316,67,packages\slick-carousel\slick\slick.js,0,2766
4082,MemberExpression,nan,-1,-1,-1,2316,80,2316,90,packages\slick-carousel\slick\slick.js,0,2767
4084,AssignmentExpression,nan,-1,-1,-1,2339,16,2339,29,packages\slick-carousel\slick\slick.js,0,2768
4085,AssignmentExpression,nan,-1,-1,-1,2340,16,2340,72,packages\slick-carousel\slick\slick.js,0,2769
4086,BlockStatement,nan,-1,-1,-1,2348,89,2354,17,packages\slick-carousel\slick\slick.js,0,2770
4087,LogicalExpression,nan,-1,-1,-1,2348,20,2348,87,packages\slick-carousel\slick\slick.js,0,2771
4088,BlockStatement,nan,-1,-1,-1,2364,33,2370,17,packages\slick-carousel\slick\slick.js,0,2772
4090,BlockStatement,nan,-1,-1,-1,2444,51,2446,17,packages\slick-carousel\slick\slick.js,0,2773
4093,BlockStatement,nan,-1,-1,-1,2451,48,2456,17,packages\slick-carousel\slick\slick.js,0,2774
4095,BlockStatement,nan,-1,-1,-1,2457,71,2462,17,packages\slick-carousel\slick\slick.js,0,2775
4096,CallExpression,nan,1,-1,-1,2463,16,2465,18,packages\slick-carousel\slick\slick.js,0,2776
4097,AssignmentExpression,nan,-1,-1,-1,2535,16,2535,44,packages\slick-carousel\slick\slick.js,0,2777
4098,BlockStatement,nan,-1,-1,-1,2536,83,2540,17,packages\slick-carousel\slick\slick.js,0,2778
4099,LogicalExpression,nan,-1,-1,-1,2536,20,2536,81,packages\slick-carousel\slick\slick.js,0,2779
4100,CallExpression,nan,0,-1,-1,2533,100,2533,115,packages\slick-carousel\slick\slick.js,0,2780
4101,MemberExpression,nan,-1,-1,-1,2533,118,2533,142,packages\slick-carousel\slick\slick.js,0,2781
4102,AssignmentExpression,nan,-1,-1,-1,2565,16,2565,84,packages\slick-carousel\slick\slick.js,0,2782
4103,MemberExpression,nan,-1,-1,-1,2564,16,2564,28,packages\slick-carousel\slick\slick.js,0,2783
4104,MemberExpression,nan,-1,-1,-1,2564,31,2564,55,packages\slick-carousel\slick\slick.js,0,2784
4105,MemberExpression,nan,-1,-1,-1,2590,24,2590,38,packages\slick-carousel\slick\slick.js,0,2785
4107,MemberExpression,nan,-1,-1,-1,2591,24,2591,39,packages\slick-carousel\slick\slick.js,0,2786
4108,CallExpression,nan,1,-1,-1,2594,16,2594,57,packages\slick-carousel\slick\slick.js,0,2787
4109,CallExpression,nan,1,-1,-1,2605,16,2605,40,packages\slick-carousel\slick\slick.js,0,2788
4110,CallExpression,nan,2,-1,-1,2607,16,2609,18,packages\slick-carousel\slick\slick.js,0,2789
4112,BlockStatement,nan,-1,-1,-1,2619,50,2621,13,packages\slick-carousel\slick\slick.js,0,2790
4113,Identifier,r,-1,-1,-1,2657,32,2657,33,packages\slick-carousel\slick\slick.js,0,2791
4116,CallExpression,nan,1,-1,-1,2659,31,2659,51,packages\slick-carousel\slick\slick.js,0,2792
4117,MemberExpression,nan,-1,-1,-1,2663,20,2663,33,packages\slick-carousel\slick\slick.js,0,2793
4119,MemberExpression,nan,-1,-1,-1,2666,20,2666,33,packages\slick-carousel\slick\slick.js,0,2794
4121,MemberExpression,nan,-1,-1,-1,2669,20,2669,33,packages\slick-carousel\slick\slick.js,0,2795
4124,Identifier,swipeAngle,-1,-1,-1,2672,17,2672,27,packages\slick-carousel\slick\slick.js,0,2796
4126,Identifier,swipeAngle,-1,-1,-1,2672,39,2672,49,packages\slick-carousel\slick\slick.js,0,2797
4128,MemberExpression,nan,-1,-1,-1,2710,24,2710,40,packages\slick-carousel\slick\slick.js,0,2798
4129,CallExpression,nan,1,-1,-1,2745,16,2745,44,packages\slick-carousel\slick\slick.js,0,2799
4130,AssignmentExpression,nan,-1,-1,-1,2746,16,2746,34,packages\slick-carousel\slick\slick.js,0,2800
4131,CallExpression,nan,2,-1,-1,2747,16,2747,59,packages\slick-carousel\slick\slick.js,0,2801
4132,MemberExpression,nan,-1,-1,-1,2774,59,2774,86,packages\slick-carousel\slick\slick.js,0,2802
4133,Identifier,undefined,-1,-1,-1,2774,91,2774,100,packages\slick-carousel\slick\slick.js,0,2803
4134,MemberExpression,nan,-1,-1,-1,2781,37,2781,49,packages\slick-carousel\slick\slick.js,0,2804
4135,MemberExpression,nan,-1,-1,-1,2781,52,2782,31,packages\slick-carousel\slick\slick.js,0,2805
4138,MemberExpression,nan,-1,-1,-1,2821,12,2821,20,packages\slick-carousel\slick\slick.js,0,2806
4141,MemberExpression,nan,-1,-1,-1,2824,12,2824,20,packages\slick-carousel\slick\slick.js,0,2807
4142,MemberExpression,nan,-1,-1,-1,2842,26,2842,39,packages\slick-carousel\slick\slick.js,0,2808
4144,MemberExpression,nan,-1,-1,-1,2842,63,2842,81,packages\slick-carousel\slick\slick.js,0,2809
4145,MemberExpression,nan,-1,-1,-1,2842,84,2842,104,packages\slick-carousel\slick\slick.js,0,2810
4148,AssignmentExpression,nan,-1,-1,-1,2854,16,2854,80,packages\slick-carousel\slick\slick.js,0,2811
4149,AssignmentExpression,nan,-1,-1,-1,2855,16,2855,44,packages\slick-carousel\slick\slick.js,0,2812
4154,Identifier,curLeft,-1,-1,-1,2860,26,2860,33,packages\slick-carousel\slick\slick.js,0,2813
4156,Identifier,curLeft,-1,-1,-1,2865,26,2865,33,packages\slick-carousel\slick\slick.js,0,2814
4158,Identifier,touches,-1,-1,-1,2897,52,2897,59,packages\slick-carousel\slick\slick.js,0,2815
4159,Identifier,undefined,-1,-1,-1,2897,64,2897,73,packages\slick-carousel\slick\slick.js,0,2816
4160,Identifier,touches,-1,-1,-1,2898,52,2898,59,packages\slick-carousel\slick\slick.js,0,2817
4161,Identifier,undefined,-1,-1,-1,2898,64,2898,73,packages\slick-carousel\slick\slick.js,0,2818
4162,MemberExpression,nan,-1,-1,-1,2910,12,2910,20,packages\slick-carousel\slick\slick.js,0,2819
4163,MemberExpression,nan,-1,-1,-1,2912,12,2912,61,packages\slick-carousel\slick\slick.js,0,2820
4164,MemberExpression,nan,-1,-1,-1,2914,36,2914,49,packages\slick-carousel\slick\slick.js,0,2821
4165,MemberExpression,nan,-1,-1,-1,2914,12,2914,35,packages\slick-carousel\slick\slick.js,0,2822
4166,MemberExpression,nan,-1,-1,-1,2916,12,2916,20,packages\slick-carousel\slick\slick.js,0,2823
4167,CallExpression,nan,2,-1,-1,2971,16,2971,85,packages\slick-carousel\slick\slick.js,0,2824
4168,CallExpression,nan,2,-1,-1,2972,16,2972,89,packages\slick-carousel\slick\slick.js,0,2825
4169,AssignmentExpression,nan,-1,-1,-1,3018,16,3018,36,packages\slick-carousel\slick\slick.js,0,2826
4170,MemberExpression,nan,-1,-1,-1,3039,16,3039,26,packages\slick-carousel\slick\slick.js,0,2827
4171,NewExpression,nan,2,-1,-1,3039,29,3039,49,packages\slick-carousel\slick\slick.js,0,2828
4172,UnaryExpression,nan,1,-1,-1,3038,16,3038,26,packages\slick-carousel\slick\slick.js,0,2829
4174,UnaryExpression,nan,1,-1,-1,3038,42,3038,52,packages\slick-carousel\slick\slick.js,0,2830
4176,Identifier,ret,-1,-1,-1,3042,23,3042,26,packages\slick-carousel\slick\slick.js,0,2831
4177,Identifier,element,-1,-1,-1,150,26,150,33,packages\slick-carousel\slick\slick.js,0,2832
4178,Identifier,$,-1,-1,-1,150,24,150,25,packages\slick-carousel\slick\slick.js,0,2833
4179,CallExpression,nan,1,-1,-1,158,27,158,51,packages\slick-carousel\slick\slick.js,0,2834
4180,ObjectExpression,nan,-1,-1,-1,158,55,158,57,packages\slick-carousel\slick\slick.js,0,2835
4181,ObjectExpression,nan,-1,-1,-1,160,33,160,35,packages\slick-carousel\slick\slick.js,0,2836
4182,MemberExpression,nan,-1,-1,-1,160,37,160,47,packages\slick-carousel\slick\slick.js,0,2837
4183,Identifier,settings,-1,-1,-1,160,49,160,57,packages\slick-carousel\slick\slick.js,0,2838
4184,Identifier,dataSettings,-1,-1,-1,160,59,160,71,packages\slick-carousel\slick\slick.js,0,2839
4185,MemberExpression,nan,-1,-1,-1,160,24,160,32,packages\slick-carousel\slick\slick.js,0,2840
4186,MemberExpression,nan,-1,-1,-1,166,33,166,43,packages\slick-carousel\slick\slick.js,0,2841
4187,Identifier,_,-1,-1,-1,166,45,166,46,packages\slick-carousel\slick\slick.js,0,2842
4188,MemberExpression,nan,-1,-1,-1,166,25,166,32,packages\slick-carousel\slick\slick.js,0,2843
4189,MemberExpression,nan,-1,-1,-1,167,38,167,53,packages\slick-carousel\slick\slick.js,0,2844
4190,Identifier,_,-1,-1,-1,167,55,167,56,packages\slick-carousel\slick\slick.js,0,2845
4191,MemberExpression,nan,-1,-1,-1,167,30,167,37,packages\slick-carousel\slick\slick.js,0,2846
4192,MemberExpression,nan,-1,-1,-1,168,41,168,59,packages\slick-carousel\slick\slick.js,0,2847
4193,Identifier,_,-1,-1,-1,168,61,168,62,packages\slick-carousel\slick\slick.js,0,2848
4194,MemberExpression,nan,-1,-1,-1,168,33,168,40,packages\slick-carousel\slick\slick.js,0,2849
4195,MemberExpression,nan,-1,-1,-1,169,36,169,49,packages\slick-carousel\slick\slick.js,0,2850
4196,Identifier,_,-1,-1,-1,169,51,169,52,packages\slick-carousel\slick\slick.js,0,2851
4197,MemberExpression,nan,-1,-1,-1,169,28,169,35,packages\slick-carousel\slick\slick.js,0,2852
4198,MemberExpression,nan,-1,-1,-1,170,37,170,51,packages\slick-carousel\slick\slick.js,0,2853
4199,Identifier,_,-1,-1,-1,170,53,170,54,packages\slick-carousel\slick\slick.js,0,2854
4200,MemberExpression,nan,-1,-1,-1,170,29,170,36,packages\slick-carousel\slick\slick.js,0,2855
4201,MemberExpression,nan,-1,-1,-1,171,38,171,53,packages\slick-carousel\slick\slick.js,0,2856
4202,Identifier,_,-1,-1,-1,171,55,171,56,packages\slick-carousel\slick\slick.js,0,2857
4203,MemberExpression,nan,-1,-1,-1,171,30,171,37,packages\slick-carousel\slick\slick.js,0,2858
4204,MemberExpression,nan,-1,-1,-1,172,36,172,49,packages\slick-carousel\slick\slick.js,0,2859
4205,Identifier,_,-1,-1,-1,172,51,172,52,packages\slick-carousel\slick\slick.js,0,2860
4206,MemberExpression,nan,-1,-1,-1,172,28,172,35,packages\slick-carousel\slick\slick.js,0,2861
4207,MemberExpression,nan,-1,-1,-1,173,37,173,51,packages\slick-carousel\slick\slick.js,0,2862
4208,Identifier,_,-1,-1,-1,173,53,173,54,packages\slick-carousel\slick\slick.js,0,2863
4209,MemberExpression,nan,-1,-1,-1,173,29,173,36,packages\slick-carousel\slick\slick.js,0,2864
4210,MemberExpression,nan,-1,-1,-1,174,36,174,49,packages\slick-carousel\slick\slick.js,0,2865
4211,Identifier,_,-1,-1,-1,174,51,174,52,packages\slick-carousel\slick\slick.js,0,2866
4212,MemberExpression,nan,-1,-1,-1,174,28,174,35,packages\slick-carousel\slick\slick.js,0,2867
4213,MemberExpression,nan,-1,-1,-1,175,35,175,47,packages\slick-carousel\slick\slick.js,0,2868
4214,Identifier,_,-1,-1,-1,175,49,175,50,packages\slick-carousel\slick\slick.js,0,2869
4215,MemberExpression,nan,-1,-1,-1,175,27,175,34,packages\slick-carousel\slick\slick.js,0,2870
4216,Identifier,instanceUid,-1,-1,-1,177,28,177,39,packages\slick-carousel\slick\slick.js,0,2871
4217,CallExpression,nan,1,-1,-1,221,16,221,49,packages\slick-carousel\slick\slick.js,0,2872
4218,Identifier,index,-1,-1,-1,220,16,220,21,packages\slick-carousel\slick\slick.js,0,2873
4220,MemberExpression,nan,-1,-1,-1,220,31,220,47,packages\slick-carousel\slick\slick.js,0,2874
4222,CallExpression,nan,2,-1,-1,242,12,242,54,packages\slick-carousel\slick\slick.js,0,2875
4223,ObjectExpression,nan,-1,-1,-1,273,38,275,17,packages\slick-carousel\slick\slick.js,0,2876
4224,MemberExpression,nan,-1,-1,-1,275,19,275,34,packages\slick-carousel\slick\slick.js,0,2877
4225,MemberExpression,nan,-1,-1,-1,275,36,275,52,packages\slick-carousel\slick\slick.js,0,2878
4226,Identifier,callback,-1,-1,-1,275,54,275,62,packages\slick-carousel\slick\slick.js,0,2879
4227,MemberExpression,nan,-1,-1,-1,273,16,273,37,packages\slick-carousel\slick\slick.js,0,2880
4228,VariableDeclaration,nan,-1,-1,-1,361,16,361,55,packages\slick-carousel\slick\slick.js,0,2881
4229,IfStatement,nan,-1,-1,-1,362,16,364,17,packages\slick-carousel\slick\slick.js,0,2882
4236,MemberExpression,nan,-1,-1,-1,453,16,453,67,packages\slick-carousel\slick\slick.js,0,2883
4238,MemberExpression,nan,-1,-1,-1,454,16,454,67,packages\slick-carousel\slick\slick.js,0,2884
4240,MemberExpression,nan,-1,-1,-1,456,36,456,55,packages\slick-carousel\slick\slick.js,0,2885
4241,MemberExpression,nan,-1,-1,-1,456,20,456,35,packages\slick-carousel\slick\slick.js,0,2886
4243,MemberExpression,nan,-1,-1,-1,460,36,460,55,packages\slick-carousel\slick\slick.js,0,2887
4244,MemberExpression,nan,-1,-1,-1,460,20,460,35,packages\slick-carousel\slick\slick.js,0,2888
4246,MemberExpression,nan,-1,-1,-1,464,20,464,38,packages\slick-carousel\slick\slick.js,0,2889
4248,CallExpression,nan,1,-1,-1,498,27,498,89,packages\slick-carousel\slick\slick.js,0,2890
4249,MemberExpression,nan,-1,-1,-1,498,16,498,26,packages\slick-carousel\slick\slick.js,0,2891
4251,LogicalExpression,nan,-1,-1,-1,523,41,523,71,packages\slick-carousel\slick\slick.js,0,2892
4252,MemberExpression,nan,-1,-1,-1,521,12,523,21,packages\slick-carousel\slick\slick.js,0,2893
4253,MemberExpression,nan,-1,-1,-1,570,16,570,37,packages\slick-carousel\slick\slick.js,0,2894
4254,Identifier,slidesPerSection,-1,-1,-1,570,40,570,56,packages\slick-carousel\slick\slick.js,0,2895
4255,Identifier,b,-1,-1,-1,575,27,575,28,packages\slick-carousel\slick\slick.js,0,2896
4256,MemberExpression,nan,-1,-1,-1,575,31,575,45,packages\slick-carousel\slick\slick.js,0,2897
4257,VariableDeclaration,nan,-1,-1,-1,576,20,576,60,packages\slick-carousel\slick\slick.js,0,2898
4258,ForStatement,nan,-1,-1,-1,577,20,582,21,packages\slick-carousel\slick\slick.js,0,2899
4260,Identifier,slide,-1,-1,-1,585,38,585,43,packages\slick-carousel\slick\slick.js,0,2900
4261,MemberExpression,nan,-1,-1,-1,585,16,585,37,packages\slick-carousel\slick\slick.js,0,2901
4262,IfStatement,nan,-1,-1,-1,622,20,630,21,packages\slick-carousel\slick\slick.js,0,2902
4263,Identifier,breakpoint,-1,-1,-1,621,49,621,59,packages\slick-carousel\slick\slick.js,0,2903
4264,MemberExpression,nan,-1,-1,-1,621,20,621,48,packages\slick-carousel\slick\slick.js,0,2904
4265,IfStatement,nan,-1,-1,-1,636,20,651,21,packages\slick-carousel\slick\slick.js,0,2905
4266,MemberExpression,nan,-1,-1,-1,635,20,635,38,packages\slick-carousel\slick\slick.js,0,2906
4269,ArrayExpression,nan,-1,-1,-1,681,48,681,70,packages\slick-carousel\slick\slick.js,0,2907
4270,MemberExpression,nan,-1,-1,-1,681,16,681,33,packages\slick-carousel\slick\slick.js,0,2908
4272,MemberExpression,nan,-1,-1,-1,770,45,770,57,packages\slick-carousel\slick\slick.js,0,2909
4273,MemberExpression,nan,-1,-1,-1,770,16,770,27,packages\slick-carousel\slick\slick.js,0,2910
4274,MemberExpression,nan,-1,-1,-1,781,16,781,28,packages\slick-carousel\slick\slick.js,0,2911
4275,CallExpression,nan,2,-1,-1,781,32,781,79,packages\slick-carousel\slick\slick.js,0,2912
4276,MemberExpression,nan,-1,-1,-1,782,16,782,28,packages\slick-carousel\slick\slick.js,0,2913
4277,CallExpression,nan,2,-1,-1,782,32,782,79,packages\slick-carousel\slick\slick.js,0,2914
4278,MemberExpression,nan,-1,-1,-1,872,16,872,35,packages\slick-carousel\slick\slick.js,0,2915
4279,MemberExpression,nan,-1,-1,-1,884,16,884,35,packages\slick-carousel\slick\slick.js,0,2916
4283,Identifier,pagerQty,-1,-1,-1,1071,19,1071,27,packages\slick-carousel\slick\slick.js,0,2917
4284,MemberExpression,nan,-1,-1,-1,1109,16,1109,29,packages\slick-carousel\slick\slick.js,0,2918
4286,Identifier,coef,-1,-1,-1,1110,16,1110,20,packages\slick-carousel\slick\slick.js,0,2919
4287,UnaryExpression,nan,1,-1,-1,1110,23,1110,25,packages\slick-carousel\slick\slick.js,0,2920
4288,IfStatement,nan,-1,-1,-1,1113,20,1117,21,packages\slick-carousel\slick\slick.js,0,2921
4291,Identifier,verticalOffset,-1,-1,-1,1119,16,1119,30,packages\slick-carousel\slick\slick.js,0,2922
4293,IfStatement,nan,-1,-1,-1,1123,20,1129,21,packages\slick-carousel\slick\slick.js,0,2923
4301,UnaryExpression,nan,1,-1,-1,1154,56,1154,58,packages\slick-carousel\slick\slick.js,0,2924
4302,Identifier,targetSlide,-1,-1,-1,1162,16,1162,27,packages\slick-carousel\slick\slick.js,0,2925
4303,CallExpression,nan,1,-1,-1,1162,30,1162,83,packages\slick-carousel\slick\slick.js,0,2926
4308,IfStatement,nan,-1,-1,-1,1185,20,1189,21,packages\slick-carousel\slick\slick.js,0,2927
4309,MemberExpression,nan,-1,-1,-1,1184,20,1184,33,packages\slick-carousel\slick\slick.js,0,2928
4311,Identifier,targetLeft,-1,-1,-1,1194,16,1194,26,packages\slick-carousel\slick\slick.js,0,2929
4313,MemberExpression,nan,-1,-1,-1,1229,23,1229,47,packages\slick-carousel\slick\slick.js,0,2930
4314,MemberExpression,nan,-1,-1,-1,1229,51,1229,73,packages\slick-carousel\slick\slick.js,0,2931
4315,MemberExpression,nan,-1,-1,-1,1247,66,1247,79,packages\slick-carousel\slick\slick.js,0,2932
4316,VariableDeclaration,nan,-1,-1,-1,1254,16,1254,69,packages\slick-carousel\slick\slick.js,0,2933
4319,IfStatement,nan,-1,-1,-1,1257,16,1259,17,packages\slick-carousel\slick\slick.js,0,2934
4321,IfStatement,nan,-1,-1,-1,1263,16,1266,17,packages\slick-carousel\slick\slick.js,0,2935
4323,MemberExpression,nan,-1,-1,-1,1269,30,1269,38,packages\slick-carousel\slick\slick.js,0,2936
4324,VariableDeclaration,nan,-1,-1,-1,1346,16,1346,69,packages\slick-carousel\slick\slick.js,0,2937
4326,IfStatement,nan,-1,-1,-1,1354,16,1361,17,packages\slick-carousel\slick\slick.js,0,2938
4327,ObjectExpression,nan,-1,-1,-1,1388,33,1388,50,packages\slick-carousel\slick\slick.js,0,2939
4328,MemberExpression,nan,-1,-1,-1,1388,12,1388,32,packages\slick-carousel\slick\slick.js,0,2940
4330,MemberExpression,nan,-1,-1,-1,1415,49,1415,61,packages\slick-carousel\slick\slick.js,0,2941
4331,MemberExpression,nan,-1,-1,-1,1415,16,1415,31,packages\slick-carousel\slick\slick.js,0,2942
4333,MemberExpression,nan,-1,-1,-1,1416,49,1416,61,packages\slick-carousel\slick\slick.js,0,2943
4334,MemberExpression,nan,-1,-1,-1,1416,16,1416,31,packages\slick-carousel\slick\slick.js,0,2944
4336,MemberExpression,nan,-1,-1,-1,1432,44,1432,56,packages\slick-carousel\slick\slick.js,0,2945
4337,MemberExpression,nan,-1,-1,-1,1432,16,1432,26,packages\slick-carousel\slick\slick.js,0,2946
4338,ObjectExpression,nan,-1,-1,-1,1529,30,1533,17,packages\slick-carousel\slick\slick.js,0,2947
4339,MemberExpression,nan,-1,-1,-1,1529,16,1529,29,packages\slick-carousel\slick\slick.js,0,2948
4340,VariableDeclaration,nan,-1,-1,-1,1554,16,1558,64,packages\slick-carousel\slick\slick.js,0,2949
4344,Identifier,rangeStart,-1,-1,-1,1606,16,1606,26,packages\slick-carousel\slick\slick.js,0,2950
4346,Identifier,rangeEnd,-1,-1,-1,1607,16,1607,24,packages\slick-carousel\slick\slick.js,0,2951
4348,AssignmentExpression,nan,-1,-1,-1,1629,35,1629,63,packages\slick-carousel\slick\slick.js,0,2952
4349,Identifier,prevSlide,-1,-1,-1,1629,20,1629,29,packages\slick-carousel\slick\slick.js,0,2953
4351,Identifier,loadRange,-1,-1,-1,1630,16,1630,25,packages\slick-carousel\slick\slick.js,0,2954
4352,CallExpression,nan,1,-1,-1,1630,28,1630,64,packages\slick-carousel\slick\slick.js,0,2955
4353,Identifier,loadRange,-1,-1,-1,1631,16,1631,25,packages\slick-carousel\slick\slick.js,0,2956
4354,CallExpression,nan,1,-1,-1,1631,28,1631,64,packages\slick-carousel\slick\slick.js,0,2957
4355,Identifier,prevSlide,-1,-1,-1,1632,16,1632,25,packages\slick-carousel\slick\slick.js,0,2958
4356,Identifier,nextSlide,-1,-1,-1,1633,16,1633,25,packages\slick-carousel\slick\slick.js,0,2959
4357,MemberExpression,nan,-1,-1,-1,1726,16,1726,29,packages\slick-carousel\slick\slick.js,0,2960
4358,MemberExpression,nan,-1,-1,-1,1732,16,1732,26,packages\slick-carousel\slick\slick.js,0,2961
4359,MemberExpression,nan,-1,-1,-1,1736,16,1736,25,packages\slick-carousel\slick\slick.js,0,2962
4360,VariableDeclaration,nan,-1,-1,-1,1739,20,1739,73,packages\slick-carousel\slick\slick.js,0,2963
4363,MemberExpression,nan,-1,-1,-1,1783,26,1783,36,packages\slick-carousel\slick\slick.js,0,2964
4365,MemberExpression,nan,-1,-1,-1,1783,54,1783,68,packages\slick-carousel\slick\slick.js,0,2965
4366,IfStatement,nan,-1,-1,-1,1788,16,1796,17,packages\slick-carousel\slick\slick.js,0,2966
4368,IfStatement,nan,-1,-1,-1,1803,16,1805,17,packages\slick-carousel\slick\slick.js,0,2967
4371,IfStatement,nan,-1,-1,-1,1814,16,1836,17,packages\slick-carousel\slick\slick.js,0,2968
4372,Identifier,l,-1,-1,-1,1900,16,1900,17,packages\slick-carousel\slick\slick.js,0,2969
4375,WhileStatement,nan,-1,-1,-1,1907,20,1912,21,packages\slick-carousel\slick\slick.js,0,2970
4378,Identifier,breakpoint,-1,-1,-1,1902,54,1902,64,packages\slick-carousel\slick\slick.js,0,2971
4379,MemberExpression,nan,-1,-1,-1,1902,20,1902,53,packages\slick-carousel\slick\slick.js,0,2972
4380,ReturnStatement,nan,1,-1,-1,1922,16,1922,61,packages\slick-carousel\slick\slick.js,0,2973
4382,BlockStatement,nan,-1,-1,-1,1985,57,1989,13,packages\slick-carousel\slick\slick.js,0,2974
4385,ObjectExpression,nan,-1,-1,-1,2063,28,2065,17,packages\slick-carousel\slick\slick.js,0,2975
4386,MemberExpression,nan,-1,-1,-1,2063,16,2063,27,packages\slick-carousel\slick\slick.js,0,2976
4387,MemberExpression,nan,-1,-1,-1,2081,37,2081,48,packages\slick-carousel\slick\slick.js,0,2977
4388,MemberExpression,nan,-1,-1,-1,2081,51,2081,73,packages\slick-carousel\slick\slick.js,0,2978
4389,MemberExpression,nan,-1,-1,-1,2082,43,2082,55,packages\slick-carousel\slick\slick.js,0,2979
4390,MemberExpression,nan,-1,-1,-1,2082,58,2082,103,packages\slick-carousel\slick\slick.js,0,2980
4391,Identifier,targetLeft,-1,-1,-1,2102,12,2102,22,packages\slick-carousel\slick\slick.js,0,2981
4394,MemberExpression,nan,-1,-1,-1,2103,16,2103,29,packages\slick-carousel\slick\slick.js,0,2982
4396,MemberExpression,nan,-1,-1,-1,2273,16,2273,32,packages\slick-carousel\slick\slick.js,0,2983
4399,MemberExpression,nan,-1,-1,-1,2279,20,2279,36,packages\slick-carousel\slick\slick.js,0,2984
4401,Identifier,evenCoef,-1,-1,-1,2339,16,2339,24,packages\slick-carousel\slick\slick.js,0,2985
4402,UnaryExpression,nan,1,-1,-1,2339,27,2339,29,packages\slick-carousel\slick\slick.js,0,2986
4403,Identifier,centerOffset,-1,-1,-1,2340,16,2340,28,packages\slick-carousel\slick\slick.js,0,2987
4404,AssignmentExpression,nan,-1,-1,-1,2340,31,2340,72,packages\slick-carousel\slick\slick.js,0,2988
4409,Identifier,index,-1,-1,-1,2364,20,2364,25,packages\slick-carousel\slick\slick.js,0,2989
4412,MemberExpression,nan,-1,-1,-1,2444,20,2444,40,packages\slick-carousel\slick\slick.js,0,2990
4414,Identifier,i,-1,-1,-1,2450,39,2450,40,packages\slick-carousel\slick\slick.js,0,2991
4418,Identifier,i,-1,-1,-1,2457,28,2457,29,packages\slick-carousel\slick\slick.js,0,2992
4422,FunctionExpression,nan,-1,0,0,2463,70,2465,17,packages\slick-carousel\slick\slick.js,0,2993
4423,MemberExpression,nan,-1,-1,-1,2463,16,2463,69,packages\slick-carousel\slick\slick.js,0,2994
4424,Identifier,targetSlide,-1,-1,-1,2535,16,2535,27,packages\slick-carousel\slick\slick.js,0,2995
4425,MemberExpression,nan,-1,-1,-1,2535,30,2535,44,packages\slick-carousel\slick\slick.js,0,2996
4429,MemberExpression,nan,-1,-1,-1,2533,100,2533,113,packages\slick-carousel\slick\slick.js,0,2997
4430,Identifier,animSlide,-1,-1,-1,2565,16,2565,25,packages\slick-carousel\slick\slick.js,0,2998
4432,MemberExpression,nan,-1,-1,-1,2594,42,2594,56,packages\slick-carousel\slick\slick.js,0,2999
4433,MemberExpression,nan,-1,-1,-1,2594,16,2594,41,packages\slick-carousel\slick\slick.js,0,3000
4434,Identifier,oldSlide,-1,-1,-1,2605,31,2605,39,packages\slick-carousel\slick\slick.js,0,3001
4435,MemberExpression,nan,-1,-1,-1,2605,16,2605,30,packages\slick-carousel\slick\slick.js,0,3002
4436,Identifier,animSlide,-1,-1,-1,2607,28,2607,37,packages\slick-carousel\slick\slick.js,0,3003
4437,FunctionExpression,nan,-1,0,0,2607,39,2609,17,packages\slick-carousel\slick\slick.js,0,3004
4438,MemberExpression,nan,-1,-1,-1,2607,16,2607,27,packages\slick-carousel\slick\slick.js,0,3005
4440,Identifier,swipeAngle,-1,-1,-1,2659,40,2659,50,packages\slick-carousel\slick\slick.js,0,3006
4441,MemberExpression,nan,-1,-1,-1,2659,31,2659,39,packages\slick-carousel\slick\slick.js,0,3007
4442,Identifier,slideCount,-1,-1,-1,2745,32,2745,42,packages\slick-carousel\slick\slick.js,0,3008
4443,MemberExpression,nan,-1,-1,-1,2745,16,2745,30,packages\slick-carousel\slick\slick.js,0,3009
4444,MemberExpression,nan,-1,-1,-1,2746,16,2746,29,packages\slick-carousel\slick\slick.js,0,3010
4445,ObjectExpression,nan,-1,-1,-1,2746,32,2746,34,packages\slick-carousel\slick\slick.js,0,3011
4447,ArrayExpression,nan,-1,-1,-1,2747,43,2747,58,packages\slick-carousel\slick\slick.js,0,3012
4448,MemberExpression,nan,-1,-1,-1,2747,16,2747,33,packages\slick-carousel\slick\slick.js,0,3013
4449,MemberExpression,nan,-1,-1,-1,2821,21,2821,39,packages\slick-carousel\slick\slick.js,0,3014
4450,MemberExpression,nan,-1,-1,-1,2821,42,2821,62,packages\slick-carousel\slick\slick.js,0,3015
4451,MemberExpression,nan,-1,-1,-1,2824,21,2824,39,packages\slick-carousel\slick\slick.js,0,3016
4452,MemberExpression,nan,-1,-1,-1,2824,42,2824,62,packages\slick-carousel\slick\slick.js,0,3017
4453,MemberExpression,nan,-1,-1,-1,2844,29,2844,47,packages\slick-carousel\slick\slick.js,0,3018
4454,MemberExpression,nan,-1,-1,-1,2844,50,2844,70,packages\slick-carousel\slick\slick.js,0,3019
4455,Identifier,swipeLength,-1,-1,-1,2854,16,2854,27,packages\slick-carousel\slick\slick.js,0,3020
4457,MemberExpression,nan,-1,-1,-1,2855,16,2855,37,packages\slick-carousel\slick\slick.js,0,3021
4459,MemberExpression,nan,-1,-1,-1,2853,17,2853,31,packages\slick-carousel\slick\slick.js,0,3022
4461,Identifier,swipeDirection,-1,-1,-1,2853,41,2853,55,packages\slick-carousel\slick\slick.js,0,3023
4463,MemberExpression,nan,-1,-1,-1,2853,73,2853,87,packages\slick-carousel\slick\slick.js,0,3024
4464,CallExpression,nan,0,-1,-1,2853,91,2853,106,packages\slick-carousel\slick\slick.js,0,3025
4465,Identifier,swipeDirection,-1,-1,-1,2853,110,2853,124,packages\slick-carousel\slick\slick.js,0,3026
4467,Identifier,swipeLength,-1,-1,-1,2860,36,2860,47,packages\slick-carousel\slick\slick.js,0,3027
4468,Identifier,positionOffset,-1,-1,-1,2860,50,2860,64,packages\slick-carousel\slick\slick.js,0,3028
4469,Identifier,swipeLength,-1,-1,-1,2865,36,2865,47,packages\slick-carousel\slick\slick.js,0,3029
4470,Identifier,positionOffset,-1,-1,-1,2865,50,2865,64,packages\slick-carousel\slick\slick.js,0,3030
4473,MemberExpression,nan,-1,-1,-1,2971,16,2971,60,packages\slick-carousel\slick\slick.js,0,3031
4476,MemberExpression,nan,-1,-1,-1,2972,16,2972,63,packages\slick-carousel\slick\slick.js,0,3032
4477,MemberExpression,nan,-1,-1,-1,3018,16,3018,29,packages\slick-carousel\slick\slick.js,0,3033
4479,MemberExpression,nan,-1,-1,-1,3039,39,3039,43,packages\slick-carousel\slick\slick.js,0,3034
4480,Identifier,opt,-1,-1,-1,3039,45,3039,48,packages\slick-carousel\slick\slick.js,0,3035
4481,Identifier,Slick,-1,-1,-1,3039,33,3039,38,packages\slick-carousel\slick\slick.js,0,3036
4482,Identifier,opt,-1,-1,-1,3038,23,3038,26,packages\slick-carousel\slick\slick.js,0,3037
4483,Identifier,opt,-1,-1,-1,3038,49,3038,52,packages\slick-carousel\slick\slick.js,0,3038
4485,MemberExpression,nan,-1,-1,-1,158,27,158,42,packages\slick-carousel\slick\slick.js,0,3039
4486,MemberExpression,nan,-1,-1,-1,221,35,221,48,packages\slick-carousel\slick\slick.js,0,3040
4487,MemberExpression,nan,-1,-1,-1,221,16,221,34,packages\slick-carousel\slick\slick.js,0,3041
4489,Identifier,index,-1,-1,-1,242,48,242,53,packages\slick-carousel\slick\slick.js,0,3042
4490,MemberExpression,nan,-1,-1,-1,242,12,242,27,packages\slick-carousel\slick\slick.js,0,3043
4491,BlockStatement,nan,-1,-1,-1,362,38,364,17,packages\slick-carousel\slick\slick.js,0,3044
4492,UnaryExpression,nan,1,-1,-1,362,19,362,36,packages\slick-carousel\slick\slick.js,0,3045
4494,MemberExpression,nan,-1,-1,-1,376,67,376,82,packages\slick-carousel\slick\slick.js,0,3046
4495,AssignmentExpression,nan,-1,-1,-1,421,20,421,35,packages\slick-carousel\slick\slick.js,0,3047
4496,MemberExpression,nan,-1,-1,-1,420,21,420,32,packages\slick-carousel\slick\slick.js,0,3048
4500,CallExpression,nan,1,-1,-1,457,20,457,66,packages\slick-carousel\slick\slick.js,0,3049
4501,CallExpression,nan,1,-1,-1,461,20,461,65,packages\slick-carousel\slick\slick.js,0,3050
4502,CallExpression,nan,2,-1,-1,465,20,467,54,packages\slick-carousel\slick\slick.js,0,3051
4503,CallExpression,nan,3,-1,-1,498,49,498,88,packages\slick-carousel\slick\slick.js,0,3052
4504,MemberExpression,nan,-1,-1,-1,498,27,498,48,packages\slick-carousel\slick\slick.js,0,3053
4505,CallExpression,nan,1,-1,-1,523,41,523,65,packages\slick-carousel\slick\slick.js,0,3054
4508,BlockStatement,nan,-1,-1,-1,577,64,582,21,packages\slick-carousel\slick\slick.js,0,3055
4509,CallExpression,nan,1,-1,-1,583,20,583,42,packages\slick-carousel\slick\slick.js,0,3056
4510,BlockStatement,nan,-1,-1,-1,622,66,626,21,packages\slick-carousel\slick\slick.js,0,3057
4512,BlockStatement,nan,-1,-1,-1,636,80,651,21,packages\slick-carousel\slick\slick.js,0,3058
4513,LogicalExpression,nan,-1,-1,-1,636,24,636,78,packages\slick-carousel\slick\slick.js,0,3059
4515,MemberExpression,nan,-1,-1,-1,781,66,781,78,packages\slick-carousel\slick\slick.js,0,3060
4516,MemberExpression,nan,-1,-1,-1,781,32,781,48,packages\slick-carousel\slick\slick.js,0,3061
4518,MemberExpression,nan,-1,-1,-1,782,66,782,78,packages\slick-carousel\slick\slick.js,0,3062
4519,MemberExpression,nan,-1,-1,-1,782,32,782,48,packages\slick-carousel\slick\slick.js,0,3063
4520,CallExpression,nan,2,-1,-1,896,20,896,74,packages\slick-carousel\slick\slick.js,0,3064
4521,AssignmentExpression,nan,-1,-1,-1,1047,24,1047,42,packages\slick-carousel\slick\slick.js,0,3065
4522,CallExpression,nan,0,-1,-1,1048,24,1048,36,packages\slick-carousel\slick\slick.js,0,3066
4524,UnaryExpression,nan,1,-1,-1,1109,74,1109,76,packages\slick-carousel\slick\slick.js,0,3067
4526,BlockStatement,nan,-1,-1,-1,1113,54,1115,21,packages\slick-carousel\slick\slick.js,0,3068
4528,MemberExpression,nan,-1,-1,-1,1112,20,1112,38,packages\slick-carousel\slick\slick.js,0,3069
4530,MemberExpression,nan,-1,-1,-1,1112,51,1112,71,packages\slick-carousel\slick\slick.js,0,3070
4533,Identifier,coef,-1,-1,-1,1119,77,1119,81,packages\slick-carousel\slick\slick.js,0,3071
4534,BlockStatement,nan,-1,-1,-1,1123,51,1126,21,packages\slick-carousel\slick\slick.js,0,3072
4537,MemberExpression,nan,-1,-1,-1,1122,60,1122,72,packages\slick-carousel\slick\slick.js,0,3073
4538,MemberExpression,nan,-1,-1,-1,1122,76,1122,88,packages\slick-carousel\slick\slick.js,0,3074
4539,MemberExpression,nan,-1,-1,-1,1122,91,1122,113,packages\slick-carousel\slick\slick.js,0,3075
4540,MemberExpression,nan,-1,-1,-1,1145,30,1145,42,packages\slick-carousel\slick\slick.js,0,3076
4541,CallExpression,nan,1,-1,-1,1145,45,1145,79,packages\slick-carousel\slick\slick.js,0,3077
4542,MemberExpression,nan,-1,-1,-1,1145,90,1145,102,packages\slick-carousel\slick\slick.js,0,3078
4543,MemberExpression,nan,-1,-1,-1,1145,105,1145,117,packages\slick-carousel\slick\slick.js,0,3079
4544,Identifier,slideIndex,-1,-1,-1,1154,27,1154,37,packages\slick-carousel\slick\slick.js,0,3080
4545,MemberExpression,nan,-1,-1,-1,1154,40,1154,52,packages\slick-carousel\slick\slick.js,0,3081
4547,Identifier,slideIndex,-1,-1,-1,1162,72,1162,82,packages\slick-carousel\slick\slick.js,0,3082
4548,MemberExpression,nan,-1,-1,-1,1162,30,1162,71,packages\slick-carousel\slick\slick.js,0,3083
4549,AssignmentExpression,nan,-1,-1,-1,1169,20,1169,111,packages\slick-carousel\slick\slick.js,0,3084
4550,AssignmentExpression,nan,-1,-1,-1,1179,20,1179,87,packages\slick-carousel\slick\slick.js,0,3085
4551,MemberExpression,nan,-1,-1,-1,1178,20,1178,32,packages\slick-carousel\slick\slick.js,0,3086
4552,MemberExpression,nan,-1,-1,-1,1178,36,1178,58,packages\slick-carousel\slick\slick.js,0,3087
4553,MemberExpression,nan,-1,-1,-1,1178,62,1178,80,packages\slick-carousel\slick\slick.js,0,3088
4555,BlockStatement,nan,-1,-1,-1,1185,40,1187,21,packages\slick-carousel\slick\slick.js,0,3089
4556,MemberExpression,nan,-1,-1,-1,1185,24,1185,38,packages\slick-carousel\slick\slick.js,0,3090
4559,AssignmentExpression,nan,-1,-1,-1,1255,16,1255,55,packages\slick-carousel\slick\slick.js,0,3091
4560,AssignmentExpression,nan,-1,-1,-1,1256,16,1256,46,packages\slick-carousel\slick\slick.js,0,3092
4561,BlockStatement,nan,-1,-1,-1,1257,51,1259,17,packages\slick-carousel\slick\slick.js,0,3093
4563,AssignmentExpression,nan,-1,-1,-1,1261,16,1261,68,packages\slick-carousel\slick\slick.js,0,3094
4564,BlockStatement,nan,-1,-1,-1,1263,54,1266,17,packages\slick-carousel\slick\slick.js,0,3095
4566,CallExpression,nan,1,-1,-1,1269,39,1269,78,packages\slick-carousel\slick\slick.js,0,3096
4567,MemberExpression,nan,-1,-1,-1,1269,81,1269,95,packages\slick-carousel\slick\slick.js,0,3097
4568,CallExpression,nan,1,-1,-1,1348,16,1352,18,packages\slick-carousel\slick\slick.js,0,3098
4569,BlockStatement,nan,-1,-1,-1,1354,46,1361,17,packages\slick-carousel\slick\slick.js,0,3099
4571,AssignmentExpression,nan,-1,-1,-1,1560,16,1585,17,packages\slick-carousel\slick\slick.js,0,3100
4572,AssignmentExpression,nan,-1,-1,-1,1587,16,1596,17,packages\slick-carousel\slick\slick.js,0,3101
4573,AssignmentExpression,nan,-1,-1,-1,1598,16,1598,45,packages\slick-carousel\slick\slick.js,0,3102
4574,MemberExpression,nan,-1,-1,-1,1606,29,1606,43,packages\slick-carousel\slick\slick.js,0,3103
4578,Identifier,prevSlide,-1,-1,-1,1629,35,1629,44,packages\slick-carousel\slick\slick.js,0,3104
4580,CallExpression,nan,1,-1,-1,1630,42,1630,63,packages\slick-carousel\slick\slick.js,0,3105
4581,MemberExpression,nan,-1,-1,-1,1630,28,1630,41,packages\slick-carousel\slick\slick.js,0,3106
4582,CallExpression,nan,1,-1,-1,1631,42,1631,63,packages\slick-carousel\slick\slick.js,0,3107
4583,MemberExpression,nan,-1,-1,-1,1631,28,1631,41,packages\slick-carousel\slick\slick.js,0,3108
4584,CallExpression,nan,1,-1,-1,1740,20,1740,70,packages\slick-carousel\slick\slick.js,0,3109
4585,BlockStatement,nan,-1,-1,-1,1788,33,1796,17,packages\slick-carousel\slick\slick.js,0,3110
4586,Identifier,imageSrcSet,-1,-1,-1,1788,20,1788,31,packages\slick-carousel\slick\slick.js,0,3111
4587,CallExpression,nan,1,-1,-1,1798,16,1801,49,packages\slick-carousel\slick\slick.js,0,3112
4588,BlockStatement,nan,-1,-1,-1,1803,57,1805,17,packages\slick-carousel\slick\slick.js,0,3113
4590,CallExpression,nan,2,-1,-1,1807,16,1807,74,packages\slick-carousel\slick\slick.js,0,3114
4591,CallExpression,nan,0,-1,-1,1808,16,1808,39,packages\slick-carousel\slick\slick.js,0,3115
4592,BlockStatement,nan,-1,-1,-1,1814,36,1825,17,packages\slick-carousel\slick\slick.js,0,3116
4594,MemberExpression,nan,-1,-1,-1,1900,20,1900,40,packages\slick-carousel\slick\slick.js,0,3117
4596,AssignmentExpression,nan,-1,-1,-1,1903,20,1903,81,packages\slick-carousel\slick\slick.js,0,3118
4598,BlockStatement,nan,-1,-1,-1,1907,36,1912,21,packages\slick-carousel\slick\slick.js,0,3119
4599,CallExpression,nan,1,-1,-1,1914,20,1914,57,packages\slick-carousel\slick\slick.js,0,3120
4600,AssignmentExpression,nan,-1,-1,-1,1915,20,1915,101,packages\slick-carousel\slick\slick.js,0,3121
4601,ConditionalExpression,nan,-1,-1,-1,1922,23,1922,60,packages\slick-carousel\slick\slick.js,0,3122
4604,IfStatement,nan,-1,-1,-1,1988,16,1988,55,packages\slick-carousel\slick\slick.js,0,3123
4605,Identifier,removeBefore,-1,-1,-1,1999,20,1999,32,packages\slick-carousel\slick\slick.js,0,3124
4608,UnaryExpression,nan,1,-1,-1,2102,50,2102,52,packages\slick-carousel\slick\slick.js,0,3125
4609,CallExpression,nan,1,-1,-1,2104,16,2110,18,packages\slick-carousel\slick\slick.js,0,3126
4610,AssignmentExpression,nan,-1,-1,-1,2280,20,2280,40,packages\slick-carousel\slick\slick.js,0,3127
4612,MemberExpression,nan,-1,-1,-1,2340,31,2340,53,packages\slick-carousel\slick\slick.js,0,3128
4613,MemberExpression,nan,-1,-1,-1,2340,56,2340,72,packages\slick-carousel\slick\slick.js,0,3129
4614,CallExpression,nan,2,-1,-1,2349,20,2352,53,packages\slick-carousel\slick\slick.js,0,3130
4615,Identifier,index,-1,-1,-1,2348,20,2348,25,packages\slick-carousel\slick\slick.js,0,3131
4616,Identifier,centerOffset,-1,-1,-1,2348,29,2348,41,packages\slick-carousel\slick\slick.js,0,3132
4617,Identifier,index,-1,-1,-1,2348,45,2348,50,packages\slick-carousel\slick\slick.js,0,3133
4619,CallExpression,nan,1,-1,-1,2366,20,2368,49,packages\slick-carousel\slick\slick.js,0,3134
4620,AssignmentExpression,nan,-1,-1,-1,2445,20,2445,62,packages\slick-carousel\slick\slick.js,0,3135
4621,MemberExpression,nan,-1,-1,-1,2450,44,2450,56,packages\slick-carousel\slick\slick.js,0,3136
4622,Identifier,infiniteCount,-1,-1,-1,2451,24,2451,37,packages\slick-carousel\slick\slick.js,0,3137
4623,AssignmentExpression,nan,-1,-1,-1,2452,20,2452,38,packages\slick-carousel\slick\slick.js,0,3138
4624,CallExpression,nan,1,-1,-1,2453,20,2455,74,packages\slick-carousel\slick\slick.js,0,3139
4625,Identifier,infiniteCount,-1,-1,-1,2457,32,2457,45,packages\slick-carousel\slick\slick.js,0,3140
4626,MemberExpression,nan,-1,-1,-1,2457,49,2457,61,packages\slick-carousel\slick\slick.js,0,3141
4627,AssignmentExpression,nan,-1,-1,-1,2458,20,2458,34,packages\slick-carousel\slick\slick.js,0,3142
4628,CallExpression,nan,1,-1,-1,2459,20,2461,73,packages\slick-carousel\slick\slick.js,0,3143
4630,BlockStatement,nan,-1,-1,-1,2463,81,2465,17,packages\slick-carousel\slick\slick.js,0,3144
4631,CallExpression,nan,2,-1,-1,2537,20,2539,22,packages\slick-carousel\slick\slick.js,0,3145
4632,Identifier,dontAnimate,-1,-1,-1,2536,20,2536,31,packages\slick-carousel\slick\slick.js,0,3146
4634,MemberExpression,nan,-1,-1,-1,2536,44,2536,56,packages\slick-carousel\slick\slick.js,0,3147
4635,MemberExpression,nan,-1,-1,-1,2536,59,2536,81,packages\slick-carousel\slick\slick.js,0,3148
4636,MemberExpression,nan,-1,-1,-1,2565,28,2565,40,packages\slick-carousel\slick\slick.js,0,3149
4639,BlockStatement,nan,-1,-1,-1,2607,50,2609,17,packages\slick-carousel\slick\slick.js,0,3150
4640,CallExpression,nan,1,-1,-1,2620,16,2620,38,packages\slick-carousel\slick\slick.js,0,3151
4641,MemberExpression,nan,-1,-1,-1,2854,30,2854,55,packages\slick-carousel\slick\slick.js,0,3152
4642,MemberExpression,nan,-1,-1,-1,2854,58,2854,80,packages\slick-carousel\slick\slick.js,0,3153
4643,MemberExpression,nan,-1,-1,-1,2853,91,2853,104,packages\slick-carousel\slick\slick.js,0,3154
4645,MemberExpression,nan,-1,-1,-1,362,20,362,36,packages\slick-carousel\slick\slick.js,0,3155
4646,MemberExpression,nan,-1,-1,-1,376,43,376,58,packages\slick-carousel\slick\slick.js,0,3156
4648,MemberExpression,nan,-1,-1,-1,421,20,421,31,packages\slick-carousel\slick\slick.js,0,3157
4650,MemberExpression,nan,-1,-1,-1,420,44,420,58,packages\slick-carousel\slick\slick.js,0,3158
4652,MemberExpression,nan,-1,-1,-1,420,71,420,83,packages\slick-carousel\slick\slick.js,0,3159
4654,MemberExpression,nan,-1,-1,-1,457,43,457,65,packages\slick-carousel\slick\slick.js,0,3160
4655,MemberExpression,nan,-1,-1,-1,457,20,457,42,packages\slick-carousel\slick\slick.js,0,3161
4656,MemberExpression,nan,-1,-1,-1,461,42,461,64,packages\slick-carousel\slick\slick.js,0,3162
4657,MemberExpression,nan,-1,-1,-1,461,20,461,41,packages\slick-carousel\slick\slick.js,0,3163
4660,MemberExpression,nan,-1,-1,-1,465,20,467,29,packages\slick-carousel\slick\slick.js,0,3164
4661,ThisExpression,nan,-1,-1,-1,498,77,498,81,packages\slick-carousel\slick\slick.js,0,3165
4662,Identifier,_,-1,-1,-1,498,83,498,84,packages\slick-carousel\slick\slick.js,0,3166
4663,Identifier,i,-1,-1,-1,498,86,498,87,packages\slick-carousel\slick\slick.js,0,3167
4664,MemberExpression,nan,-1,-1,-1,498,49,498,76,packages\slick-carousel\slick\slick.js,0,3168
4666,MemberExpression,nan,-1,-1,-1,523,41,523,56,packages\slick-carousel\slick\slick.js,0,3169
4667,Identifier,c,-1,-1,-1,577,31,577,32,packages\slick-carousel\slick\slick.js,0,3170
4668,MemberExpression,nan,-1,-1,-1,577,35,577,57,packages\slick-carousel\slick\slick.js,0,3171
4669,VariableDeclaration,nan,-1,-1,-1,578,24,578,97,packages\slick-carousel\slick\slick.js,0,3172
4670,IfStatement,nan,-1,-1,-1,579,24,581,25,packages\slick-carousel\slick\slick.js,0,3173
4671,Identifier,row,-1,-1,-1,583,38,583,41,packages\slick-carousel\slick\slick.js,0,3174
4672,MemberExpression,nan,-1,-1,-1,583,20,583,37,packages\slick-carousel\slick\slick.js,0,3175
4673,IfStatement,nan,-1,-1,-1,623,24,625,25,packages\slick-carousel\slick\slick.js,0,3176
4674,MemberExpression,nan,-1,-1,-1,622,24,622,54,packages\slick-carousel\slick\slick.js,0,3177
4677,IfStatement,nan,-1,-1,-1,639,24,649,25,packages\slick-carousel\slick\slick.js,0,3178
4680,Identifier,forceUpdate,-1,-1,-1,636,67,636,78,packages\slick-carousel\slick\slick.js,0,3179
4682,CallExpression,nan,1,-1,-1,896,42,896,73,packages\slick-carousel\slick\slick.js,0,3180
4683,MemberExpression,nan,-1,-1,-1,896,20,896,32,packages\slick-carousel\slick\slick.js,0,3181
4684,MemberExpression,nan,-1,-1,-1,1047,24,1047,34,packages\slick-carousel\slick\slick.js,0,3182
4686,MemberExpression,nan,-1,-1,-1,1048,24,1048,34,packages\slick-carousel\slick\slick.js,0,3183
4687,MemberExpression,nan,-1,-1,-1,1109,33,1109,45,packages\slick-carousel\slick\slick.js,0,3184
4688,MemberExpression,nan,-1,-1,-1,1109,48,1109,70,packages\slick-carousel\slick\slick.js,0,3185
4691,MemberExpression,nan,-1,-1,-1,1113,24,1113,46,packages\slick-carousel\slick\slick.js,0,3186
4693,Identifier,verticalHeight,-1,-1,-1,1119,34,1119,48,packages\slick-carousel\slick\slick.js,0,3187
4694,MemberExpression,nan,-1,-1,-1,1119,51,1119,73,packages\slick-carousel\slick\slick.js,0,3188
4697,Identifier,slideIndex,-1,-1,-1,1123,24,1123,34,packages\slick-carousel\slick\slick.js,0,3189
4698,MemberExpression,nan,-1,-1,-1,1123,37,1123,49,packages\slick-carousel\slick\slick.js,0,3190
4699,Identifier,slideIndex,-1,-1,-1,1122,20,1122,30,packages\slick-carousel\slick\slick.js,0,3191
4700,MemberExpression,nan,-1,-1,-1,1122,33,1122,57,packages\slick-carousel\slick\slick.js,0,3192
4701,MemberExpression,nan,-1,-1,-1,1145,56,1145,78,packages\slick-carousel\slick\slick.js,0,3193
4702,MemberExpression,nan,-1,-1,-1,1145,45,1145,55,packages\slick-carousel\slick\slick.js,0,3194
4703,Identifier,targetLeft,-1,-1,-1,1169,20,1169,30,packages\slick-carousel\slick\slick.js,0,3195
4705,Identifier,targetSlide,-1,-1,-1,1179,20,1179,31,packages\slick-carousel\slick\slick.js,0,3196
4706,CallExpression,nan,1,-1,-1,1179,34,1179,87,packages\slick-carousel\slick\slick.js,0,3197
4708,CallExpression,nan,0,-1,-1,1194,31,1194,46,packages\slick-carousel\slick\slick.js,0,3198
4709,CallExpression,nan,0,-1,-1,1194,49,1194,73,packages\slick-carousel\slick\slick.js,0,3199
4710,Identifier,slideOuterWidth,-1,-1,-1,1255,16,1255,31,packages\slick-carousel\slick\slick.js,0,3200
4711,CallExpression,nan,0,-1,-1,1255,34,1255,55,packages\slick-carousel\slick\slick.js,0,3201
4712,Identifier,slideOffset,-1,-1,-1,1256,16,1256,27,packages\slick-carousel\slick\slick.js,0,3202
4713,MemberExpression,nan,-1,-1,-1,1256,30,1256,46,packages\slick-carousel\slick\slick.js,0,3203
4715,MemberExpression,nan,-1,-1,-1,1257,20,1257,40,packages\slick-carousel\slick\slick.js,0,3204
4717,Identifier,slideRightBoundary,-1,-1,-1,1261,16,1261,34,packages\slick-carousel\slick\slick.js,0,3205
4720,ReturnStatement,nan,1,-1,-1,1265,20,1265,33,packages\slick-carousel\slick\slick.js,0,3206
4721,Identifier,swipeTarget,-1,-1,-1,1263,20,1263,31,packages\slick-carousel\slick\slick.js,0,3207
4722,Identifier,slideRightBoundary,-1,-1,-1,1263,34,1263,52,packages\slick-carousel\slick\slick.js,0,3208
4724,MemberExpression,nan,-1,-1,-1,1269,39,1269,58,packages\slick-carousel\slick\slick.js,0,3209
4725,ObjectExpression,nan,-1,-1,-1,1348,29,1352,17,packages\slick-carousel\slick\slick.js,0,3210
4726,MemberExpression,nan,-1,-1,-1,1348,16,1348,28,packages\slick-carousel\slick\slick.js,0,3211
4727,VariableDeclaration,nan,-1,-1,-1,1355,19,1355,101,packages\slick-carousel\slick\slick.js,0,3212
4728,IfStatement,nan,-1,-1,-1,1356,19,1360,20,packages\slick-carousel\slick\slick.js,0,3213
4729,Identifier,slideControlIndex,-1,-1,-1,1354,20,1354,37,packages\slick-carousel\slick\slick.js,0,3214
4730,UnaryExpression,nan,1,-1,-1,1354,42,1354,44,packages\slick-carousel\slick\slick.js,0,3215
4731,MemberExpression,nan,-1,-1,-1,1560,16,1560,34,packages\slick-carousel\slick\slick.js,0,3216
4732,FunctionExpression,nan,-1,0,0,1560,37,1585,17,packages\slick-carousel\slick\slick.js,0,3217
4733,MemberExpression,nan,-1,-1,-1,1587,16,1587,35,packages\slick-carousel\slick\slick.js,0,3218
4734,FunctionExpression,nan,-1,0,0,1587,38,1596,17,packages\slick-carousel\slick\slick.js,0,3219
4735,MemberExpression,nan,-1,-1,-1,1598,16,1598,31,packages\slick-carousel\slick\slick.js,0,3220
4736,Identifier,imageSource,-1,-1,-1,1598,34,1598,45,packages\slick-carousel\slick\slick.js,0,3221
4739,Identifier,rangeStart,-1,-1,-1,1607,27,1607,37,packages\slick-carousel\slick\slick.js,0,3222
4740,MemberExpression,nan,-1,-1,-1,1607,40,1607,62,packages\slick-carousel\slick\slick.js,0,3223
4741,MemberExpression,nan,-1,-1,-1,1629,47,1629,59,packages\slick-carousel\slick\slick.js,0,3224
4743,Identifier,prevSlide,-1,-1,-1,1630,53,1630,62,packages\slick-carousel\slick\slick.js,0,3225
4744,MemberExpression,nan,-1,-1,-1,1630,42,1630,52,packages\slick-carousel\slick\slick.js,0,3226
4745,Identifier,nextSlide,-1,-1,-1,1631,53,1631,62,packages\slick-carousel\slick\slick.js,0,3227
4746,MemberExpression,nan,-1,-1,-1,1631,42,1631,52,packages\slick-carousel\slick\slick.js,0,3228
4748,MemberExpression,nan,-1,-1,-1,1740,20,1740,61,packages\slick-carousel\slick\slick.js,0,3229
4750,IfStatement,nan,-1,-1,-1,1792,20,1795,21,packages\slick-carousel\slick\slick.js,0,3230
4752,MemberExpression,nan,-1,-1,-1,1798,16,1801,32,packages\slick-carousel\slick\slick.js,0,3231
4754,MemberExpression,nan,-1,-1,-1,1803,21,1803,45,packages\slick-carousel\slick\slick.js,0,3232
4757,ArrayExpression,nan,-1,-1,-1,1807,48,1807,73,packages\slick-carousel\slick\slick.js,0,3233
4758,MemberExpression,nan,-1,-1,-1,1807,16,1807,33,packages\slick-carousel\slick\slick.js,0,3234
4759,MemberExpression,nan,-1,-1,-1,1808,16,1808,37,packages\slick-carousel\slick\slick.js,0,3235
4761,Identifier,tryCount,-1,-1,-1,1814,21,1814,29,packages\slick-carousel\slick\slick.js,0,3236
4763,Identifier,currentBreakpoint,-1,-1,-1,1903,20,1903,37,packages\slick-carousel\slick\slick.js,0,3237
4764,MemberExpression,nan,-1,-1,-1,1903,40,1903,81,packages\slick-carousel\slick\slick.js,0,3238
4765,Identifier,l,-1,-1,-1,1907,27,1907,28,packages\slick-carousel\slick\slick.js,0,3239
4767,IfStatement,nan,-1,-1,-1,1908,24,1910,25,packages\slick-carousel\slick\slick.js,0,3240
4769,Identifier,currentBreakpoint,-1,-1,-1,1914,39,1914,56,packages\slick-carousel\slick\slick.js,0,3241
4770,MemberExpression,nan,-1,-1,-1,1914,20,1914,38,packages\slick-carousel\slick\slick.js,0,3242
4771,MemberExpression,nan,-1,-1,-1,1915,20,1915,59,packages\slick-carousel\slick\slick.js,0,3243
4772,MemberExpression,nan,-1,-1,-1,1915,62,1915,101,packages\slick-carousel\slick\slick.js,0,3244
4774,MemberExpression,nan,-1,-1,-1,1922,25,1922,46,packages\slick-carousel\slick\slick.js,0,3245
4775,AssignmentExpression,nan,-1,-1,-1,1986,16,1986,49,packages\slick-carousel\slick\slick.js,0,3246
4776,CallExpression,nan,0,-1,-1,1987,16,1987,35,packages\slick-carousel\slick\slick.js,0,3247
4777,BlockStatement,nan,-1,-1,-1,1988,35,1988,55,packages\slick-carousel\slick\slick.js,0,3248
4778,UnaryExpression,nan,1,-1,-1,1988,20,1988,32,packages\slick-carousel\slick\slick.js,0,3249
4779,MemberExpression,nan,-1,-1,-1,2102,26,2102,38,packages\slick-carousel\slick\slick.js,0,3250
4780,Identifier,index,-1,-1,-1,2102,41,2102,46,packages\slick-carousel\slick\slick.js,0,3251
4782,ObjectExpression,nan,-1,-1,-1,2104,31,2110,17,packages\slick-carousel\slick\slick.js,0,3252
4783,MemberExpression,nan,-1,-1,-1,2104,16,2104,30,packages\slick-carousel\slick\slick.js,0,3253
4784,MemberExpression,nan,-1,-1,-1,2280,20,2280,36,packages\slick-carousel\slick\slick.js,0,3254
4788,MemberExpression,nan,-1,-1,-1,2349,20,2352,29,packages\slick-carousel\slick\slick.js,0,3255
4790,Identifier,centerOffset,-1,-1,-1,2348,75,2348,87,packages\slick-carousel\slick\slick.js,0,3256
4792,MemberExpression,nan,-1,-1,-1,2366,20,2368,33,packages\slick-carousel\slick\slick.js,0,3257
4793,Identifier,infiniteCount,-1,-1,-1,2445,20,2445,33,packages\slick-carousel\slick\slick.js,0,3258
4795,Identifier,slideIndex,-1,-1,-1,2452,20,2452,30,packages\slick-carousel\slick\slick.js,0,3259
4798,MemberExpression,nan,-1,-1,-1,2453,20,2455,58,packages\slick-carousel\slick\slick.js,0,3260
4799,Identifier,slideIndex,-1,-1,-1,2458,20,2458,30,packages\slick-carousel\slick\slick.js,0,3261
4800,Identifier,i,-1,-1,-1,2458,33,2458,34,packages\slick-carousel\slick\slick.js,0,3262
4802,MemberExpression,nan,-1,-1,-1,2459,20,2461,57,packages\slick-carousel\slick\slick.js,0,3263
4804,Identifier,slideLeft,-1,-1,-1,2537,35,2537,44,packages\slick-carousel\slick\slick.js,0,3264
4805,FunctionExpression,nan,-1,0,0,2537,46,2539,21,packages\slick-carousel\slick\slick.js,0,3265
4806,MemberExpression,nan,-1,-1,-1,2537,20,2537,34,packages\slick-carousel\slick\slick.js,0,3266
4807,MemberExpression,nan,-1,-1,-1,2565,44,2565,56,packages\slick-carousel\slick\slick.js,0,3267
4808,MemberExpression,nan,-1,-1,-1,2565,59,2565,83,packages\slick-carousel\slick\slick.js,0,3268
4810,Identifier,animSlide,-1,-1,-1,2620,28,2620,37,packages\slick-carousel\slick\slick.js,0,3269
4811,MemberExpression,nan,-1,-1,-1,2620,16,2620,27,packages\slick-carousel\slick\slick.js,0,3270
4812,CallExpression,nan,2,-1,-1,363,20,363,52,packages\slick-carousel\slick\slick.js,0,3271
4813,BlockStatement,nan,-1,-1,-1,579,56,581,25,packages\slick-carousel\slick\slick.js,0,3272
4814,CallExpression,nan,1,-1,-1,579,28,579,54,packages\slick-carousel\slick\slick.js,0,3273
4815,BlockStatement,nan,-1,-1,-1,623,72,625,25,packages\slick-carousel\slick\slick.js,0,3274
4817,AssignmentExpression,nan,-1,-1,-1,637,24,638,44,packages\slick-carousel\slick\slick.js,0,3275
4818,BlockStatement,nan,-1,-1,-1,639,82,641,25,packages\slick-carousel\slick\slick.js,0,3276
4820,AssignmentExpression,nan,-1,-1,-1,650,24,650,60,packages\slick-carousel\slick\slick.js,0,3277
4821,Identifier,targetBreakpoint,-1,-1,-1,636,24,636,40,packages\slick-carousel\slick\slick.js,0,3278
4822,MemberExpression,nan,-1,-1,-1,636,45,636,63,packages\slick-carousel\slick\slick.js,0,3279
4824,MemberExpression,nan,-1,-1,-1,896,42,896,54,packages\slick-carousel\slick\slick.js,0,3280
4825,AssignmentExpression,nan,-1,-1,-1,1114,24,1114,35,packages\slick-carousel\slick\slick.js,0,3281
4826,AssignmentExpression,nan,-1,-1,-1,1124,24,1124,116,packages\slick-carousel\slick\slick.js,0,3282
4827,AssignmentExpression,nan,-1,-1,-1,1125,24,1125,119,packages\slick-carousel\slick\slick.js,0,3283
4829,UnaryExpression,nan,1,-1,-1,1169,109,1169,111,packages\slick-carousel\slick\slick.js,0,3284
4830,Identifier,slideIndex,-1,-1,-1,1179,76,1179,86,packages\slick-carousel\slick\slick.js,0,3285
4831,MemberExpression,nan,-1,-1,-1,1179,34,1179,75,packages\slick-carousel\slick\slick.js,0,3286
4832,AssignmentExpression,nan,-1,-1,-1,1186,24,1186,115,packages\slick-carousel\slick\slick.js,0,3287
4833,MemberExpression,nan,-1,-1,-1,1194,31,1194,44,packages\slick-carousel\slick\slick.js,0,3288
4834,MemberExpression,nan,-1,-1,-1,1194,49,1194,71,packages\slick-carousel\slick\slick.js,0,3289
4835,MemberExpression,nan,-1,-1,-1,1255,34,1255,53,packages\slick-carousel\slick\slick.js,0,3290
4836,AssignmentExpression,nan,-1,-1,-1,1258,20,1258,56,packages\slick-carousel\slick\slick.js,0,3291
4837,Identifier,slideOffset,-1,-1,-1,1261,37,1261,48,packages\slick-carousel\slick\slick.js,0,3292
4838,Identifier,slideOuterWidth,-1,-1,-1,1261,52,1261,67,packages\slick-carousel\slick\slick.js,0,3293
4839,AssignmentExpression,nan,-1,-1,-1,1264,20,1264,39,packages\slick-carousel\slick\slick.js,0,3294
4841,BlockStatement,nan,-1,-1,-1,1356,58,1360,20,packages\slick-carousel\slick\slick.js,0,3295
4842,MemberExpression,nan,-1,-1,-1,1356,23,1356,56,packages\slick-carousel\slick\slick.js,0,3296
4845,BlockStatement,nan,-1,-1,-1,1560,48,1585,17,packages\slick-carousel\slick\slick.js,0,3297
4847,BlockStatement,nan,-1,-1,-1,1587,49,1596,17,packages\slick-carousel\slick\slick.js,0,3298
4848,MemberExpression,nan,-1,-1,-1,1606,47,1606,69,packages\slick-carousel\slick\slick.js,0,3299
4850,CallExpression,nan,2,-1,-1,1789,20,1790,53,packages\slick-carousel\slick\slick.js,0,3300
4851,BlockStatement,nan,-1,-1,-1,1792,36,1795,21,packages\slick-carousel\slick\slick.js,0,3301
4852,Identifier,imageSizes,-1,-1,-1,1792,24,1792,34,packages\slick-carousel\slick\slick.js,0,3302
4853,CallExpression,nan,0,-1,-1,1804,20,1804,35,packages\slick-carousel\slick\slick.js,0,3303
4854,CallExpression,nan,2,-1,-1,1821,20,1823,28,packages\slick-carousel\slick\slick.js,0,3304
4855,BlockStatement,nan,-1,-1,-1,1908,89,1910,25,packages\slick-carousel\slick\slick.js,0,3305
4856,LogicalExpression,nan,-1,-1,-1,1908,28,1908,86,packages\slick-carousel\slick\slick.js,0,3306
4857,UpdateExpression,nan,1,-1,-1,1911,24,1911,27,packages\slick-carousel\slick\slick.js,0,3307
4858,Identifier,a,-1,-1,-1,1922,51,1922,52,packages\slick-carousel\slick\slick.js,0,3308
4859,Identifier,b,-1,-1,-1,1922,53,1922,54,packages\slick-carousel\slick\slick.js,0,3309
4860,MemberExpression,nan,-1,-1,-1,1986,16,1986,29,packages\slick-carousel\slick\slick.js,0,3310
4861,CallExpression,nan,0,-1,-1,1986,32,1986,49,packages\slick-carousel\slick\slick.js,0,3311
4862,MemberExpression,nan,-1,-1,-1,1987,16,1987,33,packages\slick-carousel\slick\slick.js,0,3312
4864,MemberExpression,nan,-1,-1,-1,1988,21,1988,32,packages\slick-carousel\slick\slick.js,0,3313
4865,MemberExpression,nan,-1,-1,-1,2348,55,2348,67,packages\slick-carousel\slick\slick.js,0,3314
4867,MemberExpression,nan,-1,-1,-1,2445,36,2445,58,packages\slick-carousel\slick\slick.js,0,3315
4869,Identifier,i,-1,-1,-1,2452,33,2452,34,packages\slick-carousel\slick\slick.js,0,3316
4871,CallExpression,nan,1,-1,-1,2464,20,2464,44,packages\slick-carousel\slick\slick.js,0,3317
4873,BlockStatement,nan,-1,-1,-1,2537,57,2539,21,packages\slick-carousel\slick\slick.js,0,3318
4874,CallExpression,nan,1,-1,-1,2608,20,2608,42,packages\slick-carousel\slick\slick.js,0,3319
4875,Identifier,index,-1,-1,-1,363,40,363,45,packages\slick-carousel\slick\slick.js,0,3320
4877,MemberExpression,nan,-1,-1,-1,363,20,363,39,packages\slick-carousel\slick\slick.js,0,3321
4879,Identifier,target,-1,-1,-1,579,47,579,53,packages\slick-carousel\slick\slick.js,0,3322
4880,MemberExpression,nan,-1,-1,-1,579,28,579,46,packages\slick-carousel\slick\slick.js,0,3323
4882,Identifier,respondToWidth,-1,-1,-1,623,28,623,42,packages\slick-carousel\slick\slick.js,0,3324
4883,MemberExpression,nan,-1,-1,-1,623,45,623,70,packages\slick-carousel\slick\slick.js,0,3325
4884,MemberExpression,nan,-1,-1,-1,637,24,637,42,packages\slick-carousel\slick\slick.js,0,3326
4885,Identifier,targetBreakpoint,-1,-1,-1,638,28,638,44,packages\slick-carousel\slick\slick.js,0,3327
4887,MemberExpression,nan,-1,-1,-1,639,28,639,66,packages\slick-carousel\slick\slick.js,0,3328
4889,Identifier,triggerBreakpoint,-1,-1,-1,650,24,650,41,packages\slick-carousel\slick\slick.js,0,3329
4890,Identifier,targetBreakpoint,-1,-1,-1,650,44,650,60,packages\slick-carousel\slick\slick.js,0,3330
4891,Identifier,coef,-1,-1,-1,1114,24,1114,28,packages\slick-carousel\slick\slick.js,0,3331
4892,UnaryExpression,nan,1,-1,-1,1114,31,1114,35,packages\slick-carousel\slick\slick.js,0,3332
4893,MemberExpression,nan,-1,-1,-1,1124,24,1124,37,packages\slick-carousel\slick\slick.js,0,3333
4895,Identifier,verticalOffset,-1,-1,-1,1125,24,1125,38,packages\slick-carousel\slick\slick.js,0,3334
4898,CallExpression,nan,0,-1,-1,1169,86,1169,105,packages\slick-carousel\slick\slick.js,0,3335
4900,Identifier,targetLeft,-1,-1,-1,1186,24,1186,34,packages\slick-carousel\slick\slick.js,0,3336
4902,Identifier,slideOffset,-1,-1,-1,1258,20,1258,31,packages\slick-carousel\slick\slick.js,0,3337
4904,Identifier,swipedSlide,-1,-1,-1,1264,20,1264,31,packages\slick-carousel\slick\slick.js,0,3338
4905,Identifier,slide,-1,-1,-1,1264,34,1264,39,packages\slick-carousel\slick\slick.js,0,3339
4911,Identifier,imageSrcSet,-1,-1,-1,1790,40,1790,51,packages\slick-carousel\slick\slick.js,0,3340
4912,MemberExpression,nan,-1,-1,-1,1789,20,1790,29,packages\slick-carousel\slick\slick.js,0,3341
4914,MemberExpression,nan,-1,-1,-1,1804,20,1804,33,packages\slick-carousel\slick\slick.js,0,3342
4915,FunctionExpression,nan,-1,0,0,1821,32,1823,21,packages\slick-carousel\slick\slick.js,0,3343
4917,Identifier,setTimeout,-1,-1,-1,1821,20,1821,30,packages\slick-carousel\slick\slick.js,0,3344
4919,MemberExpression,nan,-1,-1,-1,1908,28,1908,44,packages\slick-carousel\slick\slick.js,0,3345
4921,Identifier,l,-1,-1,-1,1911,24,1911,25,packages\slick-carousel\slick\slick.js,0,3346
4922,MemberExpression,nan,-1,-1,-1,1986,32,1986,47,packages\slick-carousel\slick\slick.js,0,3347
4923,CallExpression,nan,0,-1,-1,1988,37,1988,52,packages\slick-carousel\slick\slick.js,0,3348
4925,MemberExpression,nan,-1,-1,-1,2464,20,2464,38,packages\slick-carousel\slick\slick.js,0,3349
4927,Identifier,animSlide,-1,-1,-1,2608,32,2608,41,packages\slick-carousel\slick\slick.js,0,3350
4928,MemberExpression,nan,-1,-1,-1,2608,20,2608,31,packages\slick-carousel\slick\slick.js,0,3351
4929,CallExpression,nan,1,-1,-1,580,28,580,71,packages\slick-carousel\slick\slick.js,0,3352
4930,AssignmentExpression,nan,-1,-1,-1,624,28,624,72,packages\slick-carousel\slick\slick.js,0,3353
4931,CallExpression,nan,1,-1,-1,640,28,640,55,packages\slick-carousel\slick\slick.js,0,3354
4934,UnaryExpression,nan,1,-1,-1,1124,114,1124,116,packages\slick-carousel\slick\slick.js,0,3355
4936,UnaryExpression,nan,1,-1,-1,1125,117,1125,119,packages\slick-carousel\slick\slick.js,0,3356
4937,CallExpression,nan,0,-1,-1,1169,34,1169,55,packages\slick-carousel\slick\slick.js,0,3357
4938,MemberExpression,nan,-1,-1,-1,1169,58,1169,83,packages\slick-carousel\slick\slick.js,0,3358
4939,MemberExpression,nan,-1,-1,-1,1169,86,1169,103,packages\slick-carousel\slick\slick.js,0,3359
4941,UnaryExpression,nan,1,-1,-1,1186,113,1186,115,packages\slick-carousel\slick\slick.js,0,3360
4942,Identifier,slideOuterWidth,-1,-1,-1,1258,36,1258,51,packages\slick-carousel\slick\slick.js,0,3361
4944,CallExpression,nan,1,-1,-1,1357,21,1359,23,packages\slick-carousel\slick\slick.js,0,3362
4945,CallExpression,nan,3,-1,-1,1562,20,1583,26,packages\slick-carousel\slick\slick.js,0,3363
4946,CallExpression,nan,1,-1,-1,1589,20,1592,59,packages\slick-carousel\slick\slick.js,0,3364
4947,CallExpression,nan,2,-1,-1,1594,20,1594,81,packages\slick-carousel\slick\slick.js,0,3365
4948,CallExpression,nan,2,-1,-1,1793,24,1794,55,packages\slick-carousel\slick\slick.js,0,3366
4950,BlockStatement,nan,-1,-1,-1,1821,43,1823,21,packages\slick-carousel\slick\slick.js,0,3367
4951,CallExpression,nan,2,-1,-1,1909,28,1909,53,packages\slick-carousel\slick\slick.js,0,3368
4952,MemberExpression,nan,-1,-1,-1,1908,48,1908,64,packages\slick-carousel\slick\slick.js,0,3369
4953,Identifier,currentBreakpoint,-1,-1,-1,1908,69,1908,86,packages\slick-carousel\slick\slick.js,0,3370
4954,MemberExpression,nan,-1,-1,-1,1988,37,1988,50,packages\slick-carousel\slick\slick.js,0,3371
4955,CallExpression,nan,1,-1,-1,2538,24,2538,48,packages\slick-carousel\slick\slick.js,0,3372
4956,CallExpression,nan,1,-1,-1,580,44,580,70,packages\slick-carousel\slick\slick.js,0,3373
4957,MemberExpression,nan,-1,-1,-1,580,28,580,43,packages\slick-carousel\slick\slick.js,0,3374
4958,Identifier,targetBreakpoint,-1,-1,-1,624,28,624,44,packages\slick-carousel\slick\slick.js,0,3375
4959,MemberExpression,nan,-1,-1,-1,624,47,624,72,packages\slick-carousel\slick\slick.js,0,3376
4960,Identifier,targetBreakpoint,-1,-1,-1,640,38,640,54,packages\slick-carousel\slick\slick.js,0,3377
4961,MemberExpression,nan,-1,-1,-1,640,28,640,37,packages\slick-carousel\slick\slick.js,0,3378
4963,MemberExpression,nan,-1,-1,-1,1124,98,1124,110,packages\slick-carousel\slick\slick.js,0,3379
4966,Identifier,verticalHeight,-1,-1,-1,1125,99,1125,113,packages\slick-carousel\slick\slick.js,0,3380
4968,MemberExpression,nan,-1,-1,-1,1169,34,1169,53,packages\slick-carousel\slick\slick.js,0,3381
4970,CallExpression,nan,0,-1,-1,1186,90,1186,109,packages\slick-carousel\slick\slick.js,0,3382
4972,ObjectExpression,nan,-1,-1,-1,1357,34,1359,22,packages\slick-carousel\slick\slick.js,0,3383
4973,MemberExpression,nan,-1,-1,-1,1357,21,1357,33,packages\slick-carousel\slick\slick.js,0,3384
4974,ObjectExpression,nan,-1,-1,-1,1563,33,1563,47,packages\slick-carousel\slick\slick.js,0,3385
4976,FunctionExpression,nan,-1,0,0,1563,54,1583,25,packages\slick-carousel\slick\slick.js,0,3386
4977,MemberExpression,nan,-1,-1,-1,1562,20,1563,32,packages\slick-carousel\slick\slick.js,0,3387
4979,MemberExpression,nan,-1,-1,-1,1589,20,1592,33,packages\slick-carousel\slick\slick.js,0,3388
4981,ArrayExpression,nan,-1,-1,-1,1594,55,1594,80,packages\slick-carousel\slick\slick.js,0,3389
4982,MemberExpression,nan,-1,-1,-1,1594,20,1594,37,packages\slick-carousel\slick\slick.js,0,3390
4984,Identifier,imageSizes,-1,-1,-1,1794,43,1794,53,packages\slick-carousel\slick\slick.js,0,3391
4985,MemberExpression,nan,-1,-1,-1,1793,24,1794,33,packages\slick-carousel\slick\slick.js,0,3392
4987,Identifier,l,-1,-1,-1,1909,49,1909,50,packages\slick-carousel\slick\slick.js,0,3393
4989,MemberExpression,nan,-1,-1,-1,1909,28,1909,48,packages\slick-carousel\slick\slick.js,0,3394
4990,Identifier,targetSlide,-1,-1,-1,2538,36,2538,47,packages\slick-carousel\slick\slick.js,0,3395
4991,MemberExpression,nan,-1,-1,-1,2538,24,2538,35,packages\slick-carousel\slick\slick.js,0,3396
4992,Identifier,target,-1,-1,-1,580,63,580,69,packages\slick-carousel\slick\slick.js,0,3397
4993,MemberExpression,nan,-1,-1,-1,580,44,580,62,packages\slick-carousel\slick\slick.js,0,3398
4994,MemberExpression,nan,-1,-1,-1,1124,42,1124,64,packages\slick-carousel\slick\slick.js,0,3399
4996,MemberExpression,nan,-1,-1,-1,1125,43,1125,65,packages\slick-carousel\slick\slick.js,0,3400
4998,CallExpression,nan,0,-1,-1,1186,38,1186,59,packages\slick-carousel\slick\slick.js,0,3401
4999,MemberExpression,nan,-1,-1,-1,1186,62,1186,87,packages\slick-carousel\slick\slick.js,0,3402
5000,MemberExpression,nan,-1,-1,-1,1186,90,1186,107,packages\slick-carousel\slick\slick.js,0,3403
5002,BlockStatement,nan,-1,-1,-1,1563,65,1583,25,packages\slick-carousel\slick\slick.js,0,3404
5003,CallExpression,nan,1,-1,-1,1822,24,1822,61,packages\slick-carousel\slick\slick.js,0,3405
5004,Identifier,slideIndex,-1,-1,-1,1124,68,1124,78,packages\slick-carousel\slick\slick.js,0,3406
5005,MemberExpression,nan,-1,-1,-1,1124,81,1124,93,packages\slick-carousel\slick\slick.js,0,3407
5006,Identifier,slideIndex,-1,-1,-1,1125,69,1125,79,packages\slick-carousel\slick\slick.js,0,3408
5007,MemberExpression,nan,-1,-1,-1,1125,82,1125,94,packages\slick-carousel\slick\slick.js,0,3409
5008,MemberExpression,nan,-1,-1,-1,1186,38,1186,57,packages\slick-carousel\slick\slick.js,0,3410
5009,IfStatement,nan,-1,-1,-1,1565,28,1573,29,packages\slick-carousel\slick\slick.js,0,3411
5013,MemberExpression,nan,-1,-1,-1,1822,24,1822,45,packages\slick-carousel\slick\slick.js,0,3412
5014,BlockStatement,nan,-1,-1,-1,1565,45,1573,29,packages\slick-carousel\slick\slick.js,0,3413
5015,Identifier,imageSrcSet,-1,-1,-1,1565,32,1565,43,packages\slick-carousel\slick\slick.js,0,3414
5016,CallExpression,nan,3,-1,-1,1575,28,1581,34,packages\slick-carousel\slick\slick.js,0,3415
5017,CallExpression,nan,2,-1,-1,1582,28,1582,84,packages\slick-carousel\slick\slick.js,0,3416
5018,Identifier,tryCount,-1,-1,-1,1822,47,1822,55,packages\slick-carousel\slick\slick.js,0,3417
5021,IfStatement,nan,-1,-1,-1,1569,32,1572,33,packages\slick-carousel\slick\slick.js,0,3418
5022,ObjectExpression,nan,-1,-1,-1,1577,41,1577,55,packages\slick-carousel\slick\slick.js,0,3419
5024,FunctionExpression,nan,-1,0,0,1577,62,1581,33,packages\slick-carousel\slick\slick.js,0,3420
5025,MemberExpression,nan,-1,-1,-1,1575,28,1577,40,packages\slick-carousel\slick\slick.js,0,3421
5027,ArrayExpression,nan,-1,-1,-1,1582,60,1582,83,packages\slick-carousel\slick\slick.js,0,3422
5028,MemberExpression,nan,-1,-1,-1,1582,28,1582,45,packages\slick-carousel\slick\slick.js,0,3423
5029,CallExpression,nan,2,-1,-1,1566,32,1567,65,packages\slick-carousel\slick\slick.js,0,3424
5030,BlockStatement,nan,-1,-1,-1,1569,48,1572,33,packages\slick-carousel\slick\slick.js,0,3425
5031,Identifier,imageSizes,-1,-1,-1,1569,36,1569,46,packages\slick-carousel\slick\slick.js,0,3426
5033,BlockStatement,nan,-1,-1,-1,1577,73,1581,33,packages\slick-carousel\slick\slick.js,0,3427
5035,Identifier,imageSrcSet,-1,-1,-1,1567,52,1567,63,packages\slick-carousel\slick\slick.js,0,3428
5036,MemberExpression,nan,-1,-1,-1,1566,32,1567,41,packages\slick-carousel\slick\slick.js,0,3429
5039,CallExpression,nan,2,-1,-1,1570,36,1571,67,packages\slick-carousel\slick\slick.js,0,3430
5040,CallExpression,nan,1,-1,-1,1578,36,1580,69,packages\slick-carousel\slick\slick.js,0,3431
5042,Identifier,imageSizes,-1,-1,-1,1571,55,1571,65,packages\slick-carousel\slick\slick.js,0,3432
5043,MemberExpression,nan,-1,-1,-1,1570,36,1571,45,packages\slick-carousel\slick\slick.js,0,3433
5045,MemberExpression,nan,-1,-1,-1,1578,36,1580,52,packages\slick-carousel\slick\slick.js,0,3434
5046,Program,nan,-1,-1,-1,1,0,1,43416,packages\slick-carousel\slick\slick.min.js,0,3435
5048,CallExpression,nan,1,-1,-1,1,0,1,43415,packages\slick-carousel\slick\slick.min.js,0,3436
5049,FunctionExpression,nan,-1,1,0,1,256,1,43414,packages\slick-carousel\slick\slick.min.js,0,3437
5050,FunctionExpression,nan,-1,1,0,1,1,1,254,packages\slick-carousel\slick\slick.min.js,0,3438
5051,Identifier,n,-1,-1,-1,1,265,1,266,packages\slick-carousel\slick\slick.min.js,0,3439
5053,BlockStatement,nan,-1,-1,-1,1,267,1,43414,packages\slick-carousel\slick\slick.min.js,0,3440
5054,Identifier,n,-1,-1,-1,1,10,1,11,packages\slick-carousel\slick\slick.min.js,0,3441
5056,BlockStatement,nan,-1,-1,-1,1,12,1,254,packages\slick-carousel\slick\slick.min.js,0,3442
5058,VariableDeclaration,nan,-1,-1,-1,1,281,1,304,packages\slick-carousel\slick\slick.min.js,0,3443
5063,SequenceExpression,nan,-1,-1,-1,1,304,1,43413,packages\slick-carousel\slick\slick.min.js,0,3444
5065,ConditionalExpression,nan,-1,-1,-1,1,26,1,253,packages\slick-carousel\slick\slick.min.js,0,3445
5066,CallExpression,nan,2,-1,-1,1,64,1,84,packages\slick-carousel\slick\slick.min.js,0,3446
5067,LogicalExpression,nan,-1,-1,-1,1,26,1,63,packages\slick-carousel\slick\slick.min.js,0,3447
5068,ArrayExpression,nan,-1,-1,-1,1,71,1,81,packages\slick-carousel\slick\slick.min.js,0,3448
5069,Identifier,n,-1,-1,-1,1,82,1,83,packages\slick-carousel\slick\slick.min.js,0,3449
5070,Identifier,define,-1,-1,-1,1,64,1,70,packages\slick-carousel\slick\slick.min.js,0,3450
5072,MemberExpression,nan,-1,-1,-1,1,53,1,63,packages\slick-carousel\slick\slick.min.js,0,3451
5073,UnaryExpression,nan,1,-1,-1,1,26,1,39,packages\slick-carousel\slick\slick.min.js,0,3452
5075,Identifier,define,-1,-1,-1,1,33,1,39,packages\slick-carousel\slick\slick.min.js,0,3453
