id,type,name,params_len,argument_len,returns,start_line,start_column,end_line,end_column,file_name,file_is_index_or_test,new_id
1,Program,nan,-1,-1,-1,1,0,20,38,packages\spdy\lib\spdy.js,0,0
3,VariableDeclaration,nan,-1,-1,-1,3,0,3,18,packages\spdy\lib\spdy.js,0,1
16,AssignmentExpression,nan,-1,-1,-1,6,0,6,38,packages\spdy\lib\spdy.js,0,2
17,AssignmentExpression,nan,-1,-1,-1,7,0,7,40,packages\spdy\lib\spdy.js,0,3
18,AssignmentExpression,nan,-1,-1,-1,8,0,8,42,packages\spdy\lib\spdy.js,0,4
19,AssignmentExpression,nan,-1,-1,-1,9,0,9,38,packages\spdy\lib\spdy.js,0,5
20,AssignmentExpression,nan,-1,-1,-1,12,0,12,36,packages\spdy\lib\spdy.js,0,6
21,AssignmentExpression,nan,-1,-1,-1,13,0,13,29,packages\spdy\lib\spdy.js,0,7
22,AssignmentExpression,nan,-1,-1,-1,14,0,14,36,packages\spdy\lib\spdy.js,0,8
23,AssignmentExpression,nan,-1,-1,-1,17,0,17,38,packages\spdy\lib\spdy.js,0,9
24,AssignmentExpression,nan,-1,-1,-1,18,0,18,32,packages\spdy\lib\spdy.js,0,10
25,AssignmentExpression,nan,-1,-1,-1,19,0,19,42,packages\spdy\lib\spdy.js,0,11
26,AssignmentExpression,nan,-1,-1,-1,20,0,20,38,packages\spdy\lib\spdy.js,0,12
27,MemberExpression,nan,-1,-1,-1,6,0,6,11,packages\spdy\lib\spdy.js,0,13
28,CallExpression,nan,1,-1,-1,6,14,6,38,packages\spdy\lib\spdy.js,0,14
29,MemberExpression,nan,-1,-1,-1,7,0,7,12,packages\spdy\lib\spdy.js,0,15
30,CallExpression,nan,1,-1,-1,7,15,7,40,packages\spdy\lib\spdy.js,0,16
31,MemberExpression,nan,-1,-1,-1,8,0,8,13,packages\spdy\lib\spdy.js,0,17
32,CallExpression,nan,1,-1,-1,8,16,8,42,packages\spdy\lib\spdy.js,0,18
33,MemberExpression,nan,-1,-1,-1,9,0,9,11,packages\spdy\lib\spdy.js,0,19
34,CallExpression,nan,1,-1,-1,9,14,9,38,packages\spdy\lib\spdy.js,0,20
35,MemberExpression,nan,-1,-1,-1,12,0,12,10,packages\spdy\lib\spdy.js,0,21
36,CallExpression,nan,1,-1,-1,12,13,12,36,packages\spdy\lib\spdy.js,0,22
37,MemberExpression,nan,-1,-1,-1,13,0,13,10,packages\spdy\lib\spdy.js,0,23
38,MemberExpression,nan,-1,-1,-1,13,13,13,29,packages\spdy\lib\spdy.js,0,24
39,MemberExpression,nan,-1,-1,-1,14,0,14,16,packages\spdy\lib\spdy.js,0,25
40,MemberExpression,nan,-1,-1,-1,14,19,14,36,packages\spdy\lib\spdy.js,0,26
41,MemberExpression,nan,-1,-1,-1,17,0,17,11,packages\spdy\lib\spdy.js,0,27
42,CallExpression,nan,1,-1,-1,17,14,17,38,packages\spdy\lib\spdy.js,0,28
43,MemberExpression,nan,-1,-1,-1,18,0,18,11,packages\spdy\lib\spdy.js,0,29
44,MemberExpression,nan,-1,-1,-1,18,14,18,32,packages\spdy\lib\spdy.js,0,30
45,MemberExpression,nan,-1,-1,-1,19,0,19,16,packages\spdy\lib\spdy.js,0,31
46,MemberExpression,nan,-1,-1,-1,19,19,19,42,packages\spdy\lib\spdy.js,0,32
47,MemberExpression,nan,-1,-1,-1,20,0,20,17,packages\spdy\lib\spdy.js,0,33
48,MemberExpression,nan,-1,-1,-1,20,20,20,38,packages\spdy\lib\spdy.js,0,34
50,Identifier,require,-1,-1,-1,6,14,6,21,packages\spdy\lib\spdy.js,0,35
52,Identifier,require,-1,-1,-1,7,15,7,22,packages\spdy\lib\spdy.js,0,36
54,Identifier,require,-1,-1,-1,8,16,8,23,packages\spdy\lib\spdy.js,0,37
56,Identifier,require,-1,-1,-1,9,14,9,21,packages\spdy\lib\spdy.js,0,38
58,Identifier,require,-1,-1,-1,12,13,12,20,packages\spdy\lib\spdy.js,0,39
60,Identifier,require,-1,-1,-1,17,14,17,21,packages\spdy\lib\spdy.js,0,40
61,Program,nan,-1,-1,-1,3,0,242,2,packages\spdy\test\client-test.js,1,41
62,VariableDeclaration,nan,-1,-1,-1,3,0,3,30,packages\spdy\test\client-test.js,1,42
63,VariableDeclaration,nan,-1,-1,-1,4,0,4,28,packages\spdy\test\client-test.js,1,43
64,VariableDeclaration,nan,-1,-1,-1,5,0,5,26,packages\spdy\test\client-test.js,1,44
65,VariableDeclaration,nan,-1,-1,-1,6,0,6,26,packages\spdy\test\client-test.js,1,45
66,VariableDeclaration,nan,-1,-1,-1,8,0,8,36,packages\spdy\test\client-test.js,1,46
67,VariableDeclaration,nan,-1,-1,-1,9,0,9,25,packages\spdy\test\client-test.js,1,47
70,AssignmentExpression,nan,-1,-1,-1,12,0,14,16,packages\spdy\test\client-test.js,1,48
71,CallExpression,nan,2,-1,-1,16,0,242,2,packages\spdy\test\client-test.js,1,49
72,MemberExpression,nan,-1,-1,-1,12,0,12,13,packages\spdy\test\client-test.js,1,50
73,ConditionalExpression,nan,-1,-1,-1,12,16,14,16,packages\spdy\test\client-test.js,1,51
75,FunctionExpression,nan,-1,0,0,16,24,242,1,packages\spdy\test\client-test.js,1,52
76,Identifier,describe,-1,-1,-1,16,0,16,8,packages\spdy\test\client-test.js,1,53
77,MemberExpression,nan,-1,-1,-1,13,4,13,17,packages\spdy\test\client-test.js,1,54
80,BlockStatement,nan,-1,-1,-1,16,36,242,1,packages\spdy\test\client-test.js,1,55
81,MemberExpression,nan,-1,-1,-1,12,16,12,40,packages\spdy\test\client-test.js,1,56
85,CallExpression,nan,2,-1,-1,17,2,162,4,packages\spdy\test\client-test.js,1,57
86,CallExpression,nan,2,-1,-1,164,2,241,4,packages\spdy\test\client-test.js,1,58
88,FunctionExpression,nan,-1,0,0,17,22,162,3,packages\spdy\test\client-test.js,1,59
89,Identifier,describe,-1,-1,-1,17,2,17,10,packages\spdy\test\client-test.js,1,60
91,FunctionExpression,nan,-1,0,0,164,30,241,3,packages\spdy\test\client-test.js,1,61
92,Identifier,describe,-1,-1,-1,164,2,164,10,packages\spdy\test\client-test.js,1,62
94,BlockStatement,nan,-1,-1,-1,17,34,162,3,packages\spdy\test\client-test.js,1,63
96,BlockStatement,nan,-1,-1,-1,164,42,241,3,packages\spdy\test\client-test.js,1,64
99,CallExpression,nan,1,-1,-1,18,4,161,6,packages\spdy\test\client-test.js,1,65
100,CallExpression,nan,1,-1,-1,165,4,240,6,packages\spdy\test\client-test.js,1,66
101,FunctionExpression,nan,-1,4,0,18,25,161,5,packages\spdy\test\client-test.js,1,67
102,MemberExpression,nan,-1,-1,-1,18,4,18,24,packages\spdy\test\client-test.js,1,68
103,FunctionExpression,nan,-1,4,0,165,25,240,5,packages\spdy\test\client-test.js,1,69
104,MemberExpression,nan,-1,-1,-1,165,4,165,24,packages\spdy\test\client-test.js,1,70
105,Identifier,protocol,-1,-1,-1,18,35,18,43,packages\spdy\test\client-test.js,1,71
106,Identifier,alpn,-1,-1,-1,18,45,18,49,packages\spdy\test\client-test.js,1,72
107,Identifier,version,-1,-1,-1,18,51,18,58,packages\spdy\test\client-test.js,1,73
108,Identifier,plain,-1,-1,-1,18,60,18,65,packages\spdy\test\client-test.js,1,74
110,BlockStatement,nan,-1,-1,-1,18,67,161,5,packages\spdy\test\client-test.js,1,75
111,Identifier,protocol,-1,-1,-1,165,35,165,43,packages\spdy\test\client-test.js,1,76
112,Identifier,alpn,-1,-1,-1,165,45,165,49,packages\spdy\test\client-test.js,1,77
113,Identifier,version,-1,-1,-1,165,51,165,58,packages\spdy\test\client-test.js,1,78
114,Identifier,plain,-1,-1,-1,165,60,165,65,packages\spdy\test\client-test.js,1,79
116,BlockStatement,nan,-1,-1,-1,165,67,240,5,packages\spdy\test\client-test.js,1,80
117,VariableDeclaration,nan,-1,-1,-1,19,6,19,16,packages\spdy\test\client-test.js,1,81
118,VariableDeclaration,nan,-1,-1,-1,20,6,20,15,packages\spdy\test\client-test.js,1,82
119,VariableDeclaration,nan,-1,-1,-1,21,6,21,17,packages\spdy\test\client-test.js,1,83
126,VariableDeclaration,nan,-1,-1,-1,166,6,166,16,packages\spdy\test\client-test.js,1,84
127,VariableDeclaration,nan,-1,-1,-1,167,6,167,15,packages\spdy\test\client-test.js,1,85
128,VariableDeclaration,nan,-1,-1,-1,168,6,168,17,packages\spdy\test\client-test.js,1,86
129,VariableDeclaration,nan,-1,-1,-1,170,6,170,20,packages\spdy\test\client-test.js,1,87
134,CallExpression,nan,1,-1,-1,23,6,69,8,packages\spdy\test\client-test.js,1,88
135,CallExpression,nan,1,-1,-1,71,6,81,8,packages\spdy\test\client-test.js,1,89
136,CallExpression,nan,2,-1,-1,83,6,99,8,packages\spdy\test\client-test.js,1,90
137,CallExpression,nan,2,-1,-1,101,6,122,8,packages\spdy\test\client-test.js,1,91
138,CallExpression,nan,2,-1,-1,124,6,143,8,packages\spdy\test\client-test.js,1,92
139,CallExpression,nan,2,-1,-1,145,6,160,8,packages\spdy\test\client-test.js,1,93
140,CallExpression,nan,1,-1,-1,172,6,203,8,packages\spdy\test\client-test.js,1,94
141,CallExpression,nan,1,-1,-1,205,6,215,8,packages\spdy\test\client-test.js,1,95
142,CallExpression,nan,2,-1,-1,217,6,231,8,packages\spdy\test\client-test.js,1,96
143,CallExpression,nan,2,-1,-1,233,6,239,8,packages\spdy\test\client-test.js,1,97
144,FunctionExpression,nan,-1,1,0,23,17,69,7,packages\spdy\test\client-test.js,1,98
145,Identifier,beforeEach,-1,-1,-1,23,6,23,16,packages\spdy\test\client-test.js,1,99
146,FunctionExpression,nan,-1,1,0,71,16,81,7,packages\spdy\test\client-test.js,1,100
147,Identifier,afterEach,-1,-1,-1,71,6,71,15,packages\spdy\test\client-test.js,1,101
149,FunctionExpression,nan,-1,1,0,83,36,99,7,packages\spdy\test\client-test.js,1,102
150,Identifier,it,-1,-1,-1,83,6,83,8,packages\spdy\test\client-test.js,1,103
152,FunctionExpression,nan,-1,1,0,101,37,122,7,packages\spdy\test\client-test.js,1,104
153,Identifier,it,-1,-1,-1,101,6,101,8,packages\spdy\test\client-test.js,1,105
155,FunctionExpression,nan,-1,1,0,124,40,143,7,packages\spdy\test\client-test.js,1,106
156,Identifier,it,-1,-1,-1,124,6,124,8,packages\spdy\test\client-test.js,1,107
158,FunctionExpression,nan,-1,1,0,145,44,160,7,packages\spdy\test\client-test.js,1,108
159,Identifier,it,-1,-1,-1,145,6,145,8,packages\spdy\test\client-test.js,1,109
160,FunctionExpression,nan,-1,1,0,172,17,203,7,packages\spdy\test\client-test.js,1,110
161,Identifier,beforeEach,-1,-1,-1,172,6,172,16,packages\spdy\test\client-test.js,1,111
162,FunctionExpression,nan,-1,1,0,205,16,215,7,packages\spdy\test\client-test.js,1,112
163,Identifier,afterEach,-1,-1,-1,205,6,205,15,packages\spdy\test\client-test.js,1,113
165,FunctionExpression,nan,-1,1,0,217,40,231,7,packages\spdy\test\client-test.js,1,114
166,Identifier,it,-1,-1,-1,217,6,217,8,packages\spdy\test\client-test.js,1,115
168,FunctionExpression,nan,-1,1,0,233,54,239,7,packages\spdy\test\client-test.js,1,116
169,Identifier,it,-1,-1,-1,233,6,233,8,packages\spdy\test\client-test.js,1,117
170,Identifier,done,-1,-1,-1,23,27,23,31,packages\spdy\test\client-test.js,1,118
172,BlockStatement,nan,-1,-1,-1,23,33,69,7,packages\spdy\test\client-test.js,1,119
173,Identifier,done,-1,-1,-1,71,26,71,30,packages\spdy\test\client-test.js,1,120
175,BlockStatement,nan,-1,-1,-1,71,32,81,7,packages\spdy\test\client-test.js,1,121
176,Identifier,done,-1,-1,-1,83,46,83,50,packages\spdy\test\client-test.js,1,122
178,BlockStatement,nan,-1,-1,-1,83,52,99,7,packages\spdy\test\client-test.js,1,123
179,Identifier,done,-1,-1,-1,101,47,101,51,packages\spdy\test\client-test.js,1,124
181,BlockStatement,nan,-1,-1,-1,101,53,122,7,packages\spdy\test\client-test.js,1,125
182,Identifier,done,-1,-1,-1,124,50,124,54,packages\spdy\test\client-test.js,1,126
184,BlockStatement,nan,-1,-1,-1,124,56,143,7,packages\spdy\test\client-test.js,1,127
185,Identifier,done,-1,-1,-1,145,54,145,58,packages\spdy\test\client-test.js,1,128
187,BlockStatement,nan,-1,-1,-1,145,60,160,7,packages\spdy\test\client-test.js,1,129
188,Identifier,done,-1,-1,-1,172,27,172,31,packages\spdy\test\client-test.js,1,130
190,BlockStatement,nan,-1,-1,-1,172,33,203,7,packages\spdy\test\client-test.js,1,131
191,Identifier,done,-1,-1,-1,205,26,205,30,packages\spdy\test\client-test.js,1,132
193,BlockStatement,nan,-1,-1,-1,205,32,215,7,packages\spdy\test\client-test.js,1,133
194,Identifier,done,-1,-1,-1,217,50,217,54,packages\spdy\test\client-test.js,1,134
196,BlockStatement,nan,-1,-1,-1,217,56,231,7,packages\spdy\test\client-test.js,1,135
197,Identifier,done,-1,-1,-1,233,64,233,68,packages\spdy\test\client-test.js,1,136
199,BlockStatement,nan,-1,-1,-1,233,70,239,7,packages\spdy\test\client-test.js,1,137
201,VariableDeclaration,nan,-1,-1,-1,26,8,30,25,packages\spdy\test\client-test.js,1,138
204,VariableDeclaration,nan,-1,-1,-1,72,8,72,23,packages\spdy\test\client-test.js,1,139
207,FunctionDeclaration,nan,-1,0,0,76,8,80,9,packages\spdy\test\client-test.js,1,140
208,VariableDeclaration,nan,-1,-1,-1,84,8,97,10,packages\spdy\test\client-test.js,1,141
210,VariableDeclaration,nan,-1,-1,-1,102,8,116,10,packages\spdy\test\client-test.js,1,142
212,VariableDeclaration,nan,-1,-1,-1,125,8,134,10,packages\spdy\test\client-test.js,1,143
215,VariableDeclaration,nan,-1,-1,-1,146,8,158,10,packages\spdy\test\client-test.js,1,144
218,VariableDeclaration,nan,-1,-1,-1,175,8,180,25,packages\spdy\test\client-test.js,1,145
221,VariableDeclaration,nan,-1,-1,-1,206,8,206,23,packages\spdy\test\client-test.js,1,146
224,FunctionDeclaration,nan,-1,0,0,210,8,214,9,packages\spdy\test\client-test.js,1,147
225,VariableDeclaration,nan,-1,-1,-1,218,8,229,10,packages\spdy\test\client-test.js,1,148
229,AssignmentExpression,nan,-1,-1,-1,24,8,24,38,packages\spdy\test\client-test.js,1,149
230,AssignmentExpression,nan,-1,-1,-1,31,8,54,10,packages\spdy\test\client-test.js,1,150
231,CallExpression,nan,2,-1,-1,56,8,68,10,packages\spdy\test\client-test.js,1,151
232,CallExpression,nan,1,-1,-1,73,8,73,25,packages\spdy\test\client-test.js,1,152
233,CallExpression,nan,1,-1,-1,74,8,74,26,packages\spdy\test\client-test.js,1,153
234,Identifier,next,-1,-1,-1,76,17,76,21,packages\spdy\test\client-test.js,1,154
236,BlockStatement,nan,-1,-1,-1,76,25,80,9,packages\spdy\test\client-test.js,1,155
237,CallExpression,nan,0,-1,-1,98,8,98,17,packages\spdy\test\client-test.js,1,156
238,CallExpression,nan,2,-1,-1,118,8,121,12,packages\spdy\test\client-test.js,1,157
239,CallExpression,nan,2,-1,-1,135,8,141,10,packages\spdy\test\client-test.js,1,158
240,CallExpression,nan,0,-1,-1,142,8,142,17,packages\spdy\test\client-test.js,1,159
241,CallExpression,nan,0,-1,-1,159,8,159,17,packages\spdy\test\client-test.js,1,160
242,AssignmentExpression,nan,-1,-1,-1,173,8,173,38,packages\spdy\test\client-test.js,1,161
243,AssignmentExpression,nan,-1,-1,-1,181,8,184,10,packages\spdy\test\client-test.js,1,162
244,CallExpression,nan,2,-1,-1,186,8,202,10,packages\spdy\test\client-test.js,1,163
245,CallExpression,nan,1,-1,-1,207,8,207,25,packages\spdy\test\client-test.js,1,164
246,CallExpression,nan,1,-1,-1,208,8,208,26,packages\spdy\test\client-test.js,1,165
247,Identifier,next,-1,-1,-1,210,17,210,21,packages\spdy\test\client-test.js,1,166
249,BlockStatement,nan,-1,-1,-1,210,25,214,9,packages\spdy\test\client-test.js,1,167
250,CallExpression,nan,0,-1,-1,230,8,230,17,packages\spdy\test\client-test.js,1,168
251,CallExpression,nan,2,-1,-1,234,8,237,10,packages\spdy\test\client-test.js,1,169
252,CallExpression,nan,2,-1,-1,238,8,238,57,packages\spdy\test\client-test.js,1,170
253,Identifier,hmodule,-1,-1,-1,24,8,24,15,packages\spdy\test\client-test.js,1,171
254,ConditionalExpression,nan,-1,-1,-1,24,18,24,38,packages\spdy\test\client-test.js,1,172
255,Identifier,server,-1,-1,-1,31,8,31,14,packages\spdy\test\client-test.js,1,173
256,CallExpression,nan,2,-1,-1,31,17,54,10,packages\spdy\test\client-test.js,1,174
257,MemberExpression,nan,-1,-1,-1,56,22,56,35,packages\spdy\test\client-test.js,1,175
258,FunctionExpression,nan,-1,0,0,56,37,68,9,packages\spdy\test\client-test.js,1,176
259,MemberExpression,nan,-1,-1,-1,56,8,56,21,packages\spdy\test\client-test.js,1,177
260,Identifier,next,-1,-1,-1,73,20,73,24,packages\spdy\test\client-test.js,1,178
261,MemberExpression,nan,-1,-1,-1,73,8,73,19,packages\spdy\test\client-test.js,1,179
262,Identifier,next,-1,-1,-1,74,21,74,25,packages\spdy\test\client-test.js,1,180
263,MemberExpression,nan,-1,-1,-1,74,8,74,20,packages\spdy\test\client-test.js,1,181
264,IfStatement,nan,-1,-1,-1,77,10,79,11,packages\spdy\test\client-test.js,1,182
265,MemberExpression,nan,-1,-1,-1,98,8,98,15,packages\spdy\test\client-test.js,1,183
266,ConditionalExpression,nan,-1,-1,-1,118,37,118,72,packages\spdy\test\client-test.js,1,184
267,FunctionExpression,nan,-1,0,0,119,10,121,11,packages\spdy\test\client-test.js,1,185
268,MemberExpression,nan,-1,-1,-1,118,8,118,36,packages\spdy\test\client-test.js,1,186
270,FunctionExpression,nan,-1,1,0,135,23,141,9,packages\spdy\test\client-test.js,1,187
271,MemberExpression,nan,-1,-1,-1,135,8,135,14,packages\spdy\test\client-test.js,1,188
272,MemberExpression,nan,-1,-1,-1,142,8,142,15,packages\spdy\test\client-test.js,1,189
273,MemberExpression,nan,-1,-1,-1,159,8,159,15,packages\spdy\test\client-test.js,1,190
274,Identifier,hmodule,-1,-1,-1,173,8,173,15,packages\spdy\test\client-test.js,1,191
275,ConditionalExpression,nan,-1,-1,-1,173,18,173,38,packages\spdy\test\client-test.js,1,192
276,Identifier,server,-1,-1,-1,181,8,181,14,packages\spdy\test\client-test.js,1,193
277,CallExpression,nan,2,-1,-1,181,17,184,10,packages\spdy\test\client-test.js,1,194
278,MemberExpression,nan,-1,-1,-1,186,22,186,35,packages\spdy\test\client-test.js,1,195
279,FunctionExpression,nan,-1,0,0,186,37,202,9,packages\spdy\test\client-test.js,1,196
280,MemberExpression,nan,-1,-1,-1,186,8,186,21,packages\spdy\test\client-test.js,1,197
281,Identifier,next,-1,-1,-1,207,20,207,24,packages\spdy\test\client-test.js,1,198
282,MemberExpression,nan,-1,-1,-1,207,8,207,19,packages\spdy\test\client-test.js,1,199
283,Identifier,next,-1,-1,-1,208,21,208,25,packages\spdy\test\client-test.js,1,200
284,MemberExpression,nan,-1,-1,-1,208,8,208,20,packages\spdy\test\client-test.js,1,201
285,IfStatement,nan,-1,-1,-1,211,10,213,11,packages\spdy\test\client-test.js,1,202
286,MemberExpression,nan,-1,-1,-1,230,8,230,15,packages\spdy\test\client-test.js,1,203
288,FunctionExpression,nan,-1,1,0,234,28,237,9,packages\spdy\test\client-test.js,1,204
289,MemberExpression,nan,-1,-1,-1,234,8,234,18,packages\spdy\test\client-test.js,1,205
291,NewExpression,nan,1,-1,-1,238,33,238,56,packages\spdy\test\client-test.js,1,206
292,MemberExpression,nan,-1,-1,-1,238,8,238,23,packages\spdy\test\client-test.js,1,207
293,Identifier,http,-1,-1,-1,24,26,24,30,packages\spdy\test\client-test.js,1,208
294,Identifier,plain,-1,-1,-1,24,18,24,23,packages\spdy\test\client-test.js,1,209
295,Identifier,options,-1,-1,-1,31,35,31,42,packages\spdy\test\client-test.js,1,210
296,FunctionExpression,nan,-1,2,0,31,44,54,9,packages\spdy\test\client-test.js,1,211
297,MemberExpression,nan,-1,-1,-1,31,17,31,34,packages\spdy\test\client-test.js,1,212
299,BlockStatement,nan,-1,-1,-1,56,49,68,9,packages\spdy\test\client-test.js,1,213
300,BlockStatement,nan,-1,-1,-1,77,31,79,11,packages\spdy\test\client-test.js,1,214
303,Identifier,plain,-1,-1,-1,118,37,118,42,packages\spdy\test\client-test.js,1,215
305,BlockStatement,nan,-1,-1,-1,119,22,121,11,packages\spdy\test\client-test.js,1,216
306,Identifier,push,-1,-1,-1,135,33,135,37,packages\spdy\test\client-test.js,1,217
308,BlockStatement,nan,-1,-1,-1,135,39,141,9,packages\spdy\test\client-test.js,1,218
309,Identifier,http,-1,-1,-1,173,26,173,30,packages\spdy\test\client-test.js,1,219
310,Identifier,plain,-1,-1,-1,173,18,173,23,packages\spdy\test\client-test.js,1,220
311,Identifier,options,-1,-1,-1,181,35,181,42,packages\spdy\test\client-test.js,1,221
312,FunctionExpression,nan,-1,2,0,181,44,184,9,packages\spdy\test\client-test.js,1,222
313,MemberExpression,nan,-1,-1,-1,181,17,181,34,packages\spdy\test\client-test.js,1,223
315,BlockStatement,nan,-1,-1,-1,186,49,202,9,packages\spdy\test\client-test.js,1,224
316,BlockStatement,nan,-1,-1,-1,211,31,213,11,packages\spdy\test\client-test.js,1,225
318,Identifier,err,-1,-1,-1,234,38,234,41,packages\spdy\test\client-test.js,1,226
320,BlockStatement,nan,-1,-1,-1,234,43,237,9,packages\spdy\test\client-test.js,1,227
322,Identifier,Error,-1,-1,-1,238,37,238,42,packages\spdy\test\client-test.js,1,228
323,Identifier,req,-1,-1,-1,31,54,31,57,packages\spdy\test\client-test.js,1,229
324,Identifier,res,-1,-1,-1,31,59,31,62,packages\spdy\test\client-test.js,1,230
326,BlockStatement,nan,-1,-1,-1,31,64,54,9,packages\spdy\test\client-test.js,1,231
330,UpdateExpression,nan,1,-1,-1,77,14,77,23,packages\spdy\test\client-test.js,1,232
337,Identifier,req,-1,-1,-1,181,54,181,57,packages\spdy\test\client-test.js,1,233
338,Identifier,res,-1,-1,-1,181,59,181,62,packages\spdy\test\client-test.js,1,234
340,BlockStatement,nan,-1,-1,-1,181,64,184,9,packages\spdy\test\client-test.js,1,235
344,UpdateExpression,nan,1,-1,-1,211,14,211,23,packages\spdy\test\client-test.js,1,236
348,VariableDeclaration,nan,-1,-1,-1,32,10,32,23,packages\spdy\test\client-test.js,1,237
351,AssignmentExpression,nan,-1,-1,-1,57,10,65,12,packages\spdy\test\client-test.js,1,238
352,CallExpression,nan,0,-1,-1,67,10,67,16,packages\spdy\test\client-test.js,1,239
353,CallExpression,nan,0,-1,-1,78,12,78,18,packages\spdy\test\client-test.js,1,240
354,Identifier,waiting,-1,-1,-1,77,16,77,23,packages\spdy\test\client-test.js,1,241
355,CallExpression,nan,1,-1,-1,120,12,120,32,packages\spdy\test\client-test.js,1,242
356,CallExpression,nan,2,-1,-1,136,10,136,48,packages\spdy\test\client-test.js,1,243
357,CallExpression,nan,2,-1,-1,137,10,137,54,packages\spdy\test\client-test.js,1,244
358,CallExpression,nan,0,-1,-1,139,10,139,23,packages\spdy\test\client-test.js,1,245
359,CallExpression,nan,2,-1,-1,140,10,140,32,packages\spdy\test\client-test.js,1,246
362,AssignmentExpression,nan,-1,-1,-1,187,10,196,12,packages\spdy\test\client-test.js,1,247
363,CallExpression,nan,2,-1,-1,198,10,201,12,packages\spdy\test\client-test.js,1,248
364,CallExpression,nan,0,-1,-1,212,12,212,18,packages\spdy\test\client-test.js,1,249
365,Identifier,waiting,-1,-1,-1,211,16,211,23,packages\spdy\test\client-test.js,1,250
366,CallExpression,nan,2,-1,-1,235,10,235,55,packages\spdy\test\client-test.js,1,251
367,CallExpression,nan,0,-1,-1,236,10,236,16,packages\spdy\test\client-test.js,1,252
368,CallExpression,nan,2,-1,-1,33,10,35,12,packages\spdy\test\client-test.js,1,253
369,CallExpression,nan,2,-1,-1,36,10,53,12,packages\spdy\test\client-test.js,1,254
370,Identifier,agent,-1,-1,-1,57,10,57,15,packages\spdy\test\client-test.js,1,255
371,CallExpression,nan,1,-1,-1,57,18,65,12,packages\spdy\test\client-test.js,1,256
372,Identifier,done,-1,-1,-1,67,10,67,14,packages\spdy\test\client-test.js,1,257
373,Identifier,done,-1,-1,-1,78,12,78,16,packages\spdy\test\client-test.js,1,258
375,MemberExpression,nan,-1,-1,-1,120,12,120,19,packages\spdy\test\client-test.js,1,259
376,MemberExpression,nan,-1,-1,-1,136,29,136,38,packages\spdy\test\client-test.js,1,260
378,MemberExpression,nan,-1,-1,-1,136,10,136,28,packages\spdy\test\client-test.js,1,261
379,MemberExpression,nan,-1,-1,-1,137,29,137,46,packages\spdy\test\client-test.js,1,262
381,MemberExpression,nan,-1,-1,-1,137,10,137,28,packages\spdy\test\client-test.js,1,263
382,MemberExpression,nan,-1,-1,-1,139,10,139,21,packages\spdy\test\client-test.js,1,264
384,Identifier,done,-1,-1,-1,140,27,140,31,packages\spdy\test\client-test.js,1,265
385,MemberExpression,nan,-1,-1,-1,140,10,140,19,packages\spdy\test\client-test.js,1,266
386,CallExpression,nan,2,-1,-1,182,10,182,41,packages\spdy\test\client-test.js,1,267
387,CallExpression,nan,0,-1,-1,183,10,183,19,packages\spdy\test\client-test.js,1,268
388,Identifier,agent,-1,-1,-1,187,10,187,15,packages\spdy\test\client-test.js,1,269
389,CallExpression,nan,1,-1,-1,187,18,196,12,packages\spdy\test\client-test.js,1,270
391,FunctionExpression,nan,-1,0,0,198,33,201,11,packages\spdy\test\client-test.js,1,271
392,MemberExpression,nan,-1,-1,-1,198,10,198,20,packages\spdy\test\client-test.js,1,272
393,Identifier,done,-1,-1,-1,212,12,212,16,packages\spdy\test\client-test.js,1,273
394,MemberExpression,nan,-1,-1,-1,235,29,235,40,packages\spdy\test\client-test.js,1,274
396,MemberExpression,nan,-1,-1,-1,235,10,235,28,packages\spdy\test\client-test.js,1,275
397,Identifier,done,-1,-1,-1,236,10,236,14,packages\spdy\test\client-test.js,1,276
399,FunctionExpression,nan,-1,1,0,33,25,35,11,packages\spdy\test\client-test.js,1,277
400,MemberExpression,nan,-1,-1,-1,33,10,33,16,packages\spdy\test\client-test.js,1,278
402,FunctionExpression,nan,-1,0,0,36,24,53,11,packages\spdy\test\client-test.js,1,279
403,MemberExpression,nan,-1,-1,-1,36,10,36,16,packages\spdy\test\client-test.js,1,280
404,ObjectExpression,nan,-1,-1,-1,57,35,65,11,packages\spdy\test\client-test.js,1,281
405,MemberExpression,nan,-1,-1,-1,57,18,57,34,packages\spdy\test\client-test.js,1,282
407,MemberExpression,nan,-1,-1,-1,182,29,182,40,packages\spdy\test\client-test.js,1,283
408,MemberExpression,nan,-1,-1,-1,182,10,182,23,packages\spdy\test\client-test.js,1,284
409,MemberExpression,nan,-1,-1,-1,183,10,183,17,packages\spdy\test\client-test.js,1,285
410,ObjectExpression,nan,-1,-1,-1,187,35,196,11,packages\spdy\test\client-test.js,1,286
411,MemberExpression,nan,-1,-1,-1,187,18,187,34,packages\spdy\test\client-test.js,1,287
413,BlockStatement,nan,-1,-1,-1,198,45,201,11,packages\spdy\test\client-test.js,1,288
414,Identifier,chunk,-1,-1,-1,33,35,33,40,packages\spdy\test\client-test.js,1,289
416,BlockStatement,nan,-1,-1,-1,33,42,35,11,packages\spdy\test\client-test.js,1,290
418,BlockStatement,nan,-1,-1,-1,36,36,53,11,packages\spdy\test\client-test.js,1,291
424,VariableDeclaration,nan,-1,-1,-1,40,12,52,14,packages\spdy\test\client-test.js,1,292
425,AssignmentExpression,nan,-1,-1,-1,199,12,199,52,packages\spdy\test\client-test.js,1,293
426,CallExpression,nan,0,-1,-1,200,12,200,18,packages\spdy\test\client-test.js,1,294
427,AssignmentExpression,nan,-1,-1,-1,34,12,34,25,packages\spdy\test\client-test.js,1,295
428,CallExpression,nan,2,-1,-1,37,12,37,43,packages\spdy\test\client-test.js,1,296
429,CallExpression,nan,1,-1,-1,38,12,38,44,packages\spdy\test\client-test.js,1,297
430,Identifier,connection,-1,-1,-1,199,12,199,22,packages\spdy\test\client-test.js,1,298
431,MemberExpression,nan,-1,-1,-1,199,25,199,52,packages\spdy\test\client-test.js,1,299
432,Identifier,done,-1,-1,-1,200,12,200,16,packages\spdy\test\client-test.js,1,300
433,Identifier,body,-1,-1,-1,34,12,34,16,packages\spdy\test\client-test.js,1,301
434,Identifier,chunk,-1,-1,-1,34,20,34,25,packages\spdy\test\client-test.js,1,302
436,MemberExpression,nan,-1,-1,-1,37,31,37,42,packages\spdy\test\client-test.js,1,303
437,MemberExpression,nan,-1,-1,-1,37,12,37,25,packages\spdy\test\client-test.js,1,304
438,ObjectExpression,nan,-1,-1,-1,38,28,38,43,packages\spdy\test\client-test.js,1,305
439,MemberExpression,nan,-1,-1,-1,38,12,38,27,packages\spdy\test\client-test.js,1,306
440,Program,nan,-1,-1,-1,2,0,95,1,packages\spdy\test\fixtures.js,1,307
442,VariableDeclaration,nan,-1,-1,-1,4,0,4,30,packages\spdy\test\fixtures.js,1,308
445,FunctionDeclaration,nan,-1,3,0,55,0,65,1,packages\spdy\test\fixtures.js,1,309
450,AssignmentExpression,nan,-1,-1,-1,6,0,6,20,packages\spdy\test\fixtures.js,1,310
451,AssignmentExpression,nan,-1,-1,-1,8,0,53,1,packages\spdy\test\fixtures.js,1,311
452,Identifier,expectData,-1,-1,-1,55,9,55,19,packages\spdy\test\fixtures.js,1,312
453,Identifier,stream,-1,-1,-1,55,21,55,27,packages\spdy\test\fixtures.js,1,313
454,Identifier,expected,-1,-1,-1,55,29,55,37,packages\spdy\test\fixtures.js,1,314
455,Identifier,callback,-1,-1,-1,55,39,55,47,packages\spdy\test\fixtures.js,1,315
457,BlockStatement,nan,-1,-1,-1,55,49,65,1,packages\spdy\test\fixtures.js,1,316
458,AssignmentExpression,nan,-1,-1,-1,66,0,66,31,packages\spdy\test\fixtures.js,1,317
459,AssignmentExpression,nan,-1,-1,-1,68,0,81,1,packages\spdy\test\fixtures.js,1,318
460,AssignmentExpression,nan,-1,-1,-1,83,0,95,1,packages\spdy\test\fixtures.js,1,319
461,MemberExpression,nan,-1,-1,-1,6,0,6,12,packages\spdy\test\fixtures.js,1,320
463,MemberExpression,nan,-1,-1,-1,8,0,8,12,packages\spdy\test\fixtures.js,1,321
464,ObjectExpression,nan,-1,-1,-1,8,15,53,1,packages\spdy\test\fixtures.js,1,322
465,VariableDeclaration,nan,-1,-1,-1,56,2,56,17,packages\spdy\test\fixtures.js,1,323
468,MemberExpression,nan,-1,-1,-1,66,0,66,18,packages\spdy\test\fixtures.js,1,324
469,Identifier,expectData,-1,-1,-1,66,21,66,31,packages\spdy\test\fixtures.js,1,325
470,MemberExpression,nan,-1,-1,-1,68,0,68,21,packages\spdy\test\fixtures.js,1,326
471,FunctionExpression,nan,-1,1,0,68,24,81,1,packages\spdy\test\fixtures.js,1,327
472,MemberExpression,nan,-1,-1,-1,83,0,83,19,packages\spdy\test\fixtures.js,1,328
473,FunctionExpression,nan,-1,1,0,83,22,95,1,packages\spdy\test\fixtures.js,1,329
474,CallExpression,nan,2,-1,-1,58,2,60,4,packages\spdy\test\fixtures.js,1,330
475,CallExpression,nan,2,-1,-1,61,2,64,4,packages\spdy\test\fixtures.js,1,331
476,Identifier,everyProtocol,-1,-1,-1,68,33,68,46,packages\spdy\test\fixtures.js,1,332
477,Identifier,body,-1,-1,-1,68,48,68,52,packages\spdy\test\fixtures.js,1,333
479,BlockStatement,nan,-1,-1,-1,68,54,81,1,packages\spdy\test\fixtures.js,1,334
480,Identifier,everyConfig,-1,-1,-1,83,31,83,42,packages\spdy\test\fixtures.js,1,335
481,Identifier,body,-1,-1,-1,83,44,83,48,packages\spdy\test\fixtures.js,1,336
483,BlockStatement,nan,-1,-1,-1,83,50,95,1,packages\spdy\test\fixtures.js,1,337
485,FunctionExpression,nan,-1,1,0,58,20,60,3,packages\spdy\test\fixtures.js,1,338
486,MemberExpression,nan,-1,-1,-1,58,2,58,11,packages\spdy\test\fixtures.js,1,339
488,FunctionExpression,nan,-1,0,0,61,19,64,3,packages\spdy\test\fixtures.js,1,340
489,MemberExpression,nan,-1,-1,-1,61,2,61,11,packages\spdy\test\fixtures.js,1,341
490,VariableDeclaration,nan,-1,-1,-1,69,2,74,3,packages\spdy\test\fixtures.js,1,342
493,Identifier,chunk,-1,-1,-1,58,30,58,35,packages\spdy\test\fixtures.js,1,343
495,BlockStatement,nan,-1,-1,-1,58,37,60,3,packages\spdy\test\fixtures.js,1,344
497,BlockStatement,nan,-1,-1,-1,61,31,64,3,packages\spdy\test\fixtures.js,1,345
498,CallExpression,nan,1,-1,-1,76,2,80,4,packages\spdy\test\fixtures.js,1,346
499,CallExpression,nan,1,-1,-1,84,2,94,4,packages\spdy\test\fixtures.js,1,347
503,FunctionExpression,nan,-1,1,0,76,20,80,3,packages\spdy\test\fixtures.js,1,348
504,MemberExpression,nan,-1,-1,-1,76,2,76,19,packages\spdy\test\fixtures.js,1,349
505,FunctionExpression,nan,-1,3,1,84,24,94,3,packages\spdy\test\fixtures.js,1,350
506,MemberExpression,nan,-1,-1,-1,84,2,84,23,packages\spdy\test\fixtures.js,1,351
507,AssignmentExpression,nan,-1,-1,-1,59,4,59,19,packages\spdy\test\fixtures.js,1,352
508,CallExpression,nan,2,-1,-1,62,4,62,40,packages\spdy\test\fixtures.js,1,353
509,CallExpression,nan,0,-1,-1,63,4,63,14,packages\spdy\test\fixtures.js,1,354
510,Identifier,protocol,-1,-1,-1,76,30,76,38,packages\spdy\test\fixtures.js,1,355
512,BlockStatement,nan,-1,-1,-1,76,40,80,3,packages\spdy\test\fixtures.js,1,356
513,Identifier,protocol,-1,-1,-1,84,34,84,42,packages\spdy\test\fixtures.js,1,357
514,Identifier,alpn,-1,-1,-1,84,44,84,48,packages\spdy\test\fixtures.js,1,358
515,Identifier,version,-1,-1,-1,84,50,84,57,packages\spdy\test\fixtures.js,1,359
517,BlockStatement,nan,-1,-1,-1,84,59,94,3,packages\spdy\test\fixtures.js,1,360
518,Identifier,actual,-1,-1,-1,59,4,59,10,packages\spdy\test\fixtures.js,1,361
519,Identifier,chunk,-1,-1,-1,59,14,59,19,packages\spdy\test\fixtures.js,1,362
520,Identifier,actual,-1,-1,-1,62,23,62,29,packages\spdy\test\fixtures.js,1,363
521,Identifier,expected,-1,-1,-1,62,31,62,39,packages\spdy\test\fixtures.js,1,364
522,MemberExpression,nan,-1,-1,-1,62,4,62,22,packages\spdy\test\fixtures.js,1,365
523,Identifier,callback,-1,-1,-1,63,4,63,12,packages\spdy\test\fixtures.js,1,366
525,IfStatement,nan,-1,-1,-1,85,4,87,5,packages\spdy\test\fixtures.js,1,367
527,CallExpression,nan,2,-1,-1,77,4,79,6,packages\spdy\test\fixtures.js,1,368
528,BlockStatement,nan,-1,-1,-1,85,27,87,5,packages\spdy\test\fixtures.js,1,369
530,CallExpression,nan,1,-1,-1,89,4,93,6,packages\spdy\test\fixtures.js,1,370
531,MemberExpression,nan,-1,-1,-1,77,13,77,26,packages\spdy\test\fixtures.js,1,371
532,FunctionExpression,nan,-1,0,0,77,28,79,5,packages\spdy\test\fixtures.js,1,372
533,Identifier,describe,-1,-1,-1,77,4,77,12,packages\spdy\test\fixtures.js,1,373
534,ReturnStatement,nan,-1,-1,-1,86,6,86,12,packages\spdy\test\fixtures.js,1,374
535,Identifier,alpn,-1,-1,-1,85,8,85,12,packages\spdy\test\fixtures.js,1,375
537,FunctionExpression,nan,-1,1,0,89,26,93,5,packages\spdy\test\fixtures.js,1,376
538,MemberExpression,nan,-1,-1,-1,89,4,89,25,packages\spdy\test\fixtures.js,1,377
540,BlockStatement,nan,-1,-1,-1,77,40,79,5,packages\spdy\test\fixtures.js,1,378
541,Identifier,plain,-1,-1,-1,89,36,89,41,packages\spdy\test\fixtures.js,1,379
543,BlockStatement,nan,-1,-1,-1,89,43,93,5,packages\spdy\test\fixtures.js,1,380
546,CallExpression,nan,3,-1,-1,78,6,78,62,packages\spdy\test\fixtures.js,1,381
547,CallExpression,nan,2,-1,-1,90,6,92,8,packages\spdy\test\fixtures.js,1,382
548,MemberExpression,nan,-1,-1,-1,78,11,78,28,packages\spdy\test\fixtures.js,1,383
549,MemberExpression,nan,-1,-1,-1,78,30,78,43,packages\spdy\test\fixtures.js,1,384
550,MemberExpression,nan,-1,-1,-1,78,45,78,61,packages\spdy\test\fixtures.js,1,385
551,Identifier,body,-1,-1,-1,78,6,78,10,packages\spdy\test\fixtures.js,1,386
552,ConditionalExpression,nan,-1,-1,-1,90,15,90,48,packages\spdy\test\fixtures.js,1,387
553,FunctionExpression,nan,-1,0,0,90,50,92,7,packages\spdy\test\fixtures.js,1,388
554,Identifier,describe,-1,-1,-1,90,6,90,14,packages\spdy\test\fixtures.js,1,389
556,Identifier,plain,-1,-1,-1,90,15,90,20,packages\spdy\test\fixtures.js,1,390
558,BlockStatement,nan,-1,-1,-1,90,62,92,7,packages\spdy\test\fixtures.js,1,391
560,CallExpression,nan,4,-1,-1,91,8,91,44,packages\spdy\test\fixtures.js,1,392
561,Identifier,protocol,-1,-1,-1,91,13,91,21,packages\spdy\test\fixtures.js,1,393
562,Identifier,alpn,-1,-1,-1,91,23,91,27,packages\spdy\test\fixtures.js,1,394
563,Identifier,version,-1,-1,-1,91,29,91,36,packages\spdy\test\fixtures.js,1,395
564,Identifier,plain,-1,-1,-1,91,38,91,43,packages\spdy\test\fixtures.js,1,396
565,Identifier,body,-1,-1,-1,91,8,91,12,packages\spdy\test\fixtures.js,1,397
566,Program,nan,-1,-1,-1,3,0,487,2,packages\spdy\test\server-test.js,1,398
567,VariableDeclaration,nan,-1,-1,-1,3,0,3,30,packages\spdy\test\server-test.js,1,399
568,VariableDeclaration,nan,-1,-1,-1,4,0,4,24,packages\spdy\test\server-test.js,1,400
569,VariableDeclaration,nan,-1,-1,-1,5,0,5,24,packages\spdy\test\server-test.js,1,401
570,VariableDeclaration,nan,-1,-1,-1,6,0,6,28,packages\spdy\test\server-test.js,1,402
571,VariableDeclaration,nan,-1,-1,-1,7,0,7,41,packages\spdy\test\server-test.js,1,403
572,VariableDeclaration,nan,-1,-1,-1,8,0,8,26,packages\spdy\test\server-test.js,1,404
573,VariableDeclaration,nan,-1,-1,-1,10,0,10,36,packages\spdy\test\server-test.js,1,405
574,VariableDeclaration,nan,-1,-1,-1,11,0,11,25,packages\spdy\test\server-test.js,1,406
576,CallExpression,nan,2,-1,-1,13,0,487,2,packages\spdy\test\server-test.js,1,407
578,FunctionExpression,nan,-1,0,0,13,24,487,1,packages\spdy\test\server-test.js,1,408
579,Identifier,describe,-1,-1,-1,13,0,13,8,packages\spdy\test\server-test.js,1,409
581,BlockStatement,nan,-1,-1,-1,13,36,487,1,packages\spdy\test\server-test.js,1,410
585,CallExpression,nan,1,-1,-1,14,2,419,4,packages\spdy\test\server-test.js,1,411
586,CallExpression,nan,2,-1,-1,421,2,450,4,packages\spdy\test\server-test.js,1,412
587,CallExpression,nan,2,-1,-1,452,2,486,4,packages\spdy\test\server-test.js,1,413
588,FunctionExpression,nan,-1,4,0,14,23,419,3,packages\spdy\test\server-test.js,1,414
589,MemberExpression,nan,-1,-1,-1,14,2,14,22,packages\spdy\test\server-test.js,1,415
591,FunctionExpression,nan,-1,1,0,421,35,450,3,packages\spdy\test\server-test.js,1,416
592,Identifier,it,-1,-1,-1,421,2,421,4,packages\spdy\test\server-test.js,1,417
594,FunctionExpression,nan,-1,1,0,452,35,486,3,packages\spdy\test\server-test.js,1,418
595,Identifier,it,-1,-1,-1,452,2,452,4,packages\spdy\test\server-test.js,1,419
596,Identifier,protocol,-1,-1,-1,14,33,14,41,packages\spdy\test\server-test.js,1,420
597,Identifier,alpn,-1,-1,-1,14,43,14,47,packages\spdy\test\server-test.js,1,421
598,Identifier,version,-1,-1,-1,14,49,14,56,packages\spdy\test\server-test.js,1,422
599,Identifier,plain,-1,-1,-1,14,58,14,63,packages\spdy\test\server-test.js,1,423
601,BlockStatement,nan,-1,-1,-1,14,65,419,3,packages\spdy\test\server-test.js,1,424
602,Identifier,done,-1,-1,-1,421,45,421,49,packages\spdy\test\server-test.js,1,425
604,BlockStatement,nan,-1,-1,-1,421,51,450,3,packages\spdy\test\server-test.js,1,426
605,Identifier,done,-1,-1,-1,452,45,452,49,packages\spdy\test\server-test.js,1,427
607,BlockStatement,nan,-1,-1,-1,452,51,486,3,packages\spdy\test\server-test.js,1,428
608,VariableDeclaration,nan,-1,-1,-1,15,4,15,14,packages\spdy\test\server-test.js,1,429
609,VariableDeclaration,nan,-1,-1,-1,16,4,16,14,packages\spdy\test\server-test.js,1,430
624,VariableDeclaration,nan,-1,-1,-1,422,4,430,6,packages\spdy\test\server-test.js,1,431
626,FunctionDeclaration,nan,-1,2,0,453,4,455,5,packages\spdy\test\server-test.js,1,432
628,VariableDeclaration,nan,-1,-1,-1,458,4,466,6,packages\spdy\test\server-test.js,1,433
630,CallExpression,nan,1,-1,-1,18,4,40,6,packages\spdy\test\server-test.js,1,434
631,CallExpression,nan,1,-1,-1,42,4,45,6,packages\spdy\test\server-test.js,1,435
632,CallExpression,nan,2,-1,-1,47,4,102,6,packages\spdy\test\server-test.js,1,436
633,CallExpression,nan,2,-1,-1,104,4,139,6,packages\spdy\test\server-test.js,1,437
634,CallExpression,nan,2,-1,-1,141,4,166,6,packages\spdy\test\server-test.js,1,438
635,CallExpression,nan,2,-1,-1,168,4,194,6,packages\spdy\test\server-test.js,1,439
636,CallExpression,nan,2,-1,-1,196,4,240,6,packages\spdy\test\server-test.js,1,440
637,CallExpression,nan,2,-1,-1,242,4,277,6,packages\spdy\test\server-test.js,1,441
638,CallExpression,nan,2,-1,-1,279,4,301,6,packages\spdy\test\server-test.js,1,442
639,CallExpression,nan,2,-1,-1,303,4,326,6,packages\spdy\test\server-test.js,1,443
640,CallExpression,nan,2,-1,-1,328,4,351,6,packages\spdy\test\server-test.js,1,444
641,CallExpression,nan,2,-1,-1,353,4,378,6,packages\spdy\test\server-test.js,1,445
642,CallExpression,nan,2,-1,-1,380,4,399,6,packages\spdy\test\server-test.js,1,446
643,CallExpression,nan,2,-1,-1,401,4,418,6,packages\spdy\test\server-test.js,1,447
644,CallExpression,nan,2,-1,-1,432,4,449,6,packages\spdy\test\server-test.js,1,448
645,Identifier,Pseuver,-1,-1,-1,453,13,453,20,packages\spdy\test\server-test.js,1,449
646,Identifier,options,-1,-1,-1,453,22,453,29,packages\spdy\test\server-test.js,1,450
647,Identifier,listener,-1,-1,-1,453,31,453,39,packages\spdy\test\server-test.js,1,451
649,BlockStatement,nan,-1,-1,-1,453,41,455,5,packages\spdy\test\server-test.js,1,452
650,CallExpression,nan,2,-1,-1,456,4,456,40,packages\spdy\test\server-test.js,1,453
651,CallExpression,nan,2,-1,-1,468,4,485,6,packages\spdy\test\server-test.js,1,454
652,FunctionExpression,nan,-1,1,0,18,15,40,5,packages\spdy\test\server-test.js,1,455
653,Identifier,beforeEach,-1,-1,-1,18,4,18,14,packages\spdy\test\server-test.js,1,456
654,FunctionExpression,nan,-1,1,0,42,14,45,5,packages\spdy\test\server-test.js,1,457
655,Identifier,afterEach,-1,-1,-1,42,4,42,13,packages\spdy\test\server-test.js,1,458
657,FunctionExpression,nan,-1,1,0,47,37,102,5,packages\spdy\test\server-test.js,1,459
658,Identifier,it,-1,-1,-1,47,4,47,6,packages\spdy\test\server-test.js,1,460
660,FunctionExpression,nan,-1,1,0,104,38,139,5,packages\spdy\test\server-test.js,1,461
661,Identifier,it,-1,-1,-1,104,4,104,6,packages\spdy\test\server-test.js,1,462
663,FunctionExpression,nan,-1,1,0,141,49,166,5,packages\spdy\test\server-test.js,1,463
664,Identifier,it,-1,-1,-1,141,4,141,6,packages\spdy\test\server-test.js,1,464
666,FunctionExpression,nan,-1,1,0,168,46,194,5,packages\spdy\test\server-test.js,1,465
667,Identifier,it,-1,-1,-1,168,4,168,6,packages\spdy\test\server-test.js,1,466
669,FunctionExpression,nan,-1,1,0,196,35,240,5,packages\spdy\test\server-test.js,1,467
670,Identifier,it,-1,-1,-1,196,4,196,6,packages\spdy\test\server-test.js,1,468
672,FunctionExpression,nan,-1,1,0,242,42,277,5,packages\spdy\test\server-test.js,1,469
673,Identifier,it,-1,-1,-1,242,4,242,6,packages\spdy\test\server-test.js,1,470
675,FunctionExpression,nan,-1,1,0,279,49,301,5,packages\spdy\test\server-test.js,1,471
676,Identifier,it,-1,-1,-1,279,4,279,6,packages\spdy\test\server-test.js,1,472
678,FunctionExpression,nan,-1,1,0,303,62,326,5,packages\spdy\test\server-test.js,1,473
679,Identifier,it,-1,-1,-1,303,4,303,6,packages\spdy\test\server-test.js,1,474
681,FunctionExpression,nan,-1,1,0,328,57,351,5,packages\spdy\test\server-test.js,1,475
682,Identifier,it,-1,-1,-1,328,4,328,6,packages\spdy\test\server-test.js,1,476
684,FunctionExpression,nan,-1,1,0,353,60,378,5,packages\spdy\test\server-test.js,1,477
685,Identifier,it,-1,-1,-1,353,4,353,6,packages\spdy\test\server-test.js,1,478
687,FunctionExpression,nan,-1,1,0,380,40,399,5,packages\spdy\test\server-test.js,1,479
688,Identifier,it,-1,-1,-1,380,4,380,6,packages\spdy\test\server-test.js,1,480
690,FunctionExpression,nan,-1,1,0,401,43,418,5,packages\spdy\test\server-test.js,1,481
691,Identifier,it,-1,-1,-1,401,4,401,6,packages\spdy\test\server-test.js,1,482
692,MemberExpression,nan,-1,-1,-1,432,18,432,31,packages\spdy\test\server-test.js,1,483
693,FunctionExpression,nan,-1,0,0,432,33,449,5,packages\spdy\test\server-test.js,1,484
694,MemberExpression,nan,-1,-1,-1,432,4,432,17,packages\spdy\test\server-test.js,1,485
696,Identifier,Pseuver,-1,-1,-1,456,18,456,25,packages\spdy\test\server-test.js,1,486
697,MemberExpression,nan,-1,-1,-1,456,27,456,39,packages\spdy\test\server-test.js,1,487
698,MemberExpression,nan,-1,-1,-1,456,4,456,17,packages\spdy\test\server-test.js,1,488
699,MemberExpression,nan,-1,-1,-1,468,18,468,31,packages\spdy\test\server-test.js,1,489
700,FunctionExpression,nan,-1,0,0,468,33,485,5,packages\spdy\test\server-test.js,1,490
701,MemberExpression,nan,-1,-1,-1,468,4,468,17,packages\spdy\test\server-test.js,1,491
702,Identifier,done,-1,-1,-1,18,25,18,29,packages\spdy\test\server-test.js,1,492
704,BlockStatement,nan,-1,-1,-1,18,31,40,5,packages\spdy\test\server-test.js,1,493
705,Identifier,done,-1,-1,-1,42,24,42,28,packages\spdy\test\server-test.js,1,494
707,BlockStatement,nan,-1,-1,-1,42,30,45,5,packages\spdy\test\server-test.js,1,495
708,Identifier,done,-1,-1,-1,47,47,47,51,packages\spdy\test\server-test.js,1,496
710,BlockStatement,nan,-1,-1,-1,47,53,102,5,packages\spdy\test\server-test.js,1,497
711,Identifier,done,-1,-1,-1,104,48,104,52,packages\spdy\test\server-test.js,1,498
713,BlockStatement,nan,-1,-1,-1,104,54,139,5,packages\spdy\test\server-test.js,1,499
714,Identifier,done,-1,-1,-1,141,59,141,63,packages\spdy\test\server-test.js,1,500
716,BlockStatement,nan,-1,-1,-1,141,65,166,5,packages\spdy\test\server-test.js,1,501
717,Identifier,done,-1,-1,-1,168,56,168,60,packages\spdy\test\server-test.js,1,502
719,BlockStatement,nan,-1,-1,-1,168,62,194,5,packages\spdy\test\server-test.js,1,503
720,Identifier,done,-1,-1,-1,196,45,196,49,packages\spdy\test\server-test.js,1,504
722,BlockStatement,nan,-1,-1,-1,196,51,240,5,packages\spdy\test\server-test.js,1,505
723,Identifier,done,-1,-1,-1,242,52,242,56,packages\spdy\test\server-test.js,1,506
725,BlockStatement,nan,-1,-1,-1,242,58,277,5,packages\spdy\test\server-test.js,1,507
726,Identifier,done,-1,-1,-1,279,59,279,63,packages\spdy\test\server-test.js,1,508
728,BlockStatement,nan,-1,-1,-1,279,65,301,5,packages\spdy\test\server-test.js,1,509
729,Identifier,done,-1,-1,-1,303,72,303,76,packages\spdy\test\server-test.js,1,510
731,BlockStatement,nan,-1,-1,-1,303,78,326,5,packages\spdy\test\server-test.js,1,511
732,Identifier,done,-1,-1,-1,328,67,328,71,packages\spdy\test\server-test.js,1,512
734,BlockStatement,nan,-1,-1,-1,328,73,351,5,packages\spdy\test\server-test.js,1,513
735,Identifier,done,-1,-1,-1,353,70,353,74,packages\spdy\test\server-test.js,1,514
737,BlockStatement,nan,-1,-1,-1,353,76,378,5,packages\spdy\test\server-test.js,1,515
738,Identifier,done,-1,-1,-1,380,50,380,54,packages\spdy\test\server-test.js,1,516
740,BlockStatement,nan,-1,-1,-1,380,56,399,5,packages\spdy\test\server-test.js,1,517
741,Identifier,done,-1,-1,-1,401,53,401,57,packages\spdy\test\server-test.js,1,518
743,BlockStatement,nan,-1,-1,-1,401,59,418,5,packages\spdy\test\server-test.js,1,519
745,BlockStatement,nan,-1,-1,-1,432,45,449,5,packages\spdy\test\server-test.js,1,520
746,CallExpression,nan,3,-1,-1,454,6,454,48,packages\spdy\test\server-test.js,1,521
748,BlockStatement,nan,-1,-1,-1,468,45,485,5,packages\spdy\test\server-test.js,1,522
753,VariableDeclaration,nan,-1,-1,-1,48,6,69,8,packages\spdy\test\server-test.js,1,523
755,VariableDeclaration,nan,-1,-1,-1,105,6,119,8,packages\spdy\test\server-test.js,1,524
757,VariableDeclaration,nan,-1,-1,-1,133,6,133,21,packages\spdy\test\server-test.js,1,525
758,FunctionDeclaration,nan,-1,0,1,134,6,138,7,packages\spdy\test\server-test.js,1,526
759,VariableDeclaration,nan,-1,-1,-1,142,6,158,8,packages\spdy\test\server-test.js,1,527
761,VariableDeclaration,nan,-1,-1,-1,169,6,185,8,packages\spdy\test\server-test.js,1,528
763,VariableDeclaration,nan,-1,-1,-1,197,6,212,8,packages\spdy\test\server-test.js,1,529
765,VariableDeclaration,nan,-1,-1,-1,234,6,234,21,packages\spdy\test\server-test.js,1,530
766,FunctionDeclaration,nan,-1,0,1,235,6,239,7,packages\spdy\test\server-test.js,1,531
767,VariableDeclaration,nan,-1,-1,-1,243,6,258,8,packages\spdy\test\server-test.js,1,532
769,VariableDeclaration,nan,-1,-1,-1,280,6,292,8,packages\spdy\test\server-test.js,1,533
771,VariableDeclaration,nan,-1,-1,-1,304,6,315,8,packages\spdy\test\server-test.js,1,534
773,VariableDeclaration,nan,-1,-1,-1,329,6,340,8,packages\spdy\test\server-test.js,1,535
775,VariableDeclaration,nan,-1,-1,-1,354,6,367,8,packages\spdy\test\server-test.js,1,536
778,VariableDeclaration,nan,-1,-1,-1,383,6,392,8,packages\spdy\test\server-test.js,1,537
780,VariableDeclaration,nan,-1,-1,-1,402,6,407,8,packages\spdy\test\server-test.js,1,538
784,VariableDeclaration,nan,-1,-1,-1,433,6,446,8,packages\spdy\test\server-test.js,1,539
786,ThisExpression,nan,-1,-1,-1,454,24,454,28,packages\spdy\test\server-test.js,1,540
787,Identifier,options,-1,-1,-1,454,30,454,37,packages\spdy\test\server-test.js,1,541
788,Identifier,listener,-1,-1,-1,454,39,454,47,packages\spdy\test\server-test.js,1,542
789,MemberExpression,nan,-1,-1,-1,454,6,454,23,packages\spdy\test\server-test.js,1,543
790,VariableDeclaration,nan,-1,-1,-1,469,6,482,8,packages\spdy\test\server-test.js,1,544
792,AssignmentExpression,nan,-1,-1,-1,19,6,24,24,packages\spdy\test\server-test.js,1,545
793,CallExpression,nan,2,-1,-1,26,6,39,8,packages\spdy\test\server-test.js,1,546
794,CallExpression,nan,0,-1,-1,43,6,43,29,packages\spdy\test\server-test.js,1,547
795,CallExpression,nan,1,-1,-1,44,6,44,24,packages\spdy\test\server-test.js,1,548
796,CallExpression,nan,2,-1,-1,71,6,101,8,packages\spdy\test\server-test.js,1,549
797,CallExpression,nan,2,-1,-1,121,6,131,8,packages\spdy\test\server-test.js,1,550
798,Identifier,next,-1,-1,-1,134,15,134,19,packages\spdy\test\server-test.js,1,551
800,BlockStatement,nan,-1,-1,-1,134,23,138,7,packages\spdy\test\server-test.js,1,552
801,CallExpression,nan,2,-1,-1,160,6,165,8,packages\spdy\test\server-test.js,1,553
802,CallExpression,nan,2,-1,-1,187,6,193,8,packages\spdy\test\server-test.js,1,554
803,CallExpression,nan,2,-1,-1,214,6,232,8,packages\spdy\test\server-test.js,1,555
804,Identifier,next,-1,-1,-1,235,15,235,19,packages\spdy\test\server-test.js,1,556
806,BlockStatement,nan,-1,-1,-1,235,23,239,7,packages\spdy\test\server-test.js,1,557
807,CallExpression,nan,2,-1,-1,260,6,276,8,packages\spdy\test\server-test.js,1,558
808,CallExpression,nan,2,-1,-1,294,6,300,8,packages\spdy\test\server-test.js,1,559
809,CallExpression,nan,2,-1,-1,317,6,325,8,packages\spdy\test\server-test.js,1,560
810,CallExpression,nan,2,-1,-1,342,6,350,8,packages\spdy\test\server-test.js,1,561
811,CallExpression,nan,2,-1,-1,369,6,377,8,packages\spdy\test\server-test.js,1,562
812,CallExpression,nan,1,-1,-1,381,6,381,41,packages\spdy\test\server-test.js,1,563
813,CallExpression,nan,2,-1,-1,394,6,398,8,packages\spdy\test\server-test.js,1,564
814,CallExpression,nan,0,-1,-1,408,6,408,18,packages\spdy\test\server-test.js,1,565
815,CallExpression,nan,2,-1,-1,409,6,409,40,packages\spdy\test\server-test.js,1,566
816,CallExpression,nan,2,-1,-1,411,6,417,8,packages\spdy\test\server-test.js,1,567
817,CallExpression,nan,0,-1,-1,448,6,448,15,packages\spdy\test\server-test.js,1,568
818,CallExpression,nan,0,-1,-1,484,6,484,15,packages\spdy\test\server-test.js,1,569
819,Identifier,server,-1,-1,-1,19,6,19,12,packages\spdy\test\server-test.js,1,570
820,CallExpression,nan,1,-1,-1,19,15,24,24,packages\spdy\test\server-test.js,1,571
821,MemberExpression,nan,-1,-1,-1,26,20,26,33,packages\spdy\test\server-test.js,1,572
822,FunctionExpression,nan,-1,0,0,26,35,39,7,packages\spdy\test\server-test.js,1,573
823,MemberExpression,nan,-1,-1,-1,26,6,26,19,packages\spdy\test\server-test.js,1,574
824,MemberExpression,nan,-1,-1,-1,43,6,43,27,packages\spdy\test\server-test.js,1,575
825,Identifier,done,-1,-1,-1,44,19,44,23,packages\spdy\test\server-test.js,1,576
826,MemberExpression,nan,-1,-1,-1,44,6,44,18,packages\spdy\test\server-test.js,1,577
828,FunctionExpression,nan,-1,2,0,71,27,101,7,packages\spdy\test\server-test.js,1,578
829,MemberExpression,nan,-1,-1,-1,71,6,71,15,packages\spdy\test\server-test.js,1,579
831,FunctionExpression,nan,-1,2,0,121,27,131,7,packages\spdy\test\server-test.js,1,580
832,MemberExpression,nan,-1,-1,-1,121,6,121,15,packages\spdy\test\server-test.js,1,581
833,IfStatement,nan,-1,-1,-1,135,8,137,9,packages\spdy\test\server-test.js,1,582
835,FunctionExpression,nan,-1,2,0,160,27,165,7,packages\spdy\test\server-test.js,1,583
836,MemberExpression,nan,-1,-1,-1,160,6,160,15,packages\spdy\test\server-test.js,1,584
838,FunctionExpression,nan,-1,2,0,187,33,193,7,packages\spdy\test\server-test.js,1,585
839,MemberExpression,nan,-1,-1,-1,187,6,187,15,packages\spdy\test\server-test.js,1,586
841,FunctionExpression,nan,-1,2,0,214,27,232,7,packages\spdy\test\server-test.js,1,587
842,MemberExpression,nan,-1,-1,-1,214,6,214,15,packages\spdy\test\server-test.js,1,588
843,IfStatement,nan,-1,-1,-1,236,8,238,9,packages\spdy\test\server-test.js,1,589
845,FunctionExpression,nan,-1,2,0,260,27,276,7,packages\spdy\test\server-test.js,1,590
846,MemberExpression,nan,-1,-1,-1,260,6,260,15,packages\spdy\test\server-test.js,1,591
848,FunctionExpression,nan,-1,2,0,294,27,300,7,packages\spdy\test\server-test.js,1,592
849,MemberExpression,nan,-1,-1,-1,294,6,294,15,packages\spdy\test\server-test.js,1,593
851,FunctionExpression,nan,-1,2,0,317,27,325,7,packages\spdy\test\server-test.js,1,594
852,MemberExpression,nan,-1,-1,-1,317,6,317,15,packages\spdy\test\server-test.js,1,595
854,FunctionExpression,nan,-1,2,0,342,27,350,7,packages\spdy\test\server-test.js,1,596
855,MemberExpression,nan,-1,-1,-1,342,6,342,15,packages\spdy\test\server-test.js,1,597
857,FunctionExpression,nan,-1,2,0,369,27,377,7,packages\spdy\test\server-test.js,1,598
858,MemberExpression,nan,-1,-1,-1,369,6,369,15,packages\spdy\test\server-test.js,1,599
860,MemberExpression,nan,-1,-1,-1,381,6,381,30,packages\spdy\test\server-test.js,1,600
862,FunctionExpression,nan,-1,2,0,394,27,398,7,packages\spdy\test\server-test.js,1,601
863,MemberExpression,nan,-1,-1,-1,394,6,394,15,packages\spdy\test\server-test.js,1,602
864,MemberExpression,nan,-1,-1,-1,408,6,408,16,packages\spdy\test\server-test.js,1,603
866,FunctionExpression,nan,-1,0,0,409,25,409,39,packages\spdy\test\server-test.js,1,604
867,MemberExpression,nan,-1,-1,-1,409,6,409,15,packages\spdy\test\server-test.js,1,605
869,FunctionExpression,nan,-1,2,0,411,27,417,7,packages\spdy\test\server-test.js,1,606
870,MemberExpression,nan,-1,-1,-1,411,6,411,15,packages\spdy\test\server-test.js,1,607
871,MemberExpression,nan,-1,-1,-1,448,6,448,13,packages\spdy\test\server-test.js,1,608
872,MemberExpression,nan,-1,-1,-1,484,6,484,13,packages\spdy\test\server-test.js,1,609
873,CallExpression,nan,2,-1,-1,19,33,24,23,packages\spdy\test\server-test.js,1,610
874,MemberExpression,nan,-1,-1,-1,19,15,19,32,packages\spdy\test\server-test.js,1,611
876,BlockStatement,nan,-1,-1,-1,26,47,39,7,packages\spdy\test\server-test.js,1,612
877,Identifier,req,-1,-1,-1,71,37,71,40,packages\spdy\test\server-test.js,1,613
878,Identifier,res,-1,-1,-1,71,42,71,45,packages\spdy\test\server-test.js,1,614
880,BlockStatement,nan,-1,-1,-1,71,47,101,7,packages\spdy\test\server-test.js,1,615
881,Identifier,req,-1,-1,-1,121,37,121,40,packages\spdy\test\server-test.js,1,616
882,Identifier,res,-1,-1,-1,121,42,121,45,packages\spdy\test\server-test.js,1,617
884,BlockStatement,nan,-1,-1,-1,121,47,131,7,packages\spdy\test\server-test.js,1,618
885,BlockStatement,nan,-1,-1,-1,135,29,137,9,packages\spdy\test\server-test.js,1,619
887,Identifier,req,-1,-1,-1,160,37,160,40,packages\spdy\test\server-test.js,1,620
888,Identifier,res,-1,-1,-1,160,42,160,45,packages\spdy\test\server-test.js,1,621
890,BlockStatement,nan,-1,-1,-1,160,47,165,7,packages\spdy\test\server-test.js,1,622
891,Identifier,req,-1,-1,-1,187,43,187,46,packages\spdy\test\server-test.js,1,623
892,Identifier,res,-1,-1,-1,187,48,187,51,packages\spdy\test\server-test.js,1,624
894,BlockStatement,nan,-1,-1,-1,187,53,193,7,packages\spdy\test\server-test.js,1,625
895,Identifier,req,-1,-1,-1,214,37,214,40,packages\spdy\test\server-test.js,1,626
896,Identifier,res,-1,-1,-1,214,42,214,45,packages\spdy\test\server-test.js,1,627
898,BlockStatement,nan,-1,-1,-1,214,47,232,7,packages\spdy\test\server-test.js,1,628
899,BlockStatement,nan,-1,-1,-1,236,29,238,9,packages\spdy\test\server-test.js,1,629
901,Identifier,req,-1,-1,-1,260,37,260,40,packages\spdy\test\server-test.js,1,630
902,Identifier,res,-1,-1,-1,260,42,260,45,packages\spdy\test\server-test.js,1,631
904,BlockStatement,nan,-1,-1,-1,260,47,276,7,packages\spdy\test\server-test.js,1,632
905,Identifier,req,-1,-1,-1,294,37,294,40,packages\spdy\test\server-test.js,1,633
906,Identifier,res,-1,-1,-1,294,42,294,45,packages\spdy\test\server-test.js,1,634
908,BlockStatement,nan,-1,-1,-1,294,47,300,7,packages\spdy\test\server-test.js,1,635
909,Identifier,req,-1,-1,-1,317,37,317,40,packages\spdy\test\server-test.js,1,636
910,Identifier,res,-1,-1,-1,317,42,317,45,packages\spdy\test\server-test.js,1,637
912,BlockStatement,nan,-1,-1,-1,317,47,325,7,packages\spdy\test\server-test.js,1,638
913,Identifier,req,-1,-1,-1,342,37,342,40,packages\spdy\test\server-test.js,1,639
914,Identifier,res,-1,-1,-1,342,42,342,45,packages\spdy\test\server-test.js,1,640
916,BlockStatement,nan,-1,-1,-1,342,47,350,7,packages\spdy\test\server-test.js,1,641
917,Identifier,req,-1,-1,-1,369,37,369,40,packages\spdy\test\server-test.js,1,642
918,Identifier,res,-1,-1,-1,369,42,369,45,packages\spdy\test\server-test.js,1,643
920,BlockStatement,nan,-1,-1,-1,369,47,377,7,packages\spdy\test\server-test.js,1,644
921,Identifier,req,-1,-1,-1,394,37,394,40,packages\spdy\test\server-test.js,1,645
922,Identifier,res,-1,-1,-1,394,42,394,45,packages\spdy\test\server-test.js,1,646
924,BlockStatement,nan,-1,-1,-1,394,47,398,7,packages\spdy\test\server-test.js,1,647
926,BlockStatement,nan,-1,-1,-1,409,37,409,39,packages\spdy\test\server-test.js,1,648
927,Identifier,req,-1,-1,-1,411,37,411,40,packages\spdy\test\server-test.js,1,649
928,Identifier,res,-1,-1,-1,411,42,411,45,packages\spdy\test\server-test.js,1,650
930,BlockStatement,nan,-1,-1,-1,411,47,417,7,packages\spdy\test\server-test.js,1,651
931,ObjectExpression,nan,-1,-1,-1,19,47,24,7,packages\spdy\test\server-test.js,1,652
932,MemberExpression,nan,-1,-1,-1,24,9,24,22,packages\spdy\test\server-test.js,1,653
933,MemberExpression,nan,-1,-1,-1,19,33,19,46,packages\spdy\test\server-test.js,1,654
934,VariableDeclaration,nan,-1,-1,-1,27,8,38,10,packages\spdy\test\server-test.js,1,655
938,IfStatement,nan,-1,-1,-1,75,8,78,9,packages\spdy\test\server-test.js,1,656
939,IfStatement,nan,-1,-1,-1,81,8,85,9,packages\spdy\test\server-test.js,1,657
952,ReturnStatement,nan,1,-1,-1,136,10,136,23,packages\spdy\test\server-test.js,1,658
953,UpdateExpression,nan,1,-1,-1,135,12,135,21,packages\spdy\test\server-test.js,1,659
962,VariableDeclaration,nan,-1,-1,-1,222,8,226,10,packages\spdy\test\server-test.js,1,660
966,ReturnStatement,nan,1,-1,-1,237,10,237,23,packages\spdy\test\server-test.js,1,661
967,UpdateExpression,nan,1,-1,-1,236,12,236,21,packages\spdy\test\server-test.js,1,662
969,VariableDeclaration,nan,-1,-1,-1,261,8,261,30,packages\spdy\test\server-test.js,1,663
990,CallExpression,nan,2,-1,-1,72,8,72,50,packages\spdy\test\server-test.js,1,664
991,CallExpression,nan,2,-1,-1,73,8,73,60,packages\spdy\test\server-test.js,1,665
992,CallExpression,nan,1,-1,-1,74,8,74,26,packages\spdy\test\server-test.js,1,666
993,BlockStatement,nan,-1,-1,-1,75,20,78,9,packages\spdy\test\server-test.js,1,667
994,UnaryExpression,nan,1,-1,-1,75,12,75,18,packages\spdy\test\server-test.js,1,668
995,BlockStatement,nan,-1,-1,-1,81,29,83,9,packages\spdy\test\server-test.js,1,669
997,CallExpression,nan,1,-1,-1,86,8,86,30,packages\spdy\test\server-test.js,1,670
998,CallExpression,nan,1,-1,-1,87,8,87,30,packages\spdy\test\server-test.js,1,671
999,CallExpression,nan,2,-1,-1,89,8,89,45,packages\spdy\test\server-test.js,1,672
1000,CallExpression,nan,2,-1,-1,90,8,90,43,packages\spdy\test\server-test.js,1,673
1001,CallExpression,nan,2,-1,-1,91,8,91,74,packages\spdy\test\server-test.js,1,674
1002,CallExpression,nan,2,-1,-1,93,8,99,10,packages\spdy\test\server-test.js,1,675
1003,CallExpression,nan,0,-1,-1,100,8,100,20,packages\spdy\test\server-test.js,1,676
1004,CallExpression,nan,2,-1,-1,122,8,122,46,packages\spdy\test\server-test.js,1,677
1005,CallExpression,nan,2,-1,-1,123,8,123,44,packages\spdy\test\server-test.js,1,678
1006,CallExpression,nan,2,-1,-1,125,8,127,10,packages\spdy\test\server-test.js,1,679
1007,CallExpression,nan,1,-1,-1,128,8,128,27,packages\spdy\test\server-test.js,1,680
1008,CallExpression,nan,3,-1,-1,130,8,130,49,packages\spdy\test\server-test.js,1,681
1009,CallExpression,nan,0,-1,-1,136,17,136,23,packages\spdy\test\server-test.js,1,682
1010,Identifier,waiting,-1,-1,-1,135,14,135,21,packages\spdy\test\server-test.js,1,683
1011,CallExpression,nan,2,-1,-1,161,8,163,10,packages\spdy\test\server-test.js,1,684
1012,CallExpression,nan,0,-1,-1,164,8,164,20,packages\spdy\test\server-test.js,1,685
1013,CallExpression,nan,2,-1,-1,188,8,191,10,packages\spdy\test\server-test.js,1,686
1014,CallExpression,nan,0,-1,-1,192,8,192,20,packages\spdy\test\server-test.js,1,687
1015,CallExpression,nan,2,-1,-1,215,8,215,46,packages\spdy\test\server-test.js,1,688
1016,CallExpression,nan,2,-1,-1,216,8,216,44,packages\spdy\test\server-test.js,1,689
1017,CallExpression,nan,2,-1,-1,218,8,220,10,packages\spdy\test\server-test.js,1,690
1018,CallExpression,nan,1,-1,-1,227,8,227,24,packages\spdy\test\server-test.js,1,691
1019,CallExpression,nan,1,-1,-1,229,8,229,27,packages\spdy\test\server-test.js,1,692
1020,CallExpression,nan,3,-1,-1,231,8,231,49,packages\spdy\test\server-test.js,1,693
1021,CallExpression,nan,0,-1,-1,237,17,237,23,packages\spdy\test\server-test.js,1,694
1022,Identifier,waiting,-1,-1,-1,236,14,236,21,packages\spdy\test\server-test.js,1,695
1023,CallExpression,nan,2,-1,-1,262,8,265,10,packages\spdy\test\server-test.js,1,696
1024,CallExpression,nan,2,-1,-1,267,8,274,10,packages\spdy\test\server-test.js,1,697
1025,CallExpression,nan,0,-1,-1,275,8,275,20,packages\spdy\test\server-test.js,1,698
1026,CallExpression,nan,2,-1,-1,295,8,298,10,packages\spdy\test\server-test.js,1,699
1027,CallExpression,nan,0,-1,-1,299,8,299,20,packages\spdy\test\server-test.js,1,700
1028,CallExpression,nan,2,-1,-1,318,8,324,10,packages\spdy\test\server-test.js,1,701
1029,CallExpression,nan,2,-1,-1,343,8,349,10,packages\spdy\test\server-test.js,1,702
1030,CallExpression,nan,0,-1,-1,370,8,370,20,packages\spdy\test\server-test.js,1,703
1031,CallExpression,nan,1,-1,-1,371,8,371,26,packages\spdy\test\server-test.js,1,704
1032,CallExpression,nan,1,-1,-1,372,8,372,27,packages\spdy\test\server-test.js,1,705
1033,CallExpression,nan,1,-1,-1,373,8,373,26,packages\spdy\test\server-test.js,1,706
1034,CallExpression,nan,1,-1,-1,374,8,374,30,packages\spdy\test\server-test.js,1,707
1035,CallExpression,nan,1,-1,-1,375,8,375,25,packages\spdy\test\server-test.js,1,708
1036,CallExpression,nan,0,-1,-1,376,8,376,17,packages\spdy\test\server-test.js,1,709
1037,CallExpression,nan,2,-1,-1,395,8,395,69,packages\spdy\test\server-test.js,1,710
1038,CallExpression,nan,0,-1,-1,396,8,396,20,packages\spdy\test\server-test.js,1,711
1039,CallExpression,nan,0,-1,-1,397,8,397,17,packages\spdy\test\server-test.js,1,712
1040,CallExpression,nan,0,-1,-1,412,8,412,17,packages\spdy\test\server-test.js,1,713
1041,CallExpression,nan,0,-1,-1,413,8,413,21,packages\spdy\test\server-test.js,1,714
1042,CallExpression,nan,2,-1,-1,414,8,416,10,packages\spdy\test\server-test.js,1,715
1043,MemberExpression,nan,-1,-1,-1,72,27,72,37,packages\spdy\test\server-test.js,1,716
1044,MemberExpression,nan,-1,-1,-1,72,39,72,49,packages\spdy\test\server-test.js,1,717
1045,MemberExpression,nan,-1,-1,-1,72,8,72,26,packages\spdy\test\server-test.js,1,718
1046,MemberExpression,nan,-1,-1,-1,73,27,73,42,packages\spdy\test\server-test.js,1,719
1047,MemberExpression,nan,-1,-1,-1,73,44,73,59,packages\spdy\test\server-test.js,1,720
1048,MemberExpression,nan,-1,-1,-1,73,8,73,26,packages\spdy\test\server-test.js,1,721
1049,MemberExpression,nan,-1,-1,-1,74,15,74,25,packages\spdy\test\server-test.js,1,722
1050,Identifier,assert,-1,-1,-1,74,8,74,14,packages\spdy\test\server-test.js,1,723
1053,Identifier,plain,-1,-1,-1,75,13,75,18,packages\spdy\test\server-test.js,1,724
1055,Identifier,version,-1,-1,-1,81,12,81,19,packages\spdy\test\server-test.js,1,725
1057,MemberExpression,nan,-1,-1,-1,86,15,86,29,packages\spdy\test\server-test.js,1,726
1058,Identifier,assert,-1,-1,-1,86,8,86,14,packages\spdy\test\server-test.js,1,727
1059,MemberExpression,nan,-1,-1,-1,87,15,87,29,packages\spdy\test\server-test.js,1,728
1060,Identifier,assert,-1,-1,-1,87,8,87,14,packages\spdy\test\server-test.js,1,729
1061,MemberExpression,nan,-1,-1,-1,89,27,89,37,packages\spdy\test\server-test.js,1,730
1063,MemberExpression,nan,-1,-1,-1,89,8,89,26,packages\spdy\test\server-test.js,1,731
1064,MemberExpression,nan,-1,-1,-1,90,27,90,34,packages\spdy\test\server-test.js,1,732
1066,MemberExpression,nan,-1,-1,-1,90,8,90,26,packages\spdy\test\server-test.js,1,733
1067,MemberExpression,nan,-1,-1,-1,91,31,91,42,packages\spdy\test\server-test.js,1,734
1068,ObjectExpression,nan,-1,-1,-1,91,44,91,73,packages\spdy\test\server-test.js,1,735
1069,MemberExpression,nan,-1,-1,-1,91,8,91,30,packages\spdy\test\server-test.js,1,736
1071,FunctionExpression,nan,-1,0,0,93,22,99,9,packages\spdy\test\server-test.js,1,737
1072,MemberExpression,nan,-1,-1,-1,93,8,93,14,packages\spdy\test\server-test.js,1,738
1073,MemberExpression,nan,-1,-1,-1,100,8,100,18,packages\spdy\test\server-test.js,1,739
1074,MemberExpression,nan,-1,-1,-1,122,27,122,37,packages\spdy\test\server-test.js,1,740
1076,MemberExpression,nan,-1,-1,-1,122,8,122,26,packages\spdy\test\server-test.js,1,741
1077,MemberExpression,nan,-1,-1,-1,123,27,123,34,packages\spdy\test\server-test.js,1,742
1079,MemberExpression,nan,-1,-1,-1,123,8,123,26,packages\spdy\test\server-test.js,1,743
1081,ObjectExpression,nan,-1,-1,-1,125,27,127,9,packages\spdy\test\server-test.js,1,744
1082,MemberExpression,nan,-1,-1,-1,125,8,125,21,packages\spdy\test\server-test.js,1,745
1084,MemberExpression,nan,-1,-1,-1,128,8,128,15,packages\spdy\test\server-test.js,1,746
1085,Identifier,req,-1,-1,-1,130,28,130,31,packages\spdy\test\server-test.js,1,747
1087,Identifier,next,-1,-1,-1,130,44,130,48,packages\spdy\test\server-test.js,1,748
1088,MemberExpression,nan,-1,-1,-1,130,8,130,27,packages\spdy\test\server-test.js,1,749
1089,Identifier,done,-1,-1,-1,136,17,136,21,packages\spdy\test\server-test.js,1,750
1091,FunctionExpression,nan,-1,0,0,161,22,163,9,packages\spdy\test\server-test.js,1,751
1092,MemberExpression,nan,-1,-1,-1,161,8,161,14,packages\spdy\test\server-test.js,1,752
1093,MemberExpression,nan,-1,-1,-1,164,8,164,18,packages\spdy\test\server-test.js,1,753
1095,FunctionExpression,nan,-1,0,0,188,22,191,9,packages\spdy\test\server-test.js,1,754
1096,MemberExpression,nan,-1,-1,-1,188,8,188,14,packages\spdy\test\server-test.js,1,755
1097,MemberExpression,nan,-1,-1,-1,192,8,192,18,packages\spdy\test\server-test.js,1,756
1098,MemberExpression,nan,-1,-1,-1,215,27,215,37,packages\spdy\test\server-test.js,1,757
1100,MemberExpression,nan,-1,-1,-1,215,8,215,26,packages\spdy\test\server-test.js,1,758
1101,MemberExpression,nan,-1,-1,-1,216,27,216,34,packages\spdy\test\server-test.js,1,759
1103,MemberExpression,nan,-1,-1,-1,216,8,216,26,packages\spdy\test\server-test.js,1,760
1105,ObjectExpression,nan,-1,-1,-1,218,27,220,9,packages\spdy\test\server-test.js,1,761
1106,MemberExpression,nan,-1,-1,-1,218,8,218,21,packages\spdy\test\server-test.js,1,762
1108,MemberExpression,nan,-1,-1,-1,227,8,227,16,packages\spdy\test\server-test.js,1,763
1110,MemberExpression,nan,-1,-1,-1,229,8,229,15,packages\spdy\test\server-test.js,1,764
1111,Identifier,req,-1,-1,-1,231,28,231,31,packages\spdy\test\server-test.js,1,765
1113,Identifier,next,-1,-1,-1,231,44,231,48,packages\spdy\test\server-test.js,1,766
1114,MemberExpression,nan,-1,-1,-1,231,8,231,27,packages\spdy\test\server-test.js,1,767
1115,Identifier,done,-1,-1,-1,237,17,237,21,packages\spdy\test\server-test.js,1,768
1117,FunctionExpression,nan,-1,1,0,262,27,265,9,packages\spdy\test\server-test.js,1,769
1118,MemberExpression,nan,-1,-1,-1,262,8,262,14,packages\spdy\test\server-test.js,1,770
1120,FunctionExpression,nan,-1,0,0,267,22,274,9,packages\spdy\test\server-test.js,1,771
1121,MemberExpression,nan,-1,-1,-1,267,8,267,14,packages\spdy\test\server-test.js,1,772
1122,MemberExpression,nan,-1,-1,-1,275,8,275,18,packages\spdy\test\server-test.js,1,773
1124,FunctionExpression,nan,-1,0,0,295,22,298,9,packages\spdy\test\server-test.js,1,774
1125,MemberExpression,nan,-1,-1,-1,295,8,295,14,packages\spdy\test\server-test.js,1,775
1126,MemberExpression,nan,-1,-1,-1,299,8,299,18,packages\spdy\test\server-test.js,1,776
1128,FunctionExpression,nan,-1,0,0,318,35,324,9,packages\spdy\test\server-test.js,1,777
1129,MemberExpression,nan,-1,-1,-1,318,8,318,25,packages\spdy\test\server-test.js,1,778
1131,FunctionExpression,nan,-1,0,0,343,35,349,9,packages\spdy\test\server-test.js,1,779
1132,MemberExpression,nan,-1,-1,-1,343,8,343,25,packages\spdy\test\server-test.js,1,780
1133,MemberExpression,nan,-1,-1,-1,370,8,370,18,packages\spdy\test\server-test.js,1,781
1135,MemberExpression,nan,-1,-1,-1,371,8,371,21,packages\spdy\test\server-test.js,1,782
1137,MemberExpression,nan,-1,-1,-1,372,8,372,17,packages\spdy\test\server-test.js,1,783
1139,MemberExpression,nan,-1,-1,-1,373,8,373,17,packages\spdy\test\server-test.js,1,784
1141,MemberExpression,nan,-1,-1,-1,374,8,374,17,packages\spdy\test\server-test.js,1,785
1143,MemberExpression,nan,-1,-1,-1,375,8,375,17,packages\spdy\test\server-test.js,1,786
1144,MemberExpression,nan,-1,-1,-1,376,8,376,15,packages\spdy\test\server-test.js,1,787
1145,MemberExpression,nan,-1,-1,-1,395,27,395,57,packages\spdy\test\server-test.js,1,788
1147,MemberExpression,nan,-1,-1,-1,395,8,395,26,packages\spdy\test\server-test.js,1,789
1148,MemberExpression,nan,-1,-1,-1,396,8,396,18,packages\spdy\test\server-test.js,1,790
1149,MemberExpression,nan,-1,-1,-1,397,8,397,15,packages\spdy\test\server-test.js,1,791
1150,MemberExpression,nan,-1,-1,-1,412,8,412,15,packages\spdy\test\server-test.js,1,792
1151,MemberExpression,nan,-1,-1,-1,413,8,413,19,packages\spdy\test\server-test.js,1,793
1153,FunctionExpression,nan,-1,0,0,414,31,416,9,packages\spdy\test\server-test.js,1,794
1154,MemberExpression,nan,-1,-1,-1,414,8,414,21,packages\spdy\test\server-test.js,1,795
1155,CallExpression,nan,1,-1,-1,76,10,76,38,packages\spdy\test\server-test.js,1,796
1156,CallExpression,nan,1,-1,-1,77,10,77,49,packages\spdy\test\server-test.js,1,797
1157,CallExpression,nan,1,-1,-1,82,10,82,64,packages\spdy\test\server-test.js,1,798
1159,BlockStatement,nan,-1,-1,-1,93,34,99,9,packages\spdy\test\server-test.js,1,799
1161,BlockStatement,nan,-1,-1,-1,161,34,163,9,packages\spdy\test\server-test.js,1,800
1163,BlockStatement,nan,-1,-1,-1,188,34,191,9,packages\spdy\test\server-test.js,1,801
1164,Identifier,headers,-1,-1,-1,262,37,262,44,packages\spdy\test\server-test.js,1,802
1166,BlockStatement,nan,-1,-1,-1,262,46,265,9,packages\spdy\test\server-test.js,1,803
1168,BlockStatement,nan,-1,-1,-1,267,34,274,9,packages\spdy\test\server-test.js,1,804
1170,BlockStatement,nan,-1,-1,-1,295,34,298,9,packages\spdy\test\server-test.js,1,805
1172,BlockStatement,nan,-1,-1,-1,318,47,324,9,packages\spdy\test\server-test.js,1,806
1174,BlockStatement,nan,-1,-1,-1,343,47,349,9,packages\spdy\test\server-test.js,1,807
1176,BlockStatement,nan,-1,-1,-1,414,43,416,9,packages\spdy\test\server-test.js,1,808
1177,MemberExpression,nan,-1,-1,-1,76,17,76,37,packages\spdy\test\server-test.js,1,809
1178,Identifier,assert,-1,-1,-1,76,10,76,16,packages\spdy\test\server-test.js,1,810
1179,CallExpression,nan,0,-1,-1,77,17,77,48,packages\spdy\test\server-test.js,1,811
1180,Identifier,assert,-1,-1,-1,77,10,77,16,packages\spdy\test\server-test.js,1,812
1181,LogicalExpression,nan,-1,-1,-1,82,17,82,63,packages\spdy\test\server-test.js,1,813
1182,Identifier,assert,-1,-1,-1,82,10,82,16,packages\spdy\test\server-test.js,1,814
1201,MemberExpression,nan,-1,-1,-1,77,17,77,46,packages\spdy\test\server-test.js,1,815
1204,CallExpression,nan,2,-1,-1,94,10,96,12,packages\spdy\test\server-test.js,1,816
1205,CallExpression,nan,1,-1,-1,97,10,97,29,packages\spdy\test\server-test.js,1,817
1206,CallExpression,nan,2,-1,-1,98,10,98,60,packages\spdy\test\server-test.js,1,818
1207,CallExpression,nan,1,-1,-1,162,10,162,29,packages\spdy\test\server-test.js,1,819
1208,CallExpression,nan,0,-1,-1,189,10,189,29,packages\spdy\test\server-test.js,1,820
1209,CallExpression,nan,1,-1,-1,190,10,190,29,packages\spdy\test\server-test.js,1,821
1210,AssignmentExpression,nan,-1,-1,-1,263,10,263,27,packages\spdy\test\server-test.js,1,822
1211,CallExpression,nan,2,-1,-1,264,10,264,49,packages\spdy\test\server-test.js,1,823
1212,CallExpression,nan,1,-1,-1,268,10,268,28,packages\spdy\test\server-test.js,1,824
1213,CallExpression,nan,2,-1,-1,270,10,272,12,packages\spdy\test\server-test.js,1,825
1214,CallExpression,nan,1,-1,-1,273,10,273,29,packages\spdy\test\server-test.js,1,826
1215,AssignmentExpression,nan,-1,-1,-1,296,10,296,30,packages\spdy\test\server-test.js,1,827
1216,CallExpression,nan,1,-1,-1,297,10,297,29,packages\spdy\test\server-test.js,1,828
1217,CallExpression,nan,1,-1,-1,319,10,322,12,packages\spdy\test\server-test.js,1,829
1218,CallExpression,nan,0,-1,-1,323,10,323,16,packages\spdy\test\server-test.js,1,830
1219,CallExpression,nan,1,-1,-1,344,10,347,12,packages\spdy\test\server-test.js,1,831
1220,CallExpression,nan,0,-1,-1,348,10,348,16,packages\spdy\test\server-test.js,1,832
1221,CallExpression,nan,0,-1,-1,415,10,415,16,packages\spdy\test\server-test.js,1,833
1222,MemberExpression,nan,-1,-1,-1,82,17,82,32,packages\spdy\test\server-test.js,1,834
1224,MemberExpression,nan,-1,-1,-1,82,41,82,56,packages\spdy\test\server-test.js,1,835
1227,ObjectExpression,nan,-1,-1,-1,94,29,96,11,packages\spdy\test\server-test.js,1,836
1228,MemberExpression,nan,-1,-1,-1,94,10,94,23,packages\spdy\test\server-test.js,1,837
1230,MemberExpression,nan,-1,-1,-1,97,10,97,17,packages\spdy\test\server-test.js,1,838
1231,MemberExpression,nan,-1,-1,-1,98,17,98,29,packages\spdy\test\server-test.js,1,839
1233,Identifier,assert,-1,-1,-1,98,10,98,16,packages\spdy\test\server-test.js,1,840
1235,MemberExpression,nan,-1,-1,-1,162,10,162,17,packages\spdy\test\server-test.js,1,841
1236,MemberExpression,nan,-1,-1,-1,189,10,189,27,packages\spdy\test\server-test.js,1,842
1238,MemberExpression,nan,-1,-1,-1,190,10,190,17,packages\spdy\test\server-test.js,1,843
1239,Identifier,gotHeaders,-1,-1,-1,263,10,263,20,packages\spdy\test\server-test.js,1,844
1241,MemberExpression,nan,-1,-1,-1,264,29,264,41,packages\spdy\test\server-test.js,1,845
1243,MemberExpression,nan,-1,-1,-1,264,10,264,28,packages\spdy\test\server-test.js,1,846
1244,Identifier,gotHeaders,-1,-1,-1,268,17,268,27,packages\spdy\test\server-test.js,1,847
1245,Identifier,assert,-1,-1,-1,268,10,268,16,packages\spdy\test\server-test.js,1,848
1247,ObjectExpression,nan,-1,-1,-1,270,29,272,11,packages\spdy\test\server-test.js,1,849
1248,MemberExpression,nan,-1,-1,-1,270,10,270,23,packages\spdy\test\server-test.js,1,850
1250,MemberExpression,nan,-1,-1,-1,273,10,273,17,packages\spdy\test\server-test.js,1,851
1251,MemberExpression,nan,-1,-1,-1,296,10,296,24,packages\spdy\test\server-test.js,1,852
1254,MemberExpression,nan,-1,-1,-1,297,10,297,17,packages\spdy\test\server-test.js,1,853
1255,FunctionExpression,nan,-1,0,0,319,30,322,11,packages\spdy\test\server-test.js,1,854
1256,MemberExpression,nan,-1,-1,-1,319,10,319,29,packages\spdy\test\server-test.js,1,855
1257,Identifier,done,-1,-1,-1,323,10,323,14,packages\spdy\test\server-test.js,1,856
1258,FunctionExpression,nan,-1,0,0,344,30,347,11,packages\spdy\test\server-test.js,1,857
1259,MemberExpression,nan,-1,-1,-1,344,10,344,29,packages\spdy\test\server-test.js,1,858
1260,Identifier,done,-1,-1,-1,348,10,348,14,packages\spdy\test\server-test.js,1,859
1261,Identifier,done,-1,-1,-1,415,10,415,14,packages\spdy\test\server-test.js,1,860
1263,BlockStatement,nan,-1,-1,-1,319,42,322,11,packages\spdy\test\server-test.js,1,861
1265,BlockStatement,nan,-1,-1,-1,344,42,347,11,packages\spdy\test\server-test.js,1,862
1270,CallExpression,nan,1,-1,-1,320,12,320,30,packages\spdy\test\server-test.js,1,863
1271,CallExpression,nan,1,-1,-1,321,12,321,31,packages\spdy\test\server-test.js,1,864
1272,CallExpression,nan,2,-1,-1,345,12,345,64,packages\spdy\test\server-test.js,1,865
1273,CallExpression,nan,1,-1,-1,346,12,346,31,packages\spdy\test\server-test.js,1,866
1275,MemberExpression,nan,-1,-1,-1,320,12,320,25,packages\spdy\test\server-test.js,1,867
1277,MemberExpression,nan,-1,-1,-1,321,12,321,19,packages\spdy\test\server-test.js,1,868
1278,CallExpression,nan,2,-1,-1,345,31,345,52,packages\spdy\test\server-test.js,1,869
1279,Identifier,undefined,-1,-1,-1,345,54,345,63,packages\spdy\test\server-test.js,1,870
1280,MemberExpression,nan,-1,-1,-1,345,12,345,30,packages\spdy\test\server-test.js,1,871
1282,MemberExpression,nan,-1,-1,-1,346,12,346,19,packages\spdy\test\server-test.js,1,872
1284,ObjectExpression,nan,-1,-1,-1,345,49,345,51,packages\spdy\test\server-test.js,1,873
1285,MemberExpression,nan,-1,-1,-1,345,31,345,39,packages\spdy\test\server-test.js,1,874
1286,Program,nan,-1,-1,-1,1,0,295,1,packages\spdy\lib\spdy\agent.js,0,875
1288,VariableDeclaration,nan,-1,-1,-1,3,0,3,30,packages\spdy\lib\spdy\agent.js,0,876
1289,VariableDeclaration,nan,-1,-1,-1,4,0,4,26,packages\spdy\lib\spdy\agent.js,0,877
1290,VariableDeclaration,nan,-1,-1,-1,5,0,5,28,packages\spdy\lib\spdy\agent.js,0,878
1291,VariableDeclaration,nan,-1,-1,-1,6,0,6,24,packages\spdy\lib\spdy\agent.js,0,879
1292,VariableDeclaration,nan,-1,-1,-1,7,0,7,26,packages\spdy\lib\spdy\agent.js,0,880
1293,VariableDeclaration,nan,-1,-1,-1,8,0,8,41,packages\spdy\lib\spdy\agent.js,0,881
1294,VariableDeclaration,nan,-1,-1,-1,9,0,9,43,packages\spdy\lib\spdy\agent.js,0,882
1296,VariableDeclaration,nan,-1,-1,-1,16,0,16,49,packages\spdy\lib\spdy\agent.js,0,883
1297,VariableDeclaration,nan,-1,-1,-1,18,0,18,29,packages\spdy\lib\spdy\agent.js,0,884
1298,VariableDeclaration,nan,-1,-1,-1,20,0,26,16,packages\spdy\lib\spdy\agent.js,0,885
1299,VariableDeclaration,nan,-1,-1,-1,28,0,28,14,packages\spdy\lib\spdy\agent.js,0,886
1300,FunctionDeclaration,nan,-1,1,1,30,0,45,1,packages\spdy\lib\spdy\agent.js,0,887
1305,IfStatement,nan,-1,-1,-1,228,0,242,1,packages\spdy\lib\spdy\agent.js,0,888
1312,AssignmentExpression,nan,-1,-1,-1,12,0,14,16,packages\spdy\lib\spdy\agent.js,0,889
1313,Identifier,instantiate,-1,-1,-1,30,9,30,20,packages\spdy\lib\spdy\agent.js,0,890
1314,Identifier,base,-1,-1,-1,30,22,30,26,packages\spdy\lib\spdy\agent.js,0,891
1316,BlockStatement,nan,-1,-1,-1,30,28,45,1,packages\spdy\lib\spdy\agent.js,0,892
1317,AssignmentExpression,nan,-1,-1,-1,47,0,73,1,packages\spdy\lib\spdy\agent.js,0,893
1318,AssignmentExpression,nan,-1,-1,-1,75,0,94,1,packages\spdy\lib\spdy\agent.js,0,894
1319,AssignmentExpression,nan,-1,-1,-1,96,0,173,1,packages\spdy\lib\spdy\agent.js,0,895
1320,AssignmentExpression,nan,-1,-1,-1,175,0,226,1,packages\spdy\lib\spdy\agent.js,0,896
1321,BlockStatement,nan,-1,-1,-1,228,44,230,1,packages\spdy\lib\spdy\agent.js,0,897
1322,LogicalExpression,nan,-1,-1,-1,228,4,228,42,packages\spdy\lib\spdy\agent.js,0,898
1323,AssignmentExpression,nan,-1,-1,-1,244,0,262,1,packages\spdy\lib\spdy\agent.js,0,899
1324,AssignmentExpression,nan,-1,-1,-1,266,0,277,1,packages\spdy\lib\spdy\agent.js,0,900
1325,AssignmentExpression,nan,-1,-1,-1,279,0,279,40,packages\spdy\lib\spdy\agent.js,0,901
1326,AssignmentExpression,nan,-1,-1,-1,280,0,280,44,packages\spdy\lib\spdy\agent.js,0,902
1327,AssignmentExpression,nan,-1,-1,-1,282,0,295,1,packages\spdy\lib\spdy\agent.js,0,903
1328,MemberExpression,nan,-1,-1,-1,12,0,12,13,packages\spdy\lib\spdy\agent.js,0,904
1329,ConditionalExpression,nan,-1,-1,-1,12,16,14,16,packages\spdy\lib\spdy\agent.js,0,905
1330,FunctionDeclaration,nan,-1,1,0,31,2,33,3,packages\spdy\lib\spdy\agent.js,0,906
1334,ReturnStatement,nan,1,-1,-1,44,2,44,14,packages\spdy\lib\spdy\agent.js,0,907
1335,MemberExpression,nan,-1,-1,-1,47,0,47,11,packages\spdy\lib\spdy\agent.js,0,908
1336,FunctionExpression,nan,-1,2,0,47,14,73,1,packages\spdy\lib\spdy\agent.js,0,909
1337,MemberExpression,nan,-1,-1,-1,75,0,75,22,packages\spdy\lib\spdy\agent.js,0,910
1338,FunctionExpression,nan,-1,0,1,75,25,94,1,packages\spdy\lib\spdy\agent.js,0,911
1339,MemberExpression,nan,-1,-1,-1,96,0,96,14,packages\spdy\lib\spdy\agent.js,0,912
1340,FunctionExpression,nan,-1,2,0,96,17,173,1,packages\spdy\lib\spdy\agent.js,0,913
1341,MemberExpression,nan,-1,-1,-1,175,0,175,19,packages\spdy\lib\spdy\agent.js,0,914
1342,FunctionExpression,nan,-1,3,1,175,22,226,1,packages\spdy\lib\spdy\agent.js,0,915
1346,MemberExpression,nan,-1,-1,-1,244,0,244,19,packages\spdy\lib\spdy\agent.js,0,916
1347,FunctionExpression,nan,-1,2,1,244,22,262,1,packages\spdy\lib\spdy\agent.js,0,917
1348,MemberExpression,nan,-1,-1,-1,266,0,266,11,packages\spdy\lib\spdy\agent.js,0,918
1349,FunctionExpression,nan,-1,1,1,266,14,277,1,packages\spdy\lib\spdy\agent.js,0,919
1350,MemberExpression,nan,-1,-1,-1,279,0,279,13,packages\spdy\lib\spdy\agent.js,0,920
1351,CallExpression,nan,1,-1,-1,279,16,279,40,packages\spdy\lib\spdy\agent.js,0,921
1352,MemberExpression,nan,-1,-1,-1,280,0,280,18,packages\spdy\lib\spdy\agent.js,0,922
1353,CallExpression,nan,1,-1,-1,280,21,280,44,packages\spdy\lib\spdy\agent.js,0,923
1354,MemberExpression,nan,-1,-1,-1,282,0,282,14,packages\spdy\lib\spdy\agent.js,0,924
1355,FunctionExpression,nan,-1,2,1,282,17,295,1,packages\spdy\lib\spdy\agent.js,0,925
1356,MemberExpression,nan,-1,-1,-1,13,4,13,17,packages\spdy\lib\spdy\agent.js,0,926
1358,Identifier,Agent,-1,-1,-1,31,11,31,16,packages\spdy\lib\spdy\agent.js,0,927
1359,Identifier,options,-1,-1,-1,31,18,31,25,packages\spdy\lib\spdy\agent.js,0,928
1361,BlockStatement,nan,-1,-1,-1,31,27,33,3,packages\spdy\lib\spdy\agent.js,0,929
1362,CallExpression,nan,2,-1,-1,34,2,34,28,packages\spdy\lib\spdy\agent.js,0,930
1363,AssignmentExpression,nan,-1,-1,-1,36,2,38,3,packages\spdy\lib\spdy\agent.js,0,931
1364,CallExpression,nan,1,-1,-1,40,2,42,4,packages\spdy\lib\spdy\agent.js,0,932
1365,Identifier,Agent,-1,-1,-1,44,9,44,14,packages\spdy\lib\spdy\agent.js,0,933
1366,Identifier,_init,-1,-1,-1,47,23,47,28,packages\spdy\lib\spdy\agent.js,0,934
1367,Identifier,base,-1,-1,-1,47,30,47,34,packages\spdy\lib\spdy\agent.js,0,935
1368,Identifier,options,-1,-1,-1,47,36,47,43,packages\spdy\lib\spdy\agent.js,0,936
1370,BlockStatement,nan,-1,-1,-1,47,45,73,1,packages\spdy\lib\spdy\agent.js,0,937
1371,Identifier,_getCreateSocket,-1,-1,-1,75,34,75,50,packages\spdy\lib\spdy\agent.js,0,938
1373,BlockStatement,nan,-1,-1,-1,75,54,94,1,packages\spdy\lib\spdy\agent.js,0,939
1374,Identifier,_connect,-1,-1,-1,96,26,96,34,packages\spdy\lib\spdy\agent.js,0,940
1375,Identifier,options,-1,-1,-1,96,36,96,43,packages\spdy\lib\spdy\agent.js,0,941
1376,Identifier,callback,-1,-1,-1,96,45,96,53,packages\spdy\lib\spdy\agent.js,0,942
1378,BlockStatement,nan,-1,-1,-1,96,55,173,1,packages\spdy\lib\spdy\agent.js,0,943
1379,Identifier,_createSocket,-1,-1,-1,175,31,175,44,packages\spdy\lib\spdy\agent.js,0,944
1380,Identifier,req,-1,-1,-1,175,46,175,49,packages\spdy\lib\spdy\agent.js,0,945
1381,Identifier,options,-1,-1,-1,175,51,175,58,packages\spdy\lib\spdy\agent.js,0,946
1382,Identifier,callback,-1,-1,-1,175,60,175,68,packages\spdy\lib\spdy\agent.js,0,947
1384,BlockStatement,nan,-1,-1,-1,175,70,226,1,packages\spdy\lib\spdy\agent.js,0,948
1385,AssignmentExpression,nan,-1,-1,-1,229,2,229,42,packages\spdy\lib\spdy\agent.js,0,949
1386,Identifier,mode,-1,-1,-1,228,4,228,8,packages\spdy\lib\spdy\agent.js,0,950
1388,Identifier,mode,-1,-1,-1,228,25,228,29,packages\spdy\lib\spdy\agent.js,0,951
1390,Identifier,_createStream,-1,-1,-1,244,31,244,44,packages\spdy\lib\spdy\agent.js,0,952
1391,Identifier,req,-1,-1,-1,244,46,244,49,packages\spdy\lib\spdy\agent.js,0,953
1392,Identifier,handle,-1,-1,-1,244,51,244,57,packages\spdy\lib\spdy\agent.js,0,954
1394,BlockStatement,nan,-1,-1,-1,244,59,262,1,packages\spdy\lib\spdy\agent.js,0,955
1395,Identifier,close,-1,-1,-1,266,23,266,28,packages\spdy\lib\spdy\agent.js,0,956
1396,Identifier,callback,-1,-1,-1,266,30,266,38,packages\spdy\lib\spdy\agent.js,0,957
1398,BlockStatement,nan,-1,-1,-1,266,40,277,1,packages\spdy\lib\spdy\agent.js,0,958
1399,MemberExpression,nan,-1,-1,-1,279,28,279,39,packages\spdy\lib\spdy\agent.js,0,959
1400,Identifier,instantiate,-1,-1,-1,279,16,279,27,packages\spdy\lib\spdy\agent.js,0,960
1401,MemberExpression,nan,-1,-1,-1,280,33,280,43,packages\spdy\lib\spdy\agent.js,0,961
1402,Identifier,instantiate,-1,-1,-1,280,21,280,32,packages\spdy\lib\spdy\agent.js,0,962
1403,Identifier,create,-1,-1,-1,282,26,282,32,packages\spdy\lib\spdy\agent.js,0,963
1404,Identifier,base,-1,-1,-1,282,34,282,38,packages\spdy\lib\spdy\agent.js,0,964
1405,Identifier,options,-1,-1,-1,282,40,282,47,packages\spdy\lib\spdy\agent.js,0,965
1407,BlockStatement,nan,-1,-1,-1,282,49,295,1,packages\spdy\lib\spdy\agent.js,0,966
1408,MemberExpression,nan,-1,-1,-1,12,16,12,40,packages\spdy\lib\spdy\agent.js,0,967
1411,Identifier,Agent,-1,-1,-1,34,16,34,21,packages\spdy\lib\spdy\agent.js,0,968
1412,Identifier,base,-1,-1,-1,34,23,34,27,packages\spdy\lib\spdy\agent.js,0,969
1413,MemberExpression,nan,-1,-1,-1,34,2,34,15,packages\spdy\lib\spdy\agent.js,0,970
1414,MemberExpression,nan,-1,-1,-1,36,2,36,14,packages\spdy\lib\spdy\agent.js,0,971
1415,FunctionExpression,nan,-1,1,1,36,17,38,3,packages\spdy\lib\spdy\agent.js,0,972
1416,FunctionExpression,nan,-1,1,0,40,29,42,3,packages\spdy\lib\spdy\agent.js,0,973
1417,MemberExpression,nan,-1,-1,-1,40,2,40,28,packages\spdy\lib\spdy\agent.js,0,974
1419,VariableDeclaration,nan,-1,-1,-1,50,2,50,16,packages\spdy\lib\spdy\agent.js,0,975
1429,VariableDeclaration,nan,-1,-1,-1,64,2,64,17,packages\spdy\lib\spdy\agent.js,0,976
1431,VariableDeclaration,nan,-1,-1,-1,77,2,77,18,packages\spdy\lib\spdy\agent.js,0,977
1432,VariableDeclaration,nan,-1,-1,-1,78,2,78,36,packages\spdy\lib\spdy\agent.js,0,978
1433,DoWhileStatement,nan,-1,-1,-1,79,2,86,25,packages\spdy\lib\spdy\agent.js,0,979
1434,IfStatement,nan,-1,-1,-1,87,2,89,3,packages\spdy\lib\spdy\agent.js,0,980
1436,ReturnStatement,nan,1,-1,-1,93,2,93,21,packages\spdy\lib\spdy\agent.js,0,981
1437,VariableDeclaration,nan,-1,-1,-1,97,2,97,17,packages\spdy\lib\spdy\agent.js,0,982
1438,VariableDeclaration,nan,-1,-1,-1,98,2,98,29,packages\spdy\lib\spdy\agent.js,0,983
1439,VariableDeclaration,nan,-1,-1,-1,100,2,104,3,packages\spdy\lib\spdy\agent.js,0,984
1440,VariableDeclaration,nan,-1,-1,-1,107,2,111,14,packages\spdy\lib\spdy\agent.js,0,985
1443,FunctionDeclaration,nan,-1,1,1,116,2,118,3,packages\spdy\lib\spdy\agent.js,0,986
1446,VariableDeclaration,nan,-1,-1,-1,176,2,176,29,packages\spdy\lib\spdy\agent.js,0,987
1447,IfStatement,nan,-1,-1,-1,177,2,177,65,packages\spdy\lib\spdy\agent.js,0,988
1448,VariableDeclaration,nan,-1,-1,-1,179,2,179,59,packages\spdy\lib\spdy\agent.js,0,989
1449,VariableDeclaration,nan,-1,-1,-1,181,2,184,3,packages\spdy\lib\spdy\agent.js,0,990
1450,VariableDeclaration,nan,-1,-1,-1,186,2,186,12,packages\spdy\lib\spdy\agent.js,0,991
1451,IfStatement,nan,-1,-1,-1,187,2,191,3,packages\spdy\lib\spdy\agent.js,0,992
1454,VariableDeclaration,nan,-1,-1,-1,197,2,197,17,packages\spdy\lib\spdy\agent.js,0,993
1461,IfStatement,nan,-1,-1,-1,221,2,223,3,packages\spdy\lib\spdy\agent.js,0,994
1462,ReturnStatement,nan,1,-1,-1,225,2,225,15,packages\spdy\lib\spdy\agent.js,0,995
1463,MemberExpression,nan,-1,-1,-1,229,2,229,20,packages\spdy\lib\spdy\agent.js,0,996
1464,MemberExpression,nan,-1,-1,-1,229,23,229,42,packages\spdy\lib\spdy\agent.js,0,997
1465,VariableDeclaration,nan,-1,-1,-1,245,2,245,29,packages\spdy\lib\spdy\agent.js,0,998
1466,VariableDeclaration,nan,-1,-1,-1,247,2,247,17,packages\spdy\lib\spdy\agent.js,0,999
1467,ReturnStatement,nan,1,-1,-1,248,2,261,4,packages\spdy\lib\spdy\agent.js,0,1000
1468,VariableDeclaration,nan,-1,-1,-1,267,2,267,29,packages\spdy\lib\spdy\agent.js,0,1001
1469,IfStatement,nan,-1,-1,-1,269,2,274,3,packages\spdy\lib\spdy\agent.js,0,1002
1471,IfStatement,nan,-1,-1,-1,283,2,286,3,packages\spdy\lib\spdy\agent.js,0,1003
1472,IfStatement,nan,-1,-1,-1,288,2,290,3,packages\spdy\lib\spdy\agent.js,0,1004
1473,IfStatement,nan,-1,-1,-1,292,2,294,49,packages\spdy\lib\spdy\agent.js,0,1005
1474,CallExpression,nan,2,-1,-1,32,4,32,29,packages\spdy\lib\spdy\agent.js,0,1006
1475,Identifier,create,-1,-1,-1,36,26,36,32,packages\spdy\lib\spdy\agent.js,0,1007
1476,Identifier,options,-1,-1,-1,36,34,36,41,packages\spdy\lib\spdy\agent.js,0,1008
1478,BlockStatement,nan,-1,-1,-1,36,43,38,3,packages\spdy\lib\spdy\agent.js,0,1009
1479,Identifier,key,-1,-1,-1,40,39,40,42,packages\spdy\lib\spdy\agent.js,0,1010
1481,BlockStatement,nan,-1,-1,-1,40,44,42,3,packages\spdy\lib\spdy\agent.js,0,1011
1482,CallExpression,nan,2,-1,-1,48,2,48,26,packages\spdy\lib\spdy\agent.js,0,1012
1483,AssignmentExpression,nan,-1,-1,-1,51,2,51,25,packages\spdy\lib\spdy\agent.js,0,1013
1484,AssignmentExpression,nan,-1,-1,-1,53,2,53,27,packages\spdy\lib\spdy\agent.js,0,1014
1485,AssignmentExpression,nan,-1,-1,-1,54,2,54,36,packages\spdy\lib\spdy\agent.js,0,1015
1486,AssignmentExpression,nan,-1,-1,-1,55,2,55,44,packages\spdy\lib\spdy\agent.js,0,1016
1487,AssignmentExpression,nan,-1,-1,-1,56,2,56,24,packages\spdy\lib\spdy\agent.js,0,1017
1488,AssignmentExpression,nan,-1,-1,-1,57,2,57,46,packages\spdy\lib\spdy\agent.js,0,1018
1489,AssignmentExpression,nan,-1,-1,-1,58,2,58,21,packages\spdy\lib\spdy\agent.js,0,1019
1490,AssignmentExpression,nan,-1,-1,-1,59,2,59,25,packages\spdy\lib\spdy\agent.js,0,1020
1491,AssignmentExpression,nan,-1,-1,-1,62,2,62,24,packages\spdy\lib\spdy\agent.js,0,1021
1492,CallExpression,nan,2,-1,-1,65,2,72,4,packages\spdy\lib\spdy\agent.js,0,1022
1493,UnaryExpression,nan,1,-1,-1,86,11,86,24,packages\spdy\lib\spdy\agent.js,0,1023
1494,BlockStatement,nan,-1,-1,-1,79,5,86,3,packages\spdy\lib\spdy\agent.js,0,1024
1495,BlockStatement,nan,-1,-1,-1,87,21,89,3,packages\spdy\lib\spdy\agent.js,0,1025
1496,UnaryExpression,nan,1,-1,-1,87,6,87,19,packages\spdy\lib\spdy\agent.js,0,1026
1497,CallExpression,nan,2,-1,-1,91,2,91,58,packages\spdy\lib\spdy\agent.js,0,1027
1498,Identifier,createSocket,-1,-1,-1,93,9,93,21,packages\spdy\lib\spdy\agent.js,0,1028
1499,AssignmentExpression,nan,-1,-1,-1,112,2,112,23,packages\spdy\lib\spdy\agent.js,0,1029
1500,CallExpression,nan,1,-1,-1,114,2,114,25,packages\spdy\lib\spdy\agent.js,0,1030
1501,Identifier,onError,-1,-1,-1,116,11,116,18,packages\spdy\lib\spdy\agent.js,0,1031
1502,Identifier,err,-1,-1,-1,116,20,116,23,packages\spdy\lib\spdy\agent.js,0,1032
1504,BlockStatement,nan,-1,-1,-1,116,25,118,3,packages\spdy\lib\spdy\agent.js,0,1033
1505,CallExpression,nan,2,-1,-1,119,2,119,29,packages\spdy\lib\spdy\agent.js,0,1034
1506,CallExpression,nan,2,-1,-1,121,2,172,4,packages\spdy\lib\spdy\agent.js,0,1035
1507,BlockStatement,nan,-1,-1,-1,177,22,177,65,packages\spdy\lib\spdy\agent.js,0,1036
1508,MemberExpression,nan,-1,-1,-1,177,6,177,20,packages\spdy\lib\spdy\agent.js,0,1037
1509,BlockStatement,nan,-1,-1,-1,187,20,189,3,packages\spdy\lib\spdy\agent.js,0,1038
1510,MemberExpression,nan,-1,-1,-1,187,6,187,18,packages\spdy\lib\spdy\agent.js,0,1039
1511,CallExpression,nan,1,-1,-1,193,2,193,29,packages\spdy\lib\spdy\agent.js,0,1040
1512,CallExpression,nan,1,-1,-1,194,2,194,33,packages\spdy\lib\spdy\agent.js,0,1041
1513,CallExpression,nan,2,-1,-1,198,2,206,4,packages\spdy\lib\spdy\agent.js,0,1042
1514,CallExpression,nan,2,-1,-1,209,2,211,4,packages\spdy\lib\spdy\agent.js,0,1043
1515,CallExpression,nan,1,-1,-1,212,2,212,28,packages\spdy\lib\spdy\agent.js,0,1044
1516,CallExpression,nan,2,-1,-1,215,2,215,60,packages\spdy\lib\spdy\agent.js,0,1045
1517,AssignmentExpression,nan,-1,-1,-1,218,2,218,24,packages\spdy\lib\spdy\agent.js,0,1046
1518,AssignmentExpression,nan,-1,-1,-1,219,2,219,24,packages\spdy\lib\spdy\agent.js,0,1047
1519,BlockStatement,nan,-1,-1,-1,221,16,223,3,packages\spdy\lib\spdy\agent.js,0,1048
1520,Identifier,callback,-1,-1,-1,221,6,221,14,packages\spdy\lib\spdy\agent.js,0,1049
1521,Identifier,socket,-1,-1,-1,225,9,225,15,packages\spdy\lib\spdy\agent.js,0,1050
1522,CallExpression,nan,2,-1,-1,248,9,261,4,packages\spdy\lib\spdy\agent.js,0,1051
1523,BlockStatement,nan,-1,-1,-1,269,33,274,3,packages\spdy\lib\spdy\agent.js,0,1052
1525,CallExpression,nan,1,-1,-1,276,2,276,32,packages\spdy\lib\spdy\agent.js,0,1053
1526,BlockStatement,nan,-1,-1,-1,283,32,286,3,packages\spdy\lib\spdy\agent.js,0,1054
1528,BlockStatement,nan,-1,-1,-1,288,12,290,3,packages\spdy\lib\spdy\agent.js,0,1055
1529,Identifier,base,-1,-1,-1,288,6,288,10,packages\spdy\lib\spdy\agent.js,0,1056
1530,BlockStatement,nan,-1,-1,-1,292,42,294,3,packages\spdy\lib\spdy\agent.js,0,1057
1531,LogicalExpression,nan,-1,-1,-1,292,6,292,40,packages\spdy\lib\spdy\agent.js,0,1058
1532,Identifier,base,-1,-1,-1,32,15,32,19,packages\spdy\lib\spdy\agent.js,0,1059
1533,Identifier,options,-1,-1,-1,32,21,32,28,packages\spdy\lib\spdy\agent.js,0,1060
1534,MemberExpression,nan,-1,-1,-1,32,4,32,14,packages\spdy\lib\spdy\agent.js,0,1061
1535,ReturnStatement,nan,1,-1,-1,37,4,37,29,packages\spdy\lib\spdy\agent.js,0,1062
1537,ThisExpression,nan,-1,-1,-1,48,12,48,16,packages\spdy\lib\spdy\agent.js,0,1063
1538,Identifier,options,-1,-1,-1,48,18,48,25,packages\spdy\lib\spdy\agent.js,0,1064
1539,MemberExpression,nan,-1,-1,-1,48,2,48,11,packages\spdy\lib\spdy\agent.js,0,1065
1540,MemberExpression,nan,-1,-1,-1,51,2,51,17,packages\spdy\lib\spdy\agent.js,0,1066
1541,Identifier,state,-1,-1,-1,51,20,51,25,packages\spdy\lib\spdy\agent.js,0,1067
1542,MemberExpression,nan,-1,-1,-1,53,2,53,12,packages\spdy\lib\spdy\agent.js,0,1068
1543,MemberExpression,nan,-1,-1,-1,53,15,53,27,packages\spdy\lib\spdy\agent.js,0,1069
1544,MemberExpression,nan,-1,-1,-1,54,2,54,15,packages\spdy\lib\spdy\agent.js,0,1070
1545,LogicalExpression,nan,-1,-1,-1,54,18,54,36,packages\spdy\lib\spdy\agent.js,0,1071
1546,MemberExpression,nan,-1,-1,-1,55,2,55,14,packages\spdy\lib\spdy\agent.js,0,1072
1548,MemberExpression,nan,-1,-1,-1,56,2,56,16,packages\spdy\lib\spdy\agent.js,0,1073
1550,MemberExpression,nan,-1,-1,-1,57,2,57,20,packages\spdy\lib\spdy\agent.js,0,1074
1551,CallExpression,nan,0,-1,-1,57,23,57,46,packages\spdy\lib\spdy\agent.js,0,1075
1552,MemberExpression,nan,-1,-1,-1,58,2,58,14,packages\spdy\lib\spdy\agent.js,0,1076
1554,MemberExpression,nan,-1,-1,-1,59,2,59,18,packages\spdy\lib\spdy\agent.js,0,1077
1556,MemberExpression,nan,-1,-1,-1,62,2,62,16,packages\spdy\lib\spdy\agent.js,0,1078
1558,Identifier,options,-1,-1,-1,65,16,65,23,packages\spdy\lib\spdy\agent.js,0,1079
1559,FunctionExpression,nan,-1,2,1,65,25,72,3,packages\spdy\lib\spdy\agent.js,0,1080
1560,MemberExpression,nan,-1,-1,-1,65,2,65,15,packages\spdy\lib\spdy\agent.js,0,1081
1561,Identifier,createSocket,-1,-1,-1,86,12,86,24,packages\spdy\lib\spdy\agent.js,0,1082
1563,IfStatement,nan,-1,-1,-1,82,4,84,5,packages\spdy\lib\spdy\agent.js,0,1083
1566,Identifier,createSocket,-1,-1,-1,87,7,87,19,packages\spdy\lib\spdy\agent.js,0,1084
1567,Identifier,createSocket,-1,-1,-1,91,9,91,21,packages\spdy\lib\spdy\agent.js,0,1085
1569,Identifier,assert,-1,-1,-1,91,2,91,8,packages\spdy\lib\spdy\agent.js,0,1086
1570,MemberExpression,nan,-1,-1,-1,112,2,112,14,packages\spdy\lib\spdy\agent.js,0,1087
1571,Identifier,socket,-1,-1,-1,112,17,112,23,packages\spdy\lib\spdy\agent.js,0,1088
1573,MemberExpression,nan,-1,-1,-1,114,2,114,19,packages\spdy\lib\spdy\agent.js,0,1089
1574,ReturnStatement,nan,1,-1,-1,117,4,117,24,packages\spdy\lib\spdy\agent.js,0,1090
1576,Identifier,onError,-1,-1,-1,119,21,119,28,packages\spdy\lib\spdy\agent.js,0,1091
1577,MemberExpression,nan,-1,-1,-1,119,2,119,11,packages\spdy\lib\spdy\agent.js,0,1092
1578,ConditionalExpression,nan,-1,-1,-1,121,12,121,54,packages\spdy\lib\spdy\agent.js,0,1093
1579,FunctionExpression,nan,-1,0,1,121,56,172,3,packages\spdy\lib\spdy\agent.js,0,1094
1580,MemberExpression,nan,-1,-1,-1,121,2,121,11,packages\spdy\lib\spdy\agent.js,0,1095
1581,ReturnStatement,nan,1,-1,-1,177,24,177,64,packages\spdy\lib\spdy\agent.js,0,1096
1583,Identifier,socket,-1,-1,-1,193,22,193,28,packages\spdy\lib\spdy\agent.js,0,1097
1584,MemberExpression,nan,-1,-1,-1,193,2,193,21,packages\spdy\lib\spdy\agent.js,0,1098
1585,Identifier,req,-1,-1,-1,194,29,194,32,packages\spdy\lib\spdy\agent.js,0,1099
1586,MemberExpression,nan,-1,-1,-1,194,2,194,28,packages\spdy\lib\spdy\agent.js,0,1100
1588,FunctionExpression,nan,-1,0,0,198,28,206,3,packages\spdy\lib\spdy\agent.js,0,1101
1589,MemberExpression,nan,-1,-1,-1,198,2,198,13,packages\spdy\lib\spdy\agent.js,0,1102
1591,FunctionExpression,nan,-1,1,0,209,21,211,3,packages\spdy\lib\spdy\agent.js,0,1103
1592,MemberExpression,nan,-1,-1,-1,209,2,209,8,packages\spdy\lib\spdy\agent.js,0,1104
1593,Identifier,req,-1,-1,-1,212,24,212,27,packages\spdy\lib\spdy\agent.js,0,1105
1594,MemberExpression,nan,-1,-1,-1,212,2,212,23,packages\spdy\lib\spdy\agent.js,0,1106
1596,MemberExpression,nan,-1,-1,-1,215,33,215,59,packages\spdy\lib\spdy\agent.js,0,1107
1597,MemberExpression,nan,-1,-1,-1,215,2,215,17,packages\spdy\lib\spdy\agent.js,0,1108
1598,MemberExpression,nan,-1,-1,-1,218,2,218,17,packages\spdy\lib\spdy\agent.js,0,1109
1600,MemberExpression,nan,-1,-1,-1,219,2,219,17,packages\spdy\lib\spdy\agent.js,0,1110
1602,ReturnStatement,nan,1,-1,-1,222,4,222,33,packages\spdy\lib\spdy\agent.js,0,1111
1603,ObjectExpression,nan,-1,-1,-1,248,40,253,3,packages\spdy\lib\spdy\agent.js,0,1112
1604,FunctionExpression,nan,-1,2,1,253,5,261,3,packages\spdy\lib\spdy\agent.js,0,1113
1605,MemberExpression,nan,-1,-1,-1,248,9,248,39,packages\spdy\lib\spdy\agent.js,0,1114
1607,ReturnStatement,nan,-1,-1,-1,273,4,273,10,packages\spdy\lib\spdy\agent.js,0,1115
1608,MemberExpression,nan,-1,-1,-1,269,6,269,22,packages\spdy\lib\spdy\agent.js,0,1116
1610,Identifier,callback,-1,-1,-1,276,23,276,31,packages\spdy\lib\spdy\agent.js,0,1117
1611,MemberExpression,nan,-1,-1,-1,276,2,276,22,packages\spdy\lib\spdy\agent.js,0,1118
1614,UnaryExpression,nan,1,-1,-1,283,6,283,17,packages\spdy\lib\spdy\agent.js,0,1119
1616,ReturnStatement,nan,1,-1,-1,289,4,289,44,packages\spdy\lib\spdy\agent.js,0,1120
1617,ReturnStatement,nan,1,-1,-1,293,4,293,45,packages\spdy\lib\spdy\agent.js,0,1121
1618,MemberExpression,nan,-1,-1,-1,292,6,292,18,packages\spdy\lib\spdy\agent.js,0,1122
1619,MemberExpression,nan,-1,-1,-1,292,22,292,40,packages\spdy\lib\spdy\agent.js,0,1123
1620,NewExpression,nan,1,-1,-1,37,11,37,29,packages\spdy\lib\spdy\agent.js,0,1124
1621,AssignmentExpression,nan,-1,-1,-1,41,4,41,37,packages\spdy\lib\spdy\agent.js,0,1125
1622,MemberExpression,nan,-1,-1,-1,54,18,54,30,packages\spdy\lib\spdy\agent.js,0,1126
1623,ObjectExpression,nan,-1,-1,-1,54,34,54,36,packages\spdy\lib\spdy\agent.js,0,1127
1624,ThisExpression,nan,-1,-1,-1,55,17,55,21,packages\spdy\lib\spdy\agent.js,0,1128
1625,MemberExpression,nan,-1,-1,-1,55,33,55,44,packages\spdy\lib\spdy\agent.js,0,1129
1626,MemberExpression,nan,-1,-1,-1,57,23,57,44,packages\spdy\lib\spdy\agent.js,0,1130
1627,Identifier,err,-1,-1,-1,65,35,65,38,packages\spdy\lib\spdy\agent.js,0,1131
1628,Identifier,connection,-1,-1,-1,65,40,65,50,packages\spdy\lib\spdy\agent.js,0,1132
1630,BlockStatement,nan,-1,-1,-1,65,52,72,3,packages\spdy\lib\spdy\agent.js,0,1133
1631,AssignmentExpression,nan,-1,-1,-1,80,4,80,46,packages\spdy\lib\spdy\agent.js,0,1134
1632,BlockStatement,nan,-1,-1,-1,82,54,84,5,packages\spdy\lib\spdy\agent.js,0,1135
1633,LogicalExpression,nan,-1,-1,-1,82,8,82,52,packages\spdy\lib\spdy\agent.js,0,1136
1634,AssignmentExpression,nan,-1,-1,-1,85,4,85,22,packages\spdy\lib\spdy\agent.js,0,1137
1635,AssignmentExpression,nan,-1,-1,-1,88,4,88,52,packages\spdy\lib\spdy\agent.js,0,1138
1636,CallExpression,nan,1,-1,-1,117,11,117,24,packages\spdy\lib\spdy\agent.js,0,1139
1638,MemberExpression,nan,-1,-1,-1,121,12,121,24,packages\spdy\lib\spdy\agent.js,0,1140
1640,BlockStatement,nan,-1,-1,-1,121,68,172,3,packages\spdy\lib\spdy\agent.js,0,1141
1641,CallExpression,nan,2,-1,-1,177,31,177,63,packages\spdy\lib\spdy\agent.js,0,1142
1642,AssignmentExpression,nan,-1,-1,-1,188,4,188,57,packages\spdy\lib\spdy\agent.js,0,1143
1644,BlockStatement,nan,-1,-1,-1,198,40,206,3,packages\spdy\lib\spdy\agent.js,0,1144
1645,Identifier,res,-1,-1,-1,209,31,209,34,packages\spdy\lib\spdy\agent.js,0,1145
1647,BlockStatement,nan,-1,-1,-1,209,36,211,3,packages\spdy\lib\spdy\agent.js,0,1146
1648,CallExpression,nan,2,-1,-1,222,11,222,33,packages\spdy\lib\spdy\agent.js,0,1147
1649,Identifier,err,-1,-1,-1,253,15,253,18,packages\spdy\lib\spdy\agent.js,0,1148
1650,Identifier,stream,-1,-1,-1,253,20,253,26,packages\spdy\lib\spdy\agent.js,0,1149
1652,BlockStatement,nan,-1,-1,-1,253,28,261,3,packages\spdy\lib\spdy\agent.js,0,1150
1653,CallExpression,nan,2,-1,-1,270,4,272,6,packages\spdy\lib\spdy\agent.js,0,1151
1654,AssignmentExpression,nan,-1,-1,-1,284,4,284,18,packages\spdy\lib\spdy\agent.js,0,1152
1655,AssignmentExpression,nan,-1,-1,-1,285,4,285,15,packages\spdy\lib\spdy\agent.js,0,1153
1656,Identifier,base,-1,-1,-1,283,13,283,17,packages\spdy\lib\spdy\agent.js,0,1154
1657,CallExpression,nan,1,-1,-1,289,11,289,44,packages\spdy\lib\spdy\agent.js,0,1155
1658,CallExpression,nan,1,-1,-1,293,11,293,45,packages\spdy\lib\spdy\agent.js,0,1156
1659,Identifier,options,-1,-1,-1,37,21,37,28,packages\spdy\lib\spdy\agent.js,0,1157
1660,Identifier,Agent,-1,-1,-1,37,15,37,20,packages\spdy\lib\spdy\agent.js,0,1158
1661,MemberExpression,nan,-1,-1,-1,41,4,41,24,packages\spdy\lib\spdy\agent.js,0,1159
1662,MemberExpression,nan,-1,-1,-1,41,27,41,37,packages\spdy\lib\spdy\agent.js,0,1160
1663,IfStatement,nan,-1,-1,-1,66,4,68,5,packages\spdy\lib\spdy\agent.js,0,1161
1666,Identifier,createSocket,-1,-1,-1,80,4,80,16,packages\spdy\lib\spdy\agent.js,0,1162
1667,MemberExpression,nan,-1,-1,-1,80,19,80,46,packages\spdy\lib\spdy\agent.js,0,1163
1668,BreakStatement,nan,-1,-1,-1,83,6,83,11,packages\spdy\lib\spdy\agent.js,0,1164
1670,UnaryExpression,nan,1,-1,-1,82,40,82,52,packages\spdy\lib\spdy\agent.js,0,1165
1671,Identifier,cons,-1,-1,-1,85,4,85,8,packages\spdy\lib\spdy\agent.js,0,1166
1672,MemberExpression,nan,-1,-1,-1,85,11,85,22,packages\spdy\lib\spdy\agent.js,0,1167
1673,Identifier,createSocket,-1,-1,-1,88,4,88,16,packages\spdy\lib\spdy\agent.js,0,1168
1674,MemberExpression,nan,-1,-1,-1,88,19,88,52,packages\spdy\lib\spdy\agent.js,0,1169
1675,Identifier,err,-1,-1,-1,117,20,117,23,packages\spdy\lib\spdy\agent.js,0,1170
1676,Identifier,callback,-1,-1,-1,117,11,117,19,packages\spdy\lib\spdy\agent.js,0,1171
1678,VariableDeclaration,nan,-1,-1,-1,124,4,124,16,packages\spdy\lib\spdy\agent.js,0,1172
1679,IfStatement,nan,-1,-1,-1,125,4,131,5,packages\spdy\lib\spdy\agent.js,0,1173
1680,IfStatement,nan,-1,-1,-1,134,4,139,5,packages\spdy\lib\spdy\agent.js,0,1174
1682,VariableDeclaration,nan,-1,-1,-1,142,4,145,39,packages\spdy\lib\spdy\agent.js,0,1175
1684,IfStatement,nan,-1,-1,-1,153,4,165,5,packages\spdy\lib\spdy\agent.js,0,1176
1685,IfStatement,nan,-1,-1,-1,167,4,169,5,packages\spdy\lib\spdy\agent.js,0,1177
1687,Identifier,req,-1,-1,-1,177,50,177,53,packages\spdy\lib\spdy\agent.js,0,1178
1688,Identifier,options,-1,-1,-1,177,55,177,62,packages\spdy\lib\spdy\agent.js,0,1179
1689,MemberExpression,nan,-1,-1,-1,177,31,177,49,packages\spdy\lib\spdy\agent.js,0,1180
1690,Identifier,socket,-1,-1,-1,188,4,188,10,packages\spdy\lib\spdy\agent.js,0,1181
1691,NewExpression,nan,2,-1,-1,188,13,188,57,packages\spdy\lib\spdy\agent.js,0,1182
1692,IfStatement,nan,-1,-1,-1,199,4,205,5,packages\spdy\lib\spdy\agent.js,0,1183
1695,Identifier,socket,-1,-1,-1,222,26,222,32,packages\spdy\lib\spdy\agent.js,0,1184
1696,Identifier,callback,-1,-1,-1,222,11,222,19,packages\spdy\lib\spdy\agent.js,0,1185
1697,IfStatement,nan,-1,-1,-1,254,4,256,5,packages\spdy\lib\spdy\agent.js,0,1186
1700,FunctionExpression,nan,-1,0,0,270,26,272,5,packages\spdy\lib\spdy\agent.js,0,1187
1701,MemberExpression,nan,-1,-1,-1,270,4,270,13,packages\spdy\lib\spdy\agent.js,0,1188
1702,Identifier,options,-1,-1,-1,284,4,284,11,packages\spdy\lib\spdy\agent.js,0,1189
1703,Identifier,base,-1,-1,-1,284,14,284,18,packages\spdy\lib\spdy\agent.js,0,1190
1704,Identifier,base,-1,-1,-1,285,4,285,8,packages\spdy\lib\spdy\agent.js,0,1191
1706,Identifier,options,-1,-1,-1,289,36,289,43,packages\spdy\lib\spdy\agent.js,0,1192
1707,MemberExpression,nan,-1,-1,-1,289,11,289,35,packages\spdy\lib\spdy\agent.js,0,1193
1708,Identifier,options,-1,-1,-1,293,37,293,44,packages\spdy\lib\spdy\agent.js,0,1194
1709,MemberExpression,nan,-1,-1,-1,293,11,293,36,packages\spdy\lib\spdy\agent.js,0,1195
1710,BlockStatement,nan,-1,-1,-1,66,13,68,5,packages\spdy\lib\spdy\agent.js,0,1196
1711,Identifier,err,-1,-1,-1,66,8,66,11,packages\spdy\lib\spdy\agent.js,0,1197
1712,AssignmentExpression,nan,-1,-1,-1,70,4,70,33,packages\spdy\lib\spdy\agent.js,0,1198
1713,CallExpression,nan,1,-1,-1,71,4,71,25,packages\spdy\lib\spdy\agent.js,0,1199
1714,MemberExpression,nan,-1,-1,-1,82,8,82,19,packages\spdy\lib\spdy\agent.js,0,1200
1715,Identifier,EventEmitter,-1,-1,-1,82,24,82,36,packages\spdy\lib\spdy\agent.js,0,1201
1716,MemberExpression,nan,-1,-1,-1,82,41,82,52,packages\spdy\lib\spdy\agent.js,0,1202
1717,CallExpression,nan,2,-1,-1,122,4,122,43,packages\spdy\lib\spdy\agent.js,0,1203
1718,BlockStatement,nan,-1,-1,-1,125,22,129,5,packages\spdy\lib\spdy\agent.js,0,1204
1719,MemberExpression,nan,-1,-1,-1,125,8,125,20,packages\spdy\lib\spdy\agent.js,0,1205
1720,BlockStatement,nan,-1,-1,-1,134,73,139,5,packages\spdy\lib\spdy\agent.js,0,1206
1721,LogicalExpression,nan,-1,-1,-1,134,8,134,71,packages\spdy\lib\spdy\agent.js,0,1207
1722,CallExpression,nan,2,-1,-1,141,4,141,44,packages\spdy\lib\spdy\agent.js,0,1208
1723,CallExpression,nan,2,-1,-1,148,4,150,6,packages\spdy\lib\spdy\agent.js,0,1209
1724,BlockStatement,nan,-1,-1,-1,153,27,155,5,packages\spdy\lib\spdy\agent.js,0,1210
1726,BlockStatement,nan,-1,-1,-1,167,56,169,5,packages\spdy\lib\spdy\agent.js,0,1211
1728,CallExpression,nan,2,-1,-1,171,4,171,30,packages\spdy\lib\spdy\agent.js,0,1212
1729,MemberExpression,nan,-1,-1,-1,188,29,188,41,packages\spdy\lib\spdy\agent.js,0,1213
1730,Identifier,socketOptions,-1,-1,-1,188,43,188,56,packages\spdy\lib\spdy\agent.js,0,1214
1731,MemberExpression,nan,-1,-1,-1,188,17,188,28,packages\spdy\lib\spdy\agent.js,0,1215
1732,BlockStatement,nan,-1,-1,-1,199,35,203,5,packages\spdy\lib\spdy\agent.js,0,1216
1734,CallExpression,nan,1,-1,-1,210,4,210,29,packages\spdy\lib\spdy\agent.js,0,1217
1735,BlockStatement,nan,-1,-1,-1,254,13,256,5,packages\spdy\lib\spdy\agent.js,0,1218
1736,Identifier,err,-1,-1,-1,254,8,254,11,packages\spdy\lib\spdy\agent.js,0,1219
1737,CallExpression,nan,2,-1,-1,258,4,260,6,packages\spdy\lib\spdy\agent.js,0,1220
1739,BlockStatement,nan,-1,-1,-1,270,38,272,5,packages\spdy\lib\spdy\agent.js,0,1221
1740,ReturnStatement,nan,1,-1,-1,67,6,67,36,packages\spdy\lib\spdy\agent.js,0,1222
1741,MemberExpression,nan,-1,-1,-1,70,4,70,20,packages\spdy\lib\spdy\agent.js,0,1223
1742,Identifier,connection,-1,-1,-1,70,23,70,33,packages\spdy\lib\spdy\agent.js,0,1224
1744,MemberExpression,nan,-1,-1,-1,71,4,71,13,packages\spdy\lib\spdy\agent.js,0,1225
1746,Identifier,onError,-1,-1,-1,122,35,122,42,packages\spdy\lib\spdy\agent.js,0,1226
1747,MemberExpression,nan,-1,-1,-1,122,4,122,25,packages\spdy\lib\spdy\agent.js,0,1227
1752,ReturnStatement,nan,-1,-1,-1,138,6,138,12,packages\spdy\lib\spdy\agent.js,0,1228
1753,LogicalExpression,nan,-1,-1,-1,134,8,134,44,packages\spdy\lib\spdy\agent.js,0,1229
1756,Identifier,protocol,-1,-1,-1,141,35,141,43,packages\spdy\lib\spdy\agent.js,0,1230
1757,Identifier,debug,-1,-1,-1,141,4,141,9,packages\spdy\lib\spdy\agent.js,0,1231
1759,FunctionExpression,nan,-1,1,0,148,27,150,5,packages\spdy\lib\spdy\agent.js,0,1232
1760,MemberExpression,nan,-1,-1,-1,148,4,148,17,packages\spdy\lib\spdy\agent.js,0,1233
1762,Identifier,protocol,-1,-1,-1,153,8,153,16,packages\spdy\lib\spdy\agent.js,0,1234
1765,MemberExpression,nan,-1,-1,-1,167,8,167,40,packages\spdy\lib\spdy\agent.js,0,1235
1766,Identifier,undefined,-1,-1,-1,167,45,167,54,packages\spdy\lib\spdy\agent.js,0,1236
1768,Identifier,connection,-1,-1,-1,171,19,171,29,packages\spdy\lib\spdy\agent.js,0,1237
1769,Identifier,callback,-1,-1,-1,171,4,171,12,packages\spdy\lib\spdy\agent.js,0,1238
1771,MemberExpression,nan,-1,-1,-1,199,8,199,24,packages\spdy\lib\spdy\agent.js,0,1239
1773,Identifier,res,-1,-1,-1,210,25,210,28,packages\spdy\lib\spdy\agent.js,0,1240
1774,MemberExpression,nan,-1,-1,-1,210,4,210,24,packages\spdy\lib\spdy\agent.js,0,1241
1775,ReturnStatement,nan,1,-1,-1,255,6,255,36,packages\spdy\lib\spdy\agent.js,0,1242
1777,FunctionExpression,nan,-1,2,0,258,26,260,5,packages\spdy\lib\spdy\agent.js,0,1243
1778,MemberExpression,nan,-1,-1,-1,258,4,258,13,packages\spdy\lib\spdy\agent.js,0,1244
1780,CallExpression,nan,2,-1,-1,67,13,67,36,packages\spdy\lib\spdy\agent.js,0,1245
1781,AssignmentExpression,nan,-1,-1,-1,126,6,128,39,packages\spdy\lib\spdy\agent.js,0,1246
1782,CallExpression,nan,1,-1,-1,135,6,135,34,packages\spdy\lib\spdy\agent.js,0,1247
1783,CallExpression,nan,0,-1,-1,136,6,136,22,packages\spdy\lib\spdy\agent.js,0,1248
1784,AssignmentExpression,nan,-1,-1,-1,137,6,137,27,packages\spdy\lib\spdy\agent.js,0,1249
1785,UnaryExpression,nan,1,-1,-1,134,8,134,17,packages\spdy\lib\spdy\agent.js,0,1250
1787,Identifier,protocol,-1,-1,-1,134,48,134,56,packages\spdy\lib\spdy\agent.js,0,1251
1789,Identifier,err,-1,-1,-1,148,37,148,40,packages\spdy\lib\spdy\agent.js,0,1252
1791,BlockStatement,nan,-1,-1,-1,148,42,150,5,packages\spdy\lib\spdy\agent.js,0,1253
1792,CallExpression,nan,1,-1,-1,154,6,154,25,packages\spdy\lib\spdy\agent.js,0,1254
1793,CallExpression,nan,1,-1,-1,168,6,168,68,packages\spdy\lib\spdy\agent.js,0,1255
1794,CallExpression,nan,2,-1,-1,200,6,202,8,packages\spdy\lib\spdy\agent.js,0,1256
1795,CallExpression,nan,2,-1,-1,255,13,255,36,packages\spdy\lib\spdy\agent.js,0,1257
1796,Identifier,status,-1,-1,-1,258,36,258,42,packages\spdy\lib\spdy\agent.js,0,1258
1797,Identifier,headers,-1,-1,-1,258,44,258,51,packages\spdy\lib\spdy\agent.js,0,1259
1799,BlockStatement,nan,-1,-1,-1,258,53,260,5,packages\spdy\lib\spdy\agent.js,0,1260
1800,CallExpression,nan,1,-1,-1,271,6,271,26,packages\spdy\lib\spdy\agent.js,0,1261
1802,Identifier,err,-1,-1,-1,67,32,67,35,packages\spdy\lib\spdy\agent.js,0,1262
1803,MemberExpression,nan,-1,-1,-1,67,13,67,22,packages\spdy\lib\spdy\agent.js,0,1263
1804,Identifier,protocol,-1,-1,-1,126,6,126,14,packages\spdy\lib\spdy\agent.js,0,1264
1805,LogicalExpression,nan,-1,-1,-1,126,17,128,39,packages\spdy\lib\spdy\agent.js,0,1265
1807,Identifier,debug,-1,-1,-1,135,6,135,11,packages\spdy\lib\spdy\agent.js,0,1266
1808,MemberExpression,nan,-1,-1,-1,136,6,136,20,packages\spdy\lib\spdy\agent.js,0,1267
1809,MemberExpression,nan,-1,-1,-1,137,6,137,20,packages\spdy\lib\spdy\agent.js,0,1268
1811,Identifier,protocol,-1,-1,-1,134,9,134,17,packages\spdy\lib\spdy\agent.js,0,1269
1812,Identifier,protocol,-1,-1,-1,134,21,134,29,packages\spdy\lib\spdy\agent.js,0,1270
1816,MemberExpression,nan,-1,-1,-1,154,6,154,22,packages\spdy\lib\spdy\agent.js,0,1271
1817,MemberExpression,nan,-1,-1,-1,168,35,168,67,packages\spdy\lib\spdy\agent.js,0,1272
1818,MemberExpression,nan,-1,-1,-1,168,6,168,34,packages\spdy\lib\spdy\agent.js,0,1273
1820,FunctionExpression,nan,-1,0,0,200,28,202,7,packages\spdy\lib\spdy\agent.js,0,1274
1821,MemberExpression,nan,-1,-1,-1,200,6,200,15,packages\spdy\lib\spdy\agent.js,0,1275
1823,Identifier,err,-1,-1,-1,255,32,255,35,packages\spdy\lib\spdy\agent.js,0,1276
1824,MemberExpression,nan,-1,-1,-1,255,13,255,22,packages\spdy\lib\spdy\agent.js,0,1277
1826,Identifier,callback,-1,-1,-1,271,17,271,25,packages\spdy\lib\spdy\agent.js,0,1278
1827,MemberExpression,nan,-1,-1,-1,271,6,271,16,packages\spdy\lib\spdy\agent.js,0,1279
1828,LogicalExpression,nan,-1,-1,-1,126,17,127,36,packages\spdy\lib\spdy\agent.js,0,1280
1829,MemberExpression,nan,-1,-1,-1,128,17,128,39,packages\spdy\lib\spdy\agent.js,0,1281
1830,CallExpression,nan,2,-1,-1,149,6,149,29,packages\spdy\lib\spdy\agent.js,0,1282
1832,BlockStatement,nan,-1,-1,-1,200,40,202,7,packages\spdy\lib\spdy\agent.js,0,1283
1833,CallExpression,nan,2,-1,-1,259,6,259,42,packages\spdy\lib\spdy\agent.js,0,1284
1834,MemberExpression,nan,-1,-1,-1,126,17,126,35,packages\spdy\lib\spdy\agent.js,0,1285
1835,MemberExpression,nan,-1,-1,-1,127,17,127,36,packages\spdy\lib\spdy\agent.js,0,1286
1837,Identifier,err,-1,-1,-1,149,25,149,28,packages\spdy\lib\spdy\agent.js,0,1287
1838,MemberExpression,nan,-1,-1,-1,149,6,149,15,packages\spdy\lib\spdy\agent.js,0,1288
1840,Identifier,status,-1,-1,-1,259,26,259,32,packages\spdy\lib\spdy\agent.js,0,1289
1841,Identifier,headers,-1,-1,-1,259,34,259,41,packages\spdy\lib\spdy\agent.js,0,1290
1842,MemberExpression,nan,-1,-1,-1,259,6,259,25,packages\spdy\lib\spdy\agent.js,0,1291
1843,CallExpression,nan,1,-1,-1,201,8,201,57,packages\spdy\lib\spdy\agent.js,0,1292
1844,CallExpression,nan,2,-1,-1,201,25,201,56,packages\spdy\lib\spdy\agent.js,0,1293
1845,MemberExpression,nan,-1,-1,-1,201,8,201,24,packages\spdy\lib\spdy\agent.js,0,1294
1846,Identifier,req,-1,-1,-1,201,44,201,47,packages\spdy\lib\spdy\agent.js,0,1295
1847,Identifier,handle,-1,-1,-1,201,49,201,55,packages\spdy\lib\spdy\agent.js,0,1296
1848,MemberExpression,nan,-1,-1,-1,201,25,201,43,packages\spdy\lib\spdy\agent.js,0,1297
1849,Program,nan,-1,-1,-1,1,0,247,1,packages\spdy\lib\spdy\handle.js,0,1298
1851,VariableDeclaration,nan,-1,-1,-1,3,0,3,30,packages\spdy\lib\spdy\handle.js,0,1299
1852,VariableDeclaration,nan,-1,-1,-1,4,0,4,35,packages\spdy\lib\spdy\handle.js,0,1300
1853,VariableDeclaration,nan,-1,-1,-1,5,0,5,43,packages\spdy\lib\spdy\handle.js,0,1301
1854,VariableDeclaration,nan,-1,-1,-1,6,0,6,26,packages\spdy\lib\spdy\handle.js,0,1302
1855,FunctionDeclaration,nan,-1,3,0,8,0,35,1,packages\spdy\lib\spdy\handle.js,0,1303
1870,Identifier,Handle,-1,-1,-1,8,9,8,15,packages\spdy\lib\spdy\handle.js,0,1304
1871,Identifier,options,-1,-1,-1,8,17,8,24,packages\spdy\lib\spdy\handle.js,0,1305
1872,Identifier,stream,-1,-1,-1,8,26,8,32,packages\spdy\lib\spdy\handle.js,0,1306
1873,Identifier,socket,-1,-1,-1,8,34,8,40,packages\spdy\lib\spdy\handle.js,0,1307
1875,BlockStatement,nan,-1,-1,-1,8,42,35,1,packages\spdy\lib\spdy\handle.js,0,1308
1876,CallExpression,nan,2,-1,-1,36,0,36,28,packages\spdy\lib\spdy\handle.js,0,1309
1877,AssignmentExpression,nan,-1,-1,-1,37,0,37,23,packages\spdy\lib\spdy\handle.js,0,1310
1878,AssignmentExpression,nan,-1,-1,-1,39,0,41,1,packages\spdy\lib\spdy\handle.js,0,1311
1879,AssignmentExpression,nan,-1,-1,-1,43,0,51,1,packages\spdy\lib\spdy\handle.js,0,1312
1880,AssignmentExpression,nan,-1,-1,-1,53,0,83,1,packages\spdy\lib\spdy\handle.js,0,1313
1881,AssignmentExpression,nan,-1,-1,-1,85,0,101,1,packages\spdy\lib\spdy\handle.js,0,1314
1882,AssignmentExpression,nan,-1,-1,-1,103,0,116,1,packages\spdy\lib\spdy\handle.js,0,1315
1883,AssignmentExpression,nan,-1,-1,-1,118,0,179,1,packages\spdy\lib\spdy\handle.js,0,1316
1884,AssignmentExpression,nan,-1,-1,-1,181,0,188,1,packages\spdy\lib\spdy\handle.js,0,1317
1885,AssignmentExpression,nan,-1,-1,-1,190,0,198,1,packages\spdy\lib\spdy\handle.js,0,1318
1886,AssignmentExpression,nan,-1,-1,-1,200,0,227,1,packages\spdy\lib\spdy\handle.js,0,1319
1887,AssignmentExpression,nan,-1,-1,-1,229,0,238,1,packages\spdy\lib\spdy\handle.js,0,1320
1888,AssignmentExpression,nan,-1,-1,-1,240,0,247,1,packages\spdy\lib\spdy\handle.js,0,1321
1889,VariableDeclaration,nan,-1,-1,-1,9,2,9,16,packages\spdy\lib\spdy\handle.js,0,1322
1897,VariableDeclaration,nan,-1,-1,-1,20,2,20,17,packages\spdy\lib\spdy\handle.js,0,1323
1899,IfStatement,nan,-1,-1,-1,30,2,34,3,packages\spdy\lib\spdy\handle.js,0,1324
1900,Identifier,Handle,-1,-1,-1,36,14,36,20,packages\spdy\lib\spdy\handle.js,0,1325
1901,Identifier,thing,-1,-1,-1,36,22,36,27,packages\spdy\lib\spdy\handle.js,0,1326
1902,MemberExpression,nan,-1,-1,-1,36,0,36,13,packages\spdy\lib\spdy\handle.js,0,1327
1903,MemberExpression,nan,-1,-1,-1,37,0,37,14,packages\spdy\lib\spdy\handle.js,0,1328
1904,Identifier,Handle,-1,-1,-1,37,17,37,23,packages\spdy\lib\spdy\handle.js,0,1329
1905,MemberExpression,nan,-1,-1,-1,39,0,39,13,packages\spdy\lib\spdy\handle.js,0,1330
1906,FunctionExpression,nan,-1,3,1,39,16,41,1,packages\spdy\lib\spdy\handle.js,0,1331
1907,MemberExpression,nan,-1,-1,-1,43,0,43,29,packages\spdy\lib\spdy\handle.js,0,1332
1908,FunctionExpression,nan,-1,0,1,43,32,51,1,packages\spdy\lib\spdy\handle.js,0,1333
1909,MemberExpression,nan,-1,-1,-1,53,0,53,31,packages\spdy\lib\spdy\handle.js,0,1334
1910,FunctionExpression,nan,-1,1,0,53,34,83,1,packages\spdy\lib\spdy\handle.js,0,1335
1911,MemberExpression,nan,-1,-1,-1,85,0,85,26,packages\spdy\lib\spdy\handle.js,0,1336
1912,FunctionExpression,nan,-1,1,1,85,29,101,1,packages\spdy\lib\spdy\handle.js,0,1337
1913,MemberExpression,nan,-1,-1,-1,103,0,103,29,packages\spdy\lib\spdy\handle.js,0,1338
1914,FunctionExpression,nan,-1,2,0,103,32,116,1,packages\spdy\lib\spdy\handle.js,0,1339
1915,MemberExpression,nan,-1,-1,-1,118,0,118,36,packages\spdy\lib\spdy\handle.js,0,1340
1916,FunctionExpression,nan,-1,1,0,118,39,179,1,packages\spdy\lib\spdy\handle.js,0,1341
1917,MemberExpression,nan,-1,-1,-1,181,0,181,30,packages\spdy\lib\spdy\handle.js,0,1342
1918,FunctionExpression,nan,-1,1,0,181,33,188,1,packages\spdy\lib\spdy\handle.js,0,1343
1919,MemberExpression,nan,-1,-1,-1,190,0,190,31,packages\spdy\lib\spdy\handle.js,0,1344
1920,FunctionExpression,nan,-1,1,0,190,34,198,1,packages\spdy\lib\spdy\handle.js,0,1345
1921,MemberExpression,nan,-1,-1,-1,200,0,200,34,packages\spdy\lib\spdy\handle.js,0,1346
1922,FunctionExpression,nan,-1,2,1,200,37,227,1,packages\spdy\lib\spdy\handle.js,0,1347
1923,MemberExpression,nan,-1,-1,-1,229,0,229,28,packages\spdy\lib\spdy\handle.js,0,1348
1924,FunctionExpression,nan,-1,0,0,229,31,238,1,packages\spdy\lib\spdy\handle.js,0,1349
1925,MemberExpression,nan,-1,-1,-1,240,0,240,29,packages\spdy\lib\spdy\handle.js,0,1350
1926,FunctionExpression,nan,-1,2,0,240,32,247,1,packages\spdy\lib\spdy\handle.js,0,1351
1927,AssignmentExpression,nan,-1,-1,-1,10,2,10,25,packages\spdy\lib\spdy\handle.js,0,1352
1928,AssignmentExpression,nan,-1,-1,-1,12,2,12,31,packages\spdy\lib\spdy\handle.js,0,1353
1929,AssignmentExpression,nan,-1,-1,-1,14,2,14,23,packages\spdy\lib\spdy\handle.js,0,1354
1930,AssignmentExpression,nan,-1,-1,-1,15,2,15,21,packages\spdy\lib\spdy\handle.js,0,1355
1931,AssignmentExpression,nan,-1,-1,-1,16,2,16,54,packages\spdy\lib\spdy\handle.js,0,1356
1932,AssignmentExpression,nan,-1,-1,-1,17,2,17,23,packages\spdy\lib\spdy\handle.js,0,1357
1933,AssignmentExpression,nan,-1,-1,-1,18,2,18,22,packages\spdy\lib\spdy\handle.js,0,1358
1934,CallExpression,nan,3,-1,-1,21,2,28,4,packages\spdy\lib\spdy\handle.js,0,1359
1935,BlockStatement,nan,-1,-1,-1,30,21,34,3,packages\spdy\lib\spdy\handle.js,0,1360
1936,UnaryExpression,nan,1,-1,-1,30,6,30,19,packages\spdy\lib\spdy\handle.js,0,1361
1937,Identifier,create,-1,-1,-1,39,25,39,31,packages\spdy\lib\spdy\handle.js,0,1362
1938,Identifier,options,-1,-1,-1,39,33,39,40,packages\spdy\lib\spdy\handle.js,0,1363
1939,Identifier,stream,-1,-1,-1,39,42,39,48,packages\spdy\lib\spdy\handle.js,0,1364
1940,Identifier,socket,-1,-1,-1,39,50,39,56,packages\spdy\lib\spdy\handle.js,0,1365
1942,BlockStatement,nan,-1,-1,-1,39,58,41,1,packages\spdy\lib\spdy\handle.js,0,1366
1943,Identifier,_getPeerName,-1,-1,-1,43,41,43,53,packages\spdy\lib\spdy\handle.js,0,1367
1945,BlockStatement,nan,-1,-1,-1,43,57,51,1,packages\spdy\lib\spdy\handle.js,0,1368
1946,Identifier,_closeCallback,-1,-1,-1,53,43,53,57,packages\spdy\lib\spdy\handle.js,0,1369
1947,Identifier,callback,-1,-1,-1,53,59,53,67,packages\spdy\lib\spdy\handle.js,0,1370
1949,BlockStatement,nan,-1,-1,-1,53,69,83,1,packages\spdy\lib\spdy\handle.js,0,1371
1950,Identifier,getStream,-1,-1,-1,85,38,85,47,packages\spdy\lib\spdy\handle.js,0,1372
1951,Identifier,callback,-1,-1,-1,85,49,85,57,packages\spdy\lib\spdy\handle.js,0,1373
1953,BlockStatement,nan,-1,-1,-1,85,59,101,1,packages\spdy\lib\spdy\handle.js,0,1374
1954,Identifier,assignSocket,-1,-1,-1,103,41,103,53,packages\spdy\lib\spdy\handle.js,0,1375
1955,Identifier,socket,-1,-1,-1,103,55,103,61,packages\spdy\lib\spdy\handle.js,0,1376
1956,Identifier,options,-1,-1,-1,103,63,103,70,packages\spdy\lib\spdy\handle.js,0,1377
1958,BlockStatement,nan,-1,-1,-1,103,72,116,1,packages\spdy\lib\spdy\handle.js,0,1378
1959,Identifier,assignClientRequest,-1,-1,-1,118,48,118,67,packages\spdy\lib\spdy\handle.js,0,1379
1960,Identifier,req,-1,-1,-1,118,69,118,72,packages\spdy\lib\spdy\handle.js,0,1380
1962,BlockStatement,nan,-1,-1,-1,118,74,179,1,packages\spdy\lib\spdy\handle.js,0,1381
1963,Identifier,assignRequest,-1,-1,-1,181,42,181,55,packages\spdy\lib\spdy\handle.js,0,1382
1964,Identifier,req,-1,-1,-1,181,57,181,60,packages\spdy\lib\spdy\handle.js,0,1383
1966,BlockStatement,nan,-1,-1,-1,181,62,188,1,packages\spdy\lib\spdy\handle.js,0,1384
1967,Identifier,assignResponse,-1,-1,-1,190,43,190,57,packages\spdy\lib\spdy\handle.js,0,1385
1968,Identifier,res,-1,-1,-1,190,59,190,62,packages\spdy\lib\spdy\handle.js,0,1386
1970,BlockStatement,nan,-1,-1,-1,190,64,198,1,packages\spdy\lib\spdy\handle.js,0,1387
1971,Identifier,_transformHeaders,-1,-1,-1,200,46,200,63,packages\spdy\lib\spdy\handle.js,0,1388
1972,Identifier,kind,-1,-1,-1,200,65,200,69,packages\spdy\lib\spdy\handle.js,0,1389
1973,Identifier,headers,-1,-1,-1,200,71,200,78,packages\spdy\lib\spdy\handle.js,0,1390
1975,BlockStatement,nan,-1,-1,-1,200,80,227,1,packages\spdy\lib\spdy\handle.js,0,1391
1976,Identifier,emitRequest,-1,-1,-1,229,40,229,51,packages\spdy\lib\spdy\handle.js,0,1392
1978,BlockStatement,nan,-1,-1,-1,229,55,238,1,packages\spdy\lib\spdy\handle.js,0,1393
1979,Identifier,emitResponse,-1,-1,-1,240,41,240,53,packages\spdy\lib\spdy\handle.js,0,1394
1980,Identifier,status,-1,-1,-1,240,55,240,61,packages\spdy\lib\spdy\handle.js,0,1395
1981,Identifier,headers,-1,-1,-1,240,63,240,70,packages\spdy\lib\spdy\handle.js,0,1396
1983,BlockStatement,nan,-1,-1,-1,240,72,247,1,packages\spdy\lib\spdy\handle.js,0,1397
1984,MemberExpression,nan,-1,-1,-1,10,2,10,17,packages\spdy\lib\spdy\handle.js,0,1398
1985,Identifier,state,-1,-1,-1,10,20,10,25,packages\spdy\lib\spdy\handle.js,0,1399
1986,MemberExpression,nan,-1,-1,-1,12,2,12,15,packages\spdy\lib\spdy\handle.js,0,1400
1987,LogicalExpression,nan,-1,-1,-1,12,18,12,31,packages\spdy\lib\spdy\handle.js,0,1401
1988,MemberExpression,nan,-1,-1,-1,14,2,14,14,packages\spdy\lib\spdy\handle.js,0,1402
1989,Identifier,stream,-1,-1,-1,14,17,14,23,packages\spdy\lib\spdy\handle.js,0,1403
1990,MemberExpression,nan,-1,-1,-1,15,2,15,14,packages\spdy\lib\spdy\handle.js,0,1404
1992,MemberExpression,nan,-1,-1,-1,16,2,16,17,packages\spdy\lib\spdy\handle.js,0,1405
1993,LogicalExpression,nan,-1,-1,-1,16,20,16,54,packages\spdy\lib\spdy\handle.js,0,1406
1994,MemberExpression,nan,-1,-1,-1,17,2,17,16,packages\spdy\lib\spdy\handle.js,0,1407
1996,MemberExpression,nan,-1,-1,-1,18,2,18,14,packages\spdy\lib\spdy\handle.js,0,1408
1998,ThisExpression,nan,-1,-1,-1,21,13,21,17,packages\spdy\lib\spdy\handle.js,0,1409
1999,Identifier,stream,-1,-1,-1,21,19,21,25,packages\spdy\lib\spdy\handle.js,0,1410
2000,ObjectExpression,nan,-1,-1,-1,21,27,28,3,packages\spdy\lib\spdy\handle.js,0,1411
2001,MemberExpression,nan,-1,-1,-1,21,2,21,12,packages\spdy\lib\spdy\handle.js,0,1412
2003,MemberExpression,nan,-1,-1,-1,30,7,30,19,packages\spdy\lib\spdy\handle.js,0,1413
2004,ReturnStatement,nan,1,-1,-1,40,2,40,44,packages\spdy\lib\spdy\handle.js,0,1414
2005,VariableDeclaration,nan,-1,-1,-1,44,2,44,29,packages\spdy\lib\spdy\handle.js,0,1415
2006,IfStatement,nan,-1,-1,-1,46,2,48,3,packages\spdy\lib\spdy\handle.js,0,1416
2007,ReturnStatement,nan,1,-1,-1,50,2,50,13,packages\spdy\lib\spdy\handle.js,0,1417
2008,VariableDeclaration,nan,-1,-1,-1,54,2,54,29,packages\spdy\lib\spdy\handle.js,0,1418
2009,VariableDeclaration,nan,-1,-1,-1,55,2,55,27,packages\spdy\lib\spdy\handle.js,0,1419
2010,IfStatement,nan,-1,-1,-1,57,2,79,3,packages\spdy\lib\spdy\handle.js,0,1420
2012,VariableDeclaration,nan,-1,-1,-1,86,2,86,29,packages\spdy\lib\spdy\handle.js,0,1421
2013,IfStatement,nan,-1,-1,-1,88,2,91,3,packages\spdy\lib\spdy\handle.js,0,1422
2014,IfStatement,nan,-1,-1,-1,93,2,98,3,packages\spdy\lib\spdy\handle.js,0,1423
2016,VariableDeclaration,nan,-1,-1,-1,104,2,104,29,packages\spdy\lib\spdy\handle.js,0,1424
2019,FunctionDeclaration,nan,-1,1,0,109,2,111,3,packages\spdy\lib\spdy\handle.js,0,1425
2021,VariableDeclaration,nan,-1,-1,-1,119,2,119,29,packages\spdy\lib\spdy\handle.js,0,1426
2022,VariableDeclaration,nan,-1,-1,-1,120,2,120,22,packages\spdy\lib\spdy\handle.js,0,1427
2023,VariableDeclaration,nan,-1,-1,-1,121,2,121,25,packages\spdy\lib\spdy\handle.js,0,1428
2024,VariableDeclaration,nan,-1,-1,-1,124,2,124,17,packages\spdy\lib\spdy\handle.js,0,1429
2025,IfStatement,nan,-1,-1,-1,127,2,135,3,packages\spdy\lib\spdy\handle.js,0,1430
2030,VariableDeclaration,nan,-1,-1,-1,191,2,191,17,packages\spdy\lib\spdy\handle.js,0,1431
2032,VariableDeclaration,nan,-1,-1,-1,201,2,201,29,packages\spdy\lib\spdy\handle.js,0,1432
2033,VariableDeclaration,nan,-1,-1,-1,203,2,203,14,packages\spdy\lib\spdy\handle.js,0,1433
2034,VariableDeclaration,nan,-1,-1,-1,204,2,204,33,packages\spdy\lib\spdy\handle.js,0,1434
2035,IfStatement,nan,-1,-1,-1,206,2,211,3,packages\spdy\lib\spdy\handle.js,0,1435
2036,ForStatement,nan,-1,-1,-1,213,2,225,3,packages\spdy\lib\spdy\handle.js,0,1436
2037,ReturnStatement,nan,1,-1,-1,226,2,226,12,packages\spdy\lib\spdy\handle.js,0,1437
2038,VariableDeclaration,nan,-1,-1,-1,230,2,230,29,packages\spdy\lib\spdy\handle.js,0,1438
2039,VariableDeclaration,nan,-1,-1,-1,231,2,231,27,packages\spdy\lib\spdy\handle.js,0,1439
2041,VariableDeclaration,nan,-1,-1,-1,241,2,241,29,packages\spdy\lib\spdy\handle.js,0,1440
2043,Identifier,options,-1,-1,-1,12,18,12,25,packages\spdy\lib\spdy\handle.js,0,1441
2044,ObjectExpression,nan,-1,-1,-1,12,29,12,31,packages\spdy\lib\spdy\handle.js,0,1442
2045,Identifier,socket,-1,-1,-1,16,20,16,26,packages\spdy\lib\spdy\handle.js,0,1443
2046,MemberExpression,nan,-1,-1,-1,16,30,16,54,packages\spdy\lib\spdy\handle.js,0,1444
2047,CallExpression,nan,2,-1,-1,31,4,33,6,packages\spdy\lib\spdy\handle.js,0,1445
2048,NewExpression,nan,3,-1,-1,40,9,40,44,packages\spdy\lib\spdy\handle.js,0,1446
2049,BlockStatement,nan,-1,-1,-1,46,36,48,3,packages\spdy\lib\spdy\handle.js,0,1447
2050,MemberExpression,nan,-1,-1,-1,46,6,46,34,packages\spdy\lib\spdy\handle.js,0,1448
2052,BlockStatement,nan,-1,-1,-1,57,20,77,3,packages\spdy\lib\spdy\handle.js,0,1449
2053,MemberExpression,nan,-1,-1,-1,57,6,57,18,packages\spdy\lib\spdy\handle.js,0,1450
2054,AssignmentExpression,nan,-1,-1,-1,82,2,82,22,packages\spdy\lib\spdy\handle.js,0,1451
2055,BlockStatement,nan,-1,-1,-1,88,17,91,3,packages\spdy\lib\spdy\handle.js,0,1452
2056,UnaryExpression,nan,1,-1,-1,88,6,88,15,packages\spdy\lib\spdy\handle.js,0,1453
2057,BlockStatement,nan,-1,-1,-1,93,20,98,3,packages\spdy\lib\spdy\handle.js,0,1454
2058,MemberExpression,nan,-1,-1,-1,93,6,93,18,packages\spdy\lib\spdy\handle.js,0,1455
2059,CallExpression,nan,2,-1,-1,100,2,100,29,packages\spdy\lib\spdy\handle.js,0,1456
2060,AssignmentExpression,nan,-1,-1,-1,106,2,106,23,packages\spdy\lib\spdy\handle.js,0,1457
2061,AssignmentExpression,nan,-1,-1,-1,107,2,107,55,packages\spdy\lib\spdy\handle.js,0,1458
2062,Identifier,onStreamError,-1,-1,-1,109,11,109,24,packages\spdy\lib\spdy\handle.js,0,1459
2063,Identifier,err,-1,-1,-1,109,26,109,29,packages\spdy\lib\spdy\handle.js,0,1460
2065,BlockStatement,nan,-1,-1,-1,109,31,111,3,packages\spdy\lib\spdy\handle.js,0,1461
2066,CallExpression,nan,1,-1,-1,113,2,115,4,packages\spdy\lib\spdy\handle.js,0,1462
2067,BlockStatement,nan,-1,-1,-1,127,31,135,3,packages\spdy\lib\spdy\handle.js,0,1463
2069,AssignmentExpression,nan,-1,-1,-1,137,2,171,3,packages\spdy\lib\spdy\handle.js,0,1464
2070,AssignmentExpression,nan,-1,-1,-1,174,2,174,41,packages\spdy\lib\spdy\handle.js,0,1465
2071,CallExpression,nan,2,-1,-1,176,2,178,4,packages\spdy\lib\spdy\handle.js,0,1466
2072,CallExpression,nan,1,-1,-1,183,2,187,4,packages\spdy\lib\spdy\handle.js,0,1467
2073,AssignmentExpression,nan,-1,-1,-1,193,2,197,3,packages\spdy\lib\spdy\handle.js,0,1468
2074,BlockStatement,nan,-1,-1,-1,206,62,211,3,packages\spdy\lib\spdy\handle.js,0,1469
2075,LogicalExpression,nan,-1,-1,-1,206,6,206,60,packages\spdy\lib\spdy\handle.js,0,1470
2077,BlockStatement,nan,-1,-1,-1,213,40,225,3,packages\spdy\lib\spdy\handle.js,0,1471
2078,Identifier,res,-1,-1,-1,226,9,226,12,packages\spdy\lib\spdy\handle.js,0,1472
2079,CallExpression,nan,1,-1,-1,233,2,237,4,packages\spdy\lib\spdy\handle.js,0,1473
2080,CallExpression,nan,1,-1,-1,243,2,246,4,packages\spdy\lib\spdy\handle.js,0,1474
2082,FunctionExpression,nan,-1,1,0,31,22,33,5,packages\spdy\lib\spdy\handle.js,0,1475
2083,MemberExpression,nan,-1,-1,-1,31,4,31,11,packages\spdy\lib\spdy\handle.js,0,1476
2084,Identifier,options,-1,-1,-1,40,20,40,27,packages\spdy\lib\spdy\handle.js,0,1477
2085,Identifier,stream,-1,-1,-1,40,29,40,35,packages\spdy\lib\spdy\handle.js,0,1478
2086,Identifier,socket,-1,-1,-1,40,37,40,43,packages\spdy\lib\spdy\handle.js,0,1479
2087,Identifier,Handle,-1,-1,-1,40,13,40,19,packages\spdy\lib\spdy\handle.js,0,1480
2088,ReturnStatement,nan,1,-1,-1,47,4,47,41,packages\spdy\lib\spdy\handle.js,0,1481
2089,IfStatement,nan,-1,-1,-1,63,4,76,5,packages\spdy\lib\spdy\handle.js,0,1482
2090,MemberExpression,nan,-1,-1,-1,82,2,82,14,packages\spdy\lib\spdy\handle.js,0,1483
2093,ReturnStatement,nan,1,-1,-1,90,4,90,23,packages\spdy\lib\spdy\handle.js,0,1484
2094,Identifier,callback,-1,-1,-1,88,7,88,15,packages\spdy\lib\spdy\handle.js,0,1485
2096,ReturnStatement,nan,-1,-1,-1,97,4,97,10,packages\spdy\lib\spdy\handle.js,0,1486
2098,Identifier,callback,-1,-1,-1,100,20,100,28,packages\spdy\lib\spdy\handle.js,0,1487
2099,MemberExpression,nan,-1,-1,-1,100,2,100,9,packages\spdy\lib\spdy\handle.js,0,1488
2100,MemberExpression,nan,-1,-1,-1,106,2,106,14,packages\spdy\lib\spdy\handle.js,0,1489
2101,Identifier,socket,-1,-1,-1,106,17,106,23,packages\spdy\lib\spdy\handle.js,0,1490
2102,MemberExpression,nan,-1,-1,-1,107,2,107,16,packages\spdy\lib\spdy\handle.js,0,1491
2103,CallExpression,nan,2,-1,-1,107,19,107,55,packages\spdy\lib\spdy\handle.js,0,1492
2105,FunctionExpression,nan,-1,1,0,113,17,115,3,packages\spdy\lib\spdy\handle.js,0,1493
2106,MemberExpression,nan,-1,-1,-1,113,2,113,16,packages\spdy\lib\spdy\handle.js,0,1494
2108,MemberExpression,nan,-1,-1,-1,127,6,127,16,packages\spdy\lib\spdy\handle.js,0,1495
2110,MemberExpression,nan,-1,-1,-1,137,2,137,11,packages\spdy\lib\spdy\handle.js,0,1496
2111,FunctionExpression,nan,-1,1,1,137,14,171,3,packages\spdy\lib\spdy\handle.js,0,1497
2112,MemberExpression,nan,-1,-1,-1,174,2,174,33,packages\spdy\lib\spdy\handle.js,0,1498
2115,FunctionExpression,nan,-1,0,0,176,19,178,3,packages\spdy\lib\spdy\handle.js,0,1499
2116,MemberExpression,nan,-1,-1,-1,176,2,176,8,packages\spdy\lib\spdy\handle.js,0,1500
2117,FunctionExpression,nan,-1,1,0,183,17,187,3,packages\spdy\lib\spdy\handle.js,0,1501
2118,MemberExpression,nan,-1,-1,-1,183,2,183,16,packages\spdy\lib\spdy\handle.js,0,1502
2119,MemberExpression,nan,-1,-1,-1,193,2,193,17,packages\spdy\lib\spdy\handle.js,0,1503
2120,FunctionExpression,nan,-1,1,0,193,20,197,3,packages\spdy\lib\spdy\handle.js,0,1504
2121,VariableDeclaration,nan,-1,-1,-1,207,4,207,63,packages\spdy\lib\spdy\handle.js,0,1505
2122,IfStatement,nan,-1,-1,-1,208,4,210,5,packages\spdy\lib\spdy\handle.js,0,1506
2124,MemberExpression,nan,-1,-1,-1,206,28,206,60,packages\spdy\lib\spdy\handle.js,0,1507
2125,Identifier,i,-1,-1,-1,213,18,213,19,packages\spdy\lib\spdy\handle.js,0,1508
2126,MemberExpression,nan,-1,-1,-1,213,22,213,33,packages\spdy\lib\spdy\handle.js,0,1509
2127,VariableDeclaration,nan,-1,-1,-1,214,4,214,21,packages\spdy\lib\spdy\handle.js,0,1510
2128,VariableDeclaration,nan,-1,-1,-1,215,4,215,28,packages\spdy\lib\spdy\handle.js,0,1511
2129,IfStatement,nan,-1,-1,-1,217,4,219,5,packages\spdy\lib\spdy\handle.js,0,1512
2130,IfStatement,nan,-1,-1,-1,220,4,222,5,packages\spdy\lib\spdy\handle.js,0,1513
2132,ObjectExpression,nan,-1,-1,-1,233,29,237,3,packages\spdy\lib\spdy\handle.js,0,1514
2133,MemberExpression,nan,-1,-1,-1,233,2,233,28,packages\spdy\lib\spdy\handle.js,0,1515
2134,ObjectExpression,nan,-1,-1,-1,243,30,246,3,packages\spdy\lib\spdy\handle.js,0,1516
2135,MemberExpression,nan,-1,-1,-1,243,2,243,29,packages\spdy\lib\spdy\handle.js,0,1517
2136,Identifier,stream,-1,-1,-1,31,32,31,38,packages\spdy\lib\spdy\handle.js,0,1518
2138,BlockStatement,nan,-1,-1,-1,31,40,33,5,packages\spdy\lib\spdy\handle.js,0,1519
2139,CallExpression,nan,0,-1,-1,47,11,47,41,packages\spdy\lib\spdy\handle.js,0,1520
2140,BlockStatement,nan,-1,-1,-1,63,40,70,5,packages\spdy\lib\spdy\handle.js,0,1521
2141,MemberExpression,nan,-1,-1,-1,63,8,63,38,packages\spdy\lib\spdy\handle.js,0,1522
2142,CallExpression,nan,1,-1,-1,89,4,89,24,packages\spdy\lib\spdy\handle.js,0,1523
2143,MemberExpression,nan,-1,-1,-1,90,11,90,23,packages\spdy\lib\spdy\handle.js,0,1524
2144,CallExpression,nan,1,-1,-1,94,4,96,6,packages\spdy\lib\spdy\handle.js,0,1525
2145,Identifier,socket,-1,-1,-1,107,39,107,45,packages\spdy\lib\spdy\handle.js,0,1526
2146,Identifier,options,-1,-1,-1,107,47,107,54,packages\spdy\lib\spdy\handle.js,0,1527
2147,MemberExpression,nan,-1,-1,-1,107,19,107,38,packages\spdy\lib\spdy\handle.js,0,1528
2148,CallExpression,nan,2,-1,-1,110,4,110,35,packages\spdy\lib\spdy\handle.js,0,1529
2149,Identifier,stream,-1,-1,-1,113,27,113,33,packages\spdy\lib\spdy\handle.js,0,1530
2151,BlockStatement,nan,-1,-1,-1,113,35,115,3,packages\spdy\lib\spdy\handle.js,0,1531
2152,AssignmentExpression,nan,-1,-1,-1,128,4,134,5,packages\spdy\lib\spdy\handle.js,0,1532
2153,Identifier,send,-1,-1,-1,137,23,137,27,packages\spdy\lib\spdy\handle.js,0,1533
2154,Identifier,data,-1,-1,-1,137,29,137,33,packages\spdy\lib\spdy\handle.js,0,1534
2156,BlockStatement,nan,-1,-1,-1,137,35,171,3,packages\spdy\lib\spdy\handle.js,0,1535
2158,BlockStatement,nan,-1,-1,-1,176,31,178,3,packages\spdy\lib\spdy\handle.js,0,1536
2159,Identifier,stream,-1,-1,-1,183,27,183,33,packages\spdy\lib\spdy\handle.js,0,1537
2161,BlockStatement,nan,-1,-1,-1,183,35,187,3,packages\spdy\lib\spdy\handle.js,0,1538
2162,Identifier,addTrailers,-1,-1,-1,193,29,193,40,packages\spdy\lib\spdy\handle.js,0,1539
2163,Identifier,headers,-1,-1,-1,193,42,193,49,packages\spdy\lib\spdy\handle.js,0,1540
2165,BlockStatement,nan,-1,-1,-1,193,51,197,3,packages\spdy\lib\spdy\handle.js,0,1541
2166,BlockStatement,nan,-1,-1,-1,208,29,210,5,packages\spdy\lib\spdy\handle.js,0,1542
2168,Identifier,kind,-1,-1,-1,206,6,206,10,packages\spdy\lib\spdy\handle.js,0,1543
2170,BlockStatement,nan,-1,-1,-1,217,30,219,5,packages\spdy\lib\spdy\handle.js,0,1544
2172,BlockStatement,nan,-1,-1,-1,220,24,222,5,packages\spdy\lib\spdy\handle.js,0,1545
2173,CallExpression,nan,1,-1,-1,220,8,220,22,packages\spdy\lib\spdy\handle.js,0,1546
2174,AssignmentExpression,nan,-1,-1,-1,224,4,224,20,packages\spdy\lib\spdy\handle.js,0,1547
2176,MemberExpression,nan,-1,-1,-1,47,11,47,39,packages\spdy\lib\spdy\handle.js,0,1548
2178,MemberExpression,nan,-1,-1,-1,89,11,89,23,packages\spdy\lib\spdy\handle.js,0,1549
2179,Identifier,assert,-1,-1,-1,89,4,89,10,packages\spdy\lib\spdy\handle.js,0,1550
2180,FunctionExpression,nan,-1,0,0,94,21,96,5,packages\spdy\lib\spdy\handle.js,0,1551
2181,MemberExpression,nan,-1,-1,-1,94,4,94,20,packages\spdy\lib\spdy\handle.js,0,1552
2183,Identifier,err,-1,-1,-1,110,31,110,34,packages\spdy\lib\spdy\handle.js,0,1553
2184,MemberExpression,nan,-1,-1,-1,110,4,110,21,packages\spdy\lib\spdy\handle.js,0,1554
2186,MemberExpression,nan,-1,-1,-1,128,4,128,11,packages\spdy\lib\spdy\handle.js,0,1555
2187,FunctionExpression,nan,-1,0,1,128,14,134,5,packages\spdy\lib\spdy\handle.js,0,1556
2193,IfStatement,nan,-1,-1,-1,159,4,161,5,packages\spdy\lib\spdy\handle.js,0,1557
2195,IfStatement,nan,-1,-1,-1,166,4,168,5,packages\spdy\lib\spdy\handle.js,0,1558
2196,ReturnStatement,nan,1,-1,-1,170,4,170,43,packages\spdy\lib\spdy\handle.js,0,1559
2201,Identifier,xforwarded,-1,-1,-1,208,8,208,18,packages\spdy\lib\spdy\handle.js,0,1560
2204,Identifier,key,-1,-1,-1,217,8,217,11,packages\spdy\lib\spdy\handle.js,0,1561
2206,ContinueStatement,nan,-1,-1,-1,221,6,221,14,packages\spdy\lib\spdy\handle.js,0,1562
2207,Identifier,key,-1,-1,-1,220,18,220,21,packages\spdy\lib\spdy\handle.js,0,1563
2208,MemberExpression,nan,-1,-1,-1,220,8,220,17,packages\spdy\lib\spdy\handle.js,0,1564
2209,MemberExpression,nan,-1,-1,-1,224,4,224,12,packages\spdy\lib\spdy\handle.js,0,1565
2210,Identifier,value,-1,-1,-1,224,15,224,20,packages\spdy\lib\spdy\handle.js,0,1566
2211,AssignmentExpression,nan,-1,-1,-1,32,6,32,27,packages\spdy\lib\spdy\handle.js,0,1567
2212,CallExpression,nan,1,-1,-1,69,6,69,28,packages\spdy\lib\spdy\handle.js,0,1568
2214,BlockStatement,nan,-1,-1,-1,94,33,96,5,packages\spdy\lib\spdy\handle.js,0,1569
2215,CallExpression,nan,2,-1,-1,114,4,114,37,packages\spdy\lib\spdy\handle.js,0,1570
2216,Identifier,end,-1,-1,-1,128,23,128,26,packages\spdy\lib\spdy\handle.js,0,1571
2218,BlockStatement,nan,-1,-1,-1,128,30,134,5,packages\spdy\lib\spdy\handle.js,0,1572
2219,AssignmentExpression,nan,-1,-1,-1,138,4,138,27,packages\spdy\lib\spdy\handle.js,0,1573
2220,AssignmentExpression,nan,-1,-1,-1,142,4,142,30,packages\spdy\lib\spdy\handle.js,0,1574
2221,AssignmentExpression,nan,-1,-1,-1,145,4,145,34,packages\spdy\lib\spdy\handle.js,0,1575
2222,CallExpression,nan,1,-1,-1,149,4,153,6,packages\spdy\lib\spdy\handle.js,0,1576
2223,CallExpression,nan,1,-1,-1,156,4,156,27,packages\spdy\lib\spdy\handle.js,0,1577
2224,BlockStatement,nan,-1,-1,-1,159,76,161,5,packages\spdy\lib\spdy\handle.js,0,1578
2225,LogicalExpression,nan,-1,-1,-1,159,8,159,74,packages\spdy\lib\spdy\handle.js,0,1579
2226,AssignmentExpression,nan,-1,-1,-1,163,4,163,23,packages\spdy\lib\spdy\handle.js,0,1580
2227,BlockStatement,nan,-1,-1,-1,166,51,168,5,packages\spdy\lib\spdy\handle.js,0,1581
2228,LogicalExpression,nan,-1,-1,-1,166,8,166,49,packages\spdy\lib\spdy\handle.js,0,1582
2229,CallExpression,nan,2,-1,-1,170,11,170,43,packages\spdy\lib\spdy\handle.js,0,1583
2230,CallExpression,nan,0,-1,-1,177,4,177,20,packages\spdy\lib\spdy\handle.js,0,1584
2231,CallExpression,nan,2,-1,-1,184,4,186,6,packages\spdy\lib\spdy\handle.js,0,1585
2232,CallExpression,nan,1,-1,-1,194,4,196,6,packages\spdy\lib\spdy\handle.js,0,1586
2233,AssignmentExpression,nan,-1,-1,-1,209,6,209,41,packages\spdy\lib\spdy\handle.js,0,1587
2234,AssignmentExpression,nan,-1,-1,-1,218,6,218,22,packages\spdy\lib\spdy\handle.js,0,1588
2235,MemberExpression,nan,-1,-1,-1,32,6,32,18,packages\spdy\lib\spdy\handle.js,0,1589
2236,Identifier,stream,-1,-1,-1,32,21,32,27,packages\spdy\lib\spdy\handle.js,0,1590
2237,Identifier,callback,-1,-1,-1,69,19,69,27,packages\spdy\lib\spdy\handle.js,0,1591
2238,Identifier,setImmediate,-1,-1,-1,69,6,69,18,packages\spdy\lib\spdy\handle.js,0,1592
2241,Identifier,onStreamError,-1,-1,-1,114,23,114,36,packages\spdy\lib\spdy\handle.js,0,1593
2242,MemberExpression,nan,-1,-1,-1,114,4,114,13,packages\spdy\lib\spdy\handle.js,0,1594
2245,ReturnStatement,nan,1,-1,-1,133,6,133,44,packages\spdy\lib\spdy\handle.js,0,1595
2246,MemberExpression,nan,-1,-1,-1,138,4,138,20,packages\spdy\lib\spdy\handle.js,0,1596
2248,MemberExpression,nan,-1,-1,-1,142,4,142,16,packages\spdy\lib\spdy\handle.js,0,1597
2250,MemberExpression,nan,-1,-1,-1,145,4,145,19,packages\spdy\lib\spdy\handle.js,0,1598
2251,MemberExpression,nan,-1,-1,-1,145,22,145,34,packages\spdy\lib\spdy\handle.js,0,1599
2252,FunctionExpression,nan,-1,1,0,149,19,153,5,packages\spdy\lib\spdy\handle.js,0,1600
2253,MemberExpression,nan,-1,-1,-1,149,4,149,18,packages\spdy\lib\spdy\handle.js,0,1601
2255,MemberExpression,nan,-1,-1,-1,156,4,156,13,packages\spdy\lib\spdy\handle.js,0,1602
2256,ReturnStatement,nan,-1,-1,-1,160,6,160,12,packages\spdy\lib\spdy\handle.js,0,1603
2257,MemberExpression,nan,-1,-1,-1,159,8,159,20,packages\spdy\lib\spdy\handle.js,0,1604
2258,CallExpression,nan,1,-1,-1,159,24,159,74,packages\spdy\lib\spdy\handle.js,0,1605
2259,MemberExpression,nan,-1,-1,-1,163,4,163,13,packages\spdy\lib\spdy\handle.js,0,1606
2260,Identifier,oldSend,-1,-1,-1,163,16,163,23,packages\spdy\lib\spdy\handle.js,0,1607
2261,ReturnStatement,nan,-1,-1,-1,167,6,167,12,packages\spdy\lib\spdy\handle.js,0,1608
2264,ThisExpression,nan,-1,-1,-1,170,27,170,31,packages\spdy\lib\spdy\handle.js,0,1609
2265,Identifier,arguments,-1,-1,-1,170,33,170,42,packages\spdy\lib\spdy\handle.js,0,1610
2266,MemberExpression,nan,-1,-1,-1,170,11,170,26,packages\spdy\lib\spdy\handle.js,0,1611
2267,MemberExpression,nan,-1,-1,-1,177,4,177,18,packages\spdy\lib\spdy\handle.js,0,1612
2269,FunctionExpression,nan,-1,1,0,184,25,186,5,packages\spdy\lib\spdy\handle.js,0,1613
2270,MemberExpression,nan,-1,-1,-1,184,4,184,13,packages\spdy\lib\spdy\handle.js,0,1614
2271,FunctionExpression,nan,-1,1,0,194,19,196,5,packages\spdy\lib\spdy\handle.js,0,1615
2272,MemberExpression,nan,-1,-1,-1,194,4,194,18,packages\spdy\lib\spdy\handle.js,0,1616
2273,MemberExpression,nan,-1,-1,-1,209,6,209,28,packages\spdy\lib\spdy\handle.js,0,1617
2274,Identifier,xforwarded,-1,-1,-1,209,31,209,41,packages\spdy\lib\spdy\handle.js,0,1618
2275,MemberExpression,nan,-1,-1,-1,218,6,218,14,packages\spdy\lib\spdy\handle.js,0,1619
2276,Identifier,value,-1,-1,-1,218,17,218,22,packages\spdy\lib\spdy\handle.js,0,1620
2277,CallExpression,nan,1,-1,-1,95,6,95,28,packages\spdy\lib\spdy\handle.js,0,1621
2278,AssignmentExpression,nan,-1,-1,-1,129,6,129,23,packages\spdy\lib\spdy\handle.js,0,1622
2279,CallExpression,nan,1,-1,-1,131,6,131,20,packages\spdy\lib\spdy\handle.js,0,1623
2280,CallExpression,nan,2,-1,-1,133,13,133,44,packages\spdy\lib\spdy\handle.js,0,1624
2281,Identifier,stream,-1,-1,-1,149,29,149,35,packages\spdy\lib\spdy\handle.js,0,1625
2283,BlockStatement,nan,-1,-1,-1,149,37,153,5,packages\spdy\lib\spdy\handle.js,0,1626
2284,MemberExpression,nan,-1,-1,-1,159,58,159,73,packages\spdy\lib\spdy\handle.js,0,1627
2285,MemberExpression,nan,-1,-1,-1,159,24,159,57,packages\spdy\lib\spdy\handle.js,0,1628
2286,MemberExpression,nan,-1,-1,-1,166,8,166,18,packages\spdy\lib\spdy\handle.js,0,1629
2288,MemberExpression,nan,-1,-1,-1,166,32,166,43,packages\spdy\lib\spdy\handle.js,0,1630
2290,Identifier,headers,-1,-1,-1,184,35,184,42,packages\spdy\lib\spdy\handle.js,0,1631
2292,BlockStatement,nan,-1,-1,-1,184,44,186,5,packages\spdy\lib\spdy\handle.js,0,1632
2293,Identifier,stream,-1,-1,-1,194,29,194,35,packages\spdy\lib\spdy\handle.js,0,1633
2295,BlockStatement,nan,-1,-1,-1,194,37,196,5,packages\spdy\lib\spdy\handle.js,0,1634
2296,MemberExpression,nan,-1,-1,-1,95,15,95,27,packages\spdy\lib\spdy\handle.js,0,1635
2297,Identifier,callback,-1,-1,-1,95,6,95,14,packages\spdy\lib\spdy\handle.js,0,1636
2298,MemberExpression,nan,-1,-1,-1,129,6,129,14,packages\spdy\lib\spdy\handle.js,0,1637
2299,Identifier,oldEnd,-1,-1,-1,129,17,129,23,packages\spdy\lib\spdy\handle.js,0,1638
2301,MemberExpression,nan,-1,-1,-1,131,6,131,16,packages\spdy\lib\spdy\handle.js,0,1639
2302,ThisExpression,nan,-1,-1,-1,133,28,133,32,packages\spdy\lib\spdy\handle.js,0,1640
2303,Identifier,arguments,-1,-1,-1,133,34,133,43,packages\spdy\lib\spdy\handle.js,0,1641
2304,MemberExpression,nan,-1,-1,-1,133,13,133,27,packages\spdy\lib\spdy\handle.js,0,1642
2305,IfStatement,nan,-1,-1,-1,150,6,152,7,packages\spdy\lib\spdy\handle.js,0,1643
2308,BlockStatement,nan,-1,-1,-1,150,51,152,7,packages\spdy\lib\spdy\handle.js,0,1644
2309,UnaryExpression,nan,1,-1,-1,150,10,150,49,packages\spdy\lib\spdy\handle.js,0,1645
2310,CallExpression,nan,2,-1,-1,185,6,185,35,packages\spdy\lib\spdy\handle.js,0,1646
2311,CallExpression,nan,1,-1,-1,195,6,195,33,packages\spdy\lib\spdy\handle.js,0,1647
2313,CallExpression,nan,1,-1,-1,150,11,150,49,packages\spdy\lib\spdy\handle.js,0,1648
2315,Identifier,headers,-1,-1,-1,185,27,185,34,packages\spdy\lib\spdy\handle.js,0,1649
2316,MemberExpression,nan,-1,-1,-1,185,6,185,14,packages\spdy\lib\spdy\handle.js,0,1650
2317,Identifier,headers,-1,-1,-1,195,25,195,32,packages\spdy\lib\spdy\handle.js,0,1651
2318,MemberExpression,nan,-1,-1,-1,195,6,195,24,packages\spdy\lib\spdy\handle.js,0,1652
2319,CallExpression,nan,0,-1,-1,151,8,151,21,packages\spdy\lib\spdy\handle.js,0,1653
2320,MemberExpression,nan,-1,-1,-1,150,39,150,48,packages\spdy\lib\spdy\handle.js,0,1654
2321,MemberExpression,nan,-1,-1,-1,150,11,150,38,packages\spdy\lib\spdy\handle.js,0,1655
2322,MemberExpression,nan,-1,-1,-1,151,8,151,19,packages\spdy\lib\spdy\handle.js,0,1656
2323,Program,nan,-1,-1,-1,1,0,33,1,packages\spdy\lib\spdy\request.js,0,1657
2325,FunctionDeclaration,nan,-1,1,0,3,0,11,1,packages\spdy\lib\spdy\request.js,0,1658
2328,Identifier,attachPush,-1,-1,-1,3,9,3,19,packages\spdy\lib\spdy\request.js,0,1659
2329,Identifier,req,-1,-1,-1,3,21,3,24,packages\spdy\lib\spdy\request.js,0,1660
2331,BlockStatement,nan,-1,-1,-1,3,26,11,1,packages\spdy\lib\spdy\request.js,0,1661
2332,AssignmentExpression,nan,-1,-1,-1,13,0,33,1,packages\spdy\lib\spdy\request.js,0,1662
2333,VariableDeclaration,nan,-1,-1,-1,4,2,4,33,packages\spdy\lib\spdy\request.js,0,1663
2335,MemberExpression,nan,-1,-1,-1,13,0,13,21,packages\spdy\lib\spdy\request.js,0,1664
2336,FunctionExpression,nan,-1,1,1,13,24,33,1,packages\spdy\lib\spdy\request.js,0,1665
2337,CallExpression,nan,1,-1,-1,6,2,10,4,packages\spdy\lib\spdy\request.js,0,1666
2338,Identifier,onNewListener,-1,-1,-1,13,33,13,46,packages\spdy\lib\spdy\request.js,0,1667
2339,Identifier,type,-1,-1,-1,13,48,13,52,packages\spdy\lib\spdy\request.js,0,1668
2341,BlockStatement,nan,-1,-1,-1,13,54,33,1,packages\spdy\lib\spdy\request.js,0,1669
2342,FunctionExpression,nan,-1,1,0,6,19,10,3,packages\spdy\lib\spdy\request.js,0,1670
2343,MemberExpression,nan,-1,-1,-1,6,2,6,18,packages\spdy\lib\spdy\request.js,0,1671
2344,VariableDeclaration,nan,-1,-1,-1,14,2,14,16,packages\spdy\lib\spdy\request.js,0,1672
2345,IfStatement,nan,-1,-1,-1,16,2,18,3,packages\spdy\lib\spdy\request.js,0,1673
2346,IfStatement,nan,-1,-1,-1,21,2,23,3,packages\spdy\lib\spdy\request.js,0,1674
2347,IfStatement,nan,-1,-1,-1,25,2,30,3,packages\spdy\lib\spdy\request.js,0,1675
2349,Identifier,stream,-1,-1,-1,6,29,6,35,packages\spdy\lib\spdy\request.js,0,1676
2351,BlockStatement,nan,-1,-1,-1,6,37,10,3,packages\spdy\lib\spdy\request.js,0,1677
2352,BlockStatement,nan,-1,-1,-1,16,23,18,3,packages\spdy\lib\spdy\request.js,0,1678
2354,BlockStatement,nan,-1,-1,-1,21,42,23,3,packages\spdy\lib\spdy\request.js,0,1679
2356,BlockStatement,nan,-1,-1,-1,25,19,30,3,packages\spdy\lib\spdy\request.js,0,1680
2357,UnaryExpression,nan,1,-1,-1,25,6,25,17,packages\spdy\lib\spdy\request.js,0,1681
2358,CallExpression,nan,1,-1,-1,32,2,32,17,packages\spdy\lib\spdy\request.js,0,1682
2360,ReturnStatement,nan,-1,-1,-1,17,4,17,10,packages\spdy\lib\spdy\request.js,0,1683
2361,Identifier,type,-1,-1,-1,16,6,16,10,packages\spdy\lib\spdy\request.js,0,1684
2363,ReturnStatement,nan,-1,-1,-1,22,4,22,10,packages\spdy\lib\spdy\request.js,0,1685
2364,MemberExpression,nan,-1,-1,-1,21,6,21,34,packages\spdy\lib\spdy\request.js,0,1686
2367,ReturnStatement,nan,-1,-1,-1,29,4,29,10,packages\spdy\lib\spdy\request.js,0,1687
2368,MemberExpression,nan,-1,-1,-1,25,7,25,17,packages\spdy\lib\spdy\request.js,0,1688
2369,Identifier,req,-1,-1,-1,32,13,32,16,packages\spdy\lib\spdy\request.js,0,1689
2370,Identifier,attachPush,-1,-1,-1,32,2,32,12,packages\spdy\lib\spdy\request.js,0,1690
2371,CallExpression,nan,2,-1,-1,7,4,9,6,packages\spdy\lib\spdy\request.js,0,1691
2372,CallExpression,nan,2,-1,-1,26,4,28,6,packages\spdy\lib\spdy\request.js,0,1692
2374,FunctionExpression,nan,-1,1,0,7,29,9,5,packages\spdy\lib\spdy\request.js,0,1693
2375,MemberExpression,nan,-1,-1,-1,7,4,7,13,packages\spdy\lib\spdy\request.js,0,1694
2377,FunctionExpression,nan,-1,0,0,26,21,28,5,packages\spdy\lib\spdy\request.js,0,1695
2378,MemberExpression,nan,-1,-1,-1,26,4,26,10,packages\spdy\lib\spdy\request.js,0,1696
2379,Identifier,push,-1,-1,-1,7,39,7,43,packages\spdy\lib\spdy\request.js,0,1697
2381,BlockStatement,nan,-1,-1,-1,7,45,9,5,packages\spdy\lib\spdy\request.js,0,1698
2383,BlockStatement,nan,-1,-1,-1,26,33,28,5,packages\spdy\lib\spdy\request.js,0,1699
2386,CallExpression,nan,2,-1,-1,8,6,8,28,packages\spdy\lib\spdy\request.js,0,1700
2387,CallExpression,nan,1,-1,-1,27,6,27,21,packages\spdy\lib\spdy\request.js,0,1701
2389,Identifier,push,-1,-1,-1,8,23,8,27,packages\spdy\lib\spdy\request.js,0,1702
2390,MemberExpression,nan,-1,-1,-1,8,6,8,14,packages\spdy\lib\spdy\request.js,0,1703
2391,Identifier,req,-1,-1,-1,27,17,27,20,packages\spdy\lib\spdy\request.js,0,1704
2392,Identifier,attachPush,-1,-1,-1,27,6,27,16,packages\spdy\lib\spdy\request.js,0,1705
2393,Program,nan,-1,-1,-1,1,0,100,1,packages\spdy\lib\spdy\response.js,0,1706
2400,AssignmentExpression,nan,-1,-1,-1,4,0,60,1,packages\spdy\lib\spdy\response.js,0,1707
2401,AssignmentExpression,nan,-1,-1,-1,62,0,80,1,packages\spdy\lib\spdy\response.js,0,1708
2402,AssignmentExpression,nan,-1,-1,-1,82,0,94,1,packages\spdy\lib\spdy\response.js,0,1709
2403,AssignmentExpression,nan,-1,-1,-1,96,0,100,1,packages\spdy\lib\spdy\response.js,0,1710
2404,MemberExpression,nan,-1,-1,-1,4,0,4,17,packages\spdy\lib\spdy\response.js,0,1711
2405,FunctionExpression,nan,-1,3,0,4,20,60,1,packages\spdy\lib\spdy\response.js,0,1712
2406,MemberExpression,nan,-1,-1,-1,62,0,62,11,packages\spdy\lib\spdy\response.js,0,1713
2407,FunctionExpression,nan,-1,3,1,62,14,80,1,packages\spdy\lib\spdy\response.js,0,1714
2408,MemberExpression,nan,-1,-1,-1,82,0,82,12,packages\spdy\lib\spdy\response.js,0,1715
2409,FunctionExpression,nan,-1,3,1,82,15,94,1,packages\spdy\lib\spdy\response.js,0,1716
2410,MemberExpression,nan,-1,-1,-1,96,0,96,21,packages\spdy\lib\spdy\response.js,0,1717
2411,FunctionExpression,nan,-1,1,0,96,24,100,1,packages\spdy\lib\spdy\response.js,0,1718
2412,Identifier,writeHead,-1,-1,-1,4,29,4,38,packages\spdy\lib\spdy\response.js,0,1719
2413,Identifier,statusCode,-1,-1,-1,4,40,4,50,packages\spdy\lib\spdy\response.js,0,1720
2414,Identifier,reason,-1,-1,-1,4,52,4,58,packages\spdy\lib\spdy\response.js,0,1721
2415,Identifier,obj,-1,-1,-1,4,60,4,63,packages\spdy\lib\spdy\response.js,0,1722
2417,BlockStatement,nan,-1,-1,-1,4,65,60,1,packages\spdy\lib\spdy\response.js,0,1723
2418,Identifier,end,-1,-1,-1,62,23,62,26,packages\spdy\lib\spdy\response.js,0,1724
2419,Identifier,data,-1,-1,-1,62,28,62,32,packages\spdy\lib\spdy\response.js,0,1725
2420,Identifier,encoding,-1,-1,-1,62,34,62,42,packages\spdy\lib\spdy\response.js,0,1726
2421,Identifier,callback,-1,-1,-1,62,44,62,52,packages\spdy\lib\spdy\response.js,0,1727
2423,BlockStatement,nan,-1,-1,-1,62,54,80,1,packages\spdy\lib\spdy\response.js,0,1728
2424,Identifier,push,-1,-1,-1,82,24,82,28,packages\spdy\lib\spdy\response.js,0,1729
2425,Identifier,path,-1,-1,-1,82,30,82,34,packages\spdy\lib\spdy\response.js,0,1730
2426,Identifier,headers,-1,-1,-1,82,36,82,43,packages\spdy\lib\spdy\response.js,0,1731
2427,Identifier,callback,-1,-1,-1,82,45,82,53,packages\spdy\lib\spdy\response.js,0,1732
2429,BlockStatement,nan,-1,-1,-1,82,55,94,1,packages\spdy\lib\spdy\response.js,0,1733
2430,Identifier,writeContinue,-1,-1,-1,96,33,96,46,packages\spdy\lib\spdy\response.js,0,1734
2431,Identifier,callback,-1,-1,-1,96,48,96,56,packages\spdy\lib\spdy\response.js,0,1735
2433,BlockStatement,nan,-1,-1,-1,96,58,100,1,packages\spdy\lib\spdy\response.js,0,1736
2434,VariableDeclaration,nan,-1,-1,-1,5,2,5,13,packages\spdy\lib\spdy\response.js,0,1737
2435,IfStatement,nan,-1,-1,-1,7,2,15,3,packages\spdy\lib\spdy\response.js,0,1738
2437,IfStatement,nan,-1,-1,-1,18,2,32,3,packages\spdy\lib\spdy\response.js,0,1739
2438,IfStatement,nan,-1,-1,-1,34,2,47,3,packages\spdy\lib\spdy\response.js,0,1740
2439,IfStatement,nan,-1,-1,-1,51,2,53,3,packages\spdy\lib\spdy\response.js,0,1741
2442,IfStatement,nan,-1,-1,-1,59,2,59,102,packages\spdy\lib\spdy\response.js,0,1742
2443,IfStatement,nan,-1,-1,-1,63,2,65,3,packages\spdy\lib\spdy\response.js,0,1743
2444,IfStatement,nan,-1,-1,-1,67,2,69,3,packages\spdy\lib\spdy\response.js,0,1744
2446,VariableDeclaration,nan,-1,-1,-1,74,2,74,17,packages\spdy\lib\spdy\response.js,0,1745
2447,VariableDeclaration,nan,-1,-1,-1,75,2,75,34,packages\spdy\lib\spdy\response.js,0,1746
2450,VariableDeclaration,nan,-1,-1,-1,83,2,90,3,packages\spdy\lib\spdy\response.js,0,1747
2451,VariableDeclaration,nan,-1,-1,-1,92,2,92,30,packages\spdy\lib\spdy\response.js,0,1748
2452,ReturnStatement,nan,1,-1,-1,93,2,93,44,packages\spdy\lib\spdy\response.js,0,1749
2453,IfStatement,nan,-1,-1,-1,97,2,99,3,packages\spdy\lib\spdy\response.js,0,1750
2454,BlockStatement,nan,-1,-1,-1,7,34,10,3,packages\spdy\lib\spdy\response.js,0,1751
2456,AssignmentExpression,nan,-1,-1,-1,16,2,16,30,packages\spdy\lib\spdy\response.js,0,1752
2457,BlockStatement,nan,-1,-1,-1,18,21,29,3,packages\spdy\lib\spdy\response.js,0,1753
2458,MemberExpression,nan,-1,-1,-1,18,6,18,19,packages\spdy\lib\spdy\response.js,0,1754
2459,BlockStatement,nan,-1,-1,-1,35,48,47,3,packages\spdy\lib\spdy\response.js,0,1755
2460,LogicalExpression,nan,-1,-1,-1,34,6,35,46,packages\spdy\lib\spdy\response.js,0,1756
2461,BlockStatement,nan,-1,-1,-1,51,47,53,3,packages\spdy\lib\spdy\response.js,0,1757
2462,LogicalExpression,nan,-1,-1,-1,51,6,51,45,packages\spdy\lib\spdy\response.js,0,1758
2463,AssignmentExpression,nan,-1,-1,-1,56,2,56,21,packages\spdy\lib\spdy\response.js,0,1759
2464,AssignmentExpression,nan,-1,-1,-1,57,2,57,25,packages\spdy\lib\spdy\response.js,0,1760
2465,BlockStatement,nan,-1,-1,-1,59,27,59,102,packages\spdy\lib\spdy\response.js,0,1761
2466,MemberExpression,nan,-1,-1,-1,59,6,59,25,packages\spdy\lib\spdy\response.js,0,1762
2467,BlockStatement,nan,-1,-1,-1,63,25,65,3,packages\spdy\lib\spdy\response.js,0,1763
2468,UnaryExpression,nan,1,-1,-1,63,6,63,23,packages\spdy\lib\spdy\response.js,0,1764
2469,BlockStatement,nan,-1,-1,-1,67,28,69,3,packages\spdy\lib\spdy\response.js,0,1765
2470,UnaryExpression,nan,1,-1,-1,67,6,67,26,packages\spdy\lib\spdy\response.js,0,1766
2471,AssignmentExpression,nan,-1,-1,-1,72,2,72,22,packages\spdy\lib\spdy\response.js,0,1767
2472,AssignmentExpression,nan,-1,-1,-1,76,2,76,33,packages\spdy\lib\spdy\response.js,0,1768
2473,CallExpression,nan,3,-1,-1,77,2,79,4,packages\spdy\lib\spdy\response.js,0,1769
2474,CallExpression,nan,2,-1,-1,93,9,93,44,packages\spdy\lib\spdy\response.js,0,1770
2475,BlockStatement,nan,-1,-1,-1,97,27,99,3,packages\spdy\lib\spdy\response.js,0,1771
2476,MemberExpression,nan,-1,-1,-1,97,6,97,25,packages\spdy\lib\spdy\response.js,0,1772
2478,UnaryExpression,nan,1,-1,-1,7,6,7,19,packages\spdy\lib\spdy\response.js,0,1773
2480,MemberExpression,nan,-1,-1,-1,16,2,16,17,packages\spdy\lib\spdy\response.js,0,1774
2481,Identifier,statusCode,-1,-1,-1,16,20,16,30,packages\spdy\lib\spdy\response.js,0,1775
2482,IfStatement,nan,-1,-1,-1,20,4,26,5,packages\spdy\lib\spdy\response.js,0,1776
2485,LogicalExpression,nan,-1,-1,-1,34,6,34,46,packages\spdy\lib\spdy\response.js,0,1777
2486,LogicalExpression,nan,-1,-1,-1,35,7,35,45,packages\spdy\lib\spdy\response.js,0,1778
2488,MemberExpression,nan,-1,-1,-1,51,6,51,27,packages\spdy\lib\spdy\response.js,0,1779
2489,UnaryExpression,nan,1,-1,-1,51,31,51,45,packages\spdy\lib\spdy\response.js,0,1780
2490,MemberExpression,nan,-1,-1,-1,56,2,56,14,packages\spdy\lib\spdy\response.js,0,1781
2492,MemberExpression,nan,-1,-1,-1,57,2,57,18,packages\spdy\lib\spdy\response.js,0,1782
2496,MemberExpression,nan,-1,-1,-1,63,7,63,23,packages\spdy\lib\spdy\response.js,0,1783
2497,ReturnStatement,nan,-1,-1,-1,68,4,68,10,packages\spdy\lib\spdy\response.js,0,1784
2498,MemberExpression,nan,-1,-1,-1,67,7,67,26,packages\spdy\lib\spdy\response.js,0,1785
2499,MemberExpression,nan,-1,-1,-1,72,2,72,15,packages\spdy\lib\spdy\response.js,0,1786
2501,MemberExpression,nan,-1,-1,-1,76,2,76,26,packages\spdy\lib\spdy\response.js,0,1787
2503,Identifier,data,-1,-1,-1,77,18,77,22,packages\spdy\lib\spdy\response.js,0,1788
2504,Identifier,encoding,-1,-1,-1,77,24,77,32,packages\spdy\lib\spdy\response.js,0,1789
2505,FunctionExpression,nan,-1,0,0,77,34,79,3,packages\spdy\lib\spdy\response.js,0,1790
2506,MemberExpression,nan,-1,-1,-1,77,2,77,17,packages\spdy\lib\spdy\response.js,0,1791
2507,Identifier,frame,-1,-1,-1,93,28,93,33,packages\spdy\lib\spdy\response.js,0,1792
2508,Identifier,callback,-1,-1,-1,93,35,93,43,packages\spdy\lib\spdy\response.js,0,1793
2509,MemberExpression,nan,-1,-1,-1,93,9,93,27,packages\spdy\lib\spdy\response.js,0,1794
2511,AssignmentExpression,nan,-1,-1,-1,9,4,9,31,packages\spdy\lib\spdy\response.js,0,1795
2512,Identifier,reason,-1,-1,-1,7,13,7,19,packages\spdy\lib\spdy\response.js,0,1796
2513,BlockStatement,nan,-1,-1,-1,20,13,26,5,packages\spdy\lib\spdy\response.js,0,1797
2514,Identifier,obj,-1,-1,-1,20,8,20,11,packages\spdy\lib\spdy\response.js,0,1798
2515,AssignmentExpression,nan,-1,-1,-1,28,4,28,35,packages\spdy\lib\spdy\response.js,0,1799
2516,AssignmentExpression,nan,-1,-1,-1,46,4,46,25,packages\spdy\lib\spdy\response.js,0,1800
2521,AssignmentExpression,nan,-1,-1,-1,52,4,52,32,packages\spdy\lib\spdy\response.js,0,1801
2522,MemberExpression,nan,-1,-1,-1,51,32,51,45,packages\spdy\lib\spdy\response.js,0,1802
2523,CallExpression,nan,2,-1,-1,59,29,59,100,packages\spdy\lib\spdy\response.js,0,1803
2524,CallExpression,nan,1,-1,-1,64,4,64,35,packages\spdy\lib\spdy\response.js,0,1804
2526,BlockStatement,nan,-1,-1,-1,77,46,79,3,packages\spdy\lib\spdy\response.js,0,1805
2527,CallExpression,nan,3,-1,-1,98,4,98,68,packages\spdy\lib\spdy\response.js,0,1806
2528,MemberExpression,nan,-1,-1,-1,9,4,9,22,packages\spdy\lib\spdy\response.js,0,1807
2529,Identifier,reason,-1,-1,-1,9,25,9,31,packages\spdy\lib\spdy\response.js,0,1808
2530,VariableDeclaration,nan,-1,-1,-1,21,6,21,33,packages\spdy\lib\spdy\response.js,0,1809
2531,ForStatement,nan,-1,-1,-1,22,6,25,7,packages\spdy\lib\spdy\response.js,0,1810
2532,Identifier,headers,-1,-1,-1,28,4,28,11,packages\spdy\lib\spdy\response.js,0,1811
2533,CallExpression,nan,0,-1,-1,28,14,28,35,packages\spdy\lib\spdy\response.js,0,1812
2534,MemberExpression,nan,-1,-1,-1,46,4,46,17,packages\spdy\lib\spdy\response.js,0,1813
2536,Identifier,statusCode,-1,-1,-1,34,6,34,16,packages\spdy\lib\spdy\response.js,0,1814
2538,Identifier,statusCode,-1,-1,-1,34,28,34,38,packages\spdy\lib\spdy\response.js,0,1815
2540,Identifier,statusCode,-1,-1,-1,35,7,35,17,packages\spdy\lib\spdy\response.js,0,1816
2542,Identifier,statusCode,-1,-1,-1,35,28,35,38,packages\spdy\lib\spdy\response.js,0,1817
2544,MemberExpression,nan,-1,-1,-1,52,4,52,24,packages\spdy\lib\spdy\response.js,0,1818
2546,MemberExpression,nan,-1,-1,-1,59,75,59,90,packages\spdy\lib\spdy\response.js,0,1819
2547,Identifier,headers,-1,-1,-1,59,92,59,99,packages\spdy\lib\spdy\response.js,0,1820
2548,MemberExpression,nan,-1,-1,-1,59,29,59,74,packages\spdy\lib\spdy\response.js,0,1821
2549,MemberExpression,nan,-1,-1,-1,64,19,64,34,packages\spdy\lib\spdy\response.js,0,1822
2550,MemberExpression,nan,-1,-1,-1,64,4,64,18,packages\spdy\lib\spdy\response.js,0,1823
2553,ObjectExpression,nan,-1,-1,-1,98,55,98,57,packages\spdy\lib\spdy\response.js,0,1824
2554,Identifier,callback,-1,-1,-1,98,59,98,67,packages\spdy\lib\spdy\response.js,0,1825
2555,MemberExpression,nan,-1,-1,-1,98,4,98,49,packages\spdy\lib\spdy\response.js,0,1826
2557,BlockStatement,nan,-1,-1,-1,22,44,25,7,packages\spdy\lib\spdy\response.js,0,1827
2558,MemberExpression,nan,-1,-1,-1,28,14,28,33,packages\spdy\lib\spdy\response.js,0,1828
2559,CallExpression,nan,4,-1,-1,78,4,78,67,packages\spdy\lib\spdy\response.js,0,1829
2560,Identifier,i,-1,-1,-1,22,22,22,23,packages\spdy\lib\spdy\response.js,0,1830
2561,MemberExpression,nan,-1,-1,-1,22,26,22,37,packages\spdy\lib\spdy\response.js,0,1831
2562,VariableDeclaration,nan,-1,-1,-1,23,8,23,23,packages\spdy\lib\spdy\response.js,0,1832
2563,IfStatement,nan,-1,-1,-1,24,8,24,40,packages\spdy\lib\spdy\response.js,0,1833
2564,Identifier,self,-1,-1,-1,78,40,78,44,packages\spdy\lib\spdy\response.js,0,1834
2567,Identifier,callback,-1,-1,-1,78,58,78,66,packages\spdy\lib\spdy\response.js,0,1835
2568,MemberExpression,nan,-1,-1,-1,78,4,78,39,packages\spdy\lib\spdy\response.js,0,1836
2570,Identifier,k,-1,-1,-1,24,12,24,13,packages\spdy\lib\spdy\response.js,0,1837
2571,CallExpression,nan,2,-1,-1,24,15,24,40,packages\spdy\lib\spdy\response.js,0,1838
2572,Identifier,k,-1,-1,-1,24,30,24,31,packages\spdy\lib\spdy\response.js,0,1839
2573,MemberExpression,nan,-1,-1,-1,24,33,24,39,packages\spdy\lib\spdy\response.js,0,1840
2574,MemberExpression,nan,-1,-1,-1,24,15,24,29,packages\spdy\lib\spdy\response.js,0,1841
2575,Program,nan,-1,-1,-1,1,0,288,1,packages\spdy\lib\spdy\server.js,0,1842
2577,VariableDeclaration,nan,-1,-1,-1,3,0,3,30,packages\spdy\lib\spdy\server.js,0,1843
2578,VariableDeclaration,nan,-1,-1,-1,4,0,4,28,packages\spdy\lib\spdy\server.js,0,1844
2579,VariableDeclaration,nan,-1,-1,-1,5,0,5,26,packages\spdy\lib\spdy\server.js,0,1845
2580,VariableDeclaration,nan,-1,-1,-1,6,0,6,24,packages\spdy\lib\spdy\server.js,0,1846
2581,VariableDeclaration,nan,-1,-1,-1,7,0,7,24,packages\spdy\lib\spdy\server.js,0,1847
2582,VariableDeclaration,nan,-1,-1,-1,8,0,8,26,packages\spdy\lib\spdy\server.js,0,1848
2583,VariableDeclaration,nan,-1,-1,-1,9,0,9,39,packages\spdy\lib\spdy\server.js,0,1849
2584,VariableDeclaration,nan,-1,-1,-1,10,0,10,41,packages\spdy\lib\spdy\server.js,0,1850
2585,VariableDeclaration,nan,-1,-1,-1,11,0,11,43,packages\spdy\lib\spdy\server.js,0,1851
2586,VariableDeclaration,nan,-1,-1,-1,12,0,12,49,packages\spdy\lib\spdy\server.js,0,1852
2588,VariableDeclaration,nan,-1,-1,-1,19,0,19,29,packages\spdy\lib\spdy\server.js,0,1853
2589,VariableDeclaration,nan,-1,-1,-1,21,0,21,14,packages\spdy\lib\spdy\server.js,0,1854
2590,FunctionDeclaration,nan,-1,1,1,23,0,38,1,packages\spdy\lib\spdy\server.js,0,1855
2594,VariableDeclaration,nan,-1,-1,-1,138,0,138,48,packages\spdy\lib\spdy\server.js,0,1856
2595,VariableDeclaration,nan,-1,-1,-1,139,0,139,41,packages\spdy\lib\spdy\server.js,0,1857
2596,FunctionDeclaration,nan,-1,2,1,141,0,158,1,packages\spdy\lib\spdy\server.js,0,1858
2605,AssignmentExpression,nan,-1,-1,-1,15,0,17,16,packages\spdy\lib\spdy\server.js,0,1859
2606,Identifier,instantiate,-1,-1,-1,23,9,23,20,packages\spdy\lib\spdy\server.js,0,1860
2607,Identifier,base,-1,-1,-1,23,22,23,26,packages\spdy\lib\spdy\server.js,0,1861
2609,BlockStatement,nan,-1,-1,-1,23,28,38,1,packages\spdy\lib\spdy\server.js,0,1862
2610,AssignmentExpression,nan,-1,-1,-1,40,0,85,1,packages\spdy\lib\spdy\server.js,0,1863
2611,AssignmentExpression,nan,-1,-1,-1,87,0,96,1,packages\spdy\lib\spdy\server.js,0,1864
2612,AssignmentExpression,nan,-1,-1,-1,98,0,135,1,packages\spdy\lib\spdy\server.js,0,1865
2613,Identifier,hoseFilter,-1,-1,-1,141,9,141,19,packages\spdy\lib\spdy\server.js,0,1866
2614,Identifier,data,-1,-1,-1,141,21,141,25,packages\spdy\lib\spdy\server.js,0,1867
2615,Identifier,callback,-1,-1,-1,141,27,141,35,packages\spdy\lib\spdy\server.js,0,1868
2617,BlockStatement,nan,-1,-1,-1,141,37,158,1,packages\spdy\lib\spdy\server.js,0,1869
2618,AssignmentExpression,nan,-1,-1,-1,160,0,172,1,packages\spdy\lib\spdy\server.js,0,1870
2619,AssignmentExpression,nan,-1,-1,-1,174,0,178,1,packages\spdy\lib\spdy\server.js,0,1871
2620,AssignmentExpression,nan,-1,-1,-1,180,0,232,1,packages\spdy\lib\spdy\server.js,0,1872
2621,AssignmentExpression,nan,-1,-1,-1,234,0,269,1,packages\spdy\lib\spdy\server.js,0,1873
2622,AssignmentExpression,nan,-1,-1,-1,271,0,271,42,packages\spdy\lib\spdy\server.js,0,1874
2623,AssignmentExpression,nan,-1,-1,-1,272,0,272,46,packages\spdy\lib\spdy\server.js,0,1875
2624,AssignmentExpression,nan,-1,-1,-1,274,0,288,1,packages\spdy\lib\spdy\server.js,0,1876
2625,MemberExpression,nan,-1,-1,-1,15,0,15,13,packages\spdy\lib\spdy\server.js,0,1877
2626,ConditionalExpression,nan,-1,-1,-1,15,16,17,16,packages\spdy\lib\spdy\server.js,0,1878
2627,FunctionDeclaration,nan,-1,2,0,24,2,26,3,packages\spdy\lib\spdy\server.js,0,1879
2631,ReturnStatement,nan,1,-1,-1,37,2,37,15,packages\spdy\lib\spdy\server.js,0,1880
2632,MemberExpression,nan,-1,-1,-1,40,0,40,11,packages\spdy\lib\spdy\server.js,0,1881
2633,FunctionExpression,nan,-1,3,0,40,14,85,1,packages\spdy\lib\spdy\server.js,0,1882
2634,MemberExpression,nan,-1,-1,-1,87,0,87,19,packages\spdy\lib\spdy\server.js,0,1883
2635,FunctionExpression,nan,-1,1,0,87,22,96,1,packages\spdy\lib\spdy\server.js,0,1884
2636,MemberExpression,nan,-1,-1,-1,98,0,98,23,packages\spdy\lib\spdy\server.js,0,1885
2637,FunctionExpression,nan,-1,2,1,98,26,135,1,packages\spdy\lib\spdy\server.js,0,1886
2638,IfStatement,nan,-1,-1,-1,142,2,144,3,packages\spdy\lib\spdy\server.js,0,1887
2639,IfStatement,nan,-1,-1,-1,147,2,147,57,packages\spdy\lib\spdy\server.js,0,1888
2640,VariableDeclaration,nan,-1,-1,-1,149,2,149,58,packages\spdy\lib\spdy\server.js,0,1889
2641,ForStatement,nan,-1,-1,-1,150,2,152,3,packages\spdy\lib\spdy\server.js,0,1890
2642,IfStatement,nan,-1,-1,-1,155,2,155,70,packages\spdy\lib\spdy\server.js,0,1891
2643,ReturnStatement,nan,1,-1,-1,157,2,157,29,packages\spdy\lib\spdy\server.js,0,1892
2644,MemberExpression,nan,-1,-1,-1,160,0,160,24,packages\spdy\lib\spdy\server.js,0,1893
2645,FunctionExpression,nan,-1,1,0,160,27,172,1,packages\spdy\lib\spdy\server.js,0,1894
2646,MemberExpression,nan,-1,-1,-1,174,0,174,20,packages\spdy\lib\spdy\server.js,0,1895
2647,FunctionExpression,nan,-1,1,0,174,23,178,1,packages\spdy\lib\spdy\server.js,0,1896
2648,MemberExpression,nan,-1,-1,-1,180,0,180,15,packages\spdy\lib\spdy\server.js,0,1897
2649,FunctionExpression,nan,-1,1,0,180,18,232,1,packages\spdy\lib\spdy\server.js,0,1898
2650,MemberExpression,nan,-1,-1,-1,234,0,234,10,packages\spdy\lib\spdy\server.js,0,1899
2651,FunctionExpression,nan,-1,3,1,234,13,269,1,packages\spdy\lib\spdy\server.js,0,1900
2652,MemberExpression,nan,-1,-1,-1,271,0,271,14,packages\spdy\lib\spdy\server.js,0,1901
2653,CallExpression,nan,1,-1,-1,271,17,271,42,packages\spdy\lib\spdy\server.js,0,1902
2654,MemberExpression,nan,-1,-1,-1,272,0,272,19,packages\spdy\lib\spdy\server.js,0,1903
2655,CallExpression,nan,1,-1,-1,272,22,272,46,packages\spdy\lib\spdy\server.js,0,1904
2656,MemberExpression,nan,-1,-1,-1,274,0,274,14,packages\spdy\lib\spdy\server.js,0,1905
2657,FunctionExpression,nan,-1,3,1,274,17,288,1,packages\spdy\lib\spdy\server.js,0,1906
2658,MemberExpression,nan,-1,-1,-1,16,4,16,17,packages\spdy\lib\spdy\server.js,0,1907
2660,Identifier,Server,-1,-1,-1,24,11,24,17,packages\spdy\lib\spdy\server.js,0,1908
2661,Identifier,options,-1,-1,-1,24,19,24,26,packages\spdy\lib\spdy\server.js,0,1909
2662,Identifier,handler,-1,-1,-1,24,28,24,35,packages\spdy\lib\spdy\server.js,0,1910
2664,BlockStatement,nan,-1,-1,-1,24,37,26,3,packages\spdy\lib\spdy\server.js,0,1911
2665,CallExpression,nan,2,-1,-1,27,2,27,29,packages\spdy\lib\spdy\server.js,0,1912
2666,AssignmentExpression,nan,-1,-1,-1,29,2,31,3,packages\spdy\lib\spdy\server.js,0,1913
2667,CallExpression,nan,1,-1,-1,33,2,35,4,packages\spdy\lib\spdy\server.js,0,1914
2668,Identifier,Server,-1,-1,-1,37,9,37,15,packages\spdy\lib\spdy\server.js,0,1915
2669,Identifier,_init,-1,-1,-1,40,23,40,28,packages\spdy\lib\spdy\server.js,0,1916
2670,Identifier,base,-1,-1,-1,40,30,40,34,packages\spdy\lib\spdy\server.js,0,1917
2671,Identifier,options,-1,-1,-1,40,36,40,43,packages\spdy\lib\spdy\server.js,0,1918
2672,Identifier,handler,-1,-1,-1,40,45,40,52,packages\spdy\lib\spdy\server.js,0,1919
2674,BlockStatement,nan,-1,-1,-1,40,54,85,1,packages\spdy\lib\spdy\server.js,0,1920
2675,Identifier,_onConnection,-1,-1,-1,87,31,87,44,packages\spdy\lib\spdy\server.js,0,1921
2676,Identifier,socket,-1,-1,-1,87,46,87,52,packages\spdy\lib\spdy\server.js,0,1922
2678,BlockStatement,nan,-1,-1,-1,87,54,96,1,packages\spdy\lib\spdy\server.js,0,1923
2679,Identifier,_handleConnection,-1,-1,-1,98,35,98,52,packages\spdy\lib\spdy\server.js,0,1924
2680,Identifier,socket,-1,-1,-1,98,54,98,60,packages\spdy\lib\spdy\server.js,0,1925
2681,Identifier,protocol,-1,-1,-1,98,62,98,70,packages\spdy\lib\spdy\server.js,0,1926
2683,BlockStatement,nan,-1,-1,-1,98,72,135,1,packages\spdy\lib\spdy\server.js,0,1927
2684,BlockStatement,nan,-1,-1,-1,142,23,144,3,packages\spdy\lib\spdy\server.js,0,1928
2686,BlockStatement,nan,-1,-1,-1,147,24,147,57,packages\spdy\lib\spdy\server.js,0,1929
2689,BlockStatement,nan,-1,-1,-1,150,34,152,3,packages\spdy\lib\spdy\server.js,0,1930
2690,BlockStatement,nan,-1,-1,-1,155,39,155,70,packages\spdy\lib\spdy\server.js,0,1931
2692,CallExpression,nan,2,-1,-1,157,9,157,29,packages\spdy\lib\spdy\server.js,0,1932
2693,Identifier,_onPlainConnection,-1,-1,-1,160,36,160,54,packages\spdy\lib\spdy\server.js,0,1933
2694,Identifier,socket,-1,-1,-1,160,56,160,62,packages\spdy\lib\spdy\server.js,0,1934
2696,BlockStatement,nan,-1,-1,-1,160,64,172,1,packages\spdy\lib\spdy\server.js,0,1935
2697,Identifier,_invokeDefault,-1,-1,-1,174,32,174,46,packages\spdy\lib\spdy\server.js,0,1936
2698,Identifier,socket,-1,-1,-1,174,48,174,54,packages\spdy\lib\spdy\server.js,0,1937
2700,BlockStatement,nan,-1,-1,-1,174,56,178,1,packages\spdy\lib\spdy\server.js,0,1938
2701,Identifier,_onStream,-1,-1,-1,180,27,180,36,packages\spdy\lib\spdy\server.js,0,1939
2702,Identifier,stream,-1,-1,-1,180,38,180,44,packages\spdy\lib\spdy\server.js,0,1940
2704,BlockStatement,nan,-1,-1,-1,180,46,232,1,packages\spdy\lib\spdy\server.js,0,1941
2705,Identifier,emit,-1,-1,-1,234,22,234,26,packages\spdy\lib\spdy\server.js,0,1942
2706,Identifier,event,-1,-1,-1,234,28,234,33,packages\spdy\lib\spdy\server.js,0,1943
2707,Identifier,req,-1,-1,-1,234,35,234,38,packages\spdy\lib\spdy\server.js,0,1944
2708,Identifier,res,-1,-1,-1,234,40,234,43,packages\spdy\lib\spdy\server.js,0,1945
2710,BlockStatement,nan,-1,-1,-1,234,45,269,1,packages\spdy\lib\spdy\server.js,0,1946
2711,MemberExpression,nan,-1,-1,-1,271,29,271,41,packages\spdy\lib\spdy\server.js,0,1947
2712,Identifier,instantiate,-1,-1,-1,271,17,271,28,packages\spdy\lib\spdy\server.js,0,1948
2713,MemberExpression,nan,-1,-1,-1,272,34,272,45,packages\spdy\lib\spdy\server.js,0,1949
2714,Identifier,instantiate,-1,-1,-1,272,22,272,33,packages\spdy\lib\spdy\server.js,0,1950
2715,Identifier,create,-1,-1,-1,274,26,274,32,packages\spdy\lib\spdy\server.js,0,1951
2716,Identifier,base,-1,-1,-1,274,34,274,38,packages\spdy\lib\spdy\server.js,0,1952
2717,Identifier,options,-1,-1,-1,274,40,274,47,packages\spdy\lib\spdy\server.js,0,1953
2718,Identifier,handler,-1,-1,-1,274,49,274,56,packages\spdy\lib\spdy\server.js,0,1954
2720,BlockStatement,nan,-1,-1,-1,274,58,288,1,packages\spdy\lib\spdy\server.js,0,1955
2721,MemberExpression,nan,-1,-1,-1,15,16,15,40,packages\spdy\lib\spdy\server.js,0,1956
2724,Identifier,Server,-1,-1,-1,27,16,27,22,packages\spdy\lib\spdy\server.js,0,1957
2725,Identifier,base,-1,-1,-1,27,24,27,28,packages\spdy\lib\spdy\server.js,0,1958
2726,MemberExpression,nan,-1,-1,-1,27,2,27,15,packages\spdy\lib\spdy\server.js,0,1959
2727,MemberExpression,nan,-1,-1,-1,29,2,29,15,packages\spdy\lib\spdy\server.js,0,1960
2728,FunctionExpression,nan,-1,2,1,29,18,31,3,packages\spdy\lib\spdy\server.js,0,1961
2729,FunctionExpression,nan,-1,1,0,33,29,35,3,packages\spdy\lib\spdy\server.js,0,1962
2730,MemberExpression,nan,-1,-1,-1,33,2,33,28,packages\spdy\lib\spdy\server.js,0,1963
2731,VariableDeclaration,nan,-1,-1,-1,41,2,41,16,packages\spdy\lib\spdy\server.js,0,1964
2734,VariableDeclaration,nan,-1,-1,-1,46,2,50,3,packages\spdy\lib\spdy\server.js,0,1965
2735,VariableDeclaration,nan,-1,-1,-1,52,2,57,13,packages\spdy\lib\spdy\server.js,0,1966
2737,IfStatement,nan,-1,-1,-1,61,2,65,3,packages\spdy\lib\spdy\server.js,0,1967
2739,VariableDeclaration,nan,-1,-1,-1,70,2,70,62,packages\spdy\lib\spdy\server.js,0,1968
2743,IfStatement,nan,-1,-1,-1,76,2,78,47,packages\spdy\lib\spdy\server.js,0,1969
2744,IfStatement,nan,-1,-1,-1,80,2,82,3,packages\spdy\lib\spdy\server.js,0,1970
2746,VariableDeclaration,nan,-1,-1,-1,88,2,88,29,packages\spdy\lib\spdy\server.js,0,1971
2747,VariableDeclaration,nan,-1,-1,-1,90,2,90,14,packages\spdy\lib\spdy\server.js,0,1972
2748,IfStatement,nan,-1,-1,-1,91,2,93,3,packages\spdy\lib\spdy\server.js,0,1973
2750,VariableDeclaration,nan,-1,-1,-1,99,2,99,29,packages\spdy\lib\spdy\server.js,0,1974
2751,IfStatement,nan,-1,-1,-1,101,2,103,3,packages\spdy\lib\spdy\server.js,0,1975
2753,IfStatement,nan,-1,-1,-1,108,2,111,3,packages\spdy\lib\spdy\server.js,0,1976
2755,VariableDeclaration,nan,-1,-1,-1,115,2,118,37,packages\spdy\lib\spdy\server.js,0,1977
2756,IfStatement,nan,-1,-1,-1,121,2,125,3,packages\spdy\lib\spdy\server.js,0,1978
2758,VariableDeclaration,nan,-1,-1,-1,131,2,131,17,packages\spdy\lib\spdy\server.js,0,1979
2760,ReturnStatement,nan,1,-1,-1,143,4,143,31,packages\spdy\lib\spdy\server.js,0,1980
2761,MemberExpression,nan,-1,-1,-1,142,6,142,17,packages\spdy\lib\spdy\server.js,0,1981
2763,ReturnStatement,nan,1,-1,-1,147,26,147,56,packages\spdy\lib\spdy\server.js,0,1982
2764,MemberExpression,nan,-1,-1,-1,147,6,147,13,packages\spdy\lib\spdy\server.js,0,1983
2766,Identifier,i,-1,-1,-1,150,18,150,19,packages\spdy\lib\spdy\server.js,0,1984
2767,Identifier,avail,-1,-1,-1,150,22,150,27,packages\spdy\lib\spdy\server.js,0,1985
2768,IfStatement,nan,-1,-1,-1,151,4,151,76,packages\spdy\lib\spdy\server.js,0,1986
2769,ReturnStatement,nan,1,-1,-1,155,41,155,69,packages\spdy\lib\spdy\server.js,0,1987
2770,Identifier,avail,-1,-1,-1,155,6,155,11,packages\spdy\lib\spdy\server.js,0,1988
2771,MemberExpression,nan,-1,-1,-1,155,16,155,37,packages\spdy\lib\spdy\server.js,0,1989
2774,Identifier,callback,-1,-1,-1,157,9,157,17,packages\spdy\lib\spdy\server.js,0,1990
2775,VariableDeclaration,nan,-1,-1,-1,161,2,161,54,packages\spdy\lib\spdy\server.js,0,1991
2776,VariableDeclaration,nan,-1,-1,-1,163,2,163,17,packages\spdy\lib\spdy\server.js,0,1992
2779,VariableDeclaration,nan,-1,-1,-1,175,2,175,29,packages\spdy\lib\spdy\server.js,0,1993
2780,ForStatement,nan,-1,-1,-1,177,2,177,92,packages\spdy\lib\spdy\server.js,0,1994
2781,VariableDeclaration,nan,-1,-1,-1,181,2,181,29,packages\spdy\lib\spdy\server.js,0,1995
2782,VariableDeclaration,nan,-1,-1,-1,183,2,183,66,packages\spdy\lib\spdy\server.js,0,1996
2783,VariableDeclaration,nan,-1,-1,-1,185,2,188,3,packages\spdy\lib\spdy\server.js,0,1997
2784,VariableDeclaration,nan,-1,-1,-1,190,2,190,12,packages\spdy\lib\spdy\server.js,0,1998
2785,IfStatement,nan,-1,-1,-1,191,2,195,3,packages\spdy\lib\spdy\server.js,0,1999
2786,IfStatement,nan,-1,-1,-1,203,2,203,62,packages\spdy\lib\spdy\server.js,0,2000
2791,IfStatement,nan,-1,-1,-1,214,2,217,3,packages\spdy\lib\spdy\server.js,0,2001
2792,IfStatement,nan,-1,-1,-1,221,2,229,3,packages\spdy\lib\spdy\server.js,0,2002
2794,IfStatement,nan,-1,-1,-1,235,2,237,3,packages\spdy\lib\spdy\server.js,0,2003
2795,IfStatement,nan,-1,-1,-1,239,2,246,3,packages\spdy\lib\spdy\server.js,0,2004
2796,VariableDeclaration,nan,-1,-1,-1,248,2,248,37,packages\spdy\lib\spdy\server.js,0,2005
2811,ReturnStatement,nan,1,-1,-1,268,2,268,59,packages\spdy\lib\spdy\server.js,0,2006
2812,IfStatement,nan,-1,-1,-1,275,2,279,3,packages\spdy\lib\spdy\server.js,0,2007
2813,IfStatement,nan,-1,-1,-1,281,2,283,3,packages\spdy\lib\spdy\server.js,0,2008
2814,IfStatement,nan,-1,-1,-1,285,2,287,3,packages\spdy\lib\spdy\server.js,0,2009
2815,CallExpression,nan,3,-1,-1,25,4,25,38,packages\spdy\lib\spdy\server.js,0,2010
2816,Identifier,create,-1,-1,-1,29,27,29,33,packages\spdy\lib\spdy\server.js,0,2011
2817,Identifier,options,-1,-1,-1,29,35,29,42,packages\spdy\lib\spdy\server.js,0,2012
2818,Identifier,handler,-1,-1,-1,29,44,29,51,packages\spdy\lib\spdy\server.js,0,2013
2820,BlockStatement,nan,-1,-1,-1,29,53,31,3,packages\spdy\lib\spdy\server.js,0,2014
2821,Identifier,key,-1,-1,-1,33,39,33,42,packages\spdy\lib\spdy\server.js,0,2015
2823,BlockStatement,nan,-1,-1,-1,33,44,35,3,packages\spdy\lib\spdy\server.js,0,2016
2824,AssignmentExpression,nan,-1,-1,-1,42,2,42,25,packages\spdy\lib\spdy\server.js,0,2017
2825,AssignmentExpression,nan,-1,-1,-1,44,2,44,36,packages\spdy\lib\spdy\server.js,0,2018
2826,AssignmentExpression,nan,-1,-1,-1,59,2,59,43,packages\spdy\lib\spdy\server.js,0,2019
2827,BlockStatement,nan,-1,-1,-1,61,20,63,3,packages\spdy\lib\spdy\server.js,0,2020
2828,MemberExpression,nan,-1,-1,-1,61,6,61,18,packages\spdy\lib\spdy\server.js,0,2021
2829,AssignmentExpression,nan,-1,-1,-1,68,2,68,31,packages\spdy\lib\spdy\server.js,0,2022
2830,AssignmentExpression,nan,-1,-1,-1,72,2,72,49,packages\spdy\lib\spdy\server.js,0,2023
2831,CallExpression,nan,2,-1,-1,73,2,73,78,packages\spdy\lib\spdy\server.js,0,2024
2832,CallExpression,nan,1,-1,-1,74,2,74,32,packages\spdy\lib\spdy\server.js,0,2025
2833,BlockStatement,nan,-1,-1,-1,76,27,78,3,packages\spdy\lib\spdy\server.js,0,2026
2834,MemberExpression,nan,-1,-1,-1,76,6,76,25,packages\spdy\lib\spdy\server.js,0,2027
2835,BlockStatement,nan,-1,-1,-1,80,15,82,3,packages\spdy\lib\spdy\server.js,0,2028
2836,Identifier,handler,-1,-1,-1,80,6,80,13,packages\spdy\lib\spdy\server.js,0,2029
2837,CallExpression,nan,2,-1,-1,84,2,84,46,packages\spdy\lib\spdy\server.js,0,2030
2838,BlockStatement,nan,-1,-1,-1,91,20,93,3,packages\spdy\lib\spdy\server.js,0,2031
2839,MemberExpression,nan,-1,-1,-1,91,6,91,18,packages\spdy\lib\spdy\server.js,0,2032
2840,CallExpression,nan,2,-1,-1,95,2,95,42,packages\spdy\lib\spdy\server.js,0,2033
2841,BlockStatement,nan,-1,-1,-1,101,17,103,3,packages\spdy\lib\spdy\server.js,0,2034
2842,UnaryExpression,nan,1,-1,-1,101,6,101,15,packages\spdy\lib\spdy\server.js,0,2035
2843,CallExpression,nan,2,-1,-1,105,2,105,48,packages\spdy\lib\spdy\server.js,0,2036
2844,BlockStatement,nan,-1,-1,-1,108,71,111,3,packages\spdy\lib\spdy\server.js,0,2037
2845,LogicalExpression,nan,-1,-1,-1,108,6,108,69,packages\spdy\lib\spdy\server.js,0,2038
2846,CallExpression,nan,1,-1,-1,113,2,113,25,packages\spdy\lib\spdy\server.js,0,2039
2847,BlockStatement,nan,-1,-1,-1,121,28,121,51,packages\spdy\lib\spdy\server.js,0,2040
2849,CallExpression,nan,2,-1,-1,127,2,129,4,packages\spdy\lib\spdy\server.js,0,2041
2850,CallExpression,nan,2,-1,-1,132,2,134,4,packages\spdy\lib\spdy\server.js,0,2042
2851,CallExpression,nan,2,-1,-1,143,11,143,31,packages\spdy\lib\spdy\server.js,0,2043
2852,CallExpression,nan,2,-1,-1,147,33,147,55,packages\spdy\lib\spdy\server.js,0,2044
2853,BlockStatement,nan,-1,-1,-1,151,39,151,76,packages\spdy\lib\spdy\server.js,0,2045
2855,CallExpression,nan,2,-1,-1,155,48,155,68,packages\spdy\lib\spdy\server.js,0,2046
2856,CallExpression,nan,2,-1,-1,164,2,166,4,packages\spdy\lib\spdy\server.js,0,2047
2857,CallExpression,nan,2,-1,-1,168,2,171,4,packages\spdy\lib\spdy\server.js,0,2048
2859,BlockStatement,nan,-1,-1,-1,177,51,177,92,packages\spdy\lib\spdy\server.js,0,2049
2860,BlockStatement,nan,-1,-1,-1,191,20,193,3,packages\spdy\lib\spdy\server.js,0,2050
2861,MemberExpression,nan,-1,-1,-1,191,6,191,18,packages\spdy\lib\spdy\server.js,0,2051
2862,BlockStatement,nan,-1,-1,-1,203,38,203,62,packages\spdy\lib\spdy\server.js,0,2052
2864,CallExpression,nan,1,-1,-1,205,2,205,29,packages\spdy\lib\spdy\server.js,0,2053
2865,AssignmentExpression,nan,-1,-1,-1,208,2,208,24,packages\spdy\lib\spdy\server.js,0,2054
2866,AssignmentExpression,nan,-1,-1,-1,209,2,209,24,packages\spdy\lib\spdy\server.js,0,2055
2867,CallExpression,nan,1,-1,-1,211,2,211,29,packages\spdy\lib\spdy\server.js,0,2056
2868,BlockStatement,nan,-1,-1,-1,214,37,217,3,packages\spdy\lib\spdy\server.js,0,2057
2870,BlockStatement,nan,-1,-1,-1,223,49,229,3,packages\spdy\lib\spdy\server.js,0,2058
2871,LogicalExpression,nan,-1,-1,-1,221,6,223,47,packages\spdy\lib\spdy\server.js,0,2059
2872,CallExpression,nan,0,-1,-1,231,2,231,22,packages\spdy\lib\spdy\server.js,0,2060
2873,BlockStatement,nan,-1,-1,-1,235,56,237,3,packages\spdy\lib\spdy\server.js,0,2061
2874,LogicalExpression,nan,-1,-1,-1,235,6,235,54,packages\spdy\lib\spdy\server.js,0,2062
2875,BlockStatement,nan,-1,-1,-1,239,52,246,3,packages\spdy\lib\spdy\server.js,0,2063
2876,UnaryExpression,nan,1,-1,-1,239,6,239,50,packages\spdy\lib\spdy\server.js,0,2064
2877,AssignmentExpression,nan,-1,-1,-1,250,2,250,19,packages\spdy\lib\spdy\server.js,0,2065
2878,AssignmentExpression,nan,-1,-1,-1,251,2,251,62,packages\spdy\lib\spdy\server.js,0,2066
2879,AssignmentExpression,nan,-1,-1,-1,252,2,252,19,packages\spdy\lib\spdy\server.js,0,2067
2880,AssignmentExpression,nan,-1,-1,-1,253,2,253,35,packages\spdy\lib\spdy\server.js,0,2068
2881,AssignmentExpression,nan,-1,-1,-1,254,2,254,37,packages\spdy\lib\spdy\server.js,0,2069
2882,CallExpression,nan,1,-1,-1,256,2,256,27,packages\spdy\lib\spdy\server.js,0,2070
2883,AssignmentExpression,nan,-1,-1,-1,257,2,257,41,packages\spdy\lib\spdy\server.js,0,2071
2884,AssignmentExpression,nan,-1,-1,-1,258,2,258,29,packages\spdy\lib\spdy\server.js,0,2072
2885,AssignmentExpression,nan,-1,-1,-1,259,2,259,31,packages\spdy\lib\spdy\server.js,0,2073
2886,AssignmentExpression,nan,-1,-1,-1,260,2,260,49,packages\spdy\lib\spdy\server.js,0,2074
2887,AssignmentExpression,nan,-1,-1,-1,261,2,261,37,packages\spdy\lib\spdy\server.js,0,2075
2888,AssignmentExpression,nan,-1,-1,-1,263,2,263,16,packages\spdy\lib\spdy\server.js,0,2076
2889,CallExpression,nan,1,-1,-1,265,2,265,27,packages\spdy\lib\spdy\server.js,0,2077
2890,CallExpression,nan,1,-1,-1,266,2,266,28,packages\spdy\lib\spdy\server.js,0,2078
2891,CallExpression,nan,2,-1,-1,268,9,268,59,packages\spdy\lib\spdy\server.js,0,2079
2892,BlockStatement,nan,-1,-1,-1,275,32,279,3,packages\spdy\lib\spdy\server.js,0,2080
2894,BlockStatement,nan,-1,-1,-1,281,12,283,3,packages\spdy\lib\spdy\server.js,0,2081
2895,Identifier,base,-1,-1,-1,281,6,281,10,packages\spdy\lib\spdy\server.js,0,2082
2896,BlockStatement,nan,-1,-1,-1,285,42,285,97,packages\spdy\lib\spdy\server.js,0,2083
2897,LogicalExpression,nan,-1,-1,-1,285,6,285,40,packages\spdy\lib\spdy\server.js,0,2084
2898,Identifier,base,-1,-1,-1,25,15,25,19,packages\spdy\lib\spdy\server.js,0,2085
2899,Identifier,options,-1,-1,-1,25,21,25,28,packages\spdy\lib\spdy\server.js,0,2086
2900,Identifier,handler,-1,-1,-1,25,30,25,37,packages\spdy\lib\spdy\server.js,0,2087
2901,MemberExpression,nan,-1,-1,-1,25,4,25,14,packages\spdy\lib\spdy\server.js,0,2088
2902,ReturnStatement,nan,1,-1,-1,30,4,30,39,packages\spdy\lib\spdy\server.js,0,2089
2904,MemberExpression,nan,-1,-1,-1,42,2,42,17,packages\spdy\lib\spdy\server.js,0,2090
2905,Identifier,state,-1,-1,-1,42,20,42,25,packages\spdy\lib\spdy\server.js,0,2091
2906,MemberExpression,nan,-1,-1,-1,44,2,44,15,packages\spdy\lib\spdy\server.js,0,2092
2907,LogicalExpression,nan,-1,-1,-1,44,18,44,36,packages\spdy\lib\spdy\server.js,0,2093
2908,MemberExpression,nan,-1,-1,-1,59,2,59,14,packages\spdy\lib\spdy\server.js,0,2094
2911,MemberExpression,nan,-1,-1,-1,68,2,68,24,packages\spdy\lib\spdy\server.js,0,2095
2913,MemberExpression,nan,-1,-1,-1,72,2,72,17,packages\spdy\lib\spdy\server.js,0,2096
2914,CallExpression,nan,0,-1,-1,72,20,72,49,packages\spdy\lib\spdy\server.js,0,2097
2917,Identifier,assert,-1,-1,-1,73,2,73,8,packages\spdy\lib\spdy\server.js,0,2098
2918,Identifier,event,-1,-1,-1,74,26,74,31,packages\spdy\lib\spdy\server.js,0,2099
2919,MemberExpression,nan,-1,-1,-1,74,2,74,25,packages\spdy\lib\spdy\server.js,0,2100
2923,MemberExpression,nan,-1,-1,-1,84,33,84,45,packages\spdy\lib\spdy\server.js,0,2101
2924,Identifier,debug,-1,-1,-1,84,2,84,7,packages\spdy\lib\spdy\server.js,0,2102
2926,Identifier,socket,-1,-1,-1,95,25,95,31,packages\spdy\lib\spdy\server.js,0,2103
2927,Identifier,protocol,-1,-1,-1,95,33,95,41,packages\spdy\lib\spdy\server.js,0,2104
2928,MemberExpression,nan,-1,-1,-1,95,2,95,24,packages\spdy\lib\spdy\server.js,0,2105
2930,Identifier,protocol,-1,-1,-1,101,7,101,15,packages\spdy\lib\spdy\server.js,0,2106
2932,Identifier,protocol,-1,-1,-1,105,39,105,47,packages\spdy\lib\spdy\server.js,0,2107
2933,Identifier,debug,-1,-1,-1,105,2,105,7,packages\spdy\lib\spdy\server.js,0,2108
2935,ReturnStatement,nan,1,-1,-1,110,4,110,38,packages\spdy\lib\spdy\server.js,0,2109
2936,LogicalExpression,nan,-1,-1,-1,108,6,108,42,packages\spdy\lib\spdy\server.js,0,2110
2939,MemberExpression,nan,-1,-1,-1,113,2,113,19,packages\spdy\lib\spdy\server.js,0,2111
2941,Identifier,protocol,-1,-1,-1,121,6,121,14,packages\spdy\lib\spdy\server.js,0,2112
2944,FunctionExpression,nan,-1,0,0,127,25,129,3,packages\spdy\lib\spdy\server.js,0,2113
2945,MemberExpression,nan,-1,-1,-1,127,2,127,15,packages\spdy\lib\spdy\server.js,0,2114
2947,FunctionExpression,nan,-1,1,0,132,26,134,3,packages\spdy\lib\spdy\server.js,0,2115
2948,MemberExpression,nan,-1,-1,-1,132,2,132,15,packages\spdy\lib\spdy\server.js,0,2116
2951,Identifier,callback,-1,-1,-1,143,11,143,19,packages\spdy\lib\spdy\server.js,0,2117
2954,Identifier,callback,-1,-1,-1,147,33,147,41,packages\spdy\lib\spdy\server.js,0,2118
2955,ReturnStatement,nan,1,-1,-1,151,41,151,75,packages\spdy\lib\spdy\server.js,0,2119
2956,MemberExpression,nan,-1,-1,-1,151,8,151,15,packages\spdy\lib\spdy\server.js,0,2120
2957,MemberExpression,nan,-1,-1,-1,151,20,151,37,packages\spdy\lib\spdy\server.js,0,2121
2960,Identifier,callback,-1,-1,-1,155,48,155,56,packages\spdy\lib\spdy\server.js,0,2122
2962,FunctionExpression,nan,-1,2,0,164,20,166,3,packages\spdy\lib\spdy\server.js,0,2123
2963,MemberExpression,nan,-1,-1,-1,164,2,164,9,packages\spdy\lib\spdy\server.js,0,2124
2965,FunctionExpression,nan,-1,1,0,168,19,171,3,packages\spdy\lib\spdy\server.js,0,2125
2966,MemberExpression,nan,-1,-1,-1,168,2,168,9,packages\spdy\lib\spdy\server.js,0,2126
2967,Identifier,i,-1,-1,-1,177,18,177,19,packages\spdy\lib\spdy\server.js,0,2127
2968,MemberExpression,nan,-1,-1,-1,177,22,177,44,packages\spdy\lib\spdy\server.js,0,2128
2972,MemberExpression,nan,-1,-1,-1,203,6,203,30,packages\spdy\lib\spdy\server.js,0,2129
2974,Identifier,socket,-1,-1,-1,205,22,205,28,packages\spdy\lib\spdy\server.js,0,2130
2975,MemberExpression,nan,-1,-1,-1,205,2,205,21,packages\spdy\lib\spdy\server.js,0,2131
2976,MemberExpression,nan,-1,-1,-1,208,2,208,17,packages\spdy\lib\spdy\server.js,0,2132
2978,MemberExpression,nan,-1,-1,-1,209,2,209,17,packages\spdy\lib\spdy\server.js,0,2133
2980,Identifier,socket,-1,-1,-1,211,22,211,28,packages\spdy\lib\spdy\server.js,0,2134
2981,MemberExpression,nan,-1,-1,-1,211,2,211,21,packages\spdy\lib\spdy\server.js,0,2135
2983,MemberExpression,nan,-1,-1,-1,214,6,214,30,packages\spdy\lib\spdy\server.js,0,2136
2986,LogicalExpression,nan,-1,-1,-1,221,6,222,49,packages\spdy\lib\spdy\server.js,0,2137
2988,MemberExpression,nan,-1,-1,-1,231,2,231,20,packages\spdy\lib\spdy\server.js,0,2138
2989,ReturnStatement,nan,1,-1,-1,236,4,236,61,packages\spdy\lib\spdy\server.js,0,2139
2997,ReturnStatement,nan,1,-1,-1,245,4,245,61,packages\spdy\lib\spdy\server.js,0,2140
2999,MemberExpression,nan,-1,-1,-1,250,2,250,12,packages\spdy\lib\spdy\server.js,0,2141
3001,MemberExpression,nan,-1,-1,-1,251,2,251,17,packages\spdy\lib\spdy\server.js,0,2142
3002,CallExpression,nan,0,-1,-1,251,20,251,62,packages\spdy\lib\spdy\server.js,0,2143
3003,MemberExpression,nan,-1,-1,-1,252,2,252,12,packages\spdy\lib\spdy\server.js,0,2144
3005,MemberExpression,nan,-1,-1,-1,253,2,253,17,packages\spdy\lib\spdy\server.js,0,2145
3006,MemberExpression,nan,-1,-1,-1,253,20,253,35,packages\spdy\lib\spdy\server.js,0,2146
3007,MemberExpression,nan,-1,-1,-1,254,2,254,16,packages\spdy\lib\spdy\server.js,0,2147
3008,CallExpression,nan,0,-1,-1,254,19,254,37,packages\spdy\lib\spdy\server.js,0,2148
3010,Identifier,debug,-1,-1,-1,256,2,256,7,packages\spdy\lib\spdy\server.js,0,2149
3011,MemberExpression,nan,-1,-1,-1,257,2,257,15,packages\spdy\lib\spdy\server.js,0,2150
3012,MemberExpression,nan,-1,-1,-1,257,18,257,41,packages\spdy\lib\spdy\server.js,0,2151
3013,MemberExpression,nan,-1,-1,-1,258,2,258,9,packages\spdy\lib\spdy\server.js,0,2152
3014,MemberExpression,nan,-1,-1,-1,258,12,258,29,packages\spdy\lib\spdy\server.js,0,2153
3015,MemberExpression,nan,-1,-1,-1,259,2,259,10,packages\spdy\lib\spdy\server.js,0,2154
3016,MemberExpression,nan,-1,-1,-1,259,13,259,31,packages\spdy\lib\spdy\server.js,0,2155
3017,MemberExpression,nan,-1,-1,-1,260,2,260,19,packages\spdy\lib\spdy\server.js,0,2156
3018,MemberExpression,nan,-1,-1,-1,260,22,260,49,packages\spdy\lib\spdy\server.js,0,2157
3019,MemberExpression,nan,-1,-1,-1,261,2,261,16,packages\spdy\lib\spdy\server.js,0,2158
3020,CallExpression,nan,0,-1,-1,261,19,261,37,packages\spdy\lib\spdy\server.js,0,2159
3021,MemberExpression,nan,-1,-1,-1,263,2,263,10,packages\spdy\lib\spdy\server.js,0,2160
3022,Identifier,req,-1,-1,-1,263,13,263,16,packages\spdy\lib\spdy\server.js,0,2161
3023,Identifier,req,-1,-1,-1,265,23,265,26,packages\spdy\lib\spdy\server.js,0,2162
3024,MemberExpression,nan,-1,-1,-1,265,2,265,22,packages\spdy\lib\spdy\server.js,0,2163
3025,Identifier,res,-1,-1,-1,266,24,266,27,packages\spdy\lib\spdy\server.js,0,2164
3026,MemberExpression,nan,-1,-1,-1,266,2,266,23,packages\spdy\lib\spdy\server.js,0,2165
3027,ThisExpression,nan,-1,-1,-1,268,43,268,47,packages\spdy\lib\spdy\server.js,0,2166
3028,Identifier,arguments,-1,-1,-1,268,49,268,58,packages\spdy\lib\spdy\server.js,0,2167
3029,MemberExpression,nan,-1,-1,-1,268,9,268,42,packages\spdy\lib\spdy\server.js,0,2168
3033,UnaryExpression,nan,1,-1,-1,275,6,275,17,packages\spdy\lib\spdy\server.js,0,2169
3035,ReturnStatement,nan,1,-1,-1,282,4,282,53,packages\spdy\lib\spdy\server.js,0,2170
3036,ReturnStatement,nan,1,-1,-1,285,44,285,96,packages\spdy\lib\spdy\server.js,0,2171
3037,MemberExpression,nan,-1,-1,-1,285,6,285,18,packages\spdy\lib\spdy\server.js,0,2172
3038,MemberExpression,nan,-1,-1,-1,285,22,285,40,packages\spdy\lib\spdy\server.js,0,2173
3039,NewExpression,nan,2,-1,-1,30,11,30,39,packages\spdy\lib\spdy\server.js,0,2174
3040,AssignmentExpression,nan,-1,-1,-1,34,4,34,38,packages\spdy\lib\spdy\server.js,0,2175
3041,MemberExpression,nan,-1,-1,-1,44,18,44,30,packages\spdy\lib\spdy\server.js,0,2176
3042,ObjectExpression,nan,-1,-1,-1,44,34,44,36,packages\spdy\lib\spdy\server.js,0,2177
3043,ThisExpression,nan,-1,-1,-1,59,17,59,21,packages\spdy\lib\spdy\server.js,0,2178
3044,MemberExpression,nan,-1,-1,-1,59,33,59,43,packages\spdy\lib\spdy\server.js,0,2179
3045,CallExpression,nan,2,-1,-1,62,4,62,34,packages\spdy\lib\spdy\server.js,0,2180
3046,MemberExpression,nan,-1,-1,-1,72,20,72,47,packages\spdy\lib\spdy\server.js,0,2181
3047,MemberExpression,nan,-1,-1,-1,73,9,73,31,packages\spdy\lib\spdy\server.js,0,2182
3049,CallExpression,nan,2,-1,-1,77,4,77,43,packages\spdy\lib\spdy\server.js,0,2183
3050,CallExpression,nan,2,-1,-1,81,4,81,31,packages\spdy\lib\spdy\server.js,0,2184
3051,AssignmentExpression,nan,-1,-1,-1,92,4,92,56,packages\spdy\lib\spdy\server.js,0,2185
3052,AssignmentExpression,nan,-1,-1,-1,102,4,102,37,packages\spdy\lib\spdy\server.js,0,2186
3053,CallExpression,nan,1,-1,-1,109,4,109,39,packages\spdy\lib\spdy\server.js,0,2187
3054,CallExpression,nan,1,-1,-1,110,11,110,38,packages\spdy\lib\spdy\server.js,0,2188
3055,UnaryExpression,nan,1,-1,-1,108,6,108,15,packages\spdy\lib\spdy\server.js,0,2189
3057,Identifier,protocol,-1,-1,-1,108,46,108,54,packages\spdy\lib\spdy\server.js,0,2190
3059,CallExpression,nan,1,-1,-1,121,30,121,49,packages\spdy\lib\spdy\server.js,0,2191
3061,BlockStatement,nan,-1,-1,-1,127,37,129,3,packages\spdy\lib\spdy\server.js,0,2192
3062,Identifier,stream,-1,-1,-1,132,36,132,42,packages\spdy\lib\spdy\server.js,0,2193
3064,BlockStatement,nan,-1,-1,-1,132,44,134,3,packages\spdy\lib\spdy\server.js,0,2194
3065,CallExpression,nan,2,-1,-1,151,48,151,74,packages\spdy\lib\spdy\server.js,0,2195
3066,Identifier,protocol,-1,-1,-1,164,30,164,38,packages\spdy\lib\spdy\server.js,0,2196
3067,Identifier,socket,-1,-1,-1,164,40,164,46,packages\spdy\lib\spdy\server.js,0,2197
3069,BlockStatement,nan,-1,-1,-1,164,48,166,3,packages\spdy\lib\spdy\server.js,0,2198
3070,Identifier,err,-1,-1,-1,168,29,168,32,packages\spdy\lib\spdy\server.js,0,2199
3072,BlockStatement,nan,-1,-1,-1,168,34,171,3,packages\spdy\lib\spdy\server.js,0,2200
3073,CallExpression,nan,2,-1,-1,177,53,177,90,packages\spdy\lib\spdy\server.js,0,2201
3074,AssignmentExpression,nan,-1,-1,-1,192,4,192,69,packages\spdy\lib\spdy\server.js,0,2202
3075,AssignmentExpression,nan,-1,-1,-1,203,40,203,60,packages\spdy\lib\spdy\server.js,0,2203
3076,AssignmentExpression,nan,-1,-1,-1,216,4,216,62,packages\spdy\lib\spdy\server.js,0,2204
3077,CallExpression,nan,2,-1,-1,224,4,228,6,packages\spdy\lib\spdy\server.js,0,2205
3079,CallExpression,nan,1,-1,-1,222,6,222,49,packages\spdy\lib\spdy\server.js,0,2206
3080,CallExpression,nan,1,-1,-1,223,6,223,41,packages\spdy\lib\spdy\server.js,0,2207
3082,CallExpression,nan,2,-1,-1,236,11,236,61,packages\spdy\lib\spdy\server.js,0,2208
3083,Identifier,event,-1,-1,-1,235,6,235,11,packages\spdy\lib\spdy\server.js,0,2209
3085,Identifier,event,-1,-1,-1,235,29,235,34,packages\spdy\lib\spdy\server.js,0,2210
3087,CallExpression,nan,1,-1,-1,240,4,240,29,packages\spdy\lib\spdy\server.js,0,2211
3088,AssignmentExpression,nan,-1,-1,-1,241,4,241,22,packages\spdy\lib\spdy\server.js,0,2212
3089,AssignmentExpression,nan,-1,-1,-1,242,4,242,23,packages\spdy\lib\spdy\server.js,0,2213
3090,AssignmentExpression,nan,-1,-1,-1,243,4,243,22,packages\spdy\lib\spdy\server.js,0,2214
3091,AssignmentExpression,nan,-1,-1,-1,244,4,244,23,packages\spdy\lib\spdy\server.js,0,2215
3092,CallExpression,nan,2,-1,-1,245,11,245,61,packages\spdy\lib\spdy\server.js,0,2216
3093,MemberExpression,nan,-1,-1,-1,239,8,239,26,packages\spdy\lib\spdy\server.js,0,2217
3094,MemberExpression,nan,-1,-1,-1,239,38,239,49,packages\spdy\lib\spdy\server.js,0,2218
3095,MemberExpression,nan,-1,-1,-1,251,20,251,60,packages\spdy\lib\spdy\server.js,0,2219
3096,MemberExpression,nan,-1,-1,-1,254,19,254,35,packages\spdy\lib\spdy\server.js,0,2220
3097,MemberExpression,nan,-1,-1,-1,261,19,261,35,packages\spdy\lib\spdy\server.js,0,2221
3098,AssignmentExpression,nan,-1,-1,-1,276,4,276,21,packages\spdy\lib\spdy\server.js,0,2222
3099,AssignmentExpression,nan,-1,-1,-1,277,4,277,18,packages\spdy\lib\spdy\server.js,0,2223
3100,AssignmentExpression,nan,-1,-1,-1,278,4,278,15,packages\spdy\lib\spdy\server.js,0,2224
3101,Identifier,base,-1,-1,-1,275,13,275,17,packages\spdy\lib\spdy\server.js,0,2225
3102,CallExpression,nan,2,-1,-1,282,11,282,53,packages\spdy\lib\spdy\server.js,0,2226
3103,CallExpression,nan,2,-1,-1,285,51,285,95,packages\spdy\lib\spdy\server.js,0,2227
3104,Identifier,options,-1,-1,-1,30,22,30,29,packages\spdy\lib\spdy\server.js,0,2228
3105,Identifier,handler,-1,-1,-1,30,31,30,38,packages\spdy\lib\spdy\server.js,0,2229
3106,Identifier,Server,-1,-1,-1,30,15,30,21,packages\spdy\lib\spdy\server.js,0,2230
3107,MemberExpression,nan,-1,-1,-1,34,4,34,25,packages\spdy\lib\spdy\server.js,0,2231
3108,MemberExpression,nan,-1,-1,-1,34,28,34,38,packages\spdy\lib\spdy\server.js,0,2232
3109,ThisExpression,nan,-1,-1,-1,62,14,62,18,packages\spdy\lib\spdy\server.js,0,2233
3110,Identifier,actualOptions,-1,-1,-1,62,20,62,33,packages\spdy\lib\spdy\server.js,0,2234
3111,MemberExpression,nan,-1,-1,-1,62,4,62,13,packages\spdy\lib\spdy\server.js,0,2235
3112,Identifier,event,-1,-1,-1,77,12,77,17,packages\spdy\lib\spdy\server.js,0,2236
3113,MemberExpression,nan,-1,-1,-1,77,19,77,42,packages\spdy\lib\spdy\server.js,0,2237
3114,MemberExpression,nan,-1,-1,-1,77,4,77,11,packages\spdy\lib\spdy\server.js,0,2238
3116,Identifier,handler,-1,-1,-1,81,23,81,30,packages\spdy\lib\spdy\server.js,0,2239
3117,MemberExpression,nan,-1,-1,-1,81,4,81,11,packages\spdy\lib\spdy\server.js,0,2240
3118,Identifier,protocol,-1,-1,-1,92,4,92,12,packages\spdy\lib\spdy\server.js,0,2241
3119,LogicalExpression,nan,-1,-1,-1,92,15,92,56,packages\spdy\lib\spdy\server.js,0,2242
3120,Identifier,protocol,-1,-1,-1,102,4,102,12,packages\spdy\lib\spdy\server.js,0,2243
3121,MemberExpression,nan,-1,-1,-1,102,15,102,37,packages\spdy\lib\spdy\server.js,0,2244
3123,Identifier,debug,-1,-1,-1,109,4,109,9,packages\spdy\lib\spdy\server.js,0,2245
3124,Identifier,socket,-1,-1,-1,110,31,110,37,packages\spdy\lib\spdy\server.js,0,2246
3125,MemberExpression,nan,-1,-1,-1,110,11,110,30,packages\spdy\lib\spdy\server.js,0,2247
3126,Identifier,protocol,-1,-1,-1,108,7,108,15,packages\spdy\lib\spdy\server.js,0,2248
3127,Identifier,protocol,-1,-1,-1,108,19,108,27,packages\spdy\lib\spdy\server.js,0,2249
3130,MemberExpression,nan,-1,-1,-1,121,30,121,46,packages\spdy\lib\spdy\server.js,0,2250
3135,Identifier,callback,-1,-1,-1,151,48,151,56,packages\spdy\lib\spdy\server.js,0,2251
3139,ThisExpression,nan,-1,-1,-1,177,77,177,81,packages\spdy\lib\spdy\server.js,0,2252
3140,Identifier,socket,-1,-1,-1,177,83,177,89,packages\spdy\lib\spdy\server.js,0,2253
3141,MemberExpression,nan,-1,-1,-1,177,53,177,76,packages\spdy\lib\spdy\server.js,0,2254
3142,Identifier,socket,-1,-1,-1,192,4,192,10,packages\spdy\lib\spdy\server.js,0,2255
3143,NewExpression,nan,2,-1,-1,192,13,192,69,packages\spdy\lib\spdy\server.js,0,2256
3144,MemberExpression,nan,-1,-1,-1,203,40,203,53,packages\spdy\lib\spdy\server.js,0,2257
3145,ThisExpression,nan,-1,-1,-1,203,56,203,60,packages\spdy\lib\spdy\server.js,0,2258
3146,MemberExpression,nan,-1,-1,-1,216,4,216,22,packages\spdy\lib\spdy\server.js,0,2259
3147,CallExpression,nan,1,-1,-1,216,25,216,62,packages\spdy\lib\spdy\server.js,0,2260
3149,FunctionExpression,nan,-1,2,0,224,31,228,5,packages\spdy\lib\spdy\server.js,0,2261
3150,MemberExpression,nan,-1,-1,-1,224,4,224,13,packages\spdy\lib\spdy\server.js,0,2262
3151,MemberExpression,nan,-1,-1,-1,221,6,221,27,packages\spdy\lib\spdy\server.js,0,2263
3152,Identifier,undefined,-1,-1,-1,221,32,221,41,packages\spdy\lib\spdy\server.js,0,2264
3153,MemberExpression,nan,-1,-1,-1,222,27,222,48,packages\spdy\lib\spdy\server.js,0,2265
3154,MemberExpression,nan,-1,-1,-1,222,6,222,26,packages\spdy\lib\spdy\server.js,0,2266
3156,MemberExpression,nan,-1,-1,-1,223,6,223,24,packages\spdy\lib\spdy\server.js,0,2267
3157,ThisExpression,nan,-1,-1,-1,236,45,236,49,packages\spdy\lib\spdy\server.js,0,2268
3158,Identifier,arguments,-1,-1,-1,236,51,236,60,packages\spdy\lib\spdy\server.js,0,2269
3159,MemberExpression,nan,-1,-1,-1,236,11,236,44,packages\spdy\lib\spdy\server.js,0,2270
3161,Identifier,debug,-1,-1,-1,240,4,240,9,packages\spdy\lib\spdy\server.js,0,2271
3162,MemberExpression,nan,-1,-1,-1,241,4,241,14,packages\spdy\lib\spdy\server.js,0,2272
3164,MemberExpression,nan,-1,-1,-1,242,4,242,19,packages\spdy\lib\spdy\server.js,0,2273
3166,MemberExpression,nan,-1,-1,-1,243,4,243,14,packages\spdy\lib\spdy\server.js,0,2274
3168,MemberExpression,nan,-1,-1,-1,244,4,244,19,packages\spdy\lib\spdy\server.js,0,2275
3170,ThisExpression,nan,-1,-1,-1,245,45,245,49,packages\spdy\lib\spdy\server.js,0,2276
3171,Identifier,arguments,-1,-1,-1,245,51,245,60,packages\spdy\lib\spdy\server.js,0,2277
3172,MemberExpression,nan,-1,-1,-1,245,11,245,44,packages\spdy\lib\spdy\server.js,0,2278
3173,Identifier,handler,-1,-1,-1,276,4,276,11,packages\spdy\lib\spdy\server.js,0,2279
3174,Identifier,options,-1,-1,-1,276,14,276,21,packages\spdy\lib\spdy\server.js,0,2280
3175,Identifier,options,-1,-1,-1,277,4,277,11,packages\spdy\lib\spdy\server.js,0,2281
3176,Identifier,base,-1,-1,-1,277,14,277,18,packages\spdy\lib\spdy\server.js,0,2282
3177,Identifier,base,-1,-1,-1,278,4,278,8,packages\spdy\lib\spdy\server.js,0,2283
3179,Identifier,options,-1,-1,-1,282,36,282,43,packages\spdy\lib\spdy\server.js,0,2284
3180,Identifier,handler,-1,-1,-1,282,45,282,52,packages\spdy\lib\spdy\server.js,0,2285
3181,MemberExpression,nan,-1,-1,-1,282,11,282,35,packages\spdy\lib\spdy\server.js,0,2286
3182,Identifier,options,-1,-1,-1,285,78,285,85,packages\spdy\lib\spdy\server.js,0,2287
3183,Identifier,handler,-1,-1,-1,285,87,285,94,packages\spdy\lib\spdy\server.js,0,2288
3184,MemberExpression,nan,-1,-1,-1,285,51,285,77,packages\spdy\lib\spdy\server.js,0,2289
3185,MemberExpression,nan,-1,-1,-1,92,15,92,33,packages\spdy\lib\spdy\server.js,0,2290
3186,MemberExpression,nan,-1,-1,-1,92,37,92,56,packages\spdy\lib\spdy\server.js,0,2291
3187,CallExpression,nan,0,-1,-1,128,4,128,20,packages\spdy\lib\spdy\server.js,0,2292
3188,CallExpression,nan,1,-1,-1,133,4,133,26,packages\spdy\lib\spdy\server.js,0,2293
3189,CallExpression,nan,2,-1,-1,165,4,165,44,packages\spdy\lib\spdy\server.js,0,2294
3190,CallExpression,nan,2,-1,-1,169,4,169,39,packages\spdy\lib\spdy\server.js,0,2295
3191,CallExpression,nan,0,-1,-1,170,4,170,20,packages\spdy\lib\spdy\server.js,0,2296
3192,MemberExpression,nan,-1,-1,-1,192,29,192,53,packages\spdy\lib\spdy\server.js,0,2297
3193,Identifier,socketOptions,-1,-1,-1,192,55,192,68,packages\spdy\lib\spdy\server.js,0,2298
3194,MemberExpression,nan,-1,-1,-1,192,17,192,28,packages\spdy\lib\spdy\server.js,0,2299
3195,ThisExpression,nan,-1,-1,-1,216,57,216,61,packages\spdy\lib\spdy\server.js,0,2300
3196,MemberExpression,nan,-1,-1,-1,216,25,216,56,packages\spdy\lib\spdy\server.js,0,2301
3197,Identifier,req,-1,-1,-1,224,41,224,44,packages\spdy\lib\spdy\server.js,0,2302
3198,Identifier,res,-1,-1,-1,224,46,224,49,packages\spdy\lib\spdy\server.js,0,2303
3200,BlockStatement,nan,-1,-1,-1,224,51,228,5,packages\spdy\lib\spdy\server.js,0,2304
3201,MemberExpression,nan,-1,-1,-1,128,4,128,18,packages\spdy\lib\spdy\server.js,0,2305
3202,Identifier,stream,-1,-1,-1,133,19,133,25,packages\spdy\lib\spdy\server.js,0,2306
3203,MemberExpression,nan,-1,-1,-1,133,4,133,18,packages\spdy\lib\spdy\server.js,0,2307
3204,Identifier,socket,-1,-1,-1,165,27,165,33,packages\spdy\lib\spdy\server.js,0,2308
3205,Identifier,protocol,-1,-1,-1,165,35,165,43,packages\spdy\lib\spdy\server.js,0,2309
3206,MemberExpression,nan,-1,-1,-1,165,4,165,26,packages\spdy\lib\spdy\server.js,0,2310
3208,MemberExpression,nan,-1,-1,-1,169,27,169,38,packages\spdy\lib\spdy\server.js,0,2311
3209,Identifier,debug,-1,-1,-1,169,4,169,9,packages\spdy\lib\spdy\server.js,0,2312
3210,MemberExpression,nan,-1,-1,-1,170,4,170,18,packages\spdy\lib\spdy\server.js,0,2313
3213,CallExpression,nan,0,-1,-1,225,6,225,25,packages\spdy\lib\spdy\server.js,0,2314
3214,CallExpression,nan,3,-1,-1,227,6,227,36,packages\spdy\lib\spdy\server.js,0,2315
3215,MemberExpression,nan,-1,-1,-1,225,6,225,23,packages\spdy\lib\spdy\server.js,0,2316
3217,Identifier,req,-1,-1,-1,227,27,227,30,packages\spdy\lib\spdy\server.js,0,2317
3218,Identifier,res,-1,-1,-1,227,32,227,35,packages\spdy\lib\spdy\server.js,0,2318
3219,MemberExpression,nan,-1,-1,-1,227,6,227,15,packages\spdy\lib\spdy\server.js,0,2319
3220,Program,nan,-1,-1,-1,1,0,39,2,packages\spdy\lib\spdy\socket.js,0,2320
3222,VariableDeclaration,nan,-1,-1,-1,3,0,3,26,packages\spdy\lib\spdy\socket.js,0,2321
3223,VariableDeclaration,nan,-1,-1,-1,4,0,4,24,packages\spdy\lib\spdy\socket.js,0,2322
3224,FunctionDeclaration,nan,-1,2,0,6,0,22,1,packages\spdy\lib\spdy\socket.js,0,2323
3227,VariableDeclaration,nan,-1,-1,-1,28,0,32,1,packages\spdy\lib\spdy\socket.js,0,2324
3230,Identifier,Socket,-1,-1,-1,6,9,6,15,packages\spdy\lib\spdy\socket.js,0,2325
3231,Identifier,parent,-1,-1,-1,6,17,6,23,packages\spdy\lib\spdy\socket.js,0,2326
3232,Identifier,options,-1,-1,-1,6,25,6,32,packages\spdy\lib\spdy\socket.js,0,2327
3234,BlockStatement,nan,-1,-1,-1,6,34,22,1,packages\spdy\lib\spdy\socket.js,0,2328
3235,CallExpression,nan,2,-1,-1,24,0,24,33,packages\spdy\lib\spdy\socket.js,0,2329
3236,AssignmentExpression,nan,-1,-1,-1,26,0,26,23,packages\spdy\lib\spdy\socket.js,0,2330
3237,CallExpression,nan,1,-1,-1,34,0,39,2,packages\spdy\lib\spdy\socket.js,0,2331
3239,VariableDeclaration,nan,-1,-1,-1,9,2,9,16,packages\spdy\lib\spdy\socket.js,0,2332
3249,Identifier,Socket,-1,-1,-1,24,14,24,20,packages\spdy\lib\spdy\socket.js,0,2333
3250,MemberExpression,nan,-1,-1,-1,24,22,24,32,packages\spdy\lib\spdy\socket.js,0,2334
3251,MemberExpression,nan,-1,-1,-1,24,0,24,13,packages\spdy\lib\spdy\socket.js,0,2335
3252,MemberExpression,nan,-1,-1,-1,26,0,26,14,packages\spdy\lib\spdy\socket.js,0,2336
3253,Identifier,Socket,-1,-1,-1,26,17,26,23,packages\spdy\lib\spdy\socket.js,0,2337
3254,FunctionExpression,nan,-1,1,0,34,16,39,1,packages\spdy\lib\spdy\socket.js,0,2338
3255,MemberExpression,nan,-1,-1,-1,34,0,34,15,packages\spdy\lib\spdy\socket.js,0,2339
3256,CallExpression,nan,2,-1,-1,7,2,7,32,packages\spdy\lib\spdy\socket.js,0,2340
3257,AssignmentExpression,nan,-1,-1,-1,11,2,11,25,packages\spdy\lib\spdy\socket.js,0,2341
3258,AssignmentExpression,nan,-1,-1,-1,13,2,13,23,packages\spdy\lib\spdy\socket.js,0,2342
3259,AssignmentExpression,nan,-1,-1,-1,15,2,15,37,packages\spdy\lib\spdy\socket.js,0,2343
3260,AssignmentExpression,nan,-1,-1,-1,16,2,16,39,packages\spdy\lib\spdy\socket.js,0,2344
3261,AssignmentExpression,nan,-1,-1,-1,17,2,17,41,packages\spdy\lib\spdy\socket.js,0,2345
3262,AssignmentExpression,nan,-1,-1,-1,18,2,18,37,packages\spdy\lib\spdy\socket.js,0,2346
3263,AssignmentExpression,nan,-1,-1,-1,19,2,19,53,packages\spdy\lib\spdy\socket.js,0,2347
3264,AssignmentExpression,nan,-1,-1,-1,20,2,20,23,packages\spdy\lib\spdy\socket.js,0,2348
3265,AssignmentExpression,nan,-1,-1,-1,21,2,21,27,packages\spdy\lib\spdy\socket.js,0,2349
3266,Identifier,method,-1,-1,-1,34,26,34,32,packages\spdy\lib\spdy\socket.js,0,2350
3268,BlockStatement,nan,-1,-1,-1,34,34,39,1,packages\spdy\lib\spdy\socket.js,0,2351
3269,ThisExpression,nan,-1,-1,-1,7,18,7,22,packages\spdy\lib\spdy\socket.js,0,2352
3270,Identifier,options,-1,-1,-1,7,24,7,31,packages\spdy\lib\spdy\socket.js,0,2353
3271,MemberExpression,nan,-1,-1,-1,7,2,7,17,packages\spdy\lib\spdy\socket.js,0,2354
3272,MemberExpression,nan,-1,-1,-1,11,2,11,17,packages\spdy\lib\spdy\socket.js,0,2355
3273,Identifier,state,-1,-1,-1,11,20,11,25,packages\spdy\lib\spdy\socket.js,0,2356
3274,MemberExpression,nan,-1,-1,-1,13,2,13,14,packages\spdy\lib\spdy\socket.js,0,2357
3275,Identifier,parent,-1,-1,-1,13,17,13,23,packages\spdy\lib\spdy\socket.js,0,2358
3276,MemberExpression,nan,-1,-1,-1,15,2,15,17,packages\spdy\lib\spdy\socket.js,0,2359
3277,MemberExpression,nan,-1,-1,-1,15,20,15,37,packages\spdy\lib\spdy\socket.js,0,2360
3278,MemberExpression,nan,-1,-1,-1,16,2,16,18,packages\spdy\lib\spdy\socket.js,0,2361
3279,MemberExpression,nan,-1,-1,-1,16,21,16,39,packages\spdy\lib\spdy\socket.js,0,2362
3280,MemberExpression,nan,-1,-1,-1,17,2,17,19,packages\spdy\lib\spdy\socket.js,0,2363
3281,MemberExpression,nan,-1,-1,-1,17,22,17,41,packages\spdy\lib\spdy\socket.js,0,2364
3282,MemberExpression,nan,-1,-1,-1,18,2,18,17,packages\spdy\lib\spdy\socket.js,0,2365
3283,MemberExpression,nan,-1,-1,-1,18,20,18,37,packages\spdy\lib\spdy\socket.js,0,2366
3284,MemberExpression,nan,-1,-1,-1,19,2,19,25,packages\spdy\lib\spdy\socket.js,0,2367
3285,MemberExpression,nan,-1,-1,-1,19,28,19,53,packages\spdy\lib\spdy\socket.js,0,2368
3286,MemberExpression,nan,-1,-1,-1,20,2,20,16,packages\spdy\lib\spdy\socket.js,0,2369
3288,MemberExpression,nan,-1,-1,-1,21,2,21,20,packages\spdy\lib\spdy\socket.js,0,2370
3291,AssignmentExpression,nan,-1,-1,-1,35,2,38,3,packages\spdy\lib\spdy\socket.js,0,2371
3292,MemberExpression,nan,-1,-1,-1,35,2,35,26,packages\spdy\lib\spdy\socket.js,0,2372
3293,FunctionExpression,nan,-1,0,1,35,29,38,3,packages\spdy\lib\spdy\socket.js,0,2373
3294,Identifier,methodWrap,-1,-1,-1,35,38,35,48,packages\spdy\lib\spdy\socket.js,0,2374
3296,BlockStatement,nan,-1,-1,-1,35,52,38,3,packages\spdy\lib\spdy\socket.js,0,2375
3297,VariableDeclaration,nan,-1,-1,-1,36,4,36,39,packages\spdy\lib\spdy\socket.js,0,2376
3298,ReturnStatement,nan,1,-1,-1,37,4,37,50,packages\spdy\lib\spdy\socket.js,0,2377
3299,CallExpression,nan,2,-1,-1,37,11,37,50,packages\spdy\lib\spdy\socket.js,0,2378
3300,Identifier,parent,-1,-1,-1,37,32,37,38,packages\spdy\lib\spdy\socket.js,0,2379
3301,Identifier,arguments,-1,-1,-1,37,40,37,49,packages\spdy\lib\spdy\socket.js,0,2380
3302,MemberExpression,nan,-1,-1,-1,37,11,37,31,packages\spdy\lib\spdy\socket.js,0,2381
