src,dst
0,1
2,49
2,50
3,51
3,52
4,53
4,54
5,55
5,56
6,57
6,58
7,59
7,60
8,61
8,62
9,63
9,64
10,65
10,66
11,67
11,68
12,69
12,70
13,71
13,72
14,73
14,74
15,75
15,76
16,77
16,78
17,79
17,80
18,81
18,82
19,83
19,84
20,85
20,86
21,87
21,88
22,89
22,90
23,91
23,92
24,93
24,94
25,95
25,96
26,97
26,98
27,99
27,100
28,101
28,102
29,103
29,104
30,105
30,106
31,107
31,108
32,109
32,110
33,111
33,112
34,113
34,114
35,115
35,116
36,117
36,118
37,119
37,120
38,121
38,122
39,123
39,124
40,125
40,126
41,127
41,128
42,129
42,130
43,131
43,132
44,133
44,134
45,135
45,136
46,137
46,138
47,139
47,140
48,141
48,142
50,143
52,144
54,145
56,146
58,147
60,148
62,149
64,150
66,151
70,152
72,153
74,154
76,155
98,156
100,157
102,158
104,159
106,160
108,161
110,162
112,163
114,164
116,165
118,166
120,167
124,168
130,169
132,170
134,171
136,172
138,173
140,174
175,176
175,177
175,178
179,180
179,181
182,183
184,185
184,186
186,187
186,188
187,189
189,190
191,192
191,193
194,195
194,196
196,197
196,198
199,200
199,201
199,202
199,203
199,204
204,205
204,206
204,207
204,208
208,212
209,213
209,214
210,215
210,216
211,217
211,218
212,219
219,220
220,222
220,223
223,225
223,226
224,227
224,228
229,230
229,231
231,232
233,234
234,235
234,236
234,237
234,238
238,240
238,241
239,242
239,243
240,244
240,245
240,246
241,247
246,248
248,249
248,250
250,251
250,252
253,254
253,255
256,257
256,258
259,260
259,261
261,262
261,263
264,265
264,266
264,267
264,268
269,270
269,271
271,272
271,273
271,274
271,275
271,276
276,277
276,278
276,279
277,280
277,281
278,282
279,283
280,284
281,285
281,286
284,288
288,291
288,292
289,293
289,294
290,295
290,296
291,297
291,298
291,299
292,300
294,301
294,302
295,305
300,306
305,308
306,309
310,311
312,313
314,315
314,316
317,318
319,320
319,321
321,322
321,323
322,324
322,325
325,326
329,330
329,331
329,332
329,333
329,334
329,335
329,336
329,337
338,339
338,340
340,341
340,342
340,343
343,344
343,345
343,346
343,347
344,348
346,349
346,350
346,351
346,352
347,357
352,359
352,360
353,361
353,362
354,363
354,364
355,365
355,366
356,367
359,369
360,370
362,371
362,372
364,373
368,374
368,375
368,376
369,377
370,379
370,380
370,381
372,382
372,383
372,384
372,385
374,387
374,388
375,389
377,391
377,392
382,393
383,394
383,395
384,398
384,399
385,402
386,404
389,405
390,406
390,407
390,408
392,409
392,410
395,412
395,413
396,414
396,415
397,416
397,417
397,418
400,419
400,420
401,421
401,422
403,423
403,424
406,425
407,426
412,431
412,432
413,433
425,436
425,437
426,438
427,439
427,440
428,441
428,442
428,443
429,444
429,445
429,446
430,447
430,448
434,449
434,450
435,451
435,452
439,456
441,457
441,458
442,459
444,460
444,461
445,462
450,463
450,464
456,465
459,466
462,467
469,470
469,471
473,474
473,475
473,476
473,477
473,478
475,479
475,480
475,481
476,482
476,483
476,484
477,485
477,486
477,487
478,488
478,489
478,490
481,492
484,493
487,494
490,495
491,496
491,497
492,498
493,499
494,500
495,501
498,502
499,503
499,504
500,505
500,506
502,507
502,508
503,510
503,511
504,512
504,513
505,514
505,515
506,516
506,517
510,518
510,519
520,521
520,522
520,523
520,524
520,525
520,526
520,527
520,528
520,529
520,530
529,531
529,532
529,533
529,534
530,535
530,536
530,537
530,538
530,539
534,542
539,543
539,544
539,545
539,546
539,547
539,548
539,549
540,550
540,551
541,552
541,553
543,554
548,555
548,556
548,557
548,558
549,563
558,565
558,566
558,567
558,568
558,569
558,570
558,571
558,572
559,573
559,574
560,575
560,576
561,577
561,578
562,579
562,580
565,585
566,586
569,587
569,588
569,589
570,590
570,591
571,592
572,593
578,594
578,595
580,596
580,597
580,598
581,599
581,600
582,601
582,602
582,603
583,604
583,605
583,606
584,607
584,608
584,609
585,610
589,613
595,615
595,616
595,617
598,618
601,620
601,621
602,622
604,623
604,624
605,625
607,626
607,627
608,628
610,629
610,630
613,633
613,634
615,637
615,638
616,639
616,640
616,641
618,642
619,643
619,644
622,645
625,646
628,647
629,648
631,649
631,650
632,651
632,652
632,653
633,654
633,655
634,656
634,657
635,658
635,659
636,660
636,661
637,662
638,663
641,664
642,665
642,666
648,667
650,668
650,669
651,670
651,671
652,672
663,676
663,677
664,678
664,679
665,680
665,681
665,682
672,683
673,684
673,685
674,686
674,687
675,688
675,689
678,690
679,691
679,692
685,696
685,697
685,698
685,699
687,700
690,701
690,702
693,703
693,704
694,705
694,706
695,707
695,708
698,710
701,713
702,714
702,715
709,716
710,717
710,718
714,720
715,721
720,723
720,724
720,725
721,726
721,727
721,728
722,729
722,730
731,732
731,733
731,734
731,735
731,736
731,737
731,738
731,739
738,740
738,741
738,742
739,743
739,744
739,745
739,746
742,750
746,751
746,752
746,753
746,754
747,755
747,756
748,757
748,758
749,759
749,760
750,761
751,762
753,763
753,764
753,765
753,766
754,770
756,771
756,772
756,773
761,774
766,776
766,777
767,778
767,779
768,780
768,781
769,782
769,783
773,784
773,785
776,788
777,789
783,790
783,791
785,794
786,795
786,796
786,797
787,798
787,799
787,800
791,802
792,803
792,804
793,805
793,806
794,807
794,808
794,809
795,810
795,811
796,812
798,813
798,814
799,815
802,819
804,820
804,821
805,822
805,823
812,824
815,825
816,826
816,827
816,828
817,829
817,830
818,831
818,832
818,833
819,834
819,835
820,836
821,837
821,838
830,839
830,840
831,841
831,842
832,843
834,844
834,845
835,846
835,847
843,849
844,850
844,851
845,852
845,853
848,854
848,855
856,858
856,859
857,860
857,861
862,863
862,864
863,866
863,867
865,868
869,870
869,871
872,873
874,875
874,876
876,877
876,878
877,879
877,880
880,881
884,885
884,886
884,887
884,888
884,889
884,890
884,891
884,892
884,893
884,894
884,895
884,896
884,897
884,898
894,899
894,900
894,901
894,902
894,903
895,904
895,905
895,906
896,907
896,908
896,909
897,910
897,911
897,912
897,913
898,914
898,915
898,916
898,917
898,918
903,920
903,921
903,922
906,923
909,924
918,925
918,926
918,927
918,928
918,929
918,930
918,931
919,932
919,933
921,934
921,935
922,936
923,937
924,938
925,940
931,945
937,946
937,947
938,948
939,949
939,950
939,951
941,953
941,954
942,955
942,956
943,957
943,958
944,959
944,960
944,961
947,964
947,965
948,966
948,967
953,970
953,971
953,972
956,973
956,974
958,975
958,976
958,977
962,978
962,979
963,980
963,981
968,982
968,983
968,984
969,985
969,986
969,987
972,988
972,989
972,990
982,991
982,992
983,993
985,994
985,995
986,996
990,997
993,1002
996,1003
998,1005
998,1006
998,1007
999,1008
999,1009
999,1010
1000,1011
1000,1012
1000,1013
1001,1014
1001,1015
1001,1016
1009,1018
1009,1019
1015,1020
1015,1021
1017,1022
1017,1023
1017,1024
1022,1025
1022,1026
1023,1027
1025,1028
1025,1029
1026,1030
1026,1031
1027,1032
1028,1033
1028,1034
1029,1035
1029,1036
1039,1040
1039,1041
1041,1042
1041,1043
1041,1044
1044,1045
1045,1046
1046,1047
1049,1050
1049,1051
1052,1053
1052,1054
1054,1055
1054,1056
1054,1057
1054,1058
1059,1060
1059,1061
1059,1062
1061,1063
1063,1066
1067,1068
1067,1069
1070,1071
1070,1072
1070,1073
1070,1074
1070,1075
1070,1076
1070,1077
1070,1078
1070,1079
1070,1080
1070,1081
1080,1082
1080,1083
1080,1084
1081,1085
1081,1086
1081,1087
1081,1088
1081,1089
1084,1091
1089,1092
1089,1093
1089,1094
1089,1095
1089,1096
1089,1097
1089,1098
1090,1099
1090,1100
1091,1101
1092,1102
1093,1103
1093,1104
1094,1105
1094,1106
1101,1107
1101,1108
1101,1109
1103,1111
1104,1112
1104,1113
1105,1114
1106,1115
1107,1116
1107,1117
1107,1118
1111,1121
1114,1122
1115,1123
1115,1124
1118,1125
1119,1126
1119,1127
1119,1128
1120,1129
1120,1130
1121,1131
1121,1132
1121,1133
1121,1134
1122,1135
1125,1136
1126,1137
1126,1138
1127,1139
1130,1140
1130,1141
1132,1142
1132,1143
1136,1146
1136,1147
1136,1148
1139,1149
1150,1151
1150,1152
1153,1154
1153,1155
1153,1156
1153,1157
1153,1158
1153,1159
1153,1160
1153,1161
1153,1162
1153,1163
1153,1164
1153,1165
1153,1166
1153,1167
1153,1168
1153,1169
1153,1170
1167,1171
1167,1172
1167,1173
1167,1174
1168,1175
1168,1176
1168,1177
1169,1178
1169,1179
1169,1180
1170,1181
1170,1182
1170,1183
1170,1184
1170,1185
1174,1189
1177,1190
1180,1191
1180,1192
1180,1193
1180,1194
1185,1195
1185,1196
1185,1197
1185,1198
1185,1199
1185,1200
1186,1201
1186,1202
1187,1203
1187,1204
1188,1205
1188,1206
1190,1207
1193,1208
1194,1209
1195,1211
1199,1212
1199,1213
1199,1214
1199,1215
1200,1220
1207,1222
1207,1223
1208,1225
1208,1226
1209,1227
1210,1228
1210,1229
1215,1231
1215,1232
1215,1233
1216,1234
1216,1235
1217,1236
1217,1237
1218,1238
1218,1239
1219,1240
1219,1241
1221,1242
1221,1243
1222,1244
1222,1245
1223,1246
1223,1247
1226,1248
1226,1249
1229,1250
1229,1251
1231,1255
1231,1256
1232,1257
1233,1258
1239,1259
1239,1260
1241,1261
1241,1262
1241,1263
1248,1265
1249,1266
1251,1267
1251,1268
1252,1269
1252,1270
1252,1271
1253,1272
1253,1273
1253,1274
1254,1275
1254,1276
1254,1277
1255,1278
1256,1279
1260,1281
1263,1282
1263,1283
1263,1284
1263,1285
1264,1286
1266,1287
1269,1289
1269,1290
1270,1291
1272,1292
1272,1293
1273,1294
1275,1295
1275,1296
1276,1297
1278,1298
1279,1299
1279,1300
1281,1303
1282,1304
1283,1305
1283,1306
1284,1307
1284,1308
1285,1311
1287,1313
1287,1314
1291,1315
1294,1316
1297,1317
1298,1318
1298,1319
1301,1320
1301,1321
1302,1322
1302,1323
1302,1324
1303,1325
1305,1327
1306,1328
1306,1329
1308,1330
1308,1331
1308,1332
1308,1333
1309,1334
1309,1335
1310,1336
1310,1337
1321,1338
1321,1339
1322,1340
1322,1341
1323,1342
1325,1343
1325,1344
1327,1349
1332,1350
1333,1351
1333,1352
1337,1353
1337,1354
1342,1355
1343,1356
1344,1357
1344,1358
1347,1359
1347,1360
1347,1361
1348,1362
1348,1363
1348,1364
1350,1365
1351,1367
1351,1368
1351,1369
1351,1370
1352,1371
1356,1375
1356,1376
1357,1379
1357,1380
1357,1381
1359,1382
1359,1383
1360,1384
1362,1385
1362,1386
1363,1387
1367,1389
1370,1390
1372,1393
1372,1394
1373,1395
1373,1396
1374,1397
1374,1398
1381,1400
1384,1401
1385,1402
1385,1403
1386,1404
1386,1405
1387,1406
1388,1407
1388,1408
1390,1410
1390,1411
1399,1412
1408,1413
1408,1414
1413,1419
1413,1420
1415,1422
1416,1423
1416,1424
1429,1430
1429,1431
1432,1433
1432,1434
1435,1436
1435,1437
1437,1438
1437,1439
1440,1441
1440,1442
1442,1443
1442,1444
1442,1445
1445,1447
1446,1448
1446,1449
1450,1451
1453,1454
1453,1455
1455,1456
1455,1457
1455,1458
1458,1459
1459,1460
1460,1461
1461,1462
1461,1463
1465,1466
1465,1467
1468,1469
1468,1470
1470,1471
1470,1472
1470,1473
1473,1474
1473,1475
1474,1476
1474,1477
1475,1478
1476,1479
1477,1480
1477,1481
1478,1482
1478,1483
1479,1484
1485,1486
1485,1487
1485,1488
1485,1489
1485,1490
1485,1491
1485,1492
1485,1493
1485,1494
1485,1495
1493,1496
1493,1497
1493,1498
1495,1499
1495,1500
1498,1503
1500,1504
1501,1505
1501,1506
1502,1507
1502,1508
1503,1509
1504,1510
1511,1515
1513,1516
1513,1517
1514,1518
1514,1519
1517,1520
1517,1521
1522,1523
1522,1524
1525,1526
1525,1527
1527,1528
1527,1529
1527,1530
1529,1531
1529,1532
1532,1533
1535,1536
1535,1537
1535,1538
1535,1539
1535,1540
1535,1541
1535,1542
1535,1543
1535,1544
1535,1545
1535,1546
1535,1547
1535,1548
1535,1549
1535,1550
1535,1551
1535,1552
1535,1553
1551,1554
1551,1555
1551,1556
1551,1557
1552,1558
1552,1559
1552,1560
1553,1561
1553,1562
1553,1563
1553,1564
1557,1570
1560,1571
1560,1572
1560,1573
1564,1574
1564,1575
1564,1576
1564,1577
1564,1578
1564,1579
1564,1580
1565,1581
1566,1582
1566,1583
1567,1584
1567,1585
1568,1586
1568,1587
1569,1588
1569,1589
1570,1590
1571,1591
1571,1592
1572,1593
1572,1594
1573,1595
1576,1597
1579,1598
1579,1599
1579,1600
1579,1601
1580,1607
1590,1608
1590,1609
1590,1610
1590,1611
1592,1612
1594,1613
1596,1614
1596,1615
1601,1617
1601,1618
1601,1619
1601,1620
1601,1621
1601,1622
1601,1623
1601,1624
1602,1625
1602,1626
1603,1627
1603,1628
1604,1629
1604,1630
1605,1631
1605,1632
1606,1633
1606,1634
1612,1636
1612,1637
1613,1639
1615,1640
1615,1641
1617,1645
1618,1646
1621,1647
1621,1648
1621,1649
1622,1650
1622,1651
1623,1652
1624,1653
1630,1654
1630,1655
1632,1656
1632,1657
1632,1658
1634,1659
1634,1660
1634,1661
1635,1662
1635,1663
1638,1664
1638,1665
1642,1666
1642,1667
1642,1668
1643,1669
1643,1670
1643,1671
1644,1672
1644,1673
1644,1674
1645,1675
1646,1677
1649,1679
1649,1680
1649,1681
1655,1683
1655,1684
1655,1685
1655,1686
1658,1687
1661,1688
1663,1689
1663,1690
1666,1691
1666,1692
1667,1693
1669,1694
1669,1695
1670,1696
1672,1697
1672,1698
1673,1699
1675,1700
1675,1701
1677,1704
1677,1705
1683,1710
1683,1711
1684,1712
1684,1713
1685,1714
1685,1715
1685,1716
1687,1717
1688,1718
1690,1719
1690,1720
1693,1721
1696,1722
1699,1723
1700,1724
1702,1725
1702,1726
1703,1727
1703,1728
1703,1729
1704,1730
1706,1731
1706,1732
1707,1733
1707,1734
1708,1735
1708,1736
1709,1737
1709,1738
1710,1739
1711,1740
1711,1741
1712,1742
1716,1743
1717,1744
1717,1745
1718,1746
1718,1747
1718,1748
1724,1749
1726,1750
1726,1751
1727,1752
1728,1753
1730,1754
1730,1755
1730,1756
1732,1757
1742,1758
1742,1759
1742,1760
1743,1761
1743,1762
1744,1763
1744,1764
1744,1765
1746,1766
1746,1767
1752,1768
1752,1769
1753,1770
1760,1773
1761,1774
1762,1775
1773,1780
1773,1781
1775,1782
1775,1783
1775,1784
1776,1785
1776,1786
1777,1787
1777,1788
1778,1789
1778,1790
1779,1792
1779,1793
1779,1794
1780,1795
1781,1796
1791,1797
1792,1798
1792,1799
1793,1800
1796,1801
1796,1802
1800,1804
1805,1806
1808,1809
1808,1810
1808,1811
1808,1812
1808,1813
1808,1814
1808,1815
1808,1816
1808,1817
1808,1818
1817,1819
1817,1820
1817,1821
1818,1822
1818,1823
1818,1824
1818,1825
1821,1828
1825,1829
1825,1830
1825,1831
1825,1832
1825,1833
1826,1834
1826,1835
1827,1836
1827,1837
1828,1838
1829,1839
1832,1840
1832,1841
1832,1842
1832,1843
1833,1848
1838,1849
1843,1851
1843,1852
1844,1853
1844,1854
1845,1855
1845,1856
1846,1857
1846,1858
1847,1859
1847,1860
1851,1863
1852,1864
1858,1865
1858,1866
1860,1867
1860,1868
1860,1869
1861,1870
1861,1871
1861,1872
1862,1873
1862,1874
1862,1875
1863,1876
1866,1878
1869,1879
1870,1880
1871,1881
1873,1882
1873,1883
1874,1884
1876,1885
1876,1886
1878,1889
1879,1890
1880,1891
1880,1892
1881,1894
1884,1895
1887,1896
1887,1897
1888,1898
1888,1899
1888,1900
1889,1901
1889,1902
1890,1903
1890,1904
1891,1905
1891,1906
1892,1907
1892,1908
1897,1910
1897,1911
1898,1912
1898,1913
1899,1914
1901,1915
1901,1916
1903,1917
1903,1918
1903,1919
1909,1920
1909,1921
1909,1922
1914,1923
1916,1924
1924,1927
1925,1928
1925,1929
1926,1930
1926,1931
1927,1933
1927,1934
1927,1935
1932,1936
1937,1938
1937,1939
1940,1941
1940,1942
1940,1943
1940,1944
1945,1946
1945,1947
1947,1948
1947,1949
1947,1950
1947,1951
1951,1952
1951,1953
1951,1954
1952,1955
1953,1956
1953,1957
1953,1958
1953,1959
1954,1963
1959,1965
1959,1966
1960,1967
1960,1968
1961,1969
1961,1970
1962,1971
1962,1972
1965,1975
1966,1976
1973,1977
1973,1978
1973,1979
1974,1980
1974,1981
1977,1983
1977,1984
1978,1985
1980,1986
1980,1987
1985,1991
1988,1993
1988,1994
1988,1995
1989,1996
1989,1997
1990,1998
1990,1999
1990,2000
1992,2001
1992,2002
1997,2003
1997,2004
1998,2005
1998,2006
1999,2007
2007,2008
2009,2010
2009,2011
2012,2013
2014,2015
2014,2016
2017,2018
2019,2020
2019,2021
2021,2022
2021,2023
2021,2024
2021,2025
2025,2026
2025,2027
2026,2028
2026,2029
2028,2030
2029,2031
2029,2032
2030,2035
2035,2036
2035,2037
2039,2040
2039,2041
2041,2042
2041,2043
2041,2044
2044,2045
2045,2046
2046,2047
2046,2048
2047,2049
2047,2050
2052,2053
2052,2054
2054,2055
2054,2056
2054,2057
2057,2058
2058,2059
2063,2064
2063,2065
2065,2066
2065,2067
2065,2068
2068,2069
2070,2071
2072,2073
2072,2074
2072,2075
2072,2076
2077,2078
2077,2079
2079,2080
2079,2081
2079,2082
2082,2083
2082,2084
2083,2085
2083,2086
2085,2087
2085,2088
2086,2089
2086,2090
2087,2091
2088,2092
2094,2095
2094,2096
2094,2097
2095,2098
2095,2099
2096,2100
2100,2101
2102,2103
2102,2104
2105,2106
2105,2107
2108,2109
2110,2111
2110,2112
2112,2113
2112,2114
2112,2115
2115,2116
2116,2117
2117,2118
2118,2119
2118,2120
2122,2123
2124,2125
2124,2126
2126,2127
2126,2128
2126,2129
2129,2130
2130,2131
2131,2132
2132,2133
2132,2134
2137,2138
2137,2139
2139,2140
2139,2141
2139,2142
2142,2143
2143,2144
2149,2150
2149,2151
2151,2152
2151,2153
2151,2154
2154,2155
2155,2156
2156,2157
2156,2158
2157,2159
2158,2160
2159,2162
2159,2163
2160,2164
2160,2165
2161,2166
2167,2168
2167,2169
2170,2171
2170,2172
2172,2173
2172,2174
2172,2175
2175,2176
2176,2177
2177,2178
2177,2179
2178,2180
2179,2181
2180,2182
2181,2184
2181,2185
2182,2186
2182,2187
2183,2188
2190,2191
2190,2192
2192,2193
2192,2194
2192,2195
2195,2196
2197,2198
2199,2200
2201,2202
2201,2203
2203,2204
2203,2205
2203,2206
2206,2207
2207,2208
2208,2209
2209,2210
2209,2211
2213,2214
2213,2215
2213,2216
2213,2217
2213,2218
2213,2219
2213,2220
2213,2221
2213,2222
2213,2223
2213,2224
2213,2225
2213,2226
2213,2227
2213,2228
2222,2229
2222,2230
2222,2231
2222,2232
2223,2233
2223,2234
2223,2235
2223,2236
2225,2237
2225,2238
2225,2239
2225,2240
2226,2241
2226,2242
2226,2243
2226,2244
2227,2245
2227,2246
2227,2247
2227,2248
2228,2249
2228,2250
2228,2251
2228,2252
2232,2254
2236,2255
2240,2256
2244,2257
2244,2258
2244,2259
2244,2260
2244,2261
2244,2262
2244,2263
2244,2264
2244,2265
2248,2266
2248,2267
2248,2268
2252,2269
2252,2270
2253,2271
2253,2272
2254,2273
2255,2274
2256,2275
2257,2276
2257,2277
2260,2278
2260,2279
2261,2280
2261,2281
2261,2282
2262,2283
2263,2284
2264,2285
2267,2286
2267,2287
2268,2290
2269,2291
2270,2292
2273,2293
2274,2294
2275,2297
2275,2298
2276,2299
2278,2300
2282,2301
2283,2302
2284,2304
2285,2306
2286,2308
2288,2309
2288,2310
2289,2311
2289,2312
2290,2313
2290,2314
2292,2316
2292,2317
2292,2318
2293,2321
2293,2322
2294,2325
2294,2326
2298,2327
2298,2328
2300,2333
2301,2336
2302,2337
2302,2338
2304,2339
2304,2340
2308,2341
2314,2342
2314,2343
2314,2344
2321,2347
2321,2348
2321,2349
2325,2350
2325,2351
2327,2352
2333,2353
2336,2354
2336,2355
2336,2356
2337,2357
2338,2358
2338,2359
2339,2360
2340,2361
2340,2362
2345,2365
2345,2366
2345,2367
2346,2368
2346,2369
2346,2370
2349,2371
2351,2372
2352,2373
2353,2380
2353,2381
2353,2382
2365,2383
2365,2384
2366,2385
2368,2386
2368,2387
2369,2388
2371,2389
2385,2390
2388,2391
2389,2392
2389,2393
2389,2394
2395,2397
2395,2398
2399,2401
2399,2402
2400,2403
2400,2404
2405,2406
2405,2407
2408,2409
2408,2410
2410,2411
2410,2412
2410,2413
2413,2414
2414,2415
2415,2416
2415,2417
2416,2418
2416,2419
2417,2420
2417,2421
2422,2423
2422,2424
2425,2426
2425,2427
2427,2428
2427,2429
2427,2430
2430,2431
2431,2432
2432,2433
2432,2434
2433,2435
2433,2436
2434,2437
2434,2438
2439,2440
2441,2442
2441,2443
2443,2444
2443,2445
2443,2446
2446,2447
2447,2448
2448,2449
2449,2450
2449,2451
2453,2454
2453,2455
2453,2456
2453,2457
2453,2458
2453,2459
2453,2460
2453,2461
2453,2462
2453,2463
2462,2464
2462,2465
2462,2466
2463,2467
2463,2468
2463,2469
2463,2470
2466,2473
2470,2474
2470,2475
2470,2476
2470,2477
2470,2478
2470,2479
2471,2480
2471,2481
2472,2482
2472,2483
2474,2484
2478,2485
2478,2486
2478,2487
2478,2488
2479,2493
2488,2495
2488,2496
2488,2497
2488,2498
2488,2499
2488,2500
2488,2501
2488,2502
2489,2503
2489,2504
2490,2505
2490,2506
2491,2507
2491,2508
2492,2509
2492,2510
2495,2514
2496,2515
2499,2516
2500,2517
2500,2518
2501,2519
2502,2520
2508,2521
2508,2522
2510,2523
2510,2524
2510,2525
2511,2526
2511,2527
2512,2528
2512,2529
2512,2530
2513,2531
2513,2532
2513,2533
2514,2534
2516,2539
2516,2540
2522,2542
2525,2543
2528,2544
2528,2545
2529,2546
2531,2547
2531,2548
2532,2549
2534,2550
2534,2551
2542,2558
2543,2559
2546,2560
2549,2561
2550,2562
2552,2563
2552,2564
2553,2565
2553,2566
2553,2567
2554,2568
2554,2569
2555,2570
2555,2571
2556,2572
2556,2573
2557,2574
2557,2575
2558,2576
2558,2577
2559,2578
2559,2579
2562,2580
2564,2581
2564,2582
2565,2583
2565,2584
2566,2585
2569,2586
2576,2587
2576,2588
2577,2589
2577,2590
2578,2591
2578,2592
2578,2593
2585,2594
2589,2597
2589,2598
2598,2601
2599,2602
2599,2603
2600,2604
2600,2605
2601,2606
2606,2608
2606,2609
2606,2610
2611,2612
2613,2614
2613,2615
2616,2617
2616,2618
2616,2619
2616,2620
2621,2622
2621,2623
2623,2624
2623,2625
2623,2626
2626,2627
2626,2628
2628,2629
2629,2633
2629,2634
2629,2635
2630,2636
2633,2640
2633,2641
2634,2642
2635,2643
2635,2644
2637,2645
2637,2646
2638,2647
2638,2648
2639,2649
2639,2650
2641,2651
2641,2652
2643,2654
2644,2655
2644,2656
2651,2658
2651,2659
2652,2660
2654,2665
2655,2666
2655,2667
2656,2668
2656,2669
2657,2670
2660,2671
2660,2672
2661,2673
2662,2674
2662,2675
2662,2676
2663,2677
2663,2678
2663,2679
2664,2680
2664,2681
2664,2682
2665,2683
2665,2684
2674,2687
2674,2688
2675,2689
2677,2690
2677,2691
2678,2692
2680,2693
2680,2694
2681,2695
2686,2696
2689,2697
2692,2698
2695,2699
2703,2704
2703,2705
2703,2706
2703,2707
2703,2708
2703,2709
2703,2710
2703,2711
2703,2712
2703,2713
2703,2714
2703,2715
2703,2716
2715,2717
2715,2718
2715,2719
2716,2720
2716,2721
2716,2722
2716,2723
2719,2726
2723,2727
2723,2728
2723,2729
2723,2730
2723,2731
2723,2732
2724,2733
2724,2734
2725,2735
2725,2736
2727,2737
2727,2738
2728,2739
2731,2740
2731,2741
2731,2742
2731,2743
2732,2747
2737,2749
2738,2750
2743,2752
2743,2753
2744,2754
2744,2755
2745,2756
2745,2757
2746,2758
2746,2759
2748,2760
2748,2761
2749,2762
2750,2763
2752,2768
2753,2769
2759,2770
2759,2771
2763,2772
2763,2773
2766,2776
2766,2777
2766,2778
2767,2779
2767,2780
2767,2781
2768,2782
2769,2784
2769,2785
2771,2786
2776,2787
2776,2788
2777,2789
2779,2790
2779,2791
2780,2792
2782,2793
2782,2794
2785,2795
2785,2796
2786,2797
2789,2798
2792,2799
2797,2800
2797,2801
2800,2803
2800,2804
2801,2805
2801,2806
2801,2807
2802,2808
2802,2809
2802,2810
2811,2813
2811,2814
2812,2815
2812,2816
2817,2818
2817,2819
2820,2821
2820,2822
2822,2823
2822,2824
2822,2825
2822,2826
2822,2827
2827,2828
2827,2829
2827,2830
2828,2831
2828,2832
2829,2833
2829,2834
2829,2835
2830,2836
2831,2837
2832,2838
2832,2839
2835,2840
2837,2841
2840,2842
2840,2843
2842,2844
2843,2845
2843,2846
2844,2847
2847,2849
2848,2851
2848,2852
2849,2853
2855,2856
2855,2857
2855,2858
2856,2859
2857,2860
2859,2861
2860,2864
2861,2865
2861,2866
2868,2869
2868,2870
2871,2872
2871,2873
2873,2874
2873,2875
2876,2877
2876,2878
2879,2880
2879,2881
2881,2882
2881,2883
2884,2885
2884,2886
2887,2888
2887,2889
2889,2890
2889,2891
2892,2893
2892,2894
2892,2895
2892,2896
2892,2897
2892,2898
2892,2899
2892,2900
2892,2901
2892,2902
2892,2903
2902,2904
2902,2905
2902,2906
2902,2907
2903,2908
2903,2909
2903,2910
2903,2911
2903,2912
2907,2915
2912,2916
2912,2917
2912,2918
2912,2919
2912,2920
2913,2921
2913,2922
2914,2923
2914,2924
2916,2925
2919,2926
2919,2927
2919,2928
2919,2929
2920,2934
2929,2936
2929,2937
2929,2938
2929,2939
2930,2940
2930,2941
2931,2942
2931,2943
2932,2944
2932,2945
2933,2946
2933,2947
2936,2952
2938,2953
2939,2954
2945,2955
2945,2956
2947,2957
2947,2958
2947,2959
2948,2960
2948,2961
2949,2962
2949,2963
2949,2964
2950,2965
2950,2966
2950,2967
2951,2968
2951,2969
2951,2970
2952,2971
2956,2974
2959,2975
2962,2977
2962,2978
2963,2979
2965,2980
2965,2981
2966,2982
2968,2983
2968,2984
2969,2985
2971,2986
2971,2987
2974,2990
2975,2991
2976,2992
2976,2993
2979,2994
2982,2995
2985,2996
2988,2997
2988,2998
2989,2999
2989,3000
2989,3001
2990,3002
2990,3003
2991,3004
2991,3005
2998,3007
2998,3008
2999,3009
2999,3010
3000,3011
3002,3012
3002,3013
3002,3014
3003,3015
3003,3016
3004,3017
3004,3018
3004,3019
3006,3020
3006,3021
3006,3022
3011,3023
3024,3026
3024,3027
3025,3028
3025,3029
3030,3031
3032,3033
3032,3034
3035,3036
3037,3038
3037,3039
3039,3040
3039,3041
3040,3042
3040,3043
3043,3044
3047,3048
3047,3049
3050,3051
3050,3052
3052,3053
3052,3054
3055,3056
3055,3057
3057,3058
3057,3059
3057,3060
3057,3061
3061,3063
3061,3064
3062,3065
3062,3066
3063,3067
3064,3068
3066,3069
3066,3070
3066,3071
3067,3072
3071,3074
3072,3075
3073,3076
3075,3077
3075,3078
3079,3080
3079,3081
3079,3082
3079,3083
3079,3084
3079,3085
3079,3086
3079,3087
3079,3088
3079,3089
3079,3090
3079,3091
3079,3092
3079,3093
3079,3094
3079,3095
3092,3096
3092,3097
3092,3098
3093,3099
3093,3100
3093,3101
3093,3102
3094,3103
3094,3104
3094,3105
3095,3106
3095,3107
3095,3108
3095,3109
3098,3115
3102,3116
3105,3117
3105,3118
3105,3119
3105,3120
3109,3121
3109,3122
3109,3123
3109,3124
3109,3125
3109,3126
3109,3127
3110,3128
3111,3129
3111,3130
3112,3131
3112,3132
3113,3133
3113,3134
3114,3135
3114,3136
3116,3137
3117,3138
3117,3139
3118,3140
3118,3141
3119,3142
3119,3143
3120,3144
3124,3146
3126,3147
3126,3148
3126,3149
3126,3150
3127,3156
3137,3158
3137,3159
3137,3160
3137,3161
3139,3162
3141,3163
3143,3164
3145,3165
3145,3166
3150,3168
3150,3169
3150,3170
3150,3171
3150,3172
3151,3173
3151,3174
3152,3175
3152,3176
3153,3177
3153,3178
3154,3179
3154,3180
3155,3181
3155,3182
3157,3183
3157,3184
3162,3186
3162,3187
3163,3189
3164,3191
3166,3192
3166,3193
3168,3198
3168,3199
3169,3200
3170,3201
3170,3202
3171,3203
3171,3204
3171,3205
3172,3206
3178,3207
3178,3208
3180,3209
3180,3210
3180,3211
3182,3212
3182,3213
3182,3214
3185,3215
3185,3216
3188,3217
3188,3218
3190,3219
3190,3220
3194,3221
3194,3222
3194,3223
3195,3224
3195,3225
3195,3226
3196,3227
3196,3228
3196,3229
3197,3230
3197,3231
3197,3232
3198,3233
3199,3234
3199,3235
3200,3236
3201,3238
3205,3239
3208,3241
3211,3242
3214,3243
3216,3244
3216,3245
3221,3246
3221,3247
3222,3248
3224,3249
3224,3250
3225,3251
3227,3252
3227,3253
3228,3254
3230,3255
3230,3256
3231,3257
3233,3258
3236,3261
3236,3262
3238,3263
3239,3266
3239,3267
3242,3269
3243,3270
3245,3271
3245,3272
3248,3273
3251,3274
3254,3275
3257,3276
3259,3277
3259,3278
3260,3279
3260,3280
3260,3281
3261,3282
3263,3283
3263,3284
3263,3285
3266,3286
3266,3287
3266,3288
3267,3289
3267,3290
3268,3291
3268,3292
3269,3295
3269,3296
3270,3297
3270,3298
3270,3299
3278,3300
3278,3301
3279,3302
3279,3303
3280,3304
3282,3305
3282,3306
3282,3307
3288,3308
3295,3310
3295,3311
3295,3312
3297,3313
3297,3314
3304,3315
3307,3316
3309,3319
3309,3320
3316,3325
3316,3326
3320,3328
3320,3329
3320,3330
3320,3331
3321,3332
3321,3333
3322,3334
3322,3335
3323,3336
3323,3337
3324,3338
3324,3339
3326,3340
3326,3341
3327,3342
3327,3343
3330,3344
3344,3347
3345,3349
3346,3350
3346,3351
3346,3352
3350,3355
3350,3356
3351,3357
3353,3359
3353,3360
3354,3361
3354,3362
3357,3363
3364,3365
3367,3368
3367,3369
3367,3370
3367,3371
3367,3372
3367,3373
3367,3374
3367,3375
3367,3376
3367,3377
3376,3378
3376,3379
3376,3380
3377,3381
3377,3382
3377,3383
3377,3384
3380,3387
3384,3388
3384,3389
3384,3390
3384,3391
3384,3392
3385,3393
3385,3394
3386,3395
3386,3396
3388,3397
3391,3398
3391,3399
3391,3400
3391,3401
3392,3406
3401,3408
3401,3409
3401,3410
3401,3411
3401,3412
3401,3413
3401,3414
3401,3415
3402,3416
3402,3417
3403,3418
3403,3419
3404,3420
3404,3421
3405,3422
3405,3423
3408,3427
3409,3428
3412,3429
3413,3430
3413,3431
3414,3432
3415,3433
3421,3434
3421,3435
3423,3436
3423,3437
3423,3438
3424,3439
3425,3440
3425,3441
3425,3442
3426,3443
3426,3444
3426,3445
3427,3446
3429,3451
3429,3452
3429,3453
3435,3455
3438,3456
3440,3457
3440,3458
3441,3459
3443,3460
3443,3461
3444,3462
3446,3463
3446,3464
3455,3471
3456,3472
3457,3473
3457,3474
3458,3475
3458,3476
3459,3477
3462,3478
3463,3479
3465,3480
3465,3481
3466,3482
3466,3483
3466,3484
3467,3485
3467,3486
3468,3487
3468,3488
3469,3489
3469,3490
3470,3491
3470,3492
3471,3493
3471,3494
3472,3495
3472,3496
3479,3497
3481,3498
3481,3499
3482,3500
3483,3501
3486,3502
3493,3503
3494,3504
3494,3505
3495,3506
3495,3507
3495,3508
3500,3509
3500,3510
3501,3513
3503,3516
3503,3517
3504,3520
3504,3521
3504,3522
3522,3525
3523,3526
3523,3527
3524,3528
3524,3529
3525,3530
3530,3532
3530,3533
3530,3534
3535,3536
3537,3538
3537,3539
3540,3541
3540,3542
3543,3544
3543,3545
3545,3546
3545,3547
3548,3549
3548,3550
3548,3551
3548,3552
3548,3553
3548,3554
3548,3555
3548,3556
3548,3557
3548,3558
3548,3559
3548,3560
3548,3561
3560,3562
3560,3563
3560,3564
3561,3565
3561,3566
3561,3567
3561,3568
3564,3571
3568,3572
3568,3573
3568,3574
3568,3575
3568,3576
3569,3577
3569,3578
3570,3579
3570,3580
3571,3581
3572,3582
3575,3583
3575,3584
3575,3585
3575,3586
3576,3592
3581,3593
3586,3595
3586,3596
3586,3597
3586,3598
3586,3599
3587,3600
3587,3601
3588,3602
3588,3603
3589,3604
3589,3605
3590,3606
3590,3607
3591,3608
3591,3609
3595,3612
3597,3613
3597,3614
3598,3615
3599,3616
3605,3617
3605,3618
3607,3619
3607,3620
3609,3621
3609,3622
3609,3623
3610,3624
3610,3625
3610,3626
3611,3627
3611,3628
3611,3629
3612,3630
3613,3632
3614,3633
3614,3634
3615,3635
3616,3637
3616,3638
3616,3639
3616,3640
3618,3641
3620,3642
3623,3643
3624,3644
3625,3645
3627,3646
3627,3647
3628,3648
3630,3649
3630,3650
3632,3651
3633,3652
3634,3653
3634,3654
3635,3655
3635,3656
3641,3660
3642,3661
3643,3662
3644,3663
3644,3664
3645,3666
3648,3667
3649,3668
3657,3669
3657,3670
3658,3671
3658,3672
3658,3673
3659,3674
3660,3675
3660,3676
3661,3679
3661,3680
3662,3681
3662,3682
3663,3683
3663,3684
3664,3685
3664,3686
3668,3687
3670,3689
3670,3690
3671,3691
3671,3692
3672,3693
3675,3694
3675,3695
3680,3696
3680,3697
3681,3698
3681,3699
3681,3700
3688,3701
3688,3702
3688,3703
3693,3704
3695,3706
3696,3707
3696,3708
3697,3709
3697,3710
3705,3713
3705,3714
3706,3715
3708,3716
3708,3717
3711,3718
3711,3719
3712,3720
3712,3721
3715,3722
3715,3723
3715,3724
3716,3725
3717,3726
3725,3728
3726,3729
3726,3730
3727,3731
3732,3733
3732,3734
3735,3736
3735,3737
3735,3738
3735,3739
3735,3740
3735,3741
3735,3742
3735,3743
3735,3744
3735,3745
3735,3746
3735,3747
3735,3748
3735,3749
3735,3750
3735,3751
3735,3752
3735,3753
3742,3754
3742,3755
3742,3756
3743,3757
3743,3758
3743,3759
3744,3760
3744,3761
3744,3762
3745,3763
3745,3764
3745,3765
3745,3766
3746,3767
3746,3768
3746,3769
3746,3770
3747,3771
3747,3772
3747,3773
3747,3774
3748,3775
3748,3776
3748,3777
3748,3778
3749,3779
3749,3780
3749,3781
3750,3782
3750,3783
3750,3784
3750,3785
3751,3786
3751,3787
3751,3788
3751,3789
3752,3790
3752,3791
3752,3792
3752,3793
3753,3794
3753,3795
3753,3796
3753,3797
3756,3800
3756,3801
3756,3802
3759,3803
3762,3804
3766,3805
3766,3806
3766,3807
3766,3808
3766,3809
3766,3810
3770,3811
3770,3812
3774,3813
3774,3814
3774,3815
3778,3816
3778,3817
3778,3818
3781,3819
3785,3820
3785,3821
3785,3822
3789,3823
3789,3824
3789,3825
3793,3826
3793,3827
3793,3828
3797,3829
3797,3830
3797,3831
3797,3832
3798,3833
3798,3834
3799,3835
3799,3836
3800,3837
3800,3838
3801,3839
3801,3840
3802,3841
3803,3842
3804,3843
3805,3844
3809,3845
3809,3846
3809,3847
3810,3848
3811,3849
3812,3850
3813,3851
3814,3852
3815,3853
3816,3854
3817,3855
3818,3856
3819,3857
3820,3858
3821,3859
3822,3860
3823,3861
3824,3862
3825,3863
3826,3864
3827,3865
3828,3866
3831,3867
3831,3868
3831,3869
3832,3870
3837,3871
3837,3872
3838,3873
3838,3874
3839,3875
3840,3876
3840,3877
3842,3878
3842,3879
3847,3881
3848,3882
3848,3883
3850,3885
3850,3886
3852,3888
3855,3891
3859,3894
3862,3897
3865,3901
3869,3903
3870,3904
3870,3905
3871,3906
3871,3907
3872,3908
3875,3909
3881,3911
3881,3912
3888,3916
3891,3920
3894,3924
3901,3934
3903,3935
3903,3936
3906,3937
3908,3938
3908,3939
3908,3940
3909,3941
3910,3942
3910,3943
3910,3944
3911,3945
3912,3946
3912,3947
3913,3948
3913,3949
3914,3950
3914,3951
3915,3952
3915,3953
3916,3954
3916,3955
3917,3956
3917,3957
3918,3958
3918,3959
3919,3960
3919,3961
3921,3964
3921,3965
3922,3966
3922,3967
3923,3968
3923,3969
3924,3970
3924,3971
3924,3972
3925,3973
3925,3974
3926,3975
3926,3976
3927,3977
3927,3978
3928,3979
3928,3980
3929,3981
3929,3982
3930,3983
3930,3984
3931,3985
3931,3986
3932,3987
3932,3988
3933,3989
3933,3990
3934,3991
3934,3992
3936,3993
3936,3994
3937,3995
3942,4000
3942,4001
3943,4002
3945,4003
3945,4004
3948,4005
3948,4006
3950,4007
3950,4008
3952,4009
3952,4010
3956,4011
3956,4012
3958,4013
3958,4014
3961,4015
3961,4016
3964,4018
3964,4019
3966,4020
3966,4021
3969,4022
3969,4023
3970,4024
3970,4025
3970,4026
3973,4027
3973,4028
3975,4029
3975,4030
3977,4031
3977,4032
3979,4033
3979,4034
3982,4035
3982,4036
3987,4037
3987,4038
3989,4039
3989,4040
4002,4043
4003,4044
4004,4045
4004,4046
4017,4047
4018,4048
4018,4049
4019,4050
4019,4051
4026,4052
4041,4053
4041,4054
4042,4055
4042,4056
4044,4058
4052,4060
4056,4061
4057,4062
4057,4063
4059,4066
4059,4067
4059,4068
4063,4072
4063,4073
4063,4074
4071,4077
4071,4078
4074,4079
4074,4080
4075,4081
4076,4082
4076,4083
4084,4085
4084,4086
4084,4087
4084,4088
4084,4089
4084,4090
4084,4091
4084,4092
4087,4093
4087,4094
4087,4095
4088,4096
4088,4097
4090,4098
4092,4099
4092,4100
4095,4102
4095,4103
4100,4105
4101,4106
4101,4107
4103,4108
4108,4112
4108,4113
4109,4114
4109,4115
4110,4116
4110,4117
4113,4118
4113,4119
4114,4120
4114,4121
4122,4123
4124,4126
4124,4127
4128,4129
4128,4130
4128,4131
4132,4133
4132,4134
4133,4135
4136,4141
4136,4142
4137,4143
4137,4144
4138,4145
4138,4146
4139,4147
4139,4148
4140,4149
4140,4150
4141,4151
4143,4152
4145,4153
4147,4154
4149,4155
4155,4156
4157,4164
4158,4165
4158,4166
4159,4167
4159,4168
4160,4169
4160,4170
4161,4171
4161,4172
4162,4173
4162,4174
4163,4175
4163,4176
4165,4177
4167,4178
4169,4179
4172,4180
4172,4181
4173,4182
4181,4183
4184,4188
4185,4189
4186,4190
4186,4191
4187,4192
4190,4193
4193,4194
4195,4196
4195,4197
4195,4198
4195,4199
4195,4200
4195,4201
4202,4204
4202,4205
4203,4206
4203,4207
4204,4208
4204,4209
4206,4210
4211,4214
4211,4215
4212,4216
4212,4217
4213,4218
4213,4219
4214,4220
4216,4221
4218,4222
4223,4236
4223,4237
4224,4238
4224,4239
4225,4240
4225,4241
4226,4242
4226,4243
4227,4244
4227,4245
4228,4246
4228,4247
4229,4248
4229,4249
4230,4250
4230,4251
4231,4252
4231,4253
4232,4254
4232,4255
4233,4256
4233,4257
4234,4258
4234,4259
4235,4260
4235,4261
4236,4262
4238,4263
4240,4264
4242,4265
4244,4266
4246,4267
4248,4268
4250,4269
4252,4270
4254,4271
4256,4272
4258,4273
4260,4274
4264,4275
4264,4276
4265,4277
4265,4278
4266,4279
4266,4280
4267,4281
4267,4282
4268,4283
4268,4284
4269,4285
4269,4286
4270,4287
4270,4288
4270,4289
4270,4290
4271,4291
4271,4292
4274,4293
4281,4308
4281,4309
4287,4328
4287,4329
4287,4330
4294,4343
4294,4344
4294,4345
4295,4346
4295,4347
4296,4348
4296,4349
4297,4350
4297,4351
4298,4352
4298,4353
4298,4354
4299,4355
4300,4356
4301,4357
4301,4358
4302,4359
4302,4360
4303,4361
4303,4362
4304,4363
4304,4364
4305,4365
4305,4366
4306,4367
4306,4368
4307,4369
4307,4370
4307,4371
4309,4372
4310,4373
4310,4374
4311,4375
4311,4376
4312,4377
4312,4378
4313,4379
4313,4380
4314,4381
4314,4382
4315,4383
4315,4384
4316,4385
4316,4386
4317,4387
4317,4388
4318,4389
4318,4390
4319,4391
4319,4392
4320,4393
4320,4394
4321,4395
4321,4396
4322,4397
4322,4398
4323,4399
4323,4400
4324,4401
4324,4402
4325,4403
4325,4404
4326,4405
4326,4406
4327,4407
4327,4408
4330,4409
4331,4410
4331,4411
4332,4412
4332,4413
4333,4414
4333,4415
4333,4416
4334,4417
4334,4418
4334,4419
4335,4420
4335,4421
4336,4422
4336,4423
4337,4424
4337,4425
4338,4426
4339,4427
4339,4428
4340,4429
4340,4430
4341,4431
4341,4432
4342,4433
4342,4434
4343,4435
4344,4436
4344,4437
4346,4438
4348,4439
4350,4440
4350,4441
4352,4442
4353,4443
4353,4444
4357,4449
4357,4450
4365,4451
4365,4452
4372,4453
4375,4454
4377,4455
4377,4456
4379,4457
4379,4458
4381,4459
4381,4460
4383,4461
4383,4462
4385,4463
4385,4464
4388,4465
4389,4466
4389,4467
4391,4468
4391,4469
4394,4470
4394,4471
4395,4472
4395,4473
4397,4474
4397,4475
4399,4476
4399,4477
4401,4478
4401,4479
4403,4480
4403,4481
4405,4482
4405,4483
4405,4484
4407,4485
4407,4486
4409,4487
4420,4488
4420,4489
4424,4490
4427,4493
4429,4494
4431,4495
4433,4496
4433,4497
4437,4498
4444,4499
4445,4500
4445,4501
4446,4502
4446,4503
4483,4504
4487,4505
4487,4506
4495,4507
4504,4516
4506,4517
4506,4518
4508,4523
4508,4524
4509,4525
4510,4526
4510,4527
4511,4528
4512,4529
4512,4530
4513,4531
4513,4532
4514,4533
4515,4534
4515,4535
4519,4536
4520,4537
4520,4538
4521,4539
4521,4540
4522,4541
4522,4542
4526,4545
4526,4546
4529,4547
4529,4548
4534,4551
4534,4552
4553,4554
4553,4555
4553,4556
4557,4558
4557,4559
4558,4560
4561,4565
4561,4566
4562,4567
4562,4568
4563,4569
4563,4570
4564,4571
4564,4572
4565,4573
4567,4574
4569,4575
4571,4576
4574,4577
4574,4578
4574,4579
4575,4580
4575,4581
4575,4582
4575,4583
4584,4595
4584,4596
4585,4597
4585,4598
4586,4599
4586,4600
4587,4601
4587,4602
4588,4603
4588,4604
4589,4605
4589,4606
4590,4607
4590,4608
4591,4609
4591,4610
4592,4611
4592,4612
4593,4613
4593,4614
4594,4615
4594,4616
4595,4617
4597,4618
4599,4619
4601,4620
4601,4621
4603,4622
4605,4623
4605,4624
4607,4625
4609,4626
4609,4627
4611,4628
4613,4629
4615,4630
4619,4631
4620,4632
4622,4633
4622,4634
4622,4635
4623,4636
4625,4637
4626,4638
4630,4639
4630,4640
4630,4641
4632,4649
4636,4652
4636,4653
4636,4654
4638,4656
4642,4663
4642,4664
4643,4665
4643,4666
4644,4667
4644,4668
4645,4669
4645,4670
4646,4671
4646,4672
4647,4673
4647,4674
4648,4675
4648,4676
4650,4678
4651,4679
4655,4682
4655,4683
4657,4685
4657,4686
4658,4687
4658,4688
4659,4689
4659,4690
4660,4691
4660,4692
4661,4693
4662,4694
4662,4695
4662,4696
4663,4697
4665,4698
4667,4699
4669,4700
4671,4701
4673,4702
4675,4703
4675,4704
4677,4705
4677,4706
4680,4711
4681,4712
4682,4713
4682,4714
4684,4715
4684,4716
4685,4717
4685,4718
4687,4719
4687,4720
4689,4721
4689,4722
4691,4723
4691,4724
4705,4727
4705,4728
4715,4733
4715,4734
4735,4741
4736,4742
4736,4743
4737,4744
4737,4745
4737,4746
4738,4747
4739,4748
4739,4749
4740,4750
4740,4751
4752,4753
4752,4754
4752,4755
4756,4757
4756,4758
4757,4759
4760,4764
4760,4765
4761,4766
4761,4767
4762,4768
4762,4769
4763,4770
4763,4771
4764,4772
4766,4773
4768,4774
4770,4775
4773,4776
4774,4777
4778,4785
4778,4786
4779,4787
4779,4788
4780,4789
4780,4790
4781,4791
4781,4792
4782,4793
4782,4794
4783,4795
4783,4796
4784,4797
4784,4798
4785,4799
4787,4800
4789,4801
4791,4802
4793,4803
4795,4804
4797,4805
4804,4806
4805,4807
4808,4828
4808,4829
4809,4830
4809,4831
4810,4832
4810,4833
4811,4834
4811,4835
4812,4836
4812,4837
4813,4838
4813,4839
4814,4840
4814,4841
4815,4842
4815,4843
4816,4844
4816,4845
4817,4846
4817,4847
4818,4848
4818,4849
4819,4850
4819,4851
4820,4852
4821,4853
4822,4854
4823,4855
4824,4856
4825,4857
4826,4858
4827,4859
4828,4860
4830,4861
4832,4862
4834,4863
4836,4864
4838,4865
4840,4866
4842,4867
4844,4868
4846,4869
4848,4870
4850,4871
4850,4872
4862,4881
4882,4885
4883,4886
4883,4887
4884,4888
4889,4890
4889,4891
4889,4892
4893,4894
4893,4895
4894,4896
4896,4897
4896,4898
4897,4899
4897,4900
4897,4901
4902,4910
4902,4911
4903,4912
4903,4913
4904,4914
4904,4915
4905,4916
4905,4917
4906,4918
4906,4919
4907,4920
4907,4921
4908,4922
4908,4923
4909,4924
4909,4925
4910,4927
4912,4928
4914,4929
4916,4930
4918,4931
4920,4932
4922,4933
4924,4934
4926,4935
4926,4936
4927,4937
4928,4938
4929,4939
4930,4940
4931,4941
4932,4942
4933,4943
4934,4944
4934,4945
4946,4963
4946,4964
4947,4965
4947,4966
4948,4967
4948,4968
4949,4969
4949,4970
4950,4971
4950,4972
4951,4973
4951,4974
4952,4975
4952,4976
4953,4977
4953,4978
4954,4979
4954,4980
4955,4981
4955,4982
4956,4983
4956,4984
4957,4985
4957,4986
4958,4987
4958,4988
4959,4989
4959,4990
4960,4991
4960,4992
4961,4993
4961,4994
4962,4995
4962,4996
4963,4997
4963,4998
4965,4999
4967,5000
4967,5001
4969,5002
4971,5003
4973,5004
4973,5005
4975,5006
4977,5007
4977,5008
4979,5009
4981,5010
4981,5011
4983,5012
4985,5013
4985,5014
4987,5015
4989,5016
4989,5017
4991,5018
4993,5019
4993,5020
4995,5021
5000,5022
5000,5023
5024,5032
5024,5033
5025,5034
5025,5035
5026,5036
5027,5037
5027,5038
5028,5039
5028,5040
5029,5041
5029,5042
5030,5043
5031,5044
5032,5045
5046,5047
5046,5048
5046,5049
5046,5050
5046,5051
5052,5053
5052,5054
5053,5055
5056,5065
5056,5066
5057,5067
5057,5068
5058,5069
5058,5070
5059,5071
5059,5072
5060,5073
5060,5074
5061,5075
5061,5076
5062,5077
5062,5078
5063,5079
5063,5080
5064,5081
5064,5082
5065,5083
5067,5084
5069,5085
5071,5086
5073,5087
5075,5088
5077,5089
5079,5090
5081,5091
5084,5092
5084,5093
5084,5094
5084,5095
5084,5096
5084,5097
5085,5098
5085,5099
5085,5100
5086,5101
5086,5102
5086,5103
5086,5104
5105,5131
5105,5132
5106,5133
5106,5134
5107,5135
5107,5136
5107,5137
5108,5138
5108,5139
5108,5140
5109,5141
5109,5142
5109,5143
5110,5144
5110,5145
5110,5146
5111,5147
5111,5148
5111,5149
5112,5150
5112,5151
5112,5152
5113,5153
5113,5154
5113,5155
5114,5156
5114,5157
5114,5158
5115,5159
5115,5160
5115,5161
5116,5162
5116,5163
5116,5164
5117,5165
5117,5166
5117,5167
5118,5168
5118,5169
5118,5170
5119,5171
5119,5172
5119,5173
5120,5174
5120,5175
5120,5176
5121,5177
5121,5178
5122,5179
5122,5180
5123,5181
5123,5182
5124,5183
5124,5184
5125,5185
5125,5186
5126,5187
5126,5188
5127,5189
5127,5190
5128,5191
5128,5192
5129,5193
5129,5194
5130,5195
5130,5196
5131,5197
5133,5198
5138,5199
5138,5200
5144,5201
5144,5202
5156,5203
5156,5204
5171,5205
5171,5206
5174,5207
5174,5208
5177,5209
5179,5210
5181,5211
5183,5212
5185,5213
5187,5214
5189,5215
5191,5216
5193,5217
5195,5218
5209,5219
5210,5220
5211,5221
5211,5222
5211,5223
5212,5224
5212,5225
5212,5226
5212,5227
5212,5228
5212,5229
5213,5230
5213,5231
5213,5232
5214,5233
5214,5234
5214,5235
5214,5236
5214,5237
5215,5238
5216,5239
5217,5240
5217,5241
5218,5242
5218,5243
5218,5244
5218,5245
5218,5246
5218,5247
5218,5248
5218,5249
5218,5250
5243,5296
5243,5297
5243,5298
5246,5299
5246,5300
5246,5301
5251,5324
5252,5325
5252,5326
5253,5327
5253,5328
5254,5329
5254,5330
5254,5331
5255,5332
5255,5333
5255,5334
5256,5335
5256,5336
5256,5337
5257,5338
5257,5339
5258,5340
5258,5341
5258,5342
5259,5343
5259,5344
5259,5345
5260,5346
5260,5347
5260,5348
5261,5349
5261,5350
5262,5351
5262,5352
5262,5353
5263,5354
5263,5355
5263,5356
5264,5357
5264,5358
5264,5359
5265,5360
5265,5361
5266,5362
5266,5363
5266,5364
5267,5365
5268,5366
5268,5367
5269,5368
5269,5369
5270,5370
5271,5371
5272,5372
5273,5373
5274,5374
5275,5375
5275,5376
5276,5377
5276,5378
5277,5379
5277,5380
5278,5381
5278,5382
5279,5383
5279,5384
5280,5385
5280,5386
5281,5387
5281,5388
5282,5389
5282,5390
5283,5391
5283,5392
5284,5393
5284,5394
5284,5395
5285,5396
5285,5397
5285,5398
5286,5399
5286,5400
5286,5401
5287,5402
5287,5403
5288,5404
5288,5405
5288,5406
5289,5407
5289,5408
5289,5409
5290,5410
5290,5411
5290,5412
5291,5413
5291,5414
5292,5415
5292,5416
5292,5417
5293,5418
5293,5419
5293,5420
5294,5421
5294,5422
5294,5423
5295,5424
5295,5425
5295,5426
5298,5427
5301,5428
5302,5429
5302,5430
5303,5431
5303,5432
5304,5433
5304,5434
5305,5435
5305,5436
5306,5437
5306,5438
5306,5439
5307,5440
5307,5441
5308,5442
5308,5443
5308,5444
5309,5445
5309,5446
5310,5447
5310,5448
5311,5449
5311,5450
5311,5451
5312,5452
5312,5453
5313,5454
5313,5455
5313,5456
5314,5457
5314,5458
5315,5459
5315,5460
5316,5461
5316,5462
5316,5463
5317,5464
5317,5465
5318,5466
5318,5467
5318,5468
5319,5469
5319,5470
5320,5471
5320,5472
5320,5473
5321,5474
5321,5475
5322,5476
5322,5477
5322,5478
5323,5479
5323,5480
5323,5481
5349,5482
5349,5483
5361,5484
5367,5487
5369,5488
5375,5496
5378,5497
5380,5498
5382,5499
5385,5500
5385,5501
5387,5502
5387,5503
5389,5504
5389,5505
5413,5506
5413,5507
5427,5508
5428,5509
5430,5510
5442,5511
5442,5512
5446,5513
5446,5514
5454,5515
5454,5516
5458,5517
5458,5518
5466,5519
5466,5520
5476,5521
5476,5522
5487,5523
5488,5524
5489,5525
5490,5526
5493,5527
5508,5528
5508,5529
5509,5530
5509,5531
5510,5532
5528,5533
5528,5534
5530,5535
5530,5536
5539,5542
5544,5545
5544,5546
5544,5547
5544,5548
5549,5550
5549,5551
5550,5552
5552,5553
5552,5554
5552,5555
5555,5556
5555,5557
5555,5558
5558,5573
5559,5574
5559,5575
5560,5576
5560,5577
5561,5578
5561,5579
5562,5580
5562,5581
5563,5582
5563,5583
5564,5584
5564,5585
5565,5586
5565,5587
5566,5588
5566,5589
5567,5590
5567,5591
5568,5592
5568,5593
5569,5594
5569,5595
5570,5596
5570,5597
5571,5598
5571,5599
5572,5600
5572,5601
5573,5602
5575,5603
5575,5604
5576,5605
5578,5606
5580,5607
5582,5608
5584,5609
5586,5610
5588,5611
5590,5612
5592,5613
5594,5614
5596,5615
5598,5616
5600,5617
5602,5618
5602,5619
5604,5620
5606,5621
5607,5622
5607,5623
5607,5624
5608,5625
5609,5626
5610,5627
5610,5628
5610,5629
5610,5630
5611,5631
5611,5632
5611,5633
5611,5634
5611,5635
5612,5636
5612,5637
5612,5638
5613,5639
5613,5640
5613,5641
5614,5642
5614,5643
5614,5644
5615,5645
5615,5646
5615,5647
5616,5648
5616,5649
5616,5650
5617,5651
5617,5652
5617,5653
5617,5654
5617,5655
5618,5656
5618,5657
5620,5659
5658,5703
5658,5704
5659,5705
5659,5706
5660,5707
5660,5708
5661,5709
5661,5710
5662,5711
5662,5712
5663,5713
5663,5714
5663,5715
5664,5716
5664,5717
5664,5718
5665,5719
5665,5720
5666,5721
5666,5722
5667,5723
5667,5724
5668,5725
5668,5726
5668,5727
5669,5728
5670,5729
5670,5730
5671,5731
5671,5732
5671,5733
5672,5734
5672,5735
5673,5736
5673,5737
5673,5738
5674,5739
5674,5740
5675,5741
5675,5742
5676,5743
5676,5744
5677,5745
5678,5746
5678,5747
5678,5748
5679,5749
5679,5750
5680,5751
5681,5752
5681,5753
5681,5754
5682,5755
5682,5756
5683,5757
5683,5758
5683,5759
5684,5760
5684,5761
5685,5762
5685,5763
5686,5764
5686,5765
5686,5766
5687,5767
5687,5768
5688,5769
5688,5770
5689,5771
5689,5772
5690,5773
5690,5774
5690,5775
5691,5776
5692,5777
5692,5778
5693,5779
5693,5780
5693,5781
5694,5782
5694,5783
5695,5784
5695,5785
5695,5786
5696,5787
5696,5788
5697,5789
5697,5790
5698,5791
5698,5792
5698,5793
5699,5794
5699,5795
5700,5796
5700,5797
5701,5798
5702,5799
5703,5800
5703,5801
5707,5802
5710,5803
5710,5804
5711,5805
5711,5806
5713,5807
5716,5808
5716,5809
5716,5810
5720,5811
5720,5812
5721,5813
5724,5814
5724,5815
5725,5816
5729,5817
5729,5818
5731,5819
5731,5820
5731,5821
5734,5822
5736,5823
5737,5824
5739,5825
5741,5826
5743,5827
5749,5830
5755,5833
5757,5834
5757,5835
5757,5836
5760,5837
5762,5838
5764,5839
5764,5840
5764,5841
5767,5842
5770,5843
5770,5844
5771,5845
5773,5846
5773,5847
5773,5848
5778,5849
5778,5850
5779,5851
5779,5852
5779,5853
5782,5854
5784,5855
5784,5856
5784,5857
5787,5858
5789,5859
5791,5860
5791,5861
5791,5862
5794,5863
5796,5864
5804,5868
5812,5869
5815,5870
5819,5871
5819,5872
5844,5873
5844,5874
5867,5875
5869,5877
5870,5879
5873,5889
5873,5890
5874,5891
5874,5892
5875,5899
5875,5900
5876,5901
5877,5903
5878,5904
5878,5905
5879,5906
5879,5907
5880,5908
5880,5909
5881,5910
5881,5911
5881,5912
5882,5913
5882,5914
5883,5915
5883,5916
5884,5917
5884,5918
5884,5919
5885,5920
5885,5921
5886,5922
5886,5923
5886,5924
5887,5925
5887,5926
5888,5927
5888,5928
5888,5929
5889,5930
5890,5931
5890,5932
5891,5933
5892,5934
5892,5935
5893,5936
5893,5937
5894,5938
5894,5939
5895,5940
5895,5941
5895,5942
5896,5943
5896,5944
5897,5945
5897,5946
5897,5947
5898,5948
5898,5949
5898,5950
5908,5951
5908,5952
5910,5953
5910,5954
5913,5955
5913,5956
5913,5957
5928,5958
5928,5959
5930,5960
5933,5961
5934,5962
5934,5963
5935,5964
5935,5965
5946,5966
5946,5967
5946,5968
5949,5969
5949,5970
5949,5971
5953,5972
5956,5973
5956,5974
5966,5975
5966,5976
5966,5977
5974,5978
5976,5979
5976,5980
5983,5984
5983,5985
5983,5986
5987,5988
5987,5989
5988,5990
5991,5998
5991,5999
5992,6000
5992,6001
5993,6002
5993,6003
5994,6004
5994,6005
5995,6006
5995,6007
5996,6008
5996,6009
5997,6010
5997,6011
5998,6012
6000,6013
6002,6014
6004,6015
6006,6016
6008,6017
6010,6018
6012,6019
6012,6020
6013,6021
6014,6022
6014,6023
6015,6024
6015,6025
6015,6026
6027,6043
6027,6044
6028,6045
6028,6046
6029,6047
6029,6048
6030,6049
6031,6050
6031,6051
6032,6052
6032,6053
6033,6054
6033,6055
6034,6056
6034,6057
6035,6058
6035,6059
6036,6060
6036,6061
6037,6062
6037,6063
6038,6064
6038,6065
6039,6066
6039,6067
6040,6068
6040,6069
6041,6070
6041,6071
6042,6072
6042,6073
6045,6074
6050,6077
6050,6078
6052,6079
6054,6080
6056,6081
6058,6082
6060,6083
6062,6084
6064,6085
6066,6086
6068,6087
6070,6088
6072,6089
6077,6090
6077,6091
6080,6092
6080,6093
6081,6094
6081,6095
6081,6096
6082,6097
6082,6098
6083,6099
6084,6100
6084,6101
6084,6102
6084,6103
6085,6104
6085,6105
6085,6106
6086,6107
6086,6108
6087,6109
6087,6110
6087,6111
6087,6112
6088,6113
6088,6114
6089,6115
6089,6116
6094,6121
6094,6122
6094,6123
6117,6151
6117,6152
6118,6153
6118,6154
6119,6155
6119,6156
6120,6157
6120,6158
6124,6159
6124,6160
6125,6161
6125,6162
6126,6163
6126,6164
6127,6165
6127,6166
6128,6167
6128,6168
6129,6169
6129,6170
6130,6171
6130,6172
6131,6173
6131,6174
6132,6175
6132,6176
6133,6177
6133,6178
6134,6179
6134,6180
6135,6181
6135,6182
6136,6183
6136,6184
6137,6185
6137,6186
6138,6187
6139,6188
6139,6189
6140,6190
6140,6191
6141,6192
6141,6193
6142,6194
6142,6195
6143,6196
6143,6197
6144,6198
6144,6199
6145,6200
6145,6201
6146,6202
6146,6203
6147,6204
6147,6205
6148,6206
6148,6207
6149,6208
6149,6209
6150,6210
6150,6211
6153,6212
6155,6213
6157,6214
6159,6216
6159,6217
6161,6218
6161,6219
6163,6220
6163,6221
6165,6222
6165,6223
6167,6224
6167,6225
6169,6226
6169,6227
6171,6228
6171,6229
6173,6230
6175,6231
6177,6232
6179,6233
6182,6234
6182,6235
6183,6236
6185,6237
6185,6238
6188,6241
6190,6242
6192,6243
6194,6244
6196,6245
6198,6246
6200,6247
6202,6248
6202,6249
6204,6250
6206,6251
6208,6252
6210,6253
6215,6254
6215,6255
6234,6256
6243,6257
6244,6258
6245,6259
6247,6260
6251,6261
6256,6266
6259,6268
6262,6272
6263,6273
6264,6274
6265,6275
6266,6276
6267,6277
6269,6278
6270,6279
6271,6280
6281,6282
6281,6283
6284,6285
6284,6286
6285,6287
6287,6288
6287,6289
6287,6290
6287,6291
6287,6292
6287,6293
6287,6294
6287,6295
6287,6296
6287,6297
6287,6298
6287,6299
6287,6300
6287,6301
6287,6302
6287,6303
6287,6304
6287,6305
6287,6306
6287,6307
6287,6308
6287,6309
6310,6313
6310,6314
6311,6315
6311,6316
6312,6317
6312,6318
6313,6319
6315,6320
6317,6321
6322,6345
6322,6346
6323,6347
6323,6348
6324,6349
6324,6350
6325,6351
6325,6352
6326,6353
6326,6354
6327,6355
6327,6356
6328,6357
6328,6358
6329,6359
6329,6360
6330,6361
6330,6362
6331,6363
6331,6364
6332,6365
6332,6366
6333,6367
6333,6368
6334,6369
6334,6370
6335,6371
6335,6372
6336,6373
6336,6374
6337,6375
6337,6376
6338,6377
6338,6378
6339,6379
6339,6380
6340,6381
6340,6382
6341,6383
6341,6384
6342,6385
6342,6386
6343,6387
6343,6388
6344,6389
6344,6390
6345,6391
6345,6392
6347,6393
6347,6394
6349,6395
6349,6396
6351,6397
6351,6398
6353,6399
6353,6400
6355,6401
6355,6402
6357,6403
6357,6404
6359,6405
6359,6406
6361,6407
6361,6408
6363,6409
6363,6410
6365,6411
6365,6412
6367,6413
6367,6414
6369,6415
6369,6416
6371,6417
6371,6418
6373,6419
6373,6420
6375,6421
6375,6422
6377,6423
6377,6424
6379,6425
6379,6426
6381,6427
6381,6428
6383,6429
6383,6430
6385,6431
6385,6432
6387,6433
6387,6434
6389,6435
6389,6436
6391,6437
6391,6438
6439,6440
6439,6441
6439,6442
6443,6444
6443,6445
6444,6446
6447,6448
6447,6449
6448,6450
6450,6451
6450,6452
6453,6454
6453,6455
6453,6456
6457,6458
6457,6459
6457,6460
6457,6461
6457,6462
6457,6463
6457,6464
6465,6466
6465,6467
6466,6468
6469,6474
6469,6475
6470,6476
6470,6477
6471,6478
6471,6479
6472,6480
6472,6481
6473,6482
6473,6483
6474,6484
6476,6485
6478,6486
6480,6487
6482,6488
6488,6489
6490,6505
6490,6506
6491,6507
6491,6508
6492,6509
6492,6510
6493,6511
6493,6512
6494,6513
6494,6514
6495,6515
6495,6516
6496,6517
6496,6518
6497,6519
6497,6520
6498,6521
6498,6522
6499,6523
6499,6524
6500,6525
6500,6526
6501,6527
6501,6528
6502,6529
6502,6530
6503,6531
6503,6532
6504,6533
6504,6534
6505,6535
6507,6536
6509,6537
6511,6538
6513,6539
6515,6540
6517,6541
6519,6542
6521,6543
6523,6544
6525,6545
6527,6546
6529,6547
6531,6548
6533,6549
6537,6550
6537,6551
6540,6552
6540,6553
6540,6554
6540,6555
6541,6556
6541,6557
6541,6558
6542,6559
6547,6560
6548,6561
6548,6562
6548,6563
6549,6564
6557,6597
6557,6598
6557,6599
6562,6622
6562,6623
6562,6624
6565,6632
6565,6633
6566,6634
6566,6635
6567,6636
6567,6637
6568,6638
6568,6639
6569,6640
6569,6641
6569,6642
6570,6643
6570,6644
6570,6645
6571,6646
6571,6647
6571,6648
6572,6649
6572,6650
6572,6651
6573,6652
6573,6653
6573,6654
6574,6655
6575,6656
6575,6657
6575,6658
6576,6659
6576,6660
6576,6661
6577,6662
6577,6663
6577,6664
6578,6665
6578,6666
6578,6667
6579,6668
6579,6669
6579,6670
6580,6671
6581,6672
6581,6673
6582,6674
6582,6675
6583,6676
6584,6677
6584,6678
6585,6679
6585,6680
6586,6681
6586,6682
6587,6683
6587,6684
6588,6685
6588,6686
6589,6687
6589,6688
6590,6689
6590,6690
6591,6691
6592,6692
6592,6693
6592,6694
6593,6695
6593,6696
6594,6697
6594,6698
6595,6699
6595,6700
6596,6701
6596,6702
6600,6703
6600,6704
6601,6705
6601,6706
6602,6707
6602,6708
6603,6709
6604,6710
6604,6711
6605,6712
6606,6713
6606,6714
6607,6715
6607,6716
6608,6717
6608,6718
6609,6719
6609,6720
6610,6721
6610,6722
6611,6723
6611,6724
6612,6725
6612,6726
6613,6727
6613,6728
6614,6729
6614,6730
6615,6731
6615,6732
6616,6733
6616,6734
6617,6735
6617,6736
6618,6737
6619,6738
6619,6739
6620,6740
6620,6741
6621,6742
6621,6743
6625,6744
6625,6745
6626,6746
6626,6747
6627,6748
6627,6749
6628,6750
6628,6751
6629,6752
6629,6753
6630,6754
6630,6755
6631,6756
6631,6757
6632,6758
6634,6759
6636,6760
6638,6761
6640,6762
6643,6763
6643,6764
6646,6765
6649,6766
6649,6767
6652,6768
6652,6769
6656,6770
6659,6771
6659,6772
6662,6773
6665,6774
6665,6775
6668,6776
6668,6777
6672,6778
6672,6779
6674,6780
6674,6781
6677,6784
6679,6785
6681,6786
6683,6787
6689,6788
6689,6789
6699,6792
6701,6793
6704,6795
6705,6796
6707,6797
6710,6798
6713,6799
6713,6800
6715,6801
6715,6802
6717,6803
6717,6804
6719,6805
6721,6806
6723,6807
6723,6808
6725,6809
6727,6810
6727,6811
6729,6812
6729,6813
6731,6814
6731,6815
6734,6816
6735,6817
6735,6818
6738,6819
6738,6820
6740,6821
6740,6822
6742,6823
6742,6824
6745,6826
6746,6827
6746,6828
6748,6829
6748,6830
6750,6831
6750,6832
6794,6833
6794,6834
6801,6835
6801,6836
6817,6837
6817,6838
6825,6839
6825,6840
6827,6841
6829,6842
6843,6857
6844,6858
6844,6859
6845,6860
6845,6861
6846,6862
6846,6863
6846,6864
6847,6865
6848,6866
6848,6867
6849,6868
6850,6869
6850,6870
6851,6871
6851,6872
6852,6873
6852,6874
6853,6875
6853,6876
6854,6877
6854,6878
6855,6879
6855,6880
6856,6881
6875,6882
6877,6883
6884,6885
6884,6886
6884,6887
6888,6889
6888,6890
6889,6891
6891,6892
6891,6893
6891,6894
6895,6898
6895,6899
6896,6900
6896,6901
6897,6902
6897,6903
6898,6904
6900,6905
6902,6906
6907,6910
6907,6911
6908,6912
6908,6913
6909,6914
6909,6915
6910,6916
6912,6917
6914,6918
6919,6928
6919,6929
6920,6930
6920,6931
6921,6932
6921,6933
6922,6934
6922,6935
6923,6936
6923,6937
6924,6938
6924,6939
6925,6940
6925,6941
6926,6942
6926,6943
6927,6944
6927,6945
6928,6946
6930,6947
6932,6948
6934,6949
6936,6950
6938,6951
6940,6952
6942,6953
6944,6954
6955,6961
6956,6962
6956,6963
6957,6964
6957,6965
6958,6966
6958,6967
6959,6968
6960,6969
6960,6970
6971,6972
6971,6973
6974,6975
6974,6976
6975,6977
6978,6979
6978,6980
6979,6981
6982,6984
6982,6985
6983,6986
6983,6987
6984,6988
6986,6989
6990,6992
6990,6993
6991,6994
6992,6995
6995,6996
6997,6998
6997,6999
6997,7000
6997,7001
6997,7002
7003,7016
7003,7017
7004,7018
7004,7019
7005,7020
7005,7021
7006,7022
7006,7023
7007,7024
7007,7025
7008,7026
7008,7027
7009,7028
7009,7029
7010,7030
7010,7031
7011,7032
7011,7033
7012,7034
7012,7035
7013,7036
7013,7037
7014,7038
7014,7039
7015,7040
7015,7041
7016,7042
7018,7043
7020,7044
7022,7045
7024,7046
7026,7047
7028,7048
7030,7049
7032,7050
7034,7051
7036,7052
7038,7053
7040,7054
7042,7055
7056,7070
7056,7071
7057,7072
7057,7073
7058,7074
7058,7075
7059,7076
7059,7077
7060,7078
7060,7079
7061,7080
7061,7081
7062,7082
7062,7083
7063,7084
7063,7085
7064,7086
7064,7087
7065,7088
7065,7089
7066,7090
7066,7091
7067,7092
7067,7093
7068,7094
7068,7095
7069,7096
7069,7097
7070,7098
7072,7099
7074,7100
7074,7101
7076,7102
7078,7103
7080,7104
7082,7105
7084,7106
7086,7107
7088,7108
7090,7109
7092,7110
7094,7111
7096,7112
7101,7113
7101,7114
7115,7141
7115,7142
7116,7143
7116,7144
7117,7145
7117,7146
7118,7147
7118,7148
7119,7149
7119,7150
7120,7151
7120,7152
7121,7153
7121,7154
7122,7155
7122,7156
7123,7157
7123,7158
7124,7159
7124,7160
7125,7161
7125,7162
7126,7163
7126,7164
7127,7165
7127,7166
7128,7167
7128,7168
7129,7169
7129,7170
7130,7171
7130,7172
7131,7173
7131,7174
7132,7175
7132,7176
7133,7177
7133,7178
7134,7179
7134,7180
7135,7181
7135,7182
7136,7183
7136,7184
7137,7185
7137,7186
7138,7187
7138,7188
7139,7189
7139,7190
7140,7191
7140,7192
7141,7193
7143,7194
7145,7195
7147,7196
7149,7197
7151,7198
7153,7199
7155,7200
7157,7201
7159,7202
7161,7203
7163,7204
7165,7205
7167,7206
7169,7207
7171,7208
7173,7209
7175,7210
7177,7211
7179,7212
7181,7213
7183,7214
7185,7215
7187,7216
7189,7217
7191,7218
7193,7219
7208,7220
7220,7310
7220,7311
7221,7373
7221,7374
7221,7375
7222,7376
7222,7377
7223,7378
7223,7379
7224,7380
7224,7381
7225,7382
7225,7383
7226,7384
7226,7385
7227,7386
7227,7387
7228,7388
7228,7389
7229,7390
7229,7391
7230,7392
7230,7393
7231,7394
7231,7395
7232,7396
7232,7397
7233,7398
7233,7399
7234,7400
7234,7401
7234,7402
7235,7403
7235,7404
7236,7405
7236,7406
7237,7407
7237,7408
7238,7409
7238,7410
7239,7411
7239,7412
7240,7413
7240,7414
7241,7415
7241,7416
7242,7417
7242,7418
7243,7419
7243,7420
7244,7421
7244,7422
7245,7423
7245,7424
7246,7425
7246,7426
7247,7427
7247,7428
7248,7429
7248,7430
7249,7431
7249,7432
7250,7433
7250,7434
7251,7435
7251,7436
7252,7437
7252,7438
7253,7439
7253,7440
7254,7441
7254,7442
7255,7443
7255,7444
7256,7445
7256,7446
7257,7447
7257,7448
7258,7449
7258,7450
7259,7451
7259,7452
7260,7453
7260,7454
7261,7455
7261,7456
7262,7457
7262,7458
7263,7459
7263,7460
7264,7461
7264,7462
7265,7463
7265,7464
7266,7465
7266,7466
7267,7467
7267,7468
7268,7469
7268,7470
7269,7471
7269,7472
7270,7473
7270,7474
7271,7475
7271,7476
7272,7477
7272,7478
7273,7479
7273,7480
7274,7481
7274,7482
7275,7483
7275,7484
7276,7485
7276,7486
7277,7487
7277,7488
7278,7489
7278,7490
7279,7491
7279,7492
7280,7493
7280,7494
7281,7495
7281,7496
7282,7497
7282,7498
7283,7499
7283,7500
7284,7501
7284,7502
7285,7503
7285,7504
7286,7505
7286,7506
7287,7507
7287,7508
7288,7509
7288,7510
7289,7511
7289,7512
7290,7513
7290,7514
7291,7515
7291,7516
7292,7517
7292,7518
7293,7519
7293,7520
7294,7521
7294,7522
7295,7523
7295,7524
7296,7525
7296,7526
7297,7527
7297,7528
7298,7529
7298,7530
7299,7531
7299,7532
7300,7533
7300,7534
7301,7535
7301,7536
7302,7537
7302,7538
7303,7539
7303,7540
7304,7541
7304,7542
7305,7543
7305,7544
7306,7545
7306,7546
7307,7547
7307,7548
7308,7549
7308,7550
7309,7551
7309,7552
7312,7553
7312,7554
7313,7555
7313,7556
7314,7557
7314,7558
7315,7559
7315,7560
7316,7561
7316,7562
7317,7563
7317,7564
7318,7565
7318,7566
7319,7567
7319,7568
7320,7569
7320,7570
7321,7571
7321,7572
7322,7573
7322,7574
7323,7575
7323,7576
7324,7577
7324,7578
7325,7579
7325,7580
7326,7581
7326,7582
7327,7583
7327,7584
7328,7585
7328,7586
7329,7587
7329,7588
7330,7589
7330,7590
7331,7591
7331,7592
7332,7593
7332,7594
7333,7595
7333,7596
7334,7597
7334,7598
7335,7599
7335,7600
7336,7601
7336,7602
7337,7603
7337,7604
7338,7605
7338,7606
7339,7607
7339,7608
7340,7609
7340,7610
7341,7611
7341,7612
7342,7613
7342,7614
7343,7615
7343,7616
7344,7617
7344,7618
7345,7619
7345,7620
7346,7621
7346,7622
7347,7623
7347,7624
7348,7625
7348,7626
7349,7627
7349,7628
7350,7629
7350,7630
7351,7631
7351,7632
7352,7633
7352,7634
7353,7635
7353,7636
7354,7637
7354,7638
7355,7639
7355,7640
7356,7641
7356,7642
7357,7643
7357,7644
7358,7645
7358,7646
7359,7647
7359,7648
7360,7649
7360,7650
7361,7651
7361,7652
7362,7653
7362,7654
7363,7655
7363,7656
7364,7657
7364,7658
7365,7659
7365,7660
7366,7661
7366,7662
7367,7663
7367,7664
7368,7665
7368,7666
7369,7667
7369,7668
7370,7669
7370,7670
7371,7671
7371,7672
7372,7673
7372,7674
7373,7675
7373,7676
7376,7677
7378,7678
7380,7679
7380,7680
7382,7681
7384,7682
7386,7683
7388,7684
7388,7685
7390,7686
7390,7687
7392,7688
7392,7689
7394,7690
7396,7691
7396,7692
7398,7693
7398,7694
7400,7695
7400,7696
7403,7697
7405,7699
7407,7700
7407,7701
7409,7702
7411,7703
7413,7704
7415,7705
7415,7706
7417,7707
7417,7708
7419,7709
7419,7710
7421,7711
7421,7712
7423,7713
7423,7714
7425,7715
7427,7716
7427,7717
7429,7718
7431,7719
7433,7720
7435,7721
7435,7722
7437,7723
7439,7724
7441,7725
7441,7726
7443,7727
7443,7728
7445,7729
7445,7730
7447,7731
7449,7732
7449,7733
7451,7734
7451,7735
7453,7736
7453,7737
7455,7738
7457,7739
7459,7740
7459,7741
7461,7742
7461,7743
7463,7744
7463,7745
7465,7746
7465,7747
7467,7748
7469,7749
7469,7750
7471,7751
7473,7752
7475,7753
7475,7754
7477,7755
7477,7756
7479,7757
7479,7758
7481,7759
7483,7760
7483,7761
7485,7762
7485,7763
7487,7764
7487,7765
7489,7766
7491,7767
7493,7768
7493,7769
7495,7770
7495,7771
7497,7772
7497,7773
7499,7774
7499,7775
7501,7776
7503,7777
7503,7778
7505,7779
7507,7780
7509,7781
7509,7782
7511,7783
7511,7784
7513,7785
7513,7786
7515,7787
7517,7788
7517,7789
7519,7790
7519,7791
7521,7792
7521,7793
7523,7794
7523,7795
7525,7796
7525,7797
7527,7798
7527,7799
7529,7800
7529,7801
7531,7802
7533,7803
7533,7804
7535,7805
7537,7806
7539,7807
7541,7808
7541,7809
7543,7810
7543,7811
7545,7812
7547,7813
7547,7814
7549,7815
7549,7816
7551,7817
7551,7818
7553,7819
7553,7820
7555,7821
7555,7822
7557,7823
7559,7824
7559,7825
7561,7826
7563,7827
7565,7828
7565,7829
7567,7830
7567,7831
7569,7832
7569,7833
7571,7834
7571,7835
7573,7836
7575,7837
7575,7838
7577,7839
7579,7840
7581,7841
7581,7842
7583,7843
7583,7844
7585,7845
7585,7846
7587,7847
7587,7848
7589,7849
7589,7850
7591,7851
7593,7852
7593,7853
7595,7854
7595,7855
7597,7856
7597,7857
7599,7858
7599,7859
7601,7860
7603,7861
7603,7862
7605,7863
7607,7864
7609,7865
7609,7866
7611,7867
7611,7868
7613,7869
7613,7870
7615,7871
7615,7872
7617,7873
7619,7874
7619,7875
7621,7876
7621,7877
7623,7878
7625,7879
7625,7880
7627,7881
7629,7882
7629,7883
7631,7884
7633,7885
7635,7886
7635,7887
7637,7888
7637,7889
7639,7890
7639,7891
7641,7892
7641,7893
7643,7894
7643,7895
7645,7896
7645,7897
7647,7898
7647,7899
7649,7900
7651,7901
7651,7902
7653,7903
7655,7904
7657,7905
7657,7906
7659,7907
7659,7908
7661,7909
7661,7910
7663,7911
7663,7912
7665,7913
7665,7914
7667,7915
7669,7916
7669,7917
7671,7918
7671,7919
7673,7920
7677,7921
7691,7922
7693,7923
7697,7924
7698,7925
7698,7926
7711,7927
7713,7928
7716,7929
7732,7930
7734,7931
7736,7932
7740,7933
7746,7934
7760,7935
7762,7936
7764,7937
7768,7938
7774,7939
7788,7940
7790,7941
7792,7942
7800,7943
7813,7944
7815,7945
7817,7946
7821,7947
7834,7948
7845,7949
7847,7950
7849,7951
7852,7952
7854,7953
7856,7954
7858,7955
7867,7956
7869,7957
7871,7958
7874,7959
7876,7960
7879,7961
7888,7962
7890,7963
7892,7964
7894,7965
7896,7966
7898,7967
7907,7968
7909,7969
7911,7970
7913,7971
7916,7972
7973,7974
7973,7975
7973,7976
7973,7977
7973,7978
7973,7979
7973,7980
7973,7981
7973,7982
7973,7983
7973,7984
7973,7985
7978,7986
7978,7987
7978,7988
7979,7989
7979,7990
7979,7991
7979,7992
7980,7993
7980,7994
7980,7995
7980,7996
7981,7997
7981,7998
7981,7999
7981,8000
7982,8001
7982,8002
7982,8003
7983,8004
7983,8005
7983,8006
7988,8008
7988,8009
8003,8010
8006,8011
8007,8012
8007,8013
8008,8014
8009,8015
8012,8020
8014,8021
8015,8023
8015,8024
8016,8025
8016,8026
8017,8027
8017,8028
8018,8029
8018,8030
8019,8031
8019,8032
8019,8033
8025,8036
8025,8037
8025,8038
8027,8040
8027,8041
8027,8042
8029,8044
8029,8045
8029,8046
8039,8066
8039,8067
8043,8069
8043,8070
8047,8072
8047,8073
8048,8074
8048,8075
8049,8076
8049,8077
8050,8078
8050,8079
8051,8080
8051,8081
8052,8082
8052,8083
8053,8084
8053,8085
8054,8086
8054,8087
8055,8088
8055,8089
8056,8090
8056,8091
8057,8092
8057,8093
8058,8094
8058,8095
8059,8096
8059,8097
8060,8098
8060,8099
8061,8100
8061,8101
8062,8102
8062,8103
8063,8104
8063,8105
8064,8106
8064,8107
8065,8109
8065,8110
8068,8111
8068,8112
8071,8113
8071,8114
8074,8115
8076,8116
8078,8117
8080,8118
8082,8119
8084,8120
8086,8121
8088,8122
8090,8123
8092,8124
8094,8125
8096,8126
8098,8127
8100,8128
8102,8129
8104,8130
8106,8131
8130,8133
8130,8134
8130,8135
8132,8136
8132,8137
8138,8190
8138,8191
8139,8192
8139,8193
8140,8194
8140,8195
8141,8196
8141,8197
8142,8198
8142,8199
8143,8200
8143,8201
8144,8202
8144,8203
8145,8204
8145,8205
8146,8206
8146,8207
8147,8208
8147,8209
8148,8210
8148,8211
8149,8212
8149,8213
8150,8214
8150,8215
8151,8216
8151,8217
8152,8218
8152,8219
8153,8220
8153,8221
8154,8222
8154,8223
8155,8224
8155,8225
8156,8226
8156,8227
8157,8228
8157,8229
8158,8230
8158,8231
8159,8232
8159,8233
8160,8234
8160,8235
8161,8236
8161,8237
8162,8238
8162,8239
8163,8240
8163,8241
8164,8242
8164,8243
8165,8244
8165,8245
8166,8246
8166,8247
8167,8248
8167,8249
8168,8250
8168,8251
8169,8252
8169,8253
8170,8254
8170,8255
8171,8256
8171,8257
8172,8258
8172,8259
8173,8260
8173,8261
8174,8262
8174,8263
8175,8264
8175,8265
8176,8266
8176,8267
8177,8268
8177,8269
8177,8270
8178,8271
8178,8272
8178,8273
8179,8274
8179,8275
8180,8276
8180,8277
8181,8278
8181,8279
8182,8280
8182,8281
8183,8282
8183,8283
8184,8284
8184,8285
8185,8286
8185,8287
8186,8288
8186,8289
8187,8290
8187,8291
8188,8292
8188,8293
8189,8294
8189,8295
8190,8296
8192,8297
8194,8298
8196,8299
8198,8300
8200,8301
8202,8302
8204,8303
8206,8304
8208,8305
8210,8306
8212,8307
8214,8308
8216,8309
8218,8310
8220,8311
8222,8312
8224,8313
8226,8314
8228,8315
8230,8316
8232,8317
8234,8318
8236,8319
8238,8320
8240,8321
8242,8322
8244,8323
8246,8324
8248,8325
8250,8326
8252,8327
8254,8328
8256,8329
8258,8330
8260,8331
8262,8332
8262,8333
8264,8334
8264,8335
8266,8336
8266,8337
8274,8338
8276,8339
8278,8340
8280,8341
8282,8342
8284,8343
8286,8344
8288,8345
8290,8346
8292,8347
8294,8348
8300,8349
8301,8350
8301,8351
8302,8352
8302,8353
8302,8354
8305,8355
8309,8356
8338,8357
8338,8358
8339,8359
8339,8360
8339,8361
8339,8362
8339,8363
8340,8364
8340,8365
8340,8366
8340,8367
8341,8368
8341,8369
8341,8370
8341,8371
8341,8372
8342,8373
8342,8374
8342,8375
8342,8376
8344,8377
8344,8378
8345,8379
8345,8380
8346,8381
8346,8382
8346,8383
8346,8384
8346,8385
8347,8386
8347,8387
8347,8388
8348,8389
8348,8390
8391,8510
8392,8511
8392,8512
8393,8513
8393,8514
8393,8515
8394,8516
8394,8517
8394,8518
8395,8519
8395,8520
8395,8521
8396,8522
8396,8523
8396,8524
8397,8525
8397,8526
8397,8527
8398,8528
8398,8529
8398,8530
8399,8531
8399,8532
8399,8533
8400,8534
8400,8535
8400,8536
8401,8537
8401,8538
8401,8539
8402,8540
8402,8541
8402,8542
8403,8543
8403,8544
8403,8545
8404,8546
8404,8547
8404,8548
8405,8549
8405,8550
8405,8551
8406,8552
8406,8553
8406,8554
8407,8555
8407,8556
8407,8557
8408,8558
8408,8559
8408,8560
8409,8561
8409,8562
8409,8563
8410,8564
8410,8565
8410,8566
8411,8567
8411,8568
8411,8569
8412,8570
8412,8571
8412,8572
8413,8573
8413,8574
8413,8575
8414,8576
8414,8577
8414,8578
8415,8579
8415,8580
8415,8581
8416,8582
8416,8583
8416,8584
8417,8585
8417,8586
8417,8587
8418,8588
8418,8589
8418,8590
8419,8591
8419,8592
8419,8593
8420,8594
8420,8595
8420,8596
8421,8597
8421,8598
8421,8599
8422,8600
8422,8601
8422,8602
8423,8603
8423,8604
8423,8605
8424,8606
8424,8607
8424,8608
8425,8609
8425,8610
8425,8611
8426,8612
8426,8613
8426,8614
8427,8615
8427,8616
8427,8617
8428,8618
8428,8619
8428,8620
8429,8621
8429,8622
8429,8623
8430,8624
8430,8625
8430,8626
8431,8627
8431,8628
8431,8629
8431,8630
8432,8631
8432,8632
8432,8633
8433,8634
8433,8635
8433,8636
8434,8637
8434,8638
8434,8639
8435,8640
8435,8641
8435,8642
8436,8643
8436,8644
8436,8645
8437,8646
8437,8647
8437,8648
8438,8649
8438,8650
8438,8651
8439,8652
8439,8653
8439,8654
8440,8655
8440,8656
8440,8657
8441,8658
8441,8659
8441,8660
8442,8661
8442,8662
8442,8663
8443,8664
8443,8665
8443,8666
8444,8667
8444,8668
8444,8669
8445,8670
8445,8671
8445,8672
8446,8673
8446,8674
8446,8675
8447,8676
8447,8677
8447,8678
8448,8679
8448,8680
8448,8681
8449,8682
8449,8683
8449,8684
8450,8685
8450,8686
8450,8687
8451,8688
8451,8689
8451,8690
8452,8691
8452,8692
8452,8693
8453,8694
8453,8695
8453,8696
8454,8697
8454,8698
8454,8699
8455,8700
8455,8701
8455,8702
8456,8703
8456,8704
8456,8705
8457,8706
8457,8707
8457,8708
8458,8709
8458,8710
8459,8711
8459,8712
8460,8713
8460,8714
8461,8715
8461,8716
8462,8717
8462,8718
8463,8719
8463,8720
8464,8721
8464,8722
8465,8723
8465,8724
8466,8725
8466,8726
8467,8727
8467,8728
8468,8729
8468,8730
8469,8731
8469,8732
8470,8733
8470,8734
8471,8735
8471,8736
8472,8737
8472,8738
8473,8739
8473,8740
8474,8741
8474,8742
8475,8743
8475,8744
8476,8745
8476,8746
8477,8747
8477,8748
8478,8749
8478,8750
8479,8751
8479,8752
8480,8753
8480,8754
8481,8755
8481,8756
8482,8757
8482,8758
8483,8759
8483,8760
8484,8761
8484,8762
8485,8763
8485,8764
8486,8765
8486,8766
8487,8767
8487,8768
8488,8769
8488,8770
8489,8771
8489,8772
8490,8773
8490,8774
8491,8775
8491,8776
8492,8777
8492,8778
8493,8779
8493,8780
8494,8781
8494,8782
8495,8783
8495,8784
8496,8785
8496,8786
8497,8787
8497,8788
8498,8789
8498,8790
8499,8791
8499,8792
8500,8793
8500,8794
8501,8795
8501,8796
8502,8797
8502,8798
8503,8799
8503,8800
8504,8801
8504,8802
8505,8803
8505,8804
8506,8805
8506,8806
8507,8807
8507,8808
8508,8809
8508,8810
8509,8811
8509,8812
8561,8813
8561,8814
8562,8815
8562,8816
8564,8817
8564,8818
8565,8819
8565,8820
8567,8821
8567,8822
8570,8823
8570,8824
8573,8825
8573,8826
8576,8827
8576,8828
8579,8829
8579,8830
8582,8831
8582,8832
8585,8833
8585,8834
8588,8835
8588,8836
8591,8837
8591,8838
8594,8839
8594,8840
8597,8841
8597,8842
8609,8843
8610,8844
8612,8845
8613,8846
8615,8847
8618,8848
8625,8849
8625,8850
8625,8851
8627,8852
8627,8853
8627,8854
8628,8855
8628,8856
8628,8857
8631,8858
8631,8859
8631,8860
8632,8861
8632,8862
8632,8863
8637,8864
8637,8865
8640,8866
8640,8867
8641,8868
8641,8869
8643,8870
8643,8871
8644,8872
8644,8873
8646,8874
8646,8875
8649,8876
8649,8877
8649,8878
8652,8879
8652,8880
8652,8881
8653,8882
8653,8883
8653,8884
8655,8885
8655,8886
8655,8887
8656,8888
8656,8889
8656,8890
8658,8891
8658,8892
8658,8893
8659,8894
8659,8895
8659,8896
8661,8897
8661,8898
8661,8899
8662,8900
8662,8901
8662,8902
8664,8903
8664,8904
8664,8905
8667,8906
8667,8907
8670,8908
8670,8909
8671,8910
8671,8911
8673,8912
8673,8913
8674,8914
8674,8915
8676,8916
8676,8917
8679,8918
8679,8919
8680,8920
8680,8921
8682,8922
8682,8923
8685,8924
8685,8925
8688,8926
8688,8927
8688,8928
8691,8929
8691,8930
8691,8931
8692,8932
8692,8933
8692,8934
8694,8935
8694,8936
8694,8937
8695,8938
8695,8939
8695,8940
8697,8941
8697,8942
8697,8943
8698,8944
8698,8945
8698,8946
8700,8947
8700,8948
8700,8949
8703,8950
8703,8951
8706,8952
8706,8953
8706,8954
8709,8955
8711,8956
8713,8957
8715,8958
8717,8959
8719,8960
8721,8961
8723,8962
8725,8963
8727,8964
8729,8965
8731,8966
8733,8967
8735,8968
8737,8969
8739,8970
8741,8971
8743,8972
8745,8973
8747,8974
8749,8975
8751,8976
8753,8977
8755,8978
8757,8979
8759,8980
8761,8981
8763,8982
8765,8983
8767,8984
8769,8985
8771,8986
8773,8987
8775,8988
8777,8989
8779,8990
8781,8991
8783,8992
8785,8993
8787,8994
8789,8995
8791,8996
8793,8997
8795,8998
8797,8999
8799,9000
8801,9001
8803,9002
8805,9003
8807,9004
8809,9005
8811,9006
8852,9007
8852,9008
8852,9009
8858,9010
8858,9011
8858,9012
8861,9013
8861,9014
8861,9015
9016,9085
9016,9086
9016,9087
9017,9088
9017,9089
9017,9090
9018,9091
9018,9092
9018,9093
9019,9094
9019,9095
9019,9096
9020,9097
9020,9098
9020,9099
9021,9100
9021,9101
9021,9102
9022,9103
9022,9104
9022,9105
9023,9106
9023,9107
9023,9108
9024,9109
9024,9110
9024,9111
9025,9112
9025,9113
9025,9114
9026,9115
9026,9116
9026,9117
9027,9118
9027,9119
9027,9120
9028,9121
9028,9122
9028,9123
9029,9124
9029,9125
9029,9126
9030,9127
9030,9128
9031,9129
9031,9130
9032,9131
9032,9132
9033,9133
9033,9134
9034,9135
9034,9136
9035,9137
9035,9138
9036,9139
9036,9140
9037,9141
9037,9142
9038,9143
9038,9144
9039,9145
9039,9146
9040,9147
9040,9148
9041,9149
9041,9150
9042,9151
9042,9152
9043,9153
9043,9154
9044,9155
9044,9156
9045,9157
9045,9158
9046,9159
9046,9160
9047,9161
9047,9162
9048,9163
9048,9164
9049,9165
9049,9166
9050,9167
9050,9168
9051,9169
9051,9170
9052,9171
9052,9172
9053,9173
9053,9174
9054,9175
9054,9176
9055,9177
9055,9178
9056,9179
9056,9180
9057,9181
9057,9182
9058,9183
9058,9184
9059,9185
9059,9186
9060,9187
9060,9188
9061,9189
9061,9190
9062,9191
9062,9192
9063,9193
9063,9194
9064,9195
9064,9196
9065,9197
9065,9198
9066,9199
9066,9200
9067,9201
9067,9202
9068,9203
9068,9204
9069,9205
9069,9206
9070,9207
9070,9208
9071,9209
9071,9210
9072,9211
9072,9212
9073,9213
9073,9214
9074,9215
9074,9216
9075,9217
9075,9218
9076,9219
9076,9220
9077,9221
9077,9222
9078,9223
9078,9224
9079,9225
9079,9226
9080,9227
9080,9228
9081,9229
9081,9230
9082,9231
9082,9232
9083,9233
9083,9234
9084,9235
9084,9236
9085,9237
9085,9238
9086,9239
9086,9240
9088,9241
9088,9242
9089,9243
9089,9244
9091,9245
9091,9246
9092,9247
9092,9248
9094,9249
9094,9250
9095,9251
9095,9252
9097,9253
9097,9254
9097,9255
9098,9256
9098,9257
9100,9258
9100,9259
9100,9260
9101,9261
9101,9262
9103,9263
9103,9264
9103,9265
9104,9266
9104,9267
9106,9268
9106,9269
9106,9270
9107,9271
9107,9272
9109,9273
9109,9274
9110,9275
9110,9276
9112,9277
9112,9278
9113,9279
9113,9280
9115,9281
9115,9282
9115,9283
9116,9284
9116,9285
9116,9286
9118,9287
9118,9288
9118,9289
9119,9290
9119,9291
9119,9292
9121,9293
9121,9294
9122,9295
9122,9296
9122,9297
9124,9298
9124,9299
9124,9300
9125,9301
9125,9302
9125,9303
9127,9304
9127,9305
9127,9306
9129,9307
9129,9308
9129,9309
9131,9310
9131,9311
9131,9312
9133,9313
9133,9314
9133,9315
9135,9316
9135,9317
9135,9318
9137,9319
9137,9320
9137,9321
9139,9322
9139,9323
9139,9324
9141,9325
9141,9326
9141,9327
9143,9328
9143,9329
9143,9330
9145,9331
9145,9332
9145,9333
9147,9334
9147,9335
9147,9336
9149,9337
9149,9338
9149,9339
9151,9340
9151,9341
9151,9342
9153,9343
9153,9344
9153,9345
9155,9346
9155,9347
9155,9348
9157,9349
9157,9350
9157,9351
9159,9352
9159,9353
9159,9354
9161,9355
9161,9356
9161,9357
9163,9358
9163,9359
9163,9360
9165,9361
9165,9362
9165,9363
9167,9364
9167,9365
9167,9366
9169,9367
9169,9368
9169,9369
9171,9370
9171,9371
9171,9372
9173,9373
9173,9374
9173,9375
9175,9376
9175,9377
9175,9378
9177,9379
9177,9380
9177,9381
9179,9382
9179,9383
9179,9384
9181,9385
9181,9386
9181,9387
9183,9388
9183,9389
9183,9390
9185,9391
9185,9392
9185,9393
9187,9394
9187,9395
9187,9396
9189,9397
9189,9398
9189,9399
9191,9400
9191,9401
9191,9402
9193,9403
9193,9404
9193,9405
9195,9406
9195,9407
9195,9408
9197,9409
9197,9410
9197,9411
9199,9412
9199,9413
9199,9414
9201,9415
9201,9416
9201,9417
9203,9418
9203,9419
9203,9420
9205,9421
9205,9422
9205,9423
9207,9424
9207,9425
9207,9426
9209,9427
9209,9428
9209,9429
9211,9430
9211,9431
9211,9432
9213,9433
9213,9434
9213,9435
9215,9436
9215,9437
9215,9438
9217,9439
9217,9440
9217,9441
9219,9442
9219,9443
9219,9444
9221,9445
9221,9446
9221,9447
9223,9448
9223,9449
9223,9450
9225,9451
9225,9452
9225,9453
9227,9454
9227,9455
9227,9456
9229,9457
9229,9458
9229,9459
9231,9460
9231,9461
9231,9462
9233,9463
9233,9464
9233,9465
9235,9466
9235,9467
9235,9468
9469,9470
9469,9471
9469,9472
9469,9473
9469,9474
9475,9476
9475,9477
9476,9478
9479,9483
9479,9484
9480,9485
9480,9486
9481,9487
9481,9488
9482,9489
9482,9490
9483,9491
9485,9492
9487,9493
9489,9494
9492,9495
9492,9496
9492,9497
9492,9498
9493,9499
9493,9500
9493,9501
9502,9514
9502,9515
9503,9516
9503,9517
9504,9518
9504,9519
9505,9520
9505,9521
9506,9522
9506,9523
9507,9524
9507,9525
9508,9526
9508,9527
9509,9528
9509,9529
9510,9530
9510,9531
9511,9532
9511,9533
9512,9534
9512,9535
9513,9536
9513,9537
9514,9538
9516,9539
9518,9540
9520,9541
9520,9542
9522,9543
9524,9544
9524,9545
9526,9546
9528,9547
9528,9548
9530,9549
9532,9550
9534,9551
9536,9552
9540,9553
9541,9554
9543,9555
9543,9556
9543,9557
9543,9558
9543,9559
9543,9560
9544,9561
9546,9562
9547,9563
9552,9564
9552,9565
9552,9566
9554,9573
9561,9578
9561,9579
9561,9580
9561,9581
9561,9582
9561,9583
9563,9585
9567,9597
9567,9598
9568,9599
9568,9600
9569,9601
9569,9602
9570,9603
9570,9604
9571,9605
9571,9606
9572,9607
9572,9608
9574,9610
9575,9611
9576,9612
9577,9613
9584,9618
9584,9619
9586,9621
9586,9622
9587,9623
9587,9624
9588,9625
9588,9626
9589,9627
9589,9628
9590,9629
9590,9630
9591,9631
9591,9632
9592,9633
9592,9634
9593,9635
9593,9636
9594,9637
9594,9638
9595,9639
9596,9640
9596,9641
9596,9642
9597,9643
9599,9644
9601,9645
9603,9646
9605,9647
9607,9648
9607,9649
9609,9650
9609,9651
9614,9660
9615,9661
9616,9662
9617,9663
9618,9664
9618,9665
9620,9666
9620,9667
9621,9668
9621,9669
9623,9670
9623,9671
9625,9672
9627,9673
9627,9674
9629,9675
9629,9676
9631,9677
9631,9678
9633,9679
9633,9680
9635,9681
9635,9682
9637,9683
9637,9684
9650,9687
9650,9688
9666,9697
9666,9698
9675,9699
9675,9700
9677,9701
9677,9702
9679,9703
9679,9704
9681,9705
9681,9706
9707,9712
9708,9713
9708,9714
9709,9715
9710,9716
9710,9717
9711,9718
9711,9719
9720,9721
9720,9722
9720,9723
9724,9725
9724,9726
9725,9727
9728,9733
9728,9734
9729,9735
9729,9736
9730,9737
9730,9738
9731,9739
9731,9740
9732,9741
9732,9742
9733,9743
9735,9744
9737,9745
9739,9746
9741,9747
9747,9748
9747,9749
9747,9750
9747,9751
9747,9752
9747,9753
9747,9754
9747,9755
9747,9756
9747,9757
9747,9758
9747,9759
9747,9760
9747,9761
9762,9767
9762,9768
9763,9769
9763,9770
9764,9771
9764,9772
9765,9773
9765,9774
9766,9775
9766,9776
9767,9777
9767,9778
9767,9779
9767,9780
9767,9781
9769,9782
9769,9783
9769,9784
9769,9785
9769,9786
9769,9787
9769,9788
9769,9789
9771,9790
9773,9791
9775,9792
9775,9793
9775,9794
9775,9795
9775,9796
9778,9797
9780,9798
9780,9799
9783,9800
9785,9801
9786,9802
9786,9803
9788,9804
9788,9805
9793,9806
9795,9807
9797,9808
9799,9809
9800,9810
9801,9811
9803,9812
9805,9813
9806,9816
9807,9817
9814,9818
9814,9819
9814,9820
9814,9821
9814,9822
9815,9823
9815,9824
9815,9825
9815,9826
9819,9830
9821,9831
9821,9832
9824,9833
9830,9834
9832,9835
9833,9836
9838,9839
9838,9840
9838,9841
9838,9842
9843,9844
9843,9845
9844,9846
9847,9850
9847,9851
9848,9852
9848,9853
9849,9854
9849,9855
9850,9856
9852,9857
9854,9858
9859,9872
9859,9873
9860,9874
9860,9875
9861,9876
9861,9877
9862,9878
9862,9879
9863,9880
9863,9881
9864,9882
9864,9883
9865,9884
9865,9885
9866,9886
9866,9887
9867,9888
9867,9889
9868,9890
9868,9891
9869,9892
9869,9893
9870,9894
9870,9895
9871,9896
9871,9897
9872,9898
9874,9899
9876,9900
9876,9901
9878,9902
9880,9903
9882,9904
9884,9905
9886,9906
9886,9907
9888,9908
9890,9909
9890,9910
9892,9911
9894,9912
9896,9913
9899,9914
9900,9915
9905,9916
9906,9917
9908,9918
9908,9919
9908,9920
9908,9921
9909,9922
9911,9923
9912,9924
9913,9925
9915,9929
9917,9936
9922,9939
9922,9940
9922,9941
9922,9942
9926,9950
9926,9951
9927,9952
9927,9953
9928,9954
9930,9956
9931,9957
9932,9958
9932,9959
9933,9960
9933,9961
9934,9962
9934,9963
9934,9964
9935,9965
9935,9966
9937,9970
9938,9971
9943,9974
9943,9975
9944,9976
9945,9977
9945,9978
9946,9979
9946,9980
9947,9981
9947,9982
9948,9983
9948,9984
9949,9985
9949,9986
9950,9987
9952,9988
9955,9991
9958,9996
9960,9997
9962,9998
9962,9999
9965,10000
9965,10001
9967,10002
9967,10003
9968,10004
9969,10005
9969,10006
9972,10011
9973,10012
9974,10013
9977,10015
9977,10016
9979,10017
9979,10018
9981,10019
9983,10020
9985,10021
9985,10022
9989,10023
9989,10024
9992,10027
9992,10028
9994,10029
9994,10030
9996,10031
9996,10032
10000,10033
10000,10034
10002,10035
10005,10037
10005,10038
10014,10043
10015,10044
10015,10045
10017,10046
10017,10047
10025,10050
10025,10051
10036,10052
10037,10053
10037,10054
10043,10055
10043,10056
10048,10057
10049,10058
10049,10059
10052,10060
10052,10061
10062,10063
10062,10064
10062,10065
10066,10067
10066,10068
10067,10069
10070,10074
10070,10075
10071,10076
10071,10077
10072,10078
10072,10079
10073,10080
10073,10081
10074,10082
10076,10083
10078,10084
10080,10085
10082,10086
10082,10087
10082,10088
10084,10089
10084,10090
10084,10091
10085,10092
10085,10093
10085,10094
10092,10101
10092,10102
10095,10106
10095,10107
10095,10108
10096,10109
10096,10110
10097,10111
10097,10112
10098,10113
10098,10114
10099,10115
10099,10116
10100,10117
10100,10118
10103,10119
10103,10120
10104,10121
10104,10122
10104,10123
10105,10124
10105,10125
10105,10126
10113,10127
10120,10128
10127,10129
10127,10130
10131,10132
10131,10133
10131,10134
10135,10136
10135,10137
10135,10138
10135,10139
10140,10141
10140,10142
10141,10143
10143,10144
10145,10150
10145,10151
10146,10152
10146,10153
10147,10154
10147,10155
10148,10156
10148,10157
10149,10158
10149,10159
10150,10160
10152,10161
10154,10162
10156,10163
10158,10164
10162,10165
10163,10166
10163,10167
10168,10179
10168,10180
10169,10181
10169,10182
10170,10183
10170,10184
10171,10185
10171,10186
10172,10187
10172,10188
10173,10189
10173,10190
10174,10191
10174,10192
10175,10193
10175,10194
10176,10195
10176,10196
10177,10197
10177,10198
10178,10199
10178,10200
10179,10201
10181,10202
10183,10203
10185,10204
10187,10205
10187,10206
10189,10207
10191,10208
10191,10209
10193,10210
10195,10211
10197,10212
10199,10213
10203,10214
10203,10215
10204,10216
10204,10217
10205,10218
10207,10219
10207,10220
10207,10221
10207,10222
10207,10223
10208,10224
10212,10225
10218,10232
10218,10233
10224,10236
10224,10237
10224,10238
10224,10239
10224,10240
10226,10252
10226,10253
10227,10254
10227,10255
10228,10256
10228,10257
10229,10258
10229,10259
10230,10260
10230,10261
10231,10262
10231,10263
10234,10265
10235,10266
10241,10269
10241,10270
10242,10271
10242,10272
10243,10273
10243,10274
10244,10275
10244,10276
10245,10277
10245,10278
10246,10279
10246,10280
10247,10281
10247,10282
10248,10283
10248,10284
10249,10285
10249,10286
10250,10287
10250,10288
10251,10289
10251,10290
10252,10291
10254,10292
10256,10293
10258,10294
10260,10295
10262,10296
10262,10297
10264,10298
10264,10299
10267,10304
10268,10305
10269,10306
10271,10307
10271,10308
10273,10309
10273,10310
10277,10311
10279,10312
10279,10313
10281,10314
10283,10315
10285,10316
10285,10317
10287,10318
10289,10319
10289,10320
10294,10321
10294,10322
10298,10323
10298,10324
10329,10333
10330,10334
10330,10335
10331,10336
10331,10337
10331,10338
10332,10339
10332,10340
10341,10342
10341,10343
10341,10344
10341,10345
10346,10347
10346,10348
10347,10349
10350,10356
10350,10357
10351,10358
10351,10359
10352,10360
10352,10361
10353,10362
10353,10363
10354,10364
10354,10365
10355,10366
10355,10367
10356,10368
10358,10369
10360,10370
10362,10371
10364,10372
10366,10373
10372,10374
10372,10375
10376,10389
10376,10390
10377,10391
10377,10392
10378,10393
10378,10394
10379,10395
10379,10396
10380,10397
10380,10398
10381,10399
10381,10400
10382,10401
10382,10402
10383,10403
10383,10404
10384,10405
10384,10406
10385,10407
10385,10408
10386,10409
10386,10410
10387,10411
10387,10412
10388,10413
10388,10414
10389,10415
10391,10416
10393,10417
10395,10418
10397,10419
10399,10420
10401,10421
10403,10422
10405,10423
10407,10424
10409,10425
10411,10426
10413,10427
10417,10428
10417,10429
10417,10430
10419,10431
10419,10432
10420,10433
10421,10434
10421,10435
10421,10436
10421,10437
10422,10438
10423,10439
10425,10440
10426,10441
10427,10442
10427,10443
10427,10444
10432,10470
10432,10471
10432,10472
10445,10490
10445,10491
10446,10492
10446,10493
10447,10494
10447,10495
10448,10496
10448,10497
10449,10498
10449,10499
10449,10500
10450,10501
10450,10502
10450,10503
10451,10504
10451,10505
10451,10506
10452,10507
10452,10508
10452,10509
10453,10510
10453,10511
10453,10512
10454,10513
10455,10514
10455,10515
10455,10516
10456,10517
10456,10518
10456,10519
10457,10520
10457,10521
10457,10522
10458,10523
10458,10524
10458,10525
10459,10526
10459,10527
10459,10528
10460,10529
10461,10530
10461,10531
10462,10532
10462,10533
10463,10534
10464,10535
10464,10536
10465,10537
10465,10538
10466,10539
10466,10540
10467,10541
10467,10542
10468,10543
10468,10544
10469,10545
10469,10546
10473,10547
10473,10548
10474,10549
10474,10550
10475,10551
10476,10552
10476,10553
10477,10554
10478,10555
10478,10556
10479,10557
10480,10558
10480,10559
10481,10560
10481,10561
10482,10562
10482,10563
10483,10564
10483,10565
10484,10566
10484,10567
10485,10568
10485,10569
10486,10570
10486,10571
10487,10572
10487,10573
10488,10574
10488,10575
10489,10576
10489,10577
10490,10578
10492,10579
10494,10580
10496,10581
10498,10582
10501,10583
10501,10584
10504,10585
10507,10586
10507,10587
10510,10588
10510,10589
10514,10590
10517,10591
10517,10592
10520,10593
10523,10594
10523,10595
10526,10596
10526,10597
10530,10598
10530,10599
10532,10600
10532,10601
10535,10604
10537,10605
10543,10606
10545,10607
10548,10609
10549,10610
10552,10611
10556,10612
10556,10613
10558,10616
10558,10617
10560,10618
10560,10619
10566,10620
10568,10621
10608,10622
10608,10623
10613,10624
10625,10638
10626,10639
10626,10640
10627,10641
10627,10642
10628,10643
10628,10644
10628,10645
10629,10646
10630,10647
10630,10648
10631,10649
10631,10650
10632,10651
10632,10652
10633,10653
10633,10654
10634,10655
10634,10656
10635,10657
10636,10658
10636,10659
10636,10660
10637,10661
10637,10662
10653,10663
10664,10665
10664,10666
10664,10667
10664,10668
10669,10670
10669,10671
10670,10672
10672,10673
10674,10678
10674,10679
10675,10680
10675,10681
10676,10682
10676,10683
10677,10684
10677,10685
10678,10686
10680,10687
10682,10688
10684,10689
10687,10690
10687,10691
10692,10702
10692,10703
10693,10704
10693,10705
10694,10706
10694,10707
10695,10708
10695,10709
10696,10710
10696,10711
10697,10712
10697,10713
10698,10714
10698,10715
10699,10716
10699,10717
10700,10718
10700,10719
10701,10720
10701,10721
10702,10722
10704,10723
10706,10724
10708,10725
10708,10726
10710,10727
10712,10728
10712,10729
10714,10730
10716,10731
10718,10732
10720,10733
10723,10734
10724,10735
10725,10736
10727,10737
10727,10738
10727,10739
10728,10740
10733,10741
10733,10742
10733,10743
10736,10750
10740,10753
10740,10754
10740,10755
10744,10764
10744,10765
10745,10766
10745,10767
10746,10768
10746,10769
10747,10770
10747,10771
10748,10772
10748,10773
10749,10774
10749,10775
10751,10777
10752,10778
10756,10781
10756,10782
10757,10783
10757,10784
10758,10785
10758,10786
10759,10787
10759,10788
10760,10789
10760,10790
10761,10791
10761,10792
10762,10793
10763,10794
10763,10795
10764,10796
10766,10797
10768,10798
10770,10799
10772,10800
10774,10801
10774,10802
10776,10803
10776,10804
10779,10809
10780,10810
10781,10811
10781,10812
10783,10813
10783,10814
10785,10815
10785,10816
10787,10817
10787,10818
10789,10819
10789,10820
10791,10821
10791,10822
10803,10825
10803,10826
10831,10836
10832,10837
10832,10838
10833,10839
10833,10840
10834,10841
10835,10842
10835,10843
10844,10845
10844,10846
10844,10847
10844,10848
10844,10849
10844,10850
10844,10851
10852,10854
10852,10855
10853,10856
10853,10857
10855,10858
10855,10859
10856,10860
10859,10861
10861,10863
10862,10869
10862,10870
10863,10871
10863,10872
10864,10873
10864,10874
10865,10875
10865,10876
10866,10877
10866,10878
10867,10879
10867,10880
10868,10881
10868,10882
10870,10883
10870,10884
10872,10885
10873,10886
10875,10887
10877,10888
10879,10889
10881,10890
10891,10908
10891,10909
10892,10910
10892,10911
10893,10912
10893,10913
10894,10914
10894,10915
10895,10916
10895,10917
10896,10918
10896,10919
10897,10920
10897,10921
10898,10922
10898,10923
10899,10924
10899,10925
10900,10926
10900,10927
10901,10928
10901,10929
10902,10930
10902,10931
10903,10932
10903,10933
10904,10934
10904,10935
10905,10936
10905,10937
10906,10938
10906,10939
10907,10940
10907,10941
10908,10942
10910,10943
10912,10944
10912,10945
10914,10946
10916,10947
10916,10948
10918,10949
10920,10950
10922,10951
10924,10952
10924,10953
10926,10954
10928,10955
10930,10956
10932,10957
10934,10958
10936,10959
10938,10960
10940,10961
10943,10962
10944,10963
10946,10964
10947,10965
10951,10966
10951,10967
10951,10968
10952,10969
10954,10970
10954,10971
10954,10972
10954,10973
10955,10974
10956,10975
10957,10976
10957,10977
10957,10978
10959,10979
10959,10980
10959,10981
10960,10982
10960,10983
10961,10984
10963,10990
10965,10992
10969,10998
10969,10999
10969,11000
10982,11013
10982,11014
10985,11017
10985,11018
10986,11019
10986,11020
10987,11021
10987,11022
10988,11023
10988,11024
10989,11025
10989,11026
10991,11028
10991,11029
10993,11031
10993,11032
10994,11033
10994,11034
10995,11035
10995,11036
10996,11037
10997,11038
11001,11041
11001,11042
11002,11043
11003,11044
11003,11045
11004,11046
11005,11047
11005,11048
11006,11049
11006,11050
11007,11051
11007,11052
11008,11053
11008,11054
11008,11055
11009,11056
11009,11057
11009,11058
11010,11059
11010,11060
11010,11061
11011,11062
11011,11063
11012,11064
11012,11065
11015,11066
11015,11067
11016,11068
11016,11069
11017,11070
11019,11071
11021,11072
11023,11073
11025,11074
11025,11075
11027,11076
11027,11077
11028,11078
11028,11079
11030,11080
11030,11081
11031,11082
11033,11083
11035,11084
11039,11089
11040,11090
11042,11091
11042,11092
11045,11095
11045,11096
11047,11099
11047,11100
11049,11101
11051,11102
11053,11103
11056,11104
11056,11105
11059,11106
11059,11107
11062,11108
11064,11109
11066,11110
11068,11111
11068,11112
11076,11113
11076,11114
11080,11115
11080,11116
11083,11117
11083,11118
11092,11123
11108,11124
11125,11134
11126,11135
11126,11136
11127,11137
11127,11138
11128,11139
11128,11140
11129,11141
11129,11142
11130,11143
11130,11144
11131,11145
11132,11146
11133,11147
11133,11148
11147,11149
11150,11151
11150,11152
11150,11153
11154,11155
11154,11156
11155,11157
11157,11158
11157,11159
11157,11160
11157,11161
11157,11162
11163,11175
11163,11176
11164,11177
11164,11178
11165,11179
11165,11180
11166,11181
11166,11182
11167,11183
11167,11184
11168,11185
11168,11186
11169,11187
11169,11188
11170,11189
11170,11190
11171,11191
11171,11192
11172,11193
11172,11194
11173,11195
11173,11196
11174,11197
11174,11198
11175,11199
11177,11200
11179,11201
11181,11202
11183,11203
11185,11204
11187,11205
11189,11206
11191,11207
11193,11208
11195,11209
11197,11210
11199,11211
11199,11212
11213,11254
11213,11255
11214,11256
11214,11257
11215,11258
11215,11259
11216,11260
11216,11261
11217,11262
11217,11263
11218,11264
11218,11265
11219,11266
11219,11267
11220,11268
11220,11269
11221,11270
11221,11271
11222,11272
11222,11273
11223,11274
11223,11275
11224,11276
11224,11277
11225,11278
11225,11279
11226,11280
11226,11281
11227,11282
11227,11283
11228,11284
11228,11285
11229,11286
11229,11287
11230,11288
11230,11289
11231,11290
11231,11291
11232,11292
11232,11293
11233,11294
11233,11295
11234,11296
11234,11297
11235,11298
11235,11299
11236,11300
11236,11301
11237,11302
11237,11303
11238,11304
11238,11305
11239,11306
11239,11307
11240,11308
11240,11309
11241,11310
11241,11311
11242,11312
11242,11313
11243,11314
11243,11315
11244,11316
11244,11317
11245,11318
11245,11319
11246,11320
11246,11321
11247,11322
11247,11323
11248,11324
11248,11325
11249,11326
11249,11327
11250,11328
11250,11329
11251,11330
11251,11331
11252,11332
11252,11333
11253,11334
11253,11335
11255,11336
11258,11337
11260,11338
11262,11339
11264,11340
11266,11341
11268,11342
11270,11343
11272,11344
11274,11345
11276,11346
11278,11347
11280,11348
11282,11349
11284,11350
11286,11351
11288,11352
11290,11353
11292,11354
11294,11355
11296,11356
11298,11357
11300,11358
11302,11359
11304,11360
11306,11361
11308,11362
11310,11363
11312,11364
11314,11365
11316,11366
11318,11367
11320,11368
11322,11369
11324,11370
11326,11371
11328,11372
11330,11373
11332,11374
11334,11375
11336,11376
11339,11377
11339,11378
11340,11379
11340,11380
11340,11381
11341,11382
11341,11383
11342,11384
11342,11385
11343,11386
11343,11387
11344,11388
11344,11389
11345,11390
11345,11391
11345,11392
11345,11393
11345,11394
11345,11395
11345,11396
11346,11397
11346,11398
11346,11399
11347,11400
11347,11401
11347,11402
11348,11403
11348,11404
11349,11405
11349,11406
11350,11407
11350,11408
11351,11409
11351,11410
11351,11411
11352,11412
11353,11413
11353,11414
11354,11415
11355,11416
11356,11417
11356,11418
11357,11419
11358,11420
11358,11421
11359,11422
11360,11423
11360,11424
11361,11425
11362,11426
11362,11427
11363,11428
11363,11429
11364,11430
11364,11431
11365,11432
11365,11433
11366,11434
11366,11435
11367,11436
11367,11437
11368,11438
11368,11439
11369,11440
11369,11441
11370,11442
11370,11443
11370,11444
11371,11445
11371,11446
11372,11447
11372,11448
11372,11449
11373,11450
11373,11451
11373,11452
11374,11453
11374,11454
11374,11455
11374,11456
11374,11457
11375,11458
11375,11459
11375,11460
11375,11461
11462,11539
11462,11540
11463,11541
11463,11542
11464,11543
11464,11544
11464,11545
11465,11546
11465,11547
11465,11548
11466,11549
11466,11550
11466,11551
11467,11552
11467,11553
11467,11554
11468,11555
11468,11556
11468,11557
11469,11558
11469,11559
11469,11560
11470,11561
11470,11562
11470,11563
11471,11564
11471,11565
11471,11566
11472,11567
11472,11568
11472,11569
11473,11570
11473,11571
11474,11572
11474,11573
11474,11574
11475,11575
11475,11576
11475,11577
11476,11578
11476,11579
11476,11580
11477,11581
11477,11582
11477,11583
11478,11584
11479,11585
11479,11586
11480,11587
11480,11588
11480,11589
11481,11590
11481,11591
11481,11592
11482,11593
11482,11594
11483,11595
11483,11596
11484,11597
11484,11598
11484,11599
11485,11600
11485,11601
11485,11602
11486,11603
11486,11604
11486,11605
11487,11606
11487,11607
11487,11608
11488,11609
11488,11610
11489,11611
11489,11612
11489,11613
11490,11614
11490,11615
11491,11616
11491,11617
11491,11618
11492,11619
11492,11620
11492,11621
11493,11622
11493,11623
11494,11624
11494,11625
11494,11626
11495,11627
11495,11628
11495,11629
11496,11630
11496,11631
11496,11632
11497,11633
11497,11634
11498,11635
11498,11636
11498,11637
11499,11638
11499,11639
11500,11640
11500,11641
11500,11642
11501,11643
11501,11644
11501,11645
11502,11646
11502,11647
11503,11648
11503,11649
11503,11650
11504,11651
11504,11652
11504,11653
11505,11654
11505,11655
11505,11656
11506,11657
11506,11658
11506,11659
11507,11660
11507,11661
11508,11662
11508,11663
11508,11664
11509,11665
11509,11666
11509,11667
11510,11668
11510,11669
11510,11670
11511,11671
11511,11672
11511,11673
11512,11674
11512,11675
11512,11676
11513,11677
11513,11678
11513,11679
11514,11680
11514,11681
11514,11682
11515,11683
11515,11684
11515,11685
11516,11686
11516,11687
11516,11688
11517,11689
11517,11690
11517,11691
11518,11692
11518,11693
11518,11694
11519,11695
11519,11696
11519,11697
11520,11698
11520,11699
11520,11700
11521,11701
11521,11702
11521,11703
11522,11704
11522,11705
11522,11706
11523,11707
11523,11708
11524,11709
11524,11710
11525,11711
11525,11712
11525,11713
11526,11714
11526,11715
11526,11716
11527,11717
11527,11718
11527,11719
11528,11720
11528,11721
11528,11722
11529,11723
11529,11724
11529,11725
11530,11726
11530,11727
11530,11728
11531,11729
11531,11730
11531,11731
11532,11732
11532,11733
11532,11734
11533,11735
11533,11736
11533,11737
11534,11738
11534,11739
11534,11740
11535,11741
11535,11742
11535,11743
11536,11744
11536,11745
11536,11746
11541,11747
11541,11748
11571,11749
11571,11750
11571,11751
11610,11754
11610,11755
11610,11756
11615,11757
11615,11758
11615,11759
11623,11760
11623,11761
11623,11762
11627,11763
11627,11764
11627,11765
11634,11766
11634,11767
11634,11768
11639,11769
11639,11770
11639,11771
11647,11772
11647,11773
11647,11774
11651,11775
11651,11776
11651,11777
11660,11778
11665,11779
11665,11780
11665,11781
11708,11782
11708,11783
11710,11784
11710,11785
11710,11786
11787,11788
11787,11789
11787,11790
11791,11792
11791,11793
11791,11794
11793,11795
11793,11796
11793,11797
11793,11798
11794,11799
11794,11800
11794,11801
11801,11803
11802,11804
11802,11805
11803,11807
11806,11808
11806,11809
11806,11810
11807,11811
11809,11812
11809,11813
11811,11814
11813,11815
11816,11819
11817,11820
11818,11821
11818,11822
11818,11823
