id,type,name,params_len,argument_len,returns,start_line,start_column,end_line,end_column,file_name,file_is_index_or_test,new_id
1,Program,nan,-1,-1,-1,3,0,63,8,packages\tlhunter-sorted-set\example\ttl.js,0,0
2,VariableDeclaration,nan,-1,-1,-1,3,0,3,24,packages\tlhunter-sorted-set\example\ttl.js,0,1
3,FunctionDeclaration,nan,-1,0,0,6,0,8,1,packages\tlhunter-sorted-set\example\ttl.js,0,2
8,VariableDeclaration,nan,-1,-1,-1,37,0,37,20,packages\tlhunter-sorted-set\example\ttl.js,0,3
9,VariableDeclaration,nan,-1,-1,-1,40,0,40,55,packages\tlhunter-sorted-set\example\ttl.js,0,4
15,Identifier,TTL,-1,-1,-1,6,9,6,12,packages\tlhunter-sorted-set\example\ttl.js,0,5
17,BlockStatement,nan,-1,-1,-1,6,15,8,1,packages\tlhunter-sorted-set\example\ttl.js,0,6
18,AssignmentExpression,nan,-1,-1,-1,11,0,14,1,packages\tlhunter-sorted-set\example\ttl.js,0,7
19,AssignmentExpression,nan,-1,-1,-1,17,0,20,1,packages\tlhunter-sorted-set\example\ttl.js,0,8
20,AssignmentExpression,nan,-1,-1,-1,23,0,30,1,packages\tlhunter-sorted-set\example\ttl.js,0,9
21,AssignmentExpression,nan,-1,-1,-1,33,0,35,1,packages\tlhunter-sorted-set\example\ttl.js,0,10
22,CallExpression,nan,2,-1,-1,42,0,42,21,packages\tlhunter-sorted-set\example\ttl.js,0,11
23,CallExpression,nan,2,-1,-1,43,0,43,21,packages\tlhunter-sorted-set\example\ttl.js,0,12
24,CallExpression,nan,2,-1,-1,45,0,49,7,packages\tlhunter-sorted-set\example\ttl.js,0,13
25,CallExpression,nan,2,-1,-1,51,0,55,7,packages\tlhunter-sorted-set\example\ttl.js,0,14
26,CallExpression,nan,2,-1,-1,57,0,63,7,packages\tlhunter-sorted-set\example\ttl.js,0,15
28,MemberExpression,nan,-1,-1,-1,11,0,11,17,packages\tlhunter-sorted-set\example\ttl.js,0,16
29,FunctionExpression,nan,-1,2,1,11,20,14,1,packages\tlhunter-sorted-set\example\ttl.js,0,17
30,MemberExpression,nan,-1,-1,-1,17,0,17,17,packages\tlhunter-sorted-set\example\ttl.js,0,18
31,FunctionExpression,nan,-1,2,1,17,20,20,1,packages\tlhunter-sorted-set\example\ttl.js,0,19
32,MemberExpression,nan,-1,-1,-1,23,0,23,17,packages\tlhunter-sorted-set\example\ttl.js,0,20
33,FunctionExpression,nan,-1,1,1,23,20,30,1,packages\tlhunter-sorted-set\example\ttl.js,0,21
34,MemberExpression,nan,-1,-1,-1,33,0,33,21,packages\tlhunter-sorted-set\example\ttl.js,0,22
35,FunctionExpression,nan,-1,0,1,33,24,35,1,packages\tlhunter-sorted-set\example\ttl.js,0,23
38,MemberExpression,nan,-1,-1,-1,42,0,42,7,packages\tlhunter-sorted-set\example\ttl.js,0,24
41,MemberExpression,nan,-1,-1,-1,43,0,43,7,packages\tlhunter-sorted-set\example\ttl.js,0,25
42,FunctionExpression,nan,-1,0,0,45,11,49,1,packages\tlhunter-sorted-set\example\ttl.js,0,26
44,Identifier,setTimeout,-1,-1,-1,45,0,45,10,packages\tlhunter-sorted-set\example\ttl.js,0,27
45,FunctionExpression,nan,-1,0,0,51,11,55,1,packages\tlhunter-sorted-set\example\ttl.js,0,28
47,Identifier,setTimeout,-1,-1,-1,51,0,51,10,packages\tlhunter-sorted-set\example\ttl.js,0,29
48,FunctionExpression,nan,-1,0,0,57,11,63,1,packages\tlhunter-sorted-set\example\ttl.js,0,30
50,Identifier,setTimeout,-1,-1,-1,57,0,57,10,packages\tlhunter-sorted-set\example\ttl.js,0,31
51,AssignmentExpression,nan,-1,-1,-1,7,2,7,23,packages\tlhunter-sorted-set\example\ttl.js,0,32
52,Identifier,key,-1,-1,-1,11,29,11,32,packages\tlhunter-sorted-set\example\ttl.js,0,33
53,Identifier,ms,-1,-1,-1,11,34,11,36,packages\tlhunter-sorted-set\example\ttl.js,0,34
55,BlockStatement,nan,-1,-1,-1,11,38,14,1,packages\tlhunter-sorted-set\example\ttl.js,0,35
56,Identifier,key,-1,-1,-1,17,29,17,32,packages\tlhunter-sorted-set\example\ttl.js,0,36
57,Identifier,time,-1,-1,-1,17,34,17,38,packages\tlhunter-sorted-set\example\ttl.js,0,37
59,BlockStatement,nan,-1,-1,-1,17,40,20,1,packages\tlhunter-sorted-set\example\ttl.js,0,38
60,Identifier,key,-1,-1,-1,23,29,23,32,packages\tlhunter-sorted-set\example\ttl.js,0,39
62,BlockStatement,nan,-1,-1,-1,23,34,30,1,packages\tlhunter-sorted-set\example\ttl.js,0,40
64,BlockStatement,nan,-1,-1,-1,33,35,35,1,packages\tlhunter-sorted-set\example\ttl.js,0,41
66,BlockStatement,nan,-1,-1,-1,45,22,49,1,packages\tlhunter-sorted-set\example\ttl.js,0,42
68,BlockStatement,nan,-1,-1,-1,51,22,55,1,packages\tlhunter-sorted-set\example\ttl.js,0,43
70,BlockStatement,nan,-1,-1,-1,57,22,63,1,packages\tlhunter-sorted-set\example\ttl.js,0,44
71,MemberExpression,nan,-1,-1,-1,7,2,7,11,packages\tlhunter-sorted-set\example\ttl.js,0,45
72,NewExpression,nan,0,-1,-1,7,14,7,23,packages\tlhunter-sorted-set\example\ttl.js,0,46
74,ReturnStatement,nan,1,-1,-1,13,2,13,54,packages\tlhunter-sorted-set\example\ttl.js,0,47
76,ReturnStatement,nan,1,-1,-1,19,2,19,43,packages\tlhunter-sorted-set\example\ttl.js,0,48
77,VariableDeclaration,nan,-1,-1,-1,24,2,24,54,packages\tlhunter-sorted-set\example\ttl.js,0,49
78,IfStatement,nan,-1,-1,-1,25,2,28,3,packages\tlhunter-sorted-set\example\ttl.js,0,50
79,ReturnStatement,nan,1,-1,-1,29,2,29,14,packages\tlhunter-sorted-set\example\ttl.js,0,51
80,ReturnStatement,nan,1,-1,-1,34,2,34,45,packages\tlhunter-sorted-set\example\ttl.js,0,52
91,Identifier,Set,-1,-1,-1,7,18,7,21,packages\tlhunter-sorted-set\example\ttl.js,0,53
92,CallExpression,nan,0,-1,-1,12,2,12,16,packages\tlhunter-sorted-set\example\ttl.js,0,54
94,CallExpression,nan,0,-1,-1,18,2,18,16,packages\tlhunter-sorted-set\example\ttl.js,0,55
96,BlockStatement,nan,-1,-1,-1,25,19,28,3,packages\tlhunter-sorted-set\example\ttl.js,0,56
99,CallExpression,nan,2,-1,-1,34,9,34,44,packages\tlhunter-sorted-set\example\ttl.js,0,57
100,CallExpression,nan,1,-1,-1,46,2,46,30,packages\tlhunter-sorted-set\example\ttl.js,0,58
101,CallExpression,nan,1,-1,-1,47,2,47,57,packages\tlhunter-sorted-set\example\ttl.js,0,59
102,CallExpression,nan,1,-1,-1,48,2,48,57,packages\tlhunter-sorted-set\example\ttl.js,0,60
103,CallExpression,nan,1,-1,-1,52,2,52,30,packages\tlhunter-sorted-set\example\ttl.js,0,61
104,CallExpression,nan,1,-1,-1,53,2,53,62,packages\tlhunter-sorted-set\example\ttl.js,0,62
105,CallExpression,nan,1,-1,-1,54,2,54,57,packages\tlhunter-sorted-set\example\ttl.js,0,63
106,CallExpression,nan,1,-1,-1,58,2,58,30,packages\tlhunter-sorted-set\example\ttl.js,0,64
107,CallExpression,nan,1,-1,-1,59,2,59,62,packages\tlhunter-sorted-set\example\ttl.js,0,65
108,CallExpression,nan,1,-1,-1,60,2,60,62,packages\tlhunter-sorted-set\example\ttl.js,0,66
109,CallExpression,nan,1,-1,-1,62,2,62,25,packages\tlhunter-sorted-set\example\ttl.js,0,67
110,MemberExpression,nan,-1,-1,-1,12,2,12,14,packages\tlhunter-sorted-set\example\ttl.js,0,68
111,CallExpression,nan,2,-1,-1,13,9,13,44,packages\tlhunter-sorted-set\example\ttl.js,0,69
113,MemberExpression,nan,-1,-1,-1,18,2,18,14,packages\tlhunter-sorted-set\example\ttl.js,0,70
114,CallExpression,nan,2,-1,-1,19,9,19,33,packages\tlhunter-sorted-set\example\ttl.js,0,71
117,ReturnStatement,nan,1,-1,-1,27,4,27,17,packages\tlhunter-sorted-set\example\ttl.js,0,72
118,Identifier,time,-1,-1,-1,25,6,25,10,packages\tlhunter-sorted-set\example\ttl.js,0,73
119,Identifier,now,-1,-1,-1,25,14,25,17,packages\tlhunter-sorted-set\example\ttl.js,0,74
122,MemberExpression,nan,-1,-1,-1,34,9,34,22,packages\tlhunter-sorted-set\example\ttl.js,0,75
123,MemberExpression,nan,-1,-1,-1,46,14,46,29,packages\tlhunter-sorted-set\example\ttl.js,0,76
124,MemberExpression,nan,-1,-1,-1,46,2,46,13,packages\tlhunter-sorted-set\example\ttl.js,0,77
126,MemberExpression,nan,-1,-1,-1,47,2,47,13,packages\tlhunter-sorted-set\example\ttl.js,0,78
128,MemberExpression,nan,-1,-1,-1,48,2,48,13,packages\tlhunter-sorted-set\example\ttl.js,0,79
129,MemberExpression,nan,-1,-1,-1,52,14,52,29,packages\tlhunter-sorted-set\example\ttl.js,0,80
130,MemberExpression,nan,-1,-1,-1,52,2,52,13,packages\tlhunter-sorted-set\example\ttl.js,0,81
132,MemberExpression,nan,-1,-1,-1,53,2,53,13,packages\tlhunter-sorted-set\example\ttl.js,0,82
134,MemberExpression,nan,-1,-1,-1,54,2,54,13,packages\tlhunter-sorted-set\example\ttl.js,0,83
135,MemberExpression,nan,-1,-1,-1,58,14,58,29,packages\tlhunter-sorted-set\example\ttl.js,0,84
136,MemberExpression,nan,-1,-1,-1,58,2,58,13,packages\tlhunter-sorted-set\example\ttl.js,0,85
138,MemberExpression,nan,-1,-1,-1,59,2,59,13,packages\tlhunter-sorted-set\example\ttl.js,0,86
140,MemberExpression,nan,-1,-1,-1,60,2,60,13,packages\tlhunter-sorted-set\example\ttl.js,0,87
141,Identifier,interval,-1,-1,-1,62,16,62,24,packages\tlhunter-sorted-set\example\ttl.js,0,88
142,Identifier,clearInterval,-1,-1,-1,62,2,62,15,packages\tlhunter-sorted-set\example\ttl.js,0,89
143,Identifier,key,-1,-1,-1,13,23,13,26,packages\tlhunter-sorted-set\example\ttl.js,0,90
145,MemberExpression,nan,-1,-1,-1,13,9,13,22,packages\tlhunter-sorted-set\example\ttl.js,0,91
146,Identifier,key,-1,-1,-1,19,23,19,26,packages\tlhunter-sorted-set\example\ttl.js,0,92
147,Identifier,time,-1,-1,-1,19,28,19,32,packages\tlhunter-sorted-set\example\ttl.js,0,93
148,MemberExpression,nan,-1,-1,-1,19,9,19,22,packages\tlhunter-sorted-set\example\ttl.js,0,94
149,CallExpression,nan,2,-1,-1,26,4,26,28,packages\tlhunter-sorted-set\example\ttl.js,0,95
151,CallExpression,nan,0,-1,-1,34,29,34,39,packages\tlhunter-sorted-set\example\ttl.js,0,96
154,CallExpression,nan,1,-1,-1,47,40,47,56,packages\tlhunter-sorted-set\example\ttl.js,0,97
156,CallExpression,nan,1,-1,-1,48,40,48,56,packages\tlhunter-sorted-set\example\ttl.js,0,98
158,UnaryExpression,nan,1,-1,-1,53,44,53,61,packages\tlhunter-sorted-set\example\ttl.js,0,99
160,CallExpression,nan,1,-1,-1,54,40,54,56,packages\tlhunter-sorted-set\example\ttl.js,0,100
162,UnaryExpression,nan,1,-1,-1,59,44,59,61,packages\tlhunter-sorted-set\example\ttl.js,0,101
164,UnaryExpression,nan,1,-1,-1,60,44,60,61,packages\tlhunter-sorted-set\example\ttl.js,0,102
165,CallExpression,nan,0,-1,-1,13,28,13,38,packages\tlhunter-sorted-set\example\ttl.js,0,103
166,Identifier,ms,-1,-1,-1,13,41,13,43,packages\tlhunter-sorted-set\example\ttl.js,0,104
168,Identifier,now,-1,-1,-1,26,24,26,27,packages\tlhunter-sorted-set\example\ttl.js,0,105
169,MemberExpression,nan,-1,-1,-1,26,4,26,17,packages\tlhunter-sorted-set\example\ttl.js,0,106
170,MemberExpression,nan,-1,-1,-1,34,29,34,37,packages\tlhunter-sorted-set\example\ttl.js,0,107
172,MemberExpression,nan,-1,-1,-1,47,40,47,47,packages\tlhunter-sorted-set\example\ttl.js,0,108
174,MemberExpression,nan,-1,-1,-1,48,40,48,47,packages\tlhunter-sorted-set\example\ttl.js,0,109
175,CallExpression,nan,1,-1,-1,53,45,53,61,packages\tlhunter-sorted-set\example\ttl.js,0,110
177,MemberExpression,nan,-1,-1,-1,54,40,54,47,packages\tlhunter-sorted-set\example\ttl.js,0,111
178,CallExpression,nan,1,-1,-1,59,45,59,61,packages\tlhunter-sorted-set\example\ttl.js,0,112
179,CallExpression,nan,1,-1,-1,60,45,60,61,packages\tlhunter-sorted-set\example\ttl.js,0,113
180,MemberExpression,nan,-1,-1,-1,13,28,13,36,packages\tlhunter-sorted-set\example\ttl.js,0,114
182,MemberExpression,nan,-1,-1,-1,53,45,53,52,packages\tlhunter-sorted-set\example\ttl.js,0,115
184,MemberExpression,nan,-1,-1,-1,59,45,59,52,packages\tlhunter-sorted-set\example\ttl.js,0,116
186,MemberExpression,nan,-1,-1,-1,60,45,60,52,packages\tlhunter-sorted-set\example\ttl.js,0,117
187,Program,nan,-1,-1,-1,1,0,64,27,packages\tlhunter-sorted-set\lib\intersect.js,0,118
188,FunctionDeclaration,nan,-1,2,1,1,0,9,1,packages\tlhunter-sorted-set\lib\intersect.js,0,119
189,FunctionDeclaration,nan,-1,3,1,11,0,22,1,packages\tlhunter-sorted-set\lib\intersect.js,0,120
190,FunctionDeclaration,nan,-1,1,1,24,0,62,1,packages\tlhunter-sorted-set\lib\intersect.js,0,121
192,Identifier,binaryIntersect,-1,-1,-1,1,9,1,24,packages\tlhunter-sorted-set\lib\intersect.js,0,122
193,Identifier,a,-1,-1,-1,1,25,1,26,packages\tlhunter-sorted-set\lib\intersect.js,0,123
194,Identifier,b,-1,-1,-1,1,28,1,29,packages\tlhunter-sorted-set\lib\intersect.js,0,124
196,BlockStatement,nan,-1,-1,-1,1,31,9,1,packages\tlhunter-sorted-set\lib\intersect.js,0,125
197,Identifier,ternaryIntersect,-1,-1,-1,11,9,11,25,packages\tlhunter-sorted-set\lib\intersect.js,0,126
198,Identifier,a,-1,-1,-1,11,26,11,27,packages\tlhunter-sorted-set\lib\intersect.js,0,127
199,Identifier,b,-1,-1,-1,11,29,11,30,packages\tlhunter-sorted-set\lib\intersect.js,0,128
200,Identifier,c,-1,-1,-1,11,32,11,33,packages\tlhunter-sorted-set\lib\intersect.js,0,129
202,BlockStatement,nan,-1,-1,-1,11,35,22,1,packages\tlhunter-sorted-set\lib\intersect.js,0,130
203,Identifier,intersect,-1,-1,-1,24,9,24,18,packages\tlhunter-sorted-set\lib\intersect.js,0,131
204,Identifier,nodes,-1,-1,-1,24,19,24,24,packages\tlhunter-sorted-set\lib\intersect.js,0,132
206,BlockStatement,nan,-1,-1,-1,24,26,62,1,packages\tlhunter-sorted-set\lib\intersect.js,0,133
207,AssignmentExpression,nan,-1,-1,-1,64,0,64,26,packages\tlhunter-sorted-set\lib\intersect.js,0,134
208,VariableDeclaration,nan,-1,-1,-1,2,2,2,48,packages\tlhunter-sorted-set\lib\intersect.js,0,135
209,ForStatement,nan,-1,-1,-1,3,2,4,25,packages\tlhunter-sorted-set\lib\intersect.js,0,136
210,ForStatement,nan,-1,-1,-1,5,2,7,25,packages\tlhunter-sorted-set\lib\intersect.js,0,137
211,ReturnStatement,nan,1,-1,-1,8,2,8,16,packages\tlhunter-sorted-set\lib\intersect.js,0,138
212,VariableDeclaration,nan,-1,-1,-1,12,2,12,48,packages\tlhunter-sorted-set\lib\intersect.js,0,139
213,ForStatement,nan,-1,-1,-1,13,2,14,22,packages\tlhunter-sorted-set\lib\intersect.js,0,140
214,ForStatement,nan,-1,-1,-1,15,2,17,24,packages\tlhunter-sorted-set\lib\intersect.js,0,141
215,ForStatement,nan,-1,-1,-1,18,2,20,25,packages\tlhunter-sorted-set\lib\intersect.js,0,142
216,ReturnStatement,nan,1,-1,-1,21,2,21,16,packages\tlhunter-sorted-set\lib\intersect.js,0,143
217,VariableDeclaration,nan,-1,-1,-1,25,2,25,39,packages\tlhunter-sorted-set\lib\intersect.js,0,144
218,IfStatement,nan,-1,-1,-1,26,2,27,14,packages\tlhunter-sorted-set\lib\intersect.js,0,145
219,ForStatement,nan,-1,-1,-1,28,2,32,3,packages\tlhunter-sorted-set\lib\intersect.js,0,146
220,IfStatement,nan,-1,-1,-1,33,2,34,44,packages\tlhunter-sorted-set\lib\intersect.js,0,147
221,IfStatement,nan,-1,-1,-1,35,2,36,47,packages\tlhunter-sorted-set\lib\intersect.js,0,148
222,IfStatement,nan,-1,-1,-1,37,2,38,58,packages\tlhunter-sorted-set\lib\intersect.js,0,149
224,ForStatement,nan,-1,-1,-1,43,2,44,25,packages\tlhunter-sorted-set\lib\intersect.js,0,150
225,ForStatement,nan,-1,-1,-1,45,2,56,3,packages\tlhunter-sorted-set\lib\intersect.js,0,151
227,ForStatement,nan,-1,-1,-1,58,2,60,28,packages\tlhunter-sorted-set\lib\intersect.js,0,152
228,ReturnStatement,nan,1,-1,-1,61,2,61,16,packages\tlhunter-sorted-set\lib\intersect.js,0,153
229,MemberExpression,nan,-1,-1,-1,64,0,64,14,packages\tlhunter-sorted-set\lib\intersect.js,0,154
230,Identifier,intersect,-1,-1,-1,64,17,64,26,packages\tlhunter-sorted-set\lib\intersect.js,0,155
231,Identifier,a,-1,-1,-1,3,9,3,10,packages\tlhunter-sorted-set\lib\intersect.js,0,156
233,Identifier,b,-1,-1,-1,5,9,5,10,packages\tlhunter-sorted-set\lib\intersect.js,0,157
234,IfStatement,nan,-1,-1,-1,6,4,7,25,packages\tlhunter-sorted-set\lib\intersect.js,0,158
235,Identifier,result,-1,-1,-1,8,9,8,15,packages\tlhunter-sorted-set\lib\intersect.js,0,159
236,Identifier,a,-1,-1,-1,13,9,13,10,packages\tlhunter-sorted-set\lib\intersect.js,0,160
238,Identifier,b,-1,-1,-1,15,9,15,10,packages\tlhunter-sorted-set\lib\intersect.js,0,161
239,IfStatement,nan,-1,-1,-1,16,4,17,24,packages\tlhunter-sorted-set\lib\intersect.js,0,162
240,Identifier,c,-1,-1,-1,18,9,18,10,packages\tlhunter-sorted-set\lib\intersect.js,0,163
241,IfStatement,nan,-1,-1,-1,19,4,20,25,packages\tlhunter-sorted-set\lib\intersect.js,0,164
242,Identifier,result,-1,-1,-1,21,9,21,15,packages\tlhunter-sorted-set\lib\intersect.js,0,165
243,ReturnStatement,nan,1,-1,-1,27,4,27,14,packages\tlhunter-sorted-set\lib\intersect.js,0,166
244,UnaryExpression,nan,1,-1,-1,26,6,26,19,packages\tlhunter-sorted-set\lib\intersect.js,0,167
246,BlockStatement,nan,-1,-1,-1,28,42,32,3,packages\tlhunter-sorted-set\lib\intersect.js,0,168
247,ReturnStatement,nan,1,-1,-1,34,4,34,44,packages\tlhunter-sorted-set\lib\intersect.js,0,169
249,ReturnStatement,nan,1,-1,-1,36,4,36,47,packages\tlhunter-sorted-set\lib\intersect.js,0,170
251,ReturnStatement,nan,1,-1,-1,38,4,38,58,packages\tlhunter-sorted-set\lib\intersect.js,0,171
253,AssignmentExpression,nan,-1,-1,-1,42,2,42,30,packages\tlhunter-sorted-set\lib\intersect.js,0,172
254,Identifier,node,-1,-1,-1,43,29,43,33,packages\tlhunter-sorted-set\lib\intersect.js,0,173
257,BlockStatement,nan,-1,-1,-1,45,48,56,3,packages\tlhunter-sorted-set\lib\intersect.js,0,174
258,AssignmentExpression,nan,-1,-1,-1,57,2,57,13,packages\tlhunter-sorted-set\lib\intersect.js,0,175
259,Identifier,node,-1,-1,-1,58,24,58,28,packages\tlhunter-sorted-set\lib\intersect.js,0,176
260,IfStatement,nan,-1,-1,-1,59,4,60,28,packages\tlhunter-sorted-set\lib\intersect.js,0,177
261,Identifier,result,-1,-1,-1,61,9,61,15,packages\tlhunter-sorted-set\lib\intersect.js,0,178
262,AssignmentExpression,nan,-1,-1,-1,4,4,4,24,packages\tlhunter-sorted-set\lib\intersect.js,0,179
264,MemberExpression,nan,-1,-1,-1,6,8,6,21,packages\tlhunter-sorted-set\lib\intersect.js,0,180
265,AssignmentExpression,nan,-1,-1,-1,14,4,14,21,packages\tlhunter-sorted-set\lib\intersect.js,0,181
270,ArrayExpression,nan,-1,-1,-1,27,11,27,13,packages\tlhunter-sorted-set\lib\intersect.js,0,182
271,MemberExpression,nan,-1,-1,-1,26,7,26,19,packages\tlhunter-sorted-set\lib\intersect.js,0,183
272,Identifier,i,-1,-1,-1,28,29,28,30,packages\tlhunter-sorted-set\lib\intersect.js,0,184
274,IfStatement,nan,-1,-1,-1,29,4,30,16,packages\tlhunter-sorted-set\lib\intersect.js,0,185
276,CallExpression,nan,1,-1,-1,34,11,34,43,packages\tlhunter-sorted-set\lib\intersect.js,0,186
277,MemberExpression,nan,-1,-1,-1,33,6,33,18,packages\tlhunter-sorted-set\lib\intersect.js,0,187
279,CallExpression,nan,2,-1,-1,36,11,36,46,packages\tlhunter-sorted-set\lib\intersect.js,0,188
280,MemberExpression,nan,-1,-1,-1,35,6,35,18,packages\tlhunter-sorted-set\lib\intersect.js,0,189
282,CallExpression,nan,3,-1,-1,38,11,38,57,packages\tlhunter-sorted-set\lib\intersect.js,0,190
283,MemberExpression,nan,-1,-1,-1,37,6,37,18,packages\tlhunter-sorted-set\lib\intersect.js,0,191
285,Identifier,lookup,-1,-1,-1,42,2,42,8,packages\tlhunter-sorted-set\lib\intersect.js,0,192
286,CallExpression,nan,1,-1,-1,42,11,42,30,packages\tlhunter-sorted-set\lib\intersect.js,0,193
287,AssignmentExpression,nan,-1,-1,-1,44,4,44,24,packages\tlhunter-sorted-set\lib\intersect.js,0,194
288,Identifier,i,-1,-1,-1,45,36,45,37,packages\tlhunter-sorted-set\lib\intersect.js,0,195
289,Identifier,n,-1,-1,-1,45,40,45,41,packages\tlhunter-sorted-set\lib\intersect.js,0,196
292,ForStatement,nan,-1,-1,-1,48,4,53,5,packages\tlhunter-sorted-set\lib\intersect.js,0,197
293,IfStatement,nan,-1,-1,-1,54,4,55,16,packages\tlhunter-sorted-set\lib\intersect.js,0,198
294,Identifier,result,-1,-1,-1,57,2,57,8,packages\tlhunter-sorted-set\lib\intersect.js,0,199
295,ArrayExpression,nan,-1,-1,-1,57,11,57,13,packages\tlhunter-sorted-set\lib\intersect.js,0,200
298,MemberExpression,nan,-1,-1,-1,4,4,4,17,packages\tlhunter-sorted-set\lib\intersect.js,0,201
300,CallExpression,nan,1,-1,-1,7,6,7,24,packages\tlhunter-sorted-set\lib\intersect.js,0,202
301,MemberExpression,nan,-1,-1,-1,14,4,14,17,packages\tlhunter-sorted-set\lib\intersect.js,0,203
303,AssignmentExpression,nan,-1,-1,-1,17,6,17,23,packages\tlhunter-sorted-set\lib\intersect.js,0,204
304,MemberExpression,nan,-1,-1,-1,16,8,16,21,packages\tlhunter-sorted-set\lib\intersect.js,0,205
306,CallExpression,nan,1,-1,-1,20,6,20,24,packages\tlhunter-sorted-set\lib\intersect.js,0,206
307,MemberExpression,nan,-1,-1,-1,19,8,19,21,packages\tlhunter-sorted-set\lib\intersect.js,0,207
309,ReturnStatement,nan,1,-1,-1,30,6,30,16,packages\tlhunter-sorted-set\lib\intersect.js,0,208
310,UnaryExpression,nan,1,-1,-1,29,8,29,24,packages\tlhunter-sorted-set\lib\intersect.js,0,209
311,AssignmentExpression,nan,-1,-1,-1,31,4,31,42,packages\tlhunter-sorted-set\lib\intersect.js,0,210
312,ObjectExpression,nan,-1,-1,-1,34,28,34,42,packages\tlhunter-sorted-set\lib\intersect.js,0,211
313,MemberExpression,nan,-1,-1,-1,34,11,34,27,packages\tlhunter-sorted-set\lib\intersect.js,0,212
314,MemberExpression,nan,-1,-1,-1,36,27,36,35,packages\tlhunter-sorted-set\lib\intersect.js,0,213
315,MemberExpression,nan,-1,-1,-1,36,37,36,45,packages\tlhunter-sorted-set\lib\intersect.js,0,214
316,Identifier,binaryIntersect,-1,-1,-1,36,11,36,26,packages\tlhunter-sorted-set\lib\intersect.js,0,215
317,MemberExpression,nan,-1,-1,-1,38,28,38,36,packages\tlhunter-sorted-set\lib\intersect.js,0,216
318,MemberExpression,nan,-1,-1,-1,38,38,38,46,packages\tlhunter-sorted-set\lib\intersect.js,0,217
319,MemberExpression,nan,-1,-1,-1,38,48,38,56,packages\tlhunter-sorted-set\lib\intersect.js,0,218
320,Identifier,ternaryIntersect,-1,-1,-1,38,11,38,27,packages\tlhunter-sorted-set\lib\intersect.js,0,219
322,MemberExpression,nan,-1,-1,-1,42,11,42,24,packages\tlhunter-sorted-set\lib\intersect.js,0,220
323,MemberExpression,nan,-1,-1,-1,44,4,44,20,packages\tlhunter-sorted-set\lib\intersect.js,0,221
325,AssignmentExpression,nan,-1,-1,-1,46,4,46,9,packages\tlhunter-sorted-set\lib\intersect.js,0,222
326,AssignmentExpression,nan,-1,-1,-1,47,4,47,13,packages\tlhunter-sorted-set\lib\intersect.js,0,223
327,Identifier,node,-1,-1,-1,48,26,48,30,packages\tlhunter-sorted-set\lib\intersect.js,0,224
328,BlockStatement,nan,-1,-1,-1,48,58,53,5,packages\tlhunter-sorted-set\lib\intersect.js,0,225
329,ReturnStatement,nan,1,-1,-1,55,6,55,16,packages\tlhunter-sorted-set\lib\intersect.js,0,226
330,UnaryExpression,nan,1,-1,-1,54,8,54,10,packages\tlhunter-sorted-set\lib\intersect.js,0,227
331,CallExpression,nan,1,-1,-1,60,6,60,27,packages\tlhunter-sorted-set\lib\intersect.js,0,228
332,MemberExpression,nan,-1,-1,-1,59,8,59,24,packages\tlhunter-sorted-set\lib\intersect.js,0,229
333,Identifier,i,-1,-1,-1,59,29,59,30,packages\tlhunter-sorted-set\lib\intersect.js,0,230
334,MemberExpression,nan,-1,-1,-1,7,18,7,23,packages\tlhunter-sorted-set\lib\intersect.js,0,231
335,MemberExpression,nan,-1,-1,-1,7,6,7,17,packages\tlhunter-sorted-set\lib\intersect.js,0,232
336,MemberExpression,nan,-1,-1,-1,17,6,17,19,packages\tlhunter-sorted-set\lib\intersect.js,0,233
338,MemberExpression,nan,-1,-1,-1,20,18,20,23,packages\tlhunter-sorted-set\lib\intersect.js,0,234
339,MemberExpression,nan,-1,-1,-1,20,6,20,17,packages\tlhunter-sorted-set\lib\intersect.js,0,235
340,ArrayExpression,nan,-1,-1,-1,30,13,30,15,packages\tlhunter-sorted-set\lib\intersect.js,0,236
341,MemberExpression,nan,-1,-1,-1,29,9,29,24,packages\tlhunter-sorted-set\lib\intersect.js,0,237
342,MemberExpression,nan,-1,-1,-1,31,4,31,12,packages\tlhunter-sorted-set\lib\intersect.js,0,238
343,MemberExpression,nan,-1,-1,-1,31,15,31,42,packages\tlhunter-sorted-set\lib\intersect.js,0,239
344,Identifier,x,-1,-1,-1,46,4,46,5,packages\tlhunter-sorted-set\lib\intersect.js,0,240
346,Identifier,j,-1,-1,-1,47,4,47,5,packages\tlhunter-sorted-set\lib\intersect.js,0,241
348,IfStatement,nan,-1,-1,-1,49,6,52,7,packages\tlhunter-sorted-set\lib\intersect.js,0,242
349,ArrayExpression,nan,-1,-1,-1,55,13,55,15,packages\tlhunter-sorted-set\lib\intersect.js,0,243
350,Identifier,x,-1,-1,-1,54,9,54,10,packages\tlhunter-sorted-set\lib\intersect.js,0,244
351,MemberExpression,nan,-1,-1,-1,60,18,60,26,packages\tlhunter-sorted-set\lib\intersect.js,0,245
352,MemberExpression,nan,-1,-1,-1,60,6,60,17,packages\tlhunter-sorted-set\lib\intersect.js,0,246
353,Identifier,i,-1,-1,-1,47,8,47,9,packages\tlhunter-sorted-set\lib\intersect.js,0,247
355,BlockStatement,nan,-1,-1,-1,49,34,52,7,packages\tlhunter-sorted-set\lib\intersect.js,0,248
359,MemberExpression,nan,-1,-1,-1,49,10,49,26,packages\tlhunter-sorted-set\lib\intersect.js,0,249
360,Identifier,i,-1,-1,-1,49,31,49,32,packages\tlhunter-sorted-set\lib\intersect.js,0,250
361,AssignmentExpression,nan,-1,-1,-1,50,8,50,28,packages\tlhunter-sorted-set\lib\intersect.js,0,251
362,UpdateExpression,nan,1,-1,-1,51,8,51,11,packages\tlhunter-sorted-set\lib\intersect.js,0,252
363,MemberExpression,nan,-1,-1,-1,50,8,50,24,packages\tlhunter-sorted-set\lib\intersect.js,0,253
364,Identifier,j,-1,-1,-1,50,27,50,28,packages\tlhunter-sorted-set\lib\intersect.js,0,254
365,Identifier,x,-1,-1,-1,51,8,51,9,packages\tlhunter-sorted-set\lib\intersect.js,0,255
366,Program,nan,-1,-1,-1,1,0,761,27,packages\tlhunter-sorted-set\lib\set.js,0,256
368,VariableDeclaration,nan,-1,-1,-1,10,0,10,44,packages\tlhunter-sorted-set\lib\set.js,0,257
369,VariableDeclaration,nan,-1,-1,-1,12,0,12,36,packages\tlhunter-sorted-set\lib\set.js,0,258
370,VariableDeclaration,nan,-1,-1,-1,13,0,13,21,packages\tlhunter-sorted-set\lib\set.js,0,259
371,ClassDeclaration,nan,-1,-1,-1,15,0,732,1,packages\tlhunter-sorted-set\lib\set.js,0,260
372,FunctionDeclaration,nan,-1,0,1,734,0,740,1,packages\tlhunter-sorted-set\lib\set.js,0,261
373,FunctionDeclaration,nan,-1,2,0,742,0,745,1,packages\tlhunter-sorted-set\lib\set.js,0,262
374,FunctionDeclaration,nan,-1,3,0,749,0,754,1,packages\tlhunter-sorted-set\lib\set.js,0,263
375,FunctionDeclaration,nan,-1,2,0,756,0,759,1,packages\tlhunter-sorted-set\lib\set.js,0,264
378,Identifier,SortedSet,-1,-1,-1,15,6,15,15,packages\tlhunter-sorted-set\lib\set.js,0,265
379,ClassBody,nan,-1,-1,-1,15,16,732,1,packages\tlhunter-sorted-set\lib\set.js,0,266
380,Identifier,randomLevel,-1,-1,-1,734,9,734,20,packages\tlhunter-sorted-set\lib\set.js,0,267
382,BlockStatement,nan,-1,-1,-1,734,23,740,1,packages\tlhunter-sorted-set\lib\set.js,0,268
383,Identifier,Level,-1,-1,-1,742,9,742,14,packages\tlhunter-sorted-set\lib\set.js,0,269
384,Identifier,next,-1,-1,-1,742,15,742,19,packages\tlhunter-sorted-set\lib\set.js,0,270
385,Identifier,span,-1,-1,-1,742,21,742,25,packages\tlhunter-sorted-set\lib\set.js,0,271
387,BlockStatement,nan,-1,-1,-1,742,27,745,1,packages\tlhunter-sorted-set\lib\set.js,0,272
388,Identifier,Node,-1,-1,-1,749,9,749,13,packages\tlhunter-sorted-set\lib\set.js,0,273
389,Identifier,level,-1,-1,-1,749,14,749,19,packages\tlhunter-sorted-set\lib\set.js,0,274
390,Identifier,key,-1,-1,-1,749,21,749,24,packages\tlhunter-sorted-set\lib\set.js,0,275
391,Identifier,value,-1,-1,-1,749,26,749,31,packages\tlhunter-sorted-set\lib\set.js,0,276
393,BlockStatement,nan,-1,-1,-1,749,33,754,1,packages\tlhunter-sorted-set\lib\set.js,0,277
394,Identifier,Entry,-1,-1,-1,756,9,756,14,packages\tlhunter-sorted-set\lib\set.js,0,278
395,Identifier,key,-1,-1,-1,756,15,756,18,packages\tlhunter-sorted-set\lib\set.js,0,279
396,Identifier,value,-1,-1,-1,756,20,756,25,packages\tlhunter-sorted-set\lib\set.js,0,280
398,BlockStatement,nan,-1,-1,-1,756,27,759,1,packages\tlhunter-sorted-set\lib\set.js,0,281
399,AssignmentExpression,nan,-1,-1,-1,761,0,761,26,packages\tlhunter-sorted-set\lib\set.js,0,282
400,MethodDefinition,nan,-1,-1,-1,16,2,19,3,packages\tlhunter-sorted-set\lib\set.js,0,283
401,MethodDefinition,nan,-1,-1,-1,21,2,23,3,packages\tlhunter-sorted-set\lib\set.js,0,284
402,MethodDefinition,nan,-1,-1,-1,25,2,50,3,packages\tlhunter-sorted-set\lib\set.js,0,285
403,MethodDefinition,nan,-1,-1,-1,52,2,58,3,packages\tlhunter-sorted-set\lib\set.js,0,286
404,MethodDefinition,nan,-1,-1,-1,60,2,97,3,packages\tlhunter-sorted-set\lib\set.js,0,287
405,MethodDefinition,nan,-1,-1,-1,99,2,102,3,packages\tlhunter-sorted-set\lib\set.js,0,288
406,MethodDefinition,nan,-1,-1,-1,104,2,115,3,packages\tlhunter-sorted-set\lib\set.js,0,289
407,MethodDefinition,nan,-1,-1,-1,117,2,120,3,packages\tlhunter-sorted-set\lib\set.js,0,290
408,MethodDefinition,nan,-1,-1,-1,122,2,124,3,packages\tlhunter-sorted-set\lib\set.js,0,291
409,MethodDefinition,nan,-1,-1,-1,126,2,151,3,packages\tlhunter-sorted-set\lib\set.js,0,292
410,MethodDefinition,nan,-1,-1,-1,153,2,158,3,packages\tlhunter-sorted-set\lib\set.js,0,293
411,MethodDefinition,nan,-1,-1,-1,160,2,164,3,packages\tlhunter-sorted-set\lib\set.js,0,294
412,MethodDefinition,nan,-1,-1,-1,166,2,181,3,packages\tlhunter-sorted-set\lib\set.js,0,295
413,MethodDefinition,nan,-1,-1,-1,183,2,252,3,packages\tlhunter-sorted-set\lib\set.js,0,296
414,MethodDefinition,nan,-1,-1,-1,254,2,302,3,packages\tlhunter-sorted-set\lib\set.js,0,297
415,MethodDefinition,nan,-1,-1,-1,304,2,335,3,packages\tlhunter-sorted-set\lib\set.js,0,298
416,MethodDefinition,nan,-1,-1,-1,337,2,351,3,packages\tlhunter-sorted-set\lib\set.js,0,299
417,MethodDefinition,nan,-1,-1,-1,353,2,421,3,packages\tlhunter-sorted-set\lib\set.js,0,300
418,MethodDefinition,nan,-1,-1,-1,423,2,471,3,packages\tlhunter-sorted-set\lib\set.js,0,301
419,MethodDefinition,nan,-1,-1,-1,473,2,479,3,packages\tlhunter-sorted-set\lib\set.js,0,302
420,MethodDefinition,nan,-1,-1,-1,481,2,484,3,packages\tlhunter-sorted-set\lib\set.js,0,303
421,MethodDefinition,nan,-1,-1,-1,486,2,493,3,packages\tlhunter-sorted-set\lib\set.js,0,304
422,MethodDefinition,nan,-1,-1,-1,495,2,530,3,packages\tlhunter-sorted-set\lib\set.js,0,305
423,MethodDefinition,nan,-1,-1,-1,532,2,549,3,packages\tlhunter-sorted-set\lib\set.js,0,306
424,MethodDefinition,nan,-1,-1,-1,551,2,566,3,packages\tlhunter-sorted-set\lib\set.js,0,307
425,MethodDefinition,nan,-1,-1,-1,568,2,587,3,packages\tlhunter-sorted-set\lib\set.js,0,308
426,MethodDefinition,nan,-1,-1,-1,589,2,654,3,packages\tlhunter-sorted-set\lib\set.js,0,309
427,MethodDefinition,nan,-1,-1,-1,656,2,684,3,packages\tlhunter-sorted-set\lib\set.js,0,310
428,MethodDefinition,nan,-1,-1,-1,686,2,707,3,packages\tlhunter-sorted-set\lib\set.js,0,311
429,MethodDefinition,nan,-1,-1,-1,709,2,731,3,packages\tlhunter-sorted-set\lib\set.js,0,312
430,VariableDeclaration,nan,-1,-1,-1,735,2,735,16,packages\tlhunter-sorted-set\lib\set.js,0,313
431,WhileStatement,nan,-1,-1,-1,736,2,738,3,packages\tlhunter-sorted-set\lib\set.js,0,314
432,ReturnStatement,nan,1,-1,-1,739,2,739,33,packages\tlhunter-sorted-set\lib\set.js,0,315
441,MemberExpression,nan,-1,-1,-1,761,0,761,14,packages\tlhunter-sorted-set\lib\set.js,0,316
442,Identifier,SortedSet,-1,-1,-1,761,17,761,26,packages\tlhunter-sorted-set\lib\set.js,0,317
444,BlockStatement,nan,-1,-1,-1,736,28,738,3,packages\tlhunter-sorted-set\lib\set.js,0,318
445,ConditionalExpression,nan,-1,-1,-1,739,9,739,32,packages\tlhunter-sorted-set\lib\set.js,0,319
446,AssignmentExpression,nan,-1,-1,-1,743,2,743,18,packages\tlhunter-sorted-set\lib\set.js,0,320
447,AssignmentExpression,nan,-1,-1,-1,744,2,744,18,packages\tlhunter-sorted-set\lib\set.js,0,321
448,AssignmentExpression,nan,-1,-1,-1,750,2,750,16,packages\tlhunter-sorted-set\lib\set.js,0,322
449,AssignmentExpression,nan,-1,-1,-1,751,2,751,20,packages\tlhunter-sorted-set\lib\set.js,0,323
450,AssignmentExpression,nan,-1,-1,-1,752,2,752,30,packages\tlhunter-sorted-set\lib\set.js,0,324
451,AssignmentExpression,nan,-1,-1,-1,753,2,753,18,packages\tlhunter-sorted-set\lib\set.js,0,325
452,AssignmentExpression,nan,-1,-1,-1,757,2,757,16,packages\tlhunter-sorted-set\lib\set.js,0,326
453,AssignmentExpression,nan,-1,-1,-1,758,2,758,20,packages\tlhunter-sorted-set\lib\set.js,0,327
454,CallExpression,nan,0,-1,-1,736,9,736,22,packages\tlhunter-sorted-set\lib\set.js,0,328
455,Identifier,P,-1,-1,-1,736,25,736,26,packages\tlhunter-sorted-set\lib\set.js,0,329
457,Identifier,level,-1,-1,-1,739,22,739,27,packages\tlhunter-sorted-set\lib\set.js,0,330
459,MemberExpression,nan,-1,-1,-1,743,2,743,11,packages\tlhunter-sorted-set\lib\set.js,0,331
460,Identifier,next,-1,-1,-1,743,14,743,18,packages\tlhunter-sorted-set\lib\set.js,0,332
461,MemberExpression,nan,-1,-1,-1,744,2,744,11,packages\tlhunter-sorted-set\lib\set.js,0,333
462,Identifier,span,-1,-1,-1,744,14,744,18,packages\tlhunter-sorted-set\lib\set.js,0,334
463,MemberExpression,nan,-1,-1,-1,750,2,750,10,packages\tlhunter-sorted-set\lib\set.js,0,335
464,Identifier,key,-1,-1,-1,750,13,750,16,packages\tlhunter-sorted-set\lib\set.js,0,336
465,MemberExpression,nan,-1,-1,-1,751,2,751,12,packages\tlhunter-sorted-set\lib\set.js,0,337
466,Identifier,value,-1,-1,-1,751,15,751,20,packages\tlhunter-sorted-set\lib\set.js,0,338
467,MemberExpression,nan,-1,-1,-1,752,2,752,11,packages\tlhunter-sorted-set\lib\set.js,0,339
468,NewExpression,nan,1,-1,-1,752,14,752,30,packages\tlhunter-sorted-set\lib\set.js,0,340
469,MemberExpression,nan,-1,-1,-1,753,2,753,11,packages\tlhunter-sorted-set\lib\set.js,0,341
471,MemberExpression,nan,-1,-1,-1,757,2,757,10,packages\tlhunter-sorted-set\lib\set.js,0,342
472,Identifier,key,-1,-1,-1,757,13,757,16,packages\tlhunter-sorted-set\lib\set.js,0,343
473,MemberExpression,nan,-1,-1,-1,758,2,758,12,packages\tlhunter-sorted-set\lib\set.js,0,344
474,Identifier,value,-1,-1,-1,758,15,758,20,packages\tlhunter-sorted-set\lib\set.js,0,345
475,MemberExpression,nan,-1,-1,-1,736,9,736,20,packages\tlhunter-sorted-set\lib\set.js,0,346
476,AssignmentExpression,nan,-1,-1,-1,737,4,737,14,packages\tlhunter-sorted-set\lib\set.js,0,347
477,Identifier,level,-1,-1,-1,739,9,739,14,packages\tlhunter-sorted-set\lib\set.js,0,348
479,Identifier,level,-1,-1,-1,752,24,752,29,packages\tlhunter-sorted-set\lib\set.js,0,349
480,Identifier,Array,-1,-1,-1,752,18,752,23,packages\tlhunter-sorted-set\lib\set.js,0,350
481,Identifier,level,-1,-1,-1,737,4,737,9,packages\tlhunter-sorted-set\lib\set.js,0,351
483,Program,nan,-1,-1,-1,1,0,4,28,packages\tlhunter-sorted-set\test\index.js,1,352
484,VariableDeclaration,nan,-1,-1,-1,1,0,1,29,packages\tlhunter-sorted-set\test\index.js,1,353
487,AssignmentExpression,nan,-1,-1,-1,3,0,3,31,packages\tlhunter-sorted-set\test\index.js,1,354
488,AssignmentExpression,nan,-1,-1,-1,4,0,4,27,packages\tlhunter-sorted-set\test\index.js,1,355
489,MemberExpression,nan,-1,-1,-1,3,0,3,24,packages\tlhunter-sorted-set\test\index.js,1,356
491,MemberExpression,nan,-1,-1,-1,4,0,4,13,packages\tlhunter-sorted-set\test\index.js,1,357
492,MemberExpression,nan,-1,-1,-1,4,16,4,27,packages\tlhunter-sorted-set\test\index.js,1,358
493,Program,nan,-1,-1,-1,1,0,658,3,packages\tlhunter-sorted-set\test\set.test.js,1,359
494,VariableDeclaration,nan,-1,-1,-1,1,0,1,33,packages\tlhunter-sorted-set\test\set.test.js,1,360
495,VariableDeclaration,nan,-1,-1,-1,3,0,3,15,packages\tlhunter-sorted-set\test\set.test.js,1,361
496,VariableDeclaration,nan,-1,-1,-1,4,0,4,21,packages\tlhunter-sorted-set\test\set.test.js,1,362
498,CallExpression,nan,2,-1,-1,6,0,658,2,packages\tlhunter-sorted-set\test\set.test.js,1,363
500,FunctionExpression,nan,-1,0,0,6,21,658,1,packages\tlhunter-sorted-set\test\set.test.js,1,364
501,Identifier,describe,-1,-1,-1,6,0,6,8,packages\tlhunter-sorted-set\test\set.test.js,1,365
503,BlockStatement,nan,-1,-1,-1,6,33,658,1,packages\tlhunter-sorted-set\test\set.test.js,1,366
519,CallExpression,nan,2,-1,-1,7,2,85,4,packages\tlhunter-sorted-set\test\set.test.js,1,367
520,CallExpression,nan,2,-1,-1,88,2,107,4,packages\tlhunter-sorted-set\test\set.test.js,1,368
521,CallExpression,nan,2,-1,-1,110,2,129,4,packages\tlhunter-sorted-set\test\set.test.js,1,369
522,CallExpression,nan,2,-1,-1,132,2,152,4,packages\tlhunter-sorted-set\test\set.test.js,1,370
523,CallExpression,nan,2,-1,-1,155,2,172,4,packages\tlhunter-sorted-set\test\set.test.js,1,371
524,CallExpression,nan,2,-1,-1,174,2,204,4,packages\tlhunter-sorted-set\test\set.test.js,1,372
525,CallExpression,nan,2,-1,-1,206,2,239,4,packages\tlhunter-sorted-set\test\set.test.js,1,373
526,CallExpression,nan,2,-1,-1,241,2,271,4,packages\tlhunter-sorted-set\test\set.test.js,1,374
527,CallExpression,nan,2,-1,-1,273,2,401,4,packages\tlhunter-sorted-set\test\set.test.js,1,375
528,CallExpression,nan,2,-1,-1,403,2,424,4,packages\tlhunter-sorted-set\test\set.test.js,1,376
529,CallExpression,nan,2,-1,-1,426,2,486,4,packages\tlhunter-sorted-set\test\set.test.js,1,377
530,CallExpression,nan,2,-1,-1,488,2,531,4,packages\tlhunter-sorted-set\test\set.test.js,1,378
531,CallExpression,nan,2,-1,-1,533,2,576,4,packages\tlhunter-sorted-set\test\set.test.js,1,379
532,CallExpression,nan,2,-1,-1,578,2,588,4,packages\tlhunter-sorted-set\test\set.test.js,1,380
533,CallExpression,nan,2,-1,-1,590,2,657,4,packages\tlhunter-sorted-set\test\set.test.js,1,381
535,FunctionExpression,nan,-1,0,0,7,40,85,3,packages\tlhunter-sorted-set\test\set.test.js,1,382
536,Identifier,it,-1,-1,-1,7,2,7,4,packages\tlhunter-sorted-set\test\set.test.js,1,383
538,FunctionExpression,nan,-1,0,0,88,19,107,3,packages\tlhunter-sorted-set\test\set.test.js,1,384
539,Identifier,describe,-1,-1,-1,88,2,88,10,packages\tlhunter-sorted-set\test\set.test.js,1,385
541,FunctionExpression,nan,-1,0,0,110,21,129,3,packages\tlhunter-sorted-set\test\set.test.js,1,386
542,Identifier,describe,-1,-1,-1,110,2,110,10,packages\tlhunter-sorted-set\test\set.test.js,1,387
544,FunctionExpression,nan,-1,0,0,132,38,152,3,packages\tlhunter-sorted-set\test\set.test.js,1,388
545,Identifier,describe,-1,-1,-1,132,2,132,10,packages\tlhunter-sorted-set\test\set.test.js,1,389
547,FunctionExpression,nan,-1,0,0,155,20,172,3,packages\tlhunter-sorted-set\test\set.test.js,1,390
548,Identifier,describe,-1,-1,-1,155,2,155,10,packages\tlhunter-sorted-set\test\set.test.js,1,391
550,FunctionExpression,nan,-1,0,0,174,28,204,3,packages\tlhunter-sorted-set\test\set.test.js,1,392
551,Identifier,describe,-1,-1,-1,174,2,174,10,packages\tlhunter-sorted-set\test\set.test.js,1,393
553,FunctionExpression,nan,-1,0,0,206,21,239,3,packages\tlhunter-sorted-set\test\set.test.js,1,394
554,Identifier,describe,-1,-1,-1,206,2,206,10,packages\tlhunter-sorted-set\test\set.test.js,1,395
556,FunctionExpression,nan,-1,0,0,241,21,271,3,packages\tlhunter-sorted-set\test\set.test.js,1,396
557,Identifier,describe,-1,-1,-1,241,2,241,10,packages\tlhunter-sorted-set\test\set.test.js,1,397
559,FunctionExpression,nan,-1,0,0,273,25,401,3,packages\tlhunter-sorted-set\test\set.test.js,1,398
560,Identifier,describe,-1,-1,-1,273,2,273,10,packages\tlhunter-sorted-set\test\set.test.js,1,399
562,FunctionExpression,nan,-1,0,0,403,20,424,3,packages\tlhunter-sorted-set\test\set.test.js,1,400
563,Identifier,describe,-1,-1,-1,403,2,403,10,packages\tlhunter-sorted-set\test\set.test.js,1,401
565,FunctionExpression,nan,-1,0,0,426,19,486,3,packages\tlhunter-sorted-set\test\set.test.js,1,402
566,Identifier,describe,-1,-1,-1,426,2,426,10,packages\tlhunter-sorted-set\test\set.test.js,1,403
568,FunctionExpression,nan,-1,0,0,488,31,531,3,packages\tlhunter-sorted-set\test\set.test.js,1,404
569,Identifier,describe,-1,-1,-1,488,2,488,10,packages\tlhunter-sorted-set\test\set.test.js,1,405
571,FunctionExpression,nan,-1,0,0,533,30,576,3,packages\tlhunter-sorted-set\test\set.test.js,1,406
572,Identifier,describe,-1,-1,-1,533,2,533,10,packages\tlhunter-sorted-set\test\set.test.js,1,407
574,FunctionExpression,nan,-1,0,0,578,22,588,3,packages\tlhunter-sorted-set\test\set.test.js,1,408
575,Identifier,describe,-1,-1,-1,578,2,578,10,packages\tlhunter-sorted-set\test\set.test.js,1,409
577,FunctionExpression,nan,-1,0,0,590,21,657,3,packages\tlhunter-sorted-set\test\set.test.js,1,410
578,Identifier,describe,-1,-1,-1,590,2,590,10,packages\tlhunter-sorted-set\test\set.test.js,1,411
580,BlockStatement,nan,-1,-1,-1,7,52,85,3,packages\tlhunter-sorted-set\test\set.test.js,1,412
582,BlockStatement,nan,-1,-1,-1,88,31,107,3,packages\tlhunter-sorted-set\test\set.test.js,1,413
584,BlockStatement,nan,-1,-1,-1,110,33,129,3,packages\tlhunter-sorted-set\test\set.test.js,1,414
586,BlockStatement,nan,-1,-1,-1,132,50,152,3,packages\tlhunter-sorted-set\test\set.test.js,1,415
588,BlockStatement,nan,-1,-1,-1,155,32,172,3,packages\tlhunter-sorted-set\test\set.test.js,1,416
590,BlockStatement,nan,-1,-1,-1,174,40,204,3,packages\tlhunter-sorted-set\test\set.test.js,1,417
592,BlockStatement,nan,-1,-1,-1,206,33,239,3,packages\tlhunter-sorted-set\test\set.test.js,1,418
594,BlockStatement,nan,-1,-1,-1,241,33,271,3,packages\tlhunter-sorted-set\test\set.test.js,1,419
596,BlockStatement,nan,-1,-1,-1,273,37,401,3,packages\tlhunter-sorted-set\test\set.test.js,1,420
598,BlockStatement,nan,-1,-1,-1,403,32,424,3,packages\tlhunter-sorted-set\test\set.test.js,1,421
600,BlockStatement,nan,-1,-1,-1,426,31,486,3,packages\tlhunter-sorted-set\test\set.test.js,1,422
602,BlockStatement,nan,-1,-1,-1,488,43,531,3,packages\tlhunter-sorted-set\test\set.test.js,1,423
604,BlockStatement,nan,-1,-1,-1,533,42,576,3,packages\tlhunter-sorted-set\test\set.test.js,1,424
606,BlockStatement,nan,-1,-1,-1,578,34,588,3,packages\tlhunter-sorted-set\test\set.test.js,1,425
608,BlockStatement,nan,-1,-1,-1,590,33,657,3,packages\tlhunter-sorted-set\test\set.test.js,1,426
609,VariableDeclaration,nan,-1,-1,-1,8,4,8,30,packages\tlhunter-sorted-set\test\set.test.js,1,427
676,CallExpression,nan,1,-1,-1,10,4,10,31,packages\tlhunter-sorted-set\test\set.test.js,1,428
677,CallExpression,nan,1,-1,-1,11,4,11,34,packages\tlhunter-sorted-set\test\set.test.js,1,429
678,CallExpression,nan,1,-1,-1,12,4,12,32,packages\tlhunter-sorted-set\test\set.test.js,1,430
679,CallExpression,nan,1,-1,-1,13,4,13,39,packages\tlhunter-sorted-set\test\set.test.js,1,431
680,CallExpression,nan,2,-1,-1,15,4,15,24,packages\tlhunter-sorted-set\test\set.test.js,1,432
681,CallExpression,nan,2,-1,-1,16,4,16,24,packages\tlhunter-sorted-set\test\set.test.js,1,433
682,CallExpression,nan,1,-1,-1,17,4,17,48,packages\tlhunter-sorted-set\test\set.test.js,1,434
683,CallExpression,nan,1,-1,-1,18,4,18,45,packages\tlhunter-sorted-set\test\set.test.js,1,435
684,CallExpression,nan,1,-1,-1,20,4,20,31,packages\tlhunter-sorted-set\test\set.test.js,1,436
685,CallExpression,nan,1,-1,-1,21,4,21,68,packages\tlhunter-sorted-set\test\set.test.js,1,437
686,CallExpression,nan,1,-1,-1,22,4,22,46,packages\tlhunter-sorted-set\test\set.test.js,1,438
687,CallExpression,nan,1,-1,-1,23,4,23,48,packages\tlhunter-sorted-set\test\set.test.js,1,439
688,MemberExpression,nan,-1,-1,-1,25,4,25,38,packages\tlhunter-sorted-set\test\set.test.js,1,440
689,MemberExpression,nan,-1,-1,-1,26,4,26,38,packages\tlhunter-sorted-set\test\set.test.js,1,441
690,MemberExpression,nan,-1,-1,-1,27,4,27,38,packages\tlhunter-sorted-set\test\set.test.js,1,442
691,MemberExpression,nan,-1,-1,-1,28,4,28,35,packages\tlhunter-sorted-set\test\set.test.js,1,443
692,CallExpression,nan,1,-1,-1,30,4,30,43,packages\tlhunter-sorted-set\test\set.test.js,1,444
693,CallExpression,nan,1,-1,-1,31,4,31,44,packages\tlhunter-sorted-set\test\set.test.js,1,445
694,CallExpression,nan,1,-1,-1,32,4,32,44,packages\tlhunter-sorted-set\test\set.test.js,1,446
695,CallExpression,nan,1,-1,-1,33,4,33,39,packages\tlhunter-sorted-set\test\set.test.js,1,447
696,CallExpression,nan,1,-1,-1,35,4,35,41,packages\tlhunter-sorted-set\test\set.test.js,1,448
697,CallExpression,nan,1,-1,-1,37,4,37,31,packages\tlhunter-sorted-set\test\set.test.js,1,449
698,CallExpression,nan,1,-1,-1,39,4,39,44,packages\tlhunter-sorted-set\test\set.test.js,1,450
699,CallExpression,nan,1,-1,-1,41,4,41,31,packages\tlhunter-sorted-set\test\set.test.js,1,451
700,MemberExpression,nan,-1,-1,-1,43,4,43,42,packages\tlhunter-sorted-set\test\set.test.js,1,452
701,CallExpression,nan,1,-1,-1,45,4,45,55,packages\tlhunter-sorted-set\test\set.test.js,1,453
702,CallExpression,nan,1,-1,-1,46,4,47,51,packages\tlhunter-sorted-set\test\set.test.js,1,454
703,CallExpression,nan,1,-1,-1,48,4,48,48,packages\tlhunter-sorted-set\test\set.test.js,1,455
704,CallExpression,nan,2,-1,-1,50,4,50,25,packages\tlhunter-sorted-set\test\set.test.js,1,456
705,CallExpression,nan,2,-1,-1,51,4,51,25,packages\tlhunter-sorted-set\test\set.test.js,1,457
706,CallExpression,nan,2,-1,-1,52,4,52,24,packages\tlhunter-sorted-set\test\set.test.js,1,458
707,CallExpression,nan,2,-1,-1,53,4,53,25,packages\tlhunter-sorted-set\test\set.test.js,1,459
708,CallExpression,nan,2,-1,-1,54,4,54,25,packages\tlhunter-sorted-set\test\set.test.js,1,460
709,CallExpression,nan,2,-1,-1,55,4,55,18,packages\tlhunter-sorted-set\test\set.test.js,1,461
710,CallExpression,nan,2,-1,-1,56,4,56,25,packages\tlhunter-sorted-set\test\set.test.js,1,462
711,CallExpression,nan,2,-1,-1,57,4,57,24,packages\tlhunter-sorted-set\test\set.test.js,1,463
712,CallExpression,nan,1,-1,-1,59,4,59,31,packages\tlhunter-sorted-set\test\set.test.js,1,464
713,CallExpression,nan,2,-1,-1,62,4,62,25,packages\tlhunter-sorted-set\test\set.test.js,1,465
714,CallExpression,nan,1,-1,-1,64,4,64,42,packages\tlhunter-sorted-set\test\set.test.js,1,466
715,CallExpression,nan,1,-1,-1,66,4,66,31,packages\tlhunter-sorted-set\test\set.test.js,1,467
716,CallExpression,nan,1,-1,-1,67,4,77,6,packages\tlhunter-sorted-set\test\set.test.js,1,468
717,CallExpression,nan,1,-1,-1,78,4,78,46,packages\tlhunter-sorted-set\test\set.test.js,1,469
718,CallExpression,nan,1,-1,-1,79,4,79,48,packages\tlhunter-sorted-set\test\set.test.js,1,470
719,CallExpression,nan,1,-1,-1,81,4,84,6,packages\tlhunter-sorted-set\test\set.test.js,1,471
720,CallExpression,nan,2,-1,-1,89,4,106,6,packages\tlhunter-sorted-set\test\set.test.js,1,472
721,CallExpression,nan,2,-1,-1,111,4,128,6,packages\tlhunter-sorted-set\test\set.test.js,1,473
722,CallExpression,nan,2,-1,-1,133,4,143,6,packages\tlhunter-sorted-set\test\set.test.js,1,474
723,CallExpression,nan,2,-1,-1,145,4,151,6,packages\tlhunter-sorted-set\test\set.test.js,1,475
724,CallExpression,nan,2,-1,-1,156,4,171,6,packages\tlhunter-sorted-set\test\set.test.js,1,476
725,CallExpression,nan,2,-1,-1,175,4,203,6,packages\tlhunter-sorted-set\test\set.test.js,1,477
726,CallExpression,nan,2,-1,-1,207,4,238,6,packages\tlhunter-sorted-set\test\set.test.js,1,478
727,CallExpression,nan,2,-1,-1,242,4,261,6,packages\tlhunter-sorted-set\test\set.test.js,1,479
728,CallExpression,nan,2,-1,-1,263,4,270,6,packages\tlhunter-sorted-set\test\set.test.js,1,480
729,CallExpression,nan,2,-1,-1,274,4,305,6,packages\tlhunter-sorted-set\test\set.test.js,1,481
730,CallExpression,nan,2,-1,-1,307,4,349,6,packages\tlhunter-sorted-set\test\set.test.js,1,482
731,CallExpression,nan,2,-1,-1,351,4,400,6,packages\tlhunter-sorted-set\test\set.test.js,1,483
732,CallExpression,nan,2,-1,-1,404,4,423,6,packages\tlhunter-sorted-set\test\set.test.js,1,484
733,CallExpression,nan,2,-1,-1,427,4,457,6,packages\tlhunter-sorted-set\test\set.test.js,1,485
734,CallExpression,nan,2,-1,-1,459,4,485,6,packages\tlhunter-sorted-set\test\set.test.js,1,486
735,CallExpression,nan,2,-1,-1,489,4,511,6,packages\tlhunter-sorted-set\test\set.test.js,1,487
736,CallExpression,nan,2,-1,-1,513,4,530,6,packages\tlhunter-sorted-set\test\set.test.js,1,488
737,CallExpression,nan,2,-1,-1,534,4,556,6,packages\tlhunter-sorted-set\test\set.test.js,1,489
738,CallExpression,nan,2,-1,-1,558,4,575,6,packages\tlhunter-sorted-set\test\set.test.js,1,490
739,CallExpression,nan,2,-1,-1,579,4,587,6,packages\tlhunter-sorted-set\test\set.test.js,1,491
740,CallExpression,nan,2,-1,-1,591,4,635,6,packages\tlhunter-sorted-set\test\set.test.js,1,492
741,CallExpression,nan,2,-1,-1,637,4,656,6,packages\tlhunter-sorted-set\test\set.test.js,1,493
743,MemberExpression,nan,-1,-1,-1,10,4,10,28,packages\tlhunter-sorted-set\test\set.test.js,1,494
744,ArrayExpression,nan,-1,-1,-1,11,31,11,33,packages\tlhunter-sorted-set\test\set.test.js,1,495
745,MemberExpression,nan,-1,-1,-1,11,4,11,30,packages\tlhunter-sorted-set\test\set.test.js,1,496
746,ArrayExpression,nan,-1,-1,-1,12,29,12,31,packages\tlhunter-sorted-set\test\set.test.js,1,497
747,MemberExpression,nan,-1,-1,-1,12,4,12,28,packages\tlhunter-sorted-set\test\set.test.js,1,498
748,ArrayExpression,nan,-1,-1,-1,13,36,13,38,packages\tlhunter-sorted-set\test\set.test.js,1,499
749,MemberExpression,nan,-1,-1,-1,13,4,13,35,packages\tlhunter-sorted-set\test\set.test.js,1,500
752,MemberExpression,nan,-1,-1,-1,15,4,15,9,packages\tlhunter-sorted-set\test\set.test.js,1,501
755,MemberExpression,nan,-1,-1,-1,16,4,16,9,packages\tlhunter-sorted-set\test\set.test.js,1,502
757,MemberExpression,nan,-1,-1,-1,17,4,17,42,packages\tlhunter-sorted-set\test\set.test.js,1,503
759,MemberExpression,nan,-1,-1,-1,18,4,18,42,packages\tlhunter-sorted-set\test\set.test.js,1,504
761,MemberExpression,nan,-1,-1,-1,20,4,20,28,packages\tlhunter-sorted-set\test\set.test.js,1,505
762,ArrayExpression,nan,-1,-1,-1,21,31,21,67,packages\tlhunter-sorted-set\test\set.test.js,1,506
763,MemberExpression,nan,-1,-1,-1,21,4,21,30,packages\tlhunter-sorted-set\test\set.test.js,1,507
764,CallExpression,nan,2,-1,-1,22,31,22,45,packages\tlhunter-sorted-set\test\set.test.js,1,508
765,MemberExpression,nan,-1,-1,-1,22,4,22,30,packages\tlhunter-sorted-set\test\set.test.js,1,509
766,CallExpression,nan,0,-1,-1,23,31,23,47,packages\tlhunter-sorted-set\test\set.test.js,1,510
767,MemberExpression,nan,-1,-1,-1,23,4,23,30,packages\tlhunter-sorted-set\test\set.test.js,1,511
769,MemberExpression,nan,-1,-1,-1,30,4,30,40,packages\tlhunter-sorted-set\test\set.test.js,1,512
771,MemberExpression,nan,-1,-1,-1,31,4,31,40,packages\tlhunter-sorted-set\test\set.test.js,1,513
773,MemberExpression,nan,-1,-1,-1,32,4,32,40,packages\tlhunter-sorted-set\test\set.test.js,1,514
775,MemberExpression,nan,-1,-1,-1,33,4,33,33,packages\tlhunter-sorted-set\test\set.test.js,1,515
777,MemberExpression,nan,-1,-1,-1,35,4,35,38,packages\tlhunter-sorted-set\test\set.test.js,1,516
779,MemberExpression,nan,-1,-1,-1,37,4,37,28,packages\tlhunter-sorted-set\test\set.test.js,1,517
781,MemberExpression,nan,-1,-1,-1,39,4,39,38,packages\tlhunter-sorted-set\test\set.test.js,1,518
783,MemberExpression,nan,-1,-1,-1,41,4,41,28,packages\tlhunter-sorted-set\test\set.test.js,1,519
784,ArrayExpression,nan,-1,-1,-1,45,31,45,54,packages\tlhunter-sorted-set\test\set.test.js,1,520
785,MemberExpression,nan,-1,-1,-1,45,4,45,30,packages\tlhunter-sorted-set\test\set.test.js,1,521
786,CallExpression,nan,3,-1,-1,47,14,47,50,packages\tlhunter-sorted-set\test\set.test.js,1,522
787,MemberExpression,nan,-1,-1,-1,46,4,47,13,packages\tlhunter-sorted-set\test\set.test.js,1,523
788,CallExpression,nan,0,-1,-1,48,31,48,47,packages\tlhunter-sorted-set\test\set.test.js,1,524
789,MemberExpression,nan,-1,-1,-1,48,4,48,30,packages\tlhunter-sorted-set\test\set.test.js,1,525
792,MemberExpression,nan,-1,-1,-1,50,4,50,9,packages\tlhunter-sorted-set\test\set.test.js,1,526
795,MemberExpression,nan,-1,-1,-1,51,4,51,9,packages\tlhunter-sorted-set\test\set.test.js,1,527
798,MemberExpression,nan,-1,-1,-1,52,4,52,9,packages\tlhunter-sorted-set\test\set.test.js,1,528
801,MemberExpression,nan,-1,-1,-1,53,4,53,9,packages\tlhunter-sorted-set\test\set.test.js,1,529
804,MemberExpression,nan,-1,-1,-1,54,4,54,9,packages\tlhunter-sorted-set\test\set.test.js,1,530
805,Identifier,obj,-1,-1,-1,55,10,55,13,packages\tlhunter-sorted-set\test\set.test.js,1,531
807,MemberExpression,nan,-1,-1,-1,55,4,55,9,packages\tlhunter-sorted-set\test\set.test.js,1,532
810,MemberExpression,nan,-1,-1,-1,56,4,56,9,packages\tlhunter-sorted-set\test\set.test.js,1,533
813,MemberExpression,nan,-1,-1,-1,57,4,57,9,packages\tlhunter-sorted-set\test\set.test.js,1,534
815,MemberExpression,nan,-1,-1,-1,59,4,59,28,packages\tlhunter-sorted-set\test\set.test.js,1,535
818,MemberExpression,nan,-1,-1,-1,62,4,62,9,packages\tlhunter-sorted-set\test\set.test.js,1,536
820,MemberExpression,nan,-1,-1,-1,64,4,64,39,packages\tlhunter-sorted-set\test\set.test.js,1,537
822,MemberExpression,nan,-1,-1,-1,66,4,66,28,packages\tlhunter-sorted-set\test\set.test.js,1,538
823,ArrayExpression,nan,-1,-1,-1,67,31,77,5,packages\tlhunter-sorted-set\test\set.test.js,1,539
824,MemberExpression,nan,-1,-1,-1,67,4,67,30,packages\tlhunter-sorted-set\test\set.test.js,1,540
825,CallExpression,nan,2,-1,-1,78,31,78,45,packages\tlhunter-sorted-set\test\set.test.js,1,541
826,MemberExpression,nan,-1,-1,-1,78,4,78,30,packages\tlhunter-sorted-set\test\set.test.js,1,542
827,CallExpression,nan,0,-1,-1,79,31,79,47,packages\tlhunter-sorted-set\test\set.test.js,1,543
828,MemberExpression,nan,-1,-1,-1,79,4,79,30,packages\tlhunter-sorted-set\test\set.test.js,1,544
829,ArrayExpression,nan,-1,-1,-1,81,64,84,5,packages\tlhunter-sorted-set\test\set.test.js,1,545
830,MemberExpression,nan,-1,-1,-1,81,4,81,63,packages\tlhunter-sorted-set\test\set.test.js,1,546
832,FunctionExpression,nan,-1,0,0,89,35,106,5,packages\tlhunter-sorted-set\test\set.test.js,1,547
833,Identifier,it,-1,-1,-1,89,4,89,6,packages\tlhunter-sorted-set\test\set.test.js,1,548
835,FunctionExpression,nan,-1,0,0,111,37,128,5,packages\tlhunter-sorted-set\test\set.test.js,1,549
836,Identifier,it,-1,-1,-1,111,4,111,6,packages\tlhunter-sorted-set\test\set.test.js,1,550
838,FunctionExpression,nan,-1,0,0,133,31,143,5,packages\tlhunter-sorted-set\test\set.test.js,1,551
839,Identifier,it,-1,-1,-1,133,4,133,6,packages\tlhunter-sorted-set\test\set.test.js,1,552
841,FunctionExpression,nan,-1,0,0,145,37,151,5,packages\tlhunter-sorted-set\test\set.test.js,1,553
842,Identifier,it,-1,-1,-1,145,4,145,6,packages\tlhunter-sorted-set\test\set.test.js,1,554
844,FunctionExpression,nan,-1,0,0,156,33,171,5,packages\tlhunter-sorted-set\test\set.test.js,1,555
845,Identifier,it,-1,-1,-1,156,4,156,6,packages\tlhunter-sorted-set\test\set.test.js,1,556
847,FunctionExpression,nan,-1,0,0,175,40,203,5,packages\tlhunter-sorted-set\test\set.test.js,1,557
848,Identifier,it,-1,-1,-1,175,4,175,6,packages\tlhunter-sorted-set\test\set.test.js,1,558
850,FunctionExpression,nan,-1,0,0,207,32,238,5,packages\tlhunter-sorted-set\test\set.test.js,1,559
851,Identifier,it,-1,-1,-1,207,4,207,6,packages\tlhunter-sorted-set\test\set.test.js,1,560
853,FunctionExpression,nan,-1,0,0,242,40,261,5,packages\tlhunter-sorted-set\test\set.test.js,1,561
854,Identifier,it,-1,-1,-1,242,4,242,6,packages\tlhunter-sorted-set\test\set.test.js,1,562
856,FunctionExpression,nan,-1,0,0,263,36,270,5,packages\tlhunter-sorted-set\test\set.test.js,1,563
857,Identifier,it,-1,-1,-1,263,4,263,6,packages\tlhunter-sorted-set\test\set.test.js,1,564
859,FunctionExpression,nan,-1,0,0,274,36,305,5,packages\tlhunter-sorted-set\test\set.test.js,1,565
860,Identifier,it,-1,-1,-1,274,4,274,6,packages\tlhunter-sorted-set\test\set.test.js,1,566
862,FunctionExpression,nan,-1,0,0,307,38,349,5,packages\tlhunter-sorted-set\test\set.test.js,1,567
863,Identifier,it,-1,-1,-1,307,4,307,6,packages\tlhunter-sorted-set\test\set.test.js,1,568
865,FunctionExpression,nan,-1,0,0,351,37,400,5,packages\tlhunter-sorted-set\test\set.test.js,1,569
866,Identifier,it,-1,-1,-1,351,4,351,6,packages\tlhunter-sorted-set\test\set.test.js,1,570
868,FunctionExpression,nan,-1,0,0,404,38,423,5,packages\tlhunter-sorted-set\test\set.test.js,1,571
869,Identifier,it,-1,-1,-1,404,4,404,6,packages\tlhunter-sorted-set\test\set.test.js,1,572
871,FunctionExpression,nan,-1,0,0,427,41,457,5,packages\tlhunter-sorted-set\test\set.test.js,1,573
872,Identifier,it,-1,-1,-1,427,4,427,6,packages\tlhunter-sorted-set\test\set.test.js,1,574
874,FunctionExpression,nan,-1,0,0,459,38,485,5,packages\tlhunter-sorted-set\test\set.test.js,1,575
875,Identifier,it,-1,-1,-1,459,4,459,6,packages\tlhunter-sorted-set\test\set.test.js,1,576
877,FunctionExpression,nan,-1,0,0,489,47,511,5,packages\tlhunter-sorted-set\test\set.test.js,1,577
878,Identifier,it,-1,-1,-1,489,4,489,6,packages\tlhunter-sorted-set\test\set.test.js,1,578
880,FunctionExpression,nan,-1,0,0,513,44,530,5,packages\tlhunter-sorted-set\test\set.test.js,1,579
881,Identifier,it,-1,-1,-1,513,4,513,6,packages\tlhunter-sorted-set\test\set.test.js,1,580
883,FunctionExpression,nan,-1,0,0,534,47,556,5,packages\tlhunter-sorted-set\test\set.test.js,1,581
884,Identifier,it,-1,-1,-1,534,4,534,6,packages\tlhunter-sorted-set\test\set.test.js,1,582
886,FunctionExpression,nan,-1,0,0,558,40,575,5,packages\tlhunter-sorted-set\test\set.test.js,1,583
887,Identifier,it,-1,-1,-1,558,4,558,6,packages\tlhunter-sorted-set\test\set.test.js,1,584
889,FunctionExpression,nan,-1,0,0,579,35,587,5,packages\tlhunter-sorted-set\test\set.test.js,1,585
890,Identifier,it,-1,-1,-1,579,4,579,6,packages\tlhunter-sorted-set\test\set.test.js,1,586
892,FunctionExpression,nan,-1,0,0,591,42,635,5,packages\tlhunter-sorted-set\test\set.test.js,1,587
893,Identifier,it,-1,-1,-1,591,4,591,6,packages\tlhunter-sorted-set\test\set.test.js,1,588
895,FunctionExpression,nan,-1,0,0,637,64,656,5,packages\tlhunter-sorted-set\test\set.test.js,1,589
896,Identifier,it,-1,-1,-1,637,4,637,6,packages\tlhunter-sorted-set\test\set.test.js,1,590
898,UnaryExpression,nan,1,-1,-1,22,42,22,44,packages\tlhunter-sorted-set\test\set.test.js,1,591
899,MemberExpression,nan,-1,-1,-1,22,31,22,38,packages\tlhunter-sorted-set\test\set.test.js,1,592
900,MemberExpression,nan,-1,-1,-1,23,31,23,45,packages\tlhunter-sorted-set\test\set.test.js,1,593
902,UnaryExpression,nan,1,-1,-1,47,25,47,27,packages\tlhunter-sorted-set\test\set.test.js,1,594
903,ObjectExpression,nan,-1,-1,-1,47,29,47,49,packages\tlhunter-sorted-set\test\set.test.js,1,595
904,MemberExpression,nan,-1,-1,-1,47,14,47,21,packages\tlhunter-sorted-set\test\set.test.js,1,596
905,MemberExpression,nan,-1,-1,-1,48,31,48,45,packages\tlhunter-sorted-set\test\set.test.js,1,597
907,UnaryExpression,nan,1,-1,-1,78,42,78,44,packages\tlhunter-sorted-set\test\set.test.js,1,598
908,MemberExpression,nan,-1,-1,-1,78,31,78,38,packages\tlhunter-sorted-set\test\set.test.js,1,599
909,MemberExpression,nan,-1,-1,-1,79,31,79,45,packages\tlhunter-sorted-set\test\set.test.js,1,600
911,BlockStatement,nan,-1,-1,-1,89,47,106,5,packages\tlhunter-sorted-set\test\set.test.js,1,601
913,BlockStatement,nan,-1,-1,-1,111,49,128,5,packages\tlhunter-sorted-set\test\set.test.js,1,602
915,BlockStatement,nan,-1,-1,-1,133,43,143,5,packages\tlhunter-sorted-set\test\set.test.js,1,603
917,BlockStatement,nan,-1,-1,-1,145,49,151,5,packages\tlhunter-sorted-set\test\set.test.js,1,604
919,BlockStatement,nan,-1,-1,-1,156,45,171,5,packages\tlhunter-sorted-set\test\set.test.js,1,605
921,BlockStatement,nan,-1,-1,-1,175,52,203,5,packages\tlhunter-sorted-set\test\set.test.js,1,606
923,BlockStatement,nan,-1,-1,-1,207,44,238,5,packages\tlhunter-sorted-set\test\set.test.js,1,607
925,BlockStatement,nan,-1,-1,-1,242,52,261,5,packages\tlhunter-sorted-set\test\set.test.js,1,608
927,BlockStatement,nan,-1,-1,-1,263,48,270,5,packages\tlhunter-sorted-set\test\set.test.js,1,609
929,BlockStatement,nan,-1,-1,-1,274,48,305,5,packages\tlhunter-sorted-set\test\set.test.js,1,610
931,BlockStatement,nan,-1,-1,-1,307,50,349,5,packages\tlhunter-sorted-set\test\set.test.js,1,611
933,BlockStatement,nan,-1,-1,-1,351,49,400,5,packages\tlhunter-sorted-set\test\set.test.js,1,612
935,BlockStatement,nan,-1,-1,-1,404,50,423,5,packages\tlhunter-sorted-set\test\set.test.js,1,613
937,BlockStatement,nan,-1,-1,-1,427,53,457,5,packages\tlhunter-sorted-set\test\set.test.js,1,614
939,BlockStatement,nan,-1,-1,-1,459,50,485,5,packages\tlhunter-sorted-set\test\set.test.js,1,615
941,BlockStatement,nan,-1,-1,-1,489,59,511,5,packages\tlhunter-sorted-set\test\set.test.js,1,616
943,BlockStatement,nan,-1,-1,-1,513,56,530,5,packages\tlhunter-sorted-set\test\set.test.js,1,617
945,BlockStatement,nan,-1,-1,-1,534,59,556,5,packages\tlhunter-sorted-set\test\set.test.js,1,618
947,BlockStatement,nan,-1,-1,-1,558,52,575,5,packages\tlhunter-sorted-set\test\set.test.js,1,619
949,BlockStatement,nan,-1,-1,-1,579,47,587,5,packages\tlhunter-sorted-set\test\set.test.js,1,620
951,BlockStatement,nan,-1,-1,-1,591,54,635,5,packages\tlhunter-sorted-set\test\set.test.js,1,621
953,BlockStatement,nan,-1,-1,-1,637,76,656,5,packages\tlhunter-sorted-set\test\set.test.js,1,622
957,VariableDeclaration,nan,-1,-1,-1,90,6,90,32,packages\tlhunter-sorted-set\test\set.test.js,1,623
970,VariableDeclaration,nan,-1,-1,-1,112,6,112,32,packages\tlhunter-sorted-set\test\set.test.js,1,624
983,VariableDeclaration,nan,-1,-1,-1,134,6,134,32,packages\tlhunter-sorted-set\test\set.test.js,1,625
990,VariableDeclaration,nan,-1,-1,-1,146,6,146,32,packages\tlhunter-sorted-set\test\set.test.js,1,626
995,VariableDeclaration,nan,-1,-1,-1,157,6,157,32,packages\tlhunter-sorted-set\test\set.test.js,1,627
1006,VariableDeclaration,nan,-1,-1,-1,176,6,176,32,packages\tlhunter-sorted-set\test\set.test.js,1,628
1020,VariableDeclaration,nan,-1,-1,-1,208,6,208,32,packages\tlhunter-sorted-set\test\set.test.js,1,629
1047,VariableDeclaration,nan,-1,-1,-1,243,6,243,32,packages\tlhunter-sorted-set\test\set.test.js,1,630
1052,VariableDeclaration,nan,-1,-1,-1,249,6,249,59,packages\tlhunter-sorted-set\test\set.test.js,1,631
1061,VariableDeclaration,nan,-1,-1,-1,264,6,264,32,packages\tlhunter-sorted-set\test\set.test.js,1,632
1065,VariableDeclaration,nan,-1,-1,-1,275,6,275,53,packages\tlhunter-sorted-set\test\set.test.js,1,633
1090,VariableDeclaration,nan,-1,-1,-1,308,6,308,74,packages\tlhunter-sorted-set\test\set.test.js,1,634
1125,VariableDeclaration,nan,-1,-1,-1,352,6,352,32,packages\tlhunter-sorted-set\test\set.test.js,1,635
1126,VariableDeclaration,nan,-1,-1,-1,353,6,353,32,packages\tlhunter-sorted-set\test\set.test.js,1,636
1127,VariableDeclaration,nan,-1,-1,-1,354,6,354,32,packages\tlhunter-sorted-set\test\set.test.js,1,637
1128,VariableDeclaration,nan,-1,-1,-1,355,6,355,32,packages\tlhunter-sorted-set\test\set.test.js,1,638
1167,VariableDeclaration,nan,-1,-1,-1,405,6,405,32,packages\tlhunter-sorted-set\test\set.test.js,1,639
1182,VariableDeclaration,nan,-1,-1,-1,428,6,428,32,packages\tlhunter-sorted-set\test\set.test.js,1,640
1197,VariableDeclaration,nan,-1,-1,-1,460,6,460,32,packages\tlhunter-sorted-set\test\set.test.js,1,641
1215,VariableDeclaration,nan,-1,-1,-1,490,6,490,32,packages\tlhunter-sorted-set\test\set.test.js,1,642
1228,VariableDeclaration,nan,-1,-1,-1,514,6,514,32,packages\tlhunter-sorted-set\test\set.test.js,1,643
1241,VariableDeclaration,nan,-1,-1,-1,535,6,535,32,packages\tlhunter-sorted-set\test\set.test.js,1,644
1254,VariableDeclaration,nan,-1,-1,-1,559,6,559,32,packages\tlhunter-sorted-set\test\set.test.js,1,645
1267,VariableDeclaration,nan,-1,-1,-1,580,6,580,32,packages\tlhunter-sorted-set\test\set.test.js,1,646
1272,VariableDeclaration,nan,-1,-1,-1,592,6,592,46,packages\tlhunter-sorted-set\test\set.test.js,1,647
1288,VariableDeclaration,nan,-1,-1,-1,638,6,638,48,packages\tlhunter-sorted-set\test\set.test.js,1,648
1301,CallExpression,nan,2,-1,-1,92,6,92,27,packages\tlhunter-sorted-set\test\set.test.js,1,649
1302,CallExpression,nan,2,-1,-1,93,6,93,26,packages\tlhunter-sorted-set\test\set.test.js,1,650
1303,CallExpression,nan,2,-1,-1,94,6,94,27,packages\tlhunter-sorted-set\test\set.test.js,1,651
1304,CallExpression,nan,2,-1,-1,95,6,95,27,packages\tlhunter-sorted-set\test\set.test.js,1,652
1305,CallExpression,nan,2,-1,-1,96,6,96,20,packages\tlhunter-sorted-set\test\set.test.js,1,653
1306,CallExpression,nan,2,-1,-1,97,6,97,27,packages\tlhunter-sorted-set\test\set.test.js,1,654
1307,CallExpression,nan,2,-1,-1,98,6,98,26,packages\tlhunter-sorted-set\test\set.test.js,1,655
1308,CallExpression,nan,2,-1,-1,99,6,99,27,packages\tlhunter-sorted-set\test\set.test.js,1,656
1309,CallExpression,nan,2,-1,-1,100,6,100,27,packages\tlhunter-sorted-set\test\set.test.js,1,657
1310,CallExpression,nan,1,-1,-1,102,6,102,43,packages\tlhunter-sorted-set\test\set.test.js,1,658
1311,CallExpression,nan,1,-1,-1,103,6,103,45,packages\tlhunter-sorted-set\test\set.test.js,1,659
1312,CallExpression,nan,1,-1,-1,105,6,105,33,packages\tlhunter-sorted-set\test\set.test.js,1,660
1313,CallExpression,nan,2,-1,-1,114,6,114,27,packages\tlhunter-sorted-set\test\set.test.js,1,661
1314,CallExpression,nan,2,-1,-1,115,6,115,26,packages\tlhunter-sorted-set\test\set.test.js,1,662
1315,CallExpression,nan,2,-1,-1,116,6,116,27,packages\tlhunter-sorted-set\test\set.test.js,1,663
1316,CallExpression,nan,2,-1,-1,117,6,117,27,packages\tlhunter-sorted-set\test\set.test.js,1,664
1317,CallExpression,nan,2,-1,-1,118,6,118,20,packages\tlhunter-sorted-set\test\set.test.js,1,665
1318,CallExpression,nan,2,-1,-1,119,6,119,27,packages\tlhunter-sorted-set\test\set.test.js,1,666
1319,CallExpression,nan,2,-1,-1,120,6,120,26,packages\tlhunter-sorted-set\test\set.test.js,1,667
1320,CallExpression,nan,2,-1,-1,121,6,121,27,packages\tlhunter-sorted-set\test\set.test.js,1,668
1321,CallExpression,nan,2,-1,-1,122,6,122,27,packages\tlhunter-sorted-set\test\set.test.js,1,669
1322,CallExpression,nan,0,-1,-1,124,6,124,15,packages\tlhunter-sorted-set\test\set.test.js,1,670
1323,CallExpression,nan,1,-1,-1,126,6,126,33,packages\tlhunter-sorted-set\test\set.test.js,1,671
1324,CallExpression,nan,1,-1,-1,127,6,127,36,packages\tlhunter-sorted-set\test\set.test.js,1,672
1325,CallExpression,nan,2,-1,-1,136,6,136,23,packages\tlhunter-sorted-set\test\set.test.js,1,673
1326,CallExpression,nan,2,-1,-1,137,6,137,24,packages\tlhunter-sorted-set\test\set.test.js,1,674
1327,CallExpression,nan,2,-1,-1,138,6,138,23,packages\tlhunter-sorted-set\test\set.test.js,1,675
1328,CallExpression,nan,2,-1,-1,139,6,139,24,packages\tlhunter-sorted-set\test\set.test.js,1,676
1329,CallExpression,nan,1,-1,-1,141,6,141,46,packages\tlhunter-sorted-set\test\set.test.js,1,677
1330,CallExpression,nan,1,-1,-1,142,6,142,41,packages\tlhunter-sorted-set\test\set.test.js,1,678
1331,CallExpression,nan,2,-1,-1,147,6,147,23,packages\tlhunter-sorted-set\test\set.test.js,1,679
1332,CallExpression,nan,2,-1,-1,148,6,148,27,packages\tlhunter-sorted-set\test\set.test.js,1,680
1333,CallExpression,nan,1,-1,-1,149,6,149,34,packages\tlhunter-sorted-set\test\set.test.js,1,681
1334,CallExpression,nan,1,-1,-1,150,6,150,42,packages\tlhunter-sorted-set\test\set.test.js,1,682
1335,CallExpression,nan,2,-1,-1,159,6,159,27,packages\tlhunter-sorted-set\test\set.test.js,1,683
1336,CallExpression,nan,2,-1,-1,160,6,160,26,packages\tlhunter-sorted-set\test\set.test.js,1,684
1337,CallExpression,nan,2,-1,-1,161,6,161,27,packages\tlhunter-sorted-set\test\set.test.js,1,685
1338,CallExpression,nan,2,-1,-1,162,6,162,27,packages\tlhunter-sorted-set\test\set.test.js,1,686
1339,CallExpression,nan,2,-1,-1,163,6,163,20,packages\tlhunter-sorted-set\test\set.test.js,1,687
1340,CallExpression,nan,2,-1,-1,164,6,164,27,packages\tlhunter-sorted-set\test\set.test.js,1,688
1341,CallExpression,nan,2,-1,-1,165,6,165,26,packages\tlhunter-sorted-set\test\set.test.js,1,689
1342,CallExpression,nan,2,-1,-1,166,6,166,27,packages\tlhunter-sorted-set\test\set.test.js,1,690
1343,CallExpression,nan,2,-1,-1,167,6,167,27,packages\tlhunter-sorted-set\test\set.test.js,1,691
1344,CallExpression,nan,1,-1,-1,169,6,170,61,packages\tlhunter-sorted-set\test\set.test.js,1,692
1345,CallExpression,nan,2,-1,-1,178,6,178,27,packages\tlhunter-sorted-set\test\set.test.js,1,693
1346,CallExpression,nan,2,-1,-1,179,6,179,26,packages\tlhunter-sorted-set\test\set.test.js,1,694
1347,CallExpression,nan,2,-1,-1,180,6,180,27,packages\tlhunter-sorted-set\test\set.test.js,1,695
1348,CallExpression,nan,2,-1,-1,181,6,181,27,packages\tlhunter-sorted-set\test\set.test.js,1,696
1349,CallExpression,nan,2,-1,-1,182,6,182,20,packages\tlhunter-sorted-set\test\set.test.js,1,697
1350,CallExpression,nan,2,-1,-1,183,6,183,27,packages\tlhunter-sorted-set\test\set.test.js,1,698
1351,CallExpression,nan,2,-1,-1,184,6,184,26,packages\tlhunter-sorted-set\test\set.test.js,1,699
1352,CallExpression,nan,2,-1,-1,185,6,185,27,packages\tlhunter-sorted-set\test\set.test.js,1,700
1353,CallExpression,nan,2,-1,-1,186,6,186,27,packages\tlhunter-sorted-set\test\set.test.js,1,701
1354,CallExpression,nan,1,-1,-1,188,6,193,8,packages\tlhunter-sorted-set\test\set.test.js,1,702
1355,CallExpression,nan,1,-1,-1,195,6,199,8,packages\tlhunter-sorted-set\test\set.test.js,1,703
1356,CallExpression,nan,1,-1,-1,201,6,201,69,packages\tlhunter-sorted-set\test\set.test.js,1,704
1357,CallExpression,nan,1,-1,-1,202,6,202,60,packages\tlhunter-sorted-set\test\set.test.js,1,705
1358,CallExpression,nan,1,-1,-1,210,6,210,35,packages\tlhunter-sorted-set\test\set.test.js,1,706
1359,CallExpression,nan,2,-1,-1,212,6,212,27,packages\tlhunter-sorted-set\test\set.test.js,1,707
1360,CallExpression,nan,2,-1,-1,213,6,213,26,packages\tlhunter-sorted-set\test\set.test.js,1,708
1361,CallExpression,nan,2,-1,-1,214,6,214,27,packages\tlhunter-sorted-set\test\set.test.js,1,709
1362,CallExpression,nan,2,-1,-1,215,6,215,27,packages\tlhunter-sorted-set\test\set.test.js,1,710
1363,CallExpression,nan,2,-1,-1,216,6,216,20,packages\tlhunter-sorted-set\test\set.test.js,1,711
1364,CallExpression,nan,2,-1,-1,217,6,217,27,packages\tlhunter-sorted-set\test\set.test.js,1,712
1365,CallExpression,nan,2,-1,-1,218,6,218,26,packages\tlhunter-sorted-set\test\set.test.js,1,713
1366,CallExpression,nan,2,-1,-1,219,6,219,27,packages\tlhunter-sorted-set\test\set.test.js,1,714
1367,CallExpression,nan,2,-1,-1,220,6,220,27,packages\tlhunter-sorted-set\test\set.test.js,1,715
1368,CallExpression,nan,2,-1,-1,221,6,221,27,packages\tlhunter-sorted-set\test\set.test.js,1,716
1369,CallExpression,nan,2,-1,-1,222,6,222,29,packages\tlhunter-sorted-set\test\set.test.js,1,717
1370,CallExpression,nan,2,-1,-1,223,6,223,29,packages\tlhunter-sorted-set\test\set.test.js,1,718
1371,CallExpression,nan,2,-1,-1,224,6,224,29,packages\tlhunter-sorted-set\test\set.test.js,1,719
1372,CallExpression,nan,2,-1,-1,225,6,225,29,packages\tlhunter-sorted-set\test\set.test.js,1,720
1373,CallExpression,nan,2,-1,-1,226,6,226,29,packages\tlhunter-sorted-set\test\set.test.js,1,721
1374,CallExpression,nan,2,-1,-1,227,6,227,29,packages\tlhunter-sorted-set\test\set.test.js,1,722
1375,CallExpression,nan,2,-1,-1,228,6,228,29,packages\tlhunter-sorted-set\test\set.test.js,1,723
1376,CallExpression,nan,1,-1,-1,230,6,230,55,packages\tlhunter-sorted-set\test\set.test.js,1,724
1377,CallExpression,nan,1,-1,-1,231,6,231,57,packages\tlhunter-sorted-set\test\set.test.js,1,725
1378,CallExpression,nan,1,-1,-1,232,6,232,63,packages\tlhunter-sorted-set\test\set.test.js,1,726
1379,CallExpression,nan,1,-1,-1,233,6,233,65,packages\tlhunter-sorted-set\test\set.test.js,1,727
1380,CallExpression,nan,1,-1,-1,234,6,234,63,packages\tlhunter-sorted-set\test\set.test.js,1,728
1381,CallExpression,nan,1,-1,-1,235,6,235,63,packages\tlhunter-sorted-set\test\set.test.js,1,729
1382,CallExpression,nan,1,-1,-1,236,6,236,67,packages\tlhunter-sorted-set\test\set.test.js,1,730
1383,CallExpression,nan,1,-1,-1,237,6,237,59,packages\tlhunter-sorted-set\test\set.test.js,1,731
1384,CallExpression,nan,2,-1,-1,244,6,244,23,packages\tlhunter-sorted-set\test\set.test.js,1,732
1385,CallExpression,nan,2,-1,-1,245,6,245,24,packages\tlhunter-sorted-set\test\set.test.js,1,733
1386,CallExpression,nan,2,-1,-1,246,6,246,23,packages\tlhunter-sorted-set\test\set.test.js,1,734
1387,CallExpression,nan,2,-1,-1,247,6,247,24,packages\tlhunter-sorted-set\test\set.test.js,1,735
1388,CallExpression,nan,1,-1,-1,251,6,251,37,packages\tlhunter-sorted-set\test\set.test.js,1,736
1389,CallExpression,nan,1,-1,-1,253,6,253,47,packages\tlhunter-sorted-set\test\set.test.js,1,737
1390,CallExpression,nan,1,-1,-1,254,6,254,47,packages\tlhunter-sorted-set\test\set.test.js,1,738
1391,CallExpression,nan,1,-1,-1,255,6,255,53,packages\tlhunter-sorted-set\test\set.test.js,1,739
1392,CallExpression,nan,1,-1,-1,256,6,256,44,packages\tlhunter-sorted-set\test\set.test.js,1,740
1393,CallExpression,nan,1,-1,-1,257,6,257,39,packages\tlhunter-sorted-set\test\set.test.js,1,741
1394,CallExpression,nan,1,-1,-1,258,6,258,55,packages\tlhunter-sorted-set\test\set.test.js,1,742
1395,CallExpression,nan,1,-1,-1,259,6,260,49,packages\tlhunter-sorted-set\test\set.test.js,1,743
1396,CallExpression,nan,2,-1,-1,265,6,265,23,packages\tlhunter-sorted-set\test\set.test.js,1,744
1397,CallExpression,nan,2,-1,-1,266,6,266,24,packages\tlhunter-sorted-set\test\set.test.js,1,745
1398,CallExpression,nan,1,-1,-1,268,6,269,33,packages\tlhunter-sorted-set\test\set.test.js,1,746
1399,CallExpression,nan,2,-1,-1,277,6,277,27,packages\tlhunter-sorted-set\test\set.test.js,1,747
1400,CallExpression,nan,2,-1,-1,278,6,278,27,packages\tlhunter-sorted-set\test\set.test.js,1,748
1401,CallExpression,nan,2,-1,-1,279,6,279,19,packages\tlhunter-sorted-set\test\set.test.js,1,749
1402,CallExpression,nan,2,-1,-1,280,6,280,27,packages\tlhunter-sorted-set\test\set.test.js,1,750
1403,CallExpression,nan,2,-1,-1,281,6,281,27,packages\tlhunter-sorted-set\test\set.test.js,1,751
1404,CallExpression,nan,2,-1,-1,282,6,282,27,packages\tlhunter-sorted-set\test\set.test.js,1,752
1405,CallExpression,nan,2,-1,-1,283,6,283,27,packages\tlhunter-sorted-set\test\set.test.js,1,753
1406,CallExpression,nan,2,-1,-1,284,6,284,27,packages\tlhunter-sorted-set\test\set.test.js,1,754
1407,CallExpression,nan,2,-1,-1,285,6,285,26,packages\tlhunter-sorted-set\test\set.test.js,1,755
1408,CallExpression,nan,2,-1,-1,286,6,286,27,packages\tlhunter-sorted-set\test\set.test.js,1,756
1409,CallExpression,nan,2,-1,-1,287,6,287,27,packages\tlhunter-sorted-set\test\set.test.js,1,757
1410,CallExpression,nan,2,-1,-1,289,6,289,26,packages\tlhunter-sorted-set\test\set.test.js,1,758
1411,CallExpression,nan,2,-1,-1,290,6,290,27,packages\tlhunter-sorted-set\test\set.test.js,1,759
1412,CallExpression,nan,2,-1,-1,291,6,291,26,packages\tlhunter-sorted-set\test\set.test.js,1,760
1413,CallExpression,nan,2,-1,-1,292,6,292,19,packages\tlhunter-sorted-set\test\set.test.js,1,761
1414,CallExpression,nan,2,-1,-1,293,6,293,27,packages\tlhunter-sorted-set\test\set.test.js,1,762
1415,CallExpression,nan,2,-1,-1,294,6,294,27,packages\tlhunter-sorted-set\test\set.test.js,1,763
1416,CallExpression,nan,2,-1,-1,295,6,295,27,packages\tlhunter-sorted-set\test\set.test.js,1,764
1417,CallExpression,nan,2,-1,-1,296,6,296,27,packages\tlhunter-sorted-set\test\set.test.js,1,765
1418,CallExpression,nan,2,-1,-1,297,6,297,27,packages\tlhunter-sorted-set\test\set.test.js,1,766
1419,CallExpression,nan,2,-1,-1,298,6,298,27,packages\tlhunter-sorted-set\test\set.test.js,1,767
1420,CallExpression,nan,2,-1,-1,299,6,299,26,packages\tlhunter-sorted-set\test\set.test.js,1,768
1421,CallExpression,nan,1,-1,-1,301,6,302,68,packages\tlhunter-sorted-set\test\set.test.js,1,769
1422,CallExpression,nan,1,-1,-1,303,6,304,68,packages\tlhunter-sorted-set\test\set.test.js,1,770
1423,CallExpression,nan,2,-1,-1,310,6,310,27,packages\tlhunter-sorted-set\test\set.test.js,1,771
1424,CallExpression,nan,2,-1,-1,311,6,311,27,packages\tlhunter-sorted-set\test\set.test.js,1,772
1425,CallExpression,nan,2,-1,-1,312,6,312,19,packages\tlhunter-sorted-set\test\set.test.js,1,773
1426,CallExpression,nan,2,-1,-1,313,6,313,27,packages\tlhunter-sorted-set\test\set.test.js,1,774
1427,CallExpression,nan,2,-1,-1,314,6,314,27,packages\tlhunter-sorted-set\test\set.test.js,1,775
1428,CallExpression,nan,2,-1,-1,315,6,315,27,packages\tlhunter-sorted-set\test\set.test.js,1,776
1429,CallExpression,nan,2,-1,-1,316,6,316,27,packages\tlhunter-sorted-set\test\set.test.js,1,777
1430,CallExpression,nan,2,-1,-1,317,6,317,27,packages\tlhunter-sorted-set\test\set.test.js,1,778
1431,CallExpression,nan,2,-1,-1,318,6,318,26,packages\tlhunter-sorted-set\test\set.test.js,1,779
1432,CallExpression,nan,2,-1,-1,319,6,319,27,packages\tlhunter-sorted-set\test\set.test.js,1,780
1433,CallExpression,nan,2,-1,-1,320,6,320,27,packages\tlhunter-sorted-set\test\set.test.js,1,781
1434,CallExpression,nan,2,-1,-1,322,6,322,26,packages\tlhunter-sorted-set\test\set.test.js,1,782
1435,CallExpression,nan,2,-1,-1,323,6,323,27,packages\tlhunter-sorted-set\test\set.test.js,1,783
1436,CallExpression,nan,2,-1,-1,324,6,324,26,packages\tlhunter-sorted-set\test\set.test.js,1,784
1437,CallExpression,nan,2,-1,-1,325,6,325,19,packages\tlhunter-sorted-set\test\set.test.js,1,785
1438,CallExpression,nan,2,-1,-1,326,6,326,27,packages\tlhunter-sorted-set\test\set.test.js,1,786
1439,CallExpression,nan,2,-1,-1,327,6,327,27,packages\tlhunter-sorted-set\test\set.test.js,1,787
1440,CallExpression,nan,2,-1,-1,328,6,328,27,packages\tlhunter-sorted-set\test\set.test.js,1,788
1441,CallExpression,nan,2,-1,-1,329,6,329,27,packages\tlhunter-sorted-set\test\set.test.js,1,789
1442,CallExpression,nan,2,-1,-1,330,6,330,27,packages\tlhunter-sorted-set\test\set.test.js,1,790
1443,CallExpression,nan,2,-1,-1,331,6,331,27,packages\tlhunter-sorted-set\test\set.test.js,1,791
1444,CallExpression,nan,2,-1,-1,332,6,332,26,packages\tlhunter-sorted-set\test\set.test.js,1,792
1445,CallExpression,nan,2,-1,-1,334,6,334,26,packages\tlhunter-sorted-set\test\set.test.js,1,793
1446,CallExpression,nan,2,-1,-1,335,6,335,27,packages\tlhunter-sorted-set\test\set.test.js,1,794
1447,CallExpression,nan,2,-1,-1,336,6,336,26,packages\tlhunter-sorted-set\test\set.test.js,1,795
1448,CallExpression,nan,2,-1,-1,337,6,337,20,packages\tlhunter-sorted-set\test\set.test.js,1,796
1449,CallExpression,nan,2,-1,-1,338,6,338,27,packages\tlhunter-sorted-set\test\set.test.js,1,797
1450,CallExpression,nan,2,-1,-1,339,6,339,26,packages\tlhunter-sorted-set\test\set.test.js,1,798
1451,CallExpression,nan,2,-1,-1,340,6,340,27,packages\tlhunter-sorted-set\test\set.test.js,1,799
1452,CallExpression,nan,2,-1,-1,341,6,341,26,packages\tlhunter-sorted-set\test\set.test.js,1,800
1453,CallExpression,nan,2,-1,-1,342,6,342,27,packages\tlhunter-sorted-set\test\set.test.js,1,801
1454,CallExpression,nan,2,-1,-1,343,6,343,26,packages\tlhunter-sorted-set\test\set.test.js,1,802
1455,CallExpression,nan,1,-1,-1,345,6,346,32,packages\tlhunter-sorted-set\test\set.test.js,1,803
1456,CallExpression,nan,1,-1,-1,348,6,348,68,packages\tlhunter-sorted-set\test\set.test.js,1,804
1457,CallExpression,nan,2,-1,-1,357,6,357,27,packages\tlhunter-sorted-set\test\set.test.js,1,805
1458,CallExpression,nan,2,-1,-1,358,6,358,27,packages\tlhunter-sorted-set\test\set.test.js,1,806
1459,CallExpression,nan,2,-1,-1,359,6,359,19,packages\tlhunter-sorted-set\test\set.test.js,1,807
1460,CallExpression,nan,2,-1,-1,360,6,360,27,packages\tlhunter-sorted-set\test\set.test.js,1,808
1461,CallExpression,nan,2,-1,-1,361,6,361,27,packages\tlhunter-sorted-set\test\set.test.js,1,809
1462,CallExpression,nan,2,-1,-1,362,6,362,27,packages\tlhunter-sorted-set\test\set.test.js,1,810
1463,CallExpression,nan,2,-1,-1,363,6,363,27,packages\tlhunter-sorted-set\test\set.test.js,1,811
1464,CallExpression,nan,2,-1,-1,364,6,364,27,packages\tlhunter-sorted-set\test\set.test.js,1,812
1465,CallExpression,nan,2,-1,-1,365,6,365,26,packages\tlhunter-sorted-set\test\set.test.js,1,813
1466,CallExpression,nan,2,-1,-1,366,6,366,27,packages\tlhunter-sorted-set\test\set.test.js,1,814
1467,CallExpression,nan,2,-1,-1,367,6,367,27,packages\tlhunter-sorted-set\test\set.test.js,1,815
1468,CallExpression,nan,2,-1,-1,369,6,369,26,packages\tlhunter-sorted-set\test\set.test.js,1,816
1469,CallExpression,nan,2,-1,-1,370,6,370,27,packages\tlhunter-sorted-set\test\set.test.js,1,817
1470,CallExpression,nan,2,-1,-1,371,6,371,26,packages\tlhunter-sorted-set\test\set.test.js,1,818
1471,CallExpression,nan,2,-1,-1,372,6,372,19,packages\tlhunter-sorted-set\test\set.test.js,1,819
1472,CallExpression,nan,2,-1,-1,373,6,373,27,packages\tlhunter-sorted-set\test\set.test.js,1,820
1473,CallExpression,nan,2,-1,-1,374,6,374,27,packages\tlhunter-sorted-set\test\set.test.js,1,821
1474,CallExpression,nan,2,-1,-1,375,6,375,27,packages\tlhunter-sorted-set\test\set.test.js,1,822
1475,CallExpression,nan,2,-1,-1,376,6,376,27,packages\tlhunter-sorted-set\test\set.test.js,1,823
1476,CallExpression,nan,2,-1,-1,377,6,377,27,packages\tlhunter-sorted-set\test\set.test.js,1,824
1477,CallExpression,nan,2,-1,-1,378,6,378,27,packages\tlhunter-sorted-set\test\set.test.js,1,825
1478,CallExpression,nan,2,-1,-1,379,6,379,26,packages\tlhunter-sorted-set\test\set.test.js,1,826
1479,CallExpression,nan,2,-1,-1,381,6,381,26,packages\tlhunter-sorted-set\test\set.test.js,1,827
1480,CallExpression,nan,2,-1,-1,382,6,382,27,packages\tlhunter-sorted-set\test\set.test.js,1,828
1481,CallExpression,nan,2,-1,-1,383,6,383,26,packages\tlhunter-sorted-set\test\set.test.js,1,829
1482,CallExpression,nan,2,-1,-1,384,6,384,20,packages\tlhunter-sorted-set\test\set.test.js,1,830
1483,CallExpression,nan,2,-1,-1,385,6,385,27,packages\tlhunter-sorted-set\test\set.test.js,1,831
1484,CallExpression,nan,2,-1,-1,386,6,386,26,packages\tlhunter-sorted-set\test\set.test.js,1,832
1485,CallExpression,nan,2,-1,-1,387,6,387,27,packages\tlhunter-sorted-set\test\set.test.js,1,833
1486,CallExpression,nan,2,-1,-1,388,6,388,26,packages\tlhunter-sorted-set\test\set.test.js,1,834
1487,CallExpression,nan,2,-1,-1,389,6,389,27,packages\tlhunter-sorted-set\test\set.test.js,1,835
1488,CallExpression,nan,2,-1,-1,390,6,390,26,packages\tlhunter-sorted-set\test\set.test.js,1,836
1489,CallExpression,nan,2,-1,-1,392,6,392,28,packages\tlhunter-sorted-set\test\set.test.js,1,837
1490,CallExpression,nan,2,-1,-1,393,6,393,28,packages\tlhunter-sorted-set\test\set.test.js,1,838
1491,CallExpression,nan,2,-1,-1,394,6,394,28,packages\tlhunter-sorted-set\test\set.test.js,1,839
1492,CallExpression,nan,2,-1,-1,395,6,395,28,packages\tlhunter-sorted-set\test\set.test.js,1,840
1493,CallExpression,nan,1,-1,-1,397,6,397,78,packages\tlhunter-sorted-set\test\set.test.js,1,841
1494,CallExpression,nan,1,-1,-1,399,6,399,74,packages\tlhunter-sorted-set\test\set.test.js,1,842
1495,CallExpression,nan,2,-1,-1,407,6,407,27,packages\tlhunter-sorted-set\test\set.test.js,1,843
1496,CallExpression,nan,2,-1,-1,408,6,408,26,packages\tlhunter-sorted-set\test\set.test.js,1,844
1497,CallExpression,nan,2,-1,-1,409,6,409,27,packages\tlhunter-sorted-set\test\set.test.js,1,845
1498,CallExpression,nan,2,-1,-1,410,6,410,27,packages\tlhunter-sorted-set\test\set.test.js,1,846
1499,CallExpression,nan,2,-1,-1,411,6,411,20,packages\tlhunter-sorted-set\test\set.test.js,1,847
1500,CallExpression,nan,2,-1,-1,412,6,412,27,packages\tlhunter-sorted-set\test\set.test.js,1,848
1501,CallExpression,nan,2,-1,-1,413,6,413,26,packages\tlhunter-sorted-set\test\set.test.js,1,849
1502,CallExpression,nan,2,-1,-1,414,6,414,27,packages\tlhunter-sorted-set\test\set.test.js,1,850
1503,CallExpression,nan,2,-1,-1,415,6,415,27,packages\tlhunter-sorted-set\test\set.test.js,1,851
1504,CallExpression,nan,1,-1,-1,417,6,417,44,packages\tlhunter-sorted-set\test\set.test.js,1,852
1505,CallExpression,nan,1,-1,-1,418,6,418,44,packages\tlhunter-sorted-set\test\set.test.js,1,853
1506,CallExpression,nan,1,-1,-1,419,6,419,44,packages\tlhunter-sorted-set\test\set.test.js,1,854
1507,CallExpression,nan,1,-1,-1,420,6,420,44,packages\tlhunter-sorted-set\test\set.test.js,1,855
1508,CallExpression,nan,1,-1,-1,422,6,422,49,packages\tlhunter-sorted-set\test\set.test.js,1,856
1509,CallExpression,nan,2,-1,-1,430,6,430,27,packages\tlhunter-sorted-set\test\set.test.js,1,857
1510,CallExpression,nan,2,-1,-1,431,6,431,26,packages\tlhunter-sorted-set\test\set.test.js,1,858
1511,CallExpression,nan,2,-1,-1,432,6,432,27,packages\tlhunter-sorted-set\test\set.test.js,1,859
1512,CallExpression,nan,2,-1,-1,433,6,433,27,packages\tlhunter-sorted-set\test\set.test.js,1,860
1513,CallExpression,nan,2,-1,-1,434,6,434,20,packages\tlhunter-sorted-set\test\set.test.js,1,861
1514,CallExpression,nan,2,-1,-1,435,6,435,27,packages\tlhunter-sorted-set\test\set.test.js,1,862
1515,CallExpression,nan,2,-1,-1,436,6,436,26,packages\tlhunter-sorted-set\test\set.test.js,1,863
1516,CallExpression,nan,2,-1,-1,437,6,437,27,packages\tlhunter-sorted-set\test\set.test.js,1,864
1517,CallExpression,nan,2,-1,-1,438,6,438,27,packages\tlhunter-sorted-set\test\set.test.js,1,865
1518,CallExpression,nan,1,-1,-1,440,6,440,44,packages\tlhunter-sorted-set\test\set.test.js,1,866
1519,CallExpression,nan,1,-1,-1,442,6,442,33,packages\tlhunter-sorted-set\test\set.test.js,1,867
1520,CallExpression,nan,1,-1,-1,444,6,444,43,packages\tlhunter-sorted-set\test\set.test.js,1,868
1521,CallExpression,nan,1,-1,-1,446,6,446,33,packages\tlhunter-sorted-set\test\set.test.js,1,869
1522,CallExpression,nan,1,-1,-1,448,6,456,8,packages\tlhunter-sorted-set\test\set.test.js,1,870
1523,CallExpression,nan,2,-1,-1,462,6,462,27,packages\tlhunter-sorted-set\test\set.test.js,1,871
1524,CallExpression,nan,2,-1,-1,463,6,463,26,packages\tlhunter-sorted-set\test\set.test.js,1,872
1525,CallExpression,nan,2,-1,-1,464,6,464,27,packages\tlhunter-sorted-set\test\set.test.js,1,873
1526,CallExpression,nan,2,-1,-1,465,6,465,27,packages\tlhunter-sorted-set\test\set.test.js,1,874
1527,CallExpression,nan,2,-1,-1,466,6,466,20,packages\tlhunter-sorted-set\test\set.test.js,1,875
1528,CallExpression,nan,2,-1,-1,467,6,467,27,packages\tlhunter-sorted-set\test\set.test.js,1,876
1529,CallExpression,nan,2,-1,-1,468,6,468,26,packages\tlhunter-sorted-set\test\set.test.js,1,877
1530,CallExpression,nan,2,-1,-1,469,6,469,27,packages\tlhunter-sorted-set\test\set.test.js,1,878
1531,CallExpression,nan,2,-1,-1,470,6,470,27,packages\tlhunter-sorted-set\test\set.test.js,1,879
1532,CallExpression,nan,1,-1,-1,472,6,472,43,packages\tlhunter-sorted-set\test\set.test.js,1,880
1533,CallExpression,nan,1,-1,-1,473,6,473,44,packages\tlhunter-sorted-set\test\set.test.js,1,881
1534,CallExpression,nan,1,-1,-1,474,6,474,37,packages\tlhunter-sorted-set\test\set.test.js,1,882
1535,CallExpression,nan,1,-1,-1,475,6,475,44,packages\tlhunter-sorted-set\test\set.test.js,1,883
1536,CallExpression,nan,1,-1,-1,476,6,476,43,packages\tlhunter-sorted-set\test\set.test.js,1,884
1537,CallExpression,nan,1,-1,-1,477,6,477,44,packages\tlhunter-sorted-set\test\set.test.js,1,885
1538,CallExpression,nan,1,-1,-1,479,6,479,34,packages\tlhunter-sorted-set\test\set.test.js,1,886
1539,CallExpression,nan,1,-1,-1,480,6,484,8,packages\tlhunter-sorted-set\test\set.test.js,1,887
1540,CallExpression,nan,2,-1,-1,492,6,492,27,packages\tlhunter-sorted-set\test\set.test.js,1,888
1541,CallExpression,nan,2,-1,-1,493,6,493,26,packages\tlhunter-sorted-set\test\set.test.js,1,889
1542,CallExpression,nan,2,-1,-1,494,6,494,27,packages\tlhunter-sorted-set\test\set.test.js,1,890
1543,CallExpression,nan,2,-1,-1,495,6,495,27,packages\tlhunter-sorted-set\test\set.test.js,1,891
1544,CallExpression,nan,2,-1,-1,496,6,496,20,packages\tlhunter-sorted-set\test\set.test.js,1,892
1545,CallExpression,nan,2,-1,-1,497,6,497,27,packages\tlhunter-sorted-set\test\set.test.js,1,893
1546,CallExpression,nan,2,-1,-1,498,6,498,26,packages\tlhunter-sorted-set\test\set.test.js,1,894
1547,CallExpression,nan,2,-1,-1,499,6,499,27,packages\tlhunter-sorted-set\test\set.test.js,1,895
1548,CallExpression,nan,2,-1,-1,500,6,500,27,packages\tlhunter-sorted-set\test\set.test.js,1,896
1549,CallExpression,nan,1,-1,-1,502,6,502,50,packages\tlhunter-sorted-set\test\set.test.js,1,897
1550,CallExpression,nan,1,-1,-1,503,6,503,33,packages\tlhunter-sorted-set\test\set.test.js,1,898
1551,CallExpression,nan,1,-1,-1,505,6,510,8,packages\tlhunter-sorted-set\test\set.test.js,1,899
1552,CallExpression,nan,2,-1,-1,516,6,516,27,packages\tlhunter-sorted-set\test\set.test.js,1,900
1553,CallExpression,nan,2,-1,-1,517,6,517,26,packages\tlhunter-sorted-set\test\set.test.js,1,901
1554,CallExpression,nan,2,-1,-1,518,6,518,27,packages\tlhunter-sorted-set\test\set.test.js,1,902
1555,CallExpression,nan,2,-1,-1,519,6,519,27,packages\tlhunter-sorted-set\test\set.test.js,1,903
1556,CallExpression,nan,2,-1,-1,520,6,520,20,packages\tlhunter-sorted-set\test\set.test.js,1,904
1557,CallExpression,nan,2,-1,-1,521,6,521,27,packages\tlhunter-sorted-set\test\set.test.js,1,905
1558,CallExpression,nan,2,-1,-1,522,6,522,26,packages\tlhunter-sorted-set\test\set.test.js,1,906
1559,CallExpression,nan,2,-1,-1,523,6,523,27,packages\tlhunter-sorted-set\test\set.test.js,1,907
1560,CallExpression,nan,2,-1,-1,524,6,524,27,packages\tlhunter-sorted-set\test\set.test.js,1,908
1561,CallExpression,nan,1,-1,-1,526,6,526,50,packages\tlhunter-sorted-set\test\set.test.js,1,909
1562,CallExpression,nan,1,-1,-1,527,6,527,33,packages\tlhunter-sorted-set\test\set.test.js,1,910
1563,CallExpression,nan,1,-1,-1,529,6,529,36,packages\tlhunter-sorted-set\test\set.test.js,1,911
1564,CallExpression,nan,2,-1,-1,537,6,537,27,packages\tlhunter-sorted-set\test\set.test.js,1,912
1565,CallExpression,nan,2,-1,-1,538,6,538,26,packages\tlhunter-sorted-set\test\set.test.js,1,913
1566,CallExpression,nan,2,-1,-1,539,6,539,27,packages\tlhunter-sorted-set\test\set.test.js,1,914
1567,CallExpression,nan,2,-1,-1,540,6,540,27,packages\tlhunter-sorted-set\test\set.test.js,1,915
1568,CallExpression,nan,2,-1,-1,541,6,541,20,packages\tlhunter-sorted-set\test\set.test.js,1,916
1569,CallExpression,nan,2,-1,-1,542,6,542,27,packages\tlhunter-sorted-set\test\set.test.js,1,917
1570,CallExpression,nan,2,-1,-1,543,6,543,26,packages\tlhunter-sorted-set\test\set.test.js,1,918
1571,CallExpression,nan,2,-1,-1,544,6,544,27,packages\tlhunter-sorted-set\test\set.test.js,1,919
1572,CallExpression,nan,2,-1,-1,545,6,545,27,packages\tlhunter-sorted-set\test\set.test.js,1,920
1573,CallExpression,nan,1,-1,-1,547,6,547,48,packages\tlhunter-sorted-set\test\set.test.js,1,921
1574,CallExpression,nan,1,-1,-1,548,6,548,33,packages\tlhunter-sorted-set\test\set.test.js,1,922
1575,CallExpression,nan,1,-1,-1,550,6,555,8,packages\tlhunter-sorted-set\test\set.test.js,1,923
1576,CallExpression,nan,2,-1,-1,561,6,561,27,packages\tlhunter-sorted-set\test\set.test.js,1,924
1577,CallExpression,nan,2,-1,-1,562,6,562,26,packages\tlhunter-sorted-set\test\set.test.js,1,925
1578,CallExpression,nan,2,-1,-1,563,6,563,27,packages\tlhunter-sorted-set\test\set.test.js,1,926
1579,CallExpression,nan,2,-1,-1,564,6,564,27,packages\tlhunter-sorted-set\test\set.test.js,1,927
1580,CallExpression,nan,2,-1,-1,565,6,565,20,packages\tlhunter-sorted-set\test\set.test.js,1,928
1581,CallExpression,nan,2,-1,-1,566,6,566,27,packages\tlhunter-sorted-set\test\set.test.js,1,929
1582,CallExpression,nan,2,-1,-1,567,6,567,26,packages\tlhunter-sorted-set\test\set.test.js,1,930
1583,CallExpression,nan,2,-1,-1,568,6,568,27,packages\tlhunter-sorted-set\test\set.test.js,1,931
1584,CallExpression,nan,2,-1,-1,569,6,569,27,packages\tlhunter-sorted-set\test\set.test.js,1,932
1585,CallExpression,nan,1,-1,-1,571,6,571,48,packages\tlhunter-sorted-set\test\set.test.js,1,933
1586,CallExpression,nan,1,-1,-1,572,6,572,33,packages\tlhunter-sorted-set\test\set.test.js,1,934
1587,CallExpression,nan,1,-1,-1,574,6,574,36,packages\tlhunter-sorted-set\test\set.test.js,1,935
1588,CallExpression,nan,2,-1,-1,582,6,582,24,packages\tlhunter-sorted-set\test\set.test.js,1,936
1589,CallExpression,nan,2,-1,-1,583,6,583,23,packages\tlhunter-sorted-set\test\set.test.js,1,937
1590,CallExpression,nan,2,-1,-1,584,6,584,24,packages\tlhunter-sorted-set\test\set.test.js,1,938
1591,CallExpression,nan,1,-1,-1,586,6,586,43,packages\tlhunter-sorted-set\test\set.test.js,1,939
1592,CallExpression,nan,2,-1,-1,594,6,594,27,packages\tlhunter-sorted-set\test\set.test.js,1,940
1593,CallExpression,nan,2,-1,-1,595,6,595,26,packages\tlhunter-sorted-set\test\set.test.js,1,941
1594,CallExpression,nan,2,-1,-1,596,6,596,27,packages\tlhunter-sorted-set\test\set.test.js,1,942
1595,CallExpression,nan,2,-1,-1,597,6,597,27,packages\tlhunter-sorted-set\test\set.test.js,1,943
1596,CallExpression,nan,2,-1,-1,598,6,598,20,packages\tlhunter-sorted-set\test\set.test.js,1,944
1597,CallExpression,nan,2,-1,-1,599,6,599,27,packages\tlhunter-sorted-set\test\set.test.js,1,945
1598,CallExpression,nan,2,-1,-1,600,6,600,26,packages\tlhunter-sorted-set\test\set.test.js,1,946
1599,CallExpression,nan,2,-1,-1,601,6,601,27,packages\tlhunter-sorted-set\test\set.test.js,1,947
1600,CallExpression,nan,2,-1,-1,602,6,602,27,packages\tlhunter-sorted-set\test\set.test.js,1,948
1601,CallExpression,nan,1,-1,-1,604,6,606,27,packages\tlhunter-sorted-set\test\set.test.js,1,949
1602,CallExpression,nan,1,-1,-1,609,6,611,27,packages\tlhunter-sorted-set\test\set.test.js,1,950
1603,CallExpression,nan,1,-1,-1,614,6,616,27,packages\tlhunter-sorted-set\test\set.test.js,1,951
1604,CallExpression,nan,0,-1,-1,618,6,620,23,packages\tlhunter-sorted-set\test\set.test.js,1,952
1605,CallExpression,nan,1,-1,-1,622,6,622,33,packages\tlhunter-sorted-set\test\set.test.js,1,953
1606,CallExpression,nan,1,-1,-1,624,6,634,8,packages\tlhunter-sorted-set\test\set.test.js,1,954
1607,CallExpression,nan,2,-1,-1,640,6,640,27,packages\tlhunter-sorted-set\test\set.test.js,1,955
1608,CallExpression,nan,2,-1,-1,641,6,641,26,packages\tlhunter-sorted-set\test\set.test.js,1,956
1609,CallExpression,nan,2,-1,-1,642,6,642,27,packages\tlhunter-sorted-set\test\set.test.js,1,957
1610,CallExpression,nan,2,-1,-1,643,6,643,27,packages\tlhunter-sorted-set\test\set.test.js,1,958
1611,CallExpression,nan,2,-1,-1,644,6,644,20,packages\tlhunter-sorted-set\test\set.test.js,1,959
1612,CallExpression,nan,2,-1,-1,645,6,645,27,packages\tlhunter-sorted-set\test\set.test.js,1,960
1613,CallExpression,nan,2,-1,-1,646,6,646,26,packages\tlhunter-sorted-set\test\set.test.js,1,961
1614,CallExpression,nan,2,-1,-1,647,6,647,27,packages\tlhunter-sorted-set\test\set.test.js,1,962
1615,CallExpression,nan,2,-1,-1,648,6,648,27,packages\tlhunter-sorted-set\test\set.test.js,1,963
1616,CallExpression,nan,1,-1,-1,650,6,652,27,packages\tlhunter-sorted-set\test\set.test.js,1,964
1617,CallExpression,nan,1,-1,-1,654,6,654,33,packages\tlhunter-sorted-set\test\set.test.js,1,965
1618,CallExpression,nan,1,-1,-1,655,6,655,46,packages\tlhunter-sorted-set\test\set.test.js,1,966
1621,MemberExpression,nan,-1,-1,-1,92,6,92,11,packages\tlhunter-sorted-set\test\set.test.js,1,967
1624,MemberExpression,nan,-1,-1,-1,93,6,93,11,packages\tlhunter-sorted-set\test\set.test.js,1,968
1627,MemberExpression,nan,-1,-1,-1,94,6,94,11,packages\tlhunter-sorted-set\test\set.test.js,1,969
1630,MemberExpression,nan,-1,-1,-1,95,6,95,11,packages\tlhunter-sorted-set\test\set.test.js,1,970
1631,Identifier,obj,-1,-1,-1,96,12,96,15,packages\tlhunter-sorted-set\test\set.test.js,1,971
1633,MemberExpression,nan,-1,-1,-1,96,6,96,11,packages\tlhunter-sorted-set\test\set.test.js,1,972
1636,MemberExpression,nan,-1,-1,-1,97,6,97,11,packages\tlhunter-sorted-set\test\set.test.js,1,973
1639,MemberExpression,nan,-1,-1,-1,98,6,98,11,packages\tlhunter-sorted-set\test\set.test.js,1,974
1642,MemberExpression,nan,-1,-1,-1,99,6,99,11,packages\tlhunter-sorted-set\test\set.test.js,1,975
1645,MemberExpression,nan,-1,-1,-1,100,6,100,11,packages\tlhunter-sorted-set\test\set.test.js,1,976
1647,MemberExpression,nan,-1,-1,-1,102,6,102,39,packages\tlhunter-sorted-set\test\set.test.js,1,977
1649,MemberExpression,nan,-1,-1,-1,103,6,103,39,packages\tlhunter-sorted-set\test\set.test.js,1,978
1651,MemberExpression,nan,-1,-1,-1,105,6,105,30,packages\tlhunter-sorted-set\test\set.test.js,1,979
1654,MemberExpression,nan,-1,-1,-1,114,6,114,11,packages\tlhunter-sorted-set\test\set.test.js,1,980
1657,MemberExpression,nan,-1,-1,-1,115,6,115,11,packages\tlhunter-sorted-set\test\set.test.js,1,981
1660,MemberExpression,nan,-1,-1,-1,116,6,116,11,packages\tlhunter-sorted-set\test\set.test.js,1,982
1663,MemberExpression,nan,-1,-1,-1,117,6,117,11,packages\tlhunter-sorted-set\test\set.test.js,1,983
1664,Identifier,obj,-1,-1,-1,118,12,118,15,packages\tlhunter-sorted-set\test\set.test.js,1,984
1666,MemberExpression,nan,-1,-1,-1,118,6,118,11,packages\tlhunter-sorted-set\test\set.test.js,1,985
1669,MemberExpression,nan,-1,-1,-1,119,6,119,11,packages\tlhunter-sorted-set\test\set.test.js,1,986
1672,MemberExpression,nan,-1,-1,-1,120,6,120,11,packages\tlhunter-sorted-set\test\set.test.js,1,987
1675,MemberExpression,nan,-1,-1,-1,121,6,121,11,packages\tlhunter-sorted-set\test\set.test.js,1,988
1678,MemberExpression,nan,-1,-1,-1,122,6,122,11,packages\tlhunter-sorted-set\test\set.test.js,1,989
1679,MemberExpression,nan,-1,-1,-1,124,6,124,13,packages\tlhunter-sorted-set\test\set.test.js,1,990
1681,MemberExpression,nan,-1,-1,-1,126,6,126,30,packages\tlhunter-sorted-set\test\set.test.js,1,991
1682,ArrayExpression,nan,-1,-1,-1,127,33,127,35,packages\tlhunter-sorted-set\test\set.test.js,1,992
1683,MemberExpression,nan,-1,-1,-1,127,6,127,32,packages\tlhunter-sorted-set\test\set.test.js,1,993
1686,MemberExpression,nan,-1,-1,-1,136,6,136,11,packages\tlhunter-sorted-set\test\set.test.js,1,994
1689,MemberExpression,nan,-1,-1,-1,137,6,137,11,packages\tlhunter-sorted-set\test\set.test.js,1,995
1692,MemberExpression,nan,-1,-1,-1,138,6,138,11,packages\tlhunter-sorted-set\test\set.test.js,1,996
1695,MemberExpression,nan,-1,-1,-1,139,6,139,11,packages\tlhunter-sorted-set\test\set.test.js,1,997
1697,MemberExpression,nan,-1,-1,-1,141,6,141,43,packages\tlhunter-sorted-set\test\set.test.js,1,998
1699,MemberExpression,nan,-1,-1,-1,142,6,142,38,packages\tlhunter-sorted-set\test\set.test.js,1,999
1702,MemberExpression,nan,-1,-1,-1,147,6,147,11,packages\tlhunter-sorted-set\test\set.test.js,1,1000
1705,MemberExpression,nan,-1,-1,-1,148,6,148,14,packages\tlhunter-sorted-set\test\set.test.js,1,1001
1707,MemberExpression,nan,-1,-1,-1,149,6,149,31,packages\tlhunter-sorted-set\test\set.test.js,1,1002
1709,MemberExpression,nan,-1,-1,-1,150,6,150,39,packages\tlhunter-sorted-set\test\set.test.js,1,1003
1712,MemberExpression,nan,-1,-1,-1,159,6,159,11,packages\tlhunter-sorted-set\test\set.test.js,1,1004
1715,MemberExpression,nan,-1,-1,-1,160,6,160,11,packages\tlhunter-sorted-set\test\set.test.js,1,1005
1718,MemberExpression,nan,-1,-1,-1,161,6,161,11,packages\tlhunter-sorted-set\test\set.test.js,1,1006
1721,MemberExpression,nan,-1,-1,-1,162,6,162,11,packages\tlhunter-sorted-set\test\set.test.js,1,1007
1722,Identifier,obj,-1,-1,-1,163,12,163,15,packages\tlhunter-sorted-set\test\set.test.js,1,1008
1724,MemberExpression,nan,-1,-1,-1,163,6,163,11,packages\tlhunter-sorted-set\test\set.test.js,1,1009
1727,MemberExpression,nan,-1,-1,-1,164,6,164,11,packages\tlhunter-sorted-set\test\set.test.js,1,1010
1730,MemberExpression,nan,-1,-1,-1,165,6,165,11,packages\tlhunter-sorted-set\test\set.test.js,1,1011
1733,MemberExpression,nan,-1,-1,-1,166,6,166,11,packages\tlhunter-sorted-set\test\set.test.js,1,1012
1736,MemberExpression,nan,-1,-1,-1,167,6,167,11,packages\tlhunter-sorted-set\test\set.test.js,1,1013
1737,ArrayExpression,nan,-1,-1,-1,169,30,170,60,packages\tlhunter-sorted-set\test\set.test.js,1,1014
1738,MemberExpression,nan,-1,-1,-1,169,6,169,29,packages\tlhunter-sorted-set\test\set.test.js,1,1015
1741,MemberExpression,nan,-1,-1,-1,178,6,178,11,packages\tlhunter-sorted-set\test\set.test.js,1,1016
1744,MemberExpression,nan,-1,-1,-1,179,6,179,11,packages\tlhunter-sorted-set\test\set.test.js,1,1017
1747,MemberExpression,nan,-1,-1,-1,180,6,180,11,packages\tlhunter-sorted-set\test\set.test.js,1,1018
1750,MemberExpression,nan,-1,-1,-1,181,6,181,11,packages\tlhunter-sorted-set\test\set.test.js,1,1019
1751,Identifier,obj,-1,-1,-1,182,12,182,15,packages\tlhunter-sorted-set\test\set.test.js,1,1020
1753,MemberExpression,nan,-1,-1,-1,182,6,182,11,packages\tlhunter-sorted-set\test\set.test.js,1,1021
1756,MemberExpression,nan,-1,-1,-1,183,6,183,11,packages\tlhunter-sorted-set\test\set.test.js,1,1022
1759,MemberExpression,nan,-1,-1,-1,184,6,184,11,packages\tlhunter-sorted-set\test\set.test.js,1,1023
1762,MemberExpression,nan,-1,-1,-1,185,6,185,11,packages\tlhunter-sorted-set\test\set.test.js,1,1024
1765,MemberExpression,nan,-1,-1,-1,186,6,186,11,packages\tlhunter-sorted-set\test\set.test.js,1,1025
1766,ArrayExpression,nan,-1,-1,-1,188,68,193,7,packages\tlhunter-sorted-set\test\set.test.js,1,1026
1767,MemberExpression,nan,-1,-1,-1,188,6,188,67,packages\tlhunter-sorted-set\test\set.test.js,1,1027
1768,ArrayExpression,nan,-1,-1,-1,195,68,199,7,packages\tlhunter-sorted-set\test\set.test.js,1,1028
1769,MemberExpression,nan,-1,-1,-1,195,6,195,67,packages\tlhunter-sorted-set\test\set.test.js,1,1029
1770,CallExpression,nan,0,-1,-1,201,57,201,68,packages\tlhunter-sorted-set\test\set.test.js,1,1030
1771,MemberExpression,nan,-1,-1,-1,201,6,201,56,packages\tlhunter-sorted-set\test\set.test.js,1,1031
1772,CallExpression,nan,0,-1,-1,202,48,202,59,packages\tlhunter-sorted-set\test\set.test.js,1,1032
1773,MemberExpression,nan,-1,-1,-1,202,6,202,47,packages\tlhunter-sorted-set\test\set.test.js,1,1033
1775,MemberExpression,nan,-1,-1,-1,210,6,210,32,packages\tlhunter-sorted-set\test\set.test.js,1,1034
1778,MemberExpression,nan,-1,-1,-1,212,6,212,11,packages\tlhunter-sorted-set\test\set.test.js,1,1035
1781,MemberExpression,nan,-1,-1,-1,213,6,213,11,packages\tlhunter-sorted-set\test\set.test.js,1,1036
1784,MemberExpression,nan,-1,-1,-1,214,6,214,11,packages\tlhunter-sorted-set\test\set.test.js,1,1037
1787,MemberExpression,nan,-1,-1,-1,215,6,215,11,packages\tlhunter-sorted-set\test\set.test.js,1,1038
1788,Identifier,obj,-1,-1,-1,216,12,216,15,packages\tlhunter-sorted-set\test\set.test.js,1,1039
1790,MemberExpression,nan,-1,-1,-1,216,6,216,11,packages\tlhunter-sorted-set\test\set.test.js,1,1040
1793,MemberExpression,nan,-1,-1,-1,217,6,217,11,packages\tlhunter-sorted-set\test\set.test.js,1,1041
1796,MemberExpression,nan,-1,-1,-1,218,6,218,11,packages\tlhunter-sorted-set\test\set.test.js,1,1042
1799,MemberExpression,nan,-1,-1,-1,219,6,219,11,packages\tlhunter-sorted-set\test\set.test.js,1,1043
1802,MemberExpression,nan,-1,-1,-1,220,6,220,11,packages\tlhunter-sorted-set\test\set.test.js,1,1044
1805,MemberExpression,nan,-1,-1,-1,221,6,221,11,packages\tlhunter-sorted-set\test\set.test.js,1,1045
1808,MemberExpression,nan,-1,-1,-1,222,6,222,11,packages\tlhunter-sorted-set\test\set.test.js,1,1046
1811,MemberExpression,nan,-1,-1,-1,223,6,223,11,packages\tlhunter-sorted-set\test\set.test.js,1,1047
1814,MemberExpression,nan,-1,-1,-1,224,6,224,11,packages\tlhunter-sorted-set\test\set.test.js,1,1048
1817,MemberExpression,nan,-1,-1,-1,225,6,225,11,packages\tlhunter-sorted-set\test\set.test.js,1,1049
1820,MemberExpression,nan,-1,-1,-1,226,6,226,11,packages\tlhunter-sorted-set\test\set.test.js,1,1050
1823,MemberExpression,nan,-1,-1,-1,227,6,227,11,packages\tlhunter-sorted-set\test\set.test.js,1,1051
1826,MemberExpression,nan,-1,-1,-1,228,6,228,11,packages\tlhunter-sorted-set\test\set.test.js,1,1052
1827,MemberExpression,nan,-1,-1,-1,230,31,230,54,packages\tlhunter-sorted-set\test\set.test.js,1,1053
1828,MemberExpression,nan,-1,-1,-1,230,6,230,30,packages\tlhunter-sorted-set\test\set.test.js,1,1054
1829,MemberExpression,nan,-1,-1,-1,231,32,231,56,packages\tlhunter-sorted-set\test\set.test.js,1,1055
1830,MemberExpression,nan,-1,-1,-1,231,6,231,31,packages\tlhunter-sorted-set\test\set.test.js,1,1056
1831,MemberExpression,nan,-1,-1,-1,232,35,232,62,packages\tlhunter-sorted-set\test\set.test.js,1,1057
1832,MemberExpression,nan,-1,-1,-1,232,6,232,34,packages\tlhunter-sorted-set\test\set.test.js,1,1058
1833,MemberExpression,nan,-1,-1,-1,233,36,233,64,packages\tlhunter-sorted-set\test\set.test.js,1,1059
1834,MemberExpression,nan,-1,-1,-1,233,6,233,35,packages\tlhunter-sorted-set\test\set.test.js,1,1060
1835,MemberExpression,nan,-1,-1,-1,234,35,234,62,packages\tlhunter-sorted-set\test\set.test.js,1,1061
1836,MemberExpression,nan,-1,-1,-1,234,6,234,34,packages\tlhunter-sorted-set\test\set.test.js,1,1062
1837,MemberExpression,nan,-1,-1,-1,235,35,235,62,packages\tlhunter-sorted-set\test\set.test.js,1,1063
1838,MemberExpression,nan,-1,-1,-1,235,6,235,34,packages\tlhunter-sorted-set\test\set.test.js,1,1064
1839,MemberExpression,nan,-1,-1,-1,236,37,236,66,packages\tlhunter-sorted-set\test\set.test.js,1,1065
1840,MemberExpression,nan,-1,-1,-1,236,6,236,36,packages\tlhunter-sorted-set\test\set.test.js,1,1066
1841,MemberExpression,nan,-1,-1,-1,237,33,237,58,packages\tlhunter-sorted-set\test\set.test.js,1,1067
1842,MemberExpression,nan,-1,-1,-1,237,6,237,32,packages\tlhunter-sorted-set\test\set.test.js,1,1068
1845,MemberExpression,nan,-1,-1,-1,244,6,244,11,packages\tlhunter-sorted-set\test\set.test.js,1,1069
1848,MemberExpression,nan,-1,-1,-1,245,6,245,11,packages\tlhunter-sorted-set\test\set.test.js,1,1070
1851,MemberExpression,nan,-1,-1,-1,246,6,246,11,packages\tlhunter-sorted-set\test\set.test.js,1,1071
1854,MemberExpression,nan,-1,-1,-1,247,6,247,11,packages\tlhunter-sorted-set\test\set.test.js,1,1072
1855,Identifier,array,-1,-1,-1,251,31,251,36,packages\tlhunter-sorted-set\test\set.test.js,1,1073
1856,MemberExpression,nan,-1,-1,-1,251,6,251,30,packages\tlhunter-sorted-set\test\set.test.js,1,1074
1857,CallExpression,nan,1,-1,-1,253,32,253,46,packages\tlhunter-sorted-set\test\set.test.js,1,1075
1858,MemberExpression,nan,-1,-1,-1,253,6,253,31,packages\tlhunter-sorted-set\test\set.test.js,1,1076
1859,CallExpression,nan,1,-1,-1,254,32,254,46,packages\tlhunter-sorted-set\test\set.test.js,1,1077
1860,MemberExpression,nan,-1,-1,-1,254,6,254,31,packages\tlhunter-sorted-set\test\set.test.js,1,1078
1861,CallExpression,nan,2,-1,-1,255,35,255,52,packages\tlhunter-sorted-set\test\set.test.js,1,1079
1862,MemberExpression,nan,-1,-1,-1,255,6,255,34,packages\tlhunter-sorted-set\test\set.test.js,1,1080
1863,ArrayExpression,nan,-1,-1,-1,256,33,256,43,packages\tlhunter-sorted-set\test\set.test.js,1,1081
1864,MemberExpression,nan,-1,-1,-1,256,6,256,32,packages\tlhunter-sorted-set\test\set.test.js,1,1082
1865,Identifier,array,-1,-1,-1,257,33,257,38,packages\tlhunter-sorted-set\test\set.test.js,1,1083
1866,MemberExpression,nan,-1,-1,-1,257,6,257,32,packages\tlhunter-sorted-set\test\set.test.js,1,1084
1867,CallExpression,nan,2,-1,-1,258,37,258,54,packages\tlhunter-sorted-set\test\set.test.js,1,1085
1868,MemberExpression,nan,-1,-1,-1,258,6,258,36,packages\tlhunter-sorted-set\test\set.test.js,1,1086
1869,CallExpression,nan,2,-1,-1,260,16,260,48,packages\tlhunter-sorted-set\test\set.test.js,1,1087
1870,MemberExpression,nan,-1,-1,-1,259,6,260,15,packages\tlhunter-sorted-set\test\set.test.js,1,1088
1873,MemberExpression,nan,-1,-1,-1,265,6,265,11,packages\tlhunter-sorted-set\test\set.test.js,1,1089
1876,MemberExpression,nan,-1,-1,-1,266,6,266,11,packages\tlhunter-sorted-set\test\set.test.js,1,1090
1877,ArrayExpression,nan,-1,-1,-1,269,16,269,32,packages\tlhunter-sorted-set\test\set.test.js,1,1091
1878,MemberExpression,nan,-1,-1,-1,268,6,269,15,packages\tlhunter-sorted-set\test\set.test.js,1,1092
1881,MemberExpression,nan,-1,-1,-1,277,6,277,11,packages\tlhunter-sorted-set\test\set.test.js,1,1093
1884,MemberExpression,nan,-1,-1,-1,278,6,278,11,packages\tlhunter-sorted-set\test\set.test.js,1,1094
1885,Identifier,obj,-1,-1,-1,279,12,279,15,packages\tlhunter-sorted-set\test\set.test.js,1,1095
1887,MemberExpression,nan,-1,-1,-1,279,6,279,11,packages\tlhunter-sorted-set\test\set.test.js,1,1096
1890,MemberExpression,nan,-1,-1,-1,280,6,280,11,packages\tlhunter-sorted-set\test\set.test.js,1,1097
1893,MemberExpression,nan,-1,-1,-1,281,6,281,11,packages\tlhunter-sorted-set\test\set.test.js,1,1098
1896,MemberExpression,nan,-1,-1,-1,282,6,282,11,packages\tlhunter-sorted-set\test\set.test.js,1,1099
1899,MemberExpression,nan,-1,-1,-1,283,6,283,11,packages\tlhunter-sorted-set\test\set.test.js,1,1100
1902,MemberExpression,nan,-1,-1,-1,284,6,284,11,packages\tlhunter-sorted-set\test\set.test.js,1,1101
1905,MemberExpression,nan,-1,-1,-1,285,6,285,11,packages\tlhunter-sorted-set\test\set.test.js,1,1102
1908,MemberExpression,nan,-1,-1,-1,286,6,286,11,packages\tlhunter-sorted-set\test\set.test.js,1,1103
1911,MemberExpression,nan,-1,-1,-1,287,6,287,11,packages\tlhunter-sorted-set\test\set.test.js,1,1104
1914,MemberExpression,nan,-1,-1,-1,289,6,289,11,packages\tlhunter-sorted-set\test\set.test.js,1,1105
1917,MemberExpression,nan,-1,-1,-1,290,6,290,11,packages\tlhunter-sorted-set\test\set.test.js,1,1106
1920,MemberExpression,nan,-1,-1,-1,291,6,291,11,packages\tlhunter-sorted-set\test\set.test.js,1,1107
1921,Identifier,obj,-1,-1,-1,292,12,292,15,packages\tlhunter-sorted-set\test\set.test.js,1,1108
1923,MemberExpression,nan,-1,-1,-1,292,6,292,11,packages\tlhunter-sorted-set\test\set.test.js,1,1109
1926,MemberExpression,nan,-1,-1,-1,293,6,293,11,packages\tlhunter-sorted-set\test\set.test.js,1,1110
1929,MemberExpression,nan,-1,-1,-1,294,6,294,11,packages\tlhunter-sorted-set\test\set.test.js,1,1111
1932,MemberExpression,nan,-1,-1,-1,295,6,295,11,packages\tlhunter-sorted-set\test\set.test.js,1,1112
1935,MemberExpression,nan,-1,-1,-1,296,6,296,11,packages\tlhunter-sorted-set\test\set.test.js,1,1113
1938,MemberExpression,nan,-1,-1,-1,297,6,297,11,packages\tlhunter-sorted-set\test\set.test.js,1,1114
1941,MemberExpression,nan,-1,-1,-1,298,6,298,11,packages\tlhunter-sorted-set\test\set.test.js,1,1115
1944,MemberExpression,nan,-1,-1,-1,299,6,299,11,packages\tlhunter-sorted-set\test\set.test.js,1,1116
1945,ArrayExpression,nan,-1,-1,-1,301,47,302,67,packages\tlhunter-sorted-set\test\set.test.js,1,1117
1946,MemberExpression,nan,-1,-1,-1,301,6,301,46,packages\tlhunter-sorted-set\test\set.test.js,1,1118
1947,ArrayExpression,nan,-1,-1,-1,303,47,304,67,packages\tlhunter-sorted-set\test\set.test.js,1,1119
1948,MemberExpression,nan,-1,-1,-1,303,6,303,46,packages\tlhunter-sorted-set\test\set.test.js,1,1120
1951,MemberExpression,nan,-1,-1,-1,310,6,310,11,packages\tlhunter-sorted-set\test\set.test.js,1,1121
1954,MemberExpression,nan,-1,-1,-1,311,6,311,11,packages\tlhunter-sorted-set\test\set.test.js,1,1122
1955,Identifier,obj,-1,-1,-1,312,12,312,15,packages\tlhunter-sorted-set\test\set.test.js,1,1123
1957,MemberExpression,nan,-1,-1,-1,312,6,312,11,packages\tlhunter-sorted-set\test\set.test.js,1,1124
1960,MemberExpression,nan,-1,-1,-1,313,6,313,11,packages\tlhunter-sorted-set\test\set.test.js,1,1125
1963,MemberExpression,nan,-1,-1,-1,314,6,314,11,packages\tlhunter-sorted-set\test\set.test.js,1,1126
1966,MemberExpression,nan,-1,-1,-1,315,6,315,11,packages\tlhunter-sorted-set\test\set.test.js,1,1127
1969,MemberExpression,nan,-1,-1,-1,316,6,316,11,packages\tlhunter-sorted-set\test\set.test.js,1,1128
1972,MemberExpression,nan,-1,-1,-1,317,6,317,11,packages\tlhunter-sorted-set\test\set.test.js,1,1129
1975,MemberExpression,nan,-1,-1,-1,318,6,318,11,packages\tlhunter-sorted-set\test\set.test.js,1,1130
1978,MemberExpression,nan,-1,-1,-1,319,6,319,11,packages\tlhunter-sorted-set\test\set.test.js,1,1131
1981,MemberExpression,nan,-1,-1,-1,320,6,320,11,packages\tlhunter-sorted-set\test\set.test.js,1,1132
1984,MemberExpression,nan,-1,-1,-1,322,6,322,11,packages\tlhunter-sorted-set\test\set.test.js,1,1133
1987,MemberExpression,nan,-1,-1,-1,323,6,323,11,packages\tlhunter-sorted-set\test\set.test.js,1,1134
1990,MemberExpression,nan,-1,-1,-1,324,6,324,11,packages\tlhunter-sorted-set\test\set.test.js,1,1135
1991,Identifier,obj,-1,-1,-1,325,12,325,15,packages\tlhunter-sorted-set\test\set.test.js,1,1136
1993,MemberExpression,nan,-1,-1,-1,325,6,325,11,packages\tlhunter-sorted-set\test\set.test.js,1,1137
1996,MemberExpression,nan,-1,-1,-1,326,6,326,11,packages\tlhunter-sorted-set\test\set.test.js,1,1138
1999,MemberExpression,nan,-1,-1,-1,327,6,327,11,packages\tlhunter-sorted-set\test\set.test.js,1,1139
2002,MemberExpression,nan,-1,-1,-1,328,6,328,11,packages\tlhunter-sorted-set\test\set.test.js,1,1140
2005,MemberExpression,nan,-1,-1,-1,329,6,329,11,packages\tlhunter-sorted-set\test\set.test.js,1,1141
2008,MemberExpression,nan,-1,-1,-1,330,6,330,11,packages\tlhunter-sorted-set\test\set.test.js,1,1142
2011,MemberExpression,nan,-1,-1,-1,331,6,331,11,packages\tlhunter-sorted-set\test\set.test.js,1,1143
2014,MemberExpression,nan,-1,-1,-1,332,6,332,11,packages\tlhunter-sorted-set\test\set.test.js,1,1144
2017,MemberExpression,nan,-1,-1,-1,334,6,334,11,packages\tlhunter-sorted-set\test\set.test.js,1,1145
2020,MemberExpression,nan,-1,-1,-1,335,6,335,11,packages\tlhunter-sorted-set\test\set.test.js,1,1146
2023,MemberExpression,nan,-1,-1,-1,336,6,336,11,packages\tlhunter-sorted-set\test\set.test.js,1,1147
2024,Identifier,obj,-1,-1,-1,337,12,337,15,packages\tlhunter-sorted-set\test\set.test.js,1,1148
2026,MemberExpression,nan,-1,-1,-1,337,6,337,11,packages\tlhunter-sorted-set\test\set.test.js,1,1149
2029,MemberExpression,nan,-1,-1,-1,338,6,338,11,packages\tlhunter-sorted-set\test\set.test.js,1,1150
2032,MemberExpression,nan,-1,-1,-1,339,6,339,11,packages\tlhunter-sorted-set\test\set.test.js,1,1151
2035,MemberExpression,nan,-1,-1,-1,340,6,340,11,packages\tlhunter-sorted-set\test\set.test.js,1,1152
2038,MemberExpression,nan,-1,-1,-1,341,6,341,11,packages\tlhunter-sorted-set\test\set.test.js,1,1153
2041,MemberExpression,nan,-1,-1,-1,342,6,342,11,packages\tlhunter-sorted-set\test\set.test.js,1,1154
2044,MemberExpression,nan,-1,-1,-1,343,6,343,11,packages\tlhunter-sorted-set\test\set.test.js,1,1155
2045,ArrayExpression,nan,-1,-1,-1,345,50,346,31,packages\tlhunter-sorted-set\test\set.test.js,1,1156
2046,MemberExpression,nan,-1,-1,-1,345,6,345,49,packages\tlhunter-sorted-set\test\set.test.js,1,1157
2047,CallExpression,nan,2,-1,-1,348,50,348,67,packages\tlhunter-sorted-set\test\set.test.js,1,1158
2048,MemberExpression,nan,-1,-1,-1,348,6,348,49,packages\tlhunter-sorted-set\test\set.test.js,1,1159
2051,MemberExpression,nan,-1,-1,-1,357,6,357,11,packages\tlhunter-sorted-set\test\set.test.js,1,1160
2054,MemberExpression,nan,-1,-1,-1,358,6,358,11,packages\tlhunter-sorted-set\test\set.test.js,1,1161
2055,Identifier,obj,-1,-1,-1,359,12,359,15,packages\tlhunter-sorted-set\test\set.test.js,1,1162
2057,MemberExpression,nan,-1,-1,-1,359,6,359,11,packages\tlhunter-sorted-set\test\set.test.js,1,1163
2060,MemberExpression,nan,-1,-1,-1,360,6,360,11,packages\tlhunter-sorted-set\test\set.test.js,1,1164
2063,MemberExpression,nan,-1,-1,-1,361,6,361,11,packages\tlhunter-sorted-set\test\set.test.js,1,1165
2066,MemberExpression,nan,-1,-1,-1,362,6,362,11,packages\tlhunter-sorted-set\test\set.test.js,1,1166
2069,MemberExpression,nan,-1,-1,-1,363,6,363,11,packages\tlhunter-sorted-set\test\set.test.js,1,1167
2072,MemberExpression,nan,-1,-1,-1,364,6,364,11,packages\tlhunter-sorted-set\test\set.test.js,1,1168
2075,MemberExpression,nan,-1,-1,-1,365,6,365,11,packages\tlhunter-sorted-set\test\set.test.js,1,1169
2078,MemberExpression,nan,-1,-1,-1,366,6,366,11,packages\tlhunter-sorted-set\test\set.test.js,1,1170
2081,MemberExpression,nan,-1,-1,-1,367,6,367,11,packages\tlhunter-sorted-set\test\set.test.js,1,1171
2084,MemberExpression,nan,-1,-1,-1,369,6,369,11,packages\tlhunter-sorted-set\test\set.test.js,1,1172
2087,MemberExpression,nan,-1,-1,-1,370,6,370,11,packages\tlhunter-sorted-set\test\set.test.js,1,1173
2090,MemberExpression,nan,-1,-1,-1,371,6,371,11,packages\tlhunter-sorted-set\test\set.test.js,1,1174
2091,Identifier,obj,-1,-1,-1,372,12,372,15,packages\tlhunter-sorted-set\test\set.test.js,1,1175
2093,MemberExpression,nan,-1,-1,-1,372,6,372,11,packages\tlhunter-sorted-set\test\set.test.js,1,1176
2096,MemberExpression,nan,-1,-1,-1,373,6,373,11,packages\tlhunter-sorted-set\test\set.test.js,1,1177
2099,MemberExpression,nan,-1,-1,-1,374,6,374,11,packages\tlhunter-sorted-set\test\set.test.js,1,1178
2102,MemberExpression,nan,-1,-1,-1,375,6,375,11,packages\tlhunter-sorted-set\test\set.test.js,1,1179
2105,MemberExpression,nan,-1,-1,-1,376,6,376,11,packages\tlhunter-sorted-set\test\set.test.js,1,1180
2108,MemberExpression,nan,-1,-1,-1,377,6,377,11,packages\tlhunter-sorted-set\test\set.test.js,1,1181
2111,MemberExpression,nan,-1,-1,-1,378,6,378,11,packages\tlhunter-sorted-set\test\set.test.js,1,1182
2114,MemberExpression,nan,-1,-1,-1,379,6,379,11,packages\tlhunter-sorted-set\test\set.test.js,1,1183
2117,MemberExpression,nan,-1,-1,-1,381,6,381,11,packages\tlhunter-sorted-set\test\set.test.js,1,1184
2120,MemberExpression,nan,-1,-1,-1,382,6,382,11,packages\tlhunter-sorted-set\test\set.test.js,1,1185
2123,MemberExpression,nan,-1,-1,-1,383,6,383,11,packages\tlhunter-sorted-set\test\set.test.js,1,1186
2124,Identifier,obj,-1,-1,-1,384,12,384,15,packages\tlhunter-sorted-set\test\set.test.js,1,1187
2126,MemberExpression,nan,-1,-1,-1,384,6,384,11,packages\tlhunter-sorted-set\test\set.test.js,1,1188
2129,MemberExpression,nan,-1,-1,-1,385,6,385,11,packages\tlhunter-sorted-set\test\set.test.js,1,1189
2132,MemberExpression,nan,-1,-1,-1,386,6,386,11,packages\tlhunter-sorted-set\test\set.test.js,1,1190
2135,MemberExpression,nan,-1,-1,-1,387,6,387,11,packages\tlhunter-sorted-set\test\set.test.js,1,1191
2138,MemberExpression,nan,-1,-1,-1,388,6,388,11,packages\tlhunter-sorted-set\test\set.test.js,1,1192
2141,MemberExpression,nan,-1,-1,-1,389,6,389,11,packages\tlhunter-sorted-set\test\set.test.js,1,1193
2144,MemberExpression,nan,-1,-1,-1,390,6,390,11,packages\tlhunter-sorted-set\test\set.test.js,1,1194
2147,MemberExpression,nan,-1,-1,-1,392,6,392,11,packages\tlhunter-sorted-set\test\set.test.js,1,1195
2150,MemberExpression,nan,-1,-1,-1,393,6,393,11,packages\tlhunter-sorted-set\test\set.test.js,1,1196
2153,MemberExpression,nan,-1,-1,-1,394,6,394,11,packages\tlhunter-sorted-set\test\set.test.js,1,1197
2156,MemberExpression,nan,-1,-1,-1,395,6,395,11,packages\tlhunter-sorted-set\test\set.test.js,1,1198
2157,ArrayExpression,nan,-1,-1,-1,397,53,397,77,packages\tlhunter-sorted-set\test\set.test.js,1,1199
2158,MemberExpression,nan,-1,-1,-1,397,6,397,52,packages\tlhunter-sorted-set\test\set.test.js,1,1200
2159,CallExpression,nan,3,-1,-1,399,53,399,73,packages\tlhunter-sorted-set\test\set.test.js,1,1201
2160,MemberExpression,nan,-1,-1,-1,399,6,399,52,packages\tlhunter-sorted-set\test\set.test.js,1,1202
2163,MemberExpression,nan,-1,-1,-1,407,6,407,11,packages\tlhunter-sorted-set\test\set.test.js,1,1203
2166,MemberExpression,nan,-1,-1,-1,408,6,408,11,packages\tlhunter-sorted-set\test\set.test.js,1,1204
2169,MemberExpression,nan,-1,-1,-1,409,6,409,11,packages\tlhunter-sorted-set\test\set.test.js,1,1205
2172,MemberExpression,nan,-1,-1,-1,410,6,410,11,packages\tlhunter-sorted-set\test\set.test.js,1,1206
2173,Identifier,obj,-1,-1,-1,411,12,411,15,packages\tlhunter-sorted-set\test\set.test.js,1,1207
2175,MemberExpression,nan,-1,-1,-1,411,6,411,11,packages\tlhunter-sorted-set\test\set.test.js,1,1208
2178,MemberExpression,nan,-1,-1,-1,412,6,412,11,packages\tlhunter-sorted-set\test\set.test.js,1,1209
2181,MemberExpression,nan,-1,-1,-1,413,6,413,11,packages\tlhunter-sorted-set\test\set.test.js,1,1210
2184,MemberExpression,nan,-1,-1,-1,414,6,414,11,packages\tlhunter-sorted-set\test\set.test.js,1,1211
2187,MemberExpression,nan,-1,-1,-1,415,6,415,11,packages\tlhunter-sorted-set\test\set.test.js,1,1212
2189,MemberExpression,nan,-1,-1,-1,417,6,417,41,packages\tlhunter-sorted-set\test\set.test.js,1,1213
2191,MemberExpression,nan,-1,-1,-1,418,6,418,41,packages\tlhunter-sorted-set\test\set.test.js,1,1214
2193,MemberExpression,nan,-1,-1,-1,419,6,419,41,packages\tlhunter-sorted-set\test\set.test.js,1,1215
2195,MemberExpression,nan,-1,-1,-1,420,6,420,41,packages\tlhunter-sorted-set\test\set.test.js,1,1216
2197,MemberExpression,nan,-1,-1,-1,422,6,422,43,packages\tlhunter-sorted-set\test\set.test.js,1,1217
2200,MemberExpression,nan,-1,-1,-1,430,6,430,11,packages\tlhunter-sorted-set\test\set.test.js,1,1218
2203,MemberExpression,nan,-1,-1,-1,431,6,431,11,packages\tlhunter-sorted-set\test\set.test.js,1,1219
2206,MemberExpression,nan,-1,-1,-1,432,6,432,11,packages\tlhunter-sorted-set\test\set.test.js,1,1220
2209,MemberExpression,nan,-1,-1,-1,433,6,433,11,packages\tlhunter-sorted-set\test\set.test.js,1,1221
2210,Identifier,obj,-1,-1,-1,434,12,434,15,packages\tlhunter-sorted-set\test\set.test.js,1,1222
2212,MemberExpression,nan,-1,-1,-1,434,6,434,11,packages\tlhunter-sorted-set\test\set.test.js,1,1223
2215,MemberExpression,nan,-1,-1,-1,435,6,435,11,packages\tlhunter-sorted-set\test\set.test.js,1,1224
2218,MemberExpression,nan,-1,-1,-1,436,6,436,11,packages\tlhunter-sorted-set\test\set.test.js,1,1225
2221,MemberExpression,nan,-1,-1,-1,437,6,437,11,packages\tlhunter-sorted-set\test\set.test.js,1,1226
2224,MemberExpression,nan,-1,-1,-1,438,6,438,11,packages\tlhunter-sorted-set\test\set.test.js,1,1227
2226,MemberExpression,nan,-1,-1,-1,440,6,440,40,packages\tlhunter-sorted-set\test\set.test.js,1,1228
2228,MemberExpression,nan,-1,-1,-1,442,6,442,30,packages\tlhunter-sorted-set\test\set.test.js,1,1229
2230,MemberExpression,nan,-1,-1,-1,444,6,444,40,packages\tlhunter-sorted-set\test\set.test.js,1,1230
2232,MemberExpression,nan,-1,-1,-1,446,6,446,30,packages\tlhunter-sorted-set\test\set.test.js,1,1231
2233,ArrayExpression,nan,-1,-1,-1,448,53,456,7,packages\tlhunter-sorted-set\test\set.test.js,1,1232
2234,MemberExpression,nan,-1,-1,-1,448,6,448,52,packages\tlhunter-sorted-set\test\set.test.js,1,1233
2237,MemberExpression,nan,-1,-1,-1,462,6,462,11,packages\tlhunter-sorted-set\test\set.test.js,1,1234
2240,MemberExpression,nan,-1,-1,-1,463,6,463,11,packages\tlhunter-sorted-set\test\set.test.js,1,1235
2243,MemberExpression,nan,-1,-1,-1,464,6,464,11,packages\tlhunter-sorted-set\test\set.test.js,1,1236
2246,MemberExpression,nan,-1,-1,-1,465,6,465,11,packages\tlhunter-sorted-set\test\set.test.js,1,1237
2247,Identifier,obj,-1,-1,-1,466,12,466,15,packages\tlhunter-sorted-set\test\set.test.js,1,1238
2249,MemberExpression,nan,-1,-1,-1,466,6,466,11,packages\tlhunter-sorted-set\test\set.test.js,1,1239
2252,MemberExpression,nan,-1,-1,-1,467,6,467,11,packages\tlhunter-sorted-set\test\set.test.js,1,1240
2255,MemberExpression,nan,-1,-1,-1,468,6,468,11,packages\tlhunter-sorted-set\test\set.test.js,1,1241
2258,MemberExpression,nan,-1,-1,-1,469,6,469,11,packages\tlhunter-sorted-set\test\set.test.js,1,1242
2261,MemberExpression,nan,-1,-1,-1,470,6,470,11,packages\tlhunter-sorted-set\test\set.test.js,1,1243
2263,MemberExpression,nan,-1,-1,-1,472,6,472,40,packages\tlhunter-sorted-set\test\set.test.js,1,1244
2265,MemberExpression,nan,-1,-1,-1,473,6,473,40,packages\tlhunter-sorted-set\test\set.test.js,1,1245
2267,MemberExpression,nan,-1,-1,-1,474,6,474,33,packages\tlhunter-sorted-set\test\set.test.js,1,1246
2269,MemberExpression,nan,-1,-1,-1,475,6,475,40,packages\tlhunter-sorted-set\test\set.test.js,1,1247
2271,MemberExpression,nan,-1,-1,-1,476,6,476,40,packages\tlhunter-sorted-set\test\set.test.js,1,1248
2273,MemberExpression,nan,-1,-1,-1,477,6,477,40,packages\tlhunter-sorted-set\test\set.test.js,1,1249
2275,MemberExpression,nan,-1,-1,-1,479,6,479,31,packages\tlhunter-sorted-set\test\set.test.js,1,1250
2276,ArrayExpression,nan,-1,-1,-1,480,53,484,7,packages\tlhunter-sorted-set\test\set.test.js,1,1251
2277,MemberExpression,nan,-1,-1,-1,480,6,480,52,packages\tlhunter-sorted-set\test\set.test.js,1,1252
2280,MemberExpression,nan,-1,-1,-1,492,6,492,11,packages\tlhunter-sorted-set\test\set.test.js,1,1253
2283,MemberExpression,nan,-1,-1,-1,493,6,493,11,packages\tlhunter-sorted-set\test\set.test.js,1,1254
2286,MemberExpression,nan,-1,-1,-1,494,6,494,11,packages\tlhunter-sorted-set\test\set.test.js,1,1255
2289,MemberExpression,nan,-1,-1,-1,495,6,495,11,packages\tlhunter-sorted-set\test\set.test.js,1,1256
2290,Identifier,obj,-1,-1,-1,496,12,496,15,packages\tlhunter-sorted-set\test\set.test.js,1,1257
2292,MemberExpression,nan,-1,-1,-1,496,6,496,11,packages\tlhunter-sorted-set\test\set.test.js,1,1258
2295,MemberExpression,nan,-1,-1,-1,497,6,497,11,packages\tlhunter-sorted-set\test\set.test.js,1,1259
2298,MemberExpression,nan,-1,-1,-1,498,6,498,11,packages\tlhunter-sorted-set\test\set.test.js,1,1260
2301,MemberExpression,nan,-1,-1,-1,499,6,499,11,packages\tlhunter-sorted-set\test\set.test.js,1,1261
2304,MemberExpression,nan,-1,-1,-1,500,6,500,11,packages\tlhunter-sorted-set\test\set.test.js,1,1262
2306,MemberExpression,nan,-1,-1,-1,502,6,502,47,packages\tlhunter-sorted-set\test\set.test.js,1,1263
2308,MemberExpression,nan,-1,-1,-1,503,6,503,30,packages\tlhunter-sorted-set\test\set.test.js,1,1264
2309,ArrayExpression,nan,-1,-1,-1,505,53,510,7,packages\tlhunter-sorted-set\test\set.test.js,1,1265
2310,MemberExpression,nan,-1,-1,-1,505,6,505,52,packages\tlhunter-sorted-set\test\set.test.js,1,1266
2313,MemberExpression,nan,-1,-1,-1,516,6,516,11,packages\tlhunter-sorted-set\test\set.test.js,1,1267
2316,MemberExpression,nan,-1,-1,-1,517,6,517,11,packages\tlhunter-sorted-set\test\set.test.js,1,1268
2319,MemberExpression,nan,-1,-1,-1,518,6,518,11,packages\tlhunter-sorted-set\test\set.test.js,1,1269
2322,MemberExpression,nan,-1,-1,-1,519,6,519,11,packages\tlhunter-sorted-set\test\set.test.js,1,1270
2323,Identifier,obj,-1,-1,-1,520,12,520,15,packages\tlhunter-sorted-set\test\set.test.js,1,1271
2325,MemberExpression,nan,-1,-1,-1,520,6,520,11,packages\tlhunter-sorted-set\test\set.test.js,1,1272
2328,MemberExpression,nan,-1,-1,-1,521,6,521,11,packages\tlhunter-sorted-set\test\set.test.js,1,1273
2331,MemberExpression,nan,-1,-1,-1,522,6,522,11,packages\tlhunter-sorted-set\test\set.test.js,1,1274
2334,MemberExpression,nan,-1,-1,-1,523,6,523,11,packages\tlhunter-sorted-set\test\set.test.js,1,1275
2337,MemberExpression,nan,-1,-1,-1,524,6,524,11,packages\tlhunter-sorted-set\test\set.test.js,1,1276
2339,MemberExpression,nan,-1,-1,-1,526,6,526,47,packages\tlhunter-sorted-set\test\set.test.js,1,1277
2341,MemberExpression,nan,-1,-1,-1,527,6,527,30,packages\tlhunter-sorted-set\test\set.test.js,1,1278
2342,ArrayExpression,nan,-1,-1,-1,529,33,529,35,packages\tlhunter-sorted-set\test\set.test.js,1,1279
2343,MemberExpression,nan,-1,-1,-1,529,6,529,32,packages\tlhunter-sorted-set\test\set.test.js,1,1280
2346,MemberExpression,nan,-1,-1,-1,537,6,537,11,packages\tlhunter-sorted-set\test\set.test.js,1,1281
2349,MemberExpression,nan,-1,-1,-1,538,6,538,11,packages\tlhunter-sorted-set\test\set.test.js,1,1282
2352,MemberExpression,nan,-1,-1,-1,539,6,539,11,packages\tlhunter-sorted-set\test\set.test.js,1,1283
2355,MemberExpression,nan,-1,-1,-1,540,6,540,11,packages\tlhunter-sorted-set\test\set.test.js,1,1284
2356,Identifier,obj,-1,-1,-1,541,12,541,15,packages\tlhunter-sorted-set\test\set.test.js,1,1285
2358,MemberExpression,nan,-1,-1,-1,541,6,541,11,packages\tlhunter-sorted-set\test\set.test.js,1,1286
2361,MemberExpression,nan,-1,-1,-1,542,6,542,11,packages\tlhunter-sorted-set\test\set.test.js,1,1287
2364,MemberExpression,nan,-1,-1,-1,543,6,543,11,packages\tlhunter-sorted-set\test\set.test.js,1,1288
2367,MemberExpression,nan,-1,-1,-1,544,6,544,11,packages\tlhunter-sorted-set\test\set.test.js,1,1289
2370,MemberExpression,nan,-1,-1,-1,545,6,545,11,packages\tlhunter-sorted-set\test\set.test.js,1,1290
2372,MemberExpression,nan,-1,-1,-1,547,6,547,45,packages\tlhunter-sorted-set\test\set.test.js,1,1291
2374,MemberExpression,nan,-1,-1,-1,548,6,548,30,packages\tlhunter-sorted-set\test\set.test.js,1,1292
2375,ArrayExpression,nan,-1,-1,-1,550,53,555,7,packages\tlhunter-sorted-set\test\set.test.js,1,1293
2376,MemberExpression,nan,-1,-1,-1,550,6,550,52,packages\tlhunter-sorted-set\test\set.test.js,1,1294
2379,MemberExpression,nan,-1,-1,-1,561,6,561,11,packages\tlhunter-sorted-set\test\set.test.js,1,1295
2382,MemberExpression,nan,-1,-1,-1,562,6,562,11,packages\tlhunter-sorted-set\test\set.test.js,1,1296
2385,MemberExpression,nan,-1,-1,-1,563,6,563,11,packages\tlhunter-sorted-set\test\set.test.js,1,1297
2388,MemberExpression,nan,-1,-1,-1,564,6,564,11,packages\tlhunter-sorted-set\test\set.test.js,1,1298
2389,Identifier,obj,-1,-1,-1,565,12,565,15,packages\tlhunter-sorted-set\test\set.test.js,1,1299
2391,MemberExpression,nan,-1,-1,-1,565,6,565,11,packages\tlhunter-sorted-set\test\set.test.js,1,1300
2394,MemberExpression,nan,-1,-1,-1,566,6,566,11,packages\tlhunter-sorted-set\test\set.test.js,1,1301
2397,MemberExpression,nan,-1,-1,-1,567,6,567,11,packages\tlhunter-sorted-set\test\set.test.js,1,1302
2400,MemberExpression,nan,-1,-1,-1,568,6,568,11,packages\tlhunter-sorted-set\test\set.test.js,1,1303
2403,MemberExpression,nan,-1,-1,-1,569,6,569,11,packages\tlhunter-sorted-set\test\set.test.js,1,1304
2405,MemberExpression,nan,-1,-1,-1,571,6,571,45,packages\tlhunter-sorted-set\test\set.test.js,1,1305
2407,MemberExpression,nan,-1,-1,-1,572,6,572,30,packages\tlhunter-sorted-set\test\set.test.js,1,1306
2408,ArrayExpression,nan,-1,-1,-1,574,33,574,35,packages\tlhunter-sorted-set\test\set.test.js,1,1307
2409,MemberExpression,nan,-1,-1,-1,574,6,574,32,packages\tlhunter-sorted-set\test\set.test.js,1,1308
2411,UnaryExpression,nan,1,-1,-1,582,21,582,23,packages\tlhunter-sorted-set\test\set.test.js,1,1309
2412,MemberExpression,nan,-1,-1,-1,582,6,582,11,packages\tlhunter-sorted-set\test\set.test.js,1,1310
2415,MemberExpression,nan,-1,-1,-1,583,6,583,11,packages\tlhunter-sorted-set\test\set.test.js,1,1311
2418,MemberExpression,nan,-1,-1,-1,584,6,584,11,packages\tlhunter-sorted-set\test\set.test.js,1,1312
2419,ArrayExpression,nan,-1,-1,-1,586,32,586,42,packages\tlhunter-sorted-set\test\set.test.js,1,1313
2420,MemberExpression,nan,-1,-1,-1,586,6,586,31,packages\tlhunter-sorted-set\test\set.test.js,1,1314
2423,MemberExpression,nan,-1,-1,-1,594,6,594,11,packages\tlhunter-sorted-set\test\set.test.js,1,1315
2426,MemberExpression,nan,-1,-1,-1,595,6,595,11,packages\tlhunter-sorted-set\test\set.test.js,1,1316
2429,MemberExpression,nan,-1,-1,-1,596,6,596,11,packages\tlhunter-sorted-set\test\set.test.js,1,1317
2432,MemberExpression,nan,-1,-1,-1,597,6,597,11,packages\tlhunter-sorted-set\test\set.test.js,1,1318
2433,Identifier,obj,-1,-1,-1,598,12,598,15,packages\tlhunter-sorted-set\test\set.test.js,1,1319
2435,MemberExpression,nan,-1,-1,-1,598,6,598,11,packages\tlhunter-sorted-set\test\set.test.js,1,1320
2438,MemberExpression,nan,-1,-1,-1,599,6,599,11,packages\tlhunter-sorted-set\test\set.test.js,1,1321
2441,MemberExpression,nan,-1,-1,-1,600,6,600,11,packages\tlhunter-sorted-set\test\set.test.js,1,1322
2444,MemberExpression,nan,-1,-1,-1,601,6,601,11,packages\tlhunter-sorted-set\test\set.test.js,1,1323
2447,MemberExpression,nan,-1,-1,-1,602,6,602,11,packages\tlhunter-sorted-set\test\set.test.js,1,1324
2449,MemberExpression,nan,-1,-1,-1,604,6,606,17,packages\tlhunter-sorted-set\test\set.test.js,1,1325
2451,MemberExpression,nan,-1,-1,-1,609,6,611,17,packages\tlhunter-sorted-set\test\set.test.js,1,1326
2453,MemberExpression,nan,-1,-1,-1,614,6,616,17,packages\tlhunter-sorted-set\test\set.test.js,1,1327
2454,MemberExpression,nan,-1,-1,-1,618,6,620,21,packages\tlhunter-sorted-set\test\set.test.js,1,1328
2456,MemberExpression,nan,-1,-1,-1,622,6,622,30,packages\tlhunter-sorted-set\test\set.test.js,1,1329
2457,ArrayExpression,nan,-1,-1,-1,624,53,634,7,packages\tlhunter-sorted-set\test\set.test.js,1,1330
2458,MemberExpression,nan,-1,-1,-1,624,6,624,52,packages\tlhunter-sorted-set\test\set.test.js,1,1331
2461,MemberExpression,nan,-1,-1,-1,640,6,640,11,packages\tlhunter-sorted-set\test\set.test.js,1,1332
2464,MemberExpression,nan,-1,-1,-1,641,6,641,11,packages\tlhunter-sorted-set\test\set.test.js,1,1333
2467,MemberExpression,nan,-1,-1,-1,642,6,642,11,packages\tlhunter-sorted-set\test\set.test.js,1,1334
2470,MemberExpression,nan,-1,-1,-1,643,6,643,11,packages\tlhunter-sorted-set\test\set.test.js,1,1335
2471,Identifier,obj,-1,-1,-1,644,12,644,15,packages\tlhunter-sorted-set\test\set.test.js,1,1336
2473,MemberExpression,nan,-1,-1,-1,644,6,644,11,packages\tlhunter-sorted-set\test\set.test.js,1,1337
2476,MemberExpression,nan,-1,-1,-1,645,6,645,11,packages\tlhunter-sorted-set\test\set.test.js,1,1338
2479,MemberExpression,nan,-1,-1,-1,646,6,646,11,packages\tlhunter-sorted-set\test\set.test.js,1,1339
2482,MemberExpression,nan,-1,-1,-1,647,6,647,11,packages\tlhunter-sorted-set\test\set.test.js,1,1340
2485,MemberExpression,nan,-1,-1,-1,648,6,648,11,packages\tlhunter-sorted-set\test\set.test.js,1,1341
2487,MemberExpression,nan,-1,-1,-1,650,6,652,17,packages\tlhunter-sorted-set\test\set.test.js,1,1342
2489,MemberExpression,nan,-1,-1,-1,654,6,654,30,packages\tlhunter-sorted-set\test\set.test.js,1,1343
2491,MemberExpression,nan,-1,-1,-1,655,6,655,42,packages\tlhunter-sorted-set\test\set.test.js,1,1344
2492,MemberExpression,nan,-1,-1,-1,201,57,201,66,packages\tlhunter-sorted-set\test\set.test.js,1,1345
2493,MemberExpression,nan,-1,-1,-1,202,48,202,57,packages\tlhunter-sorted-set\test\set.test.js,1,1346
2495,MemberExpression,nan,-1,-1,-1,253,32,253,43,packages\tlhunter-sorted-set\test\set.test.js,1,1347
2497,MemberExpression,nan,-1,-1,-1,254,32,254,43,packages\tlhunter-sorted-set\test\set.test.js,1,1348
2500,MemberExpression,nan,-1,-1,-1,255,35,255,46,packages\tlhunter-sorted-set\test\set.test.js,1,1349
2503,MemberExpression,nan,-1,-1,-1,258,37,258,48,packages\tlhunter-sorted-set\test\set.test.js,1,1350
2504,UnaryExpression,nan,1,-1,-1,260,28,260,30,packages\tlhunter-sorted-set\test\set.test.js,1,1351
2506,MemberExpression,nan,-1,-1,-1,260,16,260,27,packages\tlhunter-sorted-set\test\set.test.js,1,1352
2507,Identifier,a,-1,-1,-1,348,62,348,63,packages\tlhunter-sorted-set\test\set.test.js,1,1353
2508,Identifier,b,-1,-1,-1,348,65,348,66,packages\tlhunter-sorted-set\test\set.test.js,1,1354
2509,MemberExpression,nan,-1,-1,-1,348,50,348,61,packages\tlhunter-sorted-set\test\set.test.js,1,1355
2510,Identifier,c,-1,-1,-1,399,65,399,66,packages\tlhunter-sorted-set\test\set.test.js,1,1356
2511,Identifier,a,-1,-1,-1,399,68,399,69,packages\tlhunter-sorted-set\test\set.test.js,1,1357
2512,Identifier,b,-1,-1,-1,399,71,399,72,packages\tlhunter-sorted-set\test\set.test.js,1,1358
2513,MemberExpression,nan,-1,-1,-1,399,53,399,64,packages\tlhunter-sorted-set\test\set.test.js,1,1359
2516,MemberExpression,nan,-1,-1,-1,260,32,260,40,packages\tlhunter-sorted-set\test\set.test.js,1,1360
