id,type,name,params_len,argument_len,returns,start_line,start_column,end_line,end_column,file_name,file_is_index_or_test,new_id
1,Program,nan,-1,-1,-1,1,0,92,1,packages\unbzip2-stream\index.js,1,0
2,VariableDeclaration,nan,-1,-1,-1,1,0,1,33,packages\unbzip2-stream\index.js,1,1
3,VariableDeclaration,nan,-1,-1,-1,2,0,2,33,packages\unbzip2-stream\index.js,1,2
4,VariableDeclaration,nan,-1,-1,-1,3,0,3,48,packages\unbzip2-stream\index.js,1,3
6,FunctionDeclaration,nan,-1,0,1,7,0,92,1,packages\unbzip2-stream\index.js,1,4
7,AssignmentExpression,nan,-1,-1,-1,5,0,5,30,packages\unbzip2-stream\index.js,1,5
8,Identifier,unbzip2Stream,-1,-1,-1,7,9,7,22,packages\unbzip2-stream\index.js,1,6
10,BlockStatement,nan,-1,-1,-1,7,25,92,1,packages\unbzip2-stream\index.js,1,7
11,MemberExpression,nan,-1,-1,-1,5,0,5,14,packages\unbzip2-stream\index.js,1,8
12,Identifier,unbzip2Stream,-1,-1,-1,5,17,5,30,packages\unbzip2-stream\index.js,1,9
13,VariableDeclaration,nan,-1,-1,-1,8,4,8,25,packages\unbzip2-stream\index.js,1,10
14,VariableDeclaration,nan,-1,-1,-1,9,4,9,21,packages\unbzip2-stream\index.js,1,11
15,VariableDeclaration,nan,-1,-1,-1,10,4,10,22,packages\unbzip2-stream\index.js,1,12
16,VariableDeclaration,nan,-1,-1,-1,11,4,11,23,packages\unbzip2-stream\index.js,1,13
17,VariableDeclaration,nan,-1,-1,-1,12,4,12,21,packages\unbzip2-stream\index.js,1,14
18,VariableDeclaration,nan,-1,-1,-1,13,4,13,25,packages\unbzip2-stream\index.js,1,15
19,VariableDeclaration,nan,-1,-1,-1,14,4,14,25,packages\unbzip2-stream\index.js,1,16
20,FunctionDeclaration,nan,-1,1,1,16,4,42,5,packages\unbzip2-stream\index.js,1,17
21,VariableDeclaration,nan,-1,-1,-1,44,4,44,22,packages\unbzip2-stream\index.js,1,18
22,FunctionDeclaration,nan,-1,1,1,45,4,63,5,packages\unbzip2-stream\index.js,1,19
23,ReturnStatement,nan,1,-1,-1,65,4,91,6,packages\unbzip2-stream\index.js,1,20
24,Identifier,decompressBlock,-1,-1,-1,16,13,16,28,packages\unbzip2-stream\index.js,1,21
25,Identifier,push,-1,-1,-1,16,29,16,33,packages\unbzip2-stream\index.js,1,22
27,BlockStatement,nan,-1,-1,-1,16,34,42,5,packages\unbzip2-stream\index.js,1,23
28,Identifier,decompressAndQueue,-1,-1,-1,45,13,45,31,packages\unbzip2-stream\index.js,1,24
29,Identifier,stream,-1,-1,-1,45,32,45,38,packages\unbzip2-stream\index.js,1,25
31,BlockStatement,nan,-1,-1,-1,45,40,63,5,packages\unbzip2-stream\index.js,1,26
32,CallExpression,nan,2,-1,-1,65,11,91,5,packages\unbzip2-stream\index.js,1,27
33,IfStatement,nan,-1,-1,-1,17,8,41,9,packages\unbzip2-stream\index.js,1,28
34,IfStatement,nan,-1,-1,-1,46,8,46,27,packages\unbzip2-stream\index.js,1,29
35,TryStatement,nan,-1,-1,-1,47,8,62,9,packages\unbzip2-stream\index.js,1,30
36,FunctionExpression,nan,-1,1,0,66,8,79,9,packages\unbzip2-stream\index.js,1,31
37,FunctionExpression,nan,-1,1,0,80,8,90,9,packages\unbzip2-stream\index.js,1,32
38,Identifier,through,-1,-1,-1,65,11,65,18,packages\unbzip2-stream\index.js,1,33
39,BlockStatement,nan,-1,-1,-1,17,22,22,9,packages\unbzip2-stream\index.js,1,34
40,UnaryExpression,nan,1,-1,-1,17,11,17,21,packages\unbzip2-stream\index.js,1,35
41,ReturnStatement,nan,-1,-1,-1,46,20,46,27,packages\unbzip2-stream\index.js,1,36
42,Identifier,broken,-1,-1,-1,46,12,46,18,packages\unbzip2-stream\index.js,1,37
43,Identifier,write,-1,-1,-1,66,17,66,22,packages\unbzip2-stream\index.js,1,38
44,Identifier,data,-1,-1,-1,66,23,66,27,packages\unbzip2-stream\index.js,1,39
46,BlockStatement,nan,-1,-1,-1,66,29,79,9,packages\unbzip2-stream\index.js,1,40
47,Identifier,end,-1,-1,-1,80,17,80,20,packages\unbzip2-stream\index.js,1,41
48,Identifier,x,-1,-1,-1,80,21,80,22,packages\unbzip2-stream\index.js,1,42
50,BlockStatement,nan,-1,-1,-1,80,24,90,9,packages\unbzip2-stream\index.js,1,43
53,ReturnStatement,nan,1,-1,-1,21,12,21,24,packages\unbzip2-stream\index.js,1,44
54,Identifier,blockSize,-1,-1,-1,17,12,17,21,packages\unbzip2-stream\index.js,1,45
57,IfStatement,nan,-1,-1,-1,70,12,74,13,packages\unbzip2-stream\index.js,1,46
58,WhileStatement,nan,-1,-1,-1,75,12,78,13,packages\unbzip2-stream\index.js,1,47
59,WhileStatement,nan,-1,-1,-1,82,12,84,13,packages\unbzip2-stream\index.js,1,48
60,IfStatement,nan,-1,-1,-1,85,12,89,13,packages\unbzip2-stream\index.js,1,49
61,AssignmentExpression,nan,-1,-1,-1,18,12,18,45,packages\unbzip2-stream\index.js,1,50
62,AssignmentExpression,nan,-1,-1,-1,20,12,20,25,packages\unbzip2-stream\index.js,1,51
64,CallExpression,nan,1,-1,-1,68,12,68,34,packages\unbzip2-stream\index.js,1,52
65,AssignmentExpression,nan,-1,-1,-1,69,12,69,35,packages\unbzip2-stream\index.js,1,53
66,BlockStatement,nan,-1,-1,-1,70,36,74,13,packages\unbzip2-stream\index.js,1,54
68,LogicalExpression,nan,-1,-1,-1,75,19,75,103,packages\unbzip2-stream\index.js,1,55
69,BlockStatement,nan,-1,-1,-1,75,104,78,13,packages\unbzip2-stream\index.js,1,56
70,LogicalExpression,nan,-1,-1,-1,82,19,82,73,packages\unbzip2-stream\index.js,1,57
71,BlockStatement,nan,-1,-1,-1,82,74,84,13,packages\unbzip2-stream\index.js,1,58
72,BlockStatement,nan,-1,-1,-1,85,25,89,13,packages\unbzip2-stream\index.js,1,59
73,UnaryExpression,nan,1,-1,-1,85,16,85,23,packages\unbzip2-stream\index.js,1,60
74,Identifier,blockSize,-1,-1,-1,18,12,18,21,packages\unbzip2-stream\index.js,1,61
75,CallExpression,nan,1,-1,-1,18,24,18,45,packages\unbzip2-stream\index.js,1,62
76,Identifier,streamCRC,-1,-1,-1,20,12,20,21,packages\unbzip2-stream\index.js,1,63
78,Identifier,data,-1,-1,-1,68,29,68,33,packages\unbzip2-stream\index.js,1,64
79,MemberExpression,nan,-1,-1,-1,68,12,68,28,packages\unbzip2-stream\index.js,1,65
80,Identifier,hasBytes,-1,-1,-1,69,12,69,20,packages\unbzip2-stream\index.js,1,66
81,MemberExpression,nan,-1,-1,-1,69,24,69,35,packages\unbzip2-stream\index.js,1,67
83,Identifier,bitReader,-1,-1,-1,70,16,70,25,packages\unbzip2-stream\index.js,1,68
85,UnaryExpression,nan,1,-1,-1,75,19,75,26,packages\unbzip2-stream\index.js,1,69
88,LogicalExpression,nan,-1,-1,-1,82,19,82,39,packages\unbzip2-stream\index.js,1,70
91,IfStatement,nan,-1,-1,-1,86,16,87,84,packages\unbzip2-stream\index.js,1,71
93,Identifier,broken,-1,-1,-1,85,17,85,23,packages\unbzip2-stream\index.js,1,72
94,Identifier,bitReader,-1,-1,-1,18,35,18,44,packages\unbzip2-stream\index.js,1,73
95,MemberExpression,nan,-1,-1,-1,18,24,18,34,packages\unbzip2-stream\index.js,1,74
96,AssignmentExpression,nan,-1,-1,-1,71,16,73,18,packages\unbzip2-stream\index.js,1,75
97,Identifier,broken,-1,-1,-1,75,20,75,26,packages\unbzip2-stream\index.js,1,76
99,LogicalExpression,nan,-1,-1,-1,75,69,75,102,packages\unbzip2-stream\index.js,1,77
100,CallExpression,nan,1,-1,-1,77,16,77,40,packages\unbzip2-stream\index.js,1,78
101,UnaryExpression,nan,1,-1,-1,82,19,82,26,packages\unbzip2-stream\index.js,1,79
102,Identifier,bitReader,-1,-1,-1,82,30,82,39,packages\unbzip2-stream\index.js,1,80
103,Identifier,hasBytes,-1,-1,-1,82,43,82,51,packages\unbzip2-stream\index.js,1,81
104,MemberExpression,nan,-1,-1,-1,82,54,82,73,packages\unbzip2-stream\index.js,1,82
105,CallExpression,nan,1,-1,-1,83,16,83,40,packages\unbzip2-stream\index.js,1,83
108,CallExpression,nan,1,-1,-1,88,16,88,32,packages\unbzip2-stream\index.js,1,84
109,Identifier,bitReader,-1,-1,-1,71,16,71,25,packages\unbzip2-stream\index.js,1,85
110,CallExpression,nan,1,-1,-1,71,28,73,18,packages\unbzip2-stream\index.js,1,86
115,ThisExpression,nan,-1,-1,-1,77,35,77,39,packages\unbzip2-stream\index.js,1,87
116,Identifier,decompressAndQueue,-1,-1,-1,77,16,77,34,packages\unbzip2-stream\index.js,1,88
117,Identifier,broken,-1,-1,-1,82,20,82,26,packages\unbzip2-stream\index.js,1,89
118,ThisExpression,nan,-1,-1,-1,83,35,83,39,packages\unbzip2-stream\index.js,1,90
119,Identifier,decompressAndQueue,-1,-1,-1,83,16,83,34,packages\unbzip2-stream\index.js,1,91
120,CallExpression,nan,2,-1,-1,87,20,87,83,packages\unbzip2-stream\index.js,1,92
121,Identifier,streamCRC,-1,-1,-1,86,20,86,29,packages\unbzip2-stream\index.js,1,93
124,MemberExpression,nan,-1,-1,-1,88,16,88,26,packages\unbzip2-stream\index.js,1,94
125,FunctionExpression,nan,-1,0,1,71,40,73,17,packages\unbzip2-stream\index.js,1,95
126,Identifier,bitIterator,-1,-1,-1,71,28,71,39,packages\unbzip2-stream\index.js,1,96
127,Identifier,hasBytes,-1,-1,-1,75,30,75,38,packages\unbzip2-stream\index.js,1,97
128,MemberExpression,nan,-1,-1,-1,75,41,75,60,packages\unbzip2-stream\index.js,1,98
132,NewExpression,nan,1,-1,-1,87,39,87,82,packages\unbzip2-stream\index.js,1,99
133,MemberExpression,nan,-1,-1,-1,87,20,87,29,packages\unbzip2-stream\index.js,1,100
135,BlockStatement,nan,-1,-1,-1,71,51,73,17,packages\unbzip2-stream\index.js,1,101
137,Identifier,blockSize,-1,-1,-1,75,87,75,96,packages\unbzip2-stream\index.js,1,102
139,Identifier,Error,-1,-1,-1,87,43,87,48,packages\unbzip2-stream\index.js,1,103
140,ReturnStatement,nan,1,-1,-1,72,20,72,47,packages\unbzip2-stream\index.js,1,104
141,CallExpression,nan,0,-1,-1,72,27,72,46,packages\unbzip2-stream\index.js,1,105
142,MemberExpression,nan,-1,-1,-1,72,27,72,44,packages\unbzip2-stream\index.js,1,106
143,Program,nan,-1,-1,-1,1,0,39,2,packages\unbzip2-stream\lib\bit_iterator.js,0,107
144,VariableDeclaration,nan,-1,-1,-1,1,0,1,66,packages\unbzip2-stream\lib\bit_iterator.js,0,108
146,AssignmentExpression,nan,-1,-1,-1,5,0,39,1,packages\unbzip2-stream\lib\bit_iterator.js,0,109
147,MemberExpression,nan,-1,-1,-1,5,0,5,14,packages\unbzip2-stream\lib\bit_iterator.js,0,110
148,FunctionExpression,nan,-1,1,1,5,17,39,1,packages\unbzip2-stream\lib\bit_iterator.js,0,111
149,Identifier,bitIterator,-1,-1,-1,5,26,5,37,packages\unbzip2-stream\lib\bit_iterator.js,0,112
150,Identifier,nextBuffer,-1,-1,-1,5,38,5,48,packages\unbzip2-stream\lib\bit_iterator.js,0,113
152,BlockStatement,nan,-1,-1,-1,5,50,39,1,packages\unbzip2-stream\lib\bit_iterator.js,0,114
153,VariableDeclaration,nan,-1,-1,-1,6,4,6,26,packages\unbzip2-stream\lib\bit_iterator.js,0,115
154,VariableDeclaration,nan,-1,-1,-1,7,4,7,29,packages\unbzip2-stream\lib\bit_iterator.js,0,116
155,VariableDeclaration,nan,-1,-1,-1,8,4,36,6,packages\unbzip2-stream\lib\bit_iterator.js,0,117
157,ReturnStatement,nan,1,-1,-1,38,4,38,13,packages\unbzip2-stream\lib\bit_iterator.js,0,118
158,AssignmentExpression,nan,-1,-1,-1,37,4,37,19,packages\unbzip2-stream\lib\bit_iterator.js,0,119
159,Identifier,f,-1,-1,-1,38,11,38,12,packages\unbzip2-stream\lib\bit_iterator.js,0,120
160,MemberExpression,nan,-1,-1,-1,37,4,37,15,packages\unbzip2-stream\lib\bit_iterator.js,0,121
162,Program,nan,-1,-1,-1,28,0,365,23,packages\unbzip2-stream\lib\bzip2.js,0,122
163,FunctionDeclaration,nan,-1,1,0,28,0,32,1,packages\unbzip2-stream\lib\bzip2.js,0,123
165,VariableDeclaration,nan,-1,-1,-1,35,0,37,2,packages\unbzip2-stream\lib\bzip2.js,0,124
166,VariableDeclaration,nan,-1,-1,-1,39,0,39,15,packages\unbzip2-stream\lib\bzip2.js,0,125
174,Identifier,Bzip2Error,-1,-1,-1,28,9,28,19,packages\unbzip2-stream\lib\bzip2.js,0,126
175,Identifier,message,-1,-1,-1,28,20,28,27,packages\unbzip2-stream\lib\bzip2.js,0,127
177,BlockStatement,nan,-1,-1,-1,28,29,32,1,packages\unbzip2-stream\lib\bzip2.js,0,128
178,AssignmentExpression,nan,-1,-1,-1,33,0,33,32,packages\unbzip2-stream\lib\bzip2.js,0,129
179,AssignmentExpression,nan,-1,-1,-1,40,0,40,29,packages\unbzip2-stream\lib\bzip2.js,0,130
180,AssignmentExpression,nan,-1,-1,-1,42,0,108,1,packages\unbzip2-stream\lib\bzip2.js,0,131
181,AssignmentExpression,nan,-1,-1,-1,110,0,131,1,packages\unbzip2-stream\lib\bzip2.js,0,132
182,AssignmentExpression,nan,-1,-1,-1,134,0,144,1,packages\unbzip2-stream\lib\bzip2.js,0,133
183,AssignmentExpression,nan,-1,-1,-1,146,0,157,1,packages\unbzip2-stream\lib\bzip2.js,0,134
184,AssignmentExpression,nan,-1,-1,-1,163,0,363,1,packages\unbzip2-stream\lib\bzip2.js,0,135
185,AssignmentExpression,nan,-1,-1,-1,365,0,365,22,packages\unbzip2-stream\lib\bzip2.js,0,136
189,MemberExpression,nan,-1,-1,-1,33,0,33,20,packages\unbzip2-stream\lib\bzip2.js,0,137
190,NewExpression,nan,0,-1,-1,33,23,33,32,packages\unbzip2-stream\lib\bzip2.js,0,138
191,MemberExpression,nan,-1,-1,-1,40,0,40,16,packages\unbzip2-stream\lib\bzip2.js,0,139
192,Identifier,Bzip2Error,-1,-1,-1,40,19,40,29,packages\unbzip2-stream\lib\bzip2.js,0,140
193,MemberExpression,nan,-1,-1,-1,42,0,42,14,packages\unbzip2-stream\lib\bzip2.js,0,141
194,ArrayExpression,nan,-1,-1,-1,43,0,108,1,packages\unbzip2-stream\lib\bzip2.js,0,142
195,MemberExpression,nan,-1,-1,-1,110,0,110,11,packages\unbzip2-stream\lib\bzip2.js,0,143
196,FunctionExpression,nan,-1,1,1,110,14,131,1,packages\unbzip2-stream\lib\bzip2.js,0,144
197,MemberExpression,nan,-1,-1,-1,134,0,134,12,packages\unbzip2-stream\lib\bzip2.js,0,145
198,FunctionExpression,nan,-1,2,0,134,15,144,1,packages\unbzip2-stream\lib\bzip2.js,0,146
199,MemberExpression,nan,-1,-1,-1,146,0,146,12,packages\unbzip2-stream\lib\bzip2.js,0,147
200,FunctionExpression,nan,-1,1,1,146,15,157,1,packages\unbzip2-stream\lib\bzip2.js,0,148
201,MemberExpression,nan,-1,-1,-1,163,0,163,16,packages\unbzip2-stream\lib\bzip2.js,0,149
202,FunctionExpression,nan,-1,5,1,163,19,363,1,packages\unbzip2-stream\lib\bzip2.js,0,150
203,MemberExpression,nan,-1,-1,-1,365,0,365,14,packages\unbzip2-stream\lib\bzip2.js,0,151
204,Identifier,bzip2,-1,-1,-1,365,17,365,22,packages\unbzip2-stream\lib\bzip2.js,0,152
205,AssignmentExpression,nan,-1,-1,-1,29,4,29,28,packages\unbzip2-stream\lib\bzip2.js,0,153
206,AssignmentExpression,nan,-1,-1,-1,30,4,30,26,packages\unbzip2-stream\lib\bzip2.js,0,154
207,AssignmentExpression,nan,-1,-1,-1,31,4,31,36,packages\unbzip2-stream\lib\bzip2.js,0,155
208,Identifier,Error,-1,-1,-1,33,27,33,32,packages\unbzip2-stream\lib\bzip2.js,0,156
209,Identifier,bytes,-1,-1,-1,110,23,110,28,packages\unbzip2-stream\lib\bzip2.js,0,157
211,BlockStatement,nan,-1,-1,-1,110,30,131,1,packages\unbzip2-stream\lib\bzip2.js,0,158
212,Identifier,srcbuffer,-1,-1,-1,134,24,134,33,packages\unbzip2-stream\lib\bzip2.js,0,159
213,Identifier,stream,-1,-1,-1,134,35,134,41,packages\unbzip2-stream\lib\bzip2.js,0,160
215,BlockStatement,nan,-1,-1,-1,134,43,144,1,packages\unbzip2-stream\lib\bzip2.js,0,161
216,Identifier,bits,-1,-1,-1,146,24,146,28,packages\unbzip2-stream\lib\bzip2.js,0,162
218,BlockStatement,nan,-1,-1,-1,146,30,157,1,packages\unbzip2-stream\lib\bzip2.js,0,163
219,Identifier,bits,-1,-1,-1,163,28,163,32,packages\unbzip2-stream\lib\bzip2.js,0,164
220,Identifier,stream,-1,-1,-1,163,34,163,40,packages\unbzip2-stream\lib\bzip2.js,0,165
221,Identifier,buf,-1,-1,-1,163,42,163,45,packages\unbzip2-stream\lib\bzip2.js,0,166
222,Identifier,bufsize,-1,-1,-1,163,47,163,54,packages\unbzip2-stream\lib\bzip2.js,0,167
223,Identifier,streamCRC,-1,-1,-1,163,56,163,65,packages\unbzip2-stream\lib\bzip2.js,0,168
225,BlockStatement,nan,-1,-1,-1,163,67,363,1,packages\unbzip2-stream\lib\bzip2.js,0,169
226,MemberExpression,nan,-1,-1,-1,29,4,29,13,packages\unbzip2-stream\lib\bzip2.js,0,170
228,MemberExpression,nan,-1,-1,-1,30,4,30,16,packages\unbzip2-stream\lib\bzip2.js,0,171
229,Identifier,message,-1,-1,-1,30,19,30,26,packages\unbzip2-stream\lib\bzip2.js,0,172
230,MemberExpression,nan,-1,-1,-1,31,4,31,14,packages\unbzip2-stream\lib\bzip2.js,0,173
231,MemberExpression,nan,-1,-1,-1,31,17,31,36,packages\unbzip2-stream\lib\bzip2.js,0,174
232,VariableDeclaration,nan,-1,-1,-1,111,4,111,26,packages\unbzip2-stream\lib\bzip2.js,0,175
233,VariableDeclaration,nan,-1,-1,-1,112,4,112,71,packages\unbzip2-stream\lib\bzip2.js,0,176
234,ReturnStatement,nan,1,-1,-1,113,4,130,5,packages\unbzip2-stream\lib\bzip2.js,0,177
235,VariableDeclaration,nan,-1,-1,-1,135,4,135,38,packages\unbzip2-stream\lib\bzip2.js,0,178
236,VariableDeclaration,nan,-1,-1,-1,136,4,136,34,packages\unbzip2-stream\lib\bzip2.js,0,179
237,VariableDeclaration,nan,-1,-1,-1,137,4,137,20,packages\unbzip2-stream\lib\bzip2.js,0,180
238,VariableDeclaration,nan,-1,-1,-1,138,4,138,32,packages\unbzip2-stream\lib\bzip2.js,0,181
239,VariableDeclaration,nan,-1,-1,-1,139,4,139,38,packages\unbzip2-stream\lib\bzip2.js,0,182
240,DoWhileStatement,nan,-1,-1,-1,141,4,143,18,packages\unbzip2-stream\lib\bzip2.js,0,183
245,IfStatement,nan,-1,-1,-1,152,4,152,69,packages\unbzip2-stream\lib\bzip2.js,0,184
246,VariableDeclaration,nan,-1,-1,-1,154,4,154,25,packages\unbzip2-stream\lib\bzip2.js,0,185
247,IfStatement,nan,-1,-1,-1,155,4,155,60,packages\unbzip2-stream\lib\bzip2.js,0,186
248,ReturnStatement,nan,1,-1,-1,156,4,156,13,packages\unbzip2-stream\lib\bzip2.js,0,187
249,VariableDeclaration,nan,-1,-1,-1,164,4,164,30,packages\unbzip2-stream\lib\bzip2.js,0,188
250,VariableDeclaration,nan,-1,-1,-1,165,4,165,26,packages\unbzip2-stream\lib\bzip2.js,0,189
251,VariableDeclaration,nan,-1,-1,-1,166,4,166,24,packages\unbzip2-stream\lib\bzip2.js,0,190
252,VariableDeclaration,nan,-1,-1,-1,167,4,167,24,packages\unbzip2-stream\lib\bzip2.js,0,191
253,VariableDeclaration,nan,-1,-1,-1,168,4,168,24,packages\unbzip2-stream\lib\bzip2.js,0,192
254,VariableDeclaration,nan,-1,-1,-1,169,4,169,23,packages\unbzip2-stream\lib\bzip2.js,0,193
255,ForStatement,nan,-1,-1,-1,171,4,171,65,packages\unbzip2-stream\lib\bzip2.js,0,194
256,IfStatement,nan,-1,-1,-1,172,4,178,5,packages\unbzip2-stream\lib\bzip2.js,0,195
257,IfStatement,nan,-1,-1,-1,179,4,179,70,packages\unbzip2-stream\lib\bzip2.js,0,196
258,VariableDeclaration,nan,-1,-1,-1,180,4,180,30,packages\unbzip2-stream\lib\bzip2.js,0,197
259,IfStatement,nan,-1,-1,-1,181,4,181,63,packages\unbzip2-stream\lib\bzip2.js,0,198
260,VariableDeclaration,nan,-1,-1,-1,182,4,182,27,packages\unbzip2-stream\lib\bzip2.js,0,199
261,IfStatement,nan,-1,-1,-1,183,4,183,85,packages\unbzip2-stream\lib\bzip2.js,0,200
262,VariableDeclaration,nan,-1,-1,-1,184,4,184,21,packages\unbzip2-stream\lib\bzip2.js,0,201
263,VariableDeclaration,nan,-1,-1,-1,185,4,185,21,packages\unbzip2-stream\lib\bzip2.js,0,202
264,ForStatement,nan,-1,-1,-1,186,4,195,5,packages\unbzip2-stream\lib\bzip2.js,0,203
265,VariableDeclaration,nan,-1,-1,-1,197,4,197,29,packages\unbzip2-stream\lib\bzip2.js,0,204
266,IfStatement,nan,-1,-1,-1,198,4,198,73,packages\unbzip2-stream\lib\bzip2.js,0,205
267,VariableDeclaration,nan,-1,-1,-1,199,4,199,30,packages\unbzip2-stream\lib\bzip2.js,0,206
268,IfStatement,nan,-1,-1,-1,200,4,200,46,packages\unbzip2-stream\lib\bzip2.js,0,207
269,ForStatement,nan,-1,-1,-1,201,4,201,62,packages\unbzip2-stream\lib\bzip2.js,0,208
270,ForStatement,nan,-1,-1,-1,203,4,211,5,packages\unbzip2-stream\lib\bzip2.js,0,209
271,VariableDeclaration,nan,-1,-1,-1,213,4,213,32,packages\unbzip2-stream\lib\bzip2.js,0,210
272,VariableDeclaration,nan,-1,-1,-1,214,4,214,20,packages\unbzip2-stream\lib\bzip2.js,0,211
273,VariableDeclaration,nan,-1,-1,-1,215,4,216,47,packages\unbzip2-stream\lib\bzip2.js,0,212
274,VariableDeclaration,nan,-1,-1,-1,218,4,218,17,packages\unbzip2-stream\lib\bzip2.js,0,213
275,ForStatement,nan,-1,-1,-1,220,4,261,5,packages\unbzip2-stream\lib\bzip2.js,0,214
276,ForStatement,nan,-1,-1,-1,263,4,266,5,packages\unbzip2-stream\lib\bzip2.js,0,215
277,VariableDeclaration,nan,-1,-1,-1,267,4,267,42,packages\unbzip2-stream\lib\bzip2.js,0,216
279,WhileStatement,nan,-1,-1,-1,269,4,316,5,packages\unbzip2-stream\lib\bzip2.js,0,217
280,IfStatement,nan,-1,-1,-1,317,4,317,121,packages\unbzip2-stream\lib\bzip2.js,0,218
281,VariableDeclaration,nan,-1,-1,-1,318,4,318,14,packages\unbzip2-stream\lib\bzip2.js,0,219
282,ForStatement,nan,-1,-1,-1,319,4,323,5,packages\unbzip2-stream\lib\bzip2.js,0,220
283,ForStatement,nan,-1,-1,-1,324,4,328,5,packages\unbzip2-stream\lib\bzip2.js,0,221
284,VariableDeclaration,nan,-1,-1,-1,329,4,329,38,packages\unbzip2-stream\lib\bzip2.js,0,222
285,IfStatement,nan,-1,-1,-1,330,4,335,5,packages\unbzip2-stream\lib\bzip2.js,0,223
287,VariableDeclaration,nan,-1,-1,-1,337,4,337,34,packages\unbzip2-stream\lib\bzip2.js,0,224
288,WhileStatement,nan,-1,-1,-1,338,4,357,5,packages\unbzip2-stream\lib\bzip2.js,0,225
290,IfStatement,nan,-1,-1,-1,360,4,360,85,packages\unbzip2-stream\lib\bzip2.js,0,226
292,ReturnStatement,nan,1,-1,-1,362,4,362,21,packages\unbzip2-stream\lib\bzip2.js,0,227
293,FunctionExpression,nan,-1,1,1,113,11,130,5,packages\unbzip2-stream\lib\bzip2.js,0,228
294,UnaryExpression,nan,1,-1,-1,143,12,143,16,packages\unbzip2-stream\lib\bzip2.js,0,229
295,BlockStatement,nan,-1,-1,-1,141,7,143,5,packages\unbzip2-stream\lib\bzip2.js,0,230
296,AssignmentExpression,nan,-1,-1,-1,147,4,147,40,packages\unbzip2-stream\lib\bzip2.js,0,231
297,AssignmentExpression,nan,-1,-1,-1,148,4,148,40,packages\unbzip2-stream\lib\bzip2.js,0,232
298,AssignmentExpression,nan,-1,-1,-1,149,4,149,40,packages\unbzip2-stream\lib\bzip2.js,0,233
299,AssignmentExpression,nan,-1,-1,-1,150,4,150,43,packages\unbzip2-stream\lib\bzip2.js,0,234
303,LogicalExpression,nan,-1,-1,-1,155,8,155,22,packages\unbzip2-stream\lib\bzip2.js,0,235
304,Identifier,i,-1,-1,-1,156,11,156,12,packages\unbzip2-stream\lib\bzip2.js,0,236
307,BlockStatement,nan,-1,-1,-1,172,29,178,5,packages\unbzip2-stream\lib\bzip2.js,0,237
312,CallExpression,nan,1,-1,-1,181,8,181,15,packages\unbzip2-stream\lib\bzip2.js,0,238
316,BlockStatement,nan,-1,-1,-1,186,29,195,5,packages\unbzip2-stream\lib\bzip2.js,0,239
318,LogicalExpression,nan,-1,-1,-1,198,8,198,40,packages\unbzip2-stream\lib\bzip2.js,0,240
324,BlockStatement,nan,-1,-1,-1,203,40,211,5,packages\unbzip2-stream\lib\bzip2.js,0,241
326,BlockStatement,nan,-1,-1,-1,220,40,261,5,packages\unbzip2-stream\lib\bzip2.js,0,242
328,BlockStatement,nan,-1,-1,-1,263,33,266,5,packages\unbzip2-stream\lib\bzip2.js,0,243
329,AssignmentExpression,nan,-1,-1,-1,268,4,268,44,packages\unbzip2-stream\lib\bzip2.js,0,244
331,BlockStatement,nan,-1,-1,-1,269,16,316,5,packages\unbzip2-stream\lib\bzip2.js,0,245
333,LogicalExpression,nan,-1,-1,-1,317,8,317,39,packages\unbzip2-stream\lib\bzip2.js,0,246
335,BlockStatement,nan,-1,-1,-1,319,33,323,5,packages\unbzip2-stream\lib\bzip2.js,0,247
337,BlockStatement,nan,-1,-1,-1,324,35,328,5,packages\unbzip2-stream\lib\bzip2.js,0,248
338,BlockStatement,nan,-1,-1,-1,330,15,335,5,packages\unbzip2-stream\lib\bzip2.js,0,249
339,Identifier,count,-1,-1,-1,330,8,330,13,packages\unbzip2-stream\lib\bzip2.js,0,250
340,AssignmentExpression,nan,-1,-1,-1,336,4,336,17,packages\unbzip2-stream\lib\bzip2.js,0,251
341,Identifier,count,-1,-1,-1,338,10,338,15,packages\unbzip2-stream\lib\bzip2.js,0,252
342,BlockStatement,nan,-1,-1,-1,338,17,357,5,packages\unbzip2-stream\lib\bzip2.js,0,253
343,AssignmentExpression,nan,-1,-1,-1,359,4,359,28,packages\unbzip2-stream\lib\bzip2.js,0,254
346,AssignmentExpression,nan,-1,-1,-1,361,4,361,76,packages\unbzip2-stream\lib\bzip2.js,0,255
347,Identifier,streamCRC,-1,-1,-1,362,11,362,20,packages\unbzip2-stream\lib\bzip2.js,0,256
348,Identifier,n,-1,-1,-1,113,20,113,21,packages\unbzip2-stream\lib\bzip2.js,0,257
350,BlockStatement,nan,-1,-1,-1,113,23,130,5,packages\unbzip2-stream\lib\bzip2.js,0,258
351,Identifier,ret,-1,-1,-1,143,13,143,16,packages\unbzip2-stream\lib\bzip2.js,0,259
353,MemberExpression,nan,-1,-1,-1,147,4,147,18,packages\unbzip2-stream\lib\bzip2.js,0,260
354,NewExpression,nan,1,-1,-1,147,21,147,40,packages\unbzip2-stream\lib\bzip2.js,0,261
355,MemberExpression,nan,-1,-1,-1,148,4,148,18,packages\unbzip2-stream\lib\bzip2.js,0,262
356,NewExpression,nan,1,-1,-1,148,21,148,40,packages\unbzip2-stream\lib\bzip2.js,0,263
357,MemberExpression,nan,-1,-1,-1,149,4,149,18,packages\unbzip2-stream\lib\bzip2.js,0,264
358,NewExpression,nan,1,-1,-1,149,21,149,40,packages\unbzip2-stream\lib\bzip2.js,0,265
359,MemberExpression,nan,-1,-1,-1,150,4,150,18,packages\unbzip2-stream\lib\bzip2.js,0,266
360,NewExpression,nan,1,-1,-1,150,21,150,43,packages\unbzip2-stream\lib\bzip2.js,0,267
361,CallExpression,nan,1,-1,-1,152,30,152,68,packages\unbzip2-stream\lib\bzip2.js,0,268
362,CallExpression,nan,1,-1,-1,152,8,152,17,packages\unbzip2-stream\lib\bzip2.js,0,269
364,CallExpression,nan,1,-1,-1,155,24,155,59,packages\unbzip2-stream\lib\bzip2.js,0,270
367,Identifier,i,-1,-1,-1,171,27,171,28,packages\unbzip2-stream\lib\bzip2.js,0,271
369,AssignmentExpression,nan,-1,-1,-1,171,39,171,64,packages\unbzip2-stream\lib\bzip2.js,0,272
370,VariableDeclaration,nan,-1,-1,-1,173,6,173,32,packages\unbzip2-stream\lib\bzip2.js,0,273
371,IfStatement,nan,-1,-1,-1,174,6,174,86,packages\unbzip2-stream\lib\bzip2.js,0,274
373,ReturnStatement,nan,1,-1,-1,177,6,177,18,packages\unbzip2-stream\lib\bzip2.js,0,275
374,Identifier,h,-1,-1,-1,172,8,172,9,packages\unbzip2-stream\lib\bzip2.js,0,276
376,CallExpression,nan,1,-1,-1,179,29,179,69,packages\unbzip2-stream\lib\bzip2.js,0,277
377,Identifier,h,-1,-1,-1,179,8,179,9,packages\unbzip2-stream\lib\bzip2.js,0,278
379,CallExpression,nan,1,-1,-1,181,17,181,62,packages\unbzip2-stream\lib\bzip2.js,0,279
381,Identifier,bits,-1,-1,-1,181,8,181,12,packages\unbzip2-stream\lib\bzip2.js,0,280
382,CallExpression,nan,1,-1,-1,183,27,183,84,packages\unbzip2-stream\lib\bzip2.js,0,281
383,Identifier,origPtr,-1,-1,-1,183,8,183,15,packages\unbzip2-stream\lib\bzip2.js,0,282
384,Identifier,bufsize,-1,-1,-1,183,18,183,25,packages\unbzip2-stream\lib\bzip2.js,0,283
385,Identifier,i,-1,-1,-1,186,16,186,17,packages\unbzip2-stream\lib\bzip2.js,0,284
387,IfStatement,nan,-1,-1,-1,187,8,194,9,packages\unbzip2-stream\lib\bzip2.js,0,285
388,CallExpression,nan,1,-1,-1,198,42,198,72,packages\unbzip2-stream\lib\bzip2.js,0,286
391,CallExpression,nan,1,-1,-1,200,25,200,45,packages\unbzip2-stream\lib\bzip2.js,0,287
392,Identifier,nSelectors,-1,-1,-1,200,8,200,18,packages\unbzip2-stream\lib\bzip2.js,0,288
394,Identifier,i,-1,-1,-1,201,19,201,20,packages\unbzip2-stream\lib\bzip2.js,0,289
395,Identifier,groupCount,-1,-1,-1,201,23,201,33,packages\unbzip2-stream\lib\bzip2.js,0,290
396,AssignmentExpression,nan,-1,-1,-1,201,40,201,61,packages\unbzip2-stream\lib\bzip2.js,0,291
397,Identifier,i,-1,-1,-1,203,19,203,20,packages\unbzip2-stream\lib\bzip2.js,0,292
398,Identifier,nSelectors,-1,-1,-1,203,23,203,33,packages\unbzip2-stream\lib\bzip2.js,0,293
399,ForStatement,nan,-1,-1,-1,204,8,204,96,packages\unbzip2-stream\lib\bzip2.js,0,294
400,VariableDeclaration,nan,-1,-1,-1,205,8,205,35,packages\unbzip2-stream\lib\bzip2.js,0,295
401,ForStatement,nan,-1,-1,-1,206,8,208,9,packages\unbzip2-stream\lib\bzip2.js,0,296
404,Identifier,j,-1,-1,-1,220,19,220,20,packages\unbzip2-stream\lib\bzip2.js,0,297
405,Identifier,groupCount,-1,-1,-1,220,23,220,33,packages\unbzip2-stream\lib\bzip2.js,0,298
407,ForStatement,nan,-1,-1,-1,222,8,230,9,packages\unbzip2-stream\lib\bzip2.js,0,299
408,VariableDeclaration,nan,-1,-1,-1,231,8,231,29,packages\unbzip2-stream\lib\bzip2.js,0,300
410,ForStatement,nan,-1,-1,-1,233,8,236,9,packages\unbzip2-stream\lib\bzip2.js,0,301
417,VariableDeclaration,nan,-1,-1,-1,244,8,244,33,packages\unbzip2-stream\lib\bzip2.js,0,302
418,VariableDeclaration,nan,-1,-1,-1,245,8,245,35,packages\unbzip2-stream\lib\bzip2.js,0,303
419,VariableDeclaration,nan,-1,-1,-1,246,8,246,19,packages\unbzip2-stream\lib\bzip2.js,0,304
420,ForStatement,nan,-1,-1,-1,247,8,249,55,packages\unbzip2-stream\lib\bzip2.js,0,305
421,ForStatement,nan,-1,-1,-1,250,8,250,65,packages\unbzip2-stream\lib\bzip2.js,0,306
422,ForStatement,nan,-1,-1,-1,251,8,251,56,packages\unbzip2-stream\lib\bzip2.js,0,307
424,ForStatement,nan,-1,-1,-1,253,8,258,9,packages\unbzip2-stream\lib\bzip2.js,0,308
427,Identifier,i,-1,-1,-1,263,19,263,20,packages\unbzip2-stream\lib\bzip2.js,0,309
431,Identifier,runPos,-1,-1,-1,268,4,268,10,packages\unbzip2-stream\lib\bzip2.js,0,310
432,AssignmentExpression,nan,-1,-1,-1,268,13,268,44,packages\unbzip2-stream\lib\bzip2.js,0,311
433,IfStatement,nan,-1,-1,-1,270,8,276,9,packages\unbzip2-stream\lib\bzip2.js,0,312
436,WhileStatement,nan,-1,-1,-1,279,8,284,9,packages\unbzip2-stream\lib\bzip2.js,0,313
438,IfStatement,nan,-1,-1,-1,286,8,286,70,packages\unbzip2-stream\lib\bzip2.js,0,314
439,VariableDeclaration,nan,-1,-1,-1,287,8,287,42,packages\unbzip2-stream\lib\bzip2.js,0,315
440,IfStatement,nan,-1,-1,-1,288,8,297,9,packages\unbzip2-stream\lib\bzip2.js,0,316
441,IfStatement,nan,-1,-1,-1,298,8,304,9,packages\unbzip2-stream\lib\bzip2.js,0,317
442,IfStatement,nan,-1,-1,-1,305,8,305,38,packages\unbzip2-stream\lib\bzip2.js,0,318
443,IfStatement,nan,-1,-1,-1,306,8,306,80,packages\unbzip2-stream\lib\bzip2.js,0,319
446,ForStatement,nan,-1,-1,-1,309,8,311,9,packages\unbzip2-stream\lib\bzip2.js,0,320
451,CallExpression,nan,1,-1,-1,317,41,317,120,packages\unbzip2-stream\lib\bzip2.js,0,321
454,Identifier,i,-1,-1,-1,319,19,319,20,packages\unbzip2-stream\lib\bzip2.js,0,322
459,Identifier,i,-1,-1,-1,324,19,324,20,packages\unbzip2-stream\lib\bzip2.js,0,323
460,Identifier,count,-1,-1,-1,324,23,324,28,packages\unbzip2-stream\lib\bzip2.js,0,324
468,Identifier,count,-1,-1,-1,336,4,336,9,packages\unbzip2-stream\lib\bzip2.js,0,325
469,Identifier,count,-1,-1,-1,336,12,336,17,packages\unbzip2-stream\lib\bzip2.js,0,326
475,IfStatement,nan,-1,-1,-1,344,8,351,9,packages\unbzip2-stream\lib\bzip2.js,0,327
476,WhileStatement,nan,-1,-1,-1,352,8,355,9,packages\unbzip2-stream\lib\bzip2.js,0,328
477,IfStatement,nan,-1,-1,-1,356,8,356,41,packages\unbzip2-stream\lib\bzip2.js,0,329
478,Identifier,crc,-1,-1,-1,359,4,359,7,packages\unbzip2-stream\lib\bzip2.js,0,330
480,CallExpression,nan,1,-1,-1,360,33,360,84,packages\unbzip2-stream\lib\bzip2.js,0,331
483,Identifier,streamCRC,-1,-1,-1,361,4,361,13,packages\unbzip2-stream\lib\bzip2.js,0,332
485,VariableDeclaration,nan,-1,-1,-1,114,8,114,23,packages\unbzip2-stream\lib\bzip2.js,0,333
486,WhileStatement,nan,-1,-1,-1,115,8,128,9,packages\unbzip2-stream\lib\bzip2.js,0,334
487,ReturnStatement,nan,1,-1,-1,129,8,129,22,packages\unbzip2-stream\lib\bzip2.js,0,335
488,AssignmentExpression,nan,-1,-1,-1,142,8,142,58,packages\unbzip2-stream\lib\bzip2.js,0,336
490,Identifier,Int32Array,-1,-1,-1,147,25,147,35,packages\unbzip2-stream\lib\bzip2.js,0,337
492,Identifier,Uint8Array,-1,-1,-1,148,25,148,35,packages\unbzip2-stream\lib\bzip2.js,0,338
494,Identifier,Int32Array,-1,-1,-1,149,25,149,35,packages\unbzip2-stream\lib\bzip2.js,0,339
496,Identifier,Uint8Array,-1,-1,-1,150,25,150,35,packages\unbzip2-stream\lib\bzip2.js,0,340
498,MemberExpression,nan,-1,-1,-1,152,30,152,43,packages\unbzip2-stream\lib\bzip2.js,0,341
500,Identifier,bits,-1,-1,-1,152,8,152,12,packages\unbzip2-stream\lib\bzip2.js,0,342
502,MemberExpression,nan,-1,-1,-1,155,24,155,37,packages\unbzip2-stream\lib\bzip2.js,0,343
503,Identifier,i,-1,-1,-1,155,8,155,9,packages\unbzip2-stream\lib\bzip2.js,0,344
505,Identifier,i,-1,-1,-1,155,17,155,18,packages\unbzip2-stream\lib\bzip2.js,0,345
507,Identifier,h,-1,-1,-1,171,39,171,40,packages\unbzip2-stream\lib\bzip2.js,0,346
508,CallExpression,nan,1,-1,-1,171,44,171,64,packages\unbzip2-stream\lib\bzip2.js,0,347
511,CallExpression,nan,1,-1,-1,176,6,176,16,packages\unbzip2-stream\lib\bzip2.js,0,348
514,MemberExpression,nan,-1,-1,-1,179,29,179,42,packages\unbzip2-stream\lib\bzip2.js,0,349
516,MemberExpression,nan,-1,-1,-1,181,17,181,30,packages\unbzip2-stream\lib\bzip2.js,0,350
518,MemberExpression,nan,-1,-1,-1,183,27,183,40,packages\unbzip2-stream\lib\bzip2.js,0,351
519,BlockStatement,nan,-1,-1,-1,187,33,194,9,packages\unbzip2-stream\lib\bzip2.js,0,352
522,MemberExpression,nan,-1,-1,-1,198,42,198,55,packages\unbzip2-stream\lib\bzip2.js,0,353
523,Identifier,groupCount,-1,-1,-1,198,8,198,18,packages\unbzip2-stream\lib\bzip2.js,0,354
525,Identifier,groupCount,-1,-1,-1,198,26,198,36,packages\unbzip2-stream\lib\bzip2.js,0,355
528,MemberExpression,nan,-1,-1,-1,200,25,200,38,packages\unbzip2-stream\lib\bzip2.js,0,356
529,MemberExpression,nan,-1,-1,-1,201,40,201,57,packages\unbzip2-stream\lib\bzip2.js,0,357
530,Identifier,i,-1,-1,-1,201,60,201,61,packages\unbzip2-stream\lib\bzip2.js,0,358
531,CallExpression,nan,1,-1,-1,204,23,204,30,packages\unbzip2-stream\lib\bzip2.js,0,359
532,IfStatement,nan,-1,-1,-1,204,37,204,96,packages\unbzip2-stream\lib\bzip2.js,0,360
534,BlockStatement,nan,-1,-1,-1,206,36,208,9,packages\unbzip2-stream\lib\bzip2.js,0,361
535,AssignmentExpression,nan,-1,-1,-1,209,8,209,30,packages\unbzip2-stream\lib\bzip2.js,0,362
536,AssignmentExpression,nan,-1,-1,-1,210,8,210,30,packages\unbzip2-stream\lib\bzip2.js,0,363
537,AssignmentExpression,nan,-1,-1,-1,221,8,221,19,packages\unbzip2-stream\lib\bzip2.js,0,364
539,BlockStatement,nan,-1,-1,-1,222,42,230,9,packages\unbzip2-stream\lib\bzip2.js,0,365
540,AssignmentExpression,nan,-1,-1,-1,232,8,232,35,packages\unbzip2-stream\lib\bzip2.js,0,366
542,BlockStatement,nan,-1,-1,-1,233,42,236,9,packages\unbzip2-stream\lib\bzip2.js,0,367
543,AssignmentExpression,nan,-1,-1,-1,237,8,237,33,packages\unbzip2-stream\lib\bzip2.js,0,368
544,AssignmentExpression,nan,-1,-1,-1,238,8,238,54,packages\unbzip2-stream\lib\bzip2.js,0,369
545,AssignmentExpression,nan,-1,-1,-1,239,8,239,61,packages\unbzip2-stream\lib\bzip2.js,0,370
546,AssignmentExpression,nan,-1,-1,-1,240,8,240,60,packages\unbzip2-stream\lib\bzip2.js,0,371
547,AssignmentExpression,nan,-1,-1,-1,242,8,242,32,packages\unbzip2-stream\lib\bzip2.js,0,372
548,AssignmentExpression,nan,-1,-1,-1,243,8,243,32,packages\unbzip2-stream\lib\bzip2.js,0,373
550,ForStatement,nan,-1,-1,-1,248,8,249,55,packages\unbzip2-stream\lib\bzip2.js,0,374
555,AssignmentExpression,nan,-1,-1,-1,252,8,252,18,packages\unbzip2-stream\lib\bzip2.js,0,375
557,BlockStatement,nan,-1,-1,-1,253,41,258,9,packages\unbzip2-stream\lib\bzip2.js,0,376
558,AssignmentExpression,nan,-1,-1,-1,259,8,259,45,packages\unbzip2-stream\lib\bzip2.js,0,377
559,AssignmentExpression,nan,-1,-1,-1,260,8,260,24,packages\unbzip2-stream\lib\bzip2.js,0,378
560,AssignmentExpression,nan,-1,-1,-1,264,8,264,29,packages\unbzip2-stream\lib\bzip2.js,0,379
561,AssignmentExpression,nan,-1,-1,-1,265,8,265,29,packages\unbzip2-stream\lib\bzip2.js,0,380
562,Identifier,count,-1,-1,-1,268,13,268,18,packages\unbzip2-stream\lib\bzip2.js,0,381
563,AssignmentExpression,nan,-1,-1,-1,268,21,268,44,packages\unbzip2-stream\lib\bzip2.js,0,382
564,BlockStatement,nan,-1,-1,-1,270,27,276,9,packages\unbzip2-stream\lib\bzip2.js,0,383
565,UnaryExpression,nan,1,-1,-1,270,12,270,25,packages\unbzip2-stream\lib\bzip2.js,0,384
566,AssignmentExpression,nan,-1,-1,-1,277,8,277,27,packages\unbzip2-stream\lib\bzip2.js,0,385
567,AssignmentExpression,nan,-1,-1,-1,278,8,278,19,packages\unbzip2-stream\lib\bzip2.js,0,386
569,BlockStatement,nan,-1,-1,-1,279,20,284,9,packages\unbzip2-stream\lib\bzip2.js,0,387
570,AssignmentExpression,nan,-1,-1,-1,285,8,285,20,packages\unbzip2-stream\lib\bzip2.js,0,388
572,LogicalExpression,nan,-1,-1,-1,286,12,286,37,packages\unbzip2-stream\lib\bzip2.js,0,389
573,BlockStatement,nan,-1,-1,-1,288,62,297,9,packages\unbzip2-stream\lib\bzip2.js,0,390
574,LogicalExpression,nan,-1,-1,-1,288,12,288,60,packages\unbzip2-stream\lib\bzip2.js,0,391
575,BlockStatement,nan,-1,-1,-1,298,20,304,9,packages\unbzip2-stream\lib\bzip2.js,0,392
576,Identifier,runPos,-1,-1,-1,298,12,298,18,packages\unbzip2-stream\lib\bzip2.js,0,393
577,BreakStatement,nan,-1,-1,-1,305,32,305,38,packages\unbzip2-stream\lib\bzip2.js,0,394
581,AssignmentExpression,nan,-1,-1,-1,307,8,307,23,packages\unbzip2-stream\lib\bzip2.js,0,395
582,AssignmentExpression,nan,-1,-1,-1,308,8,308,30,packages\unbzip2-stream\lib\bzip2.js,0,396
584,BlockStatement,nan,-1,-1,-1,309,36,311,9,packages\unbzip2-stream\lib\bzip2.js,0,397
585,AssignmentExpression,nan,-1,-1,-1,312,8,312,30,packages\unbzip2-stream\lib\bzip2.js,0,398
586,AssignmentExpression,nan,-1,-1,-1,313,8,313,31,packages\unbzip2-stream\lib\bzip2.js,0,399
587,UpdateExpression,nan,1,-1,-1,314,8,314,28,packages\unbzip2-stream\lib\bzip2.js,0,400
588,AssignmentExpression,nan,-1,-1,-1,315,8,315,25,packages\unbzip2-stream\lib\bzip2.js,0,401
590,MemberExpression,nan,-1,-1,-1,317,41,317,54,packages\unbzip2-stream\lib\bzip2.js,0,402
591,Identifier,origPtr,-1,-1,-1,317,8,317,15,packages\unbzip2-stream\lib\bzip2.js,0,403
593,Identifier,origPtr,-1,-1,-1,317,23,317,30,packages\unbzip2-stream\lib\bzip2.js,0,404
594,Identifier,count,-1,-1,-1,317,34,317,39,packages\unbzip2-stream\lib\bzip2.js,0,405
595,AssignmentExpression,nan,-1,-1,-1,320,8,320,33,packages\unbzip2-stream\lib\bzip2.js,0,406
596,AssignmentExpression,nan,-1,-1,-1,321,8,321,29,packages\unbzip2-stream\lib\bzip2.js,0,407
597,AssignmentExpression,nan,-1,-1,-1,322,8,322,13,packages\unbzip2-stream\lib\bzip2.js,0,408
598,AssignmentExpression,nan,-1,-1,-1,325,8,325,26,packages\unbzip2-stream\lib\bzip2.js,0,409
599,AssignmentExpression,nan,-1,-1,-1,326,8,326,43,packages\unbzip2-stream\lib\bzip2.js,0,410
600,UpdateExpression,nan,1,-1,-1,327,8,327,28,packages\unbzip2-stream\lib\bzip2.js,0,411
601,AssignmentExpression,nan,-1,-1,-1,331,8,331,26,packages\unbzip2-stream\lib\bzip2.js,0,412
602,AssignmentExpression,nan,-1,-1,-1,332,8,332,30,packages\unbzip2-stream\lib\bzip2.js,0,413
603,AssignmentExpression,nan,-1,-1,-1,333,8,333,17,packages\unbzip2-stream\lib\bzip2.js,0,414
604,AssignmentExpression,nan,-1,-1,-1,334,8,334,16,packages\unbzip2-stream\lib\bzip2.js,0,415
605,UpdateExpression,nan,1,-1,-1,339,8,339,15,packages\unbzip2-stream\lib\bzip2.js,0,416
606,AssignmentExpression,nan,-1,-1,-1,340,8,340,26,packages\unbzip2-stream\lib\bzip2.js,0,417
607,AssignmentExpression,nan,-1,-1,-1,341,8,341,22,packages\unbzip2-stream\lib\bzip2.js,0,418
608,AssignmentExpression,nan,-1,-1,-1,342,8,342,28,packages\unbzip2-stream\lib\bzip2.js,0,419
609,AssignmentExpression,nan,-1,-1,-1,343,8,343,17,packages\unbzip2-stream\lib\bzip2.js,0,420
610,BlockStatement,nan,-1,-1,-1,344,24,348,9,packages\unbzip2-stream\lib\bzip2.js,0,421
612,UpdateExpression,nan,1,-1,-1,352,14,352,22,packages\unbzip2-stream\lib\bzip2.js,0,422
613,BlockStatement,nan,-1,-1,-1,352,24,355,9,packages\unbzip2-stream\lib\bzip2.js,0,423
619,MemberExpression,nan,-1,-1,-1,360,33,360,46,packages\unbzip2-stream\lib\bzip2.js,0,424
620,Identifier,crc,-1,-1,-1,360,9,360,12,packages\unbzip2-stream\lib\bzip2.js,0,425
622,Identifier,crcblock,-1,-1,-1,360,20,360,28,packages\unbzip2-stream\lib\bzip2.js,0,426
627,BlockStatement,nan,-1,-1,-1,115,21,128,9,packages\unbzip2-stream\lib\bzip2.js,0,427
628,Identifier,result,-1,-1,-1,129,15,129,21,packages\unbzip2-stream\lib\bzip2.js,0,428
629,Identifier,ret,-1,-1,-1,142,8,142,11,packages\unbzip2-stream\lib\bzip2.js,0,429
630,CallExpression,nan,4,-1,-1,142,14,142,58,packages\unbzip2-stream\lib\bzip2.js,0,430
634,MemberExpression,nan,-1,-1,-1,171,44,171,60,packages\unbzip2-stream\lib\bzip2.js,0,431
635,CallExpression,nan,1,-1,-1,174,34,174,85,packages\unbzip2-stream\lib\bzip2.js,0,432
636,Identifier,finalCRC,-1,-1,-1,174,10,174,18,packages\unbzip2-stream\lib\bzip2.js,0,433
637,Identifier,streamCRC,-1,-1,-1,174,23,174,32,packages\unbzip2-stream\lib\bzip2.js,0,434
639,Identifier,bits,-1,-1,-1,176,6,176,10,packages\unbzip2-stream\lib\bzip2.js,0,435
640,VariableDeclaration,nan,-1,-1,-1,188,12,188,29,packages\unbzip2-stream\lib\bzip2.js,0,436
641,ForStatement,nan,-1,-1,-1,189,12,193,13,packages\unbzip2-stream\lib\bzip2.js,0,437
642,Identifier,t,-1,-1,-1,187,12,187,13,packages\unbzip2-stream\lib\bzip2.js,0,438
645,Identifier,bits,-1,-1,-1,204,23,204,27,packages\unbzip2-stream\lib\bzip2.js,0,439
648,Identifier,k,-1,-1,-1,206,25,206,26,packages\unbzip2-stream\lib\bzip2.js,0,440
651,MemberExpression,nan,-1,-1,-1,209,8,209,25,packages\unbzip2-stream\lib\bzip2.js,0,441
652,Identifier,uc,-1,-1,-1,209,28,209,30,packages\unbzip2-stream\lib\bzip2.js,0,442
653,MemberExpression,nan,-1,-1,-1,210,8,210,25,packages\unbzip2-stream\lib\bzip2.js,0,443
654,Identifier,uc,-1,-1,-1,210,28,210,30,packages\unbzip2-stream\lib\bzip2.js,0,444
655,Identifier,t,-1,-1,-1,221,8,221,9,packages\unbzip2-stream\lib\bzip2.js,0,445
656,CallExpression,nan,1,-1,-1,221,12,221,19,packages\unbzip2-stream\lib\bzip2.js,0,446
657,Identifier,i,-1,-1,-1,222,23,222,24,packages\unbzip2-stream\lib\bzip2.js,0,447
658,Identifier,symCount,-1,-1,-1,222,27,222,35,packages\unbzip2-stream\lib\bzip2.js,0,448
659,WhileStatement,nan,-1,-1,-1,223,12,228,13,packages\unbzip2-stream\lib\bzip2.js,0,449
661,Identifier,minLen,-1,-1,-1,232,8,232,14,packages\unbzip2-stream\lib\bzip2.js,0,450
662,AssignmentExpression,nan,-1,-1,-1,232,17,232,35,packages\unbzip2-stream\lib\bzip2.js,0,451
663,Identifier,i,-1,-1,-1,233,23,233,24,packages\unbzip2-stream\lib\bzip2.js,0,452
664,Identifier,symCount,-1,-1,-1,233,27,233,35,packages\unbzip2-stream\lib\bzip2.js,0,453
665,IfStatement,nan,-1,-1,-1,234,12,235,60,packages\unbzip2-stream\lib\bzip2.js,0,454
666,Identifier,hufGroup,-1,-1,-1,237,8,237,16,packages\unbzip2-stream\lib\bzip2.js,0,455
667,AssignmentExpression,nan,-1,-1,-1,237,19,237,33,packages\unbzip2-stream\lib\bzip2.js,0,456
668,MemberExpression,nan,-1,-1,-1,238,8,238,24,packages\unbzip2-stream\lib\bzip2.js,0,457
669,NewExpression,nan,1,-1,-1,238,27,238,54,packages\unbzip2-stream\lib\bzip2.js,0,458
670,MemberExpression,nan,-1,-1,-1,239,8,239,22,packages\unbzip2-stream\lib\bzip2.js,0,459
671,NewExpression,nan,1,-1,-1,239,25,239,61,packages\unbzip2-stream\lib\bzip2.js,0,460
672,MemberExpression,nan,-1,-1,-1,240,8,240,21,packages\unbzip2-stream\lib\bzip2.js,0,461
673,NewExpression,nan,1,-1,-1,240,24,240,60,packages\unbzip2-stream\lib\bzip2.js,0,462
674,MemberExpression,nan,-1,-1,-1,242,8,242,23,packages\unbzip2-stream\lib\bzip2.js,0,463
675,Identifier,minLen,-1,-1,-1,242,26,242,32,packages\unbzip2-stream\lib\bzip2.js,0,464
676,MemberExpression,nan,-1,-1,-1,243,8,243,23,packages\unbzip2-stream\lib\bzip2.js,0,465
677,Identifier,maxLen,-1,-1,-1,243,26,243,32,packages\unbzip2-stream\lib\bzip2.js,0,466
678,Identifier,i,-1,-1,-1,247,28,247,29,packages\unbzip2-stream\lib\bzip2.js,0,467
679,Identifier,maxLen,-1,-1,-1,247,33,247,39,packages\unbzip2-stream\lib\bzip2.js,0,468
681,IfStatement,nan,-1,-1,-1,249,8,249,55,packages\unbzip2-stream\lib\bzip2.js,0,469
682,Identifier,i,-1,-1,-1,250,24,250,25,packages\unbzip2-stream\lib\bzip2.js,0,470
683,Identifier,maxLen,-1,-1,-1,250,29,250,35,packages\unbzip2-stream\lib\bzip2.js,0,471
684,AssignmentExpression,nan,-1,-1,-1,250,42,250,64,packages\unbzip2-stream\lib\bzip2.js,0,472
685,Identifier,i,-1,-1,-1,251,19,251,20,packages\unbzip2-stream\lib\bzip2.js,0,473
686,Identifier,symCount,-1,-1,-1,251,23,251,31,packages\unbzip2-stream\lib\bzip2.js,0,474
687,UpdateExpression,nan,1,-1,-1,251,38,251,55,packages\unbzip2-stream\lib\bzip2.js,0,475
688,Identifier,pp,-1,-1,-1,252,8,252,10,packages\unbzip2-stream\lib\bzip2.js,0,476
689,AssignmentExpression,nan,-1,-1,-1,252,13,252,18,packages\unbzip2-stream\lib\bzip2.js,0,477
690,Identifier,i,-1,-1,-1,253,24,253,25,packages\unbzip2-stream\lib\bzip2.js,0,478
691,Identifier,maxLen,-1,-1,-1,253,28,253,34,packages\unbzip2-stream\lib\bzip2.js,0,479
696,MemberExpression,nan,-1,-1,-1,259,8,259,21,packages\unbzip2-stream\lib\bzip2.js,0,480
698,MemberExpression,nan,-1,-1,-1,260,8,260,20,packages\unbzip2-stream\lib\bzip2.js,0,481
700,MemberExpression,nan,-1,-1,-1,264,8,264,25,packages\unbzip2-stream\lib\bzip2.js,0,482
701,Identifier,i,-1,-1,-1,264,28,264,29,packages\unbzip2-stream\lib\bzip2.js,0,483
702,MemberExpression,nan,-1,-1,-1,265,8,265,25,packages\unbzip2-stream\lib\bzip2.js,0,484
704,Identifier,symCount,-1,-1,-1,268,21,268,29,packages\unbzip2-stream\lib\bzip2.js,0,485
705,AssignmentExpression,nan,-1,-1,-1,268,32,268,44,packages\unbzip2-stream\lib\bzip2.js,0,486
707,IfStatement,nan,-1,-1,-1,272,12,272,91,packages\unbzip2-stream\lib\bzip2.js,0,487
711,UpdateExpression,nan,1,-1,-1,270,14,270,24,packages\unbzip2-stream\lib\bzip2.js,0,488
712,Identifier,i,-1,-1,-1,277,8,277,9,packages\unbzip2-stream\lib\bzip2.js,0,489
713,MemberExpression,nan,-1,-1,-1,277,12,277,27,packages\unbzip2-stream\lib\bzip2.js,0,490
714,Identifier,j,-1,-1,-1,278,8,278,9,packages\unbzip2-stream\lib\bzip2.js,0,491
715,CallExpression,nan,1,-1,-1,278,12,278,19,packages\unbzip2-stream\lib\bzip2.js,0,492
716,IfStatement,nan,-1,-1,-1,280,12,280,74,packages\unbzip2-stream\lib\bzip2.js,0,493
717,IfStatement,nan,-1,-1,-1,281,12,281,37,packages\unbzip2-stream\lib\bzip2.js,0,494
720,Identifier,j,-1,-1,-1,285,8,285,9,packages\unbzip2-stream\lib\bzip2.js,0,495
721,MemberExpression,nan,-1,-1,-1,285,13,285,20,packages\unbzip2-stream\lib\bzip2.js,0,496
722,CallExpression,nan,1,-1,-1,286,39,286,69,packages\unbzip2-stream\lib\bzip2.js,0,497
725,IfStatement,nan,-1,-1,-1,289,12,292,13,packages\unbzip2-stream\lib\bzip2.js,0,498
726,IfStatement,nan,-1,-1,-1,293,12,294,33,packages\unbzip2-stream\lib\bzip2.js,0,499
728,ContinueStatement,nan,-1,-1,-1,296,12,296,21,packages\unbzip2-stream\lib\bzip2.js,0,500
732,IfStatement,nan,-1,-1,-1,300,12,300,60,packages\unbzip2-stream\lib\bzip2.js,0,501
735,WhileStatement,nan,-1,-1,-1,303,12,303,41,packages\unbzip2-stream\lib\bzip2.js,0,502
736,Identifier,nextSym,-1,-1,-1,305,12,305,19,packages\unbzip2-stream\lib\bzip2.js,0,503
737,Identifier,symTotal,-1,-1,-1,305,22,305,30,packages\unbzip2-stream\lib\bzip2.js,0,504
738,CallExpression,nan,1,-1,-1,306,30,306,79,packages\unbzip2-stream\lib\bzip2.js,0,505
739,Identifier,count,-1,-1,-1,306,12,306,17,packages\unbzip2-stream\lib\bzip2.js,0,506
740,Identifier,bufsize,-1,-1,-1,306,21,306,28,packages\unbzip2-stream\lib\bzip2.js,0,507
741,Identifier,i,-1,-1,-1,307,8,307,9,packages\unbzip2-stream\lib\bzip2.js,0,508
743,Identifier,uc,-1,-1,-1,308,8,308,10,packages\unbzip2-stream\lib\bzip2.js,0,509
744,MemberExpression,nan,-1,-1,-1,308,13,308,30,packages\unbzip2-stream\lib\bzip2.js,0,510
745,Identifier,k,-1,-1,-1,309,25,309,26,packages\unbzip2-stream\lib\bzip2.js,0,511
748,MemberExpression,nan,-1,-1,-1,312,8,312,25,packages\unbzip2-stream\lib\bzip2.js,0,512
749,Identifier,uc,-1,-1,-1,312,28,312,30,packages\unbzip2-stream\lib\bzip2.js,0,513
750,Identifier,uc,-1,-1,-1,313,8,313,10,packages\unbzip2-stream\lib\bzip2.js,0,514
751,MemberExpression,nan,-1,-1,-1,313,13,313,31,packages\unbzip2-stream\lib\bzip2.js,0,515
752,MemberExpression,nan,-1,-1,-1,314,8,314,26,packages\unbzip2-stream\lib\bzip2.js,0,516
753,MemberExpression,nan,-1,-1,-1,315,8,315,20,packages\unbzip2-stream\lib\bzip2.js,0,517
754,Identifier,uc,-1,-1,-1,315,23,315,25,packages\unbzip2-stream\lib\bzip2.js,0,518
755,Identifier,k,-1,-1,-1,320,8,320,9,packages\unbzip2-stream\lib\bzip2.js,0,519
757,MemberExpression,nan,-1,-1,-1,321,8,321,25,packages\unbzip2-stream\lib\bzip2.js,0,520
758,Identifier,j,-1,-1,-1,321,28,321,29,packages\unbzip2-stream\lib\bzip2.js,0,521
759,Identifier,j,-1,-1,-1,322,8,322,9,packages\unbzip2-stream\lib\bzip2.js,0,522
760,Identifier,k,-1,-1,-1,322,12,322,13,packages\unbzip2-stream\lib\bzip2.js,0,523
761,Identifier,uc,-1,-1,-1,325,8,325,10,packages\unbzip2-stream\lib\bzip2.js,0,524
763,MemberExpression,nan,-1,-1,-1,326,8,326,31,packages\unbzip2-stream\lib\bzip2.js,0,525
765,MemberExpression,nan,-1,-1,-1,327,8,327,26,packages\unbzip2-stream\lib\bzip2.js,0,526
766,Identifier,pos,-1,-1,-1,331,8,331,11,packages\unbzip2-stream\lib\bzip2.js,0,527
767,MemberExpression,nan,-1,-1,-1,331,14,331,26,packages\unbzip2-stream\lib\bzip2.js,0,528
768,Identifier,current,-1,-1,-1,332,8,332,15,packages\unbzip2-stream\lib\bzip2.js,0,529
770,Identifier,pos,-1,-1,-1,333,8,333,11,packages\unbzip2-stream\lib\bzip2.js,0,530
772,Identifier,run,-1,-1,-1,334,8,334,11,packages\unbzip2-stream\lib\bzip2.js,0,531
773,UnaryExpression,nan,1,-1,-1,334,14,334,16,packages\unbzip2-stream\lib\bzip2.js,0,532
774,Identifier,count,-1,-1,-1,339,8,339,13,packages\unbzip2-stream\lib\bzip2.js,0,533
775,Identifier,previous,-1,-1,-1,340,8,340,16,packages\unbzip2-stream\lib\bzip2.js,0,534
776,Identifier,current,-1,-1,-1,340,19,340,26,packages\unbzip2-stream\lib\bzip2.js,0,535
777,Identifier,pos,-1,-1,-1,341,8,341,11,packages\unbzip2-stream\lib\bzip2.js,0,536
778,MemberExpression,nan,-1,-1,-1,341,14,341,22,packages\unbzip2-stream\lib\bzip2.js,0,537
779,Identifier,current,-1,-1,-1,342,8,342,15,packages\unbzip2-stream\lib\bzip2.js,0,538
781,Identifier,pos,-1,-1,-1,343,8,343,11,packages\unbzip2-stream\lib\bzip2.js,0,539
786,UpdateExpression,nan,1,-1,-1,344,12,344,17,packages\unbzip2-stream\lib\bzip2.js,0,540
788,Identifier,copies,-1,-1,-1,352,14,352,20,packages\unbzip2-stream\lib\bzip2.js,0,541
791,AssignmentExpression,nan,-1,-1,-1,356,33,356,40,packages\unbzip2-stream\lib\bzip2.js,0,542
792,Identifier,current,-1,-1,-1,356,12,356,19,packages\unbzip2-stream\lib\bzip2.js,0,543
793,Identifier,previous,-1,-1,-1,356,23,356,31,packages\unbzip2-stream\lib\bzip2.js,0,544
794,Identifier,crc,-1,-1,-1,359,11,359,14,packages\unbzip2-stream\lib\bzip2.js,0,545
795,UnaryExpression,nan,1,-1,-1,359,18,359,20,packages\unbzip2-stream\lib\bzip2.js,0,546
796,Identifier,crc,-1,-1,-1,361,17,361,20,packages\unbzip2-stream\lib\bzip2.js,0,547
798,Identifier,n,-1,-1,-1,115,14,115,15,packages\unbzip2-stream\lib\bzip2.js,0,548
800,VariableDeclaration,nan,-1,-1,-1,116,12,116,31,packages\unbzip2-stream\lib\bzip2.js,0,549
801,IfStatement,nan,-1,-1,-1,117,12,127,13,packages\unbzip2-stream\lib\bzip2.js,0,550
802,Identifier,bits,-1,-1,-1,142,31,142,35,packages\unbzip2-stream\lib\bzip2.js,0,551
803,Identifier,stream,-1,-1,-1,142,37,142,43,packages\unbzip2-stream\lib\bzip2.js,0,552
804,Identifier,buf,-1,-1,-1,142,45,142,48,packages\unbzip2-stream\lib\bzip2.js,0,553
805,Identifier,bufsize,-1,-1,-1,142,50,142,57,packages\unbzip2-stream\lib\bzip2.js,0,554
806,MemberExpression,nan,-1,-1,-1,142,14,142,30,packages\unbzip2-stream\lib\bzip2.js,0,555
808,MemberExpression,nan,-1,-1,-1,174,34,174,47,packages\unbzip2-stream\lib\bzip2.js,0,556
810,BlockStatement,nan,-1,-1,-1,189,36,193,13,packages\unbzip2-stream\lib\bzip2.js,0,557
813,CallExpression,nan,1,-1,-1,204,58,204,95,packages\unbzip2-stream\lib\bzip2.js,0,558
814,Identifier,j,-1,-1,-1,204,41,204,42,packages\unbzip2-stream\lib\bzip2.js,0,559
815,Identifier,groupCount,-1,-1,-1,204,46,204,56,packages\unbzip2-stream\lib\bzip2.js,0,560
816,AssignmentExpression,nan,-1,-1,-1,207,12,207,51,packages\unbzip2-stream\lib\bzip2.js,0,561
818,Identifier,bits,-1,-1,-1,221,12,221,16,packages\unbzip2-stream\lib\bzip2.js,0,562
820,BlockStatement,nan,-1,-1,-1,223,23,228,13,packages\unbzip2-stream\lib\bzip2.js,0,563
821,AssignmentExpression,nan,-1,-1,-1,229,12,229,25,packages\unbzip2-stream\lib\bzip2.js,0,564
822,Identifier,maxLen,-1,-1,-1,232,17,232,23,packages\unbzip2-stream\lib\bzip2.js,0,565
823,MemberExpression,nan,-1,-1,-1,232,26,232,35,packages\unbzip2-stream\lib\bzip2.js,0,566
826,MemberExpression,nan,-1,-1,-1,237,19,237,28,packages\unbzip2-stream\lib\bzip2.js,0,567
827,ObjectExpression,nan,-1,-1,-1,237,31,237,33,packages\unbzip2-stream\lib\bzip2.js,0,568
828,Identifier,MAX_SYMBOLS,-1,-1,-1,238,42,238,53,packages\unbzip2-stream\lib\bzip2.js,0,569
829,Identifier,Int32Array,-1,-1,-1,238,31,238,41,packages\unbzip2-stream\lib\bzip2.js,0,570
831,Identifier,Int32Array,-1,-1,-1,239,29,239,39,packages\unbzip2-stream\lib\bzip2.js,0,571
833,Identifier,Int32Array,-1,-1,-1,240,28,240,38,packages\unbzip2-stream\lib\bzip2.js,0,572
834,Identifier,t,-1,-1,-1,248,23,248,24,packages\unbzip2-stream\lib\bzip2.js,0,573
835,Identifier,symCount,-1,-1,-1,248,27,248,35,packages\unbzip2-stream\lib\bzip2.js,0,574
838,MemberExpression,nan,-1,-1,-1,250,42,250,49,packages\unbzip2-stream\lib\bzip2.js,0,575
839,AssignmentExpression,nan,-1,-1,-1,250,52,250,64,packages\unbzip2-stream\lib\bzip2.js,0,576
840,MemberExpression,nan,-1,-1,-1,251,38,251,53,packages\unbzip2-stream\lib\bzip2.js,0,577
841,Identifier,t,-1,-1,-1,252,13,252,14,packages\unbzip2-stream\lib\bzip2.js,0,578
843,AssignmentExpression,nan,-1,-1,-1,254,12,254,25,packages\unbzip2-stream\lib\bzip2.js,0,579
844,AssignmentExpression,nan,-1,-1,-1,255,12,255,29,packages\unbzip2-stream\lib\bzip2.js,0,580
845,AssignmentExpression,nan,-1,-1,-1,256,12,256,20,packages\unbzip2-stream\lib\bzip2.js,0,581
846,AssignmentExpression,nan,-1,-1,-1,257,12,257,43,packages\unbzip2-stream\lib\bzip2.js,0,582
849,Identifier,selector,-1,-1,-1,268,32,268,40,packages\unbzip2-stream\lib\bzip2.js,0,583
851,AssignmentExpression,nan,-1,-1,-1,271,12,271,37,packages\unbzip2-stream\lib\bzip2.js,0,584
854,AssignmentExpression,nan,-1,-1,-1,273,12,273,57,packages\unbzip2-stream\lib\bzip2.js,0,585
855,AssignmentExpression,nan,-1,-1,-1,274,12,274,32,packages\unbzip2-stream\lib\bzip2.js,0,586
856,AssignmentExpression,nan,-1,-1,-1,275,12,275,34,packages\unbzip2-stream\lib\bzip2.js,0,587
857,Identifier,symCount,-1,-1,-1,270,14,270,22,packages\unbzip2-stream\lib\bzip2.js,0,588
858,Identifier,i,-1,-1,-1,278,17,278,18,packages\unbzip2-stream\lib\bzip2.js,0,589
859,Identifier,bits,-1,-1,-1,278,12,278,16,packages\unbzip2-stream\lib\bzip2.js,0,590
862,BreakStatement,nan,-1,-1,-1,281,31,281,37,packages\unbzip2-stream\lib\bzip2.js,0,591
864,UpdateExpression,nan,1,-1,-1,282,12,282,15,packages\unbzip2-stream\lib\bzip2.js,0,592
865,AssignmentExpression,nan,-1,-1,-1,283,12,283,34,packages\unbzip2-stream\lib\bzip2.js,0,593
867,MemberExpression,nan,-1,-1,-1,286,39,286,52,packages\unbzip2-stream\lib\bzip2.js,0,594
868,Identifier,j,-1,-1,-1,286,12,286,13,packages\unbzip2-stream\lib\bzip2.js,0,595
870,Identifier,j,-1,-1,-1,286,21,286,22,packages\unbzip2-stream\lib\bzip2.js,0,596
871,Identifier,MAX_SYMBOLS,-1,-1,-1,286,26,286,37,packages\unbzip2-stream\lib\bzip2.js,0,597
872,BlockStatement,nan,-1,-1,-1,289,24,292,13,packages\unbzip2-stream\lib\bzip2.js,0,598
873,UnaryExpression,nan,1,-1,-1,289,16,289,23,packages\unbzip2-stream\lib\bzip2.js,0,599
876,AssignmentExpression,nan,-1,-1,-1,295,12,295,24,packages\unbzip2-stream\lib\bzip2.js,0,600
877,Identifier,nextSym,-1,-1,-1,288,12,288,19,packages\unbzip2-stream\lib\bzip2.js,0,601
878,Identifier,SYMBOL_RUNA,-1,-1,-1,288,23,288,34,packages\unbzip2-stream\lib\bzip2.js,0,602
879,Identifier,nextSym,-1,-1,-1,288,38,288,45,packages\unbzip2-stream\lib\bzip2.js,0,603
880,Identifier,SYMBOL_RUNB,-1,-1,-1,288,49,288,60,packages\unbzip2-stream\lib\bzip2.js,0,604
881,AssignmentExpression,nan,-1,-1,-1,299,12,299,22,packages\unbzip2-stream\lib\bzip2.js,0,605
884,AssignmentExpression,nan,-1,-1,-1,301,12,301,50,packages\unbzip2-stream\lib\bzip2.js,0,606
885,AssignmentExpression,nan,-1,-1,-1,302,12,302,35,packages\unbzip2-stream\lib\bzip2.js,0,607
886,UpdateExpression,nan,1,-1,-1,303,18,303,21,packages\unbzip2-stream\lib\bzip2.js,0,608
889,MemberExpression,nan,-1,-1,-1,306,30,306,43,packages\unbzip2-stream\lib\bzip2.js,0,609
890,Identifier,nextSym,-1,-1,-1,307,12,307,19,packages\unbzip2-stream\lib\bzip2.js,0,610
892,AssignmentExpression,nan,-1,-1,-1,310,12,310,51,packages\unbzip2-stream\lib\bzip2.js,0,611
893,Identifier,j,-1,-1,-1,320,12,320,13,packages\unbzip2-stream\lib\bzip2.js,0,612
894,MemberExpression,nan,-1,-1,-1,320,16,320,33,packages\unbzip2-stream\lib\bzip2.js,0,613
895,MemberExpression,nan,-1,-1,-1,325,13,325,19,packages\unbzip2-stream\lib\bzip2.js,0,614
897,Identifier,i,-1,-1,-1,326,36,326,37,packages\unbzip2-stream\lib\bzip2.js,0,615
899,Identifier,pos,-1,-1,-1,332,19,332,22,packages\unbzip2-stream\lib\bzip2.js,0,616
902,Identifier,pos,-1,-1,-1,342,18,342,21,packages\unbzip2-stream\lib\bzip2.js,0,617
904,AssignmentExpression,nan,-1,-1,-1,345,12,345,28,packages\unbzip2-stream\lib\bzip2.js,0,618
905,AssignmentExpression,nan,-1,-1,-1,346,12,346,30,packages\unbzip2-stream\lib\bzip2.js,0,619
906,AssignmentExpression,nan,-1,-1,-1,347,12,347,24,packages\unbzip2-stream\lib\bzip2.js,0,620
907,Identifier,run,-1,-1,-1,344,12,344,15,packages\unbzip2-stream\lib\bzip2.js,0,621
908,AssignmentExpression,nan,-1,-1,-1,353,12,353,87,packages\unbzip2-stream\lib\bzip2.js,0,622
909,CallExpression,nan,1,-1,-1,354,12,354,27,packages\unbzip2-stream\lib\bzip2.js,0,623
910,Identifier,run,-1,-1,-1,356,33,356,36,packages\unbzip2-stream\lib\bzip2.js,0,624
915,BlockStatement,nan,-1,-1,-1,117,27,122,13,packages\unbzip2-stream\lib\bzip2.js,0,625
917,Identifier,j,-1,-1,-1,189,23,189,24,packages\unbzip2-stream\lib\bzip2.js,0,626
919,IfStatement,nan,-1,-1,-1,190,16,192,17,packages\unbzip2-stream\lib\bzip2.js,0,627
921,Identifier,i,-1,-1,-1,187,28,187,29,packages\unbzip2-stream\lib\bzip2.js,0,628
923,MemberExpression,nan,-1,-1,-1,204,58,204,71,packages\unbzip2-stream\lib\bzip2.js,0,629
924,MemberExpression,nan,-1,-1,-1,207,12,207,31,packages\unbzip2-stream\lib\bzip2.js,0,630
925,MemberExpression,nan,-1,-1,-1,207,34,207,51,packages\unbzip2-stream\lib\bzip2.js,0,631
926,IfStatement,nan,-1,-1,-1,224,16,224,116,packages\unbzip2-stream\lib\bzip2.js,0,632
927,IfStatement,nan,-1,-1,-1,225,16,225,36,packages\unbzip2-stream\lib\bzip2.js,0,633
928,IfStatement,nan,-1,-1,-1,226,16,227,25,packages\unbzip2-stream\lib\bzip2.js,0,634
929,MemberExpression,nan,-1,-1,-1,229,12,229,21,packages\unbzip2-stream\lib\bzip2.js,0,635
930,Identifier,t,-1,-1,-1,229,24,229,25,packages\unbzip2-stream\lib\bzip2.js,0,636
931,AssignmentExpression,nan,-1,-1,-1,234,36,234,54,packages\unbzip2-stream\lib\bzip2.js,0,637
932,MemberExpression,nan,-1,-1,-1,234,16,234,25,packages\unbzip2-stream\lib\bzip2.js,0,638
933,Identifier,maxLen,-1,-1,-1,234,28,234,34,packages\unbzip2-stream\lib\bzip2.js,0,639
934,Identifier,MAX_HUFCODE_BITS,-1,-1,-1,239,40,239,56,packages\unbzip2-stream\lib\bzip2.js,0,640
936,Identifier,MAX_HUFCODE_BITS,-1,-1,-1,240,39,240,55,packages\unbzip2-stream\lib\bzip2.js,0,641
938,AssignmentExpression,nan,-1,-1,-1,249,28,249,54,packages\unbzip2-stream\lib\bzip2.js,0,642
939,MemberExpression,nan,-1,-1,-1,249,12,249,21,packages\unbzip2-stream\lib\bzip2.js,0,643
940,Identifier,i,-1,-1,-1,249,25,249,26,packages\unbzip2-stream\lib\bzip2.js,0,644
941,MemberExpression,nan,-1,-1,-1,250,52,250,60,packages\unbzip2-stream\lib\bzip2.js,0,645
943,Identifier,pp,-1,-1,-1,254,12,254,14,packages\unbzip2-stream\lib\bzip2.js,0,646
944,MemberExpression,nan,-1,-1,-1,254,18,254,25,packages\unbzip2-stream\lib\bzip2.js,0,647
945,MemberExpression,nan,-1,-1,-1,255,12,255,20,packages\unbzip2-stream\lib\bzip2.js,0,648
947,Identifier,pp,-1,-1,-1,256,12,256,14,packages\unbzip2-stream\lib\bzip2.js,0,649
949,MemberExpression,nan,-1,-1,-1,257,12,257,21,packages\unbzip2-stream\lib\bzip2.js,0,650
951,Identifier,pp,-1,-1,-1,259,24,259,26,packages\unbzip2-stream\lib\bzip2.js,0,651
952,MemberExpression,nan,-1,-1,-1,259,29,259,41,packages\unbzip2-stream\lib\bzip2.js,0,652
953,Identifier,symCount,-1,-1,-1,271,12,271,20,packages\unbzip2-stream\lib\bzip2.js,0,653
955,CallExpression,nan,1,-1,-1,272,40,272,90,packages\unbzip2-stream\lib\bzip2.js,0,654
956,Identifier,selector,-1,-1,-1,272,16,272,24,packages\unbzip2-stream\lib\bzip2.js,0,655
957,Identifier,nSelectors,-1,-1,-1,272,28,272,38,packages\unbzip2-stream\lib\bzip2.js,0,656
958,Identifier,hufGroup,-1,-1,-1,273,12,273,20,packages\unbzip2-stream\lib\bzip2.js,0,657
959,MemberExpression,nan,-1,-1,-1,273,23,273,57,packages\unbzip2-stream\lib\bzip2.js,0,658
960,Identifier,base,-1,-1,-1,274,12,274,16,packages\unbzip2-stream\lib\bzip2.js,0,659
961,MemberExpression,nan,-1,-1,-1,274,19,274,32,packages\unbzip2-stream\lib\bzip2.js,0,660
962,Identifier,limit,-1,-1,-1,275,12,275,17,packages\unbzip2-stream\lib\bzip2.js,0,661
963,MemberExpression,nan,-1,-1,-1,275,20,275,34,packages\unbzip2-stream\lib\bzip2.js,0,662
964,CallExpression,nan,1,-1,-1,280,37,280,73,packages\unbzip2-stream\lib\bzip2.js,0,663
965,Identifier,i,-1,-1,-1,280,16,280,17,packages\unbzip2-stream\lib\bzip2.js,0,664
966,MemberExpression,nan,-1,-1,-1,280,20,280,35,packages\unbzip2-stream\lib\bzip2.js,0,665
967,Identifier,j,-1,-1,-1,281,16,281,17,packages\unbzip2-stream\lib\bzip2.js,0,666
968,MemberExpression,nan,-1,-1,-1,281,21,281,29,packages\unbzip2-stream\lib\bzip2.js,0,667
969,Identifier,i,-1,-1,-1,282,12,282,13,packages\unbzip2-stream\lib\bzip2.js,0,668
970,Identifier,j,-1,-1,-1,283,12,283,13,packages\unbzip2-stream\lib\bzip2.js,0,669
974,Identifier,runPos,-1,-1,-1,289,17,289,23,packages\unbzip2-stream\lib\bzip2.js,0,670
975,AssignmentExpression,nan,-1,-1,-1,293,40,293,51,packages\unbzip2-stream\lib\bzip2.js,0,671
976,Identifier,nextSym,-1,-1,-1,293,16,293,23,packages\unbzip2-stream\lib\bzip2.js,0,672
977,Identifier,SYMBOL_RUNA,-1,-1,-1,293,27,293,38,packages\unbzip2-stream\lib\bzip2.js,0,673
978,Identifier,runPos,-1,-1,-1,295,12,295,18,packages\unbzip2-stream\lib\bzip2.js,0,674
980,Identifier,runPos,-1,-1,-1,299,12,299,18,packages\unbzip2-stream\lib\bzip2.js,0,675
982,CallExpression,nan,1,-1,-1,300,37,300,59,packages\unbzip2-stream\lib\bzip2.js,0,676
984,Identifier,bufsize,-1,-1,-1,300,28,300,35,packages\unbzip2-stream\lib\bzip2.js,0,677
985,Identifier,uc,-1,-1,-1,301,12,301,14,packages\unbzip2-stream\lib\bzip2.js,0,678
986,MemberExpression,nan,-1,-1,-1,301,17,301,50,packages\unbzip2-stream\lib\bzip2.js,0,679
987,MemberExpression,nan,-1,-1,-1,302,12,302,30,packages\unbzip2-stream\lib\bzip2.js,0,680
988,Identifier,t,-1,-1,-1,302,34,302,35,packages\unbzip2-stream\lib\bzip2.js,0,681
989,Identifier,t,-1,-1,-1,303,18,303,19,packages\unbzip2-stream\lib\bzip2.js,0,682
990,AssignmentExpression,nan,-1,-1,-1,303,23,303,40,packages\unbzip2-stream\lib\bzip2.js,0,683
991,MemberExpression,nan,-1,-1,-1,310,12,310,31,packages\unbzip2-stream\lib\bzip2.js,0,684
992,MemberExpression,nan,-1,-1,-1,310,34,310,51,packages\unbzip2-stream\lib\bzip2.js,0,685
993,Identifier,copies,-1,-1,-1,345,12,345,18,packages\unbzip2-stream\lib\bzip2.js,0,686
994,Identifier,current,-1,-1,-1,345,21,345,28,packages\unbzip2-stream\lib\bzip2.js,0,687
995,Identifier,outbyte,-1,-1,-1,346,12,346,19,packages\unbzip2-stream\lib\bzip2.js,0,688
996,Identifier,previous,-1,-1,-1,346,22,346,30,packages\unbzip2-stream\lib\bzip2.js,0,689
997,Identifier,current,-1,-1,-1,347,12,347,19,packages\unbzip2-stream\lib\bzip2.js,0,690
998,UnaryExpression,nan,1,-1,-1,347,22,347,24,packages\unbzip2-stream\lib\bzip2.js,0,691
999,Identifier,crc,-1,-1,-1,353,12,353,15,packages\unbzip2-stream\lib\bzip2.js,0,692
1001,Identifier,outbyte,-1,-1,-1,354,19,354,26,packages\unbzip2-stream\lib\bzip2.js,0,693
1002,Identifier,stream,-1,-1,-1,354,12,354,18,packages\unbzip2-stream\lib\bzip2.js,0,694
1003,Identifier,streamCRC,-1,-1,-1,361,25,361,34,packages\unbzip2-stream\lib\bzip2.js,0,695
1005,Identifier,streamCRC,-1,-1,-1,361,44,361,53,packages\unbzip2-stream\lib\bzip2.js,0,696
1011,Identifier,n,-1,-1,-1,117,16,117,17,packages\unbzip2-stream\lib\bzip2.js,0,697
1012,Identifier,left,-1,-1,-1,117,21,117,25,packages\unbzip2-stream\lib\bzip2.js,0,698
1013,BlockStatement,nan,-1,-1,-1,190,41,192,17,packages\unbzip2-stream\lib\bzip2.js,0,699
1016,LogicalExpression,nan,-1,-1,-1,224,20,224,49,packages\unbzip2-stream\lib\bzip2.js,0,700
1017,BreakStatement,nan,-1,-1,-1,225,30,225,36,packages\unbzip2-stream\lib\bzip2.js,0,701
1018,UnaryExpression,nan,1,-1,-1,225,20,225,28,packages\unbzip2-stream\lib\bzip2.js,0,702
1020,UnaryExpression,nan,1,-1,-1,226,20,226,28,packages\unbzip2-stream\lib\bzip2.js,0,703
1021,Identifier,maxLen,-1,-1,-1,234,36,234,42,packages\unbzip2-stream\lib\bzip2.js,0,704
1022,MemberExpression,nan,-1,-1,-1,234,45,234,54,packages\unbzip2-stream\lib\bzip2.js,0,705
1023,MemberExpression,nan,-1,-1,-1,249,28,249,50,packages\unbzip2-stream\lib\bzip2.js,0,706
1024,Identifier,t,-1,-1,-1,249,53,249,54,packages\unbzip2-stream\lib\bzip2.js,0,707
1025,Identifier,pp,-1,-1,-1,255,23,255,25,packages\unbzip2-stream\lib\bzip2.js,0,708
1027,Identifier,pp,-1,-1,-1,257,24,257,26,packages\unbzip2-stream\lib\bzip2.js,0,709
1028,AssignmentExpression,nan,-1,-1,-1,257,30,257,42,packages\unbzip2-stream\lib\bzip2.js,0,710
1029,Identifier,GROUP_SIZE,-1,-1,-1,271,23,271,33,packages\unbzip2-stream\lib\bzip2.js,0,711
1032,MemberExpression,nan,-1,-1,-1,272,40,272,53,packages\unbzip2-stream\lib\bzip2.js,0,712
1034,MemberExpression,nan,-1,-1,-1,280,37,280,50,packages\unbzip2-stream\lib\bzip2.js,0,713
1036,CallExpression,nan,1,-1,-1,283,27,283,34,packages\unbzip2-stream\lib\bzip2.js,0,714
1037,AssignmentExpression,nan,-1,-1,-1,290,16,290,26,packages\unbzip2-stream\lib\bzip2.js,0,715
1038,AssignmentExpression,nan,-1,-1,-1,291,16,291,21,packages\unbzip2-stream\lib\bzip2.js,0,716
1039,Identifier,t,-1,-1,-1,293,40,293,41,packages\unbzip2-stream\lib\bzip2.js,0,717
1040,Identifier,runPos,-1,-1,-1,293,45,293,51,packages\unbzip2-stream\lib\bzip2.js,0,718
1042,MemberExpression,nan,-1,-1,-1,300,37,300,50,packages\unbzip2-stream\lib\bzip2.js,0,719
1043,Identifier,count,-1,-1,-1,300,16,300,21,packages\unbzip2-stream\lib\bzip2.js,0,720
1044,Identifier,t,-1,-1,-1,300,24,300,25,packages\unbzip2-stream\lib\bzip2.js,0,721
1045,MemberExpression,nan,-1,-1,-1,303,23,303,35,packages\unbzip2-stream\lib\bzip2.js,0,722
1046,Identifier,uc,-1,-1,-1,303,38,303,40,packages\unbzip2-stream\lib\bzip2.js,0,723
1050,AssignmentExpression,nan,-1,-1,-1,118,16,118,31,packages\unbzip2-stream\lib\bzip2.js,0,724
1051,AssignmentExpression,nan,-1,-1,-1,119,16,119,57,packages\unbzip2-stream\lib\bzip2.js,0,725
1052,AssignmentExpression,nan,-1,-1,-1,120,16,120,23,packages\unbzip2-stream\lib\bzip2.js,0,726
1053,AssignmentExpression,nan,-1,-1,-1,121,16,121,25,packages\unbzip2-stream\lib\bzip2.js,0,727
1055,Identifier,k,-1,-1,-1,190,20,190,21,packages\unbzip2-stream\lib\bzip2.js,0,728
1057,CallExpression,nan,1,-1,-1,224,51,224,115,packages\unbzip2-stream\lib\bzip2.js,0,729
1060,CallExpression,nan,1,-1,-1,225,21,225,28,packages\unbzip2-stream\lib\bzip2.js,0,730
1061,UpdateExpression,nan,1,-1,-1,226,30,226,33,packages\unbzip2-stream\lib\bzip2.js,0,731
1062,CallExpression,nan,1,-1,-1,226,21,226,28,packages\unbzip2-stream\lib\bzip2.js,0,732
1063,Identifier,t,-1,-1,-1,257,30,257,31,packages\unbzip2-stream\lib\bzip2.js,0,733
1064,MemberExpression,nan,-1,-1,-1,257,35,257,42,packages\unbzip2-stream\lib\bzip2.js,0,734
1065,Identifier,j,-1,-1,-1,283,17,283,18,packages\unbzip2-stream\lib\bzip2.js,0,735
1068,Identifier,bits,-1,-1,-1,283,27,283,31,packages\unbzip2-stream\lib\bzip2.js,0,736
1069,Identifier,runPos,-1,-1,-1,290,16,290,22,packages\unbzip2-stream\lib\bzip2.js,0,737
1071,Identifier,t,-1,-1,-1,291,16,291,17,packages\unbzip2-stream\lib\bzip2.js,0,738
1074,MemberExpression,nan,-1,-1,-1,353,32,353,75,packages\unbzip2-stream\lib\bzip2.js,0,739
1075,Identifier,result,-1,-1,-1,118,16,118,22,packages\unbzip2-stream\lib\bzip2.js,0,740
1076,Identifier,left,-1,-1,-1,118,27,118,31,packages\unbzip2-stream\lib\bzip2.js,0,741
1077,Identifier,result,-1,-1,-1,119,16,119,22,packages\unbzip2-stream\lib\bzip2.js,0,742
1079,Identifier,bit,-1,-1,-1,120,16,120,19,packages\unbzip2-stream\lib\bzip2.js,0,743
1081,Identifier,n,-1,-1,-1,121,16,121,17,packages\unbzip2-stream\lib\bzip2.js,0,744
1082,Identifier,left,-1,-1,-1,121,21,121,25,packages\unbzip2-stream\lib\bzip2.js,0,745
1083,AssignmentExpression,nan,-1,-1,-1,191,20,191,61,packages\unbzip2-stream\lib\bzip2.js,0,746
1087,MemberExpression,nan,-1,-1,-1,224,51,224,64,packages\unbzip2-stream\lib\bzip2.js,0,747
1088,Identifier,t,-1,-1,-1,224,20,224,21,packages\unbzip2-stream\lib\bzip2.js,0,748
1090,Identifier,t,-1,-1,-1,224,29,224,30,packages\unbzip2-stream\lib\bzip2.js,0,749
1091,Identifier,MAX_HUFCODE_BITS,-1,-1,-1,224,33,224,49,packages\unbzip2-stream\lib\bzip2.js,0,750
1093,Identifier,bits,-1,-1,-1,225,21,225,25,packages\unbzip2-stream\lib\bzip2.js,0,751
1094,Identifier,t,-1,-1,-1,226,30,226,31,packages\unbzip2-stream\lib\bzip2.js,0,752
1096,Identifier,bits,-1,-1,-1,226,21,226,25,packages\unbzip2-stream\lib\bzip2.js,0,753
1097,Identifier,crc,-1,-1,-1,353,20,353,23,packages\unbzip2-stream\lib\bzip2.js,0,754
1099,MemberExpression,nan,-1,-1,-1,119,27,119,40,packages\unbzip2-stream\lib\bzip2.js,0,755
1100,MemberExpression,nan,-1,-1,-1,119,43,119,56,packages\unbzip2-stream\lib\bzip2.js,0,756
1101,MemberExpression,nan,-1,-1,-1,191,20,191,46,packages\unbzip2-stream\lib\bzip2.js,0,757
1104,Identifier,j,-1,-1,-1,190,36,190,37,packages\unbzip2-stream\lib\bzip2.js,0,758
1106,Identifier,j,-1,-1,-1,191,60,191,61,packages\unbzip2-stream\lib\bzip2.js,0,759
1108,Identifier,i,-1,-1,-1,191,55,191,56,packages\unbzip2-stream\lib\bzip2.js,0,760
1109,Program,nan,-1,-1,-1,1,0,66,3,packages\unbzip2-stream\test\bit_iterator.js,1,761
1110,VariableDeclaration,nan,-1,-1,-1,1,0,1,27,packages\unbzip2-stream\test\bit_iterator.js,1,762
1111,VariableDeclaration,nan,-1,-1,-1,2,0,2,49,packages\unbzip2-stream\test\bit_iterator.js,1,763
1116,CallExpression,nan,2,-1,-1,4,0,16,2,packages\unbzip2-stream\test\bit_iterator.js,1,764
1117,CallExpression,nan,2,-1,-1,18,0,31,2,packages\unbzip2-stream\test\bit_iterator.js,1,765
1118,CallExpression,nan,2,-1,-1,33,0,53,2,packages\unbzip2-stream\test\bit_iterator.js,1,766
1119,CallExpression,nan,2,-1,-1,55,0,66,2,packages\unbzip2-stream\test\bit_iterator.js,1,767
1121,FunctionExpression,nan,-1,1,0,4,69,16,1,packages\unbzip2-stream\test\bit_iterator.js,1,768
1122,Identifier,test,-1,-1,-1,4,0,4,4,packages\unbzip2-stream\test\bit_iterator.js,1,769
1124,FunctionExpression,nan,-1,1,0,18,60,31,1,packages\unbzip2-stream\test\bit_iterator.js,1,770
1125,Identifier,test,-1,-1,-1,18,0,18,4,packages\unbzip2-stream\test\bit_iterator.js,1,771
1127,FunctionExpression,nan,-1,1,0,33,60,53,1,packages\unbzip2-stream\test\bit_iterator.js,1,772
1128,Identifier,test,-1,-1,-1,33,0,33,4,packages\unbzip2-stream\test\bit_iterator.js,1,773
1130,FunctionExpression,nan,-1,1,0,55,53,66,1,packages\unbzip2-stream\test\bit_iterator.js,1,774
1131,Identifier,test,-1,-1,-1,55,0,55,4,packages\unbzip2-stream\test\bit_iterator.js,1,775
1132,Identifier,t,-1,-1,-1,4,78,4,79,packages\unbzip2-stream\test\bit_iterator.js,1,776
1134,BlockStatement,nan,-1,-1,-1,4,81,16,1,packages\unbzip2-stream\test\bit_iterator.js,1,777
1135,Identifier,t,-1,-1,-1,18,69,18,70,packages\unbzip2-stream\test\bit_iterator.js,1,778
1137,BlockStatement,nan,-1,-1,-1,18,72,31,1,packages\unbzip2-stream\test\bit_iterator.js,1,779
1138,Identifier,t,-1,-1,-1,33,69,33,70,packages\unbzip2-stream\test\bit_iterator.js,1,780
1140,BlockStatement,nan,-1,-1,-1,33,72,53,1,packages\unbzip2-stream\test\bit_iterator.js,1,781
1141,Identifier,t,-1,-1,-1,55,62,55,63,packages\unbzip2-stream\test\bit_iterator.js,1,782
1143,BlockStatement,nan,-1,-1,-1,55,65,66,1,packages\unbzip2-stream\test\bit_iterator.js,1,783
1145,VariableDeclaration,nan,-1,-1,-1,7,4,9,7,packages\unbzip2-stream\test\bit_iterator.js,1,784
1152,VariableDeclaration,nan,-1,-1,-1,21,4,21,14,packages\unbzip2-stream\test\bit_iterator.js,1,785
1153,VariableDeclaration,nan,-1,-1,-1,22,4,22,32,packages\unbzip2-stream\test\bit_iterator.js,1,786
1154,VariableDeclaration,nan,-1,-1,-1,23,4,25,7,packages\unbzip2-stream\test\bit_iterator.js,1,787
1160,VariableDeclaration,nan,-1,-1,-1,36,4,36,22,packages\unbzip2-stream\test\bit_iterator.js,1,788
1161,VariableDeclaration,nan,-1,-1,-1,37,4,37,32,packages\unbzip2-stream\test\bit_iterator.js,1,789
1162,VariableDeclaration,nan,-1,-1,-1,38,4,40,7,packages\unbzip2-stream\test\bit_iterator.js,1,790
1163,VariableDeclaration,nan,-1,-1,-1,41,4,43,7,packages\unbzip2-stream\test\bit_iterator.js,1,791
1173,VariableDeclaration,nan,-1,-1,-1,58,4,60,7,packages\unbzip2-stream\test\bit_iterator.js,1,792
1178,CallExpression,nan,1,-1,-1,5,4,5,13,packages\unbzip2-stream\test\bit_iterator.js,1,793
1179,CallExpression,nan,2,-1,-1,11,4,11,27,packages\unbzip2-stream\test\bit_iterator.js,1,794
1180,CallExpression,nan,2,-1,-1,12,4,12,23,packages\unbzip2-stream\test\bit_iterator.js,1,795
1181,CallExpression,nan,2,-1,-1,13,4,13,24,packages\unbzip2-stream\test\bit_iterator.js,1,796
1182,CallExpression,nan,2,-1,-1,14,4,14,23,packages\unbzip2-stream\test\bit_iterator.js,1,797
1183,CallExpression,nan,2,-1,-1,15,4,15,28,packages\unbzip2-stream\test\bit_iterator.js,1,798
1184,CallExpression,nan,1,-1,-1,19,4,19,13,packages\unbzip2-stream\test\bit_iterator.js,1,799
1185,CallExpression,nan,2,-1,-1,27,4,27,23,packages\unbzip2-stream\test\bit_iterator.js,1,800
1186,CallExpression,nan,2,-1,-1,28,4,28,24,packages\unbzip2-stream\test\bit_iterator.js,1,801
1187,CallExpression,nan,2,-1,-1,29,4,29,23,packages\unbzip2-stream\test\bit_iterator.js,1,802
1188,CallExpression,nan,2,-1,-1,30,4,30,28,packages\unbzip2-stream\test\bit_iterator.js,1,803
1189,CallExpression,nan,1,-1,-1,34,4,34,13,packages\unbzip2-stream\test\bit_iterator.js,1,804
1190,CallExpression,nan,2,-1,-1,45,4,45,29,packages\unbzip2-stream\test\bit_iterator.js,1,805
1191,CallExpression,nan,2,-1,-1,46,4,46,29,packages\unbzip2-stream\test\bit_iterator.js,1,806
1192,CallExpression,nan,1,-1,-1,47,4,47,10,packages\unbzip2-stream\test\bit_iterator.js,1,807
1193,CallExpression,nan,2,-1,-1,48,4,48,29,packages\unbzip2-stream\test\bit_iterator.js,1,808
1194,CallExpression,nan,2,-1,-1,49,4,49,29,packages\unbzip2-stream\test\bit_iterator.js,1,809
1195,CallExpression,nan,1,-1,-1,50,4,50,10,packages\unbzip2-stream\test\bit_iterator.js,1,810
1196,CallExpression,nan,2,-1,-1,51,4,51,29,packages\unbzip2-stream\test\bit_iterator.js,1,811
1197,CallExpression,nan,2,-1,-1,52,4,52,29,packages\unbzip2-stream\test\bit_iterator.js,1,812
1198,CallExpression,nan,1,-1,-1,56,4,56,13,packages\unbzip2-stream\test\bit_iterator.js,1,813
1199,CallExpression,nan,2,-1,-1,62,4,62,23,packages\unbzip2-stream\test\bit_iterator.js,1,814
1200,CallExpression,nan,1,-1,-1,63,4,63,12,packages\unbzip2-stream\test\bit_iterator.js,1,815
1201,CallExpression,nan,2,-1,-1,64,4,64,28,packages\unbzip2-stream\test\bit_iterator.js,1,816
1202,CallExpression,nan,2,-1,-1,65,4,65,23,packages\unbzip2-stream\test\bit_iterator.js,1,817
1204,MemberExpression,nan,-1,-1,-1,5,4,5,10,packages\unbzip2-stream\test\bit_iterator.js,1,818
1205,CallExpression,nan,1,-1,-1,11,12,11,18,packages\unbzip2-stream\test\bit_iterator.js,1,819
1207,MemberExpression,nan,-1,-1,-1,11,4,11,11,packages\unbzip2-stream\test\bit_iterator.js,1,820
1208,CallExpression,nan,1,-1,-1,12,12,12,17,packages\unbzip2-stream\test\bit_iterator.js,1,821
1210,MemberExpression,nan,-1,-1,-1,12,4,12,11,packages\unbzip2-stream\test\bit_iterator.js,1,822
1211,CallExpression,nan,1,-1,-1,13,12,13,17,packages\unbzip2-stream\test\bit_iterator.js,1,823
1213,MemberExpression,nan,-1,-1,-1,13,4,13,11,packages\unbzip2-stream\test\bit_iterator.js,1,824
1214,CallExpression,nan,1,-1,-1,14,12,14,17,packages\unbzip2-stream\test\bit_iterator.js,1,825
1216,MemberExpression,nan,-1,-1,-1,14,4,14,11,packages\unbzip2-stream\test\bit_iterator.js,1,826
1217,MemberExpression,nan,-1,-1,-1,15,12,15,24,packages\unbzip2-stream\test\bit_iterator.js,1,827
1219,MemberExpression,nan,-1,-1,-1,15,4,15,11,packages\unbzip2-stream\test\bit_iterator.js,1,828
1221,MemberExpression,nan,-1,-1,-1,19,4,19,10,packages\unbzip2-stream\test\bit_iterator.js,1,829
1222,CallExpression,nan,1,-1,-1,27,12,27,17,packages\unbzip2-stream\test\bit_iterator.js,1,830
1224,MemberExpression,nan,-1,-1,-1,27,4,27,11,packages\unbzip2-stream\test\bit_iterator.js,1,831
1225,CallExpression,nan,1,-1,-1,28,12,28,17,packages\unbzip2-stream\test\bit_iterator.js,1,832
1227,MemberExpression,nan,-1,-1,-1,28,4,28,11,packages\unbzip2-stream\test\bit_iterator.js,1,833
1228,CallExpression,nan,1,-1,-1,29,12,29,17,packages\unbzip2-stream\test\bit_iterator.js,1,834
1230,MemberExpression,nan,-1,-1,-1,29,4,29,11,packages\unbzip2-stream\test\bit_iterator.js,1,835
1231,MemberExpression,nan,-1,-1,-1,30,12,30,24,packages\unbzip2-stream\test\bit_iterator.js,1,836
1233,MemberExpression,nan,-1,-1,-1,30,4,30,11,packages\unbzip2-stream\test\bit_iterator.js,1,837
1235,MemberExpression,nan,-1,-1,-1,34,4,34,10,packages\unbzip2-stream\test\bit_iterator.js,1,838
1236,MemberExpression,nan,-1,-1,-1,45,12,45,25,packages\unbzip2-stream\test\bit_iterator.js,1,839
1238,MemberExpression,nan,-1,-1,-1,45,4,45,11,packages\unbzip2-stream\test\bit_iterator.js,1,840
1239,MemberExpression,nan,-1,-1,-1,46,12,46,25,packages\unbzip2-stream\test\bit_iterator.js,1,841
1241,MemberExpression,nan,-1,-1,-1,46,4,46,11,packages\unbzip2-stream\test\bit_iterator.js,1,842
1243,Identifier,bi1,-1,-1,-1,47,4,47,7,packages\unbzip2-stream\test\bit_iterator.js,1,843
1244,MemberExpression,nan,-1,-1,-1,48,12,48,25,packages\unbzip2-stream\test\bit_iterator.js,1,844
1246,MemberExpression,nan,-1,-1,-1,48,4,48,11,packages\unbzip2-stream\test\bit_iterator.js,1,845
1247,MemberExpression,nan,-1,-1,-1,49,12,49,25,packages\unbzip2-stream\test\bit_iterator.js,1,846
1249,MemberExpression,nan,-1,-1,-1,49,4,49,11,packages\unbzip2-stream\test\bit_iterator.js,1,847
1251,Identifier,bi2,-1,-1,-1,50,4,50,7,packages\unbzip2-stream\test\bit_iterator.js,1,848
1252,MemberExpression,nan,-1,-1,-1,51,12,51,25,packages\unbzip2-stream\test\bit_iterator.js,1,849
1254,MemberExpression,nan,-1,-1,-1,51,4,51,11,packages\unbzip2-stream\test\bit_iterator.js,1,850
1255,MemberExpression,nan,-1,-1,-1,52,12,52,25,packages\unbzip2-stream\test\bit_iterator.js,1,851
1257,MemberExpression,nan,-1,-1,-1,52,4,52,11,packages\unbzip2-stream\test\bit_iterator.js,1,852
1259,MemberExpression,nan,-1,-1,-1,56,4,56,10,packages\unbzip2-stream\test\bit_iterator.js,1,853
1260,CallExpression,nan,1,-1,-1,62,12,62,17,packages\unbzip2-stream\test\bit_iterator.js,1,854
1262,MemberExpression,nan,-1,-1,-1,62,4,62,11,packages\unbzip2-stream\test\bit_iterator.js,1,855
1264,Identifier,bi,-1,-1,-1,63,4,63,6,packages\unbzip2-stream\test\bit_iterator.js,1,856
1265,MemberExpression,nan,-1,-1,-1,64,12,64,24,packages\unbzip2-stream\test\bit_iterator.js,1,857
1267,MemberExpression,nan,-1,-1,-1,64,4,64,11,packages\unbzip2-stream\test\bit_iterator.js,1,858
1268,CallExpression,nan,1,-1,-1,65,12,65,17,packages\unbzip2-stream\test\bit_iterator.js,1,859
1270,MemberExpression,nan,-1,-1,-1,65,4,65,11,packages\unbzip2-stream\test\bit_iterator.js,1,860
1272,Identifier,bi,-1,-1,-1,11,12,11,14,packages\unbzip2-stream\test\bit_iterator.js,1,861
1274,Identifier,bi,-1,-1,-1,12,12,12,14,packages\unbzip2-stream\test\bit_iterator.js,1,862
1276,Identifier,bi,-1,-1,-1,13,12,13,14,packages\unbzip2-stream\test\bit_iterator.js,1,863
1278,Identifier,bi,-1,-1,-1,14,12,14,14,packages\unbzip2-stream\test\bit_iterator.js,1,864
1280,Identifier,bi,-1,-1,-1,27,12,27,14,packages\unbzip2-stream\test\bit_iterator.js,1,865
1282,Identifier,bi,-1,-1,-1,28,12,28,14,packages\unbzip2-stream\test\bit_iterator.js,1,866
1284,Identifier,bi,-1,-1,-1,29,12,29,14,packages\unbzip2-stream\test\bit_iterator.js,1,867
1286,Identifier,bi,-1,-1,-1,62,12,62,14,packages\unbzip2-stream\test\bit_iterator.js,1,868
1288,Identifier,bi,-1,-1,-1,65,12,65,14,packages\unbzip2-stream\test\bit_iterator.js,1,869
1289,Program,nan,-1,-1,-1,1,0,114,3,packages\unbzip2-stream\test\simple.js,1,870
1290,VariableDeclaration,nan,-1,-1,-1,1,0,1,35,packages\unbzip2-stream\test\simple.js,1,871
1291,VariableDeclaration,nan,-1,-1,-1,2,0,2,38,packages\unbzip2-stream\test\simple.js,1,872
1292,VariableDeclaration,nan,-1,-1,-1,3,0,3,27,packages\unbzip2-stream\test\simple.js,1,873
1293,VariableDeclaration,nan,-1,-1,-1,4,0,4,23,packages\unbzip2-stream\test\simple.js,1,874
1303,CallExpression,nan,2,-1,-1,6,0,17,2,packages\unbzip2-stream\test\simple.js,1,875
1304,CallExpression,nan,2,-1,-1,19,0,29,2,packages\unbzip2-stream\test\simple.js,1,876
1305,CallExpression,nan,2,-1,-1,31,0,43,2,packages\unbzip2-stream\test\simple.js,1,877
1306,CallExpression,nan,2,-1,-1,45,0,57,2,packages\unbzip2-stream\test\simple.js,1,878
1307,CallExpression,nan,2,-1,-1,59,0,69,2,packages\unbzip2-stream\test\simple.js,1,879
1308,CallExpression,nan,2,-1,-1,71,0,80,2,packages\unbzip2-stream\test\simple.js,1,880
1309,CallExpression,nan,2,-1,-1,82,0,89,2,packages\unbzip2-stream\test\simple.js,1,881
1310,CallExpression,nan,2,-1,-1,91,0,104,2,packages\unbzip2-stream\test\simple.js,1,882
1311,CallExpression,nan,2,-1,-1,106,0,114,2,packages\unbzip2-stream\test\simple.js,1,883
1313,FunctionExpression,nan,-1,1,0,6,43,17,1,packages\unbzip2-stream\test\simple.js,1,884
1314,Identifier,test,-1,-1,-1,6,0,6,4,packages\unbzip2-stream\test\simple.js,1,885
1316,FunctionExpression,nan,-1,1,0,19,41,29,1,packages\unbzip2-stream\test\simple.js,1,886
1317,Identifier,test,-1,-1,-1,19,0,19,4,packages\unbzip2-stream\test\simple.js,1,887
1319,FunctionExpression,nan,-1,1,0,31,48,43,1,packages\unbzip2-stream\test\simple.js,1,888
1320,Identifier,test,-1,-1,-1,31,0,31,4,packages\unbzip2-stream\test\simple.js,1,889
1322,FunctionExpression,nan,-1,1,0,45,45,57,1,packages\unbzip2-stream\test\simple.js,1,890
1323,Identifier,test,-1,-1,-1,45,0,45,4,packages\unbzip2-stream\test\simple.js,1,891
1325,FunctionExpression,nan,-1,1,0,59,34,69,1,packages\unbzip2-stream\test\simple.js,1,892
1326,Identifier,test,-1,-1,-1,59,0,59,4,packages\unbzip2-stream\test\simple.js,1,893
1328,FunctionExpression,nan,-1,1,0,71,33,80,1,packages\unbzip2-stream\test\simple.js,1,894
1329,Identifier,test,-1,-1,-1,71,0,71,4,packages\unbzip2-stream\test\simple.js,1,895
1331,FunctionExpression,nan,-1,1,0,82,50,89,1,packages\unbzip2-stream\test\simple.js,1,896
1332,Identifier,test,-1,-1,-1,82,0,82,4,packages\unbzip2-stream\test\simple.js,1,897
1334,FunctionExpression,nan,-1,1,0,91,68,104,1,packages\unbzip2-stream\test\simple.js,1,898
1335,Identifier,test,-1,-1,-1,91,0,91,4,packages\unbzip2-stream\test\simple.js,1,899
1337,FunctionExpression,nan,-1,1,0,106,35,114,1,packages\unbzip2-stream\test\simple.js,1,900
1338,Identifier,test,-1,-1,-1,106,0,106,4,packages\unbzip2-stream\test\simple.js,1,901
1339,Identifier,t,-1,-1,-1,6,52,6,53,packages\unbzip2-stream\test\simple.js,1,902
1341,BlockStatement,nan,-1,-1,-1,6,55,17,1,packages\unbzip2-stream\test\simple.js,1,903
1342,Identifier,t,-1,-1,-1,19,50,19,51,packages\unbzip2-stream\test\simple.js,1,904
1344,BlockStatement,nan,-1,-1,-1,19,53,29,1,packages\unbzip2-stream\test\simple.js,1,905
1345,Identifier,t,-1,-1,-1,31,57,31,58,packages\unbzip2-stream\test\simple.js,1,906
1347,BlockStatement,nan,-1,-1,-1,31,60,43,1,packages\unbzip2-stream\test\simple.js,1,907
1348,Identifier,t,-1,-1,-1,45,54,45,55,packages\unbzip2-stream\test\simple.js,1,908
1350,BlockStatement,nan,-1,-1,-1,45,57,57,1,packages\unbzip2-stream\test\simple.js,1,909
1351,Identifier,t,-1,-1,-1,59,43,59,44,packages\unbzip2-stream\test\simple.js,1,910
1353,BlockStatement,nan,-1,-1,-1,59,46,69,1,packages\unbzip2-stream\test\simple.js,1,911
1354,Identifier,t,-1,-1,-1,71,42,71,43,packages\unbzip2-stream\test\simple.js,1,912
1356,BlockStatement,nan,-1,-1,-1,71,45,80,1,packages\unbzip2-stream\test\simple.js,1,913
1357,Identifier,t,-1,-1,-1,82,59,82,60,packages\unbzip2-stream\test\simple.js,1,914
1359,BlockStatement,nan,-1,-1,-1,82,62,89,1,packages\unbzip2-stream\test\simple.js,1,915
1360,Identifier,t,-1,-1,-1,91,77,91,78,packages\unbzip2-stream\test\simple.js,1,916
1362,BlockStatement,nan,-1,-1,-1,91,80,104,1,packages\unbzip2-stream\test\simple.js,1,917
1363,Identifier,t,-1,-1,-1,106,44,106,45,packages\unbzip2-stream\test\simple.js,1,918
1365,BlockStatement,nan,-1,-1,-1,106,47,114,1,packages\unbzip2-stream\test\simple.js,1,919
1367,VariableDeclaration,nan,-1,-1,-1,8,4,8,63,packages\unbzip2-stream\test\simple.js,1,920
1368,VariableDeclaration,nan,-1,-1,-1,9,4,9,32,packages\unbzip2-stream\test\simple.js,1,921
1374,VariableDeclaration,nan,-1,-1,-1,21,4,21,71,packages\unbzip2-stream\test\simple.js,1,922
1375,VariableDeclaration,nan,-1,-1,-1,22,4,22,32,packages\unbzip2-stream\test\simple.js,1,923
1380,VariableDeclaration,nan,-1,-1,-1,33,4,33,61,packages\unbzip2-stream\test\simple.js,1,924
1381,VariableDeclaration,nan,-1,-1,-1,34,4,34,32,packages\unbzip2-stream\test\simple.js,1,925
1386,VariableDeclaration,nan,-1,-1,-1,47,4,47,68,packages\unbzip2-stream\test\simple.js,1,926
1387,VariableDeclaration,nan,-1,-1,-1,48,4,48,32,packages\unbzip2-stream\test\simple.js,1,927
1392,VariableDeclaration,nan,-1,-1,-1,61,4,61,64,packages\unbzip2-stream\test\simple.js,1,928
1393,VariableDeclaration,nan,-1,-1,-1,62,4,62,32,packages\unbzip2-stream\test\simple.js,1,929
1398,VariableDeclaration,nan,-1,-1,-1,73,4,73,32,packages\unbzip2-stream\test\simple.js,1,930
1403,VariableDeclaration,nan,-1,-1,-1,84,4,84,73,packages\unbzip2-stream\test\simple.js,1,931
1404,VariableDeclaration,nan,-1,-1,-1,85,4,85,32,packages\unbzip2-stream\test\simple.js,1,932
1409,VariableDeclaration,nan,-1,-1,-1,95,4,95,67,packages\unbzip2-stream\test\simple.js,1,933
1410,VariableDeclaration,nan,-1,-1,-1,96,4,96,32,packages\unbzip2-stream\test\simple.js,1,934
1415,VariableDeclaration,nan,-1,-1,-1,108,4,108,70,packages\unbzip2-stream\test\simple.js,1,935
1416,VariableDeclaration,nan,-1,-1,-1,109,4,109,32,packages\unbzip2-stream\test\simple.js,1,936
1419,CallExpression,nan,1,-1,-1,7,4,7,13,packages\unbzip2-stream\test\simple.js,1,937
1420,CallExpression,nan,2,-1,-1,10,4,10,61,packages\unbzip2-stream\test\simple.js,1,938
1421,CallExpression,nan,1,-1,-1,11,4,14,7,packages\unbzip2-stream\test\simple.js,1,939
1422,CallExpression,nan,1,-1,-1,15,4,15,42,packages\unbzip2-stream\test\simple.js,1,940
1423,CallExpression,nan,1,-1,-1,16,4,16,37,packages\unbzip2-stream\test\simple.js,1,941
1424,CallExpression,nan,1,-1,-1,20,4,20,13,packages\unbzip2-stream\test\simple.js,1,942
1425,CallExpression,nan,2,-1,-1,23,4,23,61,packages\unbzip2-stream\test\simple.js,1,943
1426,CallExpression,nan,1,-1,-1,24,4,27,7,packages\unbzip2-stream\test\simple.js,1,944
1427,CallExpression,nan,1,-1,-1,28,4,28,25,packages\unbzip2-stream\test\simple.js,1,945
1428,CallExpression,nan,1,-1,-1,32,4,32,13,packages\unbzip2-stream\test\simple.js,1,946
1429,CallExpression,nan,2,-1,-1,35,4,37,6,packages\unbzip2-stream\test\simple.js,1,947
1430,CallExpression,nan,1,-1,-1,38,4,41,7,packages\unbzip2-stream\test\simple.js,1,948
1431,CallExpression,nan,1,-1,-1,42,4,42,25,packages\unbzip2-stream\test\simple.js,1,949
1432,CallExpression,nan,1,-1,-1,46,4,46,13,packages\unbzip2-stream\test\simple.js,1,950
1433,CallExpression,nan,2,-1,-1,49,4,51,6,packages\unbzip2-stream\test\simple.js,1,951
1434,CallExpression,nan,1,-1,-1,52,4,55,7,packages\unbzip2-stream\test\simple.js,1,952
1435,CallExpression,nan,1,-1,-1,56,4,56,25,packages\unbzip2-stream\test\simple.js,1,953
1436,CallExpression,nan,1,-1,-1,60,4,60,13,packages\unbzip2-stream\test\simple.js,1,954
1437,CallExpression,nan,2,-1,-1,63,4,63,61,packages\unbzip2-stream\test\simple.js,1,955
1438,CallExpression,nan,1,-1,-1,64,4,67,7,packages\unbzip2-stream\test\simple.js,1,956
1439,CallExpression,nan,1,-1,-1,68,4,68,25,packages\unbzip2-stream\test\simple.js,1,957
1440,CallExpression,nan,1,-1,-1,72,4,72,13,packages\unbzip2-stream\test\simple.js,1,958
1441,CallExpression,nan,2,-1,-1,74,4,74,61,packages\unbzip2-stream\test\simple.js,1,959
1442,CallExpression,nan,1,-1,-1,75,4,78,7,packages\unbzip2-stream\test\simple.js,1,960
1443,CallExpression,nan,0,-1,-1,79,4,79,15,packages\unbzip2-stream\test\simple.js,1,961
1444,CallExpression,nan,1,-1,-1,83,4,83,13,packages\unbzip2-stream\test\simple.js,1,962
1445,CallExpression,nan,2,-1,-1,86,4,86,61,packages\unbzip2-stream\test\simple.js,1,963
1446,CallExpression,nan,1,-1,-1,87,4,87,24,packages\unbzip2-stream\test\simple.js,1,964
1447,CallExpression,nan,1,-1,-1,88,4,88,25,packages\unbzip2-stream\test\simple.js,1,965
1448,CallExpression,nan,1,-1,-1,92,4,92,13,packages\unbzip2-stream\test\simple.js,1,966
1449,CallExpression,nan,2,-1,-1,97,4,99,6,packages\unbzip2-stream\test\simple.js,1,967
1450,CallExpression,nan,2,-1,-1,100,4,102,6,packages\unbzip2-stream\test\simple.js,1,968
1451,CallExpression,nan,1,-1,-1,103,4,103,24,packages\unbzip2-stream\test\simple.js,1,969
1452,CallExpression,nan,1,-1,-1,107,4,107,13,packages\unbzip2-stream\test\simple.js,1,970
1453,CallExpression,nan,2,-1,-1,110,4,112,6,packages\unbzip2-stream\test\simple.js,1,971
1454,CallExpression,nan,1,-1,-1,113,4,113,25,packages\unbzip2-stream\test\simple.js,1,972
1456,MemberExpression,nan,-1,-1,-1,7,4,7,10,packages\unbzip2-stream\test\simple.js,1,973
1458,FunctionExpression,nan,-1,1,0,10,22,10,60,packages\unbzip2-stream\test\simple.js,1,974
1459,MemberExpression,nan,-1,-1,-1,10,4,10,12,packages\unbzip2-stream\test\simple.js,1,975
1460,CallExpression,nan,1,-1,-1,11,16,14,6,packages\unbzip2-stream\test\simple.js,1,976
1461,MemberExpression,nan,-1,-1,-1,11,4,11,14,packages\unbzip2-stream\test\simple.js,1,977
1462,CallExpression,nan,2,-1,-1,15,16,15,41,packages\unbzip2-stream\test\simple.js,1,978
1463,MemberExpression,nan,-1,-1,-1,15,4,15,15,packages\unbzip2-stream\test\simple.js,1,979
1464,CallExpression,nan,1,-1,-1,16,14,16,36,packages\unbzip2-stream\test\simple.js,1,980
1465,MemberExpression,nan,-1,-1,-1,16,4,16,13,packages\unbzip2-stream\test\simple.js,1,981
1467,MemberExpression,nan,-1,-1,-1,20,4,20,10,packages\unbzip2-stream\test\simple.js,1,982
1469,FunctionExpression,nan,-1,1,0,23,22,23,60,packages\unbzip2-stream\test\simple.js,1,983
1470,MemberExpression,nan,-1,-1,-1,23,4,23,12,packages\unbzip2-stream\test\simple.js,1,984
1471,CallExpression,nan,1,-1,-1,24,16,27,6,packages\unbzip2-stream\test\simple.js,1,985
1472,MemberExpression,nan,-1,-1,-1,24,4,24,14,packages\unbzip2-stream\test\simple.js,1,986
1473,Identifier,compressed,-1,-1,-1,28,14,28,24,packages\unbzip2-stream\test\simple.js,1,987
1474,MemberExpression,nan,-1,-1,-1,28,4,28,13,packages\unbzip2-stream\test\simple.js,1,988
1476,MemberExpression,nan,-1,-1,-1,32,4,32,10,packages\unbzip2-stream\test\simple.js,1,989
1478,FunctionExpression,nan,-1,1,0,35,22,37,5,packages\unbzip2-stream\test\simple.js,1,990
1479,MemberExpression,nan,-1,-1,-1,35,4,35,12,packages\unbzip2-stream\test\simple.js,1,991
1480,CallExpression,nan,1,-1,-1,38,16,41,6,packages\unbzip2-stream\test\simple.js,1,992
1481,MemberExpression,nan,-1,-1,-1,38,4,38,14,packages\unbzip2-stream\test\simple.js,1,993
1482,Identifier,compressed,-1,-1,-1,42,14,42,24,packages\unbzip2-stream\test\simple.js,1,994
1483,MemberExpression,nan,-1,-1,-1,42,4,42,13,packages\unbzip2-stream\test\simple.js,1,995
1485,MemberExpression,nan,-1,-1,-1,46,4,46,10,packages\unbzip2-stream\test\simple.js,1,996
1487,FunctionExpression,nan,-1,1,0,49,22,51,5,packages\unbzip2-stream\test\simple.js,1,997
1488,MemberExpression,nan,-1,-1,-1,49,4,49,12,packages\unbzip2-stream\test\simple.js,1,998
1489,CallExpression,nan,1,-1,-1,52,16,55,6,packages\unbzip2-stream\test\simple.js,1,999
1490,MemberExpression,nan,-1,-1,-1,52,4,52,14,packages\unbzip2-stream\test\simple.js,1,1000
1491,Identifier,compressed,-1,-1,-1,56,14,56,24,packages\unbzip2-stream\test\simple.js,1,1001
1492,MemberExpression,nan,-1,-1,-1,56,4,56,13,packages\unbzip2-stream\test\simple.js,1,1002
1494,MemberExpression,nan,-1,-1,-1,60,4,60,10,packages\unbzip2-stream\test\simple.js,1,1003
1496,FunctionExpression,nan,-1,1,0,63,22,63,60,packages\unbzip2-stream\test\simple.js,1,1004
1497,MemberExpression,nan,-1,-1,-1,63,4,63,12,packages\unbzip2-stream\test\simple.js,1,1005
1498,CallExpression,nan,1,-1,-1,64,16,67,6,packages\unbzip2-stream\test\simple.js,1,1006
1499,MemberExpression,nan,-1,-1,-1,64,4,64,14,packages\unbzip2-stream\test\simple.js,1,1007
1500,Identifier,compressed,-1,-1,-1,68,14,68,24,packages\unbzip2-stream\test\simple.js,1,1008
1501,MemberExpression,nan,-1,-1,-1,68,4,68,13,packages\unbzip2-stream\test\simple.js,1,1009
1503,MemberExpression,nan,-1,-1,-1,72,4,72,10,packages\unbzip2-stream\test\simple.js,1,1010
1505,FunctionExpression,nan,-1,1,0,74,22,74,60,packages\unbzip2-stream\test\simple.js,1,1011
1506,MemberExpression,nan,-1,-1,-1,74,4,74,12,packages\unbzip2-stream\test\simple.js,1,1012
1507,CallExpression,nan,1,-1,-1,75,16,78,6,packages\unbzip2-stream\test\simple.js,1,1013
1508,MemberExpression,nan,-1,-1,-1,75,4,75,14,packages\unbzip2-stream\test\simple.js,1,1014
1509,MemberExpression,nan,-1,-1,-1,79,4,79,13,packages\unbzip2-stream\test\simple.js,1,1015
1511,MemberExpression,nan,-1,-1,-1,83,4,83,10,packages\unbzip2-stream\test\simple.js,1,1016
1513,FunctionExpression,nan,-1,1,0,86,22,86,60,packages\unbzip2-stream\test\simple.js,1,1017
1514,MemberExpression,nan,-1,-1,-1,86,4,86,12,packages\unbzip2-stream\test\simple.js,1,1018
1515,CallExpression,nan,0,-1,-1,87,15,87,23,packages\unbzip2-stream\test\simple.js,1,1019
1516,MemberExpression,nan,-1,-1,-1,87,4,87,14,packages\unbzip2-stream\test\simple.js,1,1020
1517,Identifier,compressed,-1,-1,-1,88,14,88,24,packages\unbzip2-stream\test\simple.js,1,1021
1518,MemberExpression,nan,-1,-1,-1,88,4,88,13,packages\unbzip2-stream\test\simple.js,1,1022
1520,MemberExpression,nan,-1,-1,-1,92,4,92,10,packages\unbzip2-stream\test\simple.js,1,1023
1522,FunctionExpression,nan,-1,1,0,97,22,99,5,packages\unbzip2-stream\test\simple.js,1,1024
1523,MemberExpression,nan,-1,-1,-1,97,4,97,12,packages\unbzip2-stream\test\simple.js,1,1025
1525,FunctionExpression,nan,-1,1,0,100,22,102,5,packages\unbzip2-stream\test\simple.js,1,1026
1526,MemberExpression,nan,-1,-1,-1,100,4,100,12,packages\unbzip2-stream\test\simple.js,1,1027
1527,Identifier,truncated,-1,-1,-1,103,14,103,23,packages\unbzip2-stream\test\simple.js,1,1028
1528,MemberExpression,nan,-1,-1,-1,103,4,103,13,packages\unbzip2-stream\test\simple.js,1,1029
1530,MemberExpression,nan,-1,-1,-1,107,4,107,10,packages\unbzip2-stream\test\simple.js,1,1030
1532,FunctionExpression,nan,-1,1,0,110,22,112,5,packages\unbzip2-stream\test\simple.js,1,1031
1533,MemberExpression,nan,-1,-1,-1,110,4,110,12,packages\unbzip2-stream\test\simple.js,1,1032
1534,Identifier,incomplete,-1,-1,-1,113,14,113,24,packages\unbzip2-stream\test\simple.js,1,1033
1535,MemberExpression,nan,-1,-1,-1,113,4,113,13,packages\unbzip2-stream\test\simple.js,1,1034
1536,Identifier,err,-1,-1,-1,10,31,10,34,packages\unbzip2-stream\test\simple.js,1,1035
1538,BlockStatement,nan,-1,-1,-1,10,36,10,60,packages\unbzip2-stream\test\simple.js,1,1036
1539,FunctionExpression,nan,-1,1,0,11,23,14,5,packages\unbzip2-stream\test\simple.js,1,1037
1540,Identifier,concat,-1,-1,-1,11,16,11,22,packages\unbzip2-stream\test\simple.js,1,1038
1543,MemberExpression,nan,-1,-1,-1,15,16,15,35,packages\unbzip2-stream\test\simple.js,1,1039
1545,MemberExpression,nan,-1,-1,-1,16,14,16,33,packages\unbzip2-stream\test\simple.js,1,1040
1546,Identifier,err,-1,-1,-1,23,31,23,34,packages\unbzip2-stream\test\simple.js,1,1041
1548,BlockStatement,nan,-1,-1,-1,23,36,23,60,packages\unbzip2-stream\test\simple.js,1,1042
1549,FunctionExpression,nan,-1,1,0,24,23,27,5,packages\unbzip2-stream\test\simple.js,1,1043
1550,Identifier,concat,-1,-1,-1,24,16,24,22,packages\unbzip2-stream\test\simple.js,1,1044
1551,Identifier,err,-1,-1,-1,35,31,35,34,packages\unbzip2-stream\test\simple.js,1,1045
1553,BlockStatement,nan,-1,-1,-1,35,36,37,5,packages\unbzip2-stream\test\simple.js,1,1046
1554,FunctionExpression,nan,-1,1,0,38,23,41,5,packages\unbzip2-stream\test\simple.js,1,1047
1555,Identifier,concat,-1,-1,-1,38,16,38,22,packages\unbzip2-stream\test\simple.js,1,1048
1556,Identifier,err,-1,-1,-1,49,31,49,34,packages\unbzip2-stream\test\simple.js,1,1049
1558,BlockStatement,nan,-1,-1,-1,49,36,51,5,packages\unbzip2-stream\test\simple.js,1,1050
1559,FunctionExpression,nan,-1,1,0,52,23,55,5,packages\unbzip2-stream\test\simple.js,1,1051
1560,Identifier,concat,-1,-1,-1,52,16,52,22,packages\unbzip2-stream\test\simple.js,1,1052
1561,Identifier,err,-1,-1,-1,63,31,63,34,packages\unbzip2-stream\test\simple.js,1,1053
1563,BlockStatement,nan,-1,-1,-1,63,36,63,60,packages\unbzip2-stream\test\simple.js,1,1054
1564,FunctionExpression,nan,-1,1,0,64,23,67,5,packages\unbzip2-stream\test\simple.js,1,1055
1565,Identifier,concat,-1,-1,-1,64,16,64,22,packages\unbzip2-stream\test\simple.js,1,1056
1566,Identifier,err,-1,-1,-1,74,31,74,34,packages\unbzip2-stream\test\simple.js,1,1057
1568,BlockStatement,nan,-1,-1,-1,74,36,74,60,packages\unbzip2-stream\test\simple.js,1,1058
1569,FunctionExpression,nan,-1,1,0,75,23,78,5,packages\unbzip2-stream\test\simple.js,1,1059
1570,Identifier,concat,-1,-1,-1,75,16,75,22,packages\unbzip2-stream\test\simple.js,1,1060
1571,Identifier,err,-1,-1,-1,86,31,86,34,packages\unbzip2-stream\test\simple.js,1,1061
1573,BlockStatement,nan,-1,-1,-1,86,36,86,60,packages\unbzip2-stream\test\simple.js,1,1062
1574,Identifier,concat,-1,-1,-1,87,15,87,21,packages\unbzip2-stream\test\simple.js,1,1063
1575,Identifier,err,-1,-1,-1,97,32,97,35,packages\unbzip2-stream\test\simple.js,1,1064
1577,BlockStatement,nan,-1,-1,-1,97,37,99,5,packages\unbzip2-stream\test\simple.js,1,1065
1578,Identifier,err,-1,-1,-1,100,32,100,35,packages\unbzip2-stream\test\simple.js,1,1066
1580,BlockStatement,nan,-1,-1,-1,100,37,102,5,packages\unbzip2-stream\test\simple.js,1,1067
1581,Identifier,err,-1,-1,-1,110,32,110,35,packages\unbzip2-stream\test\simple.js,1,1068
1583,BlockStatement,nan,-1,-1,-1,110,37,112,5,packages\unbzip2-stream\test\simple.js,1,1069
1585,Identifier,data,-1,-1,-1,11,32,11,36,packages\unbzip2-stream\test\simple.js,1,1070
1587,BlockStatement,nan,-1,-1,-1,11,38,14,5,packages\unbzip2-stream\test\simple.js,1,1071
1589,Identifier,data,-1,-1,-1,24,32,24,36,packages\unbzip2-stream\test\simple.js,1,1072
1591,BlockStatement,nan,-1,-1,-1,24,38,27,5,packages\unbzip2-stream\test\simple.js,1,1073
1593,Identifier,data,-1,-1,-1,38,32,38,36,packages\unbzip2-stream\test\simple.js,1,1074
1595,BlockStatement,nan,-1,-1,-1,38,38,41,5,packages\unbzip2-stream\test\simple.js,1,1075
1597,Identifier,data,-1,-1,-1,52,32,52,36,packages\unbzip2-stream\test\simple.js,1,1076
1599,BlockStatement,nan,-1,-1,-1,52,38,55,5,packages\unbzip2-stream\test\simple.js,1,1077
1601,Identifier,data,-1,-1,-1,64,32,64,36,packages\unbzip2-stream\test\simple.js,1,1078
1603,BlockStatement,nan,-1,-1,-1,64,38,67,5,packages\unbzip2-stream\test\simple.js,1,1079
1605,Identifier,data,-1,-1,-1,75,32,75,36,packages\unbzip2-stream\test\simple.js,1,1080
1607,BlockStatement,nan,-1,-1,-1,75,38,78,5,packages\unbzip2-stream\test\simple.js,1,1081
1612,CallExpression,nan,1,-1,-1,10,38,10,57,packages\unbzip2-stream\test\simple.js,1,1082
1613,VariableDeclaration,nan,-1,-1,-1,12,8,12,68,packages\unbzip2-stream\test\simple.js,1,1083
1615,CallExpression,nan,1,-1,-1,23,38,23,57,packages\unbzip2-stream\test\simple.js,1,1084
1616,VariableDeclaration,nan,-1,-1,-1,25,8,25,30,packages\unbzip2-stream\test\simple.js,1,1085
1618,CallExpression,nan,2,-1,-1,36,8,36,31,packages\unbzip2-stream\test\simple.js,1,1086
1619,VariableDeclaration,nan,-1,-1,-1,39,8,39,68,packages\unbzip2-stream\test\simple.js,1,1087
1621,CallExpression,nan,2,-1,-1,50,8,50,31,packages\unbzip2-stream\test\simple.js,1,1088
1622,VariableDeclaration,nan,-1,-1,-1,53,8,53,68,packages\unbzip2-stream\test\simple.js,1,1089
1624,CallExpression,nan,1,-1,-1,63,38,63,57,packages\unbzip2-stream\test\simple.js,1,1090
1625,VariableDeclaration,nan,-1,-1,-1,65,8,65,26,packages\unbzip2-stream\test\simple.js,1,1091
1627,CallExpression,nan,1,-1,-1,74,38,74,57,packages\unbzip2-stream\test\simple.js,1,1092
1628,VariableDeclaration,nan,-1,-1,-1,76,8,76,26,packages\unbzip2-stream\test\simple.js,1,1093
1630,CallExpression,nan,1,-1,-1,86,38,86,57,packages\unbzip2-stream\test\simple.js,1,1094
1631,CallExpression,nan,2,-1,-1,98,8,98,23,packages\unbzip2-stream\test\simple.js,1,1095
1632,CallExpression,nan,2,-1,-1,101,8,101,70,packages\unbzip2-stream\test\simple.js,1,1096
1633,CallExpression,nan,2,-1,-1,111,8,111,23,packages\unbzip2-stream\test\simple.js,1,1097
1634,MemberExpression,nan,-1,-1,-1,10,45,10,56,packages\unbzip2-stream\test\simple.js,1,1098
1635,MemberExpression,nan,-1,-1,-1,10,38,10,44,packages\unbzip2-stream\test\simple.js,1,1099
1636,CallExpression,nan,2,-1,-1,13,8,13,49,packages\unbzip2-stream\test\simple.js,1,1100
1637,MemberExpression,nan,-1,-1,-1,23,45,23,56,packages\unbzip2-stream\test\simple.js,1,1101
1638,MemberExpression,nan,-1,-1,-1,23,38,23,44,packages\unbzip2-stream\test\simple.js,1,1102
1639,CallExpression,nan,2,-1,-1,26,8,26,49,packages\unbzip2-stream\test\simple.js,1,1103
1641,MemberExpression,nan,-1,-1,-1,36,19,36,30,packages\unbzip2-stream\test\simple.js,1,1104
1642,MemberExpression,nan,-1,-1,-1,36,8,36,12,packages\unbzip2-stream\test\simple.js,1,1105
1643,CallExpression,nan,2,-1,-1,40,8,40,45,packages\unbzip2-stream\test\simple.js,1,1106
1645,MemberExpression,nan,-1,-1,-1,50,19,50,30,packages\unbzip2-stream\test\simple.js,1,1107
1646,MemberExpression,nan,-1,-1,-1,50,8,50,12,packages\unbzip2-stream\test\simple.js,1,1108
1647,CallExpression,nan,2,-1,-1,54,8,54,45,packages\unbzip2-stream\test\simple.js,1,1109
1648,MemberExpression,nan,-1,-1,-1,63,45,63,56,packages\unbzip2-stream\test\simple.js,1,1110
1649,MemberExpression,nan,-1,-1,-1,63,38,63,44,packages\unbzip2-stream\test\simple.js,1,1111
1650,CallExpression,nan,2,-1,-1,66,8,66,49,packages\unbzip2-stream\test\simple.js,1,1112
1651,MemberExpression,nan,-1,-1,-1,74,45,74,56,packages\unbzip2-stream\test\simple.js,1,1113
1652,MemberExpression,nan,-1,-1,-1,74,38,74,44,packages\unbzip2-stream\test\simple.js,1,1114
1653,CallExpression,nan,2,-1,-1,77,8,77,49,packages\unbzip2-stream\test\simple.js,1,1115
1654,MemberExpression,nan,-1,-1,-1,86,45,86,56,packages\unbzip2-stream\test\simple.js,1,1116
1655,MemberExpression,nan,-1,-1,-1,86,38,86,44,packages\unbzip2-stream\test\simple.js,1,1117
1657,Identifier,err,-1,-1,-1,98,19,98,22,packages\unbzip2-stream\test\simple.js,1,1118
1658,MemberExpression,nan,-1,-1,-1,98,8,98,12,packages\unbzip2-stream\test\simple.js,1,1119
1661,MemberExpression,nan,-1,-1,-1,101,8,101,12,packages\unbzip2-stream\test\simple.js,1,1120
1663,Identifier,err,-1,-1,-1,111,19,111,22,packages\unbzip2-stream\test\simple.js,1,1121
1664,MemberExpression,nan,-1,-1,-1,111,8,111,12,packages\unbzip2-stream\test\simple.js,1,1122
1665,CallExpression,nan,1,-1,-1,13,16,13,38,packages\unbzip2-stream\test\simple.js,1,1123
1666,Identifier,expected,-1,-1,-1,13,40,13,48,packages\unbzip2-stream\test\simple.js,1,1124
1667,MemberExpression,nan,-1,-1,-1,13,8,13,15,packages\unbzip2-stream\test\simple.js,1,1125
1668,CallExpression,nan,1,-1,-1,26,16,26,38,packages\unbzip2-stream\test\simple.js,1,1126
1669,Identifier,expected,-1,-1,-1,26,40,26,48,packages\unbzip2-stream\test\simple.js,1,1127
1670,MemberExpression,nan,-1,-1,-1,26,8,26,15,packages\unbzip2-stream\test\simple.js,1,1128
1673,MemberExpression,nan,-1,-1,-1,40,8,40,12,packages\unbzip2-stream\test\simple.js,1,1129
1676,MemberExpression,nan,-1,-1,-1,54,8,54,12,packages\unbzip2-stream\test\simple.js,1,1130
1677,CallExpression,nan,1,-1,-1,66,16,66,38,packages\unbzip2-stream\test\simple.js,1,1131
1678,Identifier,expected,-1,-1,-1,66,40,66,48,packages\unbzip2-stream\test\simple.js,1,1132
1679,MemberExpression,nan,-1,-1,-1,66,8,66,15,packages\unbzip2-stream\test\simple.js,1,1133
1680,CallExpression,nan,1,-1,-1,77,16,77,38,packages\unbzip2-stream\test\simple.js,1,1134
1681,Identifier,expected,-1,-1,-1,77,40,77,48,packages\unbzip2-stream\test\simple.js,1,1135
1682,MemberExpression,nan,-1,-1,-1,77,8,77,15,packages\unbzip2-stream\test\simple.js,1,1136
1684,MemberExpression,nan,-1,-1,-1,13,16,13,29,packages\unbzip2-stream\test\simple.js,1,1137
1686,MemberExpression,nan,-1,-1,-1,26,16,26,29,packages\unbzip2-stream\test\simple.js,1,1138
1688,MemberExpression,nan,-1,-1,-1,66,16,66,29,packages\unbzip2-stream\test\simple.js,1,1139
1690,MemberExpression,nan,-1,-1,-1,77,16,77,29,packages\unbzip2-stream\test\simple.js,1,1140
1691,Program,nan,-1,-1,-1,1,0,18,3,packages\unbzip2-stream\test\browser\download.js,1,1141
1692,VariableDeclaration,nan,-1,-1,-1,1,0,1,27,packages\unbzip2-stream\test\browser\download.js,1,1142
1693,VariableDeclaration,nan,-1,-1,-1,2,0,2,38,packages\unbzip2-stream\test\browser\download.js,1,1143
1694,VariableDeclaration,nan,-1,-1,-1,3,0,3,33,packages\unbzip2-stream\test\browser\download.js,1,1144
1695,VariableDeclaration,nan,-1,-1,-1,4,0,4,38,packages\unbzip2-stream\test\browser\download.js,1,1145
1696,VariableDeclaration,nan,-1,-1,-1,5,0,5,27,packages\unbzip2-stream\test\browser\download.js,1,1146
1698,CallExpression,nan,2,-1,-1,7,0,18,2,packages\unbzip2-stream\test\browser\download.js,1,1147
1700,FunctionExpression,nan,-1,1,0,7,79,18,1,packages\unbzip2-stream\test\browser\download.js,1,1148
1701,Identifier,test,-1,-1,-1,7,0,7,4,packages\unbzip2-stream\test\browser\download.js,1,1149
1702,Identifier,t,-1,-1,-1,7,88,7,89,packages\unbzip2-stream\test\browser\download.js,1,1150
1704,BlockStatement,nan,-1,-1,-1,7,91,18,1,packages\unbzip2-stream\test\browser\download.js,1,1151
1707,CallExpression,nan,1,-1,-1,8,4,8,13,packages\unbzip2-stream\test\browser\download.js,1,1152
1708,CallExpression,nan,2,-1,-1,10,4,17,6,packages\unbzip2-stream\test\browser\download.js,1,1153
1710,MemberExpression,nan,-1,-1,-1,8,4,8,10,packages\unbzip2-stream\test\browser\download.js,1,1154
1711,ObjectExpression,nan,-1,-1,-1,10,13,10,75,packages\unbzip2-stream\test\browser\download.js,1,1155
1712,FunctionExpression,nan,-1,1,0,10,77,17,5,packages\unbzip2-stream\test\browser\download.js,1,1156
1713,MemberExpression,nan,-1,-1,-1,10,4,10,12,packages\unbzip2-stream\test\browser\download.js,1,1157
1714,Identifier,res,-1,-1,-1,10,86,10,89,packages\unbzip2-stream\test\browser\download.js,1,1158
1716,BlockStatement,nan,-1,-1,-1,10,91,17,5,packages\unbzip2-stream\test\browser\download.js,1,1159
1718,CallExpression,nan,1,-1,-1,11,8,16,9,packages\unbzip2-stream\test\browser\download.js,1,1160
1719,CallExpression,nan,1,-1,-1,12,12,15,14,packages\unbzip2-stream\test\browser\download.js,1,1161
1720,MemberExpression,nan,-1,-1,-1,11,8,11,40,packages\unbzip2-stream\test\browser\download.js,1,1162
1721,FunctionExpression,nan,-1,1,0,12,19,15,13,packages\unbzip2-stream\test\browser\download.js,1,1163
1722,Identifier,concat,-1,-1,-1,12,12,12,18,packages\unbzip2-stream\test\browser\download.js,1,1164
1723,Identifier,data,-1,-1,-1,12,28,12,32,packages\unbzip2-stream\test\browser\download.js,1,1165
1725,BlockStatement,nan,-1,-1,-1,12,34,15,13,packages\unbzip2-stream\test\browser\download.js,1,1166
1726,VariableDeclaration,nan,-1,-1,-1,13,16,13,76,packages\unbzip2-stream\test\browser\download.js,1,1167
1728,CallExpression,nan,2,-1,-1,14,16,14,57,packages\unbzip2-stream\test\browser\download.js,1,1168
1729,CallExpression,nan,1,-1,-1,14,24,14,46,packages\unbzip2-stream\test\browser\download.js,1,1169
1730,Identifier,expected,-1,-1,-1,14,48,14,56,packages\unbzip2-stream\test\browser\download.js,1,1170
1731,MemberExpression,nan,-1,-1,-1,14,16,14,23,packages\unbzip2-stream\test\browser\download.js,1,1171
1733,MemberExpression,nan,-1,-1,-1,14,24,14,37,packages\unbzip2-stream\test\browser\download.js,1,1172
1734,Program,nan,-1,-1,-1,1,0,19,3,packages\unbzip2-stream\test\browser\long.js,1,1173
1735,VariableDeclaration,nan,-1,-1,-1,1,0,1,27,packages\unbzip2-stream\test\browser\long.js,1,1174
1736,VariableDeclaration,nan,-1,-1,-1,2,0,2,38,packages\unbzip2-stream\test\browser\long.js,1,1175
1737,VariableDeclaration,nan,-1,-1,-1,3,0,3,33,packages\unbzip2-stream\test\browser\long.js,1,1176
1738,VariableDeclaration,nan,-1,-1,-1,4,0,4,38,packages\unbzip2-stream\test\browser\long.js,1,1177
1739,VariableDeclaration,nan,-1,-1,-1,5,0,5,27,packages\unbzip2-stream\test\browser\long.js,1,1178
1740,VariableDeclaration,nan,-1,-1,-1,6,0,6,23,packages\unbzip2-stream\test\browser\long.js,1,1179
1742,CallExpression,nan,2,-1,-1,8,0,19,2,packages\unbzip2-stream\test\browser\long.js,1,1180
1744,FunctionExpression,nan,-1,1,0,8,79,19,1,packages\unbzip2-stream\test\browser\long.js,1,1181
1745,Identifier,test,-1,-1,-1,8,0,8,4,packages\unbzip2-stream\test\browser\long.js,1,1182
1746,Identifier,t,-1,-1,-1,8,88,8,89,packages\unbzip2-stream\test\browser\long.js,1,1183
1748,BlockStatement,nan,-1,-1,-1,8,91,19,1,packages\unbzip2-stream\test\browser\long.js,1,1184
1751,CallExpression,nan,1,-1,-1,9,4,9,13,packages\unbzip2-stream\test\browser\long.js,1,1185
1752,CallExpression,nan,2,-1,-1,11,4,18,6,packages\unbzip2-stream\test\browser\long.js,1,1186
1754,MemberExpression,nan,-1,-1,-1,9,4,9,10,packages\unbzip2-stream\test\browser\long.js,1,1187
1755,ObjectExpression,nan,-1,-1,-1,11,13,11,82,packages\unbzip2-stream\test\browser\long.js,1,1188
1756,FunctionExpression,nan,-1,1,0,11,84,18,5,packages\unbzip2-stream\test\browser\long.js,1,1189
1757,MemberExpression,nan,-1,-1,-1,11,4,11,12,packages\unbzip2-stream\test\browser\long.js,1,1190
1758,Identifier,res,-1,-1,-1,11,93,11,96,packages\unbzip2-stream\test\browser\long.js,1,1191
1760,BlockStatement,nan,-1,-1,-1,11,98,18,5,packages\unbzip2-stream\test\browser\long.js,1,1192
1762,CallExpression,nan,1,-1,-1,12,8,17,9,packages\unbzip2-stream\test\browser\long.js,1,1193
1763,CallExpression,nan,1,-1,-1,13,12,16,14,packages\unbzip2-stream\test\browser\long.js,1,1194
1764,MemberExpression,nan,-1,-1,-1,12,8,12,40,packages\unbzip2-stream\test\browser\long.js,1,1195
1765,FunctionExpression,nan,-1,1,0,13,19,16,13,packages\unbzip2-stream\test\browser\long.js,1,1196
1766,Identifier,concat,-1,-1,-1,13,12,13,18,packages\unbzip2-stream\test\browser\long.js,1,1197
1767,Identifier,data,-1,-1,-1,13,28,13,32,packages\unbzip2-stream\test\browser\long.js,1,1198
1769,BlockStatement,nan,-1,-1,-1,13,34,16,13,packages\unbzip2-stream\test\browser\long.js,1,1199
1770,VariableDeclaration,nan,-1,-1,-1,14,16,14,76,packages\unbzip2-stream\test\browser\long.js,1,1200
1772,CallExpression,nan,2,-1,-1,15,16,15,53,packages\unbzip2-stream\test\browser\long.js,1,1201
1773,MemberExpression,nan,-1,-1,-1,15,24,15,35,packages\unbzip2-stream\test\browser\long.js,1,1202
1774,MemberExpression,nan,-1,-1,-1,15,37,15,52,packages\unbzip2-stream\test\browser\long.js,1,1203
1775,MemberExpression,nan,-1,-1,-1,15,16,15,23,packages\unbzip2-stream\test\browser\long.js,1,1204
1776,Program,nan,-1,-1,-1,1,0,17,3,packages\unbzip2-stream\test\extra\long.js,1,1205
1777,VariableDeclaration,nan,-1,-1,-1,1,0,1,37,packages\unbzip2-stream\test\extra\long.js,1,1206
1778,VariableDeclaration,nan,-1,-1,-1,2,0,2,27,packages\unbzip2-stream\test\extra\long.js,1,1207
1779,VariableDeclaration,nan,-1,-1,-1,3,0,3,23,packages\unbzip2-stream\test\extra\long.js,1,1208
1780,VariableDeclaration,nan,-1,-1,-1,4,0,4,42,packages\unbzip2-stream\test\extra\long.js,1,1209
1782,CallExpression,nan,2,-1,-1,6,0,17,2,packages\unbzip2-stream\test\extra\long.js,1,1210
1784,FunctionExpression,nan,-1,1,0,6,92,17,1,packages\unbzip2-stream\test\extra\long.js,1,1211
1785,Identifier,test,-1,-1,-1,6,0,6,4,packages\unbzip2-stream\test\extra\long.js,1,1212
1786,Identifier,t,-1,-1,-1,6,101,6,102,packages\unbzip2-stream\test\extra\long.js,1,1213
1788,BlockStatement,nan,-1,-1,-1,6,104,17,1,packages\unbzip2-stream\test\extra\long.js,1,1214
1790,VariableDeclaration,nan,-1,-1,-1,8,4,8,70,packages\unbzip2-stream\test\extra\long.js,1,1215
1791,VariableDeclaration,nan,-1,-1,-1,9,4,9,68,packages\unbzip2-stream\test\extra\long.js,1,1216
1792,VariableDeclaration,nan,-1,-1,-1,10,4,10,32,packages\unbzip2-stream\test\extra\long.js,1,1217
1795,CallExpression,nan,1,-1,-1,7,4,7,13,packages\unbzip2-stream\test\extra\long.js,1,1218
1796,CallExpression,nan,1,-1,-1,11,4,11,22,packages\unbzip2-stream\test\extra\long.js,1,1219
1797,CallExpression,nan,3,-1,-1,12,4,16,6,packages\unbzip2-stream\test\extra\long.js,1,1220
1799,MemberExpression,nan,-1,-1,-1,7,4,7,10,packages\unbzip2-stream\test\extra\long.js,1,1221
1800,Identifier,unbz2,-1,-1,-1,11,16,11,21,packages\unbzip2-stream\test\extra\long.js,1,1222
1801,MemberExpression,nan,-1,-1,-1,11,4,11,15,packages\unbzip2-stream\test\extra\long.js,1,1223
1802,Identifier,expected,-1,-1,-1,12,16,12,24,packages\unbzip2-stream\test\extra\long.js,1,1224
1803,Identifier,unbz2,-1,-1,-1,12,26,12,31,packages\unbzip2-stream\test\extra\long.js,1,1225
1804,FunctionExpression,nan,-1,2,0,12,33,16,5,packages\unbzip2-stream\test\extra\long.js,1,1226
1805,Identifier,streamEqual,-1,-1,-1,12,4,12,15,packages\unbzip2-stream\test\extra\long.js,1,1227
1806,Identifier,err,-1,-1,-1,12,42,12,45,packages\unbzip2-stream\test\extra\long.js,1,1228
1807,Identifier,equal,-1,-1,-1,12,47,12,52,packages\unbzip2-stream\test\extra\long.js,1,1229
1809,BlockStatement,nan,-1,-1,-1,12,54,16,5,packages\unbzip2-stream\test\extra\long.js,1,1230
1810,IfStatement,nan,-1,-1,-1,13,8,14,29,packages\unbzip2-stream\test\extra\long.js,1,1231
1813,Identifier,err,-1,-1,-1,13,12,13,15,packages\unbzip2-stream\test\extra\long.js,1,1232
1814,CallExpression,nan,2,-1,-1,15,8,15,41,packages\unbzip2-stream\test\extra\long.js,1,1233
1815,CallExpression,nan,2,-1,-1,14,12,14,28,packages\unbzip2-stream\test\extra\long.js,1,1234
1816,Identifier,equal,-1,-1,-1,15,13,15,18,packages\unbzip2-stream\test\extra\long.js,1,1235
1818,MemberExpression,nan,-1,-1,-1,15,8,15,12,packages\unbzip2-stream\test\extra\long.js,1,1236
1820,Identifier,err,-1,-1,-1,14,24,14,27,packages\unbzip2-stream\test\extra\long.js,1,1237
1821,MemberExpression,nan,-1,-1,-1,14,12,14,16,packages\unbzip2-stream\test\extra\long.js,1,1238
