id,type,name,params_len,argument_len,returns,start_line,start_column,end_line,end_column,file_name,file_is_index_or_test,new_id
1,Program,nan,-1,-1,-1,1,0,15,2,packages\webpack-node-externals\.eslintrc.js,0,0
3,AssignmentExpression,nan,-1,-1,-1,1,0,15,1,packages\webpack-node-externals\.eslintrc.js,0,1
4,MemberExpression,nan,-1,-1,-1,1,0,1,14,packages\webpack-node-externals\.eslintrc.js,0,2
5,ObjectExpression,nan,-1,-1,-1,1,17,15,1,packages\webpack-node-externals\.eslintrc.js,0,3
6,Program,nan,-1,-1,-1,1,0,85,2,packages\webpack-node-externals\index.js,1,4
7,VariableDeclaration,nan,-1,-1,-1,1,0,1,33,packages\webpack-node-externals\index.js,1,5
8,VariableDeclaration,nan,-1,-1,-1,3,0,6,2,packages\webpack-node-externals\index.js,1,6
9,FunctionDeclaration,nan,-1,2,1,8,0,22,1,packages\webpack-node-externals\index.js,1,7
11,Identifier,getModuleName,-1,-1,-1,8,9,8,22,packages\webpack-node-externals\index.js,1,8
12,Identifier,request,-1,-1,-1,8,23,8,30,packages\webpack-node-externals\index.js,1,9
13,Identifier,includeAbsolutePaths,-1,-1,-1,8,32,8,52,packages\webpack-node-externals\index.js,1,10
15,BlockStatement,nan,-1,-1,-1,8,54,22,1,packages\webpack-node-externals\index.js,1,11
16,AssignmentExpression,nan,-1,-1,-1,24,0,85,1,packages\webpack-node-externals\index.js,1,12
17,VariableDeclaration,nan,-1,-1,-1,9,4,9,22,packages\webpack-node-externals\index.js,1,13
18,VariableDeclaration,nan,-1,-1,-1,10,4,10,26,packages\webpack-node-externals\index.js,1,14
19,IfStatement,nan,-1,-1,-1,12,4,14,5,packages\webpack-node-externals\index.js,1,15
20,IfStatement,nan,-1,-1,-1,16,4,20,5,packages\webpack-node-externals\index.js,1,16
21,ReturnStatement,nan,1,-1,-1,21,4,21,35,packages\webpack-node-externals\index.js,1,17
22,MemberExpression,nan,-1,-1,-1,24,0,24,14,packages\webpack-node-externals\index.js,1,18
23,FunctionExpression,nan,-1,1,1,24,17,85,1,packages\webpack-node-externals\index.js,1,19
24,BlockStatement,nan,-1,-1,-1,12,30,14,5,packages\webpack-node-externals\index.js,1,20
25,Identifier,includeAbsolutePaths,-1,-1,-1,12,8,12,28,packages\webpack-node-externals\index.js,1,21
26,BlockStatement,nan,-1,-1,-1,16,37,20,5,packages\webpack-node-externals\index.js,1,22
27,CallExpression,nan,1,-1,-1,16,8,16,35,packages\webpack-node-externals\index.js,1,23
28,MemberExpression,nan,-1,-1,-1,21,11,21,34,packages\webpack-node-externals\index.js,1,24
29,Identifier,nodeExternals,-1,-1,-1,24,26,24,39,packages\webpack-node-externals\index.js,1,25
30,Identifier,options,-1,-1,-1,24,40,24,47,packages\webpack-node-externals\index.js,1,26
32,BlockStatement,nan,-1,-1,-1,24,49,85,1,packages\webpack-node-externals\index.js,1,27
35,ReturnStatement,nan,1,-1,-1,19,8,19,55,packages\webpack-node-externals\index.js,1,28
36,Identifier,req,-1,-1,-1,16,31,16,34,packages\webpack-node-externals\index.js,1,29
37,MemberExpression,nan,-1,-1,-1,16,8,16,30,packages\webpack-node-externals\index.js,1,30
39,VariableDeclaration,nan,-1,-1,-1,26,4,26,58,packages\webpack-node-externals\index.js,1,31
40,IfStatement,nan,-1,-1,-1,27,4,32,5,packages\webpack-node-externals\index.js,1,32
41,VariableDeclaration,nan,-1,-1,-1,33,4,33,74,packages\webpack-node-externals\index.js,1,33
42,VariableDeclaration,nan,-1,-1,-1,34,4,36,41,packages\webpack-node-externals\index.js,1,34
43,VariableDeclaration,nan,-1,-1,-1,37,4,37,65,packages\webpack-node-externals\index.js,1,35
44,VariableDeclaration,nan,-1,-1,-1,38,4,38,56,packages\webpack-node-externals\index.js,1,36
45,VariableDeclaration,nan,-1,-1,-1,39,4,39,60,packages\webpack-node-externals\index.js,1,37
46,VariableDeclaration,nan,-1,-1,-1,40,4,40,54,packages\webpack-node-externals\index.js,1,38
47,VariableDeclaration,nan,-1,-1,-1,41,4,41,64,packages\webpack-node-externals\index.js,1,39
48,VariableDeclaration,nan,-1,-1,-1,42,4,42,68,packages\webpack-node-externals\index.js,1,40
49,FunctionDeclaration,nan,-1,1,1,45,4,47,5,packages\webpack-node-externals\index.js,1,41
50,VariableDeclaration,nan,-1,-1,-1,50,4,52,56,packages\webpack-node-externals\index.js,1,42
52,ReturnStatement,nan,1,-1,-1,60,4,84,6,packages\webpack-node-externals\index.js,1,43
53,AssignmentExpression,nan,-1,-1,-1,13,8,13,53,packages\webpack-node-externals\index.js,1,44
54,AssignmentExpression,nan,-1,-1,-1,18,8,18,39,packages\webpack-node-externals\index.js,1,45
55,CallExpression,nan,1,-1,-1,19,15,19,54,packages\webpack-node-externals\index.js,1,46
56,AssignmentExpression,nan,-1,-1,-1,25,4,25,27,packages\webpack-node-externals\index.js,1,47
57,BlockStatement,nan,-1,-1,-1,27,25,32,5,packages\webpack-node-externals\index.js,1,48
58,MemberExpression,nan,-1,-1,-1,27,8,27,23,packages\webpack-node-externals\index.js,1,49
59,Identifier,isNotBinary,-1,-1,-1,45,13,45,24,packages\webpack-node-externals\index.js,1,50
60,Identifier,x,-1,-1,-1,45,25,45,26,packages\webpack-node-externals\index.js,1,51
62,BlockStatement,nan,-1,-1,-1,45,28,47,5,packages\webpack-node-externals\index.js,1,52
63,CallExpression,nan,1,-1,-1,53,4,57,6,packages\webpack-node-externals\index.js,1,53
64,FunctionExpression,nan,-1,1,1,60,11,84,5,packages\webpack-node-externals\index.js,1,54
65,Identifier,req,-1,-1,-1,13,8,13,11,packages\webpack-node-externals\index.js,1,55
66,CallExpression,nan,2,-1,-1,13,14,13,53,packages\webpack-node-externals\index.js,1,56
67,MemberExpression,nan,-1,-1,-1,18,8,18,35,packages\webpack-node-externals\index.js,1,57
69,Identifier,delimiter,-1,-1,-1,19,44,19,53,packages\webpack-node-externals\index.js,1,58
70,MemberExpression,nan,-1,-1,-1,19,15,19,43,packages\webpack-node-externals\index.js,1,59
71,Identifier,options,-1,-1,-1,25,4,25,11,packages\webpack-node-externals\index.js,1,60
72,LogicalExpression,nan,-1,-1,-1,25,14,25,27,packages\webpack-node-externals\index.js,1,61
74,ReturnStatement,nan,1,-1,-1,46,8,46,46,packages\webpack-node-externals\index.js,1,62
75,FunctionExpression,nan,-1,1,0,53,33,57,5,packages\webpack-node-externals\index.js,1,63
76,MemberExpression,nan,-1,-1,-1,53,4,53,32,packages\webpack-node-externals\index.js,1,64
77,RestElement,nan,1,-1,-1,60,21,60,28,packages\webpack-node-externals\index.js,1,65
79,BlockStatement,nan,-1,-1,-1,60,30,84,5,packages\webpack-node-externals\index.js,1,66
82,MemberExpression,nan,-1,-1,-1,13,14,13,25,packages\webpack-node-externals\index.js,1,67
83,Identifier,options,-1,-1,-1,25,14,25,21,packages\webpack-node-externals\index.js,1,68
84,ObjectExpression,nan,-1,-1,-1,25,25,25,27,packages\webpack-node-externals\index.js,1,69
85,CallExpression,nan,1,-1,-1,28,8,31,10,packages\webpack-node-externals\index.js,1,70
86,UnaryExpression,nan,1,-1,-1,46,15,46,45,packages\webpack-node-externals\index.js,1,71
87,Identifier,additionalDirectory,-1,-1,-1,53,43,53,62,packages\webpack-node-externals\index.js,1,72
89,BlockStatement,nan,-1,-1,-1,53,64,57,5,packages\webpack-node-externals\index.js,1,73
90,Identifier,args,-1,-1,-1,60,24,60,28,packages\webpack-node-externals\index.js,1,74
91,VariableDeclaration,nan,-1,-1,-1,61,8,61,40,packages\webpack-node-externals\index.js,1,75
92,VariableDeclaration,nan,-1,-1,-1,63,8,63,27,packages\webpack-node-externals\index.js,1,76
93,VariableDeclaration,nan,-1,-1,-1,64,8,64,28,packages\webpack-node-externals\index.js,1,77
94,IfStatement,nan,-1,-1,-1,66,8,70,9,packages\webpack-node-externals\index.js,1,78
95,VariableDeclaration,nan,-1,-1,-1,71,8,71,72,packages\webpack-node-externals\index.js,1,79
96,IfStatement,nan,-1,-1,-1,72,8,82,9,packages\webpack-node-externals\index.js,1,80
98,ArrowFunctionExpression,nan,-1,1,0,28,25,31,9,packages\webpack-node-externals\index.js,1,81
99,MemberExpression,nan,-1,-1,-1,28,8,28,24,packages\webpack-node-externals\index.js,1,82
100,CallExpression,nan,2,-1,-1,46,16,46,45,packages\webpack-node-externals\index.js,1,83
102,BlockStatement,nan,-1,-1,-1,66,50,70,9,packages\webpack-node-externals\index.js,1,84
103,LogicalExpression,nan,-1,-1,-1,66,12,66,48,packages\webpack-node-externals\index.js,1,85
104,BlockStatement,nan,-1,-1,-1,75,10,82,9,packages\webpack-node-externals\index.js,1,86
105,LogicalExpression,nan,-1,-1,-1,73,12,74,54,packages\webpack-node-externals\index.js,1,87
106,CallExpression,nan,0,-1,-1,83,8,83,18,packages\webpack-node-externals\index.js,1,88
107,Identifier,mistake,-1,-1,-1,28,26,28,33,packages\webpack-node-externals\index.js,1,89
109,BlockStatement,nan,-1,-1,-1,28,38,31,9,packages\webpack-node-externals\index.js,1,90
110,Identifier,binaryDirs,-1,-1,-1,46,31,46,41,packages\webpack-node-externals\index.js,1,91
111,Identifier,x,-1,-1,-1,46,43,46,44,packages\webpack-node-externals\index.js,1,92
112,MemberExpression,nan,-1,-1,-1,46,16,46,30,packages\webpack-node-externals\index.js,1,93
113,AssignmentExpression,nan,-1,-1,-1,54,8,56,9,packages\webpack-node-externals\index.js,1,94
116,LogicalExpression,nan,-1,-1,-1,66,12,66,32,packages\webpack-node-externals\index.js,1,95
117,MemberExpression,nan,-1,-1,-1,66,36,66,48,packages\webpack-node-externals\index.js,1,96
118,IfStatement,nan,-1,-1,-1,76,12,78,13,packages\webpack-node-externals\index.js,1,97
119,ReturnStatement,nan,1,-1,-1,81,12,81,62,packages\webpack-node-externals\index.js,1,98
120,CallExpression,nan,2,-1,-1,73,12,73,51,packages\webpack-node-externals\index.js,1,99
121,UnaryExpression,nan,1,-1,-1,74,12,74,54,packages\webpack-node-externals\index.js,1,100
122,Identifier,callback,-1,-1,-1,83,8,83,16,packages\webpack-node-externals\index.js,1,101
125,Identifier,nodeModules,-1,-1,-1,54,8,54,19,packages\webpack-node-externals\index.js,1,102
126,CallExpression,nan,1,-1,-1,54,22,56,9,packages\webpack-node-externals\index.js,1,103
127,AssignmentExpression,nan,-1,-1,-1,68,12,68,34,packages\webpack-node-externals\index.js,1,104
128,AssignmentExpression,nan,-1,-1,-1,69,12,69,27,packages\webpack-node-externals\index.js,1,105
129,Identifier,arg1,-1,-1,-1,66,12,66,16,packages\webpack-node-externals\index.js,1,106
130,MemberExpression,nan,-1,-1,-1,66,20,66,32,packages\webpack-node-externals\index.js,1,107
131,BlockStatement,nan,-1,-1,-1,76,50,78,13,packages\webpack-node-externals\index.js,1,108
133,CallExpression,nan,2,-1,-1,81,19,81,61,packages\webpack-node-externals\index.js,1,109
134,Identifier,nodeModules,-1,-1,-1,73,27,73,38,packages\webpack-node-externals\index.js,1,110
135,Identifier,moduleName,-1,-1,-1,73,40,73,50,packages\webpack-node-externals\index.js,1,111
136,MemberExpression,nan,-1,-1,-1,73,12,73,26,packages\webpack-node-externals\index.js,1,112
137,CallExpression,nan,2,-1,-1,74,13,74,54,packages\webpack-node-externals\index.js,1,113
138,CallExpression,nan,1,-1,-1,29,12,29,67,packages\webpack-node-externals\index.js,1,114
139,CallExpression,nan,1,-1,-1,30,12,30,38,packages\webpack-node-externals\index.js,1,115
140,CallExpression,nan,1,-1,-1,55,12,55,66,packages\webpack-node-externals\index.js,1,116
141,MemberExpression,nan,-1,-1,-1,54,22,54,40,packages\webpack-node-externals\index.js,1,117
142,Identifier,request,-1,-1,-1,68,12,68,19,packages\webpack-node-externals\index.js,1,118
143,MemberExpression,nan,-1,-1,-1,68,22,68,34,packages\webpack-node-externals\index.js,1,119
144,Identifier,callback,-1,-1,-1,69,12,69,20,packages\webpack-node-externals\index.js,1,120
145,Identifier,arg2,-1,-1,-1,69,23,69,27,packages\webpack-node-externals\index.js,1,121
146,ReturnStatement,nan,1,-1,-1,77,16,77,59,packages\webpack-node-externals\index.js,1,122
147,UnaryExpression,nan,1,-1,-1,76,16,76,33,packages\webpack-node-externals\index.js,1,123
151,Identifier,callback,-1,-1,-1,81,19,81,27,packages\webpack-node-externals\index.js,1,124
152,Identifier,allowlist,-1,-1,-1,74,35,74,44,packages\webpack-node-externals\index.js,1,125
153,Identifier,request,-1,-1,-1,74,46,74,53,packages\webpack-node-externals\index.js,1,126
154,MemberExpression,nan,-1,-1,-1,74,13,74,34,packages\webpack-node-externals\index.js,1,127
155,CallExpression,nan,1,-1,-1,29,24,29,66,packages\webpack-node-externals\index.js,1,128
156,MemberExpression,nan,-1,-1,-1,29,12,29,23,packages\webpack-node-externals\index.js,1,129
157,MemberExpression,nan,-1,-1,-1,30,22,30,37,packages\webpack-node-externals\index.js,1,130
158,MemberExpression,nan,-1,-1,-1,30,12,30,21,packages\webpack-node-externals\index.js,1,131
159,Identifier,isNotBinary,-1,-1,-1,55,54,55,65,packages\webpack-node-externals\index.js,1,132
160,MemberExpression,nan,-1,-1,-1,55,12,55,53,packages\webpack-node-externals\index.js,1,133
161,CallExpression,nan,2,-1,-1,77,23,77,58,packages\webpack-node-externals\index.js,1,134
162,Identifier,importType,-1,-1,-1,76,23,76,33,packages\webpack-node-externals\index.js,1,135
164,Identifier,request,-1,-1,-1,81,53,81,60,packages\webpack-node-externals\index.js,1,136
165,ArrowFunctionExpression,nan,-1,1,0,29,37,29,65,packages\webpack-node-externals\index.js,1,137
166,MemberExpression,nan,-1,-1,-1,29,24,29,36,packages\webpack-node-externals\index.js,1,138
168,CallExpression,nan,1,-1,-1,77,38,77,57,packages\webpack-node-externals\index.js,1,139
169,Identifier,callback,-1,-1,-1,77,23,77,31,packages\webpack-node-externals\index.js,1,140
170,Identifier,importType,-1,-1,-1,81,34,81,44,packages\webpack-node-externals\index.js,1,141
172,Identifier,mistake,-1,-1,-1,29,38,29,45,packages\webpack-node-externals\index.js,1,142
174,MemberExpression,nan,-1,-1,-1,29,50,29,65,packages\webpack-node-externals\index.js,1,143
175,Identifier,request,-1,-1,-1,77,49,77,56,packages\webpack-node-externals\index.js,1,144
176,Identifier,importType,-1,-1,-1,77,38,77,48,packages\webpack-node-externals\index.js,1,145
177,Program,nan,-1,-1,-1,1,0,147,2,packages\webpack-node-externals\utils.js,0,146
178,VariableDeclaration,nan,-1,-1,-1,1,0,1,25,packages\webpack-node-externals\utils.js,0,147
179,VariableDeclaration,nan,-1,-1,-1,2,0,2,29,packages\webpack-node-externals\utils.js,0,148
181,VariableDeclaration,nan,-1,-1,-1,8,0,8,39,packages\webpack-node-externals\utils.js,0,149
183,FunctionDeclaration,nan,-1,1,1,41,0,43,1,packages\webpack-node-externals\utils.js,0,150
190,AssignmentExpression,nan,-1,-1,-1,4,0,6,1,packages\webpack-node-externals\utils.js,0,151
191,AssignmentExpression,nan,-1,-1,-1,9,0,39,1,packages\webpack-node-externals\utils.js,0,152
192,Identifier,getFilePath,-1,-1,-1,41,9,41,20,packages\webpack-node-externals\utils.js,0,153
193,Identifier,options,-1,-1,-1,41,21,41,28,packages\webpack-node-externals\utils.js,0,154
195,BlockStatement,nan,-1,-1,-1,41,30,43,1,packages\webpack-node-externals\utils.js,0,155
196,AssignmentExpression,nan,-1,-1,-1,44,0,44,33,packages\webpack-node-externals\utils.js,0,156
197,AssignmentExpression,nan,-1,-1,-1,46,0,84,1,packages\webpack-node-externals\utils.js,0,157
198,AssignmentExpression,nan,-1,-1,-1,86,0,99,1,packages\webpack-node-externals\utils.js,0,158
199,AssignmentExpression,nan,-1,-1,-1,101,0,133,1,packages\webpack-node-externals\utils.js,0,159
200,AssignmentExpression,nan,-1,-1,-1,135,0,137,1,packages\webpack-node-externals\utils.js,0,160
201,AssignmentExpression,nan,-1,-1,-1,139,0,147,1,packages\webpack-node-externals\utils.js,0,161
202,MemberExpression,nan,-1,-1,-1,4,0,4,16,packages\webpack-node-externals\utils.js,0,162
203,FunctionExpression,nan,-1,2,1,4,19,6,1,packages\webpack-node-externals\utils.js,0,163
204,MemberExpression,nan,-1,-1,-1,9,0,9,15,packages\webpack-node-externals\utils.js,0,164
205,FunctionExpression,nan,-1,1,1,9,18,39,1,packages\webpack-node-externals\utils.js,0,165
206,ReturnStatement,nan,1,-1,-1,42,4,42,75,packages\webpack-node-externals\utils.js,0,166
207,MemberExpression,nan,-1,-1,-1,44,0,44,19,packages\webpack-node-externals\utils.js,0,167
208,Identifier,getFilePath,-1,-1,-1,44,22,44,33,packages\webpack-node-externals\utils.js,0,168
209,MemberExpression,nan,-1,-1,-1,46,0,46,27,packages\webpack-node-externals\utils.js,0,169
210,FunctionExpression,nan,-1,1,1,46,30,84,1,packages\webpack-node-externals\utils.js,0,170
211,MemberExpression,nan,-1,-1,-1,86,0,86,23,packages\webpack-node-externals\utils.js,0,171
212,FunctionExpression,nan,-1,2,1,86,26,99,1,packages\webpack-node-externals\utils.js,0,172
213,MemberExpression,nan,-1,-1,-1,101,0,101,23,packages\webpack-node-externals\utils.js,0,173
214,FunctionExpression,nan,-1,1,1,101,26,133,1,packages\webpack-node-externals\utils.js,0,174
215,MemberExpression,nan,-1,-1,-1,135,0,135,11,packages\webpack-node-externals\utils.js,0,175
216,FunctionExpression,nan,-1,1,0,135,14,137,1,packages\webpack-node-externals\utils.js,0,176
217,MemberExpression,nan,-1,-1,-1,139,0,139,13,packages\webpack-node-externals\utils.js,0,177
218,FunctionExpression,nan,-1,1,0,139,16,147,1,packages\webpack-node-externals\utils.js,0,178
219,Identifier,contains,-1,-1,-1,4,28,4,36,packages\webpack-node-externals\utils.js,0,179
220,Identifier,arr,-1,-1,-1,4,37,4,40,packages\webpack-node-externals\utils.js,0,180
221,Identifier,val,-1,-1,-1,4,42,4,45,packages\webpack-node-externals\utils.js,0,181
223,BlockStatement,nan,-1,-1,-1,4,47,6,1,packages\webpack-node-externals\utils.js,0,182
224,Identifier,readDir,-1,-1,-1,9,27,9,34,packages\webpack-node-externals\utils.js,0,183
225,Identifier,dirName,-1,-1,-1,9,35,9,42,packages\webpack-node-externals\utils.js,0,184
227,BlockStatement,nan,-1,-1,-1,9,44,39,1,packages\webpack-node-externals\utils.js,0,185
228,CallExpression,nan,2,-1,-1,42,11,42,74,packages\webpack-node-externals\utils.js,0,186
229,Identifier,readFromPackageJson,-1,-1,-1,46,39,46,58,packages\webpack-node-externals\utils.js,0,187
230,Identifier,options,-1,-1,-1,46,59,46,66,packages\webpack-node-externals\utils.js,0,188
232,BlockStatement,nan,-1,-1,-1,46,68,84,1,packages\webpack-node-externals\utils.js,0,189
233,Identifier,containsPattern,-1,-1,-1,86,35,86,50,packages\webpack-node-externals\utils.js,0,190
234,Identifier,arr,-1,-1,-1,86,51,86,54,packages\webpack-node-externals\utils.js,0,191
235,Identifier,val,-1,-1,-1,86,56,86,59,packages\webpack-node-externals\utils.js,0,192
237,BlockStatement,nan,-1,-1,-1,86,61,99,1,packages\webpack-node-externals\utils.js,0,193
238,Identifier,options,-1,-1,-1,101,36,101,43,packages\webpack-node-externals\utils.js,0,194
240,BlockStatement,nan,-1,-1,-1,101,45,133,1,packages\webpack-node-externals\utils.js,0,195
241,Identifier,message,-1,-1,-1,135,24,135,31,packages\webpack-node-externals\utils.js,0,196
243,BlockStatement,nan,-1,-1,-1,135,33,137,1,packages\webpack-node-externals\utils.js,0,197
244,Identifier,errors,-1,-1,-1,139,26,139,32,packages\webpack-node-externals\utils.js,0,198
246,BlockStatement,nan,-1,-1,-1,139,34,147,1,packages\webpack-node-externals\utils.js,0,199
247,ReturnStatement,nan,1,-1,-1,5,4,5,42,packages\webpack-node-externals\utils.js,0,200
248,IfStatement,nan,-1,-1,-1,10,4,12,5,packages\webpack-node-externals\utils.js,0,201
249,TryStatement,nan,-1,-1,-1,14,4,38,5,packages\webpack-node-externals\utils.js,0,202
250,CallExpression,nan,0,-1,-1,42,24,42,37,packages\webpack-node-externals\utils.js,0,203
251,LogicalExpression,nan,-1,-1,-1,42,39,42,73,packages\webpack-node-externals\utils.js,0,204
252,MemberExpression,nan,-1,-1,-1,42,11,42,23,packages\webpack-node-externals\utils.js,0,205
253,IfStatement,nan,-1,-1,-1,47,4,49,5,packages\webpack-node-externals\utils.js,0,206
254,VariableDeclaration,nan,-1,-1,-1,50,4,50,71,packages\webpack-node-externals\utils.js,0,207
255,VariableDeclaration,nan,-1,-1,-1,51,4,51,75,packages\webpack-node-externals\utils.js,0,208
256,VariableDeclaration,nan,-1,-1,-1,54,4,54,20,packages\webpack-node-externals\utils.js,0,209
257,TryStatement,nan,-1,-1,-1,55,4,60,5,packages\webpack-node-externals\utils.js,0,210
258,VariableDeclaration,nan,-1,-1,-1,62,4,67,6,packages\webpack-node-externals\utils.js,0,211
259,IfStatement,nan,-1,-1,-1,68,4,70,5,packages\webpack-node-externals\utils.js,0,212
260,IfStatement,nan,-1,-1,-1,71,4,75,5,packages\webpack-node-externals\utils.js,0,213
261,VariableDeclaration,nan,-1,-1,-1,77,4,77,20,packages\webpack-node-externals\utils.js,0,214
263,ReturnStatement,nan,1,-1,-1,83,4,83,29,packages\webpack-node-externals\utils.js,0,215
264,ReturnStatement,nan,1,-1,-1,87,4,98,6,packages\webpack-node-externals\utils.js,0,216
266,VariableDeclaration,nan,-1,-1,-1,103,4,103,23,packages\webpack-node-externals\utils.js,0,217
267,VariableDeclaration,nan,-1,-1,-1,104,4,111,6,packages\webpack-node-externals\utils.js,0,218
268,VariableDeclaration,nan,-1,-1,-1,112,4,112,45,packages\webpack-node-externals\utils.js,0,219
269,VariableDeclaration,nan,-1,-1,-1,113,4,115,7,packages\webpack-node-externals\utils.js,0,220
271,ReturnStatement,nan,1,-1,-1,132,4,132,19,packages\webpack-node-externals\utils.js,0,221
273,ThrowStatement,nan,1,-1,-1,140,4,146,6,packages\webpack-node-externals\utils.js,0,222
274,LogicalExpression,nan,-1,-1,-1,5,11,5,41,packages\webpack-node-externals\utils.js,0,223
275,BlockStatement,nan,-1,-1,-1,10,33,12,5,packages\webpack-node-externals\utils.js,0,224
276,UnaryExpression,nan,1,-1,-1,10,8,10,31,packages\webpack-node-externals\utils.js,0,225
277,MemberExpression,nan,-1,-1,-1,42,24,42,35,packages\webpack-node-externals\utils.js,0,226
278,MemberExpression,nan,-1,-1,-1,42,39,42,55,packages\webpack-node-externals\utils.js,0,227
280,BlockStatement,nan,-1,-1,-1,47,37,49,5,packages\webpack-node-externals\utils.js,0,228
282,BlockStatement,nan,-1,-1,-1,68,27,70,5,packages\webpack-node-externals\utils.js,0,229
283,Identifier,excludeFromBundle,-1,-1,-1,68,8,68,25,packages\webpack-node-externals\utils.js,0,230
284,BlockStatement,nan,-1,-1,-1,71,25,75,5,packages\webpack-node-externals\utils.js,0,231
285,Identifier,includeInBundle,-1,-1,-1,71,8,71,23,packages\webpack-node-externals\utils.js,0,232
286,CallExpression,nan,1,-1,-1,78,4,82,6,packages\webpack-node-externals\utils.js,0,233
287,CallExpression,nan,1,-1,-1,83,11,83,28,packages\webpack-node-externals\utils.js,0,234
288,LogicalExpression,nan,-1,-1,-1,88,8,97,10,packages\webpack-node-externals\utils.js,0,235
289,AssignmentExpression,nan,-1,-1,-1,102,4,102,27,packages\webpack-node-externals\utils.js,0,236
290,CallExpression,nan,1,-1,-1,116,4,131,6,packages\webpack-node-externals\utils.js,0,237
291,Identifier,results,-1,-1,-1,132,11,132,18,packages\webpack-node-externals\utils.js,0,238
292,CallExpression,nan,1,-1,-1,136,4,136,56,packages\webpack-node-externals\utils.js,0,239
293,NewExpression,nan,1,-1,-1,140,10,146,5,packages\webpack-node-externals\utils.js,0,240
294,Identifier,arr,-1,-1,-1,5,11,5,14,packages\webpack-node-externals\utils.js,0,241
296,ReturnStatement,nan,1,-1,-1,11,8,11,18,packages\webpack-node-externals\utils.js,0,242
297,CallExpression,nan,1,-1,-1,10,9,10,31,packages\webpack-node-externals\utils.js,0,243
299,UnaryExpression,nan,1,-1,-1,47,8,47,22,packages\webpack-node-externals\utils.js,0,244
303,FunctionExpression,nan,-1,1,0,78,21,82,5,packages\webpack-node-externals\utils.js,0,245
304,MemberExpression,nan,-1,-1,-1,78,4,78,20,packages\webpack-node-externals\utils.js,0,246
305,Identifier,deps,-1,-1,-1,83,23,83,27,packages\webpack-node-externals\utils.js,0,247
306,MemberExpression,nan,-1,-1,-1,83,11,83,22,packages\webpack-node-externals\utils.js,0,248
307,Identifier,arr,-1,-1,-1,88,8,88,11,packages\webpack-node-externals\utils.js,0,249
308,CallExpression,nan,1,-1,-1,89,8,97,10,packages\webpack-node-externals\utils.js,0,250
309,Identifier,options,-1,-1,-1,102,4,102,11,packages\webpack-node-externals\utils.js,0,251
310,LogicalExpression,nan,-1,-1,-1,102,14,102,27,packages\webpack-node-externals\utils.js,0,252
311,FunctionExpression,nan,-1,1,0,116,34,131,5,packages\webpack-node-externals\utils.js,0,253
312,MemberExpression,nan,-1,-1,-1,116,4,116,33,packages\webpack-node-externals\utils.js,0,254
313,TemplateLiteral,nan,-1,-1,-1,136,16,136,55,packages\webpack-node-externals\utils.js,0,255
314,MemberExpression,nan,-1,-1,-1,136,4,136,15,packages\webpack-node-externals\utils.js,0,256
315,CallExpression,nan,1,-1,-1,141,8,145,25,packages\webpack-node-externals\utils.js,0,257
316,Identifier,Error,-1,-1,-1,140,14,140,19,packages\webpack-node-externals\utils.js,0,258
317,CallExpression,nan,1,-1,-1,5,18,5,34,packages\webpack-node-externals\utils.js,0,259
318,UnaryExpression,nan,1,-1,-1,5,39,5,41,packages\webpack-node-externals\utils.js,0,260
319,ArrayExpression,nan,-1,-1,-1,11,15,11,17,packages\webpack-node-externals\utils.js,0,261
320,Identifier,dirName,-1,-1,-1,10,23,10,30,packages\webpack-node-externals\utils.js,0,262
321,MemberExpression,nan,-1,-1,-1,10,9,10,22,packages\webpack-node-externals\utils.js,0,263
322,AssignmentExpression,nan,-1,-1,-1,48,8,48,20,packages\webpack-node-externals\utils.js,0,264
323,Identifier,options,-1,-1,-1,47,15,47,22,packages\webpack-node-externals\utils.js,0,265
324,AssignmentExpression,nan,-1,-1,-1,69,8,69,47,packages\webpack-node-externals\utils.js,0,266
325,AssignmentExpression,nan,-1,-1,-1,72,8,74,10,packages\webpack-node-externals\utils.js,0,267
326,Identifier,section,-1,-1,-1,78,31,78,38,packages\webpack-node-externals\utils.js,0,268
328,BlockStatement,nan,-1,-1,-1,78,40,82,5,packages\webpack-node-externals\utils.js,0,269
329,FunctionExpression,nan,-1,1,1,89,17,97,9,packages\webpack-node-externals\utils.js,0,270
330,MemberExpression,nan,-1,-1,-1,89,8,89,16,packages\webpack-node-externals\utils.js,0,271
331,Identifier,options,-1,-1,-1,102,14,102,21,packages\webpack-node-externals\utils.js,0,272
332,ObjectExpression,nan,-1,-1,-1,102,25,102,27,packages\webpack-node-externals\utils.js,0,273
333,Identifier,correctTerm,-1,-1,-1,116,44,116,55,packages\webpack-node-externals\utils.js,0,274
335,BlockStatement,nan,-1,-1,-1,116,57,131,5,packages\webpack-node-externals\utils.js,0,275
337,MemberExpression,nan,-1,-1,-1,141,8,145,17,packages\webpack-node-externals\utils.js,0,276
338,Identifier,val,-1,-1,-1,5,30,5,33,packages\webpack-node-externals\utils.js,0,277
339,MemberExpression,nan,-1,-1,-1,5,18,5,29,packages\webpack-node-externals\utils.js,0,278
341,Identifier,options,-1,-1,-1,48,8,48,15,packages\webpack-node-externals\utils.js,0,279
342,ObjectExpression,nan,-1,-1,-1,48,18,48,20,packages\webpack-node-externals\utils.js,0,280
343,Identifier,sections,-1,-1,-1,69,8,69,16,packages\webpack-node-externals\utils.js,0,281
344,CallExpression,nan,1,-1,-1,69,19,69,47,packages\webpack-node-externals\utils.js,0,282
345,Identifier,sections,-1,-1,-1,72,8,72,16,packages\webpack-node-externals\utils.js,0,283
346,CallExpression,nan,1,-1,-1,72,19,74,10,packages\webpack-node-externals\utils.js,0,284
348,Identifier,pattern,-1,-1,-1,89,27,89,34,packages\webpack-node-externals\utils.js,0,285
350,BlockStatement,nan,-1,-1,-1,89,36,97,9,packages\webpack-node-externals\utils.js,0,286
351,IfStatement,nan,-1,-1,-1,117,8,130,9,packages\webpack-node-externals\utils.js,0,287
352,Identifier,excludeFromBundle,-1,-1,-1,69,29,69,46,packages\webpack-node-externals\utils.js,0,288
353,MemberExpression,nan,-1,-1,-1,69,19,69,28,packages\webpack-node-externals\utils.js,0,289
354,FunctionExpression,nan,-1,1,1,72,35,74,9,packages\webpack-node-externals\utils.js,0,290
355,MemberExpression,nan,-1,-1,-1,72,19,72,34,packages\webpack-node-externals\utils.js,0,291
356,CallExpression,nan,1,-1,-1,79,8,81,10,packages\webpack-node-externals\utils.js,0,292
357,IfStatement,nan,-1,-1,-1,90,12,96,13,packages\webpack-node-externals\utils.js,0,293
358,BlockStatement,nan,-1,-1,-1,117,50,130,9,packages\webpack-node-externals\utils.js,0,294
359,UnaryExpression,nan,1,-1,-1,117,12,117,48,packages\webpack-node-externals\utils.js,0,295
360,Identifier,section,-1,-1,-1,72,45,72,52,packages\webpack-node-externals\utils.js,0,296
362,BlockStatement,nan,-1,-1,-1,72,54,74,9,packages\webpack-node-externals\utils.js,0,297
363,FunctionExpression,nan,-1,1,0,79,56,81,9,packages\webpack-node-externals\utils.js,0,298
364,MemberExpression,nan,-1,-1,-1,79,8,79,55,packages\webpack-node-externals\utils.js,0,299
365,BlockStatement,nan,-1,-1,-1,90,43,92,13,packages\webpack-node-externals\utils.js,0,300
368,CallExpression,nan,1,-1,-1,117,13,117,48,packages\webpack-node-externals\utils.js,0,301
369,ReturnStatement,nan,1,-1,-1,73,12,73,70,packages\webpack-node-externals\utils.js,0,302
370,Identifier,dep,-1,-1,-1,79,66,79,69,packages\webpack-node-externals\utils.js,0,303
372,BlockStatement,nan,-1,-1,-1,79,71,81,9,packages\webpack-node-externals\utils.js,0,304
373,ReturnStatement,nan,1,-1,-1,91,16,91,41,packages\webpack-node-externals\utils.js,0,305
374,Identifier,pattern,-1,-1,-1,90,16,90,23,packages\webpack-node-externals\utils.js,0,306
375,Identifier,RegExp,-1,-1,-1,90,35,90,41,packages\webpack-node-externals\utils.js,0,307
376,CallExpression,nan,1,-1,-1,118,12,129,18,packages\webpack-node-externals\utils.js,0,308
377,Identifier,correctTerm,-1,-1,-1,117,36,117,47,packages\webpack-node-externals\utils.js,0,309
378,MemberExpression,nan,-1,-1,-1,117,13,117,35,packages\webpack-node-externals\utils.js,0,310
381,CallExpression,nan,1,-1,-1,91,23,91,40,packages\webpack-node-externals\utils.js,0,311
382,FunctionExpression,nan,-1,1,0,120,25,129,17,packages\webpack-node-externals\utils.js,0,312
383,MemberExpression,nan,-1,-1,-1,118,12,120,24,packages\webpack-node-externals\utils.js,0,313
384,CallExpression,nan,1,-1,-1,73,19,73,62,packages\webpack-node-externals\utils.js,0,314
385,UnaryExpression,nan,1,-1,-1,73,67,73,69,packages\webpack-node-externals\utils.js,0,315
386,AssignmentExpression,nan,-1,-1,-1,80,12,80,28,packages\webpack-node-externals\utils.js,0,316
387,Identifier,val,-1,-1,-1,91,36,91,39,packages\webpack-node-externals\utils.js,0,317
388,MemberExpression,nan,-1,-1,-1,91,23,91,35,packages\webpack-node-externals\utils.js,0,318
389,Identifier,mistake,-1,-1,-1,120,35,120,42,packages\webpack-node-externals\utils.js,0,319
391,BlockStatement,nan,-1,-1,-1,120,44,129,17,packages\webpack-node-externals\utils.js,0,320
392,Identifier,section,-1,-1,-1,73,54,73,61,packages\webpack-node-externals\utils.js,0,321
393,MemberExpression,nan,-1,-1,-1,73,19,73,53,packages\webpack-node-externals\utils.js,0,322
395,MemberExpression,nan,-1,-1,-1,80,12,80,21,packages\webpack-node-externals\utils.js,0,323
397,VariableDeclaration,nan,-1,-1,-1,121,20,121,80,packages\webpack-node-externals\utils.js,0,324
398,IfStatement,nan,-1,-1,-1,122,20,128,21,packages\webpack-node-externals\utils.js,0,325
399,BlockStatement,nan,-1,-1,-1,122,34,128,21,packages\webpack-node-externals\utils.js,0,326
402,Identifier,ind,-1,-1,-1,122,24,122,27,packages\webpack-node-externals\utils.js,0,327
403,UnaryExpression,nan,1,-1,-1,122,30,122,32,packages\webpack-node-externals\utils.js,0,328
404,CallExpression,nan,1,-1,-1,123,24,127,26,packages\webpack-node-externals\utils.js,0,329
406,ObjectExpression,nan,-1,-1,-1,123,37,127,25,packages\webpack-node-externals\utils.js,0,330
407,MemberExpression,nan,-1,-1,-1,123,24,123,36,packages\webpack-node-externals\utils.js,0,331
408,Program,nan,-1,-1,-1,1,0,337,2,packages\webpack-node-externals\test\library.spec.js,1,332
409,VariableDeclaration,nan,-1,-1,-1,1,0,1,45,packages\webpack-node-externals\test\library.spec.js,1,333
410,VariableDeclaration,nan,-1,-1,-1,2,0,2,29,packages\webpack-node-externals\test\library.spec.js,1,334
411,VariableDeclaration,nan,-1,-1,-1,3,0,3,37,packages\webpack-node-externals\test\library.spec.js,1,335
412,VariableDeclaration,nan,-1,-1,-1,4,0,4,45,packages\webpack-node-externals\test\library.spec.js,1,336
413,VariableDeclaration,nan,-1,-1,-1,5,0,5,50,packages\webpack-node-externals\test\library.spec.js,1,337
414,VariableDeclaration,nan,-1,-1,-1,6,0,6,42,packages\webpack-node-externals\test\library.spec.js,1,338
415,VariableDeclaration,nan,-1,-1,-1,7,0,7,17,packages\webpack-node-externals\test\library.spec.js,1,339
416,VariableDeclaration,nan,-1,-1,-1,8,0,8,66,packages\webpack-node-externals\test\library.spec.js,1,340
417,VariableDeclaration,nan,-1,-1,-1,9,0,9,82,packages\webpack-node-externals\test\library.spec.js,1,341
418,VariableDeclaration,nan,-1,-1,-1,10,0,10,29,packages\webpack-node-externals\test\library.spec.js,1,342
419,VariableDeclaration,nan,-1,-1,-1,11,0,11,27,packages\webpack-node-externals\test\library.spec.js,1,343
429,CallExpression,nan,2,-1,-1,14,0,45,2,packages\webpack-node-externals\test\library.spec.js,1,344
430,CallExpression,nan,2,-1,-1,48,0,84,2,packages\webpack-node-externals\test\library.spec.js,1,345
431,CallExpression,nan,2,-1,-1,87,0,151,2,packages\webpack-node-externals\test\library.spec.js,1,346
432,CallExpression,nan,2,-1,-1,154,0,192,2,packages\webpack-node-externals\test\library.spec.js,1,347
433,CallExpression,nan,2,-1,-1,195,0,234,2,packages\webpack-node-externals\test\library.spec.js,1,348
434,CallExpression,nan,2,-1,-1,236,0,270,2,packages\webpack-node-externals\test\library.spec.js,1,349
435,CallExpression,nan,2,-1,-1,273,0,304,2,packages\webpack-node-externals\test\library.spec.js,1,350
436,CallExpression,nan,2,-1,-1,306,0,329,2,packages\webpack-node-externals\test\library.spec.js,1,351
437,CallExpression,nan,2,-1,-1,331,0,337,2,packages\webpack-node-externals\test\library.spec.js,1,352
439,FunctionExpression,nan,-1,0,0,14,40,45,1,packages\webpack-node-externals\test\library.spec.js,1,353
440,Identifier,describe,-1,-1,-1,14,0,14,8,packages\webpack-node-externals\test\library.spec.js,1,354
442,FunctionExpression,nan,-1,0,0,48,51,84,1,packages\webpack-node-externals\test\library.spec.js,1,355
443,Identifier,describe,-1,-1,-1,48,0,48,8,packages\webpack-node-externals\test\library.spec.js,1,356
445,FunctionExpression,nan,-1,0,0,87,30,151,1,packages\webpack-node-externals\test\library.spec.js,1,357
446,Identifier,describe,-1,-1,-1,87,0,87,8,packages\webpack-node-externals\test\library.spec.js,1,358
448,FunctionExpression,nan,-1,0,0,154,34,192,1,packages\webpack-node-externals\test\library.spec.js,1,359
449,Identifier,describe,-1,-1,-1,154,0,154,8,packages\webpack-node-externals\test\library.spec.js,1,360
451,FunctionExpression,nan,-1,0,0,195,53,234,1,packages\webpack-node-externals\test\library.spec.js,1,361
452,Identifier,describe,-1,-1,-1,195,0,195,8,packages\webpack-node-externals\test\library.spec.js,1,362
454,FunctionExpression,nan,-1,0,0,236,44,270,1,packages\webpack-node-externals\test\library.spec.js,1,363
455,Identifier,describe,-1,-1,-1,236,0,236,8,packages\webpack-node-externals\test\library.spec.js,1,364
457,FunctionExpression,nan,-1,0,0,273,52,304,1,packages\webpack-node-externals\test\library.spec.js,1,365
458,Identifier,describe,-1,-1,-1,273,0,273,8,packages\webpack-node-externals\test\library.spec.js,1,366
460,FunctionExpression,nan,-1,0,0,306,29,329,1,packages\webpack-node-externals\test\library.spec.js,1,367
461,Identifier,describe,-1,-1,-1,306,0,306,8,packages\webpack-node-externals\test\library.spec.js,1,368
463,FunctionExpression,nan,-1,0,0,331,22,337,1,packages\webpack-node-externals\test\library.spec.js,1,369
464,Identifier,describe,-1,-1,-1,331,0,331,8,packages\webpack-node-externals\test\library.spec.js,1,370
466,BlockStatement,nan,-1,-1,-1,14,51,45,1,packages\webpack-node-externals\test\library.spec.js,1,371
468,BlockStatement,nan,-1,-1,-1,48,62,84,1,packages\webpack-node-externals\test\library.spec.js,1,372
470,BlockStatement,nan,-1,-1,-1,87,41,151,1,packages\webpack-node-externals\test\library.spec.js,1,373
472,BlockStatement,nan,-1,-1,-1,154,45,192,1,packages\webpack-node-externals\test\library.spec.js,1,374
474,BlockStatement,nan,-1,-1,-1,195,64,234,1,packages\webpack-node-externals\test\library.spec.js,1,375
476,BlockStatement,nan,-1,-1,-1,236,55,270,1,packages\webpack-node-externals\test\library.spec.js,1,376
478,BlockStatement,nan,-1,-1,-1,273,63,304,1,packages\webpack-node-externals\test\library.spec.js,1,377
480,BlockStatement,nan,-1,-1,-1,306,41,329,1,packages\webpack-node-externals\test\library.spec.js,1,378
482,BlockStatement,nan,-1,-1,-1,331,33,337,1,packages\webpack-node-externals\test\library.spec.js,1,379
519,CallExpression,nan,1,-1,-1,16,4,19,6,packages\webpack-node-externals\test\library.spec.js,1,380
520,CallExpression,nan,2,-1,-1,21,4,30,6,packages\webpack-node-externals\test\library.spec.js,1,381
521,CallExpression,nan,2,-1,-1,32,4,40,6,packages\webpack-node-externals\test\library.spec.js,1,382
522,CallExpression,nan,1,-1,-1,42,4,44,6,packages\webpack-node-externals\test\library.spec.js,1,383
523,CallExpression,nan,1,-1,-1,50,4,53,6,packages\webpack-node-externals\test\library.spec.js,1,384
524,CallExpression,nan,2,-1,-1,55,4,63,6,packages\webpack-node-externals\test\library.spec.js,1,385
525,CallExpression,nan,2,-1,-1,65,4,68,6,packages\webpack-node-externals\test\library.spec.js,1,386
526,CallExpression,nan,2,-1,-1,70,4,79,6,packages\webpack-node-externals\test\library.spec.js,1,387
527,CallExpression,nan,1,-1,-1,81,4,83,6,packages\webpack-node-externals\test\library.spec.js,1,388
528,CallExpression,nan,1,-1,-1,89,4,92,6,packages\webpack-node-externals\test\library.spec.js,1,389
529,CallExpression,nan,2,-1,-1,94,4,99,6,packages\webpack-node-externals\test\library.spec.js,1,390
530,CallExpression,nan,2,-1,-1,101,4,106,6,packages\webpack-node-externals\test\library.spec.js,1,391
531,CallExpression,nan,2,-1,-1,108,4,146,6,packages\webpack-node-externals\test\library.spec.js,1,392
532,CallExpression,nan,1,-1,-1,148,4,150,6,packages\webpack-node-externals\test\library.spec.js,1,393
533,CallExpression,nan,1,-1,-1,156,4,163,6,packages\webpack-node-externals\test\library.spec.js,1,394
534,CallExpression,nan,2,-1,-1,165,4,171,6,packages\webpack-node-externals\test\library.spec.js,1,395
535,CallExpression,nan,2,-1,-1,173,4,182,6,packages\webpack-node-externals\test\library.spec.js,1,396
536,CallExpression,nan,2,-1,-1,184,4,187,6,packages\webpack-node-externals\test\library.spec.js,1,397
537,CallExpression,nan,1,-1,-1,189,4,191,6,packages\webpack-node-externals\test\library.spec.js,1,398
538,CallExpression,nan,1,-1,-1,197,4,202,6,packages\webpack-node-externals\test\library.spec.js,1,399
539,CallExpression,nan,2,-1,-1,204,4,215,6,packages\webpack-node-externals\test\library.spec.js,1,400
540,CallExpression,nan,2,-1,-1,217,4,229,6,packages\webpack-node-externals\test\library.spec.js,1,401
541,CallExpression,nan,1,-1,-1,231,4,233,6,packages\webpack-node-externals\test\library.spec.js,1,402
542,CallExpression,nan,1,-1,-1,237,4,239,6,packages\webpack-node-externals\test\library.spec.js,1,403
543,CallExpression,nan,2,-1,-1,240,4,260,6,packages\webpack-node-externals\test\library.spec.js,1,404
544,CallExpression,nan,2,-1,-1,261,4,266,6,packages\webpack-node-externals\test\library.spec.js,1,405
545,CallExpression,nan,1,-1,-1,267,4,269,6,packages\webpack-node-externals\test\library.spec.js,1,406
546,CallExpression,nan,1,-1,-1,275,4,278,6,packages\webpack-node-externals\test\library.spec.js,1,407
547,CallExpression,nan,2,-1,-1,280,4,289,6,packages\webpack-node-externals\test\library.spec.js,1,408
548,CallExpression,nan,2,-1,-1,291,4,299,6,packages\webpack-node-externals\test\library.spec.js,1,409
549,CallExpression,nan,1,-1,-1,301,4,303,6,packages\webpack-node-externals\test\library.spec.js,1,410
550,CallExpression,nan,2,-1,-1,307,4,312,6,packages\webpack-node-externals\test\library.spec.js,1,411
551,CallExpression,nan,2,-1,-1,313,4,317,6,packages\webpack-node-externals\test\library.spec.js,1,412
552,CallExpression,nan,2,-1,-1,318,4,323,6,packages\webpack-node-externals\test\library.spec.js,1,413
553,CallExpression,nan,2,-1,-1,324,4,328,6,packages\webpack-node-externals\test\library.spec.js,1,414
554,CallExpression,nan,2,-1,-1,332,4,336,6,packages\webpack-node-externals\test\library.spec.js,1,415
555,FunctionExpression,nan,-1,0,0,16,11,19,5,packages\webpack-node-externals\test\library.spec.js,1,416
556,Identifier,before,-1,-1,-1,16,4,16,10,packages\webpack-node-externals\test\library.spec.js,1,417
558,FunctionExpression,nan,-1,0,0,21,50,30,5,packages\webpack-node-externals\test\library.spec.js,1,418
559,Identifier,describe,-1,-1,-1,21,4,21,12,packages\webpack-node-externals\test\library.spec.js,1,419
561,FunctionExpression,nan,-1,0,0,32,48,40,5,packages\webpack-node-externals\test\library.spec.js,1,420
562,Identifier,describe,-1,-1,-1,32,4,32,12,packages\webpack-node-externals\test\library.spec.js,1,421
563,FunctionExpression,nan,-1,0,0,42,10,44,5,packages\webpack-node-externals\test\library.spec.js,1,422
564,Identifier,after,-1,-1,-1,42,4,42,9,packages\webpack-node-externals\test\library.spec.js,1,423
565,FunctionExpression,nan,-1,0,0,50,11,53,5,packages\webpack-node-externals\test\library.spec.js,1,424
566,Identifier,before,-1,-1,-1,50,4,50,10,packages\webpack-node-externals\test\library.spec.js,1,425
568,FunctionExpression,nan,-1,0,0,55,45,63,5,packages\webpack-node-externals\test\library.spec.js,1,426
569,Identifier,describe,-1,-1,-1,55,4,55,12,packages\webpack-node-externals\test\library.spec.js,1,427
571,FunctionExpression,nan,-1,0,0,65,48,68,5,packages\webpack-node-externals\test\library.spec.js,1,428
572,Identifier,describe,-1,-1,-1,65,4,65,12,packages\webpack-node-externals\test\library.spec.js,1,429
574,FunctionExpression,nan,-1,0,0,70,48,79,5,packages\webpack-node-externals\test\library.spec.js,1,430
575,Identifier,describe,-1,-1,-1,70,4,70,12,packages\webpack-node-externals\test\library.spec.js,1,431
576,FunctionExpression,nan,-1,0,0,81,10,83,5,packages\webpack-node-externals\test\library.spec.js,1,432
577,Identifier,after,-1,-1,-1,81,4,81,9,packages\webpack-node-externals\test\library.spec.js,1,433
578,FunctionExpression,nan,-1,0,0,89,11,92,5,packages\webpack-node-externals\test\library.spec.js,1,434
579,Identifier,before,-1,-1,-1,89,4,89,10,packages\webpack-node-externals\test\library.spec.js,1,435
581,FunctionExpression,nan,-1,0,0,94,50,99,5,packages\webpack-node-externals\test\library.spec.js,1,436
582,Identifier,describe,-1,-1,-1,94,4,94,12,packages\webpack-node-externals\test\library.spec.js,1,437
584,FunctionExpression,nan,-1,0,0,101,48,106,5,packages\webpack-node-externals\test\library.spec.js,1,438
585,Identifier,describe,-1,-1,-1,101,4,101,12,packages\webpack-node-externals\test\library.spec.js,1,439
587,FunctionExpression,nan,-1,0,0,108,48,146,5,packages\webpack-node-externals\test\library.spec.js,1,440
588,Identifier,describe,-1,-1,-1,108,4,108,12,packages\webpack-node-externals\test\library.spec.js,1,441
589,FunctionExpression,nan,-1,0,0,148,10,150,5,packages\webpack-node-externals\test\library.spec.js,1,442
590,Identifier,after,-1,-1,-1,148,4,148,9,packages\webpack-node-externals\test\library.spec.js,1,443
591,FunctionExpression,nan,-1,0,0,156,11,163,5,packages\webpack-node-externals\test\library.spec.js,1,444
592,Identifier,before,-1,-1,-1,156,4,156,10,packages\webpack-node-externals\test\library.spec.js,1,445
594,FunctionExpression,nan,-1,0,0,165,50,171,5,packages\webpack-node-externals\test\library.spec.js,1,446
595,Identifier,describe,-1,-1,-1,165,4,165,12,packages\webpack-node-externals\test\library.spec.js,1,447
597,FunctionExpression,nan,-1,0,0,173,48,182,5,packages\webpack-node-externals\test\library.spec.js,1,448
598,Identifier,describe,-1,-1,-1,173,4,173,12,packages\webpack-node-externals\test\library.spec.js,1,449
600,FunctionExpression,nan,-1,0,0,184,60,187,5,packages\webpack-node-externals\test\library.spec.js,1,450
601,Identifier,describe,-1,-1,-1,184,4,184,12,packages\webpack-node-externals\test\library.spec.js,1,451
602,FunctionExpression,nan,-1,0,0,189,10,191,5,packages\webpack-node-externals\test\library.spec.js,1,452
603,Identifier,after,-1,-1,-1,189,4,189,9,packages\webpack-node-externals\test\library.spec.js,1,453
604,FunctionExpression,nan,-1,0,0,197,11,202,5,packages\webpack-node-externals\test\library.spec.js,1,454
605,Identifier,before,-1,-1,-1,197,4,197,10,packages\webpack-node-externals\test\library.spec.js,1,455
607,FunctionExpression,nan,-1,0,0,204,50,215,5,packages\webpack-node-externals\test\library.spec.js,1,456
608,Identifier,describe,-1,-1,-1,204,4,204,12,packages\webpack-node-externals\test\library.spec.js,1,457
610,FunctionExpression,nan,-1,0,0,217,48,229,5,packages\webpack-node-externals\test\library.spec.js,1,458
611,Identifier,describe,-1,-1,-1,217,4,217,12,packages\webpack-node-externals\test\library.spec.js,1,459
612,FunctionExpression,nan,-1,0,0,231,10,233,5,packages\webpack-node-externals\test\library.spec.js,1,460
613,Identifier,after,-1,-1,-1,231,4,231,9,packages\webpack-node-externals\test\library.spec.js,1,461
614,FunctionExpression,nan,-1,0,0,237,11,239,5,packages\webpack-node-externals\test\library.spec.js,1,462
615,Identifier,before,-1,-1,-1,237,4,237,10,packages\webpack-node-externals\test\library.spec.js,1,463
617,FunctionExpression,nan,-1,0,0,240,38,260,5,packages\webpack-node-externals\test\library.spec.js,1,464
618,Identifier,it,-1,-1,-1,240,4,240,6,packages\webpack-node-externals\test\library.spec.js,1,465
620,FunctionExpression,nan,-1,1,0,261,52,266,5,packages\webpack-node-externals\test\library.spec.js,1,466
621,Identifier,it,-1,-1,-1,261,4,261,6,packages\webpack-node-externals\test\library.spec.js,1,467
622,FunctionExpression,nan,-1,0,0,267,10,269,5,packages\webpack-node-externals\test\library.spec.js,1,468
623,Identifier,after,-1,-1,-1,267,4,267,9,packages\webpack-node-externals\test\library.spec.js,1,469
624,FunctionExpression,nan,-1,0,0,275,11,278,5,packages\webpack-node-externals\test\library.spec.js,1,470
625,Identifier,before,-1,-1,-1,275,4,275,10,packages\webpack-node-externals\test\library.spec.js,1,471
627,FunctionExpression,nan,-1,0,0,280,50,289,5,packages\webpack-node-externals\test\library.spec.js,1,472
628,Identifier,describe,-1,-1,-1,280,4,280,12,packages\webpack-node-externals\test\library.spec.js,1,473
630,FunctionExpression,nan,-1,0,0,291,48,299,5,packages\webpack-node-externals\test\library.spec.js,1,474
631,Identifier,describe,-1,-1,-1,291,4,291,12,packages\webpack-node-externals\test\library.spec.js,1,475
632,FunctionExpression,nan,-1,0,0,301,10,303,5,packages\webpack-node-externals\test\library.spec.js,1,476
633,Identifier,after,-1,-1,-1,301,4,301,9,packages\webpack-node-externals\test\library.spec.js,1,477
635,FunctionExpression,nan,-1,0,0,307,43,312,5,packages\webpack-node-externals\test\library.spec.js,1,478
636,Identifier,it,-1,-1,-1,307,4,307,6,packages\webpack-node-externals\test\library.spec.js,1,479
638,FunctionExpression,nan,-1,0,0,313,37,317,5,packages\webpack-node-externals\test\library.spec.js,1,480
639,Identifier,it,-1,-1,-1,313,4,313,6,packages\webpack-node-externals\test\library.spec.js,1,481
641,FunctionExpression,nan,-1,0,0,318,39,323,5,packages\webpack-node-externals\test\library.spec.js,1,482
642,Identifier,it,-1,-1,-1,318,4,318,6,packages\webpack-node-externals\test\library.spec.js,1,483
644,FunctionExpression,nan,-1,0,0,324,40,328,5,packages\webpack-node-externals\test\library.spec.js,1,484
645,Identifier,it,-1,-1,-1,324,4,324,6,packages\webpack-node-externals\test\library.spec.js,1,485
647,FunctionExpression,nan,-1,0,0,332,46,336,5,packages\webpack-node-externals\test\library.spec.js,1,486
648,Identifier,it,-1,-1,-1,332,4,332,6,packages\webpack-node-externals\test\library.spec.js,1,487
650,BlockStatement,nan,-1,-1,-1,16,21,19,5,packages\webpack-node-externals\test\library.spec.js,1,488
652,BlockStatement,nan,-1,-1,-1,21,60,30,5,packages\webpack-node-externals\test\library.spec.js,1,489
654,BlockStatement,nan,-1,-1,-1,32,58,40,5,packages\webpack-node-externals\test\library.spec.js,1,490
656,BlockStatement,nan,-1,-1,-1,42,20,44,5,packages\webpack-node-externals\test\library.spec.js,1,491
658,BlockStatement,nan,-1,-1,-1,50,21,53,5,packages\webpack-node-externals\test\library.spec.js,1,492
660,BlockStatement,nan,-1,-1,-1,55,55,63,5,packages\webpack-node-externals\test\library.spec.js,1,493
662,BlockStatement,nan,-1,-1,-1,65,58,68,5,packages\webpack-node-externals\test\library.spec.js,1,494
664,BlockStatement,nan,-1,-1,-1,70,58,79,5,packages\webpack-node-externals\test\library.spec.js,1,495
666,BlockStatement,nan,-1,-1,-1,81,20,83,5,packages\webpack-node-externals\test\library.spec.js,1,496
668,BlockStatement,nan,-1,-1,-1,89,21,92,5,packages\webpack-node-externals\test\library.spec.js,1,497
670,BlockStatement,nan,-1,-1,-1,94,60,99,5,packages\webpack-node-externals\test\library.spec.js,1,498
672,BlockStatement,nan,-1,-1,-1,101,58,106,5,packages\webpack-node-externals\test\library.spec.js,1,499
674,BlockStatement,nan,-1,-1,-1,108,58,146,5,packages\webpack-node-externals\test\library.spec.js,1,500
676,BlockStatement,nan,-1,-1,-1,148,20,150,5,packages\webpack-node-externals\test\library.spec.js,1,501
678,BlockStatement,nan,-1,-1,-1,156,21,163,5,packages\webpack-node-externals\test\library.spec.js,1,502
680,BlockStatement,nan,-1,-1,-1,165,60,171,5,packages\webpack-node-externals\test\library.spec.js,1,503
682,BlockStatement,nan,-1,-1,-1,173,58,182,5,packages\webpack-node-externals\test\library.spec.js,1,504
684,BlockStatement,nan,-1,-1,-1,184,71,187,5,packages\webpack-node-externals\test\library.spec.js,1,505
686,BlockStatement,nan,-1,-1,-1,189,20,191,5,packages\webpack-node-externals\test\library.spec.js,1,506
688,BlockStatement,nan,-1,-1,-1,197,21,202,5,packages\webpack-node-externals\test\library.spec.js,1,507
690,BlockStatement,nan,-1,-1,-1,204,60,215,5,packages\webpack-node-externals\test\library.spec.js,1,508
692,BlockStatement,nan,-1,-1,-1,217,58,229,5,packages\webpack-node-externals\test\library.spec.js,1,509
694,BlockStatement,nan,-1,-1,-1,231,20,233,5,packages\webpack-node-externals\test\library.spec.js,1,510
696,BlockStatement,nan,-1,-1,-1,237,22,239,5,packages\webpack-node-externals\test\library.spec.js,1,511
698,BlockStatement,nan,-1,-1,-1,240,49,260,5,packages\webpack-node-externals\test\library.spec.js,1,512
699,Identifier,done,-1,-1,-1,261,61,261,65,packages\webpack-node-externals\test\library.spec.js,1,513
701,BlockStatement,nan,-1,-1,-1,261,67,266,5,packages\webpack-node-externals\test\library.spec.js,1,514
703,BlockStatement,nan,-1,-1,-1,267,20,269,5,packages\webpack-node-externals\test\library.spec.js,1,515
705,BlockStatement,nan,-1,-1,-1,275,21,278,5,packages\webpack-node-externals\test\library.spec.js,1,516
707,BlockStatement,nan,-1,-1,-1,280,60,289,5,packages\webpack-node-externals\test\library.spec.js,1,517
709,BlockStatement,nan,-1,-1,-1,291,58,299,5,packages\webpack-node-externals\test\library.spec.js,1,518
711,BlockStatement,nan,-1,-1,-1,301,20,303,5,packages\webpack-node-externals\test\library.spec.js,1,519
713,BlockStatement,nan,-1,-1,-1,307,55,312,5,packages\webpack-node-externals\test\library.spec.js,1,520
715,BlockStatement,nan,-1,-1,-1,313,49,317,5,packages\webpack-node-externals\test\library.spec.js,1,521
717,BlockStatement,nan,-1,-1,-1,318,51,323,5,packages\webpack-node-externals\test\library.spec.js,1,522
719,BlockStatement,nan,-1,-1,-1,324,52,328,5,packages\webpack-node-externals\test\library.spec.js,1,523
721,BlockStatement,nan,-1,-1,-1,332,57,336,5,packages\webpack-node-externals\test\library.spec.js,1,524
809,VariableDeclaration,nan,-1,-1,-1,241,8,241,39,packages\webpack-node-externals\test\library.spec.js,1,525
810,VariableDeclaration,nan,-1,-1,-1,242,8,242,32,packages\webpack-node-externals\test\library.spec.js,1,526
835,VariableDeclaration,nan,-1,-1,-1,308,8,308,81,packages\webpack-node-externals\test\library.spec.js,1,527
839,VariableDeclaration,nan,-1,-1,-1,314,8,314,96,packages\webpack-node-externals\test\library.spec.js,1,528
842,VariableDeclaration,nan,-1,-1,-1,319,8,319,81,packages\webpack-node-externals\test\library.spec.js,1,529
846,VariableDeclaration,nan,-1,-1,-1,325,8,325,88,packages\webpack-node-externals\test\library.spec.js,1,530
852,CallExpression,nan,0,-1,-1,17,8,17,25,packages\webpack-node-externals\test\library.spec.js,1,531
853,AssignmentExpression,nan,-1,-1,-1,18,8,18,42,packages\webpack-node-externals\test\library.spec.js,1,532
854,CallExpression,nan,2,-1,-1,22,8,22,88,packages\webpack-node-externals\test\library.spec.js,1,533
855,CallExpression,nan,2,-1,-1,23,8,23,93,packages\webpack-node-externals\test\library.spec.js,1,534
856,CallExpression,nan,2,-1,-1,24,8,24,140,packages\webpack-node-externals\test\library.spec.js,1,535
857,CallExpression,nan,2,-1,-1,25,8,25,114,packages\webpack-node-externals\test\library.spec.js,1,536
858,CallExpression,nan,2,-1,-1,26,8,26,144,packages\webpack-node-externals\test\library.spec.js,1,537
859,CallExpression,nan,2,-1,-1,27,8,27,152,packages\webpack-node-externals\test\library.spec.js,1,538
860,CallExpression,nan,2,-1,-1,28,8,28,188,packages\webpack-node-externals\test\library.spec.js,1,539
861,CallExpression,nan,2,-1,-1,33,8,33,86,packages\webpack-node-externals\test\library.spec.js,1,540
862,CallExpression,nan,2,-1,-1,34,8,34,99,packages\webpack-node-externals\test\library.spec.js,1,541
863,CallExpression,nan,2,-1,-1,35,8,35,83,packages\webpack-node-externals\test\library.spec.js,1,542
864,CallExpression,nan,2,-1,-1,36,8,36,113,packages\webpack-node-externals\test\library.spec.js,1,543
865,CallExpression,nan,2,-1,-1,37,8,37,142,packages\webpack-node-externals\test\library.spec.js,1,544
866,CallExpression,nan,2,-1,-1,38,8,38,96,packages\webpack-node-externals\test\library.spec.js,1,545
867,CallExpression,nan,2,-1,-1,39,8,39,125,packages\webpack-node-externals\test\library.spec.js,1,546
868,CallExpression,nan,0,-1,-1,43,8,43,21,packages\webpack-node-externals\test\library.spec.js,1,547
869,CallExpression,nan,0,-1,-1,51,8,51,25,packages\webpack-node-externals\test\library.spec.js,1,548
870,AssignmentExpression,nan,-1,-1,-1,52,8,52,61,packages\webpack-node-externals\test\library.spec.js,1,549
871,CallExpression,nan,2,-1,-1,56,8,56,83,packages\webpack-node-externals\test\library.spec.js,1,550
872,CallExpression,nan,2,-1,-1,57,8,57,88,packages\webpack-node-externals\test\library.spec.js,1,551
873,CallExpression,nan,2,-1,-1,58,8,58,135,packages\webpack-node-externals\test\library.spec.js,1,552
874,CallExpression,nan,2,-1,-1,59,8,59,109,packages\webpack-node-externals\test\library.spec.js,1,553
875,CallExpression,nan,2,-1,-1,60,8,60,139,packages\webpack-node-externals\test\library.spec.js,1,554
876,CallExpression,nan,2,-1,-1,61,8,61,147,packages\webpack-node-externals\test\library.spec.js,1,555
877,CallExpression,nan,2,-1,-1,66,8,66,86,packages\webpack-node-externals\test\library.spec.js,1,556
878,CallExpression,nan,2,-1,-1,67,8,67,83,packages\webpack-node-externals\test\library.spec.js,1,557
879,CallExpression,nan,1,-1,-1,71,8,75,10,packages\webpack-node-externals\test\library.spec.js,1,558
880,CallExpression,nan,2,-1,-1,77,8,77,88,packages\webpack-node-externals\test\library.spec.js,1,559
881,CallExpression,nan,2,-1,-1,78,8,78,86,packages\webpack-node-externals\test\library.spec.js,1,560
882,CallExpression,nan,0,-1,-1,82,8,82,21,packages\webpack-node-externals\test\library.spec.js,1,561
883,CallExpression,nan,0,-1,-1,90,8,90,25,packages\webpack-node-externals\test\library.spec.js,1,562
884,AssignmentExpression,nan,-1,-1,-1,91,8,91,65,packages\webpack-node-externals\test\library.spec.js,1,563
885,CallExpression,nan,2,-1,-1,95,8,95,100,packages\webpack-node-externals\test\library.spec.js,1,564
886,CallExpression,nan,2,-1,-1,96,8,96,147,packages\webpack-node-externals\test\library.spec.js,1,565
887,CallExpression,nan,2,-1,-1,97,8,97,144,packages\webpack-node-externals\test\library.spec.js,1,566
888,CallExpression,nan,2,-1,-1,98,8,98,152,packages\webpack-node-externals\test\library.spec.js,1,567
889,CallExpression,nan,2,-1,-1,102,8,102,86,packages\webpack-node-externals\test\library.spec.js,1,568
890,CallExpression,nan,2,-1,-1,103,8,103,103,packages\webpack-node-externals\test\library.spec.js,1,569
891,CallExpression,nan,2,-1,-1,104,8,104,135,packages\webpack-node-externals\test\library.spec.js,1,570
892,CallExpression,nan,2,-1,-1,105,8,105,83,packages\webpack-node-externals\test\library.spec.js,1,571
893,CallExpression,nan,2,-1,-1,109,8,115,10,packages\webpack-node-externals\test\library.spec.js,1,572
894,CallExpression,nan,2,-1,-1,116,8,122,10,packages\webpack-node-externals\test\library.spec.js,1,573
895,CallExpression,nan,2,-1,-1,124,8,130,10,packages\webpack-node-externals\test\library.spec.js,1,574
896,CallExpression,nan,2,-1,-1,132,8,138,10,packages\webpack-node-externals\test\library.spec.js,1,575
897,CallExpression,nan,2,-1,-1,140,8,145,10,packages\webpack-node-externals\test\library.spec.js,1,576
898,CallExpression,nan,0,-1,-1,149,8,149,21,packages\webpack-node-externals\test\library.spec.js,1,577
899,CallExpression,nan,0,-1,-1,157,8,157,25,packages\webpack-node-externals\test\library.spec.js,1,578
900,AssignmentExpression,nan,-1,-1,-1,158,8,162,10,packages\webpack-node-externals\test\library.spec.js,1,579
901,CallExpression,nan,2,-1,-1,166,8,166,88,packages\webpack-node-externals\test\library.spec.js,1,580
902,CallExpression,nan,2,-1,-1,167,8,167,114,packages\webpack-node-externals\test\library.spec.js,1,581
903,CallExpression,nan,2,-1,-1,168,8,168,117,packages\webpack-node-externals\test\library.spec.js,1,582
904,CallExpression,nan,2,-1,-1,169,8,169,125,packages\webpack-node-externals\test\library.spec.js,1,583
905,CallExpression,nan,2,-1,-1,170,8,170,139,packages\webpack-node-externals\test\library.spec.js,1,584
906,CallExpression,nan,2,-1,-1,174,8,174,94,packages\webpack-node-externals\test\library.spec.js,1,585
907,CallExpression,nan,2,-1,-1,175,8,175,83,packages\webpack-node-externals\test\library.spec.js,1,586
908,CallExpression,nan,2,-1,-1,176,8,176,98,packages\webpack-node-externals\test\library.spec.js,1,587
909,CallExpression,nan,2,-1,-1,177,8,177,102,packages\webpack-node-externals\test\library.spec.js,1,588
910,CallExpression,nan,2,-1,-1,178,8,178,82,packages\webpack-node-externals\test\library.spec.js,1,589
911,CallExpression,nan,2,-1,-1,179,8,179,104,packages\webpack-node-externals\test\library.spec.js,1,590
912,CallExpression,nan,2,-1,-1,180,8,180,86,packages\webpack-node-externals\test\library.spec.js,1,591
913,CallExpression,nan,2,-1,-1,181,8,181,83,packages\webpack-node-externals\test\library.spec.js,1,592
914,CallExpression,nan,2,-1,-1,185,8,185,119,packages\webpack-node-externals\test\library.spec.js,1,593
915,CallExpression,nan,2,-1,-1,186,8,186,92,packages\webpack-node-externals\test\library.spec.js,1,594
916,CallExpression,nan,0,-1,-1,190,8,190,21,packages\webpack-node-externals\test\library.spec.js,1,595
917,CallExpression,nan,0,-1,-1,198,8,198,25,packages\webpack-node-externals\test\library.spec.js,1,596
918,AssignmentExpression,nan,-1,-1,-1,199,8,201,10,packages\webpack-node-externals\test\library.spec.js,1,597
919,CallExpression,nan,2,-1,-1,205,8,205,88,packages\webpack-node-externals\test\library.spec.js,1,598
920,CallExpression,nan,2,-1,-1,206,8,206,93,packages\webpack-node-externals\test\library.spec.js,1,599
921,CallExpression,nan,2,-1,-1,207,8,207,140,packages\webpack-node-externals\test\library.spec.js,1,600
922,CallExpression,nan,2,-1,-1,208,8,208,114,packages\webpack-node-externals\test\library.spec.js,1,601
923,CallExpression,nan,2,-1,-1,209,8,209,144,packages\webpack-node-externals\test\library.spec.js,1,602
924,CallExpression,nan,2,-1,-1,210,8,210,152,packages\webpack-node-externals\test\library.spec.js,1,603
925,CallExpression,nan,2,-1,-1,211,8,211,124,packages\webpack-node-externals\test\library.spec.js,1,604
926,CallExpression,nan,2,-1,-1,212,8,212,139,packages\webpack-node-externals\test\library.spec.js,1,605
927,CallExpression,nan,2,-1,-1,213,8,213,176,packages\webpack-node-externals\test\library.spec.js,1,606
928,CallExpression,nan,2,-1,-1,214,8,214,156,packages\webpack-node-externals\test\library.spec.js,1,607
929,CallExpression,nan,2,-1,-1,218,8,218,86,packages\webpack-node-externals\test\library.spec.js,1,608
930,CallExpression,nan,2,-1,-1,219,8,219,99,packages\webpack-node-externals\test\library.spec.js,1,609
931,CallExpression,nan,2,-1,-1,220,8,220,83,packages\webpack-node-externals\test\library.spec.js,1,610
932,CallExpression,nan,2,-1,-1,221,8,221,113,packages\webpack-node-externals\test\library.spec.js,1,611
933,CallExpression,nan,2,-1,-1,223,8,223,142,packages\webpack-node-externals\test\library.spec.js,1,612
934,CallExpression,nan,2,-1,-1,224,8,224,175,packages\webpack-node-externals\test\library.spec.js,1,613
935,CallExpression,nan,2,-1,-1,226,8,226,148,packages\webpack-node-externals\test\library.spec.js,1,614
936,CallExpression,nan,2,-1,-1,227,8,227,181,packages\webpack-node-externals\test\library.spec.js,1,615
937,CallExpression,nan,0,-1,-1,232,8,232,21,packages\webpack-node-externals\test\library.spec.js,1,616
938,CallExpression,nan,0,-1,-1,238,8,238,25,packages\webpack-node-externals\test\library.spec.js,1,617
939,AssignmentExpression,nan,-1,-1,-1,245,8,250,9,packages\webpack-node-externals\test\library.spec.js,1,618
940,AssignmentExpression,nan,-1,-1,-1,252,8,254,10,packages\webpack-node-externals\test\library.spec.js,1,619
941,AssignmentExpression,nan,-1,-1,-1,257,8,257,32,packages\webpack-node-externals\test\library.spec.js,1,620
942,CallExpression,nan,1,-1,-1,259,8,259,67,packages\webpack-node-externals\test\library.spec.js,1,621
943,AssignmentExpression,nan,-1,-1,-1,262,8,264,10,packages\webpack-node-externals\test\library.spec.js,1,622
944,CallExpression,nan,1,-1,-1,265,8,265,73,packages\webpack-node-externals\test\library.spec.js,1,623
945,CallExpression,nan,0,-1,-1,268,8,268,21,packages\webpack-node-externals\test\library.spec.js,1,624
946,CallExpression,nan,0,-1,-1,276,8,276,25,packages\webpack-node-externals\test\library.spec.js,1,625
947,AssignmentExpression,nan,-1,-1,-1,277,8,277,42,packages\webpack-node-externals\test\library.spec.js,1,626
948,CallExpression,nan,2,-1,-1,281,8,281,96,packages\webpack-node-externals\test\library.spec.js,1,627
949,CallExpression,nan,2,-1,-1,282,8,282,101,packages\webpack-node-externals\test\library.spec.js,1,628
950,CallExpression,nan,2,-1,-1,283,8,283,148,packages\webpack-node-externals\test\library.spec.js,1,629
951,CallExpression,nan,2,-1,-1,284,8,284,122,packages\webpack-node-externals\test\library.spec.js,1,630
952,CallExpression,nan,2,-1,-1,285,8,285,152,packages\webpack-node-externals\test\library.spec.js,1,631
953,CallExpression,nan,2,-1,-1,286,8,286,160,packages\webpack-node-externals\test\library.spec.js,1,632
954,CallExpression,nan,2,-1,-1,287,8,287,196,packages\webpack-node-externals\test\library.spec.js,1,633
955,CallExpression,nan,2,-1,-1,292,8,292,94,packages\webpack-node-externals\test\library.spec.js,1,634
956,CallExpression,nan,2,-1,-1,293,8,293,107,packages\webpack-node-externals\test\library.spec.js,1,635
957,CallExpression,nan,2,-1,-1,294,8,294,91,packages\webpack-node-externals\test\library.spec.js,1,636
958,CallExpression,nan,2,-1,-1,295,8,295,121,packages\webpack-node-externals\test\library.spec.js,1,637
959,CallExpression,nan,2,-1,-1,296,8,296,150,packages\webpack-node-externals\test\library.spec.js,1,638
960,CallExpression,nan,2,-1,-1,297,8,297,104,packages\webpack-node-externals\test\library.spec.js,1,639
961,CallExpression,nan,2,-1,-1,298,8,298,133,packages\webpack-node-externals\test\library.spec.js,1,640
962,CallExpression,nan,0,-1,-1,302,8,302,21,packages\webpack-node-externals\test\library.spec.js,1,641
963,CallExpression,nan,1,-1,-1,309,8,309,45,packages\webpack-node-externals\test\library.spec.js,1,642
964,CallExpression,nan,1,-1,-1,310,8,310,63,packages\webpack-node-externals\test\library.spec.js,1,643
965,CallExpression,nan,1,-1,-1,311,8,311,64,packages\webpack-node-externals\test\library.spec.js,1,644
966,CallExpression,nan,1,-1,-1,315,8,315,45,packages\webpack-node-externals\test\library.spec.js,1,645
967,CallExpression,nan,1,-1,-1,316,8,316,64,packages\webpack-node-externals\test\library.spec.js,1,646
968,CallExpression,nan,1,-1,-1,320,8,320,45,packages\webpack-node-externals\test\library.spec.js,1,647
969,CallExpression,nan,1,-1,-1,321,8,321,63,packages\webpack-node-externals\test\library.spec.js,1,648
970,CallExpression,nan,1,-1,-1,322,8,322,64,packages\webpack-node-externals\test\library.spec.js,1,649
971,CallExpression,nan,1,-1,-1,326,8,326,45,packages\webpack-node-externals\test\library.spec.js,1,650
972,CallExpression,nan,1,-1,-1,327,8,327,64,packages\webpack-node-externals\test\library.spec.js,1,651
973,CallExpression,nan,1,-1,-1,333,8,333,114,packages\webpack-node-externals\test\library.spec.js,1,652
974,CallExpression,nan,1,-1,-1,334,8,334,94,packages\webpack-node-externals\test\library.spec.js,1,653
975,CallExpression,nan,1,-1,-1,335,8,335,109,packages\webpack-node-externals\test\library.spec.js,1,654
976,Identifier,mockNodeModules,-1,-1,-1,17,8,17,23,packages\webpack-node-externals\test\library.spec.js,1,655
977,MemberExpression,nan,-1,-1,-1,18,8,18,24,packages\webpack-node-externals\test\library.spec.js,1,656
978,CallExpression,nan,0,-1,-1,18,27,18,42,packages\webpack-node-externals\test\library.spec.js,1,657
980,CallExpression,nan,2,-1,-1,22,44,22,87,packages\webpack-node-externals\test\library.spec.js,1,658
981,Identifier,it,-1,-1,-1,22,8,22,10,packages\webpack-node-externals\test\library.spec.js,1,659
983,CallExpression,nan,2,-1,-1,23,49,23,92,packages\webpack-node-externals\test\library.spec.js,1,660
984,Identifier,it,-1,-1,-1,23,8,23,10,packages\webpack-node-externals\test\library.spec.js,1,661
986,CallExpression,nan,2,-1,-1,24,68,24,139,packages\webpack-node-externals\test\library.spec.js,1,662
987,Identifier,it,-1,-1,-1,24,8,24,10,packages\webpack-node-externals\test\library.spec.js,1,663
989,CallExpression,nan,2,-1,-1,25,48,25,113,packages\webpack-node-externals\test\library.spec.js,1,664
990,Identifier,it,-1,-1,-1,25,8,25,10,packages\webpack-node-externals\test\library.spec.js,1,665
992,CallExpression,nan,2,-1,-1,26,58,26,143,packages\webpack-node-externals\test\library.spec.js,1,666
993,Identifier,it,-1,-1,-1,26,8,26,10,packages\webpack-node-externals\test\library.spec.js,1,667
995,CallExpression,nan,2,-1,-1,27,62,27,151,packages\webpack-node-externals\test\library.spec.js,1,668
996,Identifier,it,-1,-1,-1,27,8,27,10,packages\webpack-node-externals\test\library.spec.js,1,669
998,CallExpression,nan,2,-1,-1,28,70,28,187,packages\webpack-node-externals\test\library.spec.js,1,670
999,Identifier,it,-1,-1,-1,28,8,28,10,packages\webpack-node-externals\test\library.spec.js,1,671
1001,CallExpression,nan,2,-1,-1,33,43,33,85,packages\webpack-node-externals\test\library.spec.js,1,672
1002,Identifier,it,-1,-1,-1,33,8,33,10,packages\webpack-node-externals\test\library.spec.js,1,673
1004,CallExpression,nan,2,-1,-1,34,64,34,98,packages\webpack-node-externals\test\library.spec.js,1,674
1005,Identifier,it,-1,-1,-1,34,8,34,10,packages\webpack-node-externals\test\library.spec.js,1,675
1007,CallExpression,nan,2,-1,-1,35,41,35,82,packages\webpack-node-externals\test\library.spec.js,1,676
1008,Identifier,it,-1,-1,-1,35,8,35,10,packages\webpack-node-externals\test\library.spec.js,1,677
1010,CallExpression,nan,2,-1,-1,36,51,36,112,packages\webpack-node-externals\test\library.spec.js,1,678
1011,Identifier,it,-1,-1,-1,36,8,36,10,packages\webpack-node-externals\test\library.spec.js,1,679
1013,CallExpression,nan,2,-1,-1,37,59,37,141,packages\webpack-node-externals\test\library.spec.js,1,680
1014,Identifier,it,-1,-1,-1,37,8,37,10,packages\webpack-node-externals\test\library.spec.js,1,681
1016,CallExpression,nan,2,-1,-1,38,42,38,95,packages\webpack-node-externals\test\library.spec.js,1,682
1017,Identifier,it,-1,-1,-1,38,8,38,10,packages\webpack-node-externals\test\library.spec.js,1,683
1019,CallExpression,nan,2,-1,-1,39,68,39,124,packages\webpack-node-externals\test\library.spec.js,1,684
1020,Identifier,it,-1,-1,-1,39,8,39,10,packages\webpack-node-externals\test\library.spec.js,1,685
1021,Identifier,restoreMock,-1,-1,-1,43,8,43,19,packages\webpack-node-externals\test\library.spec.js,1,686
1022,Identifier,mockNodeModules,-1,-1,-1,51,8,51,23,packages\webpack-node-externals\test\library.spec.js,1,687
1023,MemberExpression,nan,-1,-1,-1,52,8,52,24,packages\webpack-node-externals\test\library.spec.js,1,688
1024,CallExpression,nan,1,-1,-1,52,27,52,61,packages\webpack-node-externals\test\library.spec.js,1,689
1026,CallExpression,nan,2,-1,-1,56,44,56,82,packages\webpack-node-externals\test\library.spec.js,1,690
1027,Identifier,it,-1,-1,-1,56,8,56,10,packages\webpack-node-externals\test\library.spec.js,1,691
1029,CallExpression,nan,2,-1,-1,57,49,57,87,packages\webpack-node-externals\test\library.spec.js,1,692
1030,Identifier,it,-1,-1,-1,57,8,57,10,packages\webpack-node-externals\test\library.spec.js,1,693
1032,CallExpression,nan,2,-1,-1,58,68,58,134,packages\webpack-node-externals\test\library.spec.js,1,694
1033,Identifier,it,-1,-1,-1,58,8,58,10,packages\webpack-node-externals\test\library.spec.js,1,695
1035,CallExpression,nan,2,-1,-1,59,48,59,108,packages\webpack-node-externals\test\library.spec.js,1,696
1036,Identifier,it,-1,-1,-1,59,8,59,10,packages\webpack-node-externals\test\library.spec.js,1,697
1038,CallExpression,nan,2,-1,-1,60,58,60,138,packages\webpack-node-externals\test\library.spec.js,1,698
1039,Identifier,it,-1,-1,-1,60,8,60,10,packages\webpack-node-externals\test\library.spec.js,1,699
1041,CallExpression,nan,2,-1,-1,61,62,61,146,packages\webpack-node-externals\test\library.spec.js,1,700
1042,Identifier,it,-1,-1,-1,61,8,61,10,packages\webpack-node-externals\test\library.spec.js,1,701
1044,CallExpression,nan,2,-1,-1,66,43,66,85,packages\webpack-node-externals\test\library.spec.js,1,702
1045,Identifier,it,-1,-1,-1,66,8,66,10,packages\webpack-node-externals\test\library.spec.js,1,703
1047,CallExpression,nan,2,-1,-1,67,41,67,82,packages\webpack-node-externals\test\library.spec.js,1,704
1048,Identifier,it,-1,-1,-1,67,8,67,10,packages\webpack-node-externals\test\library.spec.js,1,705
1049,FunctionExpression,nan,-1,0,0,71,15,75,9,packages\webpack-node-externals\test\library.spec.js,1,706
1050,Identifier,before,-1,-1,-1,71,8,71,14,packages\webpack-node-externals\test\library.spec.js,1,707
1052,CallExpression,nan,2,-1,-1,77,44,77,87,packages\webpack-node-externals\test\library.spec.js,1,708
1053,Identifier,it,-1,-1,-1,77,8,77,10,packages\webpack-node-externals\test\library.spec.js,1,709
1055,CallExpression,nan,2,-1,-1,78,43,78,85,packages\webpack-node-externals\test\library.spec.js,1,710
1056,Identifier,it,-1,-1,-1,78,8,78,10,packages\webpack-node-externals\test\library.spec.js,1,711
1057,Identifier,restoreMock,-1,-1,-1,82,8,82,19,packages\webpack-node-externals\test\library.spec.js,1,712
1058,Identifier,mockNodeModules,-1,-1,-1,90,8,90,23,packages\webpack-node-externals\test\library.spec.js,1,713
1059,MemberExpression,nan,-1,-1,-1,91,8,91,24,packages\webpack-node-externals\test\library.spec.js,1,714
1060,CallExpression,nan,1,-1,-1,91,27,91,65,packages\webpack-node-externals\test\library.spec.js,1,715
1062,CallExpression,nan,2,-1,-1,95,56,95,99,packages\webpack-node-externals\test\library.spec.js,1,716
1063,Identifier,it,-1,-1,-1,95,8,95,10,packages\webpack-node-externals\test\library.spec.js,1,717
1065,CallExpression,nan,2,-1,-1,96,75,96,146,packages\webpack-node-externals\test\library.spec.js,1,718
1066,Identifier,it,-1,-1,-1,96,8,96,10,packages\webpack-node-externals\test\library.spec.js,1,719
1068,CallExpression,nan,2,-1,-1,97,58,97,143,packages\webpack-node-externals\test\library.spec.js,1,720
1069,Identifier,it,-1,-1,-1,97,8,97,10,packages\webpack-node-externals\test\library.spec.js,1,721
1071,CallExpression,nan,2,-1,-1,98,62,98,151,packages\webpack-node-externals\test\library.spec.js,1,722
1072,Identifier,it,-1,-1,-1,98,8,98,10,packages\webpack-node-externals\test\library.spec.js,1,723
1074,CallExpression,nan,2,-1,-1,102,43,102,85,packages\webpack-node-externals\test\library.spec.js,1,724
1075,Identifier,it,-1,-1,-1,102,8,102,10,packages\webpack-node-externals\test\library.spec.js,1,725
1077,CallExpression,nan,2,-1,-1,103,68,103,102,packages\webpack-node-externals\test\library.spec.js,1,726
1078,Identifier,it,-1,-1,-1,103,8,103,10,packages\webpack-node-externals\test\library.spec.js,1,727
1080,CallExpression,nan,2,-1,-1,104,86,104,134,packages\webpack-node-externals\test\library.spec.js,1,728
1081,Identifier,it,-1,-1,-1,104,8,104,10,packages\webpack-node-externals\test\library.spec.js,1,729
1083,CallExpression,nan,2,-1,-1,105,41,105,82,packages\webpack-node-externals\test\library.spec.js,1,730
1084,Identifier,it,-1,-1,-1,105,8,105,10,packages\webpack-node-externals\test\library.spec.js,1,731
1086,FunctionExpression,nan,-1,0,0,109,31,115,9,packages\webpack-node-externals\test\library.spec.js,1,732
1087,Identifier,describe,-1,-1,-1,109,8,109,16,packages\webpack-node-externals\test\library.spec.js,1,733
1089,FunctionExpression,nan,-1,0,0,116,41,122,9,packages\webpack-node-externals\test\library.spec.js,1,734
1090,Identifier,describe,-1,-1,-1,116,8,116,16,packages\webpack-node-externals\test\library.spec.js,1,735
1092,FunctionExpression,nan,-1,0,0,124,31,130,9,packages\webpack-node-externals\test\library.spec.js,1,736
1093,Identifier,describe,-1,-1,-1,124,8,124,16,packages\webpack-node-externals\test\library.spec.js,1,737
1095,FunctionExpression,nan,-1,0,0,132,39,138,9,packages\webpack-node-externals\test\library.spec.js,1,738
1096,Identifier,describe,-1,-1,-1,132,8,132,16,packages\webpack-node-externals\test\library.spec.js,1,739
1098,FunctionExpression,nan,-1,0,0,140,33,145,9,packages\webpack-node-externals\test\library.spec.js,1,740
1099,Identifier,describe,-1,-1,-1,140,8,140,16,packages\webpack-node-externals\test\library.spec.js,1,741
1100,Identifier,restoreMock,-1,-1,-1,149,8,149,19,packages\webpack-node-externals\test\library.spec.js,1,742
1101,Identifier,mockNodeModules,-1,-1,-1,157,8,157,23,packages\webpack-node-externals\test\library.spec.js,1,743
1102,MemberExpression,nan,-1,-1,-1,158,8,158,24,packages\webpack-node-externals\test\library.spec.js,1,744
1103,CallExpression,nan,1,-1,-1,158,27,162,10,packages\webpack-node-externals\test\library.spec.js,1,745
1105,CallExpression,nan,2,-1,-1,166,44,166,87,packages\webpack-node-externals\test\library.spec.js,1,746
1106,Identifier,it,-1,-1,-1,166,8,166,10,packages\webpack-node-externals\test\library.spec.js,1,747
1108,CallExpression,nan,2,-1,-1,167,48,167,113,packages\webpack-node-externals\test\library.spec.js,1,748
1109,Identifier,it,-1,-1,-1,167,8,167,10,packages\webpack-node-externals\test\library.spec.js,1,749
1111,CallExpression,nan,2,-1,-1,168,73,168,116,packages\webpack-node-externals\test\library.spec.js,1,750
1112,Identifier,it,-1,-1,-1,168,8,168,10,packages\webpack-node-externals\test\library.spec.js,1,751
1114,CallExpression,nan,2,-1,-1,169,59,169,124,packages\webpack-node-externals\test\library.spec.js,1,752
1115,Identifier,it,-1,-1,-1,169,8,169,10,packages\webpack-node-externals\test\library.spec.js,1,753
1117,CallExpression,nan,2,-1,-1,170,73,170,138,packages\webpack-node-externals\test\library.spec.js,1,754
1118,Identifier,it,-1,-1,-1,170,8,170,10,packages\webpack-node-externals\test\library.spec.js,1,755
1120,CallExpression,nan,2,-1,-1,174,59,174,93,packages\webpack-node-externals\test\library.spec.js,1,756
1121,Identifier,it,-1,-1,-1,174,8,174,10,packages\webpack-node-externals\test\library.spec.js,1,757
1123,CallExpression,nan,2,-1,-1,175,48,175,82,packages\webpack-node-externals\test\library.spec.js,1,758
1124,Identifier,it,-1,-1,-1,175,8,175,10,packages\webpack-node-externals\test\library.spec.js,1,759
1126,CallExpression,nan,2,-1,-1,176,52,176,97,packages\webpack-node-externals\test\library.spec.js,1,760
1127,Identifier,it,-1,-1,-1,176,8,176,10,packages\webpack-node-externals\test\library.spec.js,1,761
1129,CallExpression,nan,2,-1,-1,177,46,177,101,packages\webpack-node-externals\test\library.spec.js,1,762
1130,Identifier,it,-1,-1,-1,177,8,177,10,packages\webpack-node-externals\test\library.spec.js,1,763
1132,CallExpression,nan,2,-1,-1,178,47,178,81,packages\webpack-node-externals\test\library.spec.js,1,764
1133,Identifier,it,-1,-1,-1,178,8,178,10,packages\webpack-node-externals\test\library.spec.js,1,765
1135,CallExpression,nan,2,-1,-1,179,58,179,103,packages\webpack-node-externals\test\library.spec.js,1,766
1136,Identifier,it,-1,-1,-1,179,8,179,10,packages\webpack-node-externals\test\library.spec.js,1,767
1138,CallExpression,nan,2,-1,-1,180,43,180,85,packages\webpack-node-externals\test\library.spec.js,1,768
1139,Identifier,it,-1,-1,-1,180,8,180,10,packages\webpack-node-externals\test\library.spec.js,1,769
1141,CallExpression,nan,2,-1,-1,181,41,181,82,packages\webpack-node-externals\test\library.spec.js,1,770
1142,Identifier,it,-1,-1,-1,181,8,181,10,packages\webpack-node-externals\test\library.spec.js,1,771
1144,CallExpression,nan,2,-1,-1,185,63,185,118,packages\webpack-node-externals\test\library.spec.js,1,772
1145,Identifier,it,-1,-1,-1,185,8,185,10,packages\webpack-node-externals\test\library.spec.js,1,773
1147,CallExpression,nan,2,-1,-1,186,48,186,91,packages\webpack-node-externals\test\library.spec.js,1,774
1148,Identifier,it,-1,-1,-1,186,8,186,10,packages\webpack-node-externals\test\library.spec.js,1,775
1149,Identifier,restoreMock,-1,-1,-1,190,8,190,19,packages\webpack-node-externals\test\library.spec.js,1,776
1150,Identifier,mockNodeModules,-1,-1,-1,198,8,198,23,packages\webpack-node-externals\test\library.spec.js,1,777
1151,MemberExpression,nan,-1,-1,-1,199,8,199,24,packages\webpack-node-externals\test\library.spec.js,1,778
1152,CallExpression,nan,1,-1,-1,199,27,201,10,packages\webpack-node-externals\test\library.spec.js,1,779
1154,CallExpression,nan,2,-1,-1,205,44,205,87,packages\webpack-node-externals\test\library.spec.js,1,780
1155,Identifier,it,-1,-1,-1,205,8,205,10,packages\webpack-node-externals\test\library.spec.js,1,781
1157,CallExpression,nan,2,-1,-1,206,49,206,92,packages\webpack-node-externals\test\library.spec.js,1,782
1158,Identifier,it,-1,-1,-1,206,8,206,10,packages\webpack-node-externals\test\library.spec.js,1,783
1160,CallExpression,nan,2,-1,-1,207,68,207,139,packages\webpack-node-externals\test\library.spec.js,1,784
1161,Identifier,it,-1,-1,-1,207,8,207,10,packages\webpack-node-externals\test\library.spec.js,1,785
1163,CallExpression,nan,2,-1,-1,208,48,208,113,packages\webpack-node-externals\test\library.spec.js,1,786
1164,Identifier,it,-1,-1,-1,208,8,208,10,packages\webpack-node-externals\test\library.spec.js,1,787
1166,CallExpression,nan,2,-1,-1,209,58,209,143,packages\webpack-node-externals\test\library.spec.js,1,788
1167,Identifier,it,-1,-1,-1,209,8,209,10,packages\webpack-node-externals\test\library.spec.js,1,789
1169,CallExpression,nan,2,-1,-1,210,62,210,151,packages\webpack-node-externals\test\library.spec.js,1,790
1170,Identifier,it,-1,-1,-1,210,8,210,10,packages\webpack-node-externals\test\library.spec.js,1,791
1172,CallExpression,nan,2,-1,-1,211,42,211,123,packages\webpack-node-externals\test\library.spec.js,1,792
1173,Identifier,it,-1,-1,-1,211,8,211,10,packages\webpack-node-externals\test\library.spec.js,1,793
1175,CallExpression,nan,2,-1,-1,212,47,212,138,packages\webpack-node-externals\test\library.spec.js,1,794
1176,Identifier,it,-1,-1,-1,212,8,212,10,packages\webpack-node-externals\test\library.spec.js,1,795
1178,CallExpression,nan,2,-1,-1,213,66,213,175,packages\webpack-node-externals\test\library.spec.js,1,796
1179,Identifier,it,-1,-1,-1,213,8,213,10,packages\webpack-node-externals\test\library.spec.js,1,797
1181,CallExpression,nan,2,-1,-1,214,68,214,155,packages\webpack-node-externals\test\library.spec.js,1,798
1182,Identifier,it,-1,-1,-1,214,8,214,10,packages\webpack-node-externals\test\library.spec.js,1,799
1184,CallExpression,nan,2,-1,-1,218,43,218,85,packages\webpack-node-externals\test\library.spec.js,1,800
1185,Identifier,it,-1,-1,-1,218,8,218,10,packages\webpack-node-externals\test\library.spec.js,1,801
1187,CallExpression,nan,2,-1,-1,219,64,219,98,packages\webpack-node-externals\test\library.spec.js,1,802
1188,Identifier,it,-1,-1,-1,219,8,219,10,packages\webpack-node-externals\test\library.spec.js,1,803
1190,CallExpression,nan,2,-1,-1,220,41,220,82,packages\webpack-node-externals\test\library.spec.js,1,804
1191,Identifier,it,-1,-1,-1,220,8,220,10,packages\webpack-node-externals\test\library.spec.js,1,805
1193,CallExpression,nan,2,-1,-1,221,51,221,112,packages\webpack-node-externals\test\library.spec.js,1,806
1194,Identifier,it,-1,-1,-1,221,8,221,10,packages\webpack-node-externals\test\library.spec.js,1,807
1196,CallExpression,nan,2,-1,-1,223,59,223,141,packages\webpack-node-externals\test\library.spec.js,1,808
1197,Identifier,it,-1,-1,-1,223,8,223,10,packages\webpack-node-externals\test\library.spec.js,1,809
1199,CallExpression,nan,2,-1,-1,224,78,224,174,packages\webpack-node-externals\test\library.spec.js,1,810
1200,Identifier,it,-1,-1,-1,224,8,224,10,packages\webpack-node-externals\test\library.spec.js,1,811
1202,CallExpression,nan,2,-1,-1,226,65,226,147,packages\webpack-node-externals\test\library.spec.js,1,812
1203,Identifier,it,-1,-1,-1,226,8,226,10,packages\webpack-node-externals\test\library.spec.js,1,813
1205,CallExpression,nan,2,-1,-1,227,84,227,180,packages\webpack-node-externals\test\library.spec.js,1,814
1206,Identifier,it,-1,-1,-1,227,8,227,10,packages\webpack-node-externals\test\library.spec.js,1,815
1207,Identifier,restoreMock,-1,-1,-1,232,8,232,19,packages\webpack-node-externals\test\library.spec.js,1,816
1208,Identifier,mockNodeModules,-1,-1,-1,238,8,238,23,packages\webpack-node-externals\test\library.spec.js,1,817
1209,MemberExpression,nan,-1,-1,-1,245,8,245,26,packages\webpack-node-externals\test\library.spec.js,1,818
1210,FunctionExpression,nan,-1,1,0,245,29,250,9,packages\webpack-node-externals\test\library.spec.js,1,819
1211,MemberExpression,nan,-1,-1,-1,252,8,252,24,packages\webpack-node-externals\test\library.spec.js,1,820
1212,CallExpression,nan,1,-1,-1,252,27,254,10,packages\webpack-node-externals\test\library.spec.js,1,821
1213,MemberExpression,nan,-1,-1,-1,257,8,257,26,packages\webpack-node-externals\test\library.spec.js,1,822
1214,Identifier,log,-1,-1,-1,257,29,257,32,packages\webpack-node-externals\test\library.spec.js,1,823
1216,MemberExpression,nan,-1,-1,-1,259,8,259,60,packages\webpack-node-externals\test\library.spec.js,1,824
1217,MemberExpression,nan,-1,-1,-1,262,8,262,24,packages\webpack-node-externals\test\library.spec.js,1,825
1218,CallExpression,nan,1,-1,-1,262,27,264,10,packages\webpack-node-externals\test\library.spec.js,1,826
1219,Identifier,done,-1,-1,-1,265,68,265,72,packages\webpack-node-externals\test\library.spec.js,1,827
1220,CallExpression,nan,3,-1,-1,265,8,265,67,packages\webpack-node-externals\test\library.spec.js,1,828
1221,Identifier,restoreMock,-1,-1,-1,268,8,268,19,packages\webpack-node-externals\test\library.spec.js,1,829
1222,Identifier,mockNodeModules,-1,-1,-1,276,8,276,23,packages\webpack-node-externals\test\library.spec.js,1,830
1223,MemberExpression,nan,-1,-1,-1,277,8,277,24,packages\webpack-node-externals\test\library.spec.js,1,831
1224,CallExpression,nan,0,-1,-1,277,27,277,42,packages\webpack-node-externals\test\library.spec.js,1,832
1226,CallExpression,nan,2,-1,-1,281,44,281,95,packages\webpack-node-externals\test\library.spec.js,1,833
1227,Identifier,it,-1,-1,-1,281,8,281,10,packages\webpack-node-externals\test\library.spec.js,1,834
1229,CallExpression,nan,2,-1,-1,282,49,282,100,packages\webpack-node-externals\test\library.spec.js,1,835
1230,Identifier,it,-1,-1,-1,282,8,282,10,packages\webpack-node-externals\test\library.spec.js,1,836
1232,CallExpression,nan,2,-1,-1,283,68,283,147,packages\webpack-node-externals\test\library.spec.js,1,837
1233,Identifier,it,-1,-1,-1,283,8,283,10,packages\webpack-node-externals\test\library.spec.js,1,838
1235,CallExpression,nan,2,-1,-1,284,48,284,121,packages\webpack-node-externals\test\library.spec.js,1,839
1236,Identifier,it,-1,-1,-1,284,8,284,10,packages\webpack-node-externals\test\library.spec.js,1,840
1238,CallExpression,nan,2,-1,-1,285,58,285,151,packages\webpack-node-externals\test\library.spec.js,1,841
1239,Identifier,it,-1,-1,-1,285,8,285,10,packages\webpack-node-externals\test\library.spec.js,1,842
1241,CallExpression,nan,2,-1,-1,286,62,286,159,packages\webpack-node-externals\test\library.spec.js,1,843
1242,Identifier,it,-1,-1,-1,286,8,286,10,packages\webpack-node-externals\test\library.spec.js,1,844
1244,CallExpression,nan,2,-1,-1,287,70,287,195,packages\webpack-node-externals\test\library.spec.js,1,845
1245,Identifier,it,-1,-1,-1,287,8,287,10,packages\webpack-node-externals\test\library.spec.js,1,846
1247,CallExpression,nan,2,-1,-1,292,43,292,93,packages\webpack-node-externals\test\library.spec.js,1,847
1248,Identifier,it,-1,-1,-1,292,8,292,10,packages\webpack-node-externals\test\library.spec.js,1,848
1250,CallExpression,nan,2,-1,-1,293,64,293,106,packages\webpack-node-externals\test\library.spec.js,1,849
1251,Identifier,it,-1,-1,-1,293,8,293,10,packages\webpack-node-externals\test\library.spec.js,1,850
1253,CallExpression,nan,2,-1,-1,294,41,294,90,packages\webpack-node-externals\test\library.spec.js,1,851
1254,Identifier,it,-1,-1,-1,294,8,294,10,packages\webpack-node-externals\test\library.spec.js,1,852
1256,CallExpression,nan,2,-1,-1,295,51,295,120,packages\webpack-node-externals\test\library.spec.js,1,853
1257,Identifier,it,-1,-1,-1,295,8,295,10,packages\webpack-node-externals\test\library.spec.js,1,854
1259,CallExpression,nan,2,-1,-1,296,59,296,149,packages\webpack-node-externals\test\library.spec.js,1,855
1260,Identifier,it,-1,-1,-1,296,8,296,10,packages\webpack-node-externals\test\library.spec.js,1,856
1262,CallExpression,nan,2,-1,-1,297,42,297,103,packages\webpack-node-externals\test\library.spec.js,1,857
1263,Identifier,it,-1,-1,-1,297,8,297,10,packages\webpack-node-externals\test\library.spec.js,1,858
1265,CallExpression,nan,2,-1,-1,298,68,298,132,packages\webpack-node-externals\test\library.spec.js,1,859
1266,Identifier,it,-1,-1,-1,298,8,298,10,packages\webpack-node-externals\test\library.spec.js,1,860
1267,Identifier,restoreMock,-1,-1,-1,302,8,302,19,packages\webpack-node-externals\test\library.spec.js,1,861
1269,MemberExpression,nan,-1,-1,-1,309,8,309,42,packages\webpack-node-externals\test\library.spec.js,1,862
1271,MemberExpression,nan,-1,-1,-1,310,8,310,50,packages\webpack-node-externals\test\library.spec.js,1,863
1273,MemberExpression,nan,-1,-1,-1,311,8,311,50,packages\webpack-node-externals\test\library.spec.js,1,864
1275,MemberExpression,nan,-1,-1,-1,315,8,315,42,packages\webpack-node-externals\test\library.spec.js,1,865
1277,MemberExpression,nan,-1,-1,-1,316,8,316,50,packages\webpack-node-externals\test\library.spec.js,1,866
1279,MemberExpression,nan,-1,-1,-1,320,8,320,42,packages\webpack-node-externals\test\library.spec.js,1,867
1281,MemberExpression,nan,-1,-1,-1,321,8,321,50,packages\webpack-node-externals\test\library.spec.js,1,868
1283,MemberExpression,nan,-1,-1,-1,322,8,322,50,packages\webpack-node-externals\test\library.spec.js,1,869
1285,MemberExpression,nan,-1,-1,-1,326,8,326,42,packages\webpack-node-externals\test\library.spec.js,1,870
1287,MemberExpression,nan,-1,-1,-1,327,8,327,50,packages\webpack-node-externals\test\library.spec.js,1,871
1288,CallExpression,nan,2,-1,-1,333,73,333,113,packages\webpack-node-externals\test\library.spec.js,1,872
1289,MemberExpression,nan,-1,-1,-1,333,8,333,72,packages\webpack-node-externals\test\library.spec.js,1,873
1290,CallExpression,nan,2,-1,-1,334,50,334,93,packages\webpack-node-externals\test\library.spec.js,1,874
1291,MemberExpression,nan,-1,-1,-1,334,8,334,49,packages\webpack-node-externals\test\library.spec.js,1,875
1292,CallExpression,nan,1,-1,-1,335,85,335,108,packages\webpack-node-externals\test\library.spec.js,1,876
1293,MemberExpression,nan,-1,-1,-1,335,8,335,84,packages\webpack-node-externals\test\library.spec.js,1,877
1294,Identifier,nodeExternals,-1,-1,-1,18,27,18,40,packages\webpack-node-externals\test\library.spec.js,1,878
1297,Identifier,assertResult,-1,-1,-1,22,44,22,56,packages\webpack-node-externals\test\library.spec.js,1,879
1300,Identifier,assertResult,-1,-1,-1,23,49,23,61,packages\webpack-node-externals\test\library.spec.js,1,880
1303,Identifier,assertResult,-1,-1,-1,24,68,24,80,packages\webpack-node-externals\test\library.spec.js,1,881
1306,Identifier,assertResult,-1,-1,-1,25,48,25,60,packages\webpack-node-externals\test\library.spec.js,1,882
1309,Identifier,assertResult,-1,-1,-1,26,58,26,70,packages\webpack-node-externals\test\library.spec.js,1,883
1312,Identifier,assertResult,-1,-1,-1,27,62,27,74,packages\webpack-node-externals\test\library.spec.js,1,884
1315,Identifier,assertResult,-1,-1,-1,28,70,28,82,packages\webpack-node-externals\test\library.spec.js,1,885
1317,Identifier,undefined,-1,-1,-1,33,75,33,84,packages\webpack-node-externals\test\library.spec.js,1,886
1318,Identifier,assertResult,-1,-1,-1,33,43,33,55,packages\webpack-node-externals\test\library.spec.js,1,887
1320,Identifier,undefined,-1,-1,-1,34,88,34,97,packages\webpack-node-externals\test\library.spec.js,1,888
1321,Identifier,assertResult,-1,-1,-1,34,64,34,76,packages\webpack-node-externals\test\library.spec.js,1,889
1323,Identifier,undefined,-1,-1,-1,35,72,35,81,packages\webpack-node-externals\test\library.spec.js,1,890
1324,Identifier,assertResult,-1,-1,-1,35,41,35,53,packages\webpack-node-externals\test\library.spec.js,1,891
1326,Identifier,undefined,-1,-1,-1,36,102,36,111,packages\webpack-node-externals\test\library.spec.js,1,892
1327,Identifier,assertResult,-1,-1,-1,36,51,36,63,packages\webpack-node-externals\test\library.spec.js,1,893
1329,Identifier,undefined,-1,-1,-1,37,131,37,140,packages\webpack-node-externals\test\library.spec.js,1,894
1330,Identifier,assertResult,-1,-1,-1,37,59,37,71,packages\webpack-node-externals\test\library.spec.js,1,895
1332,Identifier,undefined,-1,-1,-1,38,85,38,94,packages\webpack-node-externals\test\library.spec.js,1,896
1333,Identifier,assertResult,-1,-1,-1,38,42,38,54,packages\webpack-node-externals\test\library.spec.js,1,897
1335,Identifier,undefined,-1,-1,-1,39,114,39,123,packages\webpack-node-externals\test\library.spec.js,1,898
1336,Identifier,assertResult,-1,-1,-1,39,68,39,80,packages\webpack-node-externals\test\library.spec.js,1,899
1337,ObjectExpression,nan,-1,-1,-1,52,41,52,60,packages\webpack-node-externals\test\library.spec.js,1,900
1338,Identifier,nodeExternals,-1,-1,-1,52,27,52,40,packages\webpack-node-externals\test\library.spec.js,1,901
1341,Identifier,assertResult,-1,-1,-1,56,44,56,56,packages\webpack-node-externals\test\library.spec.js,1,902
1344,Identifier,assertResult,-1,-1,-1,57,49,57,61,packages\webpack-node-externals\test\library.spec.js,1,903
1347,Identifier,assertResult,-1,-1,-1,58,68,58,80,packages\webpack-node-externals\test\library.spec.js,1,904
1350,Identifier,assertResult,-1,-1,-1,59,48,59,60,packages\webpack-node-externals\test\library.spec.js,1,905
1353,Identifier,assertResult,-1,-1,-1,60,58,60,70,packages\webpack-node-externals\test\library.spec.js,1,906
1356,Identifier,assertResult,-1,-1,-1,61,62,61,74,packages\webpack-node-externals\test\library.spec.js,1,907
1358,Identifier,undefined,-1,-1,-1,66,75,66,84,packages\webpack-node-externals\test\library.spec.js,1,908
1359,Identifier,assertResult,-1,-1,-1,66,43,66,55,packages\webpack-node-externals\test\library.spec.js,1,909
1361,Identifier,undefined,-1,-1,-1,67,72,67,81,packages\webpack-node-externals\test\library.spec.js,1,910
1362,Identifier,assertResult,-1,-1,-1,67,41,67,53,packages\webpack-node-externals\test\library.spec.js,1,911
1364,BlockStatement,nan,-1,-1,-1,71,25,75,9,packages\webpack-node-externals\test\library.spec.js,1,912
1367,Identifier,assertResult,-1,-1,-1,77,44,77,56,packages\webpack-node-externals\test\library.spec.js,1,913
1369,Identifier,undefined,-1,-1,-1,78,75,78,84,packages\webpack-node-externals\test\library.spec.js,1,914
1370,Identifier,assertResult,-1,-1,-1,78,43,78,55,packages\webpack-node-externals\test\library.spec.js,1,915
1371,ObjectExpression,nan,-1,-1,-1,91,41,91,64,packages\webpack-node-externals\test\library.spec.js,1,916
1372,Identifier,nodeExternals,-1,-1,-1,91,27,91,40,packages\webpack-node-externals\test\library.spec.js,1,917
1375,Identifier,assertResult,-1,-1,-1,95,56,95,68,packages\webpack-node-externals\test\library.spec.js,1,918
1378,Identifier,assertResult,-1,-1,-1,96,75,96,87,packages\webpack-node-externals\test\library.spec.js,1,919
1381,Identifier,assertResult,-1,-1,-1,97,58,97,70,packages\webpack-node-externals\test\library.spec.js,1,920
1384,Identifier,assertResult,-1,-1,-1,98,62,98,74,packages\webpack-node-externals\test\library.spec.js,1,921
1386,Identifier,undefined,-1,-1,-1,102,75,102,84,packages\webpack-node-externals\test\library.spec.js,1,922
1387,Identifier,assertResult,-1,-1,-1,102,43,102,55,packages\webpack-node-externals\test\library.spec.js,1,923
1389,Identifier,undefined,-1,-1,-1,103,92,103,101,packages\webpack-node-externals\test\library.spec.js,1,924
1390,Identifier,assertResult,-1,-1,-1,103,68,103,80,packages\webpack-node-externals\test\library.spec.js,1,925
1392,Identifier,undefined,-1,-1,-1,104,124,104,133,packages\webpack-node-externals\test\library.spec.js,1,926
1393,Identifier,assertResult,-1,-1,-1,104,86,104,98,packages\webpack-node-externals\test\library.spec.js,1,927
1395,Identifier,undefined,-1,-1,-1,105,72,105,81,packages\webpack-node-externals\test\library.spec.js,1,928
1396,Identifier,assertResult,-1,-1,-1,105,41,105,53,packages\webpack-node-externals\test\library.spec.js,1,929
1398,BlockStatement,nan,-1,-1,-1,109,41,115,9,packages\webpack-node-externals\test\library.spec.js,1,930
1400,BlockStatement,nan,-1,-1,-1,116,51,122,9,packages\webpack-node-externals\test\library.spec.js,1,931
1402,BlockStatement,nan,-1,-1,-1,124,41,130,9,packages\webpack-node-externals\test\library.spec.js,1,932
1404,BlockStatement,nan,-1,-1,-1,132,49,138,9,packages\webpack-node-externals\test\library.spec.js,1,933
1406,BlockStatement,nan,-1,-1,-1,140,43,145,9,packages\webpack-node-externals\test\library.spec.js,1,934
1407,ObjectExpression,nan,-1,-1,-1,158,41,162,9,packages\webpack-node-externals\test\library.spec.js,1,935
1408,Identifier,nodeExternals,-1,-1,-1,158,27,158,40,packages\webpack-node-externals\test\library.spec.js,1,936
1411,Identifier,assertResult,-1,-1,-1,166,44,166,56,packages\webpack-node-externals\test\library.spec.js,1,937
1414,Identifier,assertResult,-1,-1,-1,167,48,167,60,packages\webpack-node-externals\test\library.spec.js,1,938
1417,Identifier,assertResult,-1,-1,-1,168,73,168,85,packages\webpack-node-externals\test\library.spec.js,1,939
1420,Identifier,assertResult,-1,-1,-1,169,59,169,71,packages\webpack-node-externals\test\library.spec.js,1,940
1423,Identifier,assertResult,-1,-1,-1,170,73,170,85,packages\webpack-node-externals\test\library.spec.js,1,941
1425,Identifier,undefined,-1,-1,-1,174,83,174,92,packages\webpack-node-externals\test\library.spec.js,1,942
1426,Identifier,assertResult,-1,-1,-1,174,59,174,71,packages\webpack-node-externals\test\library.spec.js,1,943
1428,Identifier,undefined,-1,-1,-1,175,72,175,81,packages\webpack-node-externals\test\library.spec.js,1,944
1429,Identifier,assertResult,-1,-1,-1,175,48,175,60,packages\webpack-node-externals\test\library.spec.js,1,945
1431,Identifier,undefined,-1,-1,-1,176,87,176,96,packages\webpack-node-externals\test\library.spec.js,1,946
1432,Identifier,assertResult,-1,-1,-1,176,52,176,64,packages\webpack-node-externals\test\library.spec.js,1,947
1434,Identifier,undefined,-1,-1,-1,177,91,177,100,packages\webpack-node-externals\test\library.spec.js,1,948
1435,Identifier,assertResult,-1,-1,-1,177,46,177,58,packages\webpack-node-externals\test\library.spec.js,1,949
1437,Identifier,undefined,-1,-1,-1,178,71,178,80,packages\webpack-node-externals\test\library.spec.js,1,950
1438,Identifier,assertResult,-1,-1,-1,178,47,178,59,packages\webpack-node-externals\test\library.spec.js,1,951
1440,Identifier,undefined,-1,-1,-1,179,93,179,102,packages\webpack-node-externals\test\library.spec.js,1,952
1441,Identifier,assertResult,-1,-1,-1,179,58,179,70,packages\webpack-node-externals\test\library.spec.js,1,953
1443,Identifier,undefined,-1,-1,-1,180,75,180,84,packages\webpack-node-externals\test\library.spec.js,1,954
1444,Identifier,assertResult,-1,-1,-1,180,43,180,55,packages\webpack-node-externals\test\library.spec.js,1,955
1446,Identifier,undefined,-1,-1,-1,181,72,181,81,packages\webpack-node-externals\test\library.spec.js,1,956
1447,Identifier,assertResult,-1,-1,-1,181,41,181,53,packages\webpack-node-externals\test\library.spec.js,1,957
1449,Identifier,undefined,-1,-1,-1,185,108,185,117,packages\webpack-node-externals\test\library.spec.js,1,958
1450,Identifier,assertResult,-1,-1,-1,185,63,185,75,packages\webpack-node-externals\test\library.spec.js,1,959
1453,Identifier,assertResult,-1,-1,-1,186,48,186,60,packages\webpack-node-externals\test\library.spec.js,1,960
1454,ObjectExpression,nan,-1,-1,-1,199,41,201,9,packages\webpack-node-externals\test\library.spec.js,1,961
1455,Identifier,nodeExternals,-1,-1,-1,199,27,199,40,packages\webpack-node-externals\test\library.spec.js,1,962
1458,Identifier,assertResult,-1,-1,-1,205,44,205,56,packages\webpack-node-externals\test\library.spec.js,1,963
1461,Identifier,assertResult,-1,-1,-1,206,49,206,61,packages\webpack-node-externals\test\library.spec.js,1,964
1464,Identifier,assertResult,-1,-1,-1,207,68,207,80,packages\webpack-node-externals\test\library.spec.js,1,965
1467,Identifier,assertResult,-1,-1,-1,208,48,208,60,packages\webpack-node-externals\test\library.spec.js,1,966
1470,Identifier,assertResult,-1,-1,-1,209,58,209,70,packages\webpack-node-externals\test\library.spec.js,1,967
1473,Identifier,assertResult,-1,-1,-1,210,62,210,74,packages\webpack-node-externals\test\library.spec.js,1,968
1476,Identifier,assertResult,-1,-1,-1,211,42,211,54,packages\webpack-node-externals\test\library.spec.js,1,969
1479,Identifier,assertResult,-1,-1,-1,212,47,212,59,packages\webpack-node-externals\test\library.spec.js,1,970
1482,Identifier,assertResult,-1,-1,-1,213,66,213,78,packages\webpack-node-externals\test\library.spec.js,1,971
1485,Identifier,assertResult,-1,-1,-1,214,68,214,80,packages\webpack-node-externals\test\library.spec.js,1,972
1487,Identifier,undefined,-1,-1,-1,218,75,218,84,packages\webpack-node-externals\test\library.spec.js,1,973
1488,Identifier,assertResult,-1,-1,-1,218,43,218,55,packages\webpack-node-externals\test\library.spec.js,1,974
1490,Identifier,undefined,-1,-1,-1,219,88,219,97,packages\webpack-node-externals\test\library.spec.js,1,975
1491,Identifier,assertResult,-1,-1,-1,219,64,219,76,packages\webpack-node-externals\test\library.spec.js,1,976
1493,Identifier,undefined,-1,-1,-1,220,72,220,81,packages\webpack-node-externals\test\library.spec.js,1,977
1494,Identifier,assertResult,-1,-1,-1,220,41,220,53,packages\webpack-node-externals\test\library.spec.js,1,978
1496,Identifier,undefined,-1,-1,-1,221,102,221,111,packages\webpack-node-externals\test\library.spec.js,1,979
1497,Identifier,assertResult,-1,-1,-1,221,51,221,63,packages\webpack-node-externals\test\library.spec.js,1,980
1499,Identifier,undefined,-1,-1,-1,223,131,223,140,packages\webpack-node-externals\test\library.spec.js,1,981
1500,Identifier,assertResult,-1,-1,-1,223,59,223,71,packages\webpack-node-externals\test\library.spec.js,1,982
1502,Identifier,undefined,-1,-1,-1,224,164,224,173,packages\webpack-node-externals\test\library.spec.js,1,983
1503,Identifier,assertResult,-1,-1,-1,224,78,224,90,packages\webpack-node-externals\test\library.spec.js,1,984
1505,Identifier,undefined,-1,-1,-1,226,137,226,146,packages\webpack-node-externals\test\library.spec.js,1,985
1506,Identifier,assertResult,-1,-1,-1,226,65,226,77,packages\webpack-node-externals\test\library.spec.js,1,986
1508,Identifier,undefined,-1,-1,-1,227,170,227,179,packages\webpack-node-externals\test\library.spec.js,1,987
1509,Identifier,assertResult,-1,-1,-1,227,84,227,96,packages\webpack-node-externals\test\library.spec.js,1,988
1510,Identifier,error,-1,-1,-1,245,38,245,43,packages\webpack-node-externals\test\library.spec.js,1,989
1512,BlockStatement,nan,-1,-1,-1,245,45,250,9,packages\webpack-node-externals\test\library.spec.js,1,990
1513,ObjectExpression,nan,-1,-1,-1,252,41,254,9,packages\webpack-node-externals\test\library.spec.js,1,991
1514,Identifier,nodeExternals,-1,-1,-1,252,27,252,40,packages\webpack-node-externals\test\library.spec.js,1,992
1515,ObjectExpression,nan,-1,-1,-1,262,41,264,9,packages\webpack-node-externals\test\library.spec.js,1,993
1516,Identifier,nodeExternals,-1,-1,-1,262,27,262,40,packages\webpack-node-externals\test\library.spec.js,1,994
1517,Identifier,context,-1,-1,-1,265,33,265,40,packages\webpack-node-externals\test\library.spec.js,1,995
1519,Identifier,undefined,-1,-1,-1,265,57,265,66,packages\webpack-node-externals\test\library.spec.js,1,996
1520,MemberExpression,nan,-1,-1,-1,265,8,265,32,packages\webpack-node-externals\test\library.spec.js,1,997
1521,Identifier,nodeExternals,-1,-1,-1,277,27,277,40,packages\webpack-node-externals\test\library.spec.js,1,998
1524,Identifier,assertResultWebpack5,-1,-1,-1,281,44,281,64,packages\webpack-node-externals\test\library.spec.js,1,999
1527,Identifier,assertResultWebpack5,-1,-1,-1,282,49,282,69,packages\webpack-node-externals\test\library.spec.js,1,1000
1530,Identifier,assertResultWebpack5,-1,-1,-1,283,68,283,88,packages\webpack-node-externals\test\library.spec.js,1,1001
1533,Identifier,assertResultWebpack5,-1,-1,-1,284,48,284,68,packages\webpack-node-externals\test\library.spec.js,1,1002
1536,Identifier,assertResultWebpack5,-1,-1,-1,285,58,285,78,packages\webpack-node-externals\test\library.spec.js,1,1003
1539,Identifier,assertResultWebpack5,-1,-1,-1,286,62,286,82,packages\webpack-node-externals\test\library.spec.js,1,1004
1542,Identifier,assertResultWebpack5,-1,-1,-1,287,70,287,90,packages\webpack-node-externals\test\library.spec.js,1,1005
1544,Identifier,undefined,-1,-1,-1,292,83,292,92,packages\webpack-node-externals\test\library.spec.js,1,1006
1545,Identifier,assertResultWebpack5,-1,-1,-1,292,43,292,63,packages\webpack-node-externals\test\library.spec.js,1,1007
1547,Identifier,undefined,-1,-1,-1,293,96,293,105,packages\webpack-node-externals\test\library.spec.js,1,1008
1548,Identifier,assertResultWebpack5,-1,-1,-1,293,64,293,84,packages\webpack-node-externals\test\library.spec.js,1,1009
1550,Identifier,undefined,-1,-1,-1,294,80,294,89,packages\webpack-node-externals\test\library.spec.js,1,1010
1551,Identifier,assertResultWebpack5,-1,-1,-1,294,41,294,61,packages\webpack-node-externals\test\library.spec.js,1,1011
1553,Identifier,undefined,-1,-1,-1,295,110,295,119,packages\webpack-node-externals\test\library.spec.js,1,1012
1554,Identifier,assertResultWebpack5,-1,-1,-1,295,51,295,71,packages\webpack-node-externals\test\library.spec.js,1,1013
1556,Identifier,undefined,-1,-1,-1,296,139,296,148,packages\webpack-node-externals\test\library.spec.js,1,1014
1557,Identifier,assertResultWebpack5,-1,-1,-1,296,59,296,79,packages\webpack-node-externals\test\library.spec.js,1,1015
1559,Identifier,undefined,-1,-1,-1,297,93,297,102,packages\webpack-node-externals\test\library.spec.js,1,1016
1560,Identifier,assertResultWebpack5,-1,-1,-1,297,42,297,62,packages\webpack-node-externals\test\library.spec.js,1,1017
1562,Identifier,undefined,-1,-1,-1,298,122,298,131,packages\webpack-node-externals\test\library.spec.js,1,1018
1563,Identifier,assertResultWebpack5,-1,-1,-1,298,68,298,88,packages\webpack-node-externals\test\library.spec.js,1,1019
1564,CallExpression,nan,0,-1,-1,333,86,333,99,packages\webpack-node-externals\test\library.spec.js,1,1020
1566,MemberExpression,nan,-1,-1,-1,333,73,333,85,packages\webpack-node-externals\test\library.spec.js,1,1021
1567,CallExpression,nan,0,-1,-1,334,63,334,76,packages\webpack-node-externals\test\library.spec.js,1,1022
1569,MemberExpression,nan,-1,-1,-1,334,50,334,62,packages\webpack-node-externals\test\library.spec.js,1,1023
1570,Identifier,__dirname,-1,-1,-1,335,98,335,107,packages\webpack-node-externals\test\library.spec.js,1,1024
1571,MemberExpression,nan,-1,-1,-1,335,85,335,97,packages\webpack-node-externals\test\library.spec.js,1,1025
1587,IfStatement,nan,-1,-1,-1,246,12,248,13,packages\webpack-node-externals\test\library.spec.js,1,1026
1589,MemberExpression,nan,-1,-1,-1,333,86,333,97,packages\webpack-node-externals\test\library.spec.js,1,1027
1590,MemberExpression,nan,-1,-1,-1,334,63,334,74,packages\webpack-node-externals\test\library.spec.js,1,1028
1591,AssignmentExpression,nan,-1,-1,-1,72,12,74,15,packages\webpack-node-externals\test\library.spec.js,1,1029
1592,CallExpression,nan,1,-1,-1,110,12,112,14,packages\webpack-node-externals\test\library.spec.js,1,1030
1593,CallExpression,nan,2,-1,-1,113,12,113,97,packages\webpack-node-externals\test\library.spec.js,1,1031
1594,CallExpression,nan,2,-1,-1,114,12,114,92,packages\webpack-node-externals\test\library.spec.js,1,1032
1595,CallExpression,nan,1,-1,-1,117,12,119,14,packages\webpack-node-externals\test\library.spec.js,1,1033
1596,CallExpression,nan,2,-1,-1,120,12,120,105,packages\webpack-node-externals\test\library.spec.js,1,1034
1597,CallExpression,nan,2,-1,-1,121,12,121,100,packages\webpack-node-externals\test\library.spec.js,1,1035
1598,CallExpression,nan,1,-1,-1,125,12,127,14,packages\webpack-node-externals\test\library.spec.js,1,1036
1599,CallExpression,nan,2,-1,-1,128,12,128,88,packages\webpack-node-externals\test\library.spec.js,1,1037
1600,CallExpression,nan,2,-1,-1,129,12,129,101,packages\webpack-node-externals\test\library.spec.js,1,1038
1601,CallExpression,nan,1,-1,-1,133,12,135,14,packages\webpack-node-externals\test\library.spec.js,1,1039
1602,CallExpression,nan,2,-1,-1,136,12,136,94,packages\webpack-node-externals\test\library.spec.js,1,1040
1603,CallExpression,nan,2,-1,-1,137,12,137,107,packages\webpack-node-externals\test\library.spec.js,1,1041
1604,CallExpression,nan,1,-1,-1,141,12,143,14,packages\webpack-node-externals\test\library.spec.js,1,1042
1605,CallExpression,nan,2,-1,-1,144,12,144,89,packages\webpack-node-externals\test\library.spec.js,1,1043
1606,BlockStatement,nan,-1,-1,-1,246,148,248,13,packages\webpack-node-externals\test\library.spec.js,1,1044
1607,LogicalExpression,nan,-1,-1,-1,246,16,246,146,packages\webpack-node-externals\test\library.spec.js,1,1045
1608,CallExpression,nan,2,-1,-1,249,12,249,38,packages\webpack-node-externals\test\library.spec.js,1,1046
1609,MemberExpression,nan,-1,-1,-1,72,12,72,28,packages\webpack-node-externals\test\library.spec.js,1,1047
1610,CallExpression,nan,1,-1,-1,72,31,74,15,packages\webpack-node-externals\test\library.spec.js,1,1048
1611,FunctionExpression,nan,-1,0,0,110,19,112,13,packages\webpack-node-externals\test\library.spec.js,1,1049
1612,Identifier,before,-1,-1,-1,110,12,110,18,packages\webpack-node-externals\test\library.spec.js,1,1050
1614,CallExpression,nan,2,-1,-1,113,53,113,96,packages\webpack-node-externals\test\library.spec.js,1,1051
1615,Identifier,it,-1,-1,-1,113,12,113,14,packages\webpack-node-externals\test\library.spec.js,1,1052
1617,CallExpression,nan,2,-1,-1,114,57,114,91,packages\webpack-node-externals\test\library.spec.js,1,1053
1618,Identifier,it,-1,-1,-1,114,12,114,14,packages\webpack-node-externals\test\library.spec.js,1,1054
1619,FunctionExpression,nan,-1,0,0,117,19,119,13,packages\webpack-node-externals\test\library.spec.js,1,1055
1620,Identifier,before,-1,-1,-1,117,12,117,18,packages\webpack-node-externals\test\library.spec.js,1,1056
1622,CallExpression,nan,2,-1,-1,120,61,120,104,packages\webpack-node-externals\test\library.spec.js,1,1057
1623,Identifier,it,-1,-1,-1,120,12,120,14,packages\webpack-node-externals\test\library.spec.js,1,1058
1625,CallExpression,nan,2,-1,-1,121,65,121,99,packages\webpack-node-externals\test\library.spec.js,1,1059
1626,Identifier,it,-1,-1,-1,121,12,121,14,packages\webpack-node-externals\test\library.spec.js,1,1060
1627,FunctionExpression,nan,-1,0,0,125,19,127,13,packages\webpack-node-externals\test\library.spec.js,1,1061
1628,Identifier,before,-1,-1,-1,125,12,125,18,packages\webpack-node-externals\test\library.spec.js,1,1062
1630,CallExpression,nan,2,-1,-1,128,53,128,87,packages\webpack-node-externals\test\library.spec.js,1,1063
1631,Identifier,it,-1,-1,-1,128,12,128,14,packages\webpack-node-externals\test\library.spec.js,1,1064
1633,CallExpression,nan,2,-1,-1,129,57,129,100,packages\webpack-node-externals\test\library.spec.js,1,1065
1634,Identifier,it,-1,-1,-1,129,12,129,14,packages\webpack-node-externals\test\library.spec.js,1,1066
1635,FunctionExpression,nan,-1,0,0,133,19,135,13,packages\webpack-node-externals\test\library.spec.js,1,1067
1636,Identifier,before,-1,-1,-1,133,12,133,18,packages\webpack-node-externals\test\library.spec.js,1,1068
1638,CallExpression,nan,2,-1,-1,136,59,136,93,packages\webpack-node-externals\test\library.spec.js,1,1069
1639,Identifier,it,-1,-1,-1,136,12,136,14,packages\webpack-node-externals\test\library.spec.js,1,1070
1641,CallExpression,nan,2,-1,-1,137,63,137,106,packages\webpack-node-externals\test\library.spec.js,1,1071
1642,Identifier,it,-1,-1,-1,137,12,137,14,packages\webpack-node-externals\test\library.spec.js,1,1072
1643,FunctionExpression,nan,-1,0,0,141,19,143,13,packages\webpack-node-externals\test\library.spec.js,1,1073
1644,Identifier,before,-1,-1,-1,141,12,141,18,packages\webpack-node-externals\test\library.spec.js,1,1074
1646,CallExpression,nan,2,-1,-1,144,54,144,88,packages\webpack-node-externals\test\library.spec.js,1,1075
1647,Identifier,it,-1,-1,-1,144,12,144,14,packages\webpack-node-externals\test\library.spec.js,1,1076
1652,Identifier,arguments,-1,-1,-1,249,28,249,37,packages\webpack-node-externals\test\library.spec.js,1,1077
1653,MemberExpression,nan,-1,-1,-1,249,12,249,21,packages\webpack-node-externals\test\library.spec.js,1,1078
1654,ObjectExpression,nan,-1,-1,-1,72,45,74,14,packages\webpack-node-externals\test\library.spec.js,1,1079
1655,Identifier,nodeExternals,-1,-1,-1,72,31,72,44,packages\webpack-node-externals\test\library.spec.js,1,1080
1657,BlockStatement,nan,-1,-1,-1,110,29,112,13,packages\webpack-node-externals\test\library.spec.js,1,1081
1660,Identifier,assertResult,-1,-1,-1,113,53,113,65,packages\webpack-node-externals\test\library.spec.js,1,1082
1662,Identifier,undefined,-1,-1,-1,114,81,114,90,packages\webpack-node-externals\test\library.spec.js,1,1083
1663,Identifier,assertResult,-1,-1,-1,114,57,114,69,packages\webpack-node-externals\test\library.spec.js,1,1084
1665,BlockStatement,nan,-1,-1,-1,117,29,119,13,packages\webpack-node-externals\test\library.spec.js,1,1085
1668,Identifier,assertResult,-1,-1,-1,120,61,120,73,packages\webpack-node-externals\test\library.spec.js,1,1086
1670,Identifier,undefined,-1,-1,-1,121,89,121,98,packages\webpack-node-externals\test\library.spec.js,1,1087
1671,Identifier,assertResult,-1,-1,-1,121,65,121,77,packages\webpack-node-externals\test\library.spec.js,1,1088
1673,BlockStatement,nan,-1,-1,-1,125,29,127,13,packages\webpack-node-externals\test\library.spec.js,1,1089
1675,Identifier,undefined,-1,-1,-1,128,77,128,86,packages\webpack-node-externals\test\library.spec.js,1,1090
1676,Identifier,assertResult,-1,-1,-1,128,53,128,65,packages\webpack-node-externals\test\library.spec.js,1,1091
1679,Identifier,assertResult,-1,-1,-1,129,57,129,69,packages\webpack-node-externals\test\library.spec.js,1,1092
1681,BlockStatement,nan,-1,-1,-1,133,29,135,13,packages\webpack-node-externals\test\library.spec.js,1,1093
1683,Identifier,undefined,-1,-1,-1,136,83,136,92,packages\webpack-node-externals\test\library.spec.js,1,1094
1684,Identifier,assertResult,-1,-1,-1,136,59,136,71,packages\webpack-node-externals\test\library.spec.js,1,1095
1687,Identifier,assertResult,-1,-1,-1,137,63,137,75,packages\webpack-node-externals\test\library.spec.js,1,1096
1689,BlockStatement,nan,-1,-1,-1,141,29,143,13,packages\webpack-node-externals\test\library.spec.js,1,1097
1691,Identifier,undefined,-1,-1,-1,144,78,144,87,packages\webpack-node-externals\test\library.spec.js,1,1098
1692,Identifier,assertResult,-1,-1,-1,144,54,144,66,packages\webpack-node-externals\test\library.spec.js,1,1099
1693,AssignmentExpression,nan,-1,-1,-1,247,16,247,34,packages\webpack-node-externals\test\library.spec.js,1,1100
1694,Identifier,error,-1,-1,-1,246,16,246,21,packages\webpack-node-externals\test\library.spec.js,1,1101
1695,Identifier,Error,-1,-1,-1,246,33,246,38,packages\webpack-node-externals\test\library.spec.js,1,1102
1696,CallExpression,nan,1,-1,-1,246,42,246,139,packages\webpack-node-externals\test\library.spec.js,1,1103
1697,UnaryExpression,nan,1,-1,-1,246,144,246,146,packages\webpack-node-externals\test\library.spec.js,1,1104
1703,Identifier,errorLogged,-1,-1,-1,247,16,247,27,packages\webpack-node-externals\test\library.spec.js,1,1105
1706,MemberExpression,nan,-1,-1,-1,246,42,246,63,packages\webpack-node-externals\test\library.spec.js,1,1106
1708,AssignmentExpression,nan,-1,-1,-1,111,16,111,98,packages\webpack-node-externals\test\library.spec.js,1,1107
1709,AssignmentExpression,nan,-1,-1,-1,118,16,118,108,packages\webpack-node-externals\test\library.spec.js,1,1108
1710,AssignmentExpression,nan,-1,-1,-1,126,16,126,98,packages\webpack-node-externals\test\library.spec.js,1,1109
1711,AssignmentExpression,nan,-1,-1,-1,134,16,134,106,packages\webpack-node-externals\test\library.spec.js,1,1110
1712,AssignmentExpression,nan,-1,-1,-1,142,16,142,96,packages\webpack-node-externals\test\library.spec.js,1,1111
1713,MemberExpression,nan,-1,-1,-1,111,16,111,32,packages\webpack-node-externals\test\library.spec.js,1,1112
1714,CallExpression,nan,1,-1,-1,111,35,111,98,packages\webpack-node-externals\test\library.spec.js,1,1113
1715,MemberExpression,nan,-1,-1,-1,118,16,118,32,packages\webpack-node-externals\test\library.spec.js,1,1114
1716,CallExpression,nan,1,-1,-1,118,35,118,108,packages\webpack-node-externals\test\library.spec.js,1,1115
1717,MemberExpression,nan,-1,-1,-1,126,16,126,32,packages\webpack-node-externals\test\library.spec.js,1,1116
1718,CallExpression,nan,1,-1,-1,126,35,126,98,packages\webpack-node-externals\test\library.spec.js,1,1117
1719,MemberExpression,nan,-1,-1,-1,134,16,134,32,packages\webpack-node-externals\test\library.spec.js,1,1118
1720,CallExpression,nan,1,-1,-1,134,35,134,106,packages\webpack-node-externals\test\library.spec.js,1,1119
1721,MemberExpression,nan,-1,-1,-1,142,16,142,32,packages\webpack-node-externals\test\library.spec.js,1,1120
1722,CallExpression,nan,1,-1,-1,142,35,142,96,packages\webpack-node-externals\test\library.spec.js,1,1121
1723,ObjectExpression,nan,-1,-1,-1,111,49,111,97,packages\webpack-node-externals\test\library.spec.js,1,1122
1724,Identifier,nodeExternals,-1,-1,-1,111,35,111,48,packages\webpack-node-externals\test\library.spec.js,1,1123
1725,ObjectExpression,nan,-1,-1,-1,118,49,118,107,packages\webpack-node-externals\test\library.spec.js,1,1124
1726,Identifier,nodeExternals,-1,-1,-1,118,35,118,48,packages\webpack-node-externals\test\library.spec.js,1,1125
1727,ObjectExpression,nan,-1,-1,-1,126,49,126,97,packages\webpack-node-externals\test\library.spec.js,1,1126
1728,Identifier,nodeExternals,-1,-1,-1,126,35,126,48,packages\webpack-node-externals\test\library.spec.js,1,1127
1729,ObjectExpression,nan,-1,-1,-1,134,49,134,105,packages\webpack-node-externals\test\library.spec.js,1,1128
1730,Identifier,nodeExternals,-1,-1,-1,134,35,134,48,packages\webpack-node-externals\test\library.spec.js,1,1129
1731,ObjectExpression,nan,-1,-1,-1,142,49,142,95,packages\webpack-node-externals\test\library.spec.js,1,1130
1732,Identifier,nodeExternals,-1,-1,-1,142,35,142,48,packages\webpack-node-externals\test\library.spec.js,1,1131
1733,Program,nan,-1,-1,-1,1,0,193,1,packages\webpack-node-externals\test\test-utils.js,1,1132
1734,VariableDeclaration,nan,-1,-1,-1,1,0,1,35,packages\webpack-node-externals\test\test-utils.js,1,1133
1735,VariableDeclaration,nan,-1,-1,-1,2,0,2,45,packages\webpack-node-externals\test\test-utils.js,1,1134
1736,VariableDeclaration,nan,-1,-1,-1,3,0,3,35,packages\webpack-node-externals\test\test-utils.js,1,1135
1737,VariableDeclaration,nan,-1,-1,-1,4,0,4,25,packages\webpack-node-externals\test\test-utils.js,1,1136
1738,VariableDeclaration,nan,-1,-1,-1,5,0,5,31,packages\webpack-node-externals\test\test-utils.js,1,1137
1739,VariableDeclaration,nan,-1,-1,-1,6,0,6,29,packages\webpack-node-externals\test\test-utils.js,1,1138
1740,VariableDeclaration,nan,-1,-1,-1,7,0,7,49,packages\webpack-node-externals\test\test-utils.js,1,1139
1741,VariableDeclaration,nan,-1,-1,-1,8,0,8,29,packages\webpack-node-externals\test\test-utils.js,1,1140
1742,VariableDeclaration,nan,-1,-1,-1,9,0,9,27,packages\webpack-node-externals\test\test-utils.js,1,1141
1750,FunctionDeclaration,nan,-1,1,1,126,0,153,1,packages\webpack-node-externals\test\test-utils.js,1,1142
1751,FunctionDeclaration,nan,-1,3,0,155,0,164,1,packages\webpack-node-externals\test\test-utils.js,1,1143
1752,FunctionDeclaration,nan,-1,1,1,166,0,168,1,packages\webpack-node-externals\test\test-utils.js,1,1144
1753,FunctionDeclaration,nan,-1,1,1,170,0,172,1,packages\webpack-node-externals\test\test-utils.js,1,1145
1754,FunctionDeclaration,nan,-1,1,0,174,0,181,1,packages\webpack-node-externals\test\test-utils.js,1,1146
1755,FunctionDeclaration,nan,-1,2,1,183,0,193,1,packages\webpack-node-externals\test\test-utils.js,1,1147
1756,AssignmentExpression,nan,-1,-1,-1,18,0,25,1,packages\webpack-node-externals\test\test-utils.js,1,1148
1757,AssignmentExpression,nan,-1,-1,-1,35,0,42,1,packages\webpack-node-externals\test\test-utils.js,1,1149
1758,AssignmentExpression,nan,-1,-1,-1,49,0,83,1,packages\webpack-node-externals\test\test-utils.js,1,1150
1759,AssignmentExpression,nan,-1,-1,-1,89,0,91,1,packages\webpack-node-externals\test\test-utils.js,1,1151
1760,AssignmentExpression,nan,-1,-1,-1,93,0,97,1,packages\webpack-node-externals\test\test-utils.js,1,1152
1761,AssignmentExpression,nan,-1,-1,-1,99,0,103,1,packages\webpack-node-externals\test\test-utils.js,1,1153
1762,AssignmentExpression,nan,-1,-1,-1,112,0,118,1,packages\webpack-node-externals\test\test-utils.js,1,1154
1763,Identifier,generateWithWebpack,-1,-1,-1,126,9,126,28,packages\webpack-node-externals\test\test-utils.js,1,1155
1764,Identifier,nodeExternalsConfig,-1,-1,-1,126,29,126,48,packages\webpack-node-externals\test\test-utils.js,1,1156
1766,BlockStatement,nan,-1,-1,-1,126,50,153,1,packages\webpack-node-externals\test\test-utils.js,1,1157
1767,Identifier,assertExternals,-1,-1,-1,155,9,155,24,packages\webpack-node-externals\test\test-utils.js,1,1158
1768,Identifier,result,-1,-1,-1,155,25,155,31,packages\webpack-node-externals\test\test-utils.js,1,1159
1769,Identifier,externals,-1,-1,-1,155,34,155,43,packages\webpack-node-externals\test\test-utils.js,1,1160
1770,Identifier,nonExternals,-1,-1,-1,155,45,155,57,packages\webpack-node-externals\test\test-utils.js,1,1161
1772,BlockStatement,nan,-1,-1,-1,155,59,164,1,packages\webpack-node-externals\test\test-utils.js,1,1162
1773,Identifier,bundled,-1,-1,-1,166,9,166,16,packages\webpack-node-externals\test\test-utils.js,1,1163
1774,Identifier,moduleName,-1,-1,-1,166,17,166,27,packages\webpack-node-externals\test\test-utils.js,1,1164
1776,BlockStatement,nan,-1,-1,-1,166,29,168,1,packages\webpack-node-externals\test\test-utils.js,1,1165
1777,Identifier,external,-1,-1,-1,170,9,170,17,packages\webpack-node-externals\test\test-utils.js,1,1166
1778,Identifier,moduleName,-1,-1,-1,170,18,170,28,packages\webpack-node-externals\test\test-utils.js,1,1167
1780,BlockStatement,nan,-1,-1,-1,170,30,172,1,packages\webpack-node-externals\test\test-utils.js,1,1168
1781,Identifier,removeDir,-1,-1,-1,174,9,174,18,packages\webpack-node-externals\test\test-utils.js,1,1169
1782,Identifier,dirName,-1,-1,-1,174,19,174,26,packages\webpack-node-externals\test\test-utils.js,1,1170
1784,BlockStatement,nan,-1,-1,-1,174,28,181,1,packages\webpack-node-externals\test\test-utils.js,1,1171
1785,Identifier,copyDir,-1,-1,-1,183,9,183,16,packages\webpack-node-externals\test\test-utils.js,1,1172
1786,Identifier,source,-1,-1,-1,183,17,183,23,packages\webpack-node-externals\test\test-utils.js,1,1173
1787,Identifier,dest,-1,-1,-1,183,25,183,29,packages\webpack-node-externals\test\test-utils.js,1,1174
1789,BlockStatement,nan,-1,-1,-1,183,31,193,1,packages\webpack-node-externals\test\test-utils.js,1,1175
1790,MemberExpression,nan,-1,-1,-1,18,0,18,22,packages\webpack-node-externals\test\test-utils.js,1,1176
1791,FunctionExpression,nan,-1,3,1,18,25,25,1,packages\webpack-node-externals\test\test-utils.js,1,1177
1792,MemberExpression,nan,-1,-1,-1,35,0,35,30,packages\webpack-node-externals\test\test-utils.js,1,1178
1793,FunctionExpression,nan,-1,3,1,35,33,42,1,packages\webpack-node-externals\test\test-utils.js,1,1179
1794,MemberExpression,nan,-1,-1,-1,49,0,49,23,packages\webpack-node-externals\test\test-utils.js,1,1180
1795,FunctionExpression,nan,-1,1,0,49,26,83,1,packages\webpack-node-externals\test\test-utils.js,1,1181
1796,MemberExpression,nan,-1,-1,-1,89,0,89,19,packages\webpack-node-externals\test\test-utils.js,1,1182
1797,FunctionExpression,nan,-1,0,0,89,22,91,1,packages\webpack-node-externals\test\test-utils.js,1,1183
1798,MemberExpression,nan,-1,-1,-1,93,0,93,19,packages\webpack-node-externals\test\test-utils.js,1,1184
1799,FunctionExpression,nan,-1,1,1,93,22,97,1,packages\webpack-node-externals\test\test-utils.js,1,1185
1800,MemberExpression,nan,-1,-1,-1,99,0,99,21,packages\webpack-node-externals\test\test-utils.js,1,1186
1801,FunctionExpression,nan,-1,1,0,99,24,103,1,packages\webpack-node-externals\test\test-utils.js,1,1187
1802,MemberExpression,nan,-1,-1,-1,112,0,112,24,packages\webpack-node-externals\test\test-utils.js,1,1188
1803,FunctionExpression,nan,-1,3,1,112,27,118,1,packages\webpack-node-externals\test\test-utils.js,1,1189
1804,VariableDeclaration,nan,-1,-1,-1,127,4,127,45,packages\webpack-node-externals\test\test-utils.js,1,1190
1805,VariableDeclaration,nan,-1,-1,-1,128,4,128,39,packages\webpack-node-externals\test\test-utils.js,1,1191
1806,VariableDeclaration,nan,-1,-1,-1,129,4,129,58,packages\webpack-node-externals\test\test-utils.js,1,1192
1807,ReturnStatement,nan,1,-1,-1,130,4,152,7,packages\webpack-node-externals\test\test-utils.js,1,1193
1810,ReturnStatement,nan,1,-1,-1,167,4,167,35,packages\webpack-node-externals\test\test-utils.js,1,1194
1811,ReturnStatement,nan,1,-1,-1,171,4,171,41,packages\webpack-node-externals\test\test-utils.js,1,1195
1812,IfStatement,nan,-1,-1,-1,175,4,180,5,packages\webpack-node-externals\test\test-utils.js,1,1196
1813,ReturnStatement,nan,1,-1,-1,184,4,192,6,packages\webpack-node-externals\test\test-utils.js,1,1197
1814,Identifier,buildAssertion,-1,-1,-1,18,34,18,48,packages\webpack-node-externals\test\test-utils.js,1,1198
1815,Identifier,context,-1,-1,-1,18,49,18,56,packages\webpack-node-externals\test\test-utils.js,1,1199
1816,Identifier,moduleName,-1,-1,-1,18,58,18,68,packages\webpack-node-externals\test\test-utils.js,1,1200
1817,Identifier,expectedResult,-1,-1,-1,18,70,18,84,packages\webpack-node-externals\test\test-utils.js,1,1201
1819,BlockStatement,nan,-1,-1,-1,18,85,25,1,packages\webpack-node-externals\test\test-utils.js,1,1202
1820,Identifier,buildAssertion,-1,-1,-1,35,42,35,56,packages\webpack-node-externals\test\test-utils.js,1,1203
1821,Identifier,context,-1,-1,-1,35,57,35,64,packages\webpack-node-externals\test\test-utils.js,1,1204
1822,Identifier,moduleName,-1,-1,-1,35,66,35,76,packages\webpack-node-externals\test\test-utils.js,1,1205
1823,Identifier,expectedResult,-1,-1,-1,35,78,35,92,packages\webpack-node-externals\test\test-utils.js,1,1206
1825,BlockStatement,nan,-1,-1,-1,35,93,42,1,packages\webpack-node-externals\test\test-utils.js,1,1207
1826,Identifier,mockNodeModules,-1,-1,-1,49,35,49,50,packages\webpack-node-externals\test\test-utils.js,1,1208
1827,Identifier,structure,-1,-1,-1,49,51,49,60,packages\webpack-node-externals\test\test-utils.js,1,1209
1829,BlockStatement,nan,-1,-1,-1,49,61,83,1,packages\webpack-node-externals\test\test-utils.js,1,1210
1830,Identifier,restoreMock,-1,-1,-1,89,31,89,42,packages\webpack-node-externals\test\test-utils.js,1,1211
1832,BlockStatement,nan,-1,-1,-1,89,44,91,1,packages\webpack-node-externals\test\test-utils.js,1,1212
1833,Identifier,moduleNames,-1,-1,-1,93,31,93,42,packages\webpack-node-externals\test\test-utils.js,1,1213
1835,BlockStatement,nan,-1,-1,-1,93,44,97,1,packages\webpack-node-externals\test\test-utils.js,1,1214
1836,Identifier,moduleNames,-1,-1,-1,99,33,99,44,packages\webpack-node-externals\test\test-utils.js,1,1215
1838,BlockStatement,nan,-1,-1,-1,99,46,103,1,packages\webpack-node-externals\test\test-utils.js,1,1216
1839,Identifier,webpackAssertion,-1,-1,-1,112,36,112,52,packages\webpack-node-externals\test\test-utils.js,1,1217
1840,Identifier,nodeExternalsConfig,-1,-1,-1,112,53,112,72,packages\webpack-node-externals\test\test-utils.js,1,1218
1841,Identifier,externals,-1,-1,-1,112,74,112,83,packages\webpack-node-externals\test\test-utils.js,1,1219
1842,Identifier,nonExternals,-1,-1,-1,112,85,112,97,packages\webpack-node-externals\test\test-utils.js,1,1220
1844,BlockStatement,nan,-1,-1,-1,112,98,118,1,packages\webpack-node-externals\test\test-utils.js,1,1221
1845,NewExpression,nan,1,-1,-1,130,11,152,6,packages\webpack-node-externals\test\test-utils.js,1,1222
1846,CallExpression,nan,1,-1,-1,156,4,159,6,packages\webpack-node-externals\test\test-utils.js,1,1223
1847,CallExpression,nan,1,-1,-1,160,4,163,6,packages\webpack-node-externals\test\test-utils.js,1,1224
1850,BlockStatement,nan,-1,-1,-1,175,32,180,5,packages\webpack-node-externals\test\test-utils.js,1,1225
1851,CallExpression,nan,1,-1,-1,175,7,175,29,packages\webpack-node-externals\test\test-utils.js,1,1226
1852,NewExpression,nan,1,-1,-1,184,11,192,6,packages\webpack-node-externals\test\test-utils.js,1,1227
1853,ReturnStatement,nan,1,-1,-1,19,4,24,6,packages\webpack-node-externals\test\test-utils.js,1,1228
1854,ReturnStatement,nan,1,-1,-1,36,4,41,6,packages\webpack-node-externals\test\test-utils.js,1,1229
1858,ReturnStatement,nan,1,-1,-1,94,4,96,8,packages\webpack-node-externals\test\test-utils.js,1,1230
1860,ReturnStatement,nan,1,-1,-1,113,4,117,6,packages\webpack-node-externals\test\test-utils.js,1,1231
1861,FunctionExpression,nan,-1,2,0,130,23,152,5,packages\webpack-node-externals\test\test-utils.js,1,1232
1862,Identifier,Promise,-1,-1,-1,130,15,130,22,packages\webpack-node-externals\test\test-utils.js,1,1233
1863,FunctionExpression,nan,-1,1,0,156,22,159,5,packages\webpack-node-externals\test\test-utils.js,1,1234
1864,MemberExpression,nan,-1,-1,-1,156,4,156,21,packages\webpack-node-externals\test\test-utils.js,1,1235
1865,FunctionExpression,nan,-1,1,0,160,25,163,5,packages\webpack-node-externals\test\test-utils.js,1,1236
1866,MemberExpression,nan,-1,-1,-1,160,4,160,24,packages\webpack-node-externals\test\test-utils.js,1,1237
1867,Identifier,moduleName,-1,-1,-1,167,11,167,21,packages\webpack-node-externals\test\test-utils.js,1,1238
1873,Identifier,dirName,-1,-1,-1,175,21,175,28,packages\webpack-node-externals\test\test-utils.js,1,1239
1874,MemberExpression,nan,-1,-1,-1,175,7,175,20,packages\webpack-node-externals\test\test-utils.js,1,1240
1875,FunctionExpression,nan,-1,2,0,184,23,192,5,packages\webpack-node-externals\test\test-utils.js,1,1241
1876,Identifier,Promise,-1,-1,-1,184,15,184,22,packages\webpack-node-externals\test\test-utils.js,1,1242
1877,FunctionExpression,nan,-1,1,0,19,11,24,5,packages\webpack-node-externals\test\test-utils.js,1,1243
1878,FunctionExpression,nan,-1,1,0,36,11,41,5,packages\webpack-node-externals\test\test-utils.js,1,1244
1879,AssignmentExpression,nan,-1,-1,-1,50,4,67,5,packages\webpack-node-externals\test\test-utils.js,1,1245
1880,CallExpression,nan,1,-1,-1,69,4,82,6,packages\webpack-node-externals\test\test-utils.js,1,1246
1881,CallExpression,nan,0,-1,-1,90,4,90,21,packages\webpack-node-externals\test\test-utils.js,1,1247
1882,CallExpression,nan,1,-1,-1,94,11,96,7,packages\webpack-node-externals\test\test-utils.js,1,1248
1883,CallExpression,nan,1,-1,-1,100,4,102,6,packages\webpack-node-externals\test\test-utils.js,1,1249
1884,FunctionExpression,nan,-1,0,1,113,11,117,5,packages\webpack-node-externals\test\test-utils.js,1,1250
1885,Identifier,resolve,-1,-1,-1,130,32,130,39,packages\webpack-node-externals\test\test-utils.js,1,1251
1886,Identifier,reject,-1,-1,-1,130,41,130,47,packages\webpack-node-externals\test\test-utils.js,1,1252
1888,BlockStatement,nan,-1,-1,-1,130,49,152,5,packages\webpack-node-externals\test\test-utils.js,1,1253
1889,Identifier,moduleName,-1,-1,-1,156,31,156,41,packages\webpack-node-externals\test\test-utils.js,1,1254
1891,BlockStatement,nan,-1,-1,-1,156,43,159,5,packages\webpack-node-externals\test\test-utils.js,1,1255
1892,Identifier,moduleName,-1,-1,-1,160,34,160,44,packages\webpack-node-externals\test\test-utils.js,1,1256
1894,BlockStatement,nan,-1,-1,-1,160,46,163,5,packages\webpack-node-externals\test\test-utils.js,1,1257
1896,Identifier,moduleName,-1,-1,-1,171,24,171,34,packages\webpack-node-externals\test\test-utils.js,1,1258
1897,CallExpression,nan,1,-1,-1,176,6,178,8,packages\webpack-node-externals\test\test-utils.js,1,1259
1898,CallExpression,nan,1,-1,-1,179,6,179,27,packages\webpack-node-externals\test\test-utils.js,1,1260
1899,Identifier,resolve,-1,-1,-1,184,32,184,39,packages\webpack-node-externals\test\test-utils.js,1,1261
1900,Identifier,reject,-1,-1,-1,184,41,184,47,packages\webpack-node-externals\test\test-utils.js,1,1262
1902,BlockStatement,nan,-1,-1,-1,184,49,192,5,packages\webpack-node-externals\test\test-utils.js,1,1263
1903,Identifier,done,-1,-1,-1,19,20,19,24,packages\webpack-node-externals\test\test-utils.js,1,1264
1905,BlockStatement,nan,-1,-1,-1,19,26,24,5,packages\webpack-node-externals\test\test-utils.js,1,1265
1906,Identifier,done,-1,-1,-1,36,20,36,24,packages\webpack-node-externals\test\test-utils.js,1,1266
1908,BlockStatement,nan,-1,-1,-1,36,26,41,5,packages\webpack-node-externals\test\test-utils.js,1,1267
1909,Identifier,structure,-1,-1,-1,50,4,50,13,packages\webpack-node-externals\test\test-utils.js,1,1268
1910,LogicalExpression,nan,-1,-1,-1,50,16,67,5,packages\webpack-node-externals\test\test-utils.js,1,1269
1911,ObjectExpression,nan,-1,-1,-1,69,12,82,5,packages\webpack-node-externals\test\test-utils.js,1,1270
1912,Identifier,mockDir,-1,-1,-1,69,4,69,11,packages\webpack-node-externals\test\test-utils.js,1,1271
1913,MemberExpression,nan,-1,-1,-1,90,4,90,19,packages\webpack-node-externals\test\test-utils.js,1,1272
1914,CallExpression,nan,1,-1,-1,94,23,96,6,packages\webpack-node-externals\test\test-utils.js,1,1273
1915,MemberExpression,nan,-1,-1,-1,94,11,94,22,packages\webpack-node-externals\test\test-utils.js,1,1274
1916,FunctionExpression,nan,-1,1,0,100,24,102,5,packages\webpack-node-externals\test\test-utils.js,1,1275
1917,MemberExpression,nan,-1,-1,-1,100,4,100,23,packages\webpack-node-externals\test\test-utils.js,1,1276
1919,BlockStatement,nan,-1,-1,-1,113,22,117,5,packages\webpack-node-externals\test\test-utils.js,1,1277
1925,FunctionExpression,nan,-1,1,0,176,38,178,7,packages\webpack-node-externals\test\test-utils.js,1,1278
1926,MemberExpression,nan,-1,-1,-1,176,6,176,37,packages\webpack-node-externals\test\test-utils.js,1,1279
1927,Identifier,dirName,-1,-1,-1,179,19,179,26,packages\webpack-node-externals\test\test-utils.js,1,1280
1928,MemberExpression,nan,-1,-1,-1,179,6,179,18,packages\webpack-node-externals\test\test-utils.js,1,1281
1932,Identifier,structure,-1,-1,-1,50,16,50,25,packages\webpack-node-externals\test\test-utils.js,1,1282
1933,ObjectExpression,nan,-1,-1,-1,50,29,67,5,packages\webpack-node-externals\test\test-utils.js,1,1283
1934,FunctionExpression,nan,-1,1,1,94,39,96,5,packages\webpack-node-externals\test\test-utils.js,1,1284
1935,MemberExpression,nan,-1,-1,-1,94,23,94,38,packages\webpack-node-externals\test\test-utils.js,1,1285
1936,Identifier,moduleName,-1,-1,-1,100,33,100,43,packages\webpack-node-externals\test\test-utils.js,1,1286
1938,BlockStatement,nan,-1,-1,-1,100,44,102,5,packages\webpack-node-externals\test\test-utils.js,1,1287
1939,ReturnStatement,nan,1,-1,-1,114,8,116,11,packages\webpack-node-externals\test\test-utils.js,1,1288
1940,CallExpression,nan,2,-1,-1,131,8,151,10,packages\webpack-node-externals\test\test-utils.js,1,1289
1941,CallExpression,nan,1,-1,-1,157,8,157,58,packages\webpack-node-externals\test\test-utils.js,1,1290
1942,CallExpression,nan,1,-1,-1,158,8,158,55,packages\webpack-node-externals\test\test-utils.js,1,1291
1943,CallExpression,nan,1,-1,-1,161,8,161,59,packages\webpack-node-externals\test\test-utils.js,1,1292
1944,CallExpression,nan,1,-1,-1,162,8,162,54,packages\webpack-node-externals\test\test-utils.js,1,1293
1945,Identifier,file,-1,-1,-1,176,47,176,51,packages\webpack-node-externals\test\test-utils.js,1,1294
1947,BlockStatement,nan,-1,-1,-1,176,52,178,7,packages\webpack-node-externals\test\test-utils.js,1,1295
1948,CallExpression,nan,3,-1,-1,185,8,191,10,packages\webpack-node-externals\test\test-utils.js,1,1296
1949,CallExpression,nan,3,-1,-1,20,8,23,10,packages\webpack-node-externals\test\test-utils.js,1,1297
1950,CallExpression,nan,2,-1,-1,37,8,40,10,packages\webpack-node-externals\test\test-utils.js,1,1298
1951,Identifier,moduleName,-1,-1,-1,94,48,94,58,packages\webpack-node-externals\test\test-utils.js,1,1299
1953,BlockStatement,nan,-1,-1,-1,94,60,96,5,packages\webpack-node-externals\test\test-utils.js,1,1300
1955,CallExpression,nan,1,-1,-1,114,15,116,10,packages\webpack-node-externals\test\test-utils.js,1,1301
1956,ObjectExpression,nan,-1,-1,-1,131,16,143,9,packages\webpack-node-externals\test\test-utils.js,1,1302
1957,FunctionExpression,nan,-1,1,0,143,11,151,9,packages\webpack-node-externals\test\test-utils.js,1,1303
1958,Identifier,webpack,-1,-1,-1,131,8,131,15,packages\webpack-node-externals\test\test-utils.js,1,1304
1959,CallExpression,nan,1,-1,-1,157,38,157,57,packages\webpack-node-externals\test\test-utils.js,1,1305
1960,MemberExpression,nan,-1,-1,-1,157,8,157,37,packages\webpack-node-externals\test\test-utils.js,1,1306
1961,CallExpression,nan,1,-1,-1,158,34,158,54,packages\webpack-node-externals\test\test-utils.js,1,1307
1962,MemberExpression,nan,-1,-1,-1,158,8,158,33,packages\webpack-node-externals\test\test-utils.js,1,1308
1963,CallExpression,nan,1,-1,-1,161,38,161,58,packages\webpack-node-externals\test\test-utils.js,1,1309
1964,MemberExpression,nan,-1,-1,-1,161,8,161,37,packages\webpack-node-externals\test\test-utils.js,1,1310
1965,CallExpression,nan,1,-1,-1,162,34,162,53,packages\webpack-node-externals\test\test-utils.js,1,1311
1966,MemberExpression,nan,-1,-1,-1,162,8,162,33,packages\webpack-node-externals\test\test-utils.js,1,1312
1968,Identifier,source,-1,-1,-1,185,12,185,18,packages\webpack-node-externals\test\test-utils.js,1,1313
1969,Identifier,dest,-1,-1,-1,185,20,185,24,packages\webpack-node-externals\test\test-utils.js,1,1314
1970,FunctionExpression,nan,-1,1,0,185,26,191,9,packages\webpack-node-externals\test\test-utils.js,1,1315
1971,Identifier,ncp,-1,-1,-1,185,8,185,11,packages\webpack-node-externals\test\test-utils.js,1,1316
1972,CallExpression,nan,0,-1,-1,20,25,20,35,packages\webpack-node-externals\test\test-utils.js,1,1317
1973,Identifier,moduleName,-1,-1,-1,20,37,20,47,packages\webpack-node-externals\test\test-utils.js,1,1318
1974,FunctionExpression,nan,-1,2,0,20,49,23,9,packages\webpack-node-externals\test\test-utils.js,1,1319
1975,MemberExpression,nan,-1,-1,-1,20,8,20,24,packages\webpack-node-externals\test\test-utils.js,1,1320
1976,ObjectExpression,nan,-1,-1,-1,37,25,37,69,packages\webpack-node-externals\test\test-utils.js,1,1321
1977,FunctionExpression,nan,-1,2,0,37,71,40,9,packages\webpack-node-externals\test\test-utils.js,1,1322
1978,MemberExpression,nan,-1,-1,-1,37,8,37,24,packages\webpack-node-externals\test\test-utils.js,1,1323
1979,ReturnStatement,nan,1,-1,-1,95,8,95,113,packages\webpack-node-externals\test\test-utils.js,1,1324
1980,CallExpression,nan,1,-1,-1,101,8,101,58,packages\webpack-node-externals\test\test-utils.js,1,1325
1981,FunctionExpression,nan,-1,1,0,114,61,116,9,packages\webpack-node-externals\test\test-utils.js,1,1326
1982,MemberExpression,nan,-1,-1,-1,114,15,114,60,packages\webpack-node-externals\test\test-utils.js,1,1327
1983,Identifier,err,-1,-1,-1,143,20,143,23,packages\webpack-node-externals\test\test-utils.js,1,1328
1985,BlockStatement,nan,-1,-1,-1,143,24,151,9,packages\webpack-node-externals\test\test-utils.js,1,1329
1986,Identifier,moduleName,-1,-1,-1,157,46,157,56,packages\webpack-node-externals\test\test-utils.js,1,1330
1987,Identifier,bundled,-1,-1,-1,157,38,157,45,packages\webpack-node-externals\test\test-utils.js,1,1331
1988,Identifier,moduleName,-1,-1,-1,158,43,158,53,packages\webpack-node-externals\test\test-utils.js,1,1332
1989,Identifier,external,-1,-1,-1,158,34,158,42,packages\webpack-node-externals\test\test-utils.js,1,1333
1990,Identifier,moduleName,-1,-1,-1,161,47,161,57,packages\webpack-node-externals\test\test-utils.js,1,1334
1991,Identifier,external,-1,-1,-1,161,38,161,46,packages\webpack-node-externals\test\test-utils.js,1,1335
1992,Identifier,moduleName,-1,-1,-1,162,42,162,52,packages\webpack-node-externals\test\test-utils.js,1,1336
1993,Identifier,bundled,-1,-1,-1,162,34,162,41,packages\webpack-node-externals\test\test-utils.js,1,1337
1994,CallExpression,nan,1,-1,-1,177,8,177,47,packages\webpack-node-externals\test\test-utils.js,1,1338
1995,Identifier,err,-1,-1,-1,185,35,185,38,packages\webpack-node-externals\test\test-utils.js,1,1339
1997,BlockStatement,nan,-1,-1,-1,185,40,191,9,packages\webpack-node-externals\test\test-utils.js,1,1340
1998,Identifier,relative,-1,-1,-1,20,25,20,33,packages\webpack-node-externals\test\test-utils.js,1,1341
1999,Identifier,noarg,-1,-1,-1,20,58,20,63,packages\webpack-node-externals\test\test-utils.js,1,1342
2000,Identifier,externalModule,-1,-1,-1,20,65,20,79,packages\webpack-node-externals\test\test-utils.js,1,1343
2002,BlockStatement,nan,-1,-1,-1,20,81,23,9,packages\webpack-node-externals\test\test-utils.js,1,1344
2003,Identifier,noarg,-1,-1,-1,37,80,37,85,packages\webpack-node-externals\test\test-utils.js,1,1345
2004,Identifier,externalModule,-1,-1,-1,37,87,37,101,packages\webpack-node-externals\test\test-utils.js,1,1346
2006,BlockStatement,nan,-1,-1,-1,37,103,40,9,packages\webpack-node-externals\test\test-utils.js,1,1347
2007,CallExpression,nan,2,-1,-1,95,15,95,112,packages\webpack-node-externals\test\test-utils.js,1,1348
2008,CallExpression,nan,2,-1,-1,101,18,101,57,packages\webpack-node-externals\test\test-utils.js,1,1349
2009,Identifier,removeDir,-1,-1,-1,101,8,101,17,packages\webpack-node-externals\test\test-utils.js,1,1350
2010,Identifier,result,-1,-1,-1,114,70,114,76,packages\webpack-node-externals\test\test-utils.js,1,1351
2012,BlockStatement,nan,-1,-1,-1,114,78,116,9,packages\webpack-node-externals\test\test-utils.js,1,1352
2013,IfStatement,nan,-1,-1,-1,144,12,150,13,packages\webpack-node-externals\test\test-utils.js,1,1353
2014,CallExpression,nan,2,-1,-1,177,22,177,46,packages\webpack-node-externals\test\test-utils.js,1,1354
2015,MemberExpression,nan,-1,-1,-1,177,8,177,21,packages\webpack-node-externals\test\test-utils.js,1,1355
2016,IfStatement,nan,-1,-1,-1,186,12,190,13,packages\webpack-node-externals\test\test-utils.js,1,1356
2021,CallExpression,nan,3,-1,-1,95,23,95,70,packages\webpack-node-externals\test\test-utils.js,1,1357
2022,CallExpression,nan,2,-1,-1,95,72,95,111,packages\webpack-node-externals\test\test-utils.js,1,1358
2023,Identifier,copyDir,-1,-1,-1,95,15,95,22,packages\webpack-node-externals\test\test-utils.js,1,1359
2025,Identifier,moduleName,-1,-1,-1,101,46,101,56,packages\webpack-node-externals\test\test-utils.js,1,1360
2026,Identifier,relative,-1,-1,-1,101,18,101,26,packages\webpack-node-externals\test\test-utils.js,1,1361
2028,BlockStatement,nan,-1,-1,-1,144,20,146,13,packages\webpack-node-externals\test\test-utils.js,1,1362
2029,Identifier,err,-1,-1,-1,144,15,144,18,packages\webpack-node-externals\test\test-utils.js,1,1363
2030,Identifier,dirName,-1,-1,-1,177,32,177,39,packages\webpack-node-externals\test\test-utils.js,1,1364
2031,Identifier,file,-1,-1,-1,177,41,177,45,packages\webpack-node-externals\test\test-utils.js,1,1365
2032,MemberExpression,nan,-1,-1,-1,177,22,177,31,packages\webpack-node-externals\test\test-utils.js,1,1366
2033,BlockStatement,nan,-1,-1,-1,186,20,188,13,packages\webpack-node-externals\test\test-utils.js,1,1367
2034,Identifier,err,-1,-1,-1,186,15,186,18,packages\webpack-node-externals\test\test-utils.js,1,1368
2035,CallExpression,nan,1,-1,-1,21,12,21,62,packages\webpack-node-externals\test\test-utils.js,1,1369
2036,CallExpression,nan,0,-1,-1,22,12,22,18,packages\webpack-node-externals\test\test-utils.js,1,1370
2037,CallExpression,nan,1,-1,-1,38,12,38,62,packages\webpack-node-externals\test\test-utils.js,1,1371
2038,CallExpression,nan,0,-1,-1,39,12,39,18,packages\webpack-node-externals\test\test-utils.js,1,1372
2041,Identifier,moduleName,-1,-1,-1,95,59,95,69,packages\webpack-node-externals\test\test-utils.js,1,1373
2042,Identifier,relative,-1,-1,-1,95,23,95,31,packages\webpack-node-externals\test\test-utils.js,1,1374
2044,Identifier,moduleName,-1,-1,-1,95,100,95,110,packages\webpack-node-externals\test\test-utils.js,1,1375
2045,Identifier,relative,-1,-1,-1,95,72,95,80,packages\webpack-node-externals\test\test-utils.js,1,1376
2046,CallExpression,nan,3,-1,-1,115,12,115,60,packages\webpack-node-externals\test\test-utils.js,1,1377
2049,Identifier,expectedResult,-1,-1,-1,21,47,21,61,packages\webpack-node-externals\test\test-utils.js,1,1378
2050,MemberExpression,nan,-1,-1,-1,21,12,21,46,packages\webpack-node-externals\test\test-utils.js,1,1379
2051,Identifier,done,-1,-1,-1,22,12,22,16,packages\webpack-node-externals\test\test-utils.js,1,1380
2052,Identifier,expectedResult,-1,-1,-1,38,47,38,61,packages\webpack-node-externals\test\test-utils.js,1,1381
2053,MemberExpression,nan,-1,-1,-1,38,12,38,46,packages\webpack-node-externals\test\test-utils.js,1,1382
2054,Identifier,done,-1,-1,-1,39,12,39,16,packages\webpack-node-externals\test\test-utils.js,1,1383
2055,Identifier,result,-1,-1,-1,115,28,115,34,packages\webpack-node-externals\test\test-utils.js,1,1384
2056,Identifier,externals,-1,-1,-1,115,36,115,45,packages\webpack-node-externals\test\test-utils.js,1,1385
2057,Identifier,nonExternals,-1,-1,-1,115,47,115,59,packages\webpack-node-externals\test\test-utils.js,1,1386
2058,Identifier,assertExternals,-1,-1,-1,115,12,115,27,packages\webpack-node-externals\test\test-utils.js,1,1387
2059,CallExpression,nan,1,-1,-1,145,16,145,27,packages\webpack-node-externals\test\test-utils.js,1,1388
2060,CallExpression,nan,1,-1,-1,187,16,187,27,packages\webpack-node-externals\test\test-utils.js,1,1389
2061,Identifier,err,-1,-1,-1,145,23,145,26,packages\webpack-node-externals\test\test-utils.js,1,1390
2062,Identifier,reject,-1,-1,-1,145,16,145,22,packages\webpack-node-externals\test\test-utils.js,1,1391
2063,Identifier,err,-1,-1,-1,187,23,187,26,packages\webpack-node-externals\test\test-utils.js,1,1392
2064,Identifier,reject,-1,-1,-1,187,16,187,22,packages\webpack-node-externals\test\test-utils.js,1,1393
2065,Program,nan,-1,-1,-1,1,0,26,3,packages\webpack-node-externals\test\webpack.spec.js,1,1394
2066,VariableDeclaration,nan,-1,-1,-1,1,0,1,45,packages\webpack-node-externals\test\webpack.spec.js,1,1395
2067,VariableDeclaration,nan,-1,-1,-1,2,0,2,51,packages\webpack-node-externals\test\webpack.spec.js,1,1396
2069,CallExpression,nan,2,-1,-1,5,0,26,2,packages\webpack-node-externals\test\webpack.spec.js,1,1397
2071,FunctionExpression,nan,-1,0,0,5,36,26,1,packages\webpack-node-externals\test\webpack.spec.js,1,1398
2072,Identifier,describe,-1,-1,-1,5,0,5,8,packages\webpack-node-externals\test\webpack.spec.js,1,1399
2074,BlockStatement,nan,-1,-1,-1,5,47,26,1,packages\webpack-node-externals\test\webpack.spec.js,1,1400
2079,CallExpression,nan,1,-1,-1,7,4,9,6,packages\webpack-node-externals\test\webpack.spec.js,1,1401
2080,CallExpression,nan,2,-1,-1,11,4,14,6,packages\webpack-node-externals\test\webpack.spec.js,1,1402
2081,CallExpression,nan,2,-1,-1,16,4,21,6,packages\webpack-node-externals\test\webpack.spec.js,1,1403
2082,CallExpression,nan,1,-1,-1,23,4,25,6,packages\webpack-node-externals\test\webpack.spec.js,1,1404
2083,FunctionExpression,nan,-1,0,1,7,11,9,5,packages\webpack-node-externals\test\webpack.spec.js,1,1405
2084,Identifier,before,-1,-1,-1,7,4,7,10,packages\webpack-node-externals\test\webpack.spec.js,1,1406
2086,FunctionExpression,nan,-1,0,0,11,28,14,5,packages\webpack-node-externals\test\webpack.spec.js,1,1407
2087,Identifier,describe,-1,-1,-1,11,4,11,12,packages\webpack-node-externals\test\webpack.spec.js,1,1408
2089,FunctionExpression,nan,-1,0,0,16,60,21,5,packages\webpack-node-externals\test\webpack.spec.js,1,1409
2090,Identifier,describe,-1,-1,-1,16,4,16,12,packages\webpack-node-externals\test\webpack.spec.js,1,1410
2091,FunctionExpression,nan,-1,0,0,23,10,25,5,packages\webpack-node-externals\test\webpack.spec.js,1,1411
2092,Identifier,after,-1,-1,-1,23,4,23,9,packages\webpack-node-externals\test\webpack.spec.js,1,1412
2094,BlockStatement,nan,-1,-1,-1,7,22,9,5,packages\webpack-node-externals\test\webpack.spec.js,1,1413
2096,BlockStatement,nan,-1,-1,-1,11,39,14,5,packages\webpack-node-externals\test\webpack.spec.js,1,1414
2098,BlockStatement,nan,-1,-1,-1,16,71,21,5,packages\webpack-node-externals\test\webpack.spec.js,1,1415
2100,BlockStatement,nan,-1,-1,-1,23,21,25,5,packages\webpack-node-externals\test\webpack.spec.js,1,1416
2101,ReturnStatement,nan,1,-1,-1,8,8,8,63,packages\webpack-node-externals\test\webpack.spec.js,1,1417
2107,CallExpression,nan,1,-1,-1,8,15,8,62,packages\webpack-node-externals\test\webpack.spec.js,1,1418
2108,CallExpression,nan,2,-1,-1,12,8,12,114,packages\webpack-node-externals\test\webpack.spec.js,1,1419
2109,CallExpression,nan,2,-1,-1,13,8,13,125,packages\webpack-node-externals\test\webpack.spec.js,1,1420
2110,CallExpression,nan,1,-1,-1,17,8,19,10,packages\webpack-node-externals\test\webpack.spec.js,1,1421
2111,CallExpression,nan,2,-1,-1,20,8,20,130,packages\webpack-node-externals\test\webpack.spec.js,1,1422
2112,CallExpression,nan,1,-1,-1,24,8,24,69,packages\webpack-node-externals\test\webpack.spec.js,1,1423
2113,ArrayExpression,nan,-1,-1,-1,8,37,8,61,packages\webpack-node-externals\test\webpack.spec.js,1,1424
2114,MemberExpression,nan,-1,-1,-1,8,15,8,36,packages\webpack-node-externals\test\webpack.spec.js,1,1425
2116,CallExpression,nan,3,-1,-1,12,53,12,113,packages\webpack-node-externals\test\webpack.spec.js,1,1426
2117,Identifier,it,-1,-1,-1,12,8,12,10,packages\webpack-node-externals\test\webpack.spec.js,1,1427
2119,CallExpression,nan,3,-1,-1,13,39,13,124,packages\webpack-node-externals\test\webpack.spec.js,1,1428
2120,Identifier,it,-1,-1,-1,13,8,13,10,packages\webpack-node-externals\test\webpack.spec.js,1,1429
2121,FunctionExpression,nan,-1,0,1,17,15,19,9,packages\webpack-node-externals\test\webpack.spec.js,1,1430
2122,Identifier,before,-1,-1,-1,17,8,17,14,packages\webpack-node-externals\test\webpack.spec.js,1,1431
2124,CallExpression,nan,3,-1,-1,20,44,20,129,packages\webpack-node-externals\test\webpack.spec.js,1,1432
2125,Identifier,it,-1,-1,-1,20,8,20,10,packages\webpack-node-externals\test\webpack.spec.js,1,1433
2126,ArrayExpression,nan,-1,-1,-1,24,32,24,68,packages\webpack-node-externals\test\webpack.spec.js,1,1434
2127,MemberExpression,nan,-1,-1,-1,24,8,24,31,packages\webpack-node-externals\test\webpack.spec.js,1,1435
2128,ObjectExpression,nan,-1,-1,-1,12,70,12,72,packages\webpack-node-externals\test\webpack.spec.js,1,1436
2129,ArrayExpression,nan,-1,-1,-1,12,74,12,98,packages\webpack-node-externals\test\webpack.spec.js,1,1437
2130,ArrayExpression,nan,-1,-1,-1,12,100,12,112,packages\webpack-node-externals\test\webpack.spec.js,1,1438
2131,Identifier,webpackAssertion,-1,-1,-1,12,53,12,69,packages\webpack-node-externals\test\webpack.spec.js,1,1439
2132,ObjectExpression,nan,-1,-1,-1,13,56,13,83,packages\webpack-node-externals\test\webpack.spec.js,1,1440
2133,ArrayExpression,nan,-1,-1,-1,13,85,13,97,packages\webpack-node-externals\test\webpack.spec.js,1,1441
2134,ArrayExpression,nan,-1,-1,-1,13,99,13,123,packages\webpack-node-externals\test\webpack.spec.js,1,1442
2135,Identifier,webpackAssertion,-1,-1,-1,13,39,13,55,packages\webpack-node-externals\test\webpack.spec.js,1,1443
2137,BlockStatement,nan,-1,-1,-1,17,26,19,9,packages\webpack-node-externals\test\webpack.spec.js,1,1444
2138,ObjectExpression,nan,-1,-1,-1,20,61,20,88,packages\webpack-node-externals\test\webpack.spec.js,1,1445
2139,ArrayExpression,nan,-1,-1,-1,20,90,20,114,packages\webpack-node-externals\test\webpack.spec.js,1,1446
2140,ArrayExpression,nan,-1,-1,-1,20,116,20,128,packages\webpack-node-externals\test\webpack.spec.js,1,1447
2141,Identifier,webpackAssertion,-1,-1,-1,20,44,20,60,packages\webpack-node-externals\test\webpack.spec.js,1,1448
2142,ReturnStatement,nan,1,-1,-1,18,12,18,55,packages\webpack-node-externals\test\webpack.spec.js,1,1449
2143,CallExpression,nan,1,-1,-1,18,19,18,54,packages\webpack-node-externals\test\webpack.spec.js,1,1450
2144,ArrayExpression,nan,-1,-1,-1,18,41,18,53,packages\webpack-node-externals\test\webpack.spec.js,1,1451
2145,MemberExpression,nan,-1,-1,-1,18,19,18,40,packages\webpack-node-externals\test\webpack.spec.js,1,1452
2146,Program,nan,-1,-1,-1,1,0,9,2,packages\webpack-node-externals\test\test-webpack\index.js,1,1453
2147,VariableDeclaration,nan,-1,-1,-1,1,0,1,30,packages\webpack-node-externals\test\test-webpack\index.js,1,1454
2148,VariableDeclaration,nan,-1,-1,-1,2,0,2,30,packages\webpack-node-externals\test\test-webpack\index.js,1,1455
2149,VariableDeclaration,nan,-1,-1,-1,3,0,3,30,packages\webpack-node-externals\test\test-webpack\index.js,1,1456
2151,AssignmentExpression,nan,-1,-1,-1,5,0,9,1,packages\webpack-node-externals\test\test-webpack\index.js,1,1457
2152,MemberExpression,nan,-1,-1,-1,5,0,5,14,packages\webpack-node-externals\test\test-webpack\index.js,1,1458
2153,ObjectExpression,nan,-1,-1,-1,5,17,9,1,packages\webpack-node-externals\test\test-webpack\index.js,1,1459
2154,Program,nan,-1,-1,-1,1,0,5,19,packages\webpack-node-externals\test\test-webpack\modules\module-a\index.js,1,1460
2155,FunctionDeclaration,nan,-1,0,0,1,0,3,1,packages\webpack-node-externals\test\test-webpack\modules\module-a\index.js,1,1461
2157,Identifier,a,-1,-1,-1,1,9,1,10,packages\webpack-node-externals\test\test-webpack\modules\module-a\index.js,1,1462
2159,BlockStatement,nan,-1,-1,-1,1,13,3,1,packages\webpack-node-externals\test\test-webpack\modules\module-a\index.js,1,1463
2160,AssignmentExpression,nan,-1,-1,-1,5,0,5,18,packages\webpack-node-externals\test\test-webpack\modules\module-a\index.js,1,1464
2162,MemberExpression,nan,-1,-1,-1,5,0,5,14,packages\webpack-node-externals\test\test-webpack\modules\module-a\index.js,1,1465
2163,Identifier,a,-1,-1,-1,5,17,5,18,packages\webpack-node-externals\test\test-webpack\modules\module-a\index.js,1,1466
2164,CallExpression,nan,1,-1,-1,2,4,2,35,packages\webpack-node-externals\test\test-webpack\modules\module-a\index.js,1,1467
2166,MemberExpression,nan,-1,-1,-1,2,4,2,15,packages\webpack-node-externals\test\test-webpack\modules\module-a\index.js,1,1468
2167,Program,nan,-1,-1,-1,1,0,5,19,packages\webpack-node-externals\test\test-webpack\modules\module-b\index.js,1,1469
2168,FunctionDeclaration,nan,-1,0,0,1,0,3,1,packages\webpack-node-externals\test\test-webpack\modules\module-b\index.js,1,1470
2170,Identifier,b,-1,-1,-1,1,9,1,10,packages\webpack-node-externals\test\test-webpack\modules\module-b\index.js,1,1471
2172,BlockStatement,nan,-1,-1,-1,1,13,3,1,packages\webpack-node-externals\test\test-webpack\modules\module-b\index.js,1,1472
2173,AssignmentExpression,nan,-1,-1,-1,5,0,5,18,packages\webpack-node-externals\test\test-webpack\modules\module-b\index.js,1,1473
2175,MemberExpression,nan,-1,-1,-1,5,0,5,14,packages\webpack-node-externals\test\test-webpack\modules\module-b\index.js,1,1474
2176,Identifier,b,-1,-1,-1,5,17,5,18,packages\webpack-node-externals\test\test-webpack\modules\module-b\index.js,1,1475
2177,CallExpression,nan,1,-1,-1,2,4,2,35,packages\webpack-node-externals\test\test-webpack\modules\module-b\index.js,1,1476
2179,MemberExpression,nan,-1,-1,-1,2,4,2,15,packages\webpack-node-externals\test\test-webpack\modules\module-b\index.js,1,1477
2180,Program,nan,-1,-1,-1,1,0,5,19,packages\webpack-node-externals\test\test-webpack\modules\module-c\index.js,1,1478
2181,FunctionDeclaration,nan,-1,0,0,1,0,3,1,packages\webpack-node-externals\test\test-webpack\modules\module-c\index.js,1,1479
2183,Identifier,c,-1,-1,-1,1,9,1,10,packages\webpack-node-externals\test\test-webpack\modules\module-c\index.js,1,1480
2185,BlockStatement,nan,-1,-1,-1,1,13,3,1,packages\webpack-node-externals\test\test-webpack\modules\module-c\index.js,1,1481
2186,AssignmentExpression,nan,-1,-1,-1,5,0,5,18,packages\webpack-node-externals\test\test-webpack\modules\module-c\index.js,1,1482
2188,MemberExpression,nan,-1,-1,-1,5,0,5,14,packages\webpack-node-externals\test\test-webpack\modules\module-c\index.js,1,1483
2189,Identifier,c,-1,-1,-1,5,17,5,18,packages\webpack-node-externals\test\test-webpack\modules\module-c\index.js,1,1484
2190,CallExpression,nan,1,-1,-1,2,4,2,35,packages\webpack-node-externals\test\test-webpack\modules\module-c\index.js,1,1485
2192,MemberExpression,nan,-1,-1,-1,2,4,2,15,packages\webpack-node-externals\test\test-webpack\modules\module-c\index.js,1,1486
